idx,captain,captain_pos,flex,salary,salary_band,split,qb_double_stack,mean,p90,p95,p99,first_place_proxy,n_worlds_optimal,structural_duplication_index,source
1720,Chris Olave,WR,Bijan Robinson / Daniel Carlson / Juwan Johnson / Treyton Welch / Tyler Shough,50000,50000,1-5,1,113.16,147.52,159.66,183.44,0.2085,6,4,EXACT_OR_NEAR_OPTIMAL
1692,Chris Olave,WR,Bijan Robinson / Cal Adomitis / Daniel Carlson / Juwan Johnson / Tyler Shough,50000,50000,1-5,1,111.87,146.54,157.86,182.44,0.1765,4,4,EXACT_OR_NEAR_OPTIMAL
1756,Chris Olave,WR,Bijan Robinson / Juwan Johnson / Saints / Treyton Welch / Tyler Shough,49400,49000-49400,1-5,1,111.29,145.58,155.85,184.19,0.1735,8,3,EXACT_OR_NEAR_OPTIMAL
1719,Chris Olave,WR,Bijan Robinson / Daniel Carlson / Juwan Johnson / Nick Muse / Tyler Shough,50000,50000,2-4,1,111.56,146.01,157.43,182.44,0.1685,1,3,EXACT_OR_NEAR_OPTIMAL
5052,Tyler Shough,QB,Alvin Kamara / Chris Olave / Drake London / Juwan Johnson / Treyton Welch,49800,49500-49900,1-5,1,110.85,147.31,158.79,182.11,0.159,10,3,EXACT_OR_NEAR_OPTIMAL
5173,Tyler Shough,QB,Bijan Robinson / Chris Olave / Juwan Johnson / Nick Folk / Treyton Welch,50000,50000,2-4,1,111.09,146.55,156.95,179.49,0.159,8,3,EXACT_OR_NEAR_OPTIMAL
1682,Chris Olave,WR,Bijan Robinson / Bryce Lance / Drake London / Treyton Welch / Tyler Shough,49600,49500-49900,2-4,1,111.65,146.69,158.62,179.13,0.1575,6,2,EXACT_OR_NEAR_OPTIMAL
698,Bijan Robinson,RB,Chris Olave / Juwan Johnson / Saints / Treyton Welch / Tyler Shough,49900,49500-49900,1-5,1,111.49,144.15,153.56,174.12,0.155,5,4,EXACT_OR_NEAR_OPTIMAL
1753,Chris Olave,WR,Bijan Robinson / Juwan Johnson / Kevin Austin Jr. / Saints / Tyler Shough,50000,50000,1-5,1,110.43,144.46,154.81,183.3,0.155,3,4,EXACT_OR_NEAR_OPTIMAL
1505,Chris Olave,WR,Alvin Kamara / Bijan Robinson / Daniel Carlson / Treyton Welch / Tyler Shough,49600,49500-49900,1-5,1,110.81,143.17,154.35,175.8,0.1535,6,2,EXACT_OR_NEAR_OPTIMAL
1746,Chris Olave,WR,Bijan Robinson / Falcons / Juwan Johnson / Treyton Welch / Tyler Shough,48800,48000-48900,2-4,1,110.35,144.15,155.52,183.46,0.152,4,2,EXACT_OR_NEAR_OPTIMAL
5167,Tyler Shough,QB,Bijan Robinson / Chris Olave / Daniel Carlson / Juwan Johnson / Treyton Welch,49400,49000-49400,1-5,1,111.44,145.7,156.78,179.67,0.152,2,3,EXACT_OR_NEAR_OPTIMAL
2455,Drake London,WR,Alvin Kamara / Chris Olave / Juwan Johnson / Treyton Welch / Tyler Shough,50000,50000,1-5,1,109.83,145.24,158.01,178.66,0.1495,4,4,EXACT_OR_NEAR_OPTIMAL
1685,Chris Olave,WR,Bijan Robinson / Bryce Lance / Jahan Dotson / Juwan Johnson / Tyler Shough,49800,49500-49900,2-4,1,110.08,146.08,157.62,185.0,0.146,4,2,EXACT_OR_NEAR_OPTIMAL
692,Bijan Robinson,RB,Chris Olave / Falcons / Juwan Johnson / Treyton Welch / Tyler Shough,49300,49000-49400,2-4,1,110.55,143.29,154.1,175.3,0.1435,4,3,EXACT_OR_NEAR_OPTIMAL
1613,Chris Olave,WR,Austin Hooper / Bijan Robinson / Bryce Lance / Juwan Johnson / Tyler Shough,49600,49500-49900,2-4,1,109.57,145.78,157.38,184.44,0.1405,3,2,EXACT_OR_NEAR_OPTIMAL
1699,Chris Olave,WR,Bijan Robinson / Cal Adomitis / Juwan Johnson / Saints / Tyler Shough,49400,49000-49400,1-5,1,110.0,144.01,154.59,182.41,0.1395,1,3,EXACT_OR_NEAR_OPTIMAL
5035,Tyler Shough,QB,Alvin Kamara / Cal Adomitis / Chris Olave / Drake London / Juwan Johnson,49800,49500-49900,1-5,1,109.57,145.76,157.52,180.47,0.1365,4,3,EXACT_OR_NEAR_OPTIMAL
1674,Chris Olave,WR,Bijan Robinson / Bryce Lance / Cal Adomitis / Drake London / Tyler Shough,49600,49500-49900,2-4,1,110.37,145.35,157.42,177.47,0.134,2,2,EXACT_OR_NEAR_OPTIMAL
5158,Tyler Shough,QB,Bijan Robinson / Cal Adomitis / Chris Olave / Juwan Johnson / Nick Folk,50000,50000,2-4,1,109.8,145.27,155.0,179.01,0.134,1,3,EXACT_OR_NEAR_OPTIMAL
1750,Chris Olave,WR,Bijan Robinson / Jahan Dotson / Juwan Johnson / Olamide Zaccheaus / Tyler Shough,50000,50000,3-3,1,109.77,144.89,156.79,182.49,0.1325,2,3,EXACT_OR_NEAR_OPTIMAL
5166,Tyler Shough,QB,Bijan Robinson / Chris Olave / Daniel Carlson / Juwan Johnson / Kevin Austin Jr.,50000,50000,1-5,1,110.58,144.44,155.47,177.46,0.132,3,4,EXACT_OR_NEAR_OPTIMAL
604,Bijan Robinson,RB,Brian Robinson Jr. / Chris Olave / Juwan Johnson / Treyton Welch / Tyler Shough,49500,49500-49900,2-4,1,109.84,144.26,154.1,174.55,0.1315,1,3,EXACT_OR_NEAR_OPTIMAL
1740,Chris Olave,WR,Bijan Robinson / Drake London / Olamide Zaccheaus / Treyton Welch / Tyler Shough,49800,49500-49900,3-3,1,111.34,146.4,157.41,182.03,0.1315,2,2,EXACT_OR_NEAR_OPTIMAL
1518,Chris Olave,WR,Alvin Kamara / Bijan Robinson / Saints / Treyton Welch / Tyler Shough,49000,49000-49400,1-5,1,108.93,139.82,150.61,175.51,0.1305,2,2,EXACT_OR_NEAR_OPTIMAL
690,Bijan Robinson,RB,Chris Olave / Falcons / Juwan Johnson / Kevin Austin Jr. / Tyler Shough,49900,49500-49900,2-4,1,109.7,142.8,154.1,174.79,0.129,1,3,EXACT_OR_NEAR_OPTIMAL
5051,Tyler Shough,QB,Alvin Kamara / Chris Olave / Drake London / Juwan Johnson / Nick Muse,49800,49500-49900,2-4,1,109.25,145.33,157.12,179.9,0.129,0,2,EXACT_OR_NEAR_OPTIMAL
1744,Chris Olave,WR,Bijan Robinson / Falcons / Juwan Johnson / Kevin Austin Jr. / Tyler Shough,49400,49000-49400,2-4,1,109.5,143.53,154.17,182.01,0.128,3,2,EXACT_OR_NEAR_OPTIMAL
1622,Chris Olave,WR,Austin Hooper / Bijan Robinson / Juwan Johnson / Olamide Zaccheaus / Tyler Shough,49800,49500-49900,3-3,1,109.26,144.96,156.37,183.35,0.1275,1,2,EXACT_OR_NEAR_OPTIMAL
2436,Drake London,WR,Alvin Kamara / Cal Adomitis / Chris Olave / Juwan Johnson / Tyler Shough,50000,50000,1-5,1,108.55,143.46,156.78,176.71,0.127,2,4,EXACT_OR_NEAR_OPTIMAL
3294,Juwan Johnson,TE,Bijan Robinson / Bryce Lance / Chris Olave / Daniel Carlson / Tyler Shough,49900,49500-49900,1-5,1,109.43,143.7,154.36,179.33,0.127,5,3,EXACT_OR_NEAR_OPTIMAL
647,Bijan Robinson,RB,Cal Adomitis / Chris Olave / Juwan Johnson / Saints / Tyler Shough,49900,49500-49900,1-5,1,110.2,143.04,151.88,173.12,0.1245,2,4,EXACT_OR_NEAR_OPTIMAL
1496,Chris Olave,WR,Alvin Kamara / Bijan Robinson / Cal Adomitis / Daniel Carlson / Tyler Shough,49600,49500-49900,1-5,1,109.52,141.28,152.45,174.77,0.1245,3,2,EXACT_OR_NEAR_OPTIMAL
1691,Chris Olave,WR,Bijan Robinson / CJ Donaldson / Falcons / Juwan Johnson / Tyler Shough,50000,50000,2-4,1,109.21,142.96,153.79,181.7,0.1245,1,3,EXACT_OR_NEAR_OPTIMAL
5160,Tyler Shough,QB,Bijan Robinson / Charlie Woerner / Chris Olave / Daniel Carlson / Juwan Johnson,49800,49500-49900,2-4,1,110.17,144.23,154.5,178.04,0.1245,1,2,EXACT_OR_NEAR_OPTIMAL
1490,Chris Olave,WR,Alvin Kamara / Bijan Robinson / Bryce Lance / Falcons / Tyler Shough,50000,50000,2-4,1,109.1,140.8,151.04,180.01,0.124,3,2,EXACT_OR_NEAR_OPTIMAL
1498,Chris Olave,WR,Alvin Kamara / Bijan Robinson / Charlie Woerner / Daniel Carlson / Tyler Shough,50000,50000,2-4,1,109.54,141.03,151.84,174.94,0.1235,2,2,EXACT_OR_NEAR_OPTIMAL
655,Bijan Robinson,RB,Charlie Woerner / Chris Olave / Falcons / Juwan Johnson / Tyler Shough,49700,49500-49900,3-3,1,109.28,141.95,152.65,173.33,0.123,1,3,EXACT_OR_NEAR_OPTIMAL
1515,Chris Olave,WR,Alvin Kamara / Bijan Robinson / Kevin Austin Jr. / Saints / Tyler Shough,49600,49500-49900,1-5,1,108.08,139.34,150.43,172.58,0.1205,2,2,EXACT_OR_NEAR_OPTIMAL
1697,Chris Olave,WR,Bijan Robinson / Cal Adomitis / Falcons / Juwan Johnson / Tyler Shough,48800,48000-48900,2-4,1,109.07,142.97,153.83,181.56,0.1205,1,2,EXACT_OR_NEAR_OPTIMAL
5156,Tyler Shough,QB,Bijan Robinson / Cal Adomitis / Chris Olave / Daniel Carlson / Juwan Johnson,49400,49000-49400,1-5,1,110.15,144.02,154.84,177.46,0.12,0,3,FORCED_CAPTAIN
5130,Tyler Shough,QB,Bijan Robinson / Brian Robinson Jr. / Bryce Lance / Chris Olave / Juwan Johnson,50000,50000,2-4,1,109.02,144.69,155.05,180.71,0.119,4,3,EXACT_OR_NEAR_OPTIMAL
1651,Chris Olave,WR,Barion Brown / Bijan Robinson / Falcons / Juwan Johnson / Tyler Shough,49800,49500-49900,2-4,1,108.99,142.34,153.83,181.56,0.118,2,2,EXACT_OR_NEAR_OPTIMAL
5143,Tyler Shough,QB,Bijan Robinson / Bryce Lance / Chris Olave / Falcons / Juwan Johnson,49800,49500-49900,2-4,1,109.73,144.38,154.55,180.94,0.1175,1,2,EXACT_OR_NEAR_OPTIMAL
1799,Chris Olave,WR,Bryce Lance / Daniel Carlson / Drake London / Juwan Johnson / Tyler Shough,49800,49500-49900,1-5,1,108.38,144.58,156.78,181.25,0.117,3,3,EXACT_OR_NEAR_OPTIMAL
1671,Chris Olave,WR,Bijan Robinson / Brian Robinson Jr. / Juwan Johnson / Kevin Austin Jr. / Tyler Shough,49600,49500-49900,2-4,1,108.79,144.64,155.79,180.54,0.1165,3,2,EXACT_OR_NEAR_OPTIMAL
5174,Tyler Shough,QB,Bijan Robinson / Chris Olave / Juwan Johnson / Saints / Treyton Welch,48800,48000-48900,1-5,1,109.56,142.9,153.29,177.93,0.115,3,3,EXACT_OR_NEAR_OPTIMAL
4791,Treyton Welch,TE,Bijan Robinson / Chris Olave / Drake London / Juwan Johnson / Tyler Shough,49900,49500-49900,2-4,1,112.94,146.32,156.1,179.27,0.1145,3,3,EXACT_OR_NEAR_OPTIMAL
4994,Tyler Shough,QB,Alvin Kamara / Bijan Robinson / Chris Olave / Nick Folk / Treyton Welch,49600,49500-49900,2-4,1,108.73,140.29,150.82,176.92,0.1125,2,1,EXACT_OR_NEAR_OPTIMAL
1752,Chris Olave,WR,Bijan Robinson / Jahan Dotson / Michael Penix Jr. / Treyton Welch / Tyler Shough,49800,49500-49900,3-3,1,108.51,143.51,155.44,180.12,0.111,9,2,EXACT_OR_NEAR_OPTIMAL
1654,Chris Olave,WR,Bijan Robinson / Brian Robinson Jr. / Cal Adomitis / Juwan Johnson / Tyler Shough,49000,49000-49400,2-4,1,108.36,144.0,155.51,180.68,0.1105,1,2,EXACT_OR_NEAR_OPTIMAL
1686,Chris Olave,WR,Bijan Robinson / Bryce Lance / Juwan Johnson / Olamide Zaccheaus / Tyler Shough,48800,48000-48900,2-4,1,108.27,143.5,155.9,182.45,0.1105,2,2,EXACT_OR_NEAR_OPTIMAL
1481,Chris Olave,WR,Alvin Kamara / Barion Brown / Bijan Robinson / Saints / Tyler Shough,50000,50000,1-5,1,107.57,138.89,149.11,172.12,0.11,1,3,EXACT_OR_NEAR_OPTIMAL
1497,Chris Olave,WR,Alvin Kamara / Bijan Robinson / Cal Adomitis / Saints / Tyler Shough,49000,49000-49400,1-5,1,107.65,138.7,149.18,172.72,0.109,1,2,EXACT_OR_NEAR_OPTIMAL
1500,Chris Olave,WR,Alvin Kamara / Bijan Robinson / Daniel Carlson / Drake London / Treyton Welch,50000,50000,2-4,0,108.77,139.97,148.59,167.61,0.109,5,1,EXACT_OR_NEAR_OPTIMAL
514,Bijan Robinson,RB,Alvin Kamara / Chris Olave / Saints / Treyton Welch / Tyler Shough,49500,49500-49900,1-5,1,109.13,137.65,148.36,170.04,0.108,1,3,EXACT_OR_NEAR_OPTIMAL
1491,Chris Olave,WR,Alvin Kamara / Bijan Robinson / Bryce Lance / Jahan Dotson / Tyler Shough,49400,49000-49400,2-4,1,107.73,140.94,152.45,177.12,0.108,3,1,EXACT_OR_NEAR_OPTIMAL
1602,Chris Olave,WR,Alvin Kamara / Juwan Johnson / Nick Folk / Saints / Tyler Shough,49800,49500-49900,1-5,1,105.32,138.28,149.04,177.99,0.108,4,2,EXACT_OR_NEAR_OPTIMAL
1857,Chris Olave,WR,Daniel Carlson / Drake London / Michael Penix Jr. / Treyton Welch / Tyler Shough,49800,49500-49900,2-4,1,106.81,142.81,153.72,180.17,0.107,4,2,EXACT_OR_NEAR_OPTIMAL
2600,Drake London,WR,Bijan Robinson / Chris Olave / Daniel Carlson / Juwan Johnson / Treyton Welch,50000,50000,2-4,0,108.38,140.36,152.7,171.16,0.107,4,2,EXACT_OR_NEAR_OPTIMAL
3319,Juwan Johnson,TE,Bijan Robinson / Chris Olave / Nick Folk / Treyton Welch / Tyler Shough,48900,48000-48900,2-4,1,107.98,141.87,153.65,176.82,0.1065,4,2,EXACT_OR_NEAR_OPTIMAL
696,Bijan Robinson,RB,Chris Olave / Jahan Dotson / Juwan Johnson / Treyton Welch / Tyler Shough,48700,48000-48900,2-4,1,109.18,143.84,153.9,174.93,0.106,1,3,EXACT_OR_NEAR_OPTIMAL
3310,Juwan Johnson,TE,Bijan Robinson / Chris Olave / Daniel Carlson / Treyton Welch / Tyler Shough,48300,48000-48900,1-5,1,108.33,141.07,153.15,176.04,0.106,0,3,FORCED_CAPTAIN
4983,Tyler Shough,QB,Alvin Kamara / Bijan Robinson / Bryce Lance / Chris Olave / Saints,50000,50000,1-5,1,108.31,139.04,149.68,176.69,0.106,3,3,EXACT_OR_NEAR_OPTIMAL
3178,Juwan Johnson,TE,Alvin Kamara / Bijan Robinson / Drake London / Treyton Welch / Tyler Shough,49700,49500-49900,2-4,1,108.14,140.57,151.49,170.3,0.1055,3,2,EXACT_OR_NEAR_OPTIMAL
1812,Chris Olave,WR,Bryce Lance / Drake London / Juwan Johnson / Saints / Tyler Shough,49200,49000-49400,1-5,1,106.51,142.04,154.36,178.41,0.1045,3,3,EXACT_OR_NEAR_OPTIMAL
5106,Tyler Shough,QB,Austin Hooper / Bijan Robinson / Chris Olave / Drake London / Treyton Welch,50000,50000,3-3,1,110.92,145.27,155.37,177.78,0.1045,3,3,EXACT_OR_NEAR_OPTIMAL
682,Bijan Robinson,RB,Chris Olave / Drake London / Falcons / Juwan Johnson / Treyton Welch,49700,49500-49900,3-3,0,108.51,138.53,151.41,168.08,0.1035,5,2,EXACT_OR_NEAR_OPTIMAL
590,Bijan Robinson,RB,Brian Robinson Jr. / Cal Adomitis / Chris Olave / Juwan Johnson / Tyler Shough,49500,49500-49900,2-4,1,108.55,143.36,152.31,174.73,0.103,1,3,EXACT_OR_NEAR_OPTIMAL
624,Bijan Robinson,RB,Bryce Lance / Chris Olave / Juwan Johnson / Olamide Zaccheaus / Tyler Shough,49300,49000-49400,2-4,1,108.46,142.77,153.47,175.73,0.103,0,3,FORCED_CAPTAIN
5144,Tyler Shough,QB,Bijan Robinson / Bryce Lance / Chris Olave / Jahan Dotson / Juwan Johnson,49200,49000-49400,2-4,1,108.36,144.18,154.97,182.11,0.103,1,2,EXACT_OR_NEAR_OPTIMAL
1677,Chris Olave,WR,Bijan Robinson / Bryce Lance / Daniel Carlson / Nick Folk / Tyler Shough,49600,49500-49900,2-4,1,106.26,139.22,149.08,172.43,0.1025,2,1,EXACT_OR_NEAR_OPTIMAL
1851,Chris Olave,WR,Daniel Carlson / Drake London / Juwan Johnson / Olamide Zaccheaus / Tyler Shough,50000,50000,2-4,1,108.07,143.31,156.77,180.07,0.1025,4,3,EXACT_OR_NEAR_OPTIMAL
2583,Drake London,WR,Bijan Robinson / Bryce Lance / Chris Olave / Treyton Welch / Tyler Shough,49200,49000-49400,2-4,1,108.91,143.23,153.38,174.79,0.1025,2,2,EXACT_OR_NEAR_OPTIMAL
3210,Juwan Johnson,TE,Alvin Kamara / Chris Olave / Drake London / Treyton Welch / Tyler Shough,48700,48000-48900,1-5,1,107.75,143.04,154.74,177.48,0.1015,2,3,EXACT_OR_NEAR_OPTIMAL
592,Bijan Robinson,RB,Brian Robinson Jr. / Charlie Woerner / Chris Olave / Juwan Johnson / Tyler Shough,49900,49500-49900,3-3,1,108.57,143.36,152.32,174.18,0.1,1,3,EXACT_OR_NEAR_OPTIMAL
1513,Chris Olave,WR,Alvin Kamara / Bijan Robinson / Falcons / Treyton Welch / Tyler Shough,48400,48000-48900,2-4,1,108.0,139.07,149.69,175.54,0.1,2,1,EXACT_OR_NEAR_OPTIMAL
577,Bijan Robinson,RB,Austin Hooper / Chris Olave / Juwan Johnson / Treyton Welch / Tyler Shough,48500,48000-48900,2-4,1,108.67,143.38,153.52,176.7,0.0995,2,3,EXACT_OR_NEAR_OPTIMAL
709,Bijan Robinson,RB,Daniel Carlson / Drake London / Juwan Johnson / Treyton Welch / Tyler Shough,49700,49500-49900,2-4,1,107.87,140.03,149.84,169.64,0.0995,5,3,EXACT_OR_NEAR_OPTIMAL
1601,Chris Olave,WR,Alvin Kamara / Juwan Johnson / Michael Penix Jr. / Treyton Welch / Tyler Shough,49400,49000-49400,1-5,1,107.93,143.98,155.09,184.29,0.0995,3,3,EXACT_OR_NEAR_OPTIMAL
1910,Chris Olave,WR,Drake London / Juwan Johnson / Nick Folk / Treyton Welch / Tyler Shough,48800,48000-48900,2-4,1,106.93,143.25,154.98,180.8,0.099,1,2,EXACT_OR_NEAR_OPTIMAL
1690,Chris Olave,WR,Bijan Robinson / CJ Donaldson / Drake London / Treyton Welch / Tyler Shough,49200,49000-49400,2-4,1,109.41,143.75,154.69,178.09,0.0985,1,2,EXACT_OR_NEAR_OPTIMAL
3314,Juwan Johnson,TE,Bijan Robinson / Chris Olave / Falcons / Jahan Dotson / Tyler Shough,49900,49500-49900,3-3,1,108.13,141.37,152.3,173.84,0.0985,3,2,EXACT_OR_NEAR_OPTIMAL
5104,Tyler Shough,QB,Austin Hooper / Bijan Robinson / Bryce Lance / Chris Olave / Juwan Johnson,49000,49000-49400,2-4,1,107.85,143.79,154.29,179.92,0.098,1,2,EXACT_OR_NEAR_OPTIMAL
1736,Chris Olave,WR,Bijan Robinson / Drake London / Falcons / Juwan Johnson / Treyton Welch,49200,49000-49400,3-3,0,108.32,139.76,150.47,172.25,0.0975,2,1,EXACT_OR_NEAR_OPTIMAL
1687,Chris Olave,WR,Bijan Robinson / Bryce Lance / Juwan Johnson / Treyton Welch / Tyler Shough,47000,<48000,1-5,1,107.48,142.81,154.55,180.21,0.097,1,3,EXACT_OR_NEAR_OPTIMAL
476,Bijan Robinson,RB,Alvin Kamara / Bryce Lance / Chris Olave / Jahan Dotson / Tyler Shough,49900,49500-49900,2-4,1,107.93,139.79,150.78,173.21,0.096,3,2,EXACT_OR_NEAR_OPTIMAL
3295,Juwan Johnson,TE,Bijan Robinson / Bryce Lance / Chris Olave / Saints / Tyler Shough,49300,49000-49400,1-5,1,107.56,141.54,151.68,178.4,0.096,2,3,EXACT_OR_NEAR_OPTIMAL
5128,Tyler Shough,QB,Barion Brown / Bijan Robinson / Chris Olave / Juwan Johnson / Saints,49800,49500-49900,1-5,1,108.2,142.26,151.55,176.31,0.096,1,3,EXACT_OR_NEAR_OPTIMAL
1488,Chris Olave,WR,Alvin Kamara / Bijan Robinson / Brian Robinson Jr. / Treyton Welch / Tyler Shough,48600,48000-48900,2-4,1,107.29,140.01,150.87,174.54,0.0955,1,1,EXACT_OR_NEAR_OPTIMAL
1535,Chris Olave,WR,Alvin Kamara / Bryce Lance / Daniel Carlson / Drake London / Tyler Shough,49400,49000-49400,1-5,1,106.03,139.63,149.51,174.06,0.0955,0,2,EXACT_OR_NEAR_OPTIMAL
3320,Juwan Johnson,TE,Bijan Robinson / Chris Olave / Olamide Zaccheaus / Saints / Tyler Shough,49500,49500-49900,2-4,1,107.24,139.85,151.32,174.62,0.0955,0,2,FORCED_CAPTAIN
3208,Juwan Johnson,TE,Alvin Kamara / Chris Olave / Drake London / Kevin Austin Jr. / Tyler Shough,49300,49000-49400,1-5,1,106.89,142.7,153.95,178.98,0.095,1,3,EXACT_OR_NEAR_OPTIMAL
5155,Tyler Shough,QB,Bijan Robinson / CJ Donaldson / Chris Olave / Juwan Johnson / Saints,50000,50000,1-5,1,108.42,142.38,151.64,176.32,0.095,1,4,EXACT_OR_NEAR_OPTIMAL
5159,Tyler Shough,QB,Bijan Robinson / Cal Adomitis / Chris Olave / Juwan Johnson / Saints,48800,48000-48900,1-5,1,108.28,142.32,151.67,176.31,0.095,2,3,EXACT_OR_NEAR_OPTIMAL
687,Bijan Robinson,RB,Chris Olave / Drake London / Kevin Austin Jr. / Treyton Welch / Tyler Shough,49100,49000-49400,2-4,1,109.89,142.85,153.65,174.11,0.094,1,3,EXACT_OR_NEAR_OPTIMAL
1514,Chris Olave,WR,Alvin Kamara / Bijan Robinson / Jahan Dotson / Olamide Zaccheaus / Tyler Shough,49600,49500-49900,3-3,1,107.41,140.84,152.36,176.57,0.094,1,1,EXACT_OR_NEAR_OPTIMAL
1583,Chris Olave,WR,Alvin Kamara / Drake London / Jahan Dotson / Saints / Tyler Shough,50000,50000,2-4,1,105.66,138.87,149.57,171.84,0.094,1,2,EXACT_OR_NEAR_OPTIMAL
1733,Chris Olave,WR,Bijan Robinson / Devaughn Vele / Saints / Treyton Welch / Tyler Shough,49800,49500-49900,1-5,1,106.32,139.29,150.32,174.96,0.0935,5,2,EXACT_OR_NEAR_OPTIMAL
3261,Juwan Johnson,TE,Austin Hooper / Bijan Robinson / Chris Olave / Falcons / Tyler Shough,49700,49500-49900,3-3,1,107.62,139.88,153.72,174.9,0.0935,3,2,EXACT_OR_NEAR_OPTIMAL
3317,Juwan Johnson,TE,Bijan Robinson / Chris Olave / Kevin Austin Jr. / Nick Folk / Tyler Shough,49500,49500-49900,2-4,1,107.12,141.36,152.49,176.1,0.0935,1,2,EXACT_OR_NEAR_OPTIMAL
5163,Tyler Shough,QB,Bijan Robinson / Charlie Woerner / Chris Olave / Juwan Johnson / Saints,49200,49000-49400,2-4,1,108.29,142.13,151.82,176.31,0.0935,1,2,EXACT_OR_NEAR_OPTIMAL
1852,Chris Olave,WR,Daniel Carlson / Drake London / Juwan Johnson / Treyton Welch / Tyler Shough,48200,48000-48900,1-5,1,107.28,142.29,155.85,178.43,0.093,0,3,EXACT_OR_NEAR_OPTIMAL
2582,Drake London,WR,Bijan Robinson / Bryce Lance / Chris Olave / Kevin Austin Jr. / Tyler Shough,49800,49500-49900,2-4,1,108.05,142.29,152.52,174.04,0.0925,0,2,FORCED_CAPTAIN
3308,Juwan Johnson,TE,Bijan Robinson / Chris Olave / Daniel Carlson / Kevin Austin Jr. / Tyler Shough,48900,48000-48900,1-5,1,107.47,140.58,152.48,177.05,0.0925,1,3,EXACT_OR_NEAR_OPTIMAL
5142,Tyler Shough,QB,Bijan Robinson / Bryce Lance / Chris Olave / Drake London / Treyton Welch,49000,49000-49400,2-4,1,109.93,144.46,154.84,178.51,0.092,0,2,FORCED_CAPTAIN
635,Bijan Robinson,RB,CJ Donaldson / Chris Olave / Drake London / Treyton Welch / Tyler Shough,49700,49500-49900,2-4,1,109.6,142.78,153.52,175.44,0.0915,1,3,EXACT_OR_NEAR_OPTIMAL
1891,Chris Olave,WR,Drake London / Falcons / Jahan Dotson / Juwan Johnson / Tyler Shough,49800,49500-49900,3-3,1,107.08,141.2,153.32,178.13,0.0905,1,2,EXACT_OR_NEAR_OPTIMAL
3162,Juwan Johnson,TE,Alvin Kamara / Bijan Robinson / Cal Adomitis / Drake London / Tyler Shough,49700,49500-49900,2-4,1,106.85,139.65,149.16,170.25,0.0905,2,2,EXACT_OR_NEAR_OPTIMAL
5041,Tyler Shough,QB,Alvin Kamara / Chris Olave / Daniel Carlson / Juwan Johnson / Nick Folk,49800,49500-49900,1-5,1,105.46,139.0,149.05,174.0,0.0905,3,2,EXACT_OR_NEAR_OPTIMAL
574,Bijan Robinson,RB,Austin Hooper / Chris Olave / Juwan Johnson / Kevin Austin Jr. / Tyler Shough,49100,49000-49400,2-4,1,107.81,142.36,152.75,174.73,0.0895,1,3,EXACT_OR_NEAR_OPTIMAL
2607,Drake London,WR,Bijan Robinson / Chris Olave / Jahan Dotson / Michael Penix Jr. / Treyton Welch,49800,49500-49900,4-2,1,103.73,138.58,151.26,170.86,0.0895,3,2,EXACT_OR_NEAR_OPTIMAL
5220,Tyler Shough,QB,Bryce Lance / Chris Olave / Drake London / Juwan Johnson / Nick Folk,49800,49500-49900,2-4,1,106.31,142.79,155.35,176.95,0.0895,1,2,EXACT_OR_NEAR_OPTIMAL
3301,Juwan Johnson,TE,Bijan Robinson / Cal Adomitis / Chris Olave / Nick Folk / Tyler Shough,48900,48000-48900,2-4,1,106.69,140.07,152.4,176.59,0.089,1,2,EXACT_OR_NEAR_OPTIMAL
646,Bijan Robinson,RB,Cal Adomitis / Chris Olave / Jahan Dotson / Juwan Johnson / Tyler Shough,48700,48000-48900,2-4,1,107.89,142.28,153.08,173.66,0.0885,1,3,EXACT_OR_NEAR_OPTIMAL
1495,Chris Olave,WR,Alvin Kamara / Bijan Robinson / Cal Adomitis / Daniel Carlson / Drake London,50000,50000,2-4,0,107.48,139.08,147.55,165.68,0.0885,2,1,EXACT_OR_NEAR_OPTIMAL
1540,Chris Olave,WR,Alvin Kamara / Bryce Lance / Drake London / Nick Folk / Tyler Shough,50000,50000,2-4,1,105.68,140.06,151.11,176.33,0.0885,10,2,EXACT_OR_NEAR_OPTIMAL
1911,Chris Olave,WR,Drake London / Juwan Johnson / Saints / Treyton Welch / Tyler Shough,47600,<48000,1-5,1,105.41,140.52,152.04,177.37,0.0885,0,3,EXACT_OR_NEAR_OPTIMAL
2378,Drake London,WR,Alvin Kamara / Bijan Robinson / Chris Olave / Daniel Carlson / Treyton Welch,49600,49500-49900,2-4,0,106.02,135.84,146.62,166.01,0.0885,2,0,EXACT_OR_NEAR_OPTIMAL
2662,Drake London,WR,Bryce Lance / Chris Olave / Daniel Carlson / Juwan Johnson / Tyler Shough,49400,49000-49400,1-5,1,105.64,140.33,153.43,174.9,0.0885,1,3,EXACT_OR_NEAR_OPTIMAL
428,Bijan Robinson,RB,Alvin Kamara / Austin Hooper / Bryce Lance / Chris Olave / Tyler Shough,49700,49500-49900,2-4,1,107.42,139.93,150.18,171.59,0.088,3,2,EXACT_OR_NEAR_OPTIMAL
670,Bijan Robinson,RB,Chris Olave / Daniel Carlson / Falcons / Juwan Johnson / Nick Folk,49700,49500-49900,3-3,0,103.12,131.77,141.21,158.6,0.088,4,1,EXACT_OR_NEAR_OPTIMAL
1473,Chris Olave,WR,Alvin Kamara / Austin Hooper / Drake London / Saints / Tyler Shough,49800,49500-49900,2-4,1,105.15,138.3,149.14,172.72,0.088,3,1,EXACT_OR_NEAR_OPTIMAL
1599,Chris Olave,WR,Alvin Kamara / Juwan Johnson / Kevin Austin Jr. / Michael Penix Jr. / Tyler Shough,50000,50000,1-5,1,107.08,143.26,153.94,183.23,0.088,1,4,EXACT_OR_NEAR_OPTIMAL
1722,Chris Olave,WR,Bijan Robinson / Daniel Carlson / Nick Folk / Olamide Zaccheaus / Tyler Shough,49800,49500-49900,3-3,0,105.95,138.58,149.02,168.19,0.088,3,0,EXACT_OR_NEAR_OPTIMAL
3259,Juwan Johnson,TE,Austin Hooper / Bijan Robinson / Brian Robinson Jr. / Chris Olave / Tyler Shough,49900,49500-49900,3-3,1,106.9,141.67,152.65,177.79,0.088,3,2,EXACT_OR_NEAR_OPTIMAL
645,Bijan Robinson,RB,Cal Adomitis / Chris Olave / Drake London / Treyton Welch / Tyler Shough,48500,48000-48900,2-4,1,109.46,142.7,152.94,173.29,0.0875,1,3,EXACT_OR_NEAR_OPTIMAL
2705,Drake London,WR,Chris Olave / Daniel Carlson / Michael Penix Jr. / Treyton Welch / Tyler Shough,49400,49000-49400,2-4,1,104.07,139.94,152.34,175.38,0.0875,0,2,EXACT_OR_NEAR_OPTIMAL
4986,Tyler Shough,QB,Alvin Kamara / Bijan Robinson / Cal Adomitis / Chris Olave / Nick Folk,49600,49500-49900,2-4,1,107.45,138.98,149.06,173.96,0.0875,1,1,EXACT_OR_NEAR_OPTIMAL
464,Bijan Robinson,RB,Alvin Kamara / Brian Robinson Jr. / Chris Olave / Treyton Welch / Tyler Shough,49100,49000-49400,2-4,1,107.48,139.04,149.82,170.03,0.087,3,2,EXACT_OR_NEAR_OPTIMAL
1906,Chris Olave,WR,Drake London / Juwan Johnson / Kevin Austin Jr. / Nick Folk / Tyler Shough,49400,49000-49400,2-4,1,106.07,142.34,154.0,177.79,0.087,0,2,EXACT_OR_NEAR_OPTIMAL
3196,Juwan Johnson,TE,Alvin Kamara / CJ Donaldson / Chris Olave / Drake London / Tyler Shough,49900,49500-49900,1-5,1,106.6,142.13,154.0,176.25,0.087,0,3,FORCED_CAPTAIN
5008,Tyler Shough,QB,Alvin Kamara / Bijan Robinson / Juwan Johnson / Michael Penix Jr. / Treyton Welch,49800,49500-49900,2-4,1,106.6,139.51,150.31,170.07,0.087,3,2,EXACT_OR_NEAR_OPTIMAL
492,Bijan Robinson,RB,Alvin Kamara / Cal Adomitis / Chris Olave / Saints / Tyler Shough,49500,49500-49900,1-5,1,107.85,136.67,146.37,168.16,0.0865,2,3,EXACT_OR_NEAR_OPTIMAL
688,Bijan Robinson,RB,Chris Olave / Drake London / Michael Penix Jr. / Olamide Zaccheaus / Treyton Welch,49700,49500-49900,4-2,1,104.85,138.76,151.81,168.29,0.0865,4,3,EXACT_OR_NEAR_OPTIMAL
1486,Chris Olave,WR,Alvin Kamara / Bijan Robinson / Brian Robinson Jr. / Kevin Austin Jr. / Tyler Shough,49200,49000-49400,2-4,1,106.43,139.36,149.64,173.14,0.0865,1,1,EXACT_OR_NEAR_OPTIMAL
1573,Chris Olave,WR,Alvin Kamara / Devaughn Vele / Juwan Johnson / Olamide Zaccheaus / Tyler Shough,50000,50000,1-5,1,104.22,140.82,151.76,182.77,0.0865,4,3,EXACT_OR_NEAR_OPTIMAL
1698,Chris Olave,WR,Bijan Robinson / Cal Adomitis / Jahan Dotson / Michael Penix Jr. / Tyler Shough,49800,49500-49900,3-3,1,107.23,141.73,153.82,177.96,0.0865,3,2,EXACT_OR_NEAR_OPTIMAL
3198,Juwan Johnson,TE,Alvin Kamara / Charlie Woerner / Chris Olave / Drake London / Tyler Shough,49100,49000-49400,2-4,1,106.48,141.92,153.95,176.25,0.0865,1,2,EXACT_OR_NEAR_OPTIMAL
3284,Juwan Johnson,TE,Barion Brown / Bijan Robinson / Chris Olave / Nick Folk / Tyler Shough,49900,49500-49900,2-4,1,106.61,139.96,151.99,175.61,0.0865,1,2,EXACT_OR_NEAR_OPTIMAL
3303,Juwan Johnson,TE,Bijan Robinson / Charlie Woerner / Chris Olave / Nick Folk / Tyler Shough,49300,49000-49400,3-3,1,106.71,139.96,152.34,175.61,0.0865,1,2,EXACT_OR_NEAR_OPTIMAL
5064,Tyler Shough,QB,Alvin Kamara / Chris Olave / Juwan Johnson / Nick Folk / Saints,49200,49000-49400,1-5,1,103.59,136.63,146.54,174.77,0.0865,1,2,EXACT_OR_NEAR_OPTIMAL
5170,Tyler Shough,QB,Bijan Robinson / Chris Olave / Jahan Dotson / Juwan Johnson / Olamide Zaccheaus,49400,49000-49400,3-3,1,108.04,143.78,154.55,179.62,0.0865,0,2,FORCED_CAPTAIN
5214,Tyler Shough,QB,Bryce Lance / Chris Olave / Daniel Carlson / Drake London / Juwan Johnson,49200,49000-49400,1-5,1,106.66,142.65,153.98,177.66,0.0865,0,3,EXACT_OR_NEAR_OPTIMAL
636,Bijan Robinson,RB,CJ Donaldson / Chris Olave / Jahan Dotson / Juwan Johnson / Tyler Shough,49900,49500-49900,2-4,1,108.03,142.58,153.07,174.32,0.086,1,3,EXACT_OR_NEAR_OPTIMAL
1820,Chris Olave,WR,Cal Adomitis / Daniel Carlson / Drake London / Michael Penix Jr. / Tyler Shough,49800,49500-49900,2-4,1,105.52,141.09,152.07,177.16,0.086,1,2,EXACT_OR_NEAR_OPTIMAL
3305,Juwan Johnson,TE,Bijan Robinson / Chris Blair / Chris Olave / Nick Folk / Tyler Shough,49700,49500-49900,3-3,1,106.48,139.92,151.99,176.1,0.0855,1,2,EXACT_OR_NEAR_OPTIMAL
5107,Tyler Shough,QB,Austin Hooper / Bijan Robinson / Chris Olave / Juwan Johnson / Olamide Zaccheaus,49200,49000-49400,3-3,1,107.53,142.97,153.4,178.78,0.0855,2,2,EXACT_OR_NEAR_OPTIMAL
1786,Chris Olave,WR,Brian Robinson Jr. / Drake London / Jahan Dotson / Juwan Johnson / Tyler Shough,50000,50000,3-3,1,106.37,141.99,155.03,178.41,0.085,1,3,EXACT_OR_NEAR_OPTIMAL
2721,Drake London,WR,Chris Olave / Jahan Dotson / Juwan Johnson / Saints / Tyler Shough,50000,50000,2-4,1,105.27,139.69,151.86,174.93,0.085,2,3,EXACT_OR_NEAR_OPTIMAL
508,Bijan Robinson,RB,Alvin Kamara / Chris Olave / Falcons / Kevin Austin Jr. / Tyler Shough,49500,49500-49900,2-4,1,107.34,136.93,147.39,169.62,0.0845,1,2,EXACT_OR_NEAR_OPTIMAL
625,Bijan Robinson,RB,Bryce Lance / Chris Olave / Michael Penix Jr. / Treyton Welch / Tyler Shough,49100,49000-49400,2-4,1,107.21,141.39,153.63,172.94,0.0845,1,3,EXACT_OR_NEAR_OPTIMAL
2591,Drake London,WR,Bijan Robinson / Cal Adomitis / Chris Olave / Daniel Carlson / Juwan Johnson,50000,50000,2-4,0,107.09,139.71,151.46,169.9,0.0845,2,2,EXACT_OR_NEAR_OPTIMAL
5257,Tyler Shough,QB,Chris Olave / Drake London / Jahan Dotson / Juwan Johnson / Saints,49800,49500-49900,2-4,1,106.29,140.71,153.16,177.95,0.0845,3,2,EXACT_OR_NEAR_OPTIMAL
1461,Chris Olave,WR,Alvin Kamara / Austin Hooper / Bijan Robinson / Olamide Zaccheaus / Tyler Shough,49400,49000-49400,3-3,1,106.9,139.93,151.76,174.77,0.084,0,1,FORCED_CAPTAIN
1735,Chris Olave,WR,Bijan Robinson / Drake London / Falcons / Juwan Johnson / Kevin Austin Jr.,49800,49500-49900,3-3,0,107.46,138.87,150.06,169.45,0.084,2,1,EXACT_OR_NEAR_OPTIMAL
3199,Juwan Johnson,TE,Alvin Kamara / Chris Blair / Chris Olave / Drake London / Tyler Shough,49500,49500-49900,2-4,1,106.24,141.92,153.23,176.25,0.084,1,2,EXACT_OR_NEAR_OPTIMAL
5115,Tyler Shough,QB,Austin Hooper / Chris Olave / Drake London / Juwan Johnson / Saints,49600,49500-49900,2-4,1,105.78,139.98,152.46,174.75,0.084,3,2,EXACT_OR_NEAR_OPTIMAL
1618,Chris Olave,WR,Austin Hooper / Bijan Robinson / Drake London / Michael Penix Jr. / Treyton Welch,50000,50000,4-2,1,105.96,139.82,152.74,173.45,0.0835,1,3,EXACT_OR_NEAR_OPTIMAL
1643,Chris Olave,WR,Austin Hooper / Drake London / Falcons / Juwan Johnson / Tyler Shough,49600,49500-49900,3-3,1,106.57,140.95,152.31,176.97,0.0835,0,2,EXACT_OR_NEAR_OPTIMAL
1658,Chris Olave,WR,Bijan Robinson / Brian Robinson Jr. / Daniel Carlson / Falcons / Tyler Shough,49800,49500-49900,3-3,0,105.97,135.64,146.57,172.56,0.0835,2,0,EXACT_OR_NEAR_OPTIMAL
2667,Drake London,WR,Bryce Lance / Chris Olave / Juwan Johnson / Nick Folk / Tyler Shough,50000,50000,2-4,1,105.29,139.93,153.54,175.25,0.0835,6,3,EXACT_OR_NEAR_OPTIMAL
4731,Treyton Welch,TE,Alvin Kamara / Bijan Robinson / Chris Olave / Drake London / Tyler Shough,49500,49500-49900,2-4,1,110.58,141.45,151.72,171.04,0.0835,1,2,EXACT_OR_NEAR_OPTIMAL
643,Bijan Robinson,RB,Cal Adomitis / Chris Olave / Drake London / Falcons / Juwan Johnson,49700,49500-49900,3-3,0,107.23,137.64,149.23,167.16,0.083,4,2,EXACT_OR_NEAR_OPTIMAL
675,Bijan Robinson,RB,Chris Olave / Daniel Carlson / Juwan Johnson / Michael Penix Jr. / Treyton Welch,49900,49500-49900,2-4,0,106.67,138.33,149.87,168.99,0.083,3,2,EXACT_OR_NEAR_OPTIMAL
1541,Chris Olave,WR,Alvin Kamara / Bryce Lance / Drake London / Saints / Tyler Shough,48800,48000-48900,1-5,1,104.16,137.5,148.24,170.74,0.083,1,2,EXACT_OR_NEAR_OPTIMAL
3371,Juwan Johnson,TE,Chris Olave / Devaughn Vele / Drake London / Treyton Welch / Tyler Shough,49500,49500-49900,1-5,1,105.13,142.75,155.01,177.38,0.083,2,3,EXACT_OR_NEAR_OPTIMAL
432,Bijan Robinson,RB,Alvin Kamara / Austin Hooper / Chris Olave / Olamide Zaccheaus / Tyler Shough,49900,49500-49900,3-3,1,107.1,139.61,149.3,170.27,0.0825,1,2,EXACT_OR_NEAR_OPTIMAL
1730,Chris Olave,WR,Bijan Robinson / Devaughn Vele / Falcons / Treyton Welch / Tyler Shough,49200,49000-49400,2-4,1,105.39,139.45,148.97,174.24,0.0825,3,1,EXACT_OR_NEAR_OPTIMAL
2556,Drake London,WR,Austin Hooper / Chris Olave / Juwan Johnson / Saints / Tyler Shough,49800,49500-49900,2-4,1,104.76,139.36,151.08,174.45,0.0825,1,2,EXACT_OR_NEAR_OPTIMAL
2610,Drake London,WR,Bijan Robinson / Chris Olave / Olamide Zaccheaus / Treyton Welch / Tyler Shough,49400,49000-49400,3-3,1,108.59,142.11,152.87,175.67,0.0825,1,2,EXACT_OR_NEAR_OPTIMAL
2731,Drake London,WR,Chris Olave / Michael Penix Jr. / Nick Folk / Treyton Welch / Tyler Shough,50000,50000,3-3,1,103.72,139.57,150.42,173.24,0.0825,1,3,EXACT_OR_NEAR_OPTIMAL
3283,Juwan Johnson,TE,Barion Brown / Bijan Robinson / Chris Olave / Daniel Carlson / Tyler Shough,49300,49000-49400,1-5,1,106.96,139.57,151.14,176.72,0.0825,1,3,EXACT_OR_NEAR_OPTIMAL
2541,Drake London,WR,Austin Hooper / Bijan Robinson / Chris Olave / Michael Penix Jr. / Treyton Welch,49600,49500-49900,4-2,1,103.22,137.67,150.21,170.76,0.082,6,2,EXACT_OR_NEAR_OPTIMAL
37,Alvin Kamara,RB,Bijan Robinson / Bryce Lance / Chris Olave / Nick Folk / Tyler Shough,49900,49500-49900,2-4,1,105.55,135.29,145.25,169.32,0.0815,0,1,FORCED_CAPTAIN
84,Alvin Kamara,RB,Bijan Robinson / Drake London / Juwan Johnson / Treyton Welch / Tyler Shough,49500,49500-49900,2-4,1,106.96,137.98,147.71,162.54,0.0815,3,2,EXACT_OR_NEAR_OPTIMAL
1549,Chris Olave,WR,Alvin Kamara / Charlie Woerner / Juwan Johnson / Michael Penix Jr. / Tyler Shough,49800,49500-49900,2-4,1,106.66,142.37,153.33,183.24,0.0815,1,2,EXACT_OR_NEAR_OPTIMAL
1742,Chris Olave,WR,Bijan Robinson / Falcons / Jahan Dotson / Nick Folk / Tyler Shough,49600,49500-49900,4-2,0,104.96,137.45,146.79,171.05,0.0815,1,0,EXACT_OR_NEAR_OPTIMAL
3285,Juwan Johnson,TE,Bijan Robinson / Brian Robinson Jr. / Bryce Lance / Chris Olave / Tyler Shough,48900,48000-48900,2-4,1,105.91,140.37,152.1,173.84,0.0815,1,2,EXACT_OR_NEAR_OPTIMAL
656,Bijan Robinson,RB,Charlie Woerner / Chris Olave / Jahan Dotson / Juwan Johnson / Tyler Shough,49100,49000-49400,3-3,1,107.91,142.31,152.9,173.66,0.081,1,3,EXACT_OR_NEAR_OPTIMAL
3365,Juwan Johnson,TE,Chris Olave / Daniel Carlson / Drake London / Falcons / Tyler Shough,49900,49500-49900,2-4,1,106.43,139.38,150.31,172.44,0.081,4,2,EXACT_OR_NEAR_OPTIMAL
623,Bijan Robinson,RB,Bryce Lance / Chris Olave / Juwan Johnson / Kevin Austin Jr. / Tyler Shough,48100,48000-48900,1-5,1,106.82,141.18,151.58,172.43,0.0805,1,4,EXACT_OR_NEAR_OPTIMAL
1546,Chris Olave,WR,Alvin Kamara / Cal Adomitis / Juwan Johnson / Michael Penix Jr. / Tyler Shough,49400,49000-49400,1-5,1,106.65,142.37,153.24,183.24,0.0805,1,3,EXACT_OR_NEAR_OPTIMAL
3376,Juwan Johnson,TE,Chris Olave / Drake London / Falcons / Saints / Tyler Shough,49300,49000-49400,2-4,1,104.55,136.51,149.02,171.29,0.08,5,2,EXACT_OR_NEAR_OPTIMAL
5221,Tyler Shough,QB,Bryce Lance / Chris Olave / Drake London / Juwan Johnson / Saints,48600,48000-48900,1-5,1,104.79,140.35,151.51,172.86,0.08,1,3,EXACT_OR_NEAR_OPTIMAL
526,Bijan Robinson,RB,Alvin Kamara / Daniel Carlson / Drake London / Treyton Welch / Tyler Shough,49300,49000-49400,2-4,1,105.51,133.96,143.54,161.2,0.0795,1,2,EXACT_OR_NEAR_OPTIMAL
560,Bijan Robinson,RB,Austin Hooper / Cal Adomitis / Chris Olave / Juwan Johnson / Tyler Shough,48500,48000-48900,2-4,1,107.38,142.05,151.92,174.54,0.0795,1,3,EXACT_OR_NEAR_OPTIMAL
662,Bijan Robinson,RB,Chris Blair / Chris Olave / Jahan Dotson / Juwan Johnson / Tyler Shough,49500,49500-49900,3-3,1,107.67,142.26,152.9,173.66,0.0795,0,3,FORCED_CAPTAIN
681,Bijan Robinson,RB,Chris Olave / Devaughn Vele / Falcons / Treyton Welch / Tyler Shough,49700,49500-49900,2-4,1,105.58,137.09,146.63,166.75,0.0795,4,2,EXACT_OR_NEAR_OPTIMAL
1533,Chris Olave,WR,Alvin Kamara / Brian Robinson Jr. / Juwan Johnson / Nick Folk / Tyler Shough,49400,49000-49400,2-4,1,103.67,137.73,148.24,173.81,0.0795,4,1,EXACT_OR_NEAR_OPTIMAL
1824,Chris Olave,WR,Cal Adomitis / Drake London / Juwan Johnson / Nick Folk / Tyler Shough,48800,48000-48900,2-4,1,105.64,141.76,153.95,177.78,0.0795,0,2,EXACT_OR_NEAR_OPTIMAL
2592,Drake London,WR,Bijan Robinson / Cal Adomitis / Chris Olave / Jahan Dotson / Michael Penix Jr.,49800,49500-49900,4-2,1,102.44,137.6,149.75,169.56,0.0795,1,2,EXACT_OR_NEAR_OPTIMAL
4990,Tyler Shough,QB,Alvin Kamara / Bijan Robinson / Chris Olave / Daniel Carlson / Kevin Austin Jr.,49600,49500-49900,1-5,1,108.22,139.2,149.27,173.02,0.0795,1,2,EXACT_OR_NEAR_OPTIMAL
490,Bijan Robinson,RB,Alvin Kamara / Cal Adomitis / Chris Olave / Falcons / Tyler Shough,48900,48000-48900,2-4,1,106.91,136.69,146.69,169.32,0.079,1,2,EXACT_OR_NEAR_OPTIMAL
506,Bijan Robinson,RB,Alvin Kamara / Chris Olave / Drake London / Saints / Treyton Welch,49900,49500-49900,2-4,0,107.09,135.14,144.41,158.62,0.079,1,1,EXACT_OR_NEAR_OPTIMAL
535,Bijan Robinson,RB,Alvin Kamara / Devaughn Vele / Juwan Johnson / Treyton Welch / Tyler Shough,49700,49500-49900,1-5,1,104.02,135.57,144.78,168.66,0.079,5,3,EXACT_OR_NEAR_OPTIMAL
553,Bijan Robinson,RB,Austin Hooper / Barion Brown / Chris Olave / Juwan Johnson / Tyler Shough,49500,49500-49900,2-4,1,107.3,141.91,152.26,174.73,0.079,1,3,EXACT_OR_NEAR_OPTIMAL
600,Bijan Robinson,RB,Brian Robinson Jr. / Chris Olave / Drake London / Juwan Johnson / Treyton Welch,49900,49500-49900,3-3,0,107.8,138.46,150.77,168.17,0.079,1,2,EXACT_OR_NEAR_OPTIMAL
620,Bijan Robinson,RB,Bryce Lance / Chris Olave / Drake London / Michael Penix Jr. / Treyton Welch,49500,49500-49900,3-3,1,105.17,139.14,151.34,168.61,0.079,0,3,FORCED_CAPTAIN
1558,Chris Olave,WR,Alvin Kamara / Daniel Carlson / Drake London / Olamide Zaccheaus / Tyler Shough,49600,49500-49900,2-4,1,105.71,139.12,149.64,172.1,0.079,0,1,EXACT_OR_NEAR_OPTIMAL
1849,Chris Olave,WR,Daniel Carlson / Drake London / Juwan Johnson / Kevin Austin Jr. / Tyler Shough,48800,48000-48900,1-5,1,106.42,141.28,154.34,177.41,0.079,1,3,EXACT_OR_NEAR_OPTIMAL
2700,Drake London,WR,Chris Olave / Daniel Carlson / Juwan Johnson / Olamide Zaccheaus / Tyler Shough,49600,49500-49900,2-4,1,105.32,139.37,153.12,175.56,0.079,1,2,EXACT_OR_NEAR_OPTIMAL
504,Bijan Robinson,RB,Alvin Kamara / Chris Olave / Drake London / Falcons / Kevin Austin Jr.,49900,49500-49900,3-3,0,105.3,134.38,143.95,160.38,0.0785,2,1,EXACT_OR_NEAR_OPTIMAL
1630,Chris Olave,WR,Austin Hooper / Brian Robinson Jr. / Drake London / Juwan Johnson / Tyler Shough,49800,49500-49900,3-3,1,105.85,141.46,154.04,179.9,0.0785,1,2,EXACT_OR_NEAR_OPTIMAL
1666,Chris Olave,WR,Bijan Robinson / Brian Robinson Jr. / Devaughn Vele / Treyton Welch / Tyler Shough,49400,49000-49400,2-4,1,104.67,139.57,149.82,176.28,0.0785,2,1,EXACT_OR_NEAR_OPTIMAL
5262,Tyler Shough,QB,Chris Olave / Drake London / Juwan Johnson / Nick Folk / Olamide Zaccheaus,50000,50000,3-3,1,105.99,141.91,154.19,176.39,0.0785,0,3,EXACT_OR_NEAR_OPTIMAL
1493,Chris Olave,WR,Alvin Kamara / Bijan Robinson / Bryce Lance / Olamide Zaccheaus / Tyler Shough,48400,48000-48900,2-4,1,105.91,139.25,151.38,175.54,0.078,1,1,EXACT_OR_NEAR_OPTIMAL
1828,Chris Olave,WR,Chris Blair / Drake London / Juwan Johnson / Nick Folk / Tyler Shough,49600,49500-49900,3-3,1,105.43,142.03,153.34,177.78,0.078,0,2,EXACT_OR_NEAR_OPTIMAL
1907,Chris Olave,WR,Drake London / Juwan Johnson / Kevin Austin Jr. / Saints / Tyler Shough,48200,48000-48900,1-5,1,104.55,139.55,150.53,176.01,0.078,1,3,EXACT_OR_NEAR_OPTIMAL
1716,Chris Olave,WR,Bijan Robinson / Daniel Carlson / Jahan Dotson / Saints / Tyler Shough,49600,49500-49900,2-4,0,106.24,137.51,145.93,170.1,0.0775,2,0,EXACT_OR_NEAR_OPTIMAL
1808,Chris Olave,WR,Bryce Lance / Drake London / Falcons / Juwan Johnson / Tyler Shough,48600,48000-48900,2-4,1,105.58,139.84,152.51,179.65,0.0775,2,2,EXACT_OR_NEAR_OPTIMAL
2122,Daniel Carlson,K,Bijan Robinson / Chris Olave / Drake London / Treyton Welch / Tyler Shough,49600,49500-49900,2-4,1,108.68,139.33,150.05,166.36,0.0775,1,2,EXACT_OR_NEAR_OPTIMAL
4995,Tyler Shough,QB,Alvin Kamara / Bijan Robinson / Chris Olave / Saints / Treyton Welch,48400,48000-48900,1-5,1,107.21,137.08,146.28,172.19,0.0775,1,2,EXACT_OR_NEAR_OPTIMAL
4999,Tyler Shough,QB,Alvin Kamara / Bijan Robinson / Daniel Carlson / Juwan Johnson / Saints,49600,49500-49900,1-5,1,104.33,133.43,141.64,161.7,0.077,0,2,FORCED_CAPTAIN
5045,Tyler Shough,QB,Alvin Kamara / Chris Olave / Devaughn Vele / Juwan Johnson / Olamide Zaccheaus,49400,49000-49400,1-5,1,102.5,138.5,150.51,176.5,0.077,1,2,EXACT_OR_NEAR_OPTIMAL
5233,Tyler Shough,QB,Chris Olave / Daniel Carlson / Drake London / Juwan Johnson / Olamide Zaccheaus,49400,49000-49400,2-4,1,106.34,141.38,153.5,176.72,0.077,0,2,EXACT_OR_NEAR_OPTIMAL
139,Alvin Kamara,RB,Chris Olave / Drake London / Juwan Johnson / Treyton Welch / Tyler Shough,48500,48000-48900,1-5,1,106.57,140.29,151.4,170.34,0.0765,0,3,EXACT_OR_NEAR_OPTIMAL
1509,Chris Olave,WR,Alvin Kamara / Bijan Robinson / Drake London / Saints / Treyton Welch,49400,49000-49400,2-4,0,106.9,135.84,146.09,161.88,0.0765,1,0,EXACT_OR_NEAR_OPTIMAL
2703,Drake London,WR,Chris Olave / Daniel Carlson / Kevin Austin Jr. / Michael Penix Jr. / Tyler Shough,50000,50000,2-4,1,103.21,139.64,150.82,174.63,0.0765,1,3,EXACT_OR_NEAR_OPTIMAL
4960,Tyler Shough,QB,Alvin Kamara / Austin Hooper / Bijan Robinson / Chris Olave / Jahan Dotson,49800,49500-49900,3-3,1,107.0,139.48,150.23,174.7,0.0765,1,1,EXACT_OR_NEAR_OPTIMAL
5164,Tyler Shough,QB,Bijan Robinson / Chris Olave / Daniel Carlson / Devaughn Vele / Treyton Welch,49800,49500-49900,1-5,1,106.47,139.17,149.44,170.58,0.0765,2,2,EXACT_OR_NEAR_OPTIMAL
1462,Chris Olave,WR,Alvin Kamara / Austin Hooper / Bijan Robinson / Treyton Welch / Tyler Shough,47600,<48000,2-4,1,106.11,139.28,151.13,173.92,0.076,2,1,EXACT_OR_NEAR_OPTIMAL
1480,Chris Olave,WR,Alvin Kamara / Barion Brown / Bijan Robinson / Falcons / Tyler Shough,49400,49000-49400,2-4,1,106.63,137.74,147.39,174.32,0.076,1,1,EXACT_OR_NEAR_OPTIMAL
1590,Chris Olave,WR,Alvin Kamara / Falcons / Juwan Johnson / Nick Folk / Tyler Shough,49200,49000-49400,2-4,1,104.38,136.14,146.68,177.09,0.076,5,1,EXACT_OR_NEAR_OPTIMAL
5049,Tyler Shough,QB,Alvin Kamara / Chris Olave / Drake London / Falcons / Saints,50000,50000,2-4,1,105.31,134.64,145.63,165.75,0.076,2,2,EXACT_OR_NEAR_OPTIMAL
1739,Chris Olave,WR,Bijan Robinson / Drake London / Michael Penix Jr. / Olamide Zaccheaus / Treyton Welch,49200,49000-49400,4-2,1,104.65,138.86,151.21,171.99,0.0755,2,2,EXACT_OR_NEAR_OPTIMAL
1694,Chris Olave,WR,Bijan Robinson / Cal Adomitis / Devaughn Vele / Saints / Tyler Shough,49800,49500-49900,1-5,1,105.03,138.72,148.26,171.31,0.075,1,2,EXACT_OR_NEAR_OPTIMAL
1763,Chris Olave,WR,Brian Robinson Jr. / Bryce Lance / Drake London / Juwan Johnson / Tyler Shough,48800,48000-48900,2-4,1,104.86,141.85,153.44,177.76,0.075,1,2,EXACT_OR_NEAR_OPTIMAL
1903,Chris Olave,WR,Drake London / Jahan Dotson / Michael Penix Jr. / Olamide Zaccheaus / Tyler Shough,49800,49500-49900,4-2,1,103.42,139.83,152.74,179.67,0.075,1,2,EXACT_OR_NEAR_OPTIMAL
511,Bijan Robinson,RB,Alvin Kamara / Chris Olave / Jahan Dotson / Treyton Welch / Tyler Shough,48300,48000-48900,2-4,1,106.82,137.85,149.32,169.69,0.0745,3,2,EXACT_OR_NEAR_OPTIMAL
650,Bijan Robinson,RB,Cal Adomitis / Daniel Carlson / Drake London / Juwan Johnson / Tyler Shough,49700,49500-49900,2-4,1,106.58,138.0,148.96,166.83,0.0745,0,3,FORCED_CAPTAIN
1164,Cal Adomitis,TE,Bijan Robinson / Chris Olave / Drake London / Juwan Johnson / Tyler Shough,49900,49500-49900,2-4,1,111.01,144.04,154.17,176.44,0.0745,1,3,EXACT_OR_NEAR_OPTIMAL
3262,Juwan Johnson,TE,Austin Hooper / Bijan Robinson / Chris Olave / Jahan Dotson / Tyler Shough,49100,49000-49400,3-3,1,106.24,140.71,152.51,177.04,0.0745,1,2,EXACT_OR_NEAR_OPTIMAL
529,Bijan Robinson,RB,Alvin Kamara / Daniel Carlson / Jahan Dotson / Juwan Johnson / Tyler Shough,49500,49500-49900,2-4,1,103.94,135.6,145.31,160.93,0.074,4,2,EXACT_OR_NEAR_OPTIMAL
1612,Chris Olave,WR,Austin Hooper / Bijan Robinson / Bryce Lance / Devaughn Vele / Tyler Shough,50000,50000,2-4,1,104.6,140.01,151.65,174.79,0.074,2,2,EXACT_OR_NEAR_OPTIMAL
1810,Chris Olave,WR,Bryce Lance / Drake London / Jahan Dotson / Michael Penix Jr. / Tyler Shough,49600,49500-49900,3-3,1,103.73,140.58,153.34,176.93,0.074,2,2,EXACT_OR_NEAR_OPTIMAL
3171,Juwan Johnson,TE,Alvin Kamara / Bijan Robinson / Daniel Carlson / Nick Folk / Tyler Shough,49700,49500-49900,2-4,1,102.75,134.08,143.37,161.22,0.074,7,1,EXACT_OR_NEAR_OPTIMAL
5063,Tyler Shough,QB,Alvin Kamara / Chris Olave / Juwan Johnson / Michael Penix Jr. / Treyton Welch,48800,48000-48900,1-5,1,106.21,141.39,153.16,179.17,0.074,0,3,EXACT_OR_NEAR_OPTIMAL
678,Bijan Robinson,RB,Chris Olave / Daniel Carlson / Nick Folk / Treyton Welch / Tyler Shough,48500,48000-48900,2-4,1,105.35,136.64,146.19,162.67,0.0735,2,2,EXACT_OR_NEAR_OPTIMAL
123,Alvin Kamara,RB,Chris Olave / Daniel Carlson / Drake London / Saints / Tyler Shough,49900,49500-49900,1-5,1,103.83,132.31,143.28,159.31,0.073,3,2,EXACT_OR_NEAR_OPTIMAL
1615,Chris Olave,WR,Austin Hooper / Bijan Robinson / Cal Adomitis / Drake London / Michael Penix Jr.,50000,50000,4-2,1,104.68,138.8,151.32,170.09,0.073,1,3,EXACT_OR_NEAR_OPTIMAL
1670,Chris Olave,WR,Bijan Robinson / Brian Robinson Jr. / Jahan Dotson / Nick Folk / Tyler Shough,49800,49500-49900,4-2,0,104.25,137.53,147.84,171.66,0.073,1,0,EXACT_OR_NEAR_OPTIMAL
1759,Chris Olave,WR,Bijan Robinson / Kevin Austin Jr. / Michael Penix Jr. / Olamide Zaccheaus / Tyler Shough,49400,49000-49400,3-3,1,105.84,140.35,152.5,178.29,0.073,2,2,EXACT_OR_NEAR_OPTIMAL
1819,Chris Olave,WR,Cal Adomitis / Daniel Carlson / Drake London / Juwan Johnson / Tyler Shough,48200,48000-48900,1-5,1,105.99,141.25,154.16,176.04,0.073,0,3,EXACT_OR_NEAR_OPTIMAL
1863,Chris Olave,WR,Daniel Carlson / Jahan Dotson / Juwan Johnson / Michael Penix Jr. / Tyler Shough,50000,50000,2-4,1,105.24,139.93,152.68,179.4,0.073,3,3,EXACT_OR_NEAR_OPTIMAL
2374,Drake London,WR,Alvin Kamara / Bijan Robinson / Cal Adomitis / Chris Olave / Daniel Carlson,49600,49500-49900,2-4,0,104.74,134.73,144.87,163.79,0.073,1,0,EXACT_OR_NEAR_OPTIMAL
2668,Drake London,WR,Bryce Lance / Chris Olave / Juwan Johnson / Saints / Tyler Shough,48800,48000-48900,1-5,1,103.77,138.28,149.82,173.37,0.073,1,3,EXACT_OR_NEAR_OPTIMAL
3289,Juwan Johnson,TE,Bijan Robinson / Brian Robinson Jr. / Chris Olave / Olamide Zaccheaus / Tyler Shough,49100,49000-49400,3-3,1,105.6,139.97,152.47,174.45,0.073,1,2,EXACT_OR_NEAR_OPTIMAL
3315,Juwan Johnson,TE,Bijan Robinson / Chris Olave / Falcons / Olamide Zaccheaus / Tyler Shough,48900,48000-48900,3-3,1,106.31,138.97,151.29,173.96,0.073,1,2,EXACT_OR_NEAR_OPTIMAL
4987,Tyler Shough,QB,Alvin Kamara / Bijan Robinson / Cal Adomitis / Juwan Johnson / Michael Penix Jr.,49800,49500-49900,2-4,1,105.32,138.51,149.84,168.81,0.073,1,2,EXACT_OR_NEAR_OPTIMAL
450,Bijan Robinson,RB,Alvin Kamara / Austin Hooper / Juwan Johnson / Nick Folk / Tyler Shough,49900,49500-49900,3-3,1,103.09,134.18,143.61,161.31,0.0725,4,2,EXACT_OR_NEAR_OPTIMAL
644,Bijan Robinson,RB,Cal Adomitis / Chris Olave / Drake London / Michael Penix Jr. / Olamide Zaccheaus,49700,49500-49900,4-2,1,103.57,137.6,148.96,168.27,0.0725,1,3,EXACT_OR_NEAR_OPTIMAL
1884,Chris Olave,WR,Devaughn Vele / Falcons / Juwan Johnson / Nick Folk / Tyler Shough,50000,50000,2-4,1,101.77,136.07,147.6,174.35,0.0725,1,2,EXACT_OR_NEAR_OPTIMAL
2365,Drake London,WR,Alvin Kamara / Bijan Robinson / Bryce Lance / Chris Olave / Falcons,50000,50000,3-3,0,104.32,134.66,144.42,162.18,0.0725,1,1,EXACT_OR_NEAR_OPTIMAL
3361,Juwan Johnson,TE,Charlie Woerner / Chris Olave / Devaughn Vele / Drake London / Tyler Shough,49900,49500-49900,2-4,1,103.86,141.08,153.58,174.2,0.0725,1,2,EXACT_OR_NEAR_OPTIMAL
47,Alvin Kamara,RB,Bijan Robinson / Cal Adomitis / Drake London / Juwan Johnson / Tyler Shough,49500,49500-49900,2-4,1,105.68,137.13,145.85,162.44,0.072,0,2,FORCED_CAPTAIN
1591,Chris Olave,WR,Alvin Kamara / Falcons / Juwan Johnson / Saints / Tyler Shough,48000,48000-48900,1-5,1,102.86,133.76,144.53,172.27,0.072,1,2,EXACT_OR_NEAR_OPTIMAL
2347,Drake London,WR,Alvin Kamara / Austin Hooper / Chris Olave / Daniel Carlson / Tyler Shough,50000,50000,2-4,1,104.27,137.24,147.1,166.86,0.072,4,2,EXACT_OR_NEAR_OPTIMAL
5145,Tyler Shough,QB,Bijan Robinson / Bryce Lance / Chris Olave / Juwan Johnson / Olamide Zaccheaus,48200,48000-48900,2-4,1,106.54,142.1,152.08,179.12,0.072,1,2,EXACT_OR_NEAR_OPTIMAL
1713,Chris Olave,WR,Bijan Robinson / Daniel Carlson / Falcons / Juwan Johnson / Nick Folk,49200,49000-49400,3-3,0,102.92,131.61,141.31,159.61,0.0715,1,0,EXACT_OR_NEAR_OPTIMAL
2605,Drake London,WR,Bijan Robinson / Chris Olave / Falcons / Juwan Johnson / Treyton Welch,48800,48000-48900,3-3,0,105.57,137.43,148.26,165.91,0.0715,1,1,EXACT_OR_NEAR_OPTIMAL
3378,Juwan Johnson,TE,Chris Olave / Drake London / Jahan Dotson / Nick Folk / Tyler Shough,49900,49500-49900,3-3,1,104.71,140.15,153.58,176.73,0.0715,4,2,EXACT_OR_NEAR_OPTIMAL
1728,Chris Olave,WR,Bijan Robinson / Devaughn Vele / Falcons / Kevin Austin Jr. / Tyler Shough,49800,49500-49900,2-4,1,104.53,138.84,148.53,173.44,0.071,2,1,EXACT_OR_NEAR_OPTIMAL
433,Bijan Robinson,RB,Alvin Kamara / Austin Hooper / Chris Olave / Treyton Welch / Tyler Shough,48100,48000-48900,2-4,1,106.31,137.76,148.51,168.12,0.0705,0,2,FORCED_CAPTAIN
634,Bijan Robinson,RB,CJ Donaldson / Cal Adomitis / Chris Olave / Drake London / Tyler Shough,49700,49500-49900,2-4,1,108.32,141.26,151.59,172.21,0.0705,0,3,FORCED_CAPTAIN
1586,Chris Olave,WR,Alvin Kamara / Drake London / Nick Folk / Treyton Welch / Tyler Shough,48400,48000-48900,2-4,1,104.58,138.81,148.81,172.06,0.0705,3,1,EXACT_OR_NEAR_OPTIMAL
2427,Drake London,WR,Alvin Kamara / Bryce Lance / Juwan Johnson / Michael Penix Jr. / Tyler Shough,49800,49500-49900,2-4,1,100.81,136.66,148.71,169.49,0.0705,3,2,EXACT_OR_NEAR_OPTIMAL
4988,Tyler Shough,QB,Alvin Kamara / Bijan Robinson / Charlie Woerner / Chris Olave / Daniel Carlson,49400,49000-49400,2-4,1,107.81,138.75,147.92,173.49,0.0705,1,1,EXACT_OR_NEAR_OPTIMAL
1534,Chris Olave,WR,Alvin Kamara / Brian Robinson Jr. / Juwan Johnson / Saints / Tyler Shough,48200,48000-48900,1-5,1,102.14,135.09,144.76,173.47,0.07,3,2,EXACT_OR_NEAR_OPTIMAL
1620,Chris Olave,WR,Austin Hooper / Bijan Robinson / Falcons / Nick Folk / Tyler Shough,49400,49000-49400,4-2,0,104.45,137.09,146.14,170.09,0.07,1,0,EXACT_OR_NEAR_OPTIMAL
4975,Tyler Shough,QB,Alvin Kamara / Barion Brown / Bijan Robinson / Chris Olave / Daniel Carlson,50000,50000,1-5,1,107.71,138.45,148.16,172.72,0.07,1,3,EXACT_OR_NEAR_OPTIMAL
5136,Tyler Shough,QB,Bijan Robinson / Brian Robinson Jr. / Chris Olave / Michael Penix Jr. / Treyton Welch,50000,50000,3-3,1,107.45,141.43,152.89,174.65,0.07,1,3,EXACT_OR_NEAR_OPTIMAL
547,Bijan Robinson,RB,Alvin Kamara / Falcons / Juwan Johnson / Saints / Tyler Shough,49500,49500-49900,2-4,1,103.45,130.93,140.25,156.33,0.0695,3,2,EXACT_OR_NEAR_OPTIMAL
2538,Drake London,WR,Austin Hooper / Bijan Robinson / Charlie Woerner / Chris Olave / Michael Penix Jr.,50000,50000,5-1,1,101.95,136.44,148.07,169.72,0.0695,1,4,EXACT_OR_NEAR_OPTIMAL
2622,Drake London,WR,Bijan Robinson / Daniel Carlson / Juwan Johnson / Treyton Welch / Tyler Shough,48800,48000-48900,2-4,1,104.93,137.4,147.16,167.37,0.0695,1,2,EXACT_OR_NEAR_OPTIMAL
3360,Juwan Johnson,TE,Cal Adomitis / Chris Olave / Devaughn Vele / Drake London / Tyler Shough,49500,49500-49900,1-5,1,103.85,140.78,153.64,174.78,0.0695,0,3,EXACT_OR_NEAR_OPTIMAL
3919,Michael Penix Jr.,QB,Bijan Robinson / Chris Olave / Drake London / Falcons / Treyton Welch,49900,49500-49900,4-2,1,102.78,135.2,145.54,165.92,0.0695,3,2,EXACT_OR_NEAR_OPTIMAL
436,Bijan Robinson,RB,Alvin Kamara / Austin Hooper / Daniel Carlson / Juwan Johnson / Tyler Shough,49300,49000-49400,2-4,1,103.43,134.58,143.42,160.72,0.069,2,2,EXACT_OR_NEAR_OPTIMAL
457,Bijan Robinson,RB,Alvin Kamara / Brian Robinson Jr. / Charlie Woerner / Chris Olave / Tyler Shough,49500,49500-49900,3-3,1,106.21,137.47,147.73,168.91,0.069,1,2,EXACT_OR_NEAR_OPTIMAL
544,Bijan Robinson,RB,Alvin Kamara / Drake London / Nick Folk / Treyton Welch / Tyler Shough,49900,49500-49900,3-3,1,105.17,134.22,143.87,158.71,0.069,2,2,EXACT_OR_NEAR_OPTIMAL
1665,Chris Olave,WR,Bijan Robinson / Brian Robinson Jr. / Devaughn Vele / Kevin Austin Jr. / Tyler Shough,50000,50000,2-4,1,103.82,139.02,148.87,173.27,0.069,1,2,EXACT_OR_NEAR_OPTIMAL
1893,Chris Olave,WR,Drake London / Falcons / Juwan Johnson / Olamide Zaccheaus / Tyler Shough,48800,48000-48900,3-3,1,105.26,139.65,152.13,176.52,0.069,1,2,EXACT_OR_NEAR_OPTIMAL
502,Bijan Robinson,RB,Alvin Kamara / Chris Olave / Daniel Carlson / Michael Penix Jr. / Treyton Welch,49500,49500-49900,2-4,0,104.32,134.57,144.21,161.16,0.0685,2,1,EXACT_OR_NEAR_OPTIMAL
700,Bijan Robinson,RB,Chris Olave / Kevin Austin Jr. / Michael Penix Jr. / Olamide Zaccheaus / Tyler Shough,49900,49500-49900,3-3,1,106.03,140.98,150.54,171.53,0.0685,0,3,FORCED_CAPTAIN
1508,Chris Olave,WR,Alvin Kamara / Bijan Robinson / Drake London / Kevin Austin Jr. / Saints,50000,50000,2-4,0,106.04,135.27,145.12,161.86,0.0685,1,1,EXACT_OR_NEAR_OPTIMAL
2367,Drake London,WR,Alvin Kamara / Bijan Robinson / Bryce Lance / Daniel Carlson / Tyler Shough,50000,50000,2-4,1,103.68,134.29,143.12,160.85,0.0685,1,2,EXACT_OR_NEAR_OPTIMAL
2529,Drake London,WR,Alvin Kamara / Juwan Johnson / Michael Penix Jr. / Olamide Zaccheaus / Tyler Shough,50000,50000,3-3,1,100.49,136.58,147.4,171.5,0.0685,3,3,EXACT_OR_NEAR_OPTIMAL
2679,Drake London,WR,Cal Adomitis / Chris Olave / Daniel Carlson / Michael Penix Jr. / Tyler Shough,49400,49000-49400,2-4,1,102.78,138.3,150.31,172.6,0.0685,1,2,EXACT_OR_NEAR_OPTIMAL
2681,Drake London,WR,Cal Adomitis / Chris Olave / Michael Penix Jr. / Nick Folk / Tyler Shough,50000,50000,3-3,1,102.43,138.54,148.21,171.69,0.0685,0,3,EXACT_OR_NEAR_OPTIMAL
499,Bijan Robinson,RB,Alvin Kamara / Chris Olave / Daniel Carlson / Falcons / Nick Folk,49300,49000-49400,3-3,0,100.77,127.98,136.41,152.29,0.068,6,1,EXACT_OR_NEAR_OPTIMAL
648,Bijan Robinson,RB,Cal Adomitis / Chris Olave / Michael Penix Jr. / Olamide Zaccheaus / Tyler Shough,49300,49000-49400,3-3,1,105.6,140.32,150.28,171.49,0.068,2,3,EXACT_OR_NEAR_OPTIMAL
665,Bijan Robinson,RB,Chris Olave / Daniel Carlson / Drake London / Nick Folk / Treyton Welch,48900,48000-48900,3-3,0,103.32,132.71,142.24,161.29,0.068,1,1,EXACT_OR_NEAR_OPTIMAL
865,Bryce Lance,WR,Alvin Kamara / Bijan Robinson / Chris Olave / Juwan Johnson / Tyler Shough,49300,49000-49400,1-5,1,108.06,140.42,150.01,174.65,0.068,0,3,FORCED_CAPTAIN
2598,Drake London,WR,Bijan Robinson / Charlie Woerner / Chris Olave / Olamide Zaccheaus / Tyler Shough,49800,49500-49900,4-2,0,107.32,140.46,151.2,173.15,0.068,1,1,EXACT_OR_NEAR_OPTIMAL
5061,Tyler Shough,QB,Alvin Kamara / Chris Olave / Juwan Johnson / Kevin Austin Jr. / Michael Penix Jr.,49400,49000-49400,1-5,1,105.35,141.4,152.26,178.67,0.068,1,3,EXACT_OR_NEAR_OPTIMAL
5251,Tyler Shough,QB,Chris Olave / Devaughn Vele / Juwan Johnson / Nick Folk / Saints,50000,50000,1-5,1,100.98,136.48,147.58,170.73,0.068,6,3,EXACT_OR_NEAR_OPTIMAL
137,Alvin Kamara,RB,Chris Olave / Drake London / Juwan Johnson / Kevin Austin Jr. / Tyler Shough,49100,49000-49400,1-5,1,105.71,139.2,150.86,171.93,0.0675,0,3,FORCED_CAPTAIN
1675,Chris Olave,WR,Bijan Robinson / Bryce Lance / Daniel Carlson / Drake London / Nick Folk,50000,50000,3-3,0,104.22,135.13,144.16,161.93,0.0675,4,1,EXACT_OR_NEAR_OPTIMAL
1701,Chris Olave,WR,Bijan Robinson / Charlie Woerner / Devaughn Vele / Falcons / Tyler Shough,49600,49500-49900,3-3,1,104.12,138.1,147.53,173.17,0.0675,1,1,EXACT_OR_NEAR_OPTIMAL
3345,Juwan Johnson,TE,Brian Robinson Jr. / Chris Olave / Drake London / Saints / Tyler Shough,49500,49500-49900,2-4,1,103.84,137.08,149.58,171.93,0.0675,3,2,EXACT_OR_NEAR_OPTIMAL
4182,Nick Muse,TE,Bijan Robinson / Chris Olave / Drake London / Juwan Johnson / Tyler Shough,49900,49500-49900,3-3,1,110.53,143.57,153.85,176.24,0.0675,0,3,EXACT_OR_NEAR_OPTIMAL
563,Bijan Robinson,RB,Austin Hooper / Chris Olave / Daniel Carlson / Drake London / Falcons,49700,49500-49900,4-2,0,102.95,132.88,141.69,158.62,0.067,2,1,EXACT_OR_NEAR_OPTIMAL
669,Bijan Robinson,RB,Chris Olave / Daniel Carlson / Falcons / Jahan Dotson / Tyler Shough,49500,49500-49900,3-3,0,105.5,135.27,144.32,162.62,0.067,1,1,EXACT_OR_NEAR_OPTIMAL
1702,Chris Olave,WR,Bijan Robinson / Charlie Woerner / Juwan Johnson / Olamide Zaccheaus / Tyler Shough,47600,<48000,3-3,1,105.89,140.77,151.29,178.97,0.067,0,2,FORCED_CAPTAIN
1703,Chris Olave,WR,Bijan Robinson / Charlie Woerner / Michael Penix Jr. / Olamide Zaccheaus / Tyler Shough,49200,49000-49400,4-2,1,105.42,139.35,152.14,177.13,0.067,1,2,EXACT_OR_NEAR_OPTIMAL
2664,Drake London,WR,Bryce Lance / Chris Olave / Falcons / Michael Penix Jr. / Tyler Shough,49800,49500-49900,3-3,1,102.36,138.03,149.58,171.5,0.067,1,2,EXACT_OR_NEAR_OPTIMAL
5141,Tyler Shough,QB,Bijan Robinson / Bryce Lance / Chris Olave / Drake London / Nick Muse,49000,49000-49400,3-3,1,108.32,142.39,152.16,173.74,0.067,1,2,EXACT_OR_NEAR_OPTIMAL
477,Bijan Robinson,RB,Alvin Kamara / Bryce Lance / Chris Olave / Olamide Zaccheaus / Tyler Shough,48900,48000-48900,2-4,1,106.11,138.58,149.23,171.78,0.0665,1,2,EXACT_OR_NEAR_OPTIMAL
613,Bijan Robinson,RB,Bryce Lance / Cal Adomitis / Chris Olave / Drake London / Michael Penix Jr.,49500,49500-49900,3-3,1,103.88,137.54,149.2,168.16,0.0665,4,3,EXACT_OR_NEAR_OPTIMAL
639,Bijan Robinson,RB,Cal Adomitis / Chris Olave / Daniel Carlson / Juwan Johnson / Michael Penix Jr.,49900,49500-49900,2-4,0,105.39,137.3,147.77,166.98,0.0665,1,2,EXACT_OR_NEAR_OPTIMAL
708,Bijan Robinson,RB,Daniel Carlson / Drake London / Juwan Johnson / Michael Penix Jr. / Treyton Welch,49100,49000-49400,3-3,1,101.19,134.42,145.87,164.55,0.0665,0,3,FORCED_CAPTAIN
1506,Chris Olave,WR,Alvin Kamara / Bijan Robinson / Drake London / Falcons / Kevin Austin Jr.,49400,49000-49400,3-3,0,105.1,135.04,144.57,162.23,0.0665,1,0,EXACT_OR_NEAR_OPTIMAL
1596,Chris Olave,WR,Alvin Kamara / Jahan Dotson / Juwan Johnson / Nick Folk / Tyler Shough,48600,48000-48900,2-4,1,103.01,136.94,148.5,177.03,0.0665,1,1,EXACT_OR_NEAR_OPTIMAL
1917,Chris Olave,WR,Falcons / Juwan Johnson / Michael Penix Jr. / Saints / Tyler Shough,50000,50000,2-4,1,104.74,135.84,148.34,177.92,0.0665,1,3,EXACT_OR_NEAR_OPTIMAL
61,Alvin Kamara,RB,Bijan Robinson / Chris Olave / Jahan Dotson / Saints / Tyler Shough,49900,49500-49900,2-4,1,105.53,132.71,143.38,163.84,0.066,2,1,EXACT_OR_NEAR_OPTIMAL
658,Bijan Robinson,RB,Charlie Woerner / Chris Olave / Michael Penix Jr. / Olamide Zaccheaus / Tyler Shough,49700,49500-49900,4-2,1,105.62,140.32,149.6,171.21,0.066,0,3,FORCED_CAPTAIN
1634,Chris Olave,WR,Austin Hooper / Daniel Carlson / Juwan Johnson / Michael Penix Jr. / Tyler Shough,49800,49500-49900,2-4,1,104.73,140.19,151.32,178.12,0.066,0,2,EXACT_OR_NEAR_OPTIMAL
1668,Chris Olave,WR,Bijan Robinson / Brian Robinson Jr. / Falcons / Saints / Tyler Shough,49200,49000-49400,3-3,0,104.1,133.5,143.87,171.65,0.066,2,0,EXACT_OR_NEAR_OPTIMAL
3172,Juwan Johnson,TE,Alvin Kamara / Bijan Robinson / Daniel Carlson / Saints / Tyler Shough,48500,48000-48900,1-5,1,101.22,130.7,139.74,156.83,0.066,3,2,EXACT_OR_NEAR_OPTIMAL
4989,Tyler Shough,QB,Alvin Kamara / Bijan Robinson / Chris Blair / Chris Olave / Daniel Carlson,49800,49500-49900,2-4,1,107.58,138.36,148.18,172.22,0.066,1,1,EXACT_OR_NEAR_OPTIMAL
5250,Tyler Shough,QB,Chris Olave / Devaughn Vele / Juwan Johnson / Michael Penix Jr. / Treyton Welch,49600,49500-49900,1-5,1,103.6,140.65,152.72,178.82,0.066,1,3,EXACT_OR_NEAR_OPTIMAL
493,Bijan Robinson,RB,Alvin Kamara / Cal Adomitis / Devaughn Vele / Juwan Johnson / Tyler Shough,49700,49500-49900,1-5,1,102.74,134.47,143.44,167.75,0.0655,1,3,EXACT_OR_NEAR_OPTIMAL
1631,Chris Olave,WR,Austin Hooper / Bryce Lance / Drake London / Michael Penix Jr. / Tyler Shough,49400,49000-49400,3-3,1,103.22,140.36,151.57,178.87,0.0655,0,2,EXACT_OR_NEAR_OPTIMAL
1646,Chris Olave,WR,Austin Hooper / Drake London / Michael Penix Jr. / Olamide Zaccheaus / Tyler Shough,49600,49500-49900,4-2,1,102.91,139.97,151.86,176.66,0.0655,2,2,EXACT_OR_NEAR_OPTIMAL
2634,Drake London,WR,Bijan Robinson / Michael Penix Jr. / Saints / Treyton Welch / Tyler Shough,49800,49500-49900,3-3,1,102.59,133.91,145.04,166.69,0.0655,3,2,EXACT_OR_NEAR_OPTIMAL
489,Bijan Robinson,RB,Alvin Kamara / Cal Adomitis / Chris Olave / Drake London / Saints,49900,49500-49900,2-4,0,105.81,133.94,142.54,155.84,0.065,2,1,EXACT_OR_NEAR_OPTIMAL
1455,Chris Olave,WR,Alvin Kamara / Austin Hooper / Bijan Robinson / Daniel Carlson / Juwan Johnson,50000,50000,2-4,0,106.69,136.22,145.47,169.4,0.065,2,1,EXACT_OR_NEAR_OPTIMAL
5040,Tyler Shough,QB,Alvin Kamara / Chris Olave / Daniel Carlson / Drake London / Jahan Dotson,50000,50000,2-4,1,105.81,137.68,149.32,168.76,0.065,2,2,EXACT_OR_NEAR_OPTIMAL
5147,Tyler Shough,QB,Bijan Robinson / Bryce Lance / Chris Olave / Michael Penix Jr. / Olamide Zaccheaus,49800,49500-49900,3-3,1,106.07,141.02,151.58,172.78,0.065,2,2,EXACT_OR_NEAR_OPTIMAL
507,Bijan Robinson,RB,Alvin Kamara / Chris Olave / Falcons / Jahan Dotson / Juwan Johnson,49500,49500-49900,3-3,0,104.59,133.71,142.96,162.11,0.0645,1,1,EXACT_OR_NEAR_OPTIMAL
523,Bijan Robinson,RB,Alvin Kamara / Daniel Carlson / Drake London / Kevin Austin Jr. / Tyler Shough,49900,49500-49900,2-4,1,104.66,133.86,143.24,161.38,0.0645,1,2,EXACT_OR_NEAR_OPTIMAL
642,Bijan Robinson,RB,Cal Adomitis / Chris Olave / Devaughn Vele / Falcons / Tyler Shough,49700,49500-49900,2-4,1,104.3,135.43,146.2,165.34,0.0645,1,2,EXACT_OR_NEAR_OPTIMAL
1655,Chris Olave,WR,Bijan Robinson / Brian Robinson Jr. / Charlie Woerner / Devaughn Vele / Tyler Shough,49800,49500-49900,3-3,1,103.4,138.5,148.19,173.13,0.0645,2,1,EXACT_OR_NEAR_OPTIMAL
2732,Drake London,WR,Chris Olave / Michael Penix Jr. / Saints / Treyton Welch / Tyler Shough,48800,48000-48900,2-4,1,102.19,137.01,148.81,171.77,0.0645,1,2,EXACT_OR_NEAR_OPTIMAL
2750,Drake London,WR,Daniel Carlson / Juwan Johnson / Michael Penix Jr. / Saints / Tyler Shough,50000,50000,2-4,0,99.32,132.82,144.72,166.58,0.0645,4,2,EXACT_OR_NEAR_OPTIMAL
3276,Juwan Johnson,TE,Austin Hooper / Chris Olave / Drake London / Nick Folk / Tyler Shough,49700,49500-49900,3-3,1,104.19,138.99,152.76,173.42,0.0645,1,2,EXACT_OR_NEAR_OPTIMAL
3318,Juwan Johnson,TE,Bijan Robinson / Chris Olave / Kyle Pitts Sr. / Treyton Welch / Tyler Shough,49300,49000-49400,2-4,1,105.09,139.2,150.6,177.16,0.0645,2,2,EXACT_OR_NEAR_OPTIMAL
4965,Tyler Shough,QB,Alvin Kamara / Austin Hooper / Chris Olave / Daniel Carlson / Drake London,49800,49500-49900,2-4,1,105.29,137.51,148.68,167.4,0.0645,2,1,EXACT_OR_NEAR_OPTIMAL
485,Bijan Robinson,RB,Alvin Kamara / CJ Donaldson / Chris Olave / Jahan Dotson / Tyler Shough,49500,49500-49900,2-4,1,105.68,137.24,147.47,167.87,0.064,1,2,EXACT_OR_NEAR_OPTIMAL
538,Bijan Robinson,RB,Alvin Kamara / Drake London / Falcons / Juwan Johnson / Saints,49900,49500-49900,3-3,0,101.41,127.91,137.02,153.05,0.064,5,1,EXACT_OR_NEAR_OPTIMAL
5169,Tyler Shough,QB,Bijan Robinson / Chris Olave / Devaughn Vele / Saints / Treyton Welch,49200,49000-49400,1-5,1,104.6,136.15,147.0,170.45,0.064,0,2,FORCED_CAPTAIN
5171,Tyler Shough,QB,Bijan Robinson / Chris Olave / Jahan Dotson / Michael Penix Jr. / Treyton Welch,49200,49000-49400,3-3,1,106.79,140.82,151.1,173.45,0.064,1,2,EXACT_OR_NEAR_OPTIMAL
503,Bijan Robinson,RB,Alvin Kamara / Chris Olave / Daniel Carlson / Nick Folk / Saints,49900,49500-49900,2-4,0,101.7,126.99,135.01,152.29,0.0635,3,1,EXACT_OR_NEAR_OPTIMAL
621,Bijan Robinson,RB,Bryce Lance / Chris Olave / Falcons / Nick Folk / Tyler Shough,48900,48000-48900,3-3,1,103.65,134.61,144.66,161.93,0.0635,1,2,EXACT_OR_NEAR_OPTIMAL
1576,Chris Olave,WR,Alvin Kamara / Drake London / Falcons / Jahan Dotson / Tyler Shough,49400,49000-49400,3-3,1,104.72,136.73,147.19,173.42,0.0635,0,1,EXACT_OR_NEAR_OPTIMAL
1688,Chris Olave,WR,Bijan Robinson / Bryce Lance / Nick Folk / Saints / Tyler Shough,49000,49000-49400,2-4,1,104.39,136.18,145.98,170.29,0.0635,1,1,EXACT_OR_NEAR_OPTIMAL
5025,Tyler Shough,QB,Alvin Kamara / Bryce Lance / Chris Olave / Drake London / Nick Folk,49400,49000-49400,2-4,1,103.96,137.97,147.21,169.43,0.0635,1,1,EXACT_OR_NEAR_OPTIMAL
589,Bijan Robinson,RB,Brian Robinson Jr. / Cal Adomitis / Chris Olave / Drake London / Juwan Johnson,49900,49500-49900,3-3,0,106.51,137.3,149.64,167.45,0.063,1,2,EXACT_OR_NEAR_OPTIMAL
2094,Daniel Carlson,K,Austin Hooper / Bijan Robinson / Chris Olave / Juwan Johnson / Tyler Shough,49600,49500-49900,2-4,1,106.6,137.72,147.82,166.75,0.063,0,2,FORCED_CAPTAIN
2127,Daniel Carlson,K,Bijan Robinson / Chris Olave / Jahan Dotson / Juwan Johnson / Tyler Shough,49800,49500-49900,2-4,1,107.11,138.1,148.27,166.01,0.063,1,2,EXACT_OR_NEAR_OPTIMAL
2609,Drake London,WR,Bijan Robinson / Chris Olave / Michael Penix Jr. / Olamide Zaccheaus / Treyton Welch,48800,48000-48900,4-2,1,101.91,137.04,148.86,171.46,0.063,1,2,EXACT_OR_NEAR_OPTIMAL
2719,Drake London,WR,Chris Olave / Falcons / Michael Penix Jr. / Olamide Zaccheaus / Tyler Shough,50000,50000,4-2,1,102.05,137.42,148.78,174.28,0.063,0,3,EXACT_OR_NEAR_OPTIMAL
4555,Saints,DST,Bijan Robinson / Chris Olave / Falcons / Juwan Johnson / Tyler Shough,49500,49500-49900,2-4,1,105.67,133.62,142.87,166.7,0.063,1,2,EXACT_OR_NEAR_OPTIMAL
35,Alvin Kamara,RB,Bijan Robinson / Bryce Lance / Chris Olave / Daniel Carlson / Tyler Shough,49300,49000-49400,1-5,1,105.9,134.41,144.07,164.83,0.0625,3,2,EXACT_OR_NEAR_OPTIMAL
491,Bijan Robinson,RB,Alvin Kamara / Cal Adomitis / Chris Olave / Jahan Dotson / Tyler Shough,48300,48000-48900,2-4,1,105.54,136.9,147.98,169.37,0.0625,1,2,EXACT_OR_NEAR_OPTIMAL
1520,Chris Olave,WR,Alvin Kamara / Brian Robinson Jr. / Daniel Carlson / Juwan Johnson / Tyler Shough,48800,48000-48900,1-5,1,104.02,137.42,147.74,173.39,0.0625,0,2,EXACT_OR_NEAR_OPTIMAL
1679,Chris Olave,WR,Bijan Robinson / Bryce Lance / Devaughn Vele / Olamide Zaccheaus / Tyler Shough,49200,49000-49400,2-4,1,103.3,139.2,150.25,175.81,0.0625,1,1,EXACT_OR_NEAR_OPTIMAL
2695,Drake London,WR,Chris Olave / Daniel Carlson / Jahan Dotson / Juwan Johnson / Michael Penix Jr.,50000,50000,3-3,1,100.46,135.02,149.31,171.7,0.0625,1,3,EXACT_OR_NEAR_OPTIMAL
3302,Juwan Johnson,TE,Bijan Robinson / Cal Adomitis / Chris Olave / Saints / Tyler Shough,47700,<48000,1-5,1,105.17,137.3,148.78,172.31,0.0625,1,3,EXACT_OR_NEAR_OPTIMAL
4243,Olamide Zaccheaus,WR,Alvin Kamara / Bijan Robinson / Chris Olave / Juwan Johnson / Tyler Shough,49600,49500-49900,2-4,1,107.59,139.45,149.74,174.1,0.0625,1,2,EXACT_OR_NEAR_OPTIMAL
4982,Tyler Shough,QB,Alvin Kamara / Bijan Robinson / Bryce Lance / Chris Olave / Jahan Dotson,48800,48000-48900,2-4,1,106.0,138.34,148.78,176.4,0.0625,0,1,FORCED_CAPTAIN
5199,Tyler Shough,QB,Brian Robinson Jr. / Chris Olave / Drake London / Falcons / Juwan Johnson,50000,50000,3-3,1,106.01,139.56,151.0,173.31,0.0625,0,3,EXACT_OR_NEAR_OPTIMAL
67,Alvin Kamara,RB,Bijan Robinson / Chris Olave / Nick Folk / Treyton Welch / Tyler Shough,48300,48000-48900,2-4,1,104.45,133.53,144.97,166.67,0.062,0,1,FORCED_CAPTAIN
461,Bijan Robinson,RB,Alvin Kamara / Brian Robinson Jr. / Chris Olave / Drake London / Treyton Welch,49500,49500-49900,3-3,0,105.45,134.96,144.62,162.7,0.062,1,1,EXACT_OR_NEAR_OPTIMAL
724,Bijan Robinson,RB,Drake London / Jahan Dotson / Michael Penix Jr. / Treyton Welch / Tyler Shough,49500,49500-49900,4-2,1,103.22,136.88,147.9,164.73,0.062,1,3,EXACT_OR_NEAR_OPTIMAL
726,Bijan Robinson,RB,Drake London / Juwan Johnson / Kevin Austin Jr. / Saints / Tyler Shough,49700,49500-49900,2-4,1,105.14,135.09,144.65,163.17,0.062,1,3,EXACT_OR_NEAR_OPTIMAL
1825,Chris Olave,WR,Charlie Woerner / Drake London / Michael Penix Jr. / Saints / Tyler Shough,49600,49500-49900,3-3,1,103.67,138.27,148.94,172.72,0.062,1,2,EXACT_OR_NEAR_OPTIMAL
1886,Chris Olave,WR,Devaughn Vele / Jahan Dotson / Juwan Johnson / Nick Folk / Tyler Shough,49400,49000-49400,2-4,1,100.39,136.89,147.63,174.92,0.062,1,1,EXACT_OR_NEAR_OPTIMAL
2417,Drake London,WR,Alvin Kamara / Bryce Lance / Chris Olave / Daniel Carlson / Tyler Shough,49000,49000-49400,1-5,1,103.28,136.18,147.24,164.98,0.062,1,2,EXACT_OR_NEAR_OPTIMAL
2584,Drake London,WR,Bijan Robinson / Bryce Lance / Daniel Carlson / Juwan Johnson / Michael Penix Jr.,49800,49500-49900,3-3,1,99.35,133.67,146.33,163.25,0.062,2,2,EXACT_OR_NEAR_OPTIMAL
2587,Drake London,WR,Bijan Robinson / Bryce Lance / Juwan Johnson / Saints / Tyler Shough,49800,49500-49900,2-4,1,104.16,135.67,145.22,164.58,0.062,0,2,FORCED_CAPTAIN
4048,Nick Folk,K,Bijan Robinson / Bryce Lance / Chris Olave / Juwan Johnson / Tyler Shough,49500,49500-49900,2-4,1,105.08,138.16,147.4,166.33,0.062,1,2,EXACT_OR_NEAR_OPTIMAL
716,Bijan Robinson,RB,Daniel Carlson / Juwan Johnson / Michael Penix Jr. / Treyton Welch / Tyler Shough,48700,48000-48900,2-4,1,103.22,135.53,147.07,164.34,0.0615,1,3,EXACT_OR_NEAR_OPTIMAL
1644,Chris Olave,WR,Austin Hooper / Drake London / Jahan Dotson / Juwan Johnson / Tyler Shough,49000,49000-49400,3-3,1,105.19,141.86,153.85,179.76,0.0615,1,2,EXACT_OR_NEAR_OPTIMAL
1695,Chris Olave,WR,Bijan Robinson / Cal Adomitis / Drake London / Michael Penix Jr. / Olamide Zaccheaus,49200,49000-49400,4-2,1,103.37,137.52,149.45,169.35,0.0615,0,2,FORCED_CAPTAIN
1734,Chris Olave,WR,Bijan Robinson / Drake London / Falcons / Jahan Dotson / Nick Folk,50000,50000,5-1,0,102.92,133.62,141.73,159.84,0.0615,2,2,EXACT_OR_NEAR_OPTIMAL
1790,Chris Olave,WR,Brian Robinson Jr. / Drake London / Michael Penix Jr. / Treyton Welch / Tyler Shough,48800,48000-48900,3-3,1,103.29,139.28,149.9,176.36,0.0615,1,2,EXACT_OR_NEAR_OPTIMAL
1811,Chris Olave,WR,Bryce Lance / Drake London / Juwan Johnson / Kendre Miller / Tyler Shough,50000,50000,1-5,1,103.67,140.42,151.92,179.31,0.0615,1,4,EXACT_OR_NEAR_OPTIMAL
1894,Chris Olave,WR,Drake London / Falcons / Juwan Johnson / Treyton Welch / Tyler Shough,47000,<48000,2-4,1,104.47,138.56,150.21,173.5,0.0615,0,2,EXACT_OR_NEAR_OPTIMAL
5050,Tyler Shough,QB,Alvin Kamara / Chris Olave / Drake London / Jahan Dotson / Saints,49400,49000-49400,2-4,1,103.93,136.61,147.09,166.25,0.0615,1,1,EXACT_OR_NEAR_OPTIMAL
5263,Tyler Shough,QB,Chris Olave / Drake London / Michael Penix Jr. / Nick Folk / Treyton Welch,49800,49500-49900,3-3,1,104.74,138.81,150.89,172.91,0.0615,1,2,EXACT_OR_NEAR_OPTIMAL
110,Alvin Kamara,RB,CJ Donaldson / Chris Olave / Drake London / Juwan Johnson / Tyler Shough,49700,49500-49900,1-5,1,105.43,139.28,149.96,169.69,0.061,0,3,EXACT_OR_NEAR_OPTIMAL
1611,Chris Olave,WR,Austin Hooper / Bijan Robinson / Brian Robinson Jr. / Nick Folk / Tyler Shough,49600,49500-49900,4-2,0,103.73,137.37,147.38,169.76,0.061,2,0,EXACT_OR_NEAR_OPTIMAL
1678,Chris Olave,WR,Bijan Robinson / Bryce Lance / Daniel Carlson / Saints / Tyler Shough,48400,48000-48900,1-5,1,104.74,136.13,144.9,169.68,0.061,1,2,EXACT_OR_NEAR_OPTIMAL
1816,Chris Olave,WR,Bryce Lance / Juwan Johnson / Michael Penix Jr. / Nick Folk / Tyler Shough,49400,49000-49400,2-4,1,103.39,139.25,151.67,177.8,0.061,1,2,EXACT_OR_NEAR_OPTIMAL
2421,Drake London,WR,Alvin Kamara / Bryce Lance / Chris Olave / Nick Folk / Tyler Shough,49600,49500-49900,2-4,1,102.94,136.65,147.27,166.44,0.061,2,1,EXACT_OR_NEAR_OPTIMAL
2530,Drake London,WR,Alvin Kamara / Juwan Johnson / Michael Penix Jr. / Treyton Welch / Tyler Shough,48200,48000-48900,2-4,1,99.7,135.73,146.25,168.51,0.061,0,2,EXACT_OR_NEAR_OPTIMAL
2604,Drake London,WR,Bijan Robinson / Chris Olave / Falcons / Juwan Johnson / Kevin Austin Jr.,49400,49000-49400,3-3,0,104.72,136.43,147.59,164.64,0.061,1,1,EXACT_OR_NEAR_OPTIMAL
2620,Drake London,WR,Bijan Robinson / Daniel Carlson / Juwan Johnson / Michael Penix Jr. / Olamide Zaccheaus,50000,50000,4-2,1,99.03,132.85,146.49,166.27,0.061,2,3,EXACT_OR_NEAR_OPTIMAL
2701,Drake London,WR,Chris Olave / Daniel Carlson / Juwan Johnson / Tyler Shough / Zachariah Branch,50000,50000,2-4,1,103.64,137.49,151.49,172.55,0.061,0,3,FORCED_CAPTAIN
3273,Juwan Johnson,TE,Austin Hooper / Chris Olave / Daniel Carlson / Drake London / Tyler Shough,49100,49000-49400,2-4,1,104.54,139.35,151.6,173.38,0.061,0,2,FORCED_CAPTAIN
722,Bijan Robinson,RB,Drake London / Falcons / Juwan Johnson / Treyton Welch / Tyler Shough,48500,48000-48900,3-3,1,105.06,135.93,144.3,162.49,0.0605,1,3,EXACT_OR_NEAR_OPTIMAL
1485,Chris Olave,WR,Alvin Kamara / Bijan Robinson / Brian Robinson Jr. / Falcons / Juwan Johnson,49800,49500-49900,3-3,0,105.05,133.86,143.12,169.47,0.0605,2,0,EXACT_OR_NEAR_OPTIMAL
2714,Drake London,WR,Chris Olave / Falcons / Jahan Dotson / Juwan Johnson / Tyler Shough,49400,49000-49400,3-3,1,104.33,137.74,149.68,172.39,0.0605,1,2,EXACT_OR_NEAR_OPTIMAL
2847,Falcons,DST,Bijan Robinson / Chris Olave / Daniel Carlson / Juwan Johnson / Tyler Shough,49800,49500-49900,2-4,1,107.08,135.83,145.56,166.42,0.0605,1,2,EXACT_OR_NEAR_OPTIMAL
3182,Juwan Johnson,TE,Alvin Kamara / Bijan Robinson / Michael Penix Jr. / Treyton Welch / Tyler Shough,48700,48000-48900,2-4,1,103.5,136.37,147.28,167.1,0.0605,2,2,EXACT_OR_NEAR_OPTIMAL
3366,Juwan Johnson,TE,Chris Olave / Daniel Carlson / Drake London / Jahan Dotson / Tyler Shough,49300,49000-49400,2-4,1,105.05,140.09,151.96,174.64,0.0605,4,2,EXACT_OR_NEAR_OPTIMAL
1526,Chris Olave,WR,Alvin Kamara / Brian Robinson Jr. / Drake London / Jahan Dotson / Tyler Shough,49600,49500-49900,3-3,1,104.01,138.65,149.46,174.05,0.06,2,1,EXACT_OR_NEAR_OPTIMAL
1667,Chris Olave,WR,Bijan Robinson / Brian Robinson Jr. / Drake London / Juwan Johnson / Treyton Welch,49400,49000-49400,3-3,0,107.6,139.12,151.63,172.57,0.06,1,1,EXACT_OR_NEAR_OPTIMAL
2537,Drake London,WR,Austin Hooper / Bijan Robinson / Bryce Lance / Michael Penix Jr. / Tyler Shough,50000,50000,4-2,1,100.87,135.72,146.12,168.31,0.06,1,3,EXACT_OR_NEAR_OPTIMAL
2608,Drake London,WR,Bijan Robinson / Chris Olave / Kevin Austin Jr. / Michael Penix Jr. / Olamide Zaccheaus,49400,49000-49400,4-2,1,101.05,135.86,147.1,168.77,0.06,1,2,EXACT_OR_NEAR_OPTIMAL
3355,Juwan Johnson,TE,Bryce Lance / Chris Olave / Drake London / Nick Folk / Tyler Shough,48700,48000-48900,2-4,1,103.2,139.01,151.35,173.77,0.06,1,2,EXACT_OR_NEAR_OPTIMAL
431,Bijan Robinson,RB,Alvin Kamara / Austin Hooper / Chris Olave / Falcons / Juwan Johnson,49300,49000-49400,3-3,0,104.08,133.26,141.47,162.83,0.0595,2,1,EXACT_OR_NEAR_OPTIMAL
1477,Chris Olave,WR,Alvin Kamara / Austin Hooper / Juwan Johnson / Nick Folk / Tyler Shough,48400,48000-48900,2-4,1,102.49,136.56,146.44,179.66,0.0595,2,1,EXACT_OR_NEAR_OPTIMAL
1681,Chris Olave,WR,Bijan Robinson / Bryce Lance / Drake London / Kevin Austin Jr. / Michael Penix Jr.,49600,49500-49900,3-3,1,104.12,138.34,150.19,167.51,0.0595,1,2,EXACT_OR_NEAR_OPTIMAL
1809,Chris Olave,WR,Bryce Lance / Drake London / Jahan Dotson / Juwan Johnson / Tyler Shough,48000,48000-48900,2-4,1,104.2,140.71,153.44,178.96,0.0595,1,2,EXACT_OR_NEAR_OPTIMAL
1885,Chris Olave,WR,Devaughn Vele / Falcons / Juwan Johnson / Saints / Tyler Shough,48800,48000-48900,1-5,1,100.24,132.63,146.07,171.65,0.0595,3,2,EXACT_OR_NEAR_OPTIMAL
2593,Drake London,WR,Bijan Robinson / Cal Adomitis / Chris Olave / Michael Penix Jr. / Olamide Zaccheaus,48800,48000-48900,4-2,1,100.62,135.28,146.41,168.69,0.0595,2,2,EXACT_OR_NEAR_OPTIMAL
2632,Drake London,WR,Bijan Robinson / Juwan Johnson / Nick Folk / Treyton Welch / Tyler Shough,49400,49000-49400,3-3,1,104.58,136.15,145.41,165.79,0.0595,1,2,EXACT_OR_NEAR_OPTIMAL
2635,Drake London,WR,Brian Robinson Jr. / Bryce Lance / Chris Olave / Michael Penix Jr. / Tyler Shough,50000,50000,3-3,1,101.65,138.79,151.03,172.39,0.0595,0,3,EXACT_OR_NEAR_OPTIMAL
3300,Juwan Johnson,TE,Bijan Robinson / CJ Donaldson / Chris Olave / Saints / Tyler Shough,48900,48000-48900,1-5,1,105.31,137.56,148.66,173.1,0.0595,0,3,FORCED_CAPTAIN
5021,Tyler Shough,QB,Alvin Kamara / Bryce Lance / Chris Olave / Daniel Carlson / Drake London,48800,48000-48900,1-5,1,104.3,136.39,147.62,168.19,0.0595,1,2,EXACT_OR_NEAR_OPTIMAL
5154,Tyler Shough,QB,Bijan Robinson / CJ Donaldson / Chris Olave / Jahan Dotson / Juwan Johnson,48800,48000-48900,2-4,1,106.11,141.26,151.04,176.18,0.0595,1,2,EXACT_OR_NEAR_OPTIMAL
7,Alvin Kamara,RB,Austin Hooper / Bijan Robinson / Chris Olave / Saints / Tyler Shough,49700,49500-49900,2-4,1,105.02,132.79,142.6,163.99,0.059,2,1,EXACT_OR_NEAR_OPTIMAL
471,Bijan Robinson,RB,Alvin Kamara / Brian Robinson Jr. / Juwan Johnson / Saints / Tyler Shough,49700,49500-49900,2-4,1,102.73,131.65,139.77,159.36,0.059,3,2,EXACT_OR_NEAR_OPTIMAL
1463,Chris Olave,WR,Alvin Kamara / Austin Hooper / Brian Robinson Jr. / Drake London / Tyler Shough,49400,49000-49400,3-3,1,103.5,138.54,148.5,175.54,0.059,0,1,EXACT_OR_NEAR_OPTIMAL
1492,Chris Olave,WR,Alvin Kamara / Bijan Robinson / Bryce Lance / Juwan Johnson / Nick Folk,49600,49500-49900,2-4,0,105.35,136.01,144.29,168.38,0.059,1,0,EXACT_OR_NEAR_OPTIMAL
1772,Chris Olave,WR,Brian Robinson Jr. / Daniel Carlson / Drake London / Nick Folk / Tyler Shough,49800,49500-49900,3-3,0,102.54,135.19,144.46,165.35,0.059,2,0,EXACT_OR_NEAR_OPTIMAL
3183,Juwan Johnson,TE,Alvin Kamara / Bijan Robinson / Nick Folk / Saints / Tyler Shough,49100,49000-49400,2-4,1,100.88,130.66,140.02,157.76,0.059,0,1,FORCED_CAPTAIN
4803,Treyton Welch,TE,Bijan Robinson / Chris Olave / Juwan Johnson / Michael Penix Jr. / Tyler Shough,48900,48000-48900,2-4,1,108.29,142.0,151.65,175.97,0.059,0,3,FORCED_CAPTAIN
5264,Tyler Shough,QB,Chris Olave / Jahan Dotson / Juwan Johnson / Michael Penix Jr. / Nick Folk,50000,50000,3-3,1,103.17,138.54,149.28,175.23,0.059,3,3,EXACT_OR_NEAR_OPTIMAL
596,Bijan Robinson,RB,Brian Robinson Jr. / Chris Olave / Daniel Carlson / Juwan Johnson / Nick Folk,49900,49500-49900,3-3,0,102.41,132.55,140.61,158.17,0.0585,1,1,EXACT_OR_NEAR_OPTIMAL
641,Bijan Robinson,RB,Cal Adomitis / Chris Olave / Daniel Carlson / Nick Folk / Tyler Shough,48500,48000-48900,2-4,1,104.07,135.06,145.01,163.1,0.0585,3,2,EXACT_OR_NEAR_OPTIMAL
1754,Chris Olave,WR,Bijan Robinson / Juwan Johnson / Michael Penix Jr. / Nick Folk / Treyton Welch,50000,50000,3-3,0,106.13,137.9,149.07,169.14,0.0585,1,2,EXACT_OR_NEAR_OPTIMAL
2169,Daniel Carlson,K,Chris Olave / Drake London / Juwan Johnson / Saints / Tyler Shough,49200,49000-49400,1-5,1,103.53,134.22,144.91,163.46,0.0585,3,3,EXACT_OR_NEAR_OPTIMAL
2317,Devaughn Vele,WR,Chris Olave / Drake London / Juwan Johnson / Treyton Welch / Tyler Shough,49700,49500-49900,1-5,1,102.65,138.88,150.24,174.39,0.0585,3,3,EXACT_OR_NEAR_OPTIMAL
2576,Drake London,WR,Bijan Robinson / Brian Robinson Jr. / Chris Olave / Daniel Carlson / Falcons,49800,49500-49900,4-2,0,101.18,131.44,142.92,158.59,0.0585,2,0,EXACT_OR_NEAR_OPTIMAL
2715,Drake London,WR,Chris Olave / Falcons / Juwan Johnson / Michael Penix Jr. / Saints,50000,50000,3-3,0,99.96,131.66,144.53,163.75,0.0585,3,2,EXACT_OR_NEAR_OPTIMAL
3248,Juwan Johnson,TE,Alvin Kamara / Drake London / Jahan Dotson / Michael Penix Jr. / Tyler Shough,49700,49500-49900,3-3,1,100.22,135.63,145.35,168.17,0.0585,6,2,EXACT_OR_NEAR_OPTIMAL
3354,Juwan Johnson,TE,Bryce Lance / Chris Olave / Daniel Carlson / Drake London / Tyler Shough,48100,48000-48900,1-5,1,103.55,138.34,149.96,172.44,0.0585,1,3,EXACT_OR_NEAR_OPTIMAL
3379,Juwan Johnson,TE,Chris Olave / Drake London / Jahan Dotson / Saints / Tyler Shough,48700,48000-48900,2-4,1,103.18,136.21,149.67,171.78,0.0585,0,2,FORCED_CAPTAIN
3906,Michael Penix Jr.,QB,Bijan Robinson / Cal Adomitis / Chris Olave / Drake London / Falcons,49900,49500-49900,4-2,1,101.5,133.97,145.17,163.31,0.0585,0,2,FORCED_CAPTAIN
5026,Tyler Shough,QB,Alvin Kamara / Bryce Lance / Chris Olave / Drake London / Saints,48200,48000-48900,1-5,1,102.43,134.65,145.01,165.99,0.0585,0,2,EXACT_OR_NEAR_OPTIMAL
5032,Tyler Shough,QB,Alvin Kamara / Bryce Lance / Drake London / Juwan Johnson / Michael Penix Jr.,49600,49500-49900,2-4,1,101.82,137.51,148.35,169.27,0.0585,2,2,EXACT_OR_NEAR_OPTIMAL
5236,Tyler Shough,QB,Chris Olave / Daniel Carlson / Drake London / Michael Penix Jr. / Treyton Welch,49200,49000-49400,2-4,1,105.08,139.18,150.73,172.03,0.0585,1,2,EXACT_OR_NEAR_OPTIMAL
53,Alvin Kamara,RB,Bijan Robinson / Chris Olave / Daniel Carlson / Olamide Zaccheaus / Tyler Shough,49500,49500-49900,2-4,1,105.58,134.45,144.19,163.52,0.058,2,1,EXACT_OR_NEAR_OPTIMAL
532,Bijan Robinson,RB,Alvin Kamara / Daniel Carlson / Juwan Johnson / Olamide Zaccheaus / Tyler Shough,48500,48000-48900,2-4,1,102.13,133.23,142.38,160.51,0.058,1,2,EXACT_OR_NEAR_OPTIMAL
551,Bijan Robinson,RB,Alvin Kamara / Juwan Johnson / Nick Folk / Olamide Zaccheaus / Tyler Shough,49100,49000-49400,3-3,1,101.78,132.58,141.86,161.47,0.058,2,2,EXACT_OR_NEAR_OPTIMAL
580,Bijan Robinson,RB,Austin Hooper / Drake London / Michael Penix Jr. / Treyton Welch / Tyler Shough,49300,49000-49400,4-2,1,102.71,136.73,146.72,164.27,0.058,2,3,EXACT_OR_NEAR_OPTIMAL
1554,Chris Olave,WR,Alvin Kamara / Daniel Carlson / Drake London / Juwan Johnson / Saints,49600,49500-49900,1-5,0,103.62,133.06,143.48,161.36,0.058,1,1,EXACT_OR_NEAR_OPTIMAL
1574,Chris Olave,WR,Alvin Kamara / Devaughn Vele / Michael Penix Jr. / Treyton Welch / Tyler Shough,49800,49500-49900,1-5,1,102.97,137.27,149.11,172.86,0.058,1,2,EXACT_OR_NEAR_OPTIMAL
1717,Chris Olave,WR,Bijan Robinson / Daniel Carlson / Juwan Johnson / Kevin Austin Jr. / Michael Penix Jr.,50000,50000,2-4,0,105.62,137.52,148.31,166.56,0.058,1,2,EXACT_OR_NEAR_OPTIMAL
1845,Chris Olave,WR,Daniel Carlson / Drake London / Falcons / Nick Folk / Tyler Shough,49600,49500-49900,3-3,0,103.26,134.46,143.8,165.18,0.058,1,0,EXACT_OR_NEAR_OPTIMAL
1899,Chris Olave,WR,Drake London / Falcons / Michael Penix Jr. / Treyton Welch / Tyler Shough,48600,48000-48900,3-3,1,104.0,138.36,150.54,175.36,0.058,1,2,EXACT_OR_NEAR_OPTIMAL
3167,Juwan Johnson,TE,Alvin Kamara / Bijan Robinson / Chris Olave / Michael Penix Jr. / Treyton Welch,49900,49500-49900,2-4,0,106.95,138.31,147.77,169.97,0.058,1,1,EXACT_OR_NEAR_OPTIMAL
3832,Michael Penix Jr.,QB,Alvin Kamara / Bijan Robinson / Drake London / Juwan Johnson / Treyton Welch,49900,49500-49900,3-3,1,101.22,133.17,145.03,162.86,0.058,0,2,FORCED_CAPTAIN
4978,Tyler Shough,QB,Alvin Kamara / Bijan Robinson / Brian Robinson Jr. / Chris Olave / Olamide Zaccheaus,49800,49500-49900,3-3,1,106.35,138.81,148.54,173.76,0.058,1,1,EXACT_OR_NEAR_OPTIMAL
5095,Tyler Shough,QB,Alvin Kamara / Drake London / Juwan Johnson / Michael Penix Jr. / Olamide Zaccheaus,49800,49500-49900,3-3,1,101.51,136.99,148.42,169.62,0.058,1,2,EXACT_OR_NEAR_OPTIMAL
5161,Tyler Shough,QB,Bijan Robinson / Charlie Woerner / Chris Olave / Drake London / Olamide Zaccheaus,49600,49500-49900,4-2,0,108.34,141.55,151.85,175.15,0.058,1,1,EXACT_OR_NEAR_OPTIMAL
495,Bijan Robinson,RB,Alvin Kamara / Charlie Woerner / Daniel Carlson / Drake London / Tyler Shough,49700,49500-49900,3-3,0,104.24,132.98,141.84,160.49,0.0575,1,1,EXACT_OR_NEAR_OPTIMAL
1470,Chris Olave,WR,Alvin Kamara / Austin Hooper / Drake London / Falcons / Tyler Shough,49200,49000-49400,3-3,1,104.21,136.65,146.68,172.09,0.0575,0,1,EXACT_OR_NEAR_OPTIMAL
1507,Chris Olave,WR,Alvin Kamara / Bijan Robinson / Drake London / Jahan Dotson / Olamide Zaccheaus,50000,50000,4-2,0,105.37,136.71,146.54,165.58,0.0575,1,1,EXACT_OR_NEAR_OPTIMAL
1559,Chris Olave,WR,Alvin Kamara / Daniel Carlson / Drake London / Tyler Shough / Zachariah Branch,50000,50000,2-4,1,104.03,137.1,147.34,167.96,0.0575,0,2,EXACT_OR_NEAR_OPTIMAL
1560,Chris Olave,WR,Alvin Kamara / Daniel Carlson / Falcons / Juwan Johnson / Tyler Shough,48600,48000-48900,1-5,1,104.73,135.25,144.91,173.26,0.0575,1,2,EXACT_OR_NEAR_OPTIMAL
1718,Chris Olave,WR,Bijan Robinson / Daniel Carlson / Juwan Johnson / Nick Folk / Saints,49800,49500-49900,2-4,0,103.86,131.46,140.8,160.84,0.0575,1,0,EXACT_OR_NEAR_OPTIMAL
1804,Chris Olave,WR,Bryce Lance / Devaughn Vele / Drake London / Saints / Tyler Shough,49600,49500-49900,1-5,1,101.54,136.33,147.27,170.83,0.0575,1,2,EXACT_OR_NEAR_OPTIMAL
1878,Chris Olave,WR,Devaughn Vele / Drake London / Nick Folk / Treyton Welch / Tyler Shough,49200,49000-49400,2-4,1,101.96,137.61,146.35,172.56,0.0575,1,1,EXACT_OR_NEAR_OPTIMAL
2730,Drake London,WR,Chris Olave / Kevin Austin Jr. / Michael Penix Jr. / Saints / Tyler Shough,49400,49000-49400,2-4,1,101.34,136.02,148.57,169.42,0.0575,2,2,EXACT_OR_NEAR_OPTIMAL
3164,Juwan Johnson,TE,Alvin Kamara / Bijan Robinson / Chris Olave / Daniel Carlson / Saints,49700,49500-49900,1-5,0,104.67,131.29,140.51,160.74,0.0575,1,1,EXACT_OR_NEAR_OPTIMAL
3203,Juwan Johnson,TE,Alvin Kamara / Chris Olave / Daniel Carlson / Nick Folk / Tyler Shough,48700,48000-48900,1-5,1,102.35,134.91,144.89,169.91,0.0575,2,2,EXACT_OR_NEAR_OPTIMAL
3216,Juwan Johnson,TE,Alvin Kamara / Chris Olave / Michael Penix Jr. / Olamide Zaccheaus / Tyler Shough,49500,49500-49900,2-4,1,103.89,139.95,151.47,176.31,0.0575,1,2,EXACT_OR_NEAR_OPTIMAL
3297,Juwan Johnson,TE,Bijan Robinson / Bryce Lance / Daniel Carlson / Drake London / Tyler Shough,49100,49000-49400,2-4,1,103.94,135.5,146.76,167.26,0.0575,1,2,EXACT_OR_NEAR_OPTIMAL
5103,Tyler Shough,QB,Austin Hooper / Bijan Robinson / Bryce Lance / Chris Olave / Devaughn Vele,49400,49000-49400,2-4,1,102.88,137.32,148.67,172.1,0.0575,1,1,EXACT_OR_NEAR_OPTIMAL
5200,Tyler Shough,QB,Brian Robinson Jr. / Chris Olave / Drake London / Jahan Dotson / Juwan Johnson,49400,49000-49400,3-3,1,104.64,140.32,152.61,173.81,0.0575,0,2,EXACT_OR_NEAR_OPTIMAL
475,Bijan Robinson,RB,Alvin Kamara / Bryce Lance / Chris Olave / Falcons / Michael Penix Jr.,49900,49500-49900,3-3,0,102.62,131.3,141.64,159.64,0.057,1,1,EXACT_OR_NEAR_OPTIMAL
512,Bijan Robinson,RB,Alvin Kamara / Chris Olave / Juwan Johnson / Nick Folk / Treyton Welch,48500,48000-48900,2-4,0,104.44,134.07,142.57,163.09,0.057,1,1,EXACT_OR_NEAR_OPTIMAL
524,Bijan Robinson,RB,Alvin Kamara / Daniel Carlson / Drake London / Michael Penix Jr. / Treyton Welch,48700,48000-48900,3-3,1,98.83,131.0,139.28,158.48,0.057,2,2,EXACT_OR_NEAR_OPTIMAL
534,Bijan Robinson,RB,Alvin Kamara / Devaughn Vele / Juwan Johnson / Oscar Delp / Tyler Shough,49900,49500-49900,1-5,1,102.42,133.88,143.17,167.35,0.057,1,3,EXACT_OR_NEAR_OPTIMAL
565,Bijan Robinson,RB,Austin Hooper / Chris Olave / Daniel Carlson / Saints / Tyler Shough,49900,49500-49900,2-4,0,105.93,135.15,144.18,162.05,0.057,1,1,EXACT_OR_NEAR_OPTIMAL
1768,Chris Olave,WR,Brian Robinson Jr. / Daniel Carlson / Devaughn Vele / Juwan Johnson / Tyler Shough,49600,49500-49900,1-5,1,101.4,135.44,148.52,170.78,0.057,1,2,EXACT_OR_NEAR_OPTIMAL
2350,Drake London,WR,Alvin Kamara / Austin Hooper / Chris Olave / Saints / Tyler Shough,49400,49000-49400,2-4,1,102.4,134.94,145.84,164.41,0.057,1,1,EXACT_OR_NEAR_OPTIMAL
2366,Drake London,WR,Alvin Kamara / Bijan Robinson / Bryce Lance / Daniel Carlson / Michael Penix Jr.,49400,49000-49400,3-3,1,96.99,129.02,140.4,160.87,0.057,1,1,EXACT_OR_NEAR_OPTIMAL
2868,Falcons,DST,Bijan Robinson / Chris Olave / Juwan Johnson / Saints / Tyler Shough,49200,49000-49400,2-4,1,105.21,133.52,143.07,166.28,0.057,0,2,FORCED_CAPTAIN
3204,Juwan Johnson,TE,Alvin Kamara / Chris Olave / Devaughn Vele / Falcons / Tyler Shough,49900,49500-49900,1-5,1,102.58,135.46,148.08,174.07,0.057,2,2,EXACT_OR_NEAR_OPTIMAL
3921,Michael Penix Jr.,QB,Bijan Robinson / Chris Olave / Drake London / Jahan Dotson / Treyton Welch,49300,49000-49400,4-2,1,101.41,134.61,147.63,165.12,0.057,1,2,EXACT_OR_NEAR_OPTIMAL
75,Alvin Kamara,RB,Bijan Robinson / Daniel Carlson / Juwan Johnson / Nick Folk / Tyler Shough,49500,49500-49900,2-4,1,101.57,131.05,138.58,154.59,0.0565,1,1,EXACT_OR_NEAR_OPTIMAL
114,Alvin Kamara,RB,Chris Blair / Chris Olave / Drake London / Juwan Johnson / Tyler Shough,49300,49000-49400,2-4,1,105.06,138.58,149.91,168.99,0.0565,0,2,FORCED_CAPTAIN
707,Bijan Robinson,RB,Daniel Carlson / Drake London / Juwan Johnson / Kevin Austin Jr. / Michael Penix Jr.,49700,49500-49900,3-3,1,100.33,132.53,144.67,164.85,0.0565,2,3,EXACT_OR_NEAR_OPTIMAL
1555,Chris Olave,WR,Alvin Kamara / Daniel Carlson / Drake London / Kevin Austin Jr. / Tyler Shough,48400,48000-48900,1-5,1,104.07,137.49,147.06,168.1,0.0565,1,2,EXACT_OR_NEAR_OPTIMAL
1673,Chris Olave,WR,Bijan Robinson / Bryce Lance / Cal Adomitis / Drake London / Michael Penix Jr.,49000,49000-49400,3-3,1,103.68,138.0,150.14,168.22,0.0565,0,2,FORCED_CAPTAIN
2570,Drake London,WR,Barion Brown / Bijan Robinson / Chris Olave / Michael Penix Jr. / Olamide Zaccheaus,49800,49500-49900,4-2,1,100.54,135.04,145.9,169.23,0.0565,1,2,EXACT_OR_NEAR_OPTIMAL
3277,Juwan Johnson,TE,Austin Hooper / Chris Olave / Drake London / Saints / Tyler Shough,48500,48000-48900,2-4,1,102.67,136.35,148.74,171.48,0.0565,1,2,EXACT_OR_NEAR_OPTIMAL
5139,Tyler Shough,QB,Bijan Robinson / Bryce Lance / Chris Olave / Daniel Carlson / Nick Folk,49000,49000-49400,2-4,1,104.54,136.27,144.72,167.45,0.0565,1,1,EXACT_OR_NEAR_OPTIMAL
494,Bijan Robinson,RB,Alvin Kamara / Cal Adomitis / Drake London / Nick Folk / Tyler Shough,49900,49500-49900,3-3,1,103.88,133.27,142.25,157.62,0.056,1,2,EXACT_OR_NEAR_OPTIMAL
664,Bijan Robinson,RB,Chris Olave / Daniel Carlson / Drake London / Kevin Austin Jr. / Nick Folk,49500,49500-49900,3-3,0,102.46,131.84,141.53,160.16,0.056,1,1,EXACT_OR_NEAR_OPTIMAL
2110,Daniel Carlson,K,Bijan Robinson / Cal Adomitis / Chris Olave / Drake London / Tyler Shough,49600,49500-49900,2-4,1,107.39,138.07,148.56,163.6,0.056,1,2,EXACT_OR_NEAR_OPTIMAL
2723,Drake London,WR,Chris Olave / Jahan Dotson / Michael Penix Jr. / Olamide Zaccheaus / Tyler Shough,49400,49000-49400,4-2,1,100.67,137.15,150.74,175.35,0.056,0,2,EXACT_OR_NEAR_OPTIMAL
522,Bijan Robinson,RB,Alvin Kamara / Daniel Carlson / Drake London / Kevin Austin Jr. / Michael Penix Jr.,49300,49000-49400,3-3,1,97.97,130.28,138.51,156.83,0.0555,2,2,EXACT_OR_NEAR_OPTIMAL
614,Bijan Robinson,RB,Bryce Lance / Chris Olave / Daniel Carlson / Drake London / Falcons,48700,48000-48900,3-3,0,101.96,132.12,141.36,158.26,0.0555,3,1,EXACT_OR_NEAR_OPTIMAL
671,Bijan Robinson,RB,Chris Olave / Daniel Carlson / Falcons / Juwan Johnson / Saints,48500,48000-48900,2-4,0,101.6,128.67,138.18,154.15,0.0555,1,1,EXACT_OR_NEAR_OPTIMAL
1617,Chris Olave,WR,Austin Hooper / Bijan Robinson / Drake London / Falcons / Nick Folk,49800,49500-49900,5-1,0,102.41,132.62,141.56,161.6,0.0555,1,1,EXACT_OR_NEAR_OPTIMAL
1781,Chris Olave,WR,Brian Robinson Jr. / Devaughn Vele / Juwan Johnson / Saints / Tyler Shough,49000,49000-49400,1-5,1,99.53,134.04,146.35,170.52,0.0555,1,2,EXACT_OR_NEAR_OPTIMAL
2665,Drake London,WR,Bryce Lance / Chris Olave / Jahan Dotson / Michael Penix Jr. / Tyler Shough,49200,49000-49400,3-3,1,100.99,138.41,151.76,172.21,0.0555,3,2,EXACT_OR_NEAR_OPTIMAL
2783,Falcons,DST,Alvin Kamara / Bijan Robinson / Chris Olave / Daniel Carlson / Drake London,49800,49500-49900,3-3,0,102.68,128.75,136.64,152.08,0.0555,1,0,EXACT_OR_NEAR_OPTIMAL
2858,Falcons,DST,Bijan Robinson / Chris Olave / Drake London / Juwan Johnson / Saints,49600,49500-49900,3-3,0,103.17,129.81,139.42,154.34,0.0555,2,1,EXACT_OR_NEAR_OPTIMAL
3929,Michael Penix Jr.,QB,Bijan Robinson / Daniel Carlson / Drake London / Treyton Welch / Tyler Shough,49900,49500-49900,3-3,1,102.14,135.04,147.19,163.78,0.0555,0,2,FORCED_CAPTAIN
486,Bijan Robinson,RB,Alvin Kamara / CJ Donaldson / Daniel Carlson / Drake London / Michael Penix Jr.,49900,49500-49900,3-3,1,97.69,130.0,138.15,156.61,0.055,0,2,FORCED_CAPTAIN
686,Bijan Robinson,RB,Chris Olave / Drake London / Jahan Dotson / Juwan Johnson / Treyton Welch,49100,49000-49400,3-3,0,107.14,138.05,149.61,166.15,0.055,1,2,EXACT_OR_NEAR_OPTIMAL
1494,Chris Olave,WR,Alvin Kamara / Bijan Robinson / Bryce Lance / Tyler Shough / Zachariah Branch,48800,48000-48900,2-4,1,104.23,137.18,147.33,172.62,0.055,1,1,EXACT_OR_NEAR_OPTIMAL
1504,Chris Olave,WR,Alvin Kamara / Bijan Robinson / Daniel Carlson / Michael Penix Jr. / Treyton Welch,49000,49000-49400,2-4,0,104.12,134.1,142.62,162.72,0.055,1,0,EXACT_OR_NEAR_OPTIMAL
2056,Daniel Carlson,K,Alvin Kamara / Bijan Robinson / Chris Olave / Falcons / Tyler Shough,50000,50000,2-4,1,106.13,131.67,140.92,159.07,0.055,1,2,EXACT_OR_NEAR_OPTIMAL
2619,Drake London,WR,Bijan Robinson / Daniel Carlson / Juwan Johnson / Kevin Austin Jr. / Tyler Shough,49400,49000-49400,2-4,1,104.07,136.28,146.61,165.18,0.055,0,2,FORCED_CAPTAIN
4991,Tyler Shough,QB,Alvin Kamara / Bijan Robinson / Chris Olave / Jahan Dotson / Olamide Zaccheaus,49000,49000-49400,3-3,1,105.69,137.65,148.91,173.6,0.055,0,1,FORCED_CAPTAIN
5001,Tyler Shough,QB,Alvin Kamara / Bijan Robinson / Devaughn Vele / Juwan Johnson / Treyton Welch,48600,48000-48900,1-5,1,102.1,134.71,144.29,167.76,0.055,2,2,EXACT_OR_NEAR_OPTIMAL
651,Bijan Robinson,RB,Cal Adomitis / Drake London / Juwan Johnson / Saints / Tyler Shough,49100,49000-49400,2-4,1,104.71,134.39,144.51,162.42,0.0545,1,3,EXACT_OR_NEAR_OPTIMAL
1711,Chris Olave,WR,Bijan Robinson / Daniel Carlson / Drake London / Jahan Dotson / Saints,50000,50000,3-3,0,104.2,133.29,143.89,159.36,0.0545,2,1,EXACT_OR_NEAR_OPTIMAL
1724,Chris Olave,WR,Bijan Robinson / Devaughn Vele / Drake London / Falcons / Treyton Welch,49600,49500-49900,3-3,0,103.35,134.2,144.92,165.82,0.0545,1,0,EXACT_OR_NEAR_OPTIMAL
1747,Chris Olave,WR,Bijan Robinson / Falcons / Nick Folk / Olamide Zaccheaus / Tyler Shough,48600,48000-48900,4-2,0,103.14,135.28,144.84,168.94,0.0545,1,0,EXACT_OR_NEAR_OPTIMAL
1834,Chris Olave,WR,Daniel Carlson / Devaughn Vele / Falcons / Juwan Johnson / Tyler Shough,49400,49000-49400,1-5,1,102.11,134.14,147.77,169.85,0.0545,1,2,EXACT_OR_NEAR_OPTIMAL
1895,Chris Olave,WR,Drake London / Falcons / Kevin Austin Jr. / Michael Penix Jr. / Tyler Shough,49200,49000-49400,3-3,1,103.15,137.5,148.84,172.56,0.0545,0,2,EXACT_OR_NEAR_OPTIMAL
2551,Drake London,WR,Austin Hooper / Chris Olave / Daniel Carlson / Juwan Johnson / Michael Penix Jr.,49800,49500-49900,3-3,1,99.95,135.22,147.7,168.25,0.0545,2,2,EXACT_OR_NEAR_OPTIMAL
2768,Drake London,WR,Devaughn Vele / Juwan Johnson / Michael Penix Jr. / Treyton Welch / Tyler Shough,49000,49000-49400,2-4,1,97.09,132.34,146.29,168.59,0.0545,0,2,EXACT_OR_NEAR_OPTIMAL
5105,Tyler Shough,QB,Austin Hooper / Bijan Robinson / Chris Olave / Daniel Carlson / Nick Folk,50000,50000,3-3,0,105.53,136.63,146.16,163.93,0.0545,1,1,EXACT_OR_NEAR_OPTIMAL
5185,Tyler Shough,QB,Bijan Robinson / Drake London / Juwan Johnson / Nick Folk / Treyton Welch,49200,49000-49400,3-3,1,105.6,137.6,146.31,166.62,0.0545,1,2,EXACT_OR_NEAR_OPTIMAL
588,Bijan Robinson,RB,Brian Robinson Jr. / Cal Adomitis / Chris Olave / Devaughn Vele / Tyler Shough,49900,49500-49900,2-4,1,103.58,136.72,146.8,165.97,0.054,2,2,EXACT_OR_NEAR_OPTIMAL
691,Bijan Robinson,RB,Chris Olave / Falcons / Juwan Johnson / Nick Folk / Saints,49100,49000-49400,3-3,0,101.25,128.58,136.71,153.6,0.054,4,1,EXACT_OR_NEAR_OPTIMAL
727,Bijan Robinson,RB,Drake London / Juwan Johnson / Michael Penix Jr. / Nick Folk / Treyton Welch,49700,49500-49900,4-2,1,100.84,132.79,143.83,160.88,0.054,2,3,EXACT_OR_NEAR_OPTIMAL
1683,Chris Olave,WR,Bijan Robinson / Bryce Lance / Falcons / Juwan Johnson / Michael Penix Jr.,49800,49500-49900,3-3,0,104.78,136.15,147.16,170.48,0.054,1,1,EXACT_OR_NEAR_OPTIMAL
1923,Chris Olave,WR,Juwan Johnson / Michael Penix Jr. / Nick Folk / Olamide Zaccheaus / Tyler Shough,49600,49500-49900,3-3,1,103.07,138.72,149.66,176.01,0.054,2,2,EXACT_OR_NEAR_OPTIMAL
2569,Drake London,WR,Barion Brown / Bijan Robinson / Bryce Lance / Chris Olave / Michael Penix Jr.,49600,49500-49900,3-3,1,100.86,135.1,147.43,167.62,0.054,1,2,EXACT_OR_NEAR_OPTIMAL
2590,Drake London,WR,Bijan Robinson / CJ Donaldson / Daniel Carlson / Juwan Johnson / Tyler Shough,50000,50000,2-4,1,103.78,135.5,145.74,164.89,0.054,1,3,EXACT_OR_NEAR_OPTIMAL
5033,Tyler Shough,QB,Alvin Kamara / CJ Donaldson / Chris Olave / Juwan Johnson / Michael Penix Jr.,50000,50000,1-5,1,105.07,140.35,151.35,179.72,0.054,0,4,EXACT_OR_NEAR_OPTIMAL
5179,Tyler Shough,QB,Bijan Robinson / Daniel Carlson / Drake London / Juwan Johnson / Treyton Welch,48600,48000-48900,2-4,1,105.95,138.04,146.72,169.03,0.054,0,2,FORCED_CAPTAIN
5254,Tyler Shough,QB,Chris Olave / Drake London / Falcons / Jahan Dotson / Juwan Johnson,49200,49000-49400,3-3,1,105.35,139.16,151.48,176.28,0.054,1,2,EXACT_OR_NEAR_OPTIMAL
1479,Chris Olave,WR,Alvin Kamara / Austin Hooper / Michael Penix Jr. / Nick Folk / Tyler Shough,50000,50000,3-3,1,102.03,135.22,147.22,172.0,0.0535,2,2,EXACT_OR_NEAR_OPTIMAL
1649,Chris Olave,WR,Barion Brown / Bijan Robinson / Bryce Lance / Drake London / Michael Penix Jr.,50000,50000,3-3,1,103.6,137.97,150.14,166.42,0.0535,1,3,EXACT_OR_NEAR_OPTIMAL
1833,Chris Olave,WR,Daniel Carlson / Devaughn Vele / Drake London / Treyton Welch / Tyler Shough,48600,48000-48900,1-5,1,102.31,136.68,146.85,171.84,0.0535,1,2,EXACT_OR_NEAR_OPTIMAL
2422,Drake London,WR,Alvin Kamara / Bryce Lance / Chris Olave / Saints / Tyler Shough,48400,48000-48900,1-5,1,101.41,133.41,145.43,163.11,0.0535,1,2,EXACT_OR_NEAR_OPTIMAL
2626,Drake London,WR,Bijan Robinson / Falcons / Jahan Dotson / Juwan Johnson / Michael Penix Jr.,49800,49500-49900,5-1,1,98.04,132.13,142.64,160.31,0.0535,2,3,EXACT_OR_NEAR_OPTIMAL
5000,Tyler Shough,QB,Alvin Kamara / Bijan Robinson / Devaughn Vele / Juwan Johnson / Kevin Austin Jr.,49200,49000-49400,1-5,1,101.25,134.05,144.32,167.61,0.0535,1,2,EXACT_OR_NEAR_OPTIMAL
5162,Tyler Shough,QB,Bijan Robinson / Charlie Woerner / Chris Olave / Jahan Dotson / Michael Penix Jr.,49600,49500-49900,4-2,1,105.52,139.01,149.74,170.98,0.0535,1,2,EXACT_OR_NEAR_OPTIMAL
505,Bijan Robinson,RB,Alvin Kamara / Chris Olave / Drake London / Jahan Dotson / Treyton Welch,48700,48000-48900,3-3,0,104.78,133.96,144.45,161.93,0.053,1,1,EXACT_OR_NEAR_OPTIMAL
549,Bijan Robinson,RB,Alvin Kamara / Jahan Dotson / Juwan Johnson / Saints / Tyler Shough,48900,48000-48900,2-4,1,102.07,131.35,140.83,157.05,0.053,1,2,EXACT_OR_NEAR_OPTIMAL
1103,Cal Adomitis,TE,Alvin Kamara / Bijan Robinson / Chris Olave / Drake London / Tyler Shough,49500,49500-49900,2-4,1,108.66,139.91,149.27,166.84,0.053,0,2,FORCED_CAPTAIN
1745,Chris Olave,WR,Bijan Robinson / Falcons / Juwan Johnson / Nick Folk / Saints,48600,48000-48900,3-3,0,101.05,128.81,137.28,158.57,0.053,1,0,EXACT_OR_NEAR_OPTIMAL
1813,Chris Olave,WR,Bryce Lance / Drake London / Michael Penix Jr. / Olamide Zaccheaus / Tyler Shough,48600,48000-48900,3-3,1,101.91,137.8,150.53,176.66,0.053,1,2,EXACT_OR_NEAR_OPTIMAL
1919,Chris Olave,WR,Jahan Dotson / Juwan Johnson / Michael Penix Jr. / Saints / Tyler Shough,49400,49000-49400,2-4,1,103.37,137.66,148.22,178.56,0.053,0,2,EXACT_OR_NEAR_OPTIMAL
2441,Drake London,WR,Alvin Kamara / Chris Olave / Daniel Carlson / Juwan Johnson / Saints,49200,49000-49400,1-5,0,100.88,130.98,142.22,159.18,0.053,0,1,EXACT_OR_NEAR_OPTIMAL
2545,Drake London,WR,Austin Hooper / Bijan Robinson / Falcons / Juwan Johnson / Michael Penix Jr.,49600,49500-49900,5-1,1,97.53,131.19,142.12,162.08,0.053,2,3,EXACT_OR_NEAR_OPTIMAL
2677,Drake London,WR,CJ Donaldson / Chris Olave / Michael Penix Jr. / Saints / Tyler Shough,50000,50000,2-4,1,101.05,135.88,147.49,168.14,0.053,1,3,EXACT_OR_NEAR_OPTIMAL
3267,Juwan Johnson,TE,Austin Hooper / Bijan Robinson / Drake London / Saints / Tyler Shough,49500,49500-49900,3-3,0,103.06,134.44,143.43,162.85,0.053,1,1,EXACT_OR_NEAR_OPTIMAL
3325,Juwan Johnson,TE,Bijan Robinson / Daniel Carlson / Drake London / Olamide Zaccheaus / Tyler Shough,49300,49000-49400,3-3,0,103.63,135.06,145.58,169.07,0.053,1,1,EXACT_OR_NEAR_OPTIMAL
4068,Nick Folk,K,Bijan Robinson / Chris Olave / Juwan Johnson / Olamide Zaccheaus / Tyler Shough,49700,49500-49900,3-3,1,104.77,137.34,146.32,167.22,0.053,1,2,EXACT_OR_NEAR_OPTIMAL
451,Bijan Robinson,RB,Alvin Kamara / Barion Brown / Daniel Carlson / Drake London / Michael Penix Jr.,49700,49500-49900,3-3,1,97.46,129.98,138.01,156.6,0.0525,1,2,EXACT_OR_NEAR_OPTIMAL
569,Bijan Robinson,RB,Austin Hooper / Chris Olave / Devaughn Vele / Treyton Welch / Tyler Shough,48900,48000-48900,2-4,1,103.7,137.46,147.21,166.06,0.0525,1,2,EXACT_OR_NEAR_OPTIMAL
618,Bijan Robinson,RB,Bryce Lance / Chris Olave / Devaughn Vele / Olamide Zaccheaus / Tyler Shough,49700,49500-49900,2-4,1,103.49,136.84,147.85,168.36,0.0525,3,2,EXACT_OR_NEAR_OPTIMAL
694,Bijan Robinson,RB,Chris Olave / Falcons / Nick Folk / Olamide Zaccheaus / Tyler Shough,49100,49000-49400,4-2,0,103.34,134.45,143.04,159.28,0.0525,1,1,EXACT_OR_NEAR_OPTIMAL
1547,Chris Olave,WR,Alvin Kamara / Charlie Woerner / Devaughn Vele / Juwan Johnson / Tyler Shough,48600,48000-48900,1-5,1,102.16,138.05,149.34,177.97,0.0525,1,2,EXACT_OR_NEAR_OPTIMAL
1561,Chris Olave,WR,Alvin Kamara / Daniel Carlson / Jahan Dotson / Juwan Johnson / Tyler Shough,48000,48000-48900,1-5,1,103.35,136.76,148.05,174.59,0.0525,0,2,EXACT_OR_NEAR_OPTIMAL
2120,Daniel Carlson,K,Bijan Robinson / Chris Olave / Drake London / Michael Penix Jr. / Treyton Welch,49000,49000-49400,3-3,1,101.99,134.56,143.53,162.24,0.0525,1,2,EXACT_OR_NEAR_OPTIMAL
2571,Drake London,WR,Barion Brown / Bijan Robinson / Daniel Carlson / Juwan Johnson / Tyler Shough,49800,49500-49900,2-4,1,103.56,135.5,145.64,164.67,0.0525,1,2,EXACT_OR_NEAR_OPTIMAL
2579,Drake London,WR,Bijan Robinson / Bryce Lance / Chris Olave / Daniel Carlson / Nick Folk,49600,49500-49900,3-3,0,101.48,132.35,140.89,161.46,0.0525,0,0,FORCED_CAPTAIN
5062,Tyler Shough,QB,Alvin Kamara / Chris Olave / Juwan Johnson / Kyle Pitts Sr. / Saints,49600,49500-49900,1-5,1,100.69,133.92,145.11,170.28,0.0525,3,2,EXACT_OR_NEAR_OPTIMAL
5238,Tyler Shough,QB,Chris Olave / Daniel Carlson / Jahan Dotson / Juwan Johnson / Michael Penix Jr.,49400,49000-49400,2-4,1,103.52,138.3,149.91,175.19,0.0525,0,2,EXACT_OR_NEAR_OPTIMAL
43,Alvin Kamara,RB,Bijan Robinson / Cal Adomitis / Chris Olave / Nick Folk / Tyler Shough,48300,48000-48900,2-4,1,103.16,132.1,142.61,165.46,0.052,0,1,FORCED_CAPTAIN
626,Bijan Robinson,RB,Bryce Lance / Chris Olave / Nick Folk / Saints / Tyler Shough,49500,49500-49900,2-4,1,104.59,134.66,142.83,161.87,0.052,1,2,EXACT_OR_NEAR_OPTIMAL
649,Bijan Robinson,RB,Cal Adomitis / Daniel Carlson / Drake London / Juwan Johnson / Michael Penix Jr.,49100,49000-49400,3-3,1,99.9,132.23,144.55,163.87,0.052,1,3,EXACT_OR_NEAR_OPTIMAL
695,Bijan Robinson,RB,Chris Olave / Jahan Dotson / Juwan Johnson / Michael Penix Jr. / Olamide Zaccheaus,49900,49500-49900,4-2,1,103.28,136.6,147.54,166.05,0.052,3,3,EXACT_OR_NEAR_OPTIMAL
904,Bryce Lance,WR,Bijan Robinson / Chris Olave / Daniel Carlson / Drake London / Tyler Shough,49700,49500-49900,2-4,1,106.94,137.91,148.27,165.42,0.052,0,2,FORCED_CAPTAIN
1484,Chris Olave,WR,Alvin Kamara / Bijan Robinson / Brian Robinson Jr. / Drake London / Kevin Austin Jr.,49600,49500-49900,3-3,0,104.39,135.8,145.55,162.46,0.052,1,0,EXACT_OR_NEAR_OPTIMAL
3381,Juwan Johnson,TE,Chris Olave / Drake London / Nick Folk / Olamide Zaccheaus / Tyler Shough,48900,48000-48900,3-3,1,102.89,138.34,150.18,173.47,0.052,0,2,EXACT_OR_NEAR_OPTIMAL
3920,Michael Penix Jr.,QB,Bijan Robinson / Chris Olave / Drake London / Jahan Dotson / Kevin Austin Jr.,49900,49500-49900,4-2,1,100.55,133.92,145.7,164.93,0.052,0,2,FORCED_CAPTAIN
4566,Saints,DST,Bijan Robinson / Daniel Carlson / Drake London / Juwan Johnson / Tyler Shough,49900,49500-49900,2-4,0,102.99,130.04,138.79,155.47,0.052,1,1,EXACT_OR_NEAR_OPTIMAL
4579,Saints,DST,Chris Olave / Daniel Carlson / Drake London / Juwan Johnson / Tyler Shough,48900,48000-48900,1-5,1,102.6,132.79,142.86,163.68,0.052,2,3,EXACT_OR_NEAR_OPTIMAL
5004,Tyler Shough,QB,Alvin Kamara / Bijan Robinson / Falcons / Juwan Johnson / Nick Folk,49600,49500-49900,3-3,1,103.05,132.41,141.24,160.84,0.052,0,1,FORCED_CAPTAIN
5235,Tyler Shough,QB,Chris Olave / Daniel Carlson / Drake London / Kevin Austin Jr. / Michael Penix Jr.,49800,49500-49900,2-4,1,104.23,138.12,150.21,170.97,0.052,1,2,EXACT_OR_NEAR_OPTIMAL
542,Bijan Robinson,RB,Alvin Kamara / Drake London / Michael Penix Jr. / Nick Folk / Treyton Welch,49300,49000-49400,4-2,1,98.48,129.67,139.38,154.5,0.0515,1,2,EXACT_OR_NEAR_OPTIMAL
713,Bijan Robinson,RB,Daniel Carlson / Juwan Johnson / Kevin Austin Jr. / Michael Penix Jr. / Tyler Shough,49300,49000-49400,2-4,1,102.37,134.82,145.9,163.75,0.0515,1,3,EXACT_OR_NEAR_OPTIMAL
732,Bijan Robinson,RB,Juwan Johnson / Michael Penix Jr. / Nick Folk / Treyton Welch / Tyler Shough,49300,49000-49400,3-3,1,102.88,134.98,144.05,162.75,0.0515,2,3,EXACT_OR_NEAR_OPTIMAL
1743,Chris Olave,WR,Bijan Robinson / Falcons / Jahan Dotson / Saints / Tyler Shough,48400,48000-48900,3-3,0,103.43,132.95,142.39,167.4,0.0515,2,0,EXACT_OR_NEAR_OPTIMAL
1913,Chris Olave,WR,Drake London / Kendre Miller / Michael Penix Jr. / Treyton Welch / Tyler Shough,50000,50000,2-4,1,102.09,138.32,149.31,175.08,0.0515,0,3,EXACT_OR_NEAR_OPTIMAL
2389,Drake London,WR,Alvin Kamara / Bijan Robinson / Jahan Dotson / Michael Penix Jr. / Saints,50000,50000,4-2,1,96.62,127.65,137.18,158.47,0.0515,2,2,EXACT_OR_NEAR_OPTIMAL
3165,Juwan Johnson,TE,Alvin Kamara / Bijan Robinson / Chris Olave / Falcons / Nick Folk,49700,49500-49900,3-3,0,103.39,131.43,140.36,160.71,0.0515,2,0,EXACT_OR_NEAR_OPTIMAL
5134,Tyler Shough,QB,Bijan Robinson / Brian Robinson Jr. / Cal Adomitis / Chris Olave / Michael Penix Jr.,50000,50000,3-3,1,106.16,140.22,151.43,172.95,0.0515,1,3,EXACT_OR_NEAR_OPTIMAL
52,Alvin Kamara,RB,Bijan Robinson / Chris Olave / Daniel Carlson / Juwan Johnson / Saints,49500,49500-49900,1-5,0,103.5,128.03,137.16,156.93,0.051,2,1,EXACT_OR_NEAR_OPTIMAL
659,Bijan Robinson,RB,Charlie Woerner / Chris Olave / Michael Penix Jr. / Treyton Welch / Tyler Shough,47900,<48000,3-3,1,104.83,138.66,148.73,167.22,0.051,1,3,EXACT_OR_NEAR_OPTIMAL
1543,Chris Olave,WR,Alvin Kamara / Bryce Lance / Juwan Johnson / Nick Folk / Tyler Shough,47400,<48000,1-5,1,101.5,135.57,147.18,174.69,0.051,1,2,EXACT_OR_NEAR_OPTIMAL
1616,Chris Olave,WR,Austin Hooper / Bijan Robinson / Daniel Carlson / Drake London / Saints,49800,49500-49900,3-3,0,103.69,132.1,142.53,158.91,0.051,1,0,EXACT_OR_NEAR_OPTIMAL
1789,Chris Olave,WR,Brian Robinson Jr. / Drake London / Kevin Austin Jr. / Michael Penix Jr. / Tyler Shough,49400,49000-49400,3-3,1,102.44,138.82,149.26,174.35,0.051,0,2,EXACT_OR_NEAR_OPTIMAL
1866,Chris Olave,WR,Daniel Carlson / Juwan Johnson / Michael Penix Jr. / Olamide Zaccheaus / Tyler Shough,49000,49000-49400,2-4,1,103.42,137.51,150.15,177.74,0.051,1,2,EXACT_OR_NEAR_OPTIMAL
2383,Drake London,WR,Alvin Kamara / Bijan Robinson / Falcons / Jahan Dotson / Michael Penix Jr.,49400,49000-49400,5-1,1,95.69,127.55,138.07,155.9,0.051,3,2,EXACT_OR_NEAR_OPTIMAL
2578,Drake London,WR,Bijan Robinson / Brian Robinson Jr. / Michael Penix Jr. / Treyton Welch / Tyler Shough,49400,49000-49400,4-2,1,100.94,134.51,146.18,165.86,0.051,1,2,EXACT_OR_NEAR_OPTIMAL
2594,Drake London,WR,Bijan Robinson / Cal Adomitis / Daniel Carlson / Juwan Johnson / Tyler Shough,48800,48000-48900,2-4,1,103.64,135.49,145.53,164.52,0.051,1,2,EXACT_OR_NEAR_OPTIMAL
2682,Drake London,WR,Cal Adomitis / Chris Olave / Michael Penix Jr. / Saints / Tyler Shough,48800,48000-48900,2-4,1,100.91,135.9,147.51,168.14,0.051,1,2,EXACT_OR_NEAR_OPTIMAL
5114,Tyler Shough,QB,Austin Hooper / Chris Olave / Drake London / Jahan Dotson / Michael Penix Jr.,50000,50000,4-2,1,103.0,139.52,151.22,176.72,0.051,1,3,EXACT_OR_NEAR_OPTIMAL
5234,Tyler Shough,QB,Chris Olave / Daniel Carlson / Drake London / Juwan Johnson / Zachariah Branch,49800,49500-49900,2-4,1,104.66,139.45,151.96,171.85,0.051,1,2,EXACT_OR_NEAR_OPTIMAL
41,Alvin Kamara,RB,Bijan Robinson / CJ Donaldson / Chris Olave / Nick Folk / Tyler Shough,49500,49500-49900,2-4,1,103.31,131.98,142.12,164.88,0.0505,1,1,EXACT_OR_NEAR_OPTIMAL
968,Bryce Lance,WR,Chris Olave / Drake London / Juwan Johnson / Michael Penix Jr. / Tyler Shough,49500,49500-49900,2-4,1,104.07,139.94,153.1,176.4,0.0505,2,3,EXACT_OR_NEAR_OPTIMAL
1510,Chris Olave,WR,Alvin Kamara / Bijan Robinson / Falcons / Jahan Dotson / Juwan Johnson,49000,49000-49400,3-3,0,104.39,133.74,142.01,165.27,0.0505,3,0,EXACT_OR_NEAR_OPTIMAL
1562,Chris Olave,WR,Alvin Kamara / Daniel Carlson / Jahan Dotson / Michael Penix Jr. / Tyler Shough,49600,49500-49900,2-4,1,102.89,135.36,147.16,167.42,0.0505,1,1,EXACT_OR_NEAR_OPTIMAL
1570,Chris Olave,WR,Alvin Kamara / Devaughn Vele / Falcons / Nick Folk / Tyler Shough,49600,49500-49900,2-4,1,99.41,132.28,141.66,163.94,0.0505,0,1,EXACT_OR_NEAR_OPTIMAL
1580,Chris Olave,WR,Alvin Kamara / Drake London / Falcons / Michael Penix Jr. / Saints,50000,50000,3-3,0,100.35,130.65,139.97,160.46,0.0505,1,1,EXACT_OR_NEAR_OPTIMAL
1846,Chris Olave,WR,Daniel Carlson / Drake London / Falcons / Saints / Tyler Shough,48400,48000-48900,2-4,0,101.73,131.48,140.79,165.78,0.0505,0,0,EXACT_OR_NEAR_OPTIMAL
1879,Chris Olave,WR,Devaughn Vele / Drake London / Olamide Zaccheaus / Saints / Tyler Shough,49800,49500-49900,2-4,1,101.23,136.09,146.06,171.0,0.0505,1,1,EXACT_OR_NEAR_OPTIMAL
1900,Chris Olave,WR,Drake London / Falcons / Nick Folk / Saints / Tyler Shough,49000,49000-49400,3-3,0,101.38,132.05,141.36,164.78,0.0505,1,0,EXACT_OR_NEAR_OPTIMAL
2633,Drake London,WR,Bijan Robinson / Juwan Johnson / Saints / Treyton Welch / Tyler Shough,48200,48000-48900,2-4,1,103.06,134.23,143.7,163.37,0.0505,0,2,FORCED_CAPTAIN
2706,Drake London,WR,Chris Olave / Daniel Carlson / Nick Folk / Saints / Tyler Shough,49800,49500-49900,2-4,0,101.45,132.6,141.85,160.08,0.0505,2,0,EXACT_OR_NEAR_OPTIMAL
2793,Falcons,DST,Alvin Kamara / Bijan Robinson / Chris Olave / Nick Folk / Tyler Shough,50000,50000,3-3,1,104.38,131.14,139.77,160.71,0.0505,1,2,EXACT_OR_NEAR_OPTIMAL
3157,Juwan Johnson,TE,Alvin Kamara / Austin Hooper / Drake London / Michael Penix Jr. / Tyler Shough,49500,49500-49900,3-3,1,99.71,136.09,146.65,168.03,0.0505,4,2,EXACT_OR_NEAR_OPTIMAL
4069,Nick Folk,K,Bijan Robinson / Chris Olave / Juwan Johnson / Treyton Welch / Tyler Shough,47900,<48000,2-4,1,103.98,136.14,145.64,164.91,0.0505,0,2,FORCED_CAPTAIN
4961,Tyler Shough,QB,Alvin Kamara / Austin Hooper / Bijan Robinson / Chris Olave / Olamide Zaccheaus,48800,48000-48900,3-3,1,105.18,138.27,147.3,171.65,0.0505,0,1,FORCED_CAPTAIN
559,Bijan Robinson,RB,Austin Hooper / Bryce Lance / Drake London / Juwan Johnson / Tyler Shough,49300,49000-49400,3-3,1,104.28,136.78,145.64,166.17,0.05,1,3,EXACT_OR_NEAR_OPTIMAL
594,Bijan Robinson,RB,Brian Robinson Jr. / Chris Olave / Daniel Carlson / Falcons / Michael Penix Jr.,49700,49500-49900,4-2,1,99.48,128.94,138.28,155.24,0.05,2,2,EXACT_OR_NEAR_OPTIMAL
1517,Chris Olave,WR,Alvin Kamara / Bijan Robinson / Michael Penix Jr. / Nick Folk / Treyton Welch,49600,49500-49900,3-3,0,103.78,134.49,143.14,162.17,0.05,1,0,EXACT_OR_NEAR_OPTIMAL
1648,Chris Olave,WR,Austin Hooper / Juwan Johnson / Michael Penix Jr. / Saints / Tyler Shough,49200,49000-49400,2-4,1,102.86,136.95,148.55,177.22,0.05,2,2,EXACT_OR_NEAR_OPTIMAL
2450,Drake London,WR,Alvin Kamara / Chris Olave / Falcons / Michael Penix Jr. / Saints,49600,49500-49900,3-3,0,97.61,128.05,139.34,158.37,0.05,1,0,EXACT_OR_NEAR_OPTIMAL
3205,Juwan Johnson,TE,Alvin Kamara / Chris Olave / Devaughn Vele / Jahan Dotson / Tyler Shough,49300,49000-49400,1-5,1,101.21,135.95,147.41,172.56,0.05,1,2,EXACT_OR_NEAR_OPTIMAL
3363,Juwan Johnson,TE,Chris Olave / Daniel Carlson / Devaughn Vele / Nick Folk / Tyler Shough,49500,49500-49900,1-5,1,99.74,134.25,144.35,166.72,0.05,1,2,EXACT_OR_NEAR_OPTIMAL
4532,Saints,DST,Bijan Robinson / Brian Robinson Jr. / Chris Olave / Juwan Johnson / Tyler Shough,49700,49500-49900,2-4,1,104.96,134.27,144.15,167.05,0.05,0,2,FORCED_CAPTAIN
5228,Tyler Shough,QB,Charlie Woerner / Chris Olave / Devaughn Vele / Juwan Johnson / Michael Penix Jr.,50000,50000,2-4,1,102.33,139.13,151.74,176.66,0.05,1,3,EXACT_OR_NEAR_OPTIMAL
5232,Tyler Shough,QB,Chris Olave / Daniel Carlson / Drake London / Juwan Johnson / Kevin Austin Jr.,48200,48000-48900,1-5,1,104.7,139.44,151.75,176.54,0.05,1,3,EXACT_OR_NEAR_OPTIMAL
509,Bijan Robinson,RB,Alvin Kamara / Chris Olave / Falcons / Nick Folk / Saints,48700,48000-48900,3-3,0,98.89,124.24,131.88,147.21,0.0495,3,1,EXACT_OR_NEAR_OPTIMAL
1457,Chris Olave,WR,Alvin Kamara / Austin Hooper / Bijan Robinson / Drake London / Olamide Zaccheaus,49800,49500-49900,4-2,0,104.86,136.16,146.59,164.54,0.0495,1,0,EXACT_OR_NEAR_OPTIMAL
1676,Chris Olave,WR,Bijan Robinson / Bryce Lance / Daniel Carlson / Kyle Pitts Sr. / Tyler Shough,50000,50000,2-4,1,103.37,136.32,147.48,168.39,0.0495,1,2,EXACT_OR_NEAR_OPTIMAL
3159,Juwan Johnson,TE,Alvin Kamara / Bijan Robinson / Bryce Lance / Devaughn Vele / Tyler Shough,49100,49000-49400,1-5,1,100.1,132.21,143.77,168.07,0.0495,1,2,EXACT_OR_NEAR_OPTIMAL
3193,Juwan Johnson,TE,Alvin Kamara / Bryce Lance / Chris Olave / Michael Penix Jr. / Tyler Shough,49300,49000-49400,1-5,1,104.21,140.17,151.55,177.19,0.0495,0,3,FORCED_CAPTAIN
3240,Juwan Johnson,TE,Alvin Kamara / Devaughn Vele / Drake London / Saints / Tyler Shough,49700,49500-49900,1-5,1,98.03,130.47,142.06,161.19,0.0495,2,2,EXACT_OR_NEAR_OPTIMAL
5046,Tyler Shough,QB,Alvin Kamara / Chris Olave / Devaughn Vele / Juwan Johnson / Zachariah Branch,49800,49500-49900,1-5,1,100.81,136.85,148.37,175.42,0.0495,0,2,EXACT_OR_NEAR_OPTIMAL
5227,Tyler Shough,QB,Cal Adomitis / Chris Olave / Devaughn Vele / Juwan Johnson / Michael Penix Jr.,49600,49500-49900,1-5,1,102.31,139.12,151.75,176.66,0.0495,1,3,EXACT_OR_NEAR_OPTIMAL
5261,Tyler Shough,QB,Chris Olave / Drake London / Juwan Johnson / Kevin Austin Jr. / Saints,47600,<48000,1-5,1,102.82,137.1,148.63,172.05,0.0495,1,3,EXACT_OR_NEAR_OPTIMAL
34,Alvin Kamara,RB,Bijan Robinson / Bryce Lance / Chris Olave / Daniel Carlson / Drake London,49700,49500-49900,2-4,0,103.86,131.16,139.86,156.14,0.049,0,0,FORCED_CAPTAIN
76,Alvin Kamara,RB,Bijan Robinson / Daniel Carlson / Juwan Johnson / Saints / Tyler Shough,48300,48000-48900,1-5,1,100.05,127.27,135.33,150.72,0.049,0,2,FORCED_CAPTAIN
478,Bijan Robinson,RB,Alvin Kamara / Bryce Lance / Daniel Carlson / Michael Penix Jr. / Tyler Shough,49900,49500-49900,2-4,1,101.97,131.92,141.95,158.72,0.049,1,2,EXACT_OR_NEAR_OPTIMAL
500,Bijan Robinson,RB,Alvin Kamara / Chris Olave / Daniel Carlson / Falcons / Saints,48100,48000-48900,2-4,0,99.24,124.48,131.22,147.26,0.049,1,1,EXACT_OR_NEAR_OPTIMAL
660,Bijan Robinson,RB,Charlie Woerner / Daniel Carlson / Juwan Johnson / Michael Penix Jr. / Tyler Shough,49100,49000-49400,3-3,1,101.95,133.94,144.97,164.0,0.049,1,3,EXACT_OR_NEAR_OPTIMAL
666,Bijan Robinson,RB,Chris Olave / Daniel Carlson / Drake London / Olamide Zaccheaus / Saints,49500,49500-49900,3-3,0,102.58,130.83,139.15,156.26,0.049,1,1,EXACT_OR_NEAR_OPTIMAL
1458,Chris Olave,WR,Alvin Kamara / Austin Hooper / Bijan Robinson / Jahan Dotson / Michael Penix Jr.,49800,49500-49900,4-2,1,102.04,133.45,143.48,163.13,0.049,2,1,EXACT_OR_NEAR_OPTIMAL
1748,Chris Olave,WR,Bijan Robinson / Falcons / Nick Folk / Treyton Welch / Tyler Shough,46800,<48000,3-3,1,102.35,134.51,143.76,168.94,0.049,1,1,EXACT_OR_NEAR_OPTIMAL
1818,Chris Olave,WR,CJ Donaldson / Drake London / Falcons / Michael Penix Jr. / Tyler Shough,49800,49500-49900,3-3,1,102.86,137.24,147.58,172.95,0.049,1,2,EXACT_OR_NEAR_OPTIMAL
2373,Drake London,WR,Alvin Kamara / Bijan Robinson / Bryce Lance / Saints / Tyler Shough,49400,49000-49400,2-4,1,101.81,130.15,140.77,157.08,0.049,1,1,EXACT_OR_NEAR_OPTIMAL
2557,Drake London,WR,Austin Hooper / Chris Olave / Michael Penix Jr. / Olamide Zaccheaus / Tyler Shough,49200,49000-49400,4-2,1,100.16,137.3,149.66,172.11,0.049,2,2,EXACT_OR_NEAR_OPTIMAL
2601,Drake London,WR,Bijan Robinson / Chris Olave / Daniel Carlson / Nick Folk / Olamide Zaccheaus,49800,49500-49900,4-2,0,101.16,131.79,140.75,160.34,0.049,2,0,EXACT_OR_NEAR_OPTIMAL
2663,Drake London,WR,Bryce Lance / Chris Olave / Falcons / Juwan Johnson / Tyler Shough,48200,48000-48900,2-4,1,102.83,136.32,149.22,170.86,0.049,1,2,EXACT_OR_NEAR_OPTIMAL
3356,Juwan Johnson,TE,Bryce Lance / Chris Olave / Drake London / Saints / Tyler Shough,47500,<48000,1-5,1,101.68,136.18,147.92,171.4,0.049,0,3,EXACT_OR_NEAR_OPTIMAL
3826,Michael Penix Jr.,QB,Alvin Kamara / Bijan Robinson / Cal Adomitis / Drake London / Juwan Johnson,49900,49500-49900,3-3,1,99.94,132.2,142.76,161.73,0.049,0,2,FORCED_CAPTAIN
3835,Michael Penix Jr.,QB,Alvin Kamara / Bijan Robinson / Juwan Johnson / Treyton Welch / Tyler Shough,49500,49500-49900,2-4,1,103.26,135.33,146.58,163.22,0.049,0,2,FORCED_CAPTAIN
5117,Tyler Shough,QB,Austin Hooper / Chris Olave / Juwan Johnson / Michael Penix Jr. / Nick Folk,49800,49500-49900,3-3,1,102.66,138.06,149.5,177.67,0.049,0,2,EXACT_OR_NEAR_OPTIMAL
5157,Tyler Shough,QB,Bijan Robinson / Cal Adomitis / Chris Olave / Jahan Dotson / Michael Penix Jr.,49200,49000-49400,3-3,1,105.5,139.11,150.03,170.98,0.049,1,2,EXACT_OR_NEAR_OPTIMAL
454,Bijan Robinson,RB,Alvin Kamara / Brian Robinson Jr. / Bryce Lance / Drake London / Tyler Shough,49900,49500-49900,3-3,1,103.1,132.41,141.58,160.21,0.0485,1,2,EXACT_OR_NEAR_OPTIMAL
481,Bijan Robinson,RB,Alvin Kamara / Bryce Lance / Drake London / Falcons / Tyler Shough,49700,49500-49900,3-3,1,103.81,131.8,140.02,158.63,0.0485,1,2,EXACT_OR_NEAR_OPTIMAL
581,Bijan Robinson,RB,Austin Hooper / Jahan Dotson / Juwan Johnson / Michael Penix Jr. / Tyler Shough,49500,49500-49900,4-2,1,101.14,134.77,146.66,166.89,0.0485,2,3,EXACT_OR_NEAR_OPTIMAL
1548,Chris Olave,WR,Alvin Kamara / Charlie Woerner / Drake London / Saints / Tyler Shough,47600,<48000,2-4,1,101.78,134.52,144.55,167.48,0.0485,1,1,EXACT_OR_NEAR_OPTIMAL
1680,Chris Olave,WR,Bijan Robinson / Bryce Lance / Drake London / Falcons / Nick Folk,48800,48000-48900,4-2,0,101.42,132.42,140.76,160.09,0.0485,1,0,EXACT_OR_NEAR_OPTIMAL
2433,Drake London,WR,Alvin Kamara / CJ Donaldson / Juwan Johnson / Michael Penix Jr. / Tyler Shough,49400,49000-49400,2-4,1,98.56,133.35,144.73,165.17,0.0485,0,2,EXACT_OR_NEAR_OPTIMAL
2660,Drake London,WR,Bryce Lance / Chris Olave / Daniel Carlson / Devaughn Vele / Tyler Shough,49800,49500-49900,1-5,1,100.67,135.35,145.17,164.65,0.0485,0,2,EXACT_OR_NEAR_OPTIMAL
3333,Juwan Johnson,TE,Bijan Robinson / Drake London / Jahan Dotson / Saints / Tyler Shough,49700,49500-49900,3-3,0,103.57,134.41,143.88,165.2,0.0485,1,1,EXACT_OR_NEAR_OPTIMAL
3370,Juwan Johnson,TE,Chris Olave / Daniel Carlson / Michael Penix Jr. / Saints / Tyler Shough,49500,49500-49900,1-5,1,102.72,135.11,146.44,169.87,0.0485,0,3,EXACT_OR_NEAR_OPTIMAL
3990,Nick Folk,K,Alvin Kamara / Bijan Robinson / Bryce Lance / Chris Olave / Tyler Shough,49100,49000-49400,2-4,1,102.73,132.05,141.27,164.94,0.0485,1,1,EXACT_OR_NEAR_OPTIMAL
4548,Saints,DST,Bijan Robinson / Chris Olave / Drake London / Falcons / Juwan Johnson,49900,49500-49900,3-3,0,103.64,130.17,138.6,153.07,0.0485,1,1,EXACT_OR_NEAR_OPTIMAL
4790,Treyton Welch,TE,Bijan Robinson / Chris Olave / Drake London / Juwan Johnson / Michael Penix Jr.,49300,49000-49400,3-3,1,106.26,139.55,149.77,168.66,0.0485,0,3,FORCED_CAPTAIN
5054,Tyler Shough,QB,Alvin Kamara / Chris Olave / Falcons / Juwan Johnson / Nick Folk,48600,48000-48900,2-4,1,102.66,134.22,145.19,171.07,0.0485,0,1,FORCED_CAPTAIN
49,Alvin Kamara,RB,Bijan Robinson / Chris Olave / Daniel Carlson / Drake London / Olamide Zaccheaus,49900,49500-49900,3-3,0,103.55,130.75,141.62,155.3,0.048,0,0,FORCED_CAPTAIN
661,Bijan Robinson,RB,Charlie Woerner / Drake London / Jahan Dotson / Michael Penix Jr. / Tyler Shough,49900,49500-49900,5-1,1,101.95,135.56,145.99,163.73,0.048,1,4,EXACT_OR_NEAR_OPTIMAL
1672,Chris Olave,WR,Bijan Robinson / Brian Robinson Jr. / Nick Folk / Olamide Zaccheaus / Tyler Shough,48800,48000-48900,4-2,0,102.43,135.49,145.85,169.55,0.048,1,0,EXACT_OR_NEAR_OPTIMAL
1791,Chris Olave,WR,Brian Robinson Jr. / Jahan Dotson / Juwan Johnson / Michael Penix Jr. / Tyler Shough,49000,49000-49400,3-3,1,101.72,137.06,149.33,178.1,0.048,2,2,EXACT_OR_NEAR_OPTIMAL
1805,Chris Olave,WR,Bryce Lance / Devaughn Vele / Juwan Johnson / Nick Folk / Tyler Shough,48200,48000-48900,1-5,1,98.89,135.22,146.14,171.77,0.048,1,2,EXACT_OR_NEAR_OPTIMAL
1914,Chris Olave,WR,Falcons / Jahan Dotson / Juwan Johnson / Michael Penix Jr. / Tyler Shough,48800,48000-48900,3-3,1,102.43,134.78,148.73,177.03,0.048,0,2,EXACT_OR_NEAR_OPTIMAL
3161,Juwan Johnson,TE,Alvin Kamara / Bijan Robinson / CJ Donaldson / Michael Penix Jr. / Tyler Shough,49900,49500-49900,2-4,1,102.35,135.41,146.8,166.04,0.048,1,2,EXACT_OR_NEAR_OPTIMAL
3217,Juwan Johnson,TE,Alvin Kamara / Chris Olave / Nick Folk / Saints / Tyler Shough,48100,48000-48900,1-5,1,100.48,132.06,143.71,170.09,0.048,0,2,EXACT_OR_NEAR_OPTIMAL
3306,Juwan Johnson,TE,Bijan Robinson / Chris Olave / Daniel Carlson / Drake London / Kevin Austin Jr.,49300,49000-49400,2-4,0,105.43,135.87,147.44,165.52,0.048,0,1,FORCED_CAPTAIN
3326,Juwan Johnson,TE,Bijan Robinson / Daniel Carlson / Jahan Dotson / Michael Penix Jr. / Tyler Shough,49300,49000-49400,3-3,1,100.8,132.69,144.5,167.19,0.048,2,2,EXACT_OR_NEAR_OPTIMAL
3334,Juwan Johnson,TE,Bijan Robinson / Drake London / Nick Folk / Olamide Zaccheaus / Tyler Shough,49900,49500-49900,4-2,0,103.28,134.73,143.89,167.12,0.048,2,1,EXACT_OR_NEAR_OPTIMAL
5197,Tyler Shough,QB,Brian Robinson Jr. / Chris Olave / Devaughn Vele / Juwan Johnson / Nick Folk,49600,49500-49900,2-4,1,99.33,135.25,146.46,170.07,0.048,0,1,EXACT_OR_NEAR_OPTIMAL
135,Alvin Kamara,RB,Chris Olave / Drake London / Falcons / Nick Folk / Tyler Shough,49900,49500-49900,3-3,1,102.55,131.41,140.66,160.79,0.0475,1,1,EXACT_OR_NEAR_OPTIMAL
527,Bijan Robinson,RB,Alvin Kamara / Daniel Carlson / Falcons / Juwan Johnson / Michael Penix Jr.,49500,49500-49900,3-3,0,98.64,127.43,136.85,152.18,0.0475,2,1,EXACT_OR_NEAR_OPTIMAL
554,Bijan Robinson,RB,Austin Hooper / Brian Robinson Jr. / Chris Olave / Daniel Carlson / Drake London,49900,49500-49900,4-2,0,102.24,131.81,141.9,159.98,0.0475,2,1,EXACT_OR_NEAR_OPTIMAL
575,Bijan Robinson,RB,Austin Hooper / Chris Olave / Juwan Johnson / Michael Penix Jr. / Olamide Zaccheaus,49700,49500-49900,4-2,1,102.77,135.28,146.47,165.66,0.0475,2,3,EXACT_OR_NEAR_OPTIMAL
1459,Chris Olave,WR,Alvin Kamara / Austin Hooper / Bijan Robinson / Juwan Johnson / Saints,49400,49000-49400,2-4,0,104.81,132.75,142.37,165.3,0.0475,1,0,EXACT_OR_NEAR_OPTIMAL
1521,Chris Olave,WR,Alvin Kamara / Brian Robinson Jr. / Devaughn Vele / Nick Folk / Tyler Shough,49800,49500-49900,2-4,1,98.7,132.6,143.82,164.64,0.0475,2,1,EXACT_OR_NEAR_OPTIMAL
1707,Chris Olave,WR,Bijan Robinson / Daniel Carlson / Devaughn Vele / Falcons / Nick Folk,49600,49500-49900,3-3,0,97.95,126.29,135.97,153.16,0.0475,1,0,EXACT_OR_NEAR_OPTIMAL
1764,Chris Olave,WR,Brian Robinson Jr. / CJ Donaldson / Drake London / Michael Penix Jr. / Tyler Shough,50000,50000,3-3,1,102.15,138.47,149.26,174.36,0.0475,2,3,EXACT_OR_NEAR_OPTIMAL
1801,Chris Olave,WR,Bryce Lance / Daniel Carlson / Juwan Johnson / Michael Penix Jr. / Tyler Shough,48800,48000-48900,1-5,1,103.74,138.33,150.01,176.18,0.0475,1,3,EXACT_OR_NEAR_OPTIMAL
5198,Tyler Shough,QB,Brian Robinson Jr. / Chris Olave / Devaughn Vele / Juwan Johnson / Saints,48400,48000-48900,1-5,1,97.8,132.25,143.89,169.21,0.0475,1,2,EXACT_OR_NEAR_OPTIMAL
601,Bijan Robinson,RB,Brian Robinson Jr. / Chris Olave / Falcons / Juwan Johnson / Nick Folk,48700,48000-48900,4-2,0,99.6,128.5,137.29,157.04,0.047,3,1,EXACT_OR_NEAR_OPTIMAL
1553,Chris Olave,WR,Alvin Kamara / Daniel Carlson / Drake London / Jahan Dotson / Michael Penix Jr.,50000,50000,3-3,1,100.85,132.89,144.47,166.16,0.047,1,2,EXACT_OR_NEAR_OPTIMAL
1762,Chris Olave,WR,Bijan Robinson / Nick Folk / Saints / Treyton Welch / Tyler Shough,47400,<48000,2-4,1,103.29,134.22,143.74,166.79,0.047,1,1,EXACT_OR_NEAR_OPTIMAL
1787,Chris Olave,WR,Brian Robinson Jr. / Drake London / Juwan Johnson / Kevin Austin Jr. / Tyler Shough,47800,<48000,2-4,1,102.9,138.28,150.15,176.05,0.047,1,2,EXACT_OR_NEAR_OPTIMAL
2107,Daniel Carlson,K,Bijan Robinson / Bryce Lance / Chris Olave / Juwan Johnson / Tyler Shough,48600,48000-48900,1-5,1,105.6,136.14,147.04,168.22,0.047,0,3,FORCED_CAPTAIN
2307,Devaughn Vele,WR,Cal Adomitis / Chris Olave / Drake London / Juwan Johnson / Tyler Shough,49700,49500-49900,1-5,1,101.36,136.93,149.21,172.88,0.047,0,3,FORCED_CAPTAIN
2372,Drake London,WR,Alvin Kamara / Bijan Robinson / Bryce Lance / Michael Penix Jr. / Nick Folk,50000,50000,4-2,1,96.65,128.25,138.35,157.11,0.047,1,2,EXACT_OR_NEAR_OPTIMAL
2440,Drake London,WR,Alvin Kamara / Chris Olave / Daniel Carlson / Jahan Dotson / Michael Penix Jr.,49600,49500-49900,3-3,1,98.1,131.69,143.13,163.19,0.047,4,1,EXACT_OR_NEAR_OPTIMAL
2550,Drake London,WR,Austin Hooper / Bryce Lance / Chris Olave / Michael Penix Jr. / Tyler Shough,49000,49000-49400,3-3,1,100.48,137.86,150.39,169.96,0.047,1,2,EXACT_OR_NEAR_OPTIMAL
3330,Juwan Johnson,TE,Bijan Robinson / Devaughn Vele / Michael Penix Jr. / Treyton Welch / Tyler Shough,49500,49500-49900,2-4,1,100.88,134.32,145.92,169.71,0.047,1,2,EXACT_OR_NEAR_OPTIMAL
1466,Chris Olave,WR,Alvin Kamara / Austin Hooper / Daniel Carlson / Michael Penix Jr. / Tyler Shough,49400,49000-49400,2-4,1,102.37,135.29,145.51,167.24,0.0465,0,1,EXACT_OR_NEAR_OPTIMAL
1528,Chris Olave,WR,Alvin Kamara / Brian Robinson Jr. / Drake London / Olamide Zaccheaus / Tyler Shough,48600,48000-48900,3-3,1,102.19,136.91,147.46,172.18,0.0465,0,1,EXACT_OR_NEAR_OPTIMAL
1608,Chris Olave,WR,Austin Hooper / Bijan Robinson / Brian Robinson Jr. / Daniel Carlson / Tyler Shough,49000,49000-49400,3-3,0,104.08,135.78,146.83,167.78,0.0465,1,0,EXACT_OR_NEAR_OPTIMAL
1659,Chris Olave,WR,Bijan Robinson / Brian Robinson Jr. / Daniel Carlson / Juwan Johnson / Nick Folk,49400,49000-49400,3-3,0,102.21,131.77,141.59,159.55,0.0465,4,0,EXACT_OR_NEAR_OPTIMAL
1880,Chris Olave,WR,Devaughn Vele / Drake London / Saints / Treyton Welch / Tyler Shough,48000,48000-48900,1-5,1,100.44,134.12,144.67,170.83,0.0465,1,2,EXACT_OR_NEAR_OPTIMAL
1887,Chris Olave,WR,Devaughn Vele / Jahan Dotson / Juwan Johnson / Saints / Tyler Shough,48200,48000-48900,1-5,1,98.87,132.74,145.51,171.09,0.0465,1,2,EXACT_OR_NEAR_OPTIMAL
2483,Drake London,WR,Alvin Kamara / Daniel Carlson / Juwan Johnson / Saints / Tyler Shough,48000,48000-48900,1-5,1,97.43,127.8,137.67,156.5,0.0465,2,2,EXACT_OR_NEAR_OPTIMAL
2599,Drake London,WR,Bijan Robinson / Charlie Woerner / Juwan Johnson / Nick Folk / Tyler Shough,49800,49500-49900,4-2,0,103.31,135.21,143.77,165.51,0.0465,1,1,EXACT_OR_NEAR_OPTIMAL
3343,Juwan Johnson,TE,Brian Robinson Jr. / Chris Olave / Drake London / Falcons / Tyler Shough,48900,48000-48900,3-3,1,102.91,135.61,147.84,170.91,0.0465,1,2,EXACT_OR_NEAR_OPTIMAL
4497,Saints,DST,Alvin Kamara / Bijan Robinson / Devaughn Vele / Juwan Johnson / Tyler Shough,49900,49500-49900,1-5,1,99.15,126.65,135.82,154.47,0.0465,3,2,EXACT_OR_NEAR_OPTIMAL
5215,Tyler Shough,QB,Bryce Lance / Chris Olave / Devaughn Vele / Drake London / Saints,49000,49000-49400,1-5,1,99.82,134.68,145.51,165.02,0.0465,1,2,EXACT_OR_NEAR_OPTIMAL
469,Bijan Robinson,RB,Alvin Kamara / Brian Robinson Jr. / Falcons / Juwan Johnson / Tyler Shough,49100,49000-49400,3-3,1,101.8,131.21,140.42,157.03,0.046,1,2,EXACT_OR_NEAR_OPTIMAL
631,Bijan Robinson,RB,Bryce Lance / Drake London / Michael Penix Jr. / Treyton Welch / Tyler Shough,48300,48000-48900,3-3,1,101.72,135.25,145.61,162.33,0.046,1,3,EXACT_OR_NEAR_OPTIMAL
717,Bijan Robinson,RB,Daniel Carlson / Juwan Johnson / Nick Folk / Saints / Tyler Shough,49100,49000-49400,2-4,0,100.61,127.89,137.52,152.59,0.046,1,1,EXACT_OR_NEAR_OPTIMAL
1593,Chris Olave,WR,Alvin Kamara / Falcons / Michael Penix Jr. / Saints / Tyler Shough,49600,49500-49900,2-4,1,102.39,131.8,142.31,166.05,0.046,0,1,EXACT_OR_NEAR_OPTIMAL
1761,Chris Olave,WR,Bijan Robinson / Kyle Pitts Sr. / Nick Folk / Treyton Welch / Tyler Shough,49000,49000-49400,3-3,1,101.91,135.23,145.84,168.05,0.046,1,1,EXACT_OR_NEAR_OPTIMAL
1835,Chris Olave,WR,Daniel Carlson / Devaughn Vele / Jahan Dotson / Juwan Johnson / Tyler Shough,48800,48000-48900,1-5,1,100.74,135.53,148.04,170.99,0.046,1,2,EXACT_OR_NEAR_OPTIMAL
2119,Daniel Carlson,K,Bijan Robinson / Chris Olave / Drake London / Kevin Austin Jr. / Michael Penix Jr.,49600,49500-49900,3-3,1,101.14,133.35,142.46,161.78,0.046,1,2,EXACT_OR_NEAR_OPTIMAL
2391,Drake London,WR,Alvin Kamara / Bijan Robinson / Nick Folk / Treyton Welch / Tyler Shough,49000,49000-49400,3-3,1,102.23,132.37,141.3,158.36,0.046,0,1,FORCED_CAPTAIN
2485,Drake London,WR,Alvin Kamara / Daniel Carlson / Michael Penix Jr. / Saints / Tyler Shough,49600,49500-49900,2-4,0,96.96,128.25,138.88,158.69,0.046,1,0,EXACT_OR_NEAR_OPTIMAL
2549,Drake London,WR,Austin Hooper / Brian Robinson Jr. / Chris Olave / Juwan Johnson / Tyler Shough,49400,49000-49400,3-3,1,103.11,138.47,150.51,175.72,0.046,0,2,EXACT_OR_NEAR_OPTIMAL
3404,Juwan Johnson,TE,Daniel Carlson / Drake London / Michael Penix Jr. / Nick Folk / Tyler Shough,49900,49500-49900,3-3,0,98.75,131.23,143.29,162.77,0.046,3,1,EXACT_OR_NEAR_OPTIMAL
4505,Saints,DST,Alvin Kamara / Chris Olave / Daniel Carlson / Drake London / Tyler Shough,48500,48000-48900,1-5,1,100.24,127.96,137.55,153.13,0.046,0,2,FORCED_CAPTAIN
4976,Tyler Shough,QB,Alvin Kamara / Barion Brown / Bijan Robinson / Devaughn Vele / Juwan Johnson,49600,49500-49900,1-5,1,100.74,133.57,142.91,166.45,0.046,0,2,FORCED_CAPTAIN
5013,Tyler Shough,QB,Alvin Kamara / Brian Robinson Jr. / Chris Olave / Juwan Johnson / Saints,47600,<48000,1-5,1,100.42,133.33,143.38,167.82,0.046,0,2,FORCED_CAPTAIN
5053,Tyler Shough,QB,Alvin Kamara / Chris Olave / Drake London / Nick Folk / Treyton Welch,47800,<48000,2-4,1,102.85,136.66,145.58,165.28,0.046,1,1,EXACT_OR_NEAR_OPTIMAL
5110,Tyler Shough,QB,Austin Hooper / Chris Olave / Daniel Carlson / Juwan Johnson / Michael Penix Jr.,49200,49000-49400,2-4,1,103.0,137.64,149.71,175.13,0.046,0,2,EXACT_OR_NEAR_OPTIMAL
5111,Tyler Shough,QB,Austin Hooper / Chris Olave / Devaughn Vele / Drake London / Saints,50000,50000,2-4,1,100.81,134.63,145.5,164.69,0.046,1,2,EXACT_OR_NEAR_OPTIMAL
5188,Tyler Shough,QB,Brian Robinson Jr. / Bryce Lance / Chris Olave / Drake London / Juwan Johnson,48200,48000-48900,2-4,1,103.14,139.36,151.86,175.95,0.046,1,2,EXACT_OR_NEAR_OPTIMAL
63,Alvin Kamara,RB,Bijan Robinson / Chris Olave / Juwan Johnson / Michael Penix Jr. / Treyton Welch,49700,49500-49900,2-4,0,105.77,134.57,144.49,166.49,0.0455,0,1,FORCED_CAPTAIN
149,Alvin Kamara,RB,Chris Olave / Juwan Johnson / Michael Penix Jr. / Olamide Zaccheaus / Tyler Shough,49300,49000-49400,2-4,1,102.71,137.11,147.21,170.72,0.0455,1,2,EXACT_OR_NEAR_OPTIMAL
510,Bijan Robinson,RB,Alvin Kamara / Chris Olave / Jahan Dotson / Michael Penix Jr. / Olamide Zaccheaus,49500,49500-49900,4-2,1,100.93,131.87,142.64,160.47,0.0455,1,2,EXACT_OR_NEAR_OPTIMAL
539,Bijan Robinson,RB,Alvin Kamara / Drake London / Falcons / Michael Penix Jr. / Olamide Zaccheaus,49300,49000-49400,5-1,1,96.81,128.43,137.08,154.0,0.0455,2,3,EXACT_OR_NEAR_OPTIMAL
567,Bijan Robinson,RB,Austin Hooper / Chris Olave / Devaughn Vele / Kevin Austin Jr. / Tyler Shough,49500,49500-49900,2-4,1,102.84,137.0,145.04,164.97,0.0455,1,2,EXACT_OR_NEAR_OPTIMAL
683,Bijan Robinson,RB,Chris Olave / Drake London / Falcons / Nick Folk / Treyton Welch,47700,<48000,4-2,0,100.51,129.44,139.22,154.54,0.0455,1,1,EXACT_OR_NEAR_OPTIMAL
1645,Chris Olave,WR,Austin Hooper / Drake London / Juwan Johnson / Olamide Zaccheaus / Tyler Shough,48000,48000-48900,3-3,1,103.37,139.34,152.27,177.52,0.0455,1,2,EXACT_OR_NEAR_OPTIMAL
1714,Chris Olave,WR,Bijan Robinson / Daniel Carlson / Falcons / Michael Penix Jr. / Saints,49600,49500-49900,3-3,0,100.93,128.47,137.17,152.83,0.0455,2,0,EXACT_OR_NEAR_OPTIMAL
2458,Drake London,WR,Alvin Kamara / Chris Olave / Nick Folk / Treyton Welch / Tyler Shough,48000,48000-48900,2-4,1,101.83,134.96,145.54,162.99,0.0455,0,1,EXACT_OR_NEAR_OPTIMAL
2729,Drake London,WR,Chris Olave / Kendre Miller / Michael Penix Jr. / Treyton Welch / Tyler Shough,49600,49500-49900,2-4,1,99.35,136.19,148.14,168.84,0.0455,0,2,EXACT_OR_NEAR_OPTIMAL
3173,Juwan Johnson,TE,Alvin Kamara / Bijan Robinson / Devaughn Vele / Olamide Zaccheaus / Tyler Shough,49300,49000-49400,2-4,1,99.78,132.36,143.42,167.33,0.0455,1,1,EXACT_OR_NEAR_OPTIMAL
3177,Juwan Johnson,TE,Alvin Kamara / Bijan Robinson / Drake London / Michael Penix Jr. / Treyton Welch,49100,49000-49400,3-3,1,101.46,133.59,144.45,164.95,0.0455,0,2,FORCED_CAPTAIN
3323,Juwan Johnson,TE,Bijan Robinson / Daniel Carlson / Devaughn Vele / Saints / Tyler Shough,49300,49000-49400,1-5,1,98.61,128.65,139.15,160.63,0.0455,2,2,EXACT_OR_NEAR_OPTIMAL
3907,Michael Penix Jr.,QB,Bijan Robinson / Cal Adomitis / Chris Olave / Drake London / Jahan Dotson,49300,49000-49400,4-2,1,100.12,133.18,145.5,164.69,0.0455,0,2,FORCED_CAPTAIN
3910,Michael Penix Jr.,QB,Bijan Robinson / Charlie Woerner / Chris Olave / Drake London / Jahan Dotson,49700,49500-49900,5-1,1,100.14,133.18,145.44,164.69,0.0455,1,3,EXACT_OR_NEAR_OPTIMAL
4346,Olamide Zaccheaus,WR,Chris Olave / Drake London / Juwan Johnson / Michael Penix Jr. / Tyler Shough,49800,49500-49900,3-3,1,103.59,138.73,152.72,176.83,0.0455,1,3,EXACT_OR_NEAR_OPTIMAL
5165,Tyler Shough,QB,Bijan Robinson / Chris Olave / Daniel Carlson / Falcons / Saints,49600,49500-49900,2-4,0,105.89,134.01,140.8,160.22,0.0455,1,0,EXACT_OR_NEAR_OPTIMAL
5245,Tyler Shough,QB,Chris Olave / Devaughn Vele / Falcons / Juwan Johnson / Nick Folk,49400,49000-49400,2-4,1,100.04,133.68,146.2,168.6,0.0455,1,1,EXACT_OR_NEAR_OPTIMAL
27,Alvin Kamara,RB,Bijan Robinson / Brian Robinson Jr. / Chris Olave / Jahan Dotson / Tyler Shough,49500,49500-49900,3-3,1,103.88,133.06,144.02,163.7,0.045,0,1,FORCED_CAPTAIN
54,Alvin Kamara,RB,Bijan Robinson / Chris Olave / Daniel Carlson / Treyton Welch / Tyler Shough,47700,<48000,1-5,1,104.8,132.85,143.48,163.11,0.045,0,2,FORCED_CAPTAIN
1868,Chris Olave,WR,Daniel Carlson / Juwan Johnson / Nick Folk / Saints / Tyler Shough,47600,<48000,1-5,1,100.01,131.75,142.19,169.32,0.045,0,2,EXACT_OR_NEAR_OPTIMAL
1924,Chris Olave,WR,Juwan Johnson / Michael Penix Jr. / Nick Folk / Treyton Welch / Tyler Shough,47800,<48000,2-4,1,102.29,138.0,149.32,175.53,0.045,0,2,EXACT_OR_NEAR_OPTIMAL
2344,Drake London,WR,Alvin Kamara / Austin Hooper / Bijan Robinson / Michael Penix Jr. / Saints,49800,49500-49900,4-2,1,96.11,126.4,136.83,156.97,0.045,2,1,EXACT_OR_NEAR_OPTIMAL
2346,Drake London,WR,Alvin Kamara / Austin Hooper / Chris Olave / Daniel Carlson / Michael Penix Jr.,49400,49000-49400,3-3,1,97.59,130.43,140.9,162.67,0.045,0,1,EXACT_OR_NEAR_OPTIMAL
2647,Drake London,WR,Brian Robinson Jr. / Daniel Carlson / Juwan Johnson / Michael Penix Jr. / Tyler Shough,49600,49500-49900,3-3,1,97.67,131.65,144.94,166.56,0.045,1,2,EXACT_OR_NEAR_OPTIMAL
2857,Falcons,DST,Bijan Robinson / Chris Olave / Drake London / Jahan Dotson / Michael Penix Jr.,50000,50000,5-1,1,100.39,131.29,141.4,158.82,0.045,1,4,EXACT_OR_NEAR_OPTIMAL
3148,Juwan Johnson,TE,Alvin Kamara / Austin Hooper / Chris Olave / Devaughn Vele / Tyler Shough,49100,49000-49400,1-5,1,100.7,136.5,147.22,174.27,0.045,1,2,EXACT_OR_NEAR_OPTIMAL
3872,Michael Penix Jr.,QB,Austin Hooper / Bijan Robinson / Chris Olave / Drake London / Treyton Welch,49100,49000-49400,4-2,1,100.9,133.86,145.26,166.12,0.045,0,2,FORCED_CAPTAIN
5006,Tyler Shough,QB,Alvin Kamara / Bijan Robinson / Jahan Dotson / Juwan Johnson / Nick Folk,49000,49000-49400,3-3,1,101.67,133.68,142.27,158.84,0.045,2,1,EXACT_OR_NEAR_OPTIMAL
5184,Tyler Shough,QB,Bijan Robinson / Drake London / Juwan Johnson / Kevin Austin Jr. / Nick Folk,49800,49500-49900,3-3,1,104.74,136.47,145.96,164.73,0.045,1,2,EXACT_OR_NEAR_OPTIMAL
0,Alvin Kamara,RB,Austin Hooper / Bijan Robinson / Brian Robinson Jr. / Chris Olave / Tyler Shough,49300,49000-49400,3-3,1,103.37,133.27,142.44,162.87,0.0445,1,1,EXACT_OR_NEAR_OPTIMAL
463,Bijan Robinson,RB,Alvin Kamara / Brian Robinson Jr. / Chris Olave / Jahan Dotson / Juwan Johnson,49700,49500-49900,3-3,0,103.88,135.26,142.48,163.38,0.0445,1,1,EXACT_OR_NEAR_OPTIMAL
561,Bijan Robinson,RB,Austin Hooper / Cal Adomitis / Drake London / Michael Penix Jr. / Tyler Shough,49300,49000-49400,4-2,1,101.42,135.45,145.45,162.64,0.0445,1,3,EXACT_OR_NEAR_OPTIMAL
685,Bijan Robinson,RB,Chris Olave / Drake London / Jahan Dotson / Juwan Johnson / Kevin Austin Jr.,49700,49500-49900,3-3,0,106.28,137.62,149.17,165.82,0.0445,1,2,EXACT_OR_NEAR_OPTIMAL
721,Bijan Robinson,RB,Drake London / Falcons / Juwan Johnson / Michael Penix Jr. / Treyton Welch,47900,<48000,4-2,1,98.38,130.13,141.03,157.71,0.0445,1,3,EXACT_OR_NEAR_OPTIMAL
1636,Chris Olave,WR,Austin Hooper / Devaughn Vele / Drake London / Falcons / Tyler Shough,50000,50000,3-3,1,101.6,136.13,144.74,172.07,0.0445,1,2,EXACT_OR_NEAR_OPTIMAL
1831,Chris Olave,WR,Daniel Carlson / Devaughn Vele / Drake London / Kevin Austin Jr. / Tyler Shough,49200,49000-49400,1-5,1,101.45,135.91,147.47,169.15,0.0445,1,2,EXACT_OR_NEAR_OPTIMAL
2694,Drake London,WR,Chris Olave / Daniel Carlson / Falcons / Nick Folk / Tyler Shough,49200,49000-49400,3-3,0,100.51,130.96,138.74,161.8,0.0445,0,0,EXACT_OR_NEAR_OPTIMAL
3264,Juwan Johnson,TE,Austin Hooper / Bijan Robinson / Daniel Carlson / Michael Penix Jr. / Tyler Shough,49100,49000-49400,3-3,1,100.29,133.33,144.78,164.12,0.0445,1,2,EXACT_OR_NEAR_OPTIMAL
3293,Juwan Johnson,TE,Bijan Robinson / Brian Robinson Jr. / Drake London / Falcons / Tyler Shough,49900,49500-49900,4-2,0,103.3,132.86,143.75,164.7,0.0445,1,1,EXACT_OR_NEAR_OPTIMAL
5056,Tyler Shough,QB,Alvin Kamara / Chris Olave / Jahan Dotson / Juwan Johnson / Nick Folk,48000,48000-48900,2-4,1,101.28,135.42,147.69,172.3,0.0445,0,1,FORCED_CAPTAIN
5060,Tyler Shough,QB,Alvin Kamara / Chris Olave / Juwan Johnson / Kendre Miller / Nick Folk,50000,50000,1-5,1,100.75,134.03,144.79,176.6,0.0445,1,3,EXACT_OR_NEAR_OPTIMAL
605,Bijan Robinson,RB,Brian Robinson Jr. / Chris Olave / Nick Folk / Olamide Zaccheaus / Tyler Shough,49300,49000-49400,4-2,0,102.62,134.89,143.8,162.91,0.044,1,1,EXACT_OR_NEAR_OPTIMAL
627,Bijan Robinson,RB,Bryce Lance / Daniel Carlson / Devaughn Vele / Juwan Johnson / Tyler Shough,49100,49000-49400,1-5,1,99.83,131.84,140.17,161.49,0.044,3,3,EXACT_OR_NEAR_OPTIMAL
689,Bijan Robinson,RB,Chris Olave / Falcons / Jahan Dotson / Michael Penix Jr. / Nick Folk,49500,49500-49900,5-1,1,98.47,127.77,137.2,155.86,0.044,1,3,EXACT_OR_NEAR_OPTIMAL
1532,Chris Olave,WR,Alvin Kamara / Brian Robinson Jr. / Juwan Johnson / Kyle Pitts Sr. / Tyler Shough,49800,49500-49900,2-4,1,100.77,135.71,145.79,171.99,0.044,1,1,EXACT_OR_NEAR_OPTIMAL
1684,Chris Olave,WR,Bijan Robinson / Bryce Lance / Falcons / Saints / Tyler Shough,47200,<48000,2-4,1,101.93,132.44,141.84,166.92,0.044,2,1,EXACT_OR_NEAR_OPTIMAL
1760,Chris Olave,WR,Bijan Robinson / Kevin Austin Jr. / Michael Penix Jr. / Tyler Shough / Zachariah Branch,49800,49500-49900,3-3,1,104.15,138.72,149.86,175.44,0.044,1,2,EXACT_OR_NEAR_OPTIMAL
1823,Chris Olave,WR,Cal Adomitis / Drake London / Jahan Dotson / Michael Penix Jr. / Tyler Shough,48000,48000-48900,3-3,1,101.34,137.52,149.26,175.8,0.044,0,2,EXACT_OR_NEAR_OPTIMAL
2789,Falcons,DST,Alvin Kamara / Bijan Robinson / Chris Olave / Drake London / Saints,49200,49000-49400,3-3,0,100.81,125.38,133.05,146.74,0.044,2,0,EXACT_OR_NEAR_OPTIMAL
3158,Juwan Johnson,TE,Alvin Kamara / Bijan Robinson / Brian Robinson Jr. / Nick Folk / Tyler Shough,48700,48000-48900,3-3,1,99.23,129.02,140.73,157.61,0.044,2,1,EXACT_OR_NEAR_OPTIMAL
3925,Michael Penix Jr.,QB,Bijan Robinson / Chris Olave / Jahan Dotson / Treyton Welch / Tyler Shough,48900,48000-48900,3-3,1,103.45,136.78,147.71,167.39,0.044,0,2,FORCED_CAPTAIN
4361,Oscar Delp,TE,Alvin Kamara / Bijan Robinson / Chris Olave / Drake London / Tyler Shough,49800,49500-49900,2-4,1,108.18,139.56,148.77,165.54,0.044,0,2,EXACT_OR_NEAR_OPTIMAL
4967,Tyler Shough,QB,Alvin Kamara / Austin Hooper / Chris Olave / Juwan Johnson / Nick Folk,47800,<48000,2-4,1,100.77,135.12,145.66,174.4,0.044,0,1,EXACT_OR_NEAR_OPTIMAL
5178,Tyler Shough,QB,Bijan Robinson / Daniel Carlson / Drake London / Juwan Johnson / Kevin Austin Jr.,49200,49000-49400,2-4,1,105.09,136.9,146.55,166.33,0.044,1,2,EXACT_OR_NEAR_OPTIMAL
5189,Tyler Shough,QB,Brian Robinson Jr. / Bryce Lance / Chris Olave / Drake London / Michael Penix Jr.,49800,49500-49900,3-3,1,102.67,137.76,151.19,173.5,0.044,0,2,EXACT_OR_NEAR_OPTIMAL
68,Alvin Kamara,RB,Bijan Robinson / Chris Olave / Olamide Zaccheaus / Saints / Tyler Shough,48900,48000-48900,2-4,1,103.71,131.17,141.25,164.09,0.0435,0,1,FORCED_CAPTAIN
83,Alvin Kamara,RB,Bijan Robinson / Drake London / Juwan Johnson / Michael Penix Jr. / Treyton Welch,48900,48000-48900,3-3,1,100.28,131.15,140.51,157.26,0.0435,0,2,FORCED_CAPTAIN
181,Alvin Kamara,RB,Drake London / Jahan Dotson / Juwan Johnson / Michael Penix Jr. / Tyler Shough,49500,49500-49900,3-3,1,99.04,132.74,143.2,161.81,0.0435,2,2,EXACT_OR_NEAR_OPTIMAL
468,Bijan Robinson,RB,Alvin Kamara / Brian Robinson Jr. / Drake London / Falcons / Juwan Johnson,49500,49500-49900,4-2,0,99.76,128.12,136.69,153.86,0.0435,1,1,EXACT_OR_NEAR_OPTIMAL
564,Bijan Robinson,RB,Austin Hooper / Chris Olave / Daniel Carlson / Falcons / Michael Penix Jr.,48700,48000-48900,4-2,1,98.31,128.46,136.98,154.48,0.0435,2,2,EXACT_OR_NEAR_OPTIMAL
668,Bijan Robinson,RB,Chris Olave / Daniel Carlson / Falcons / Jahan Dotson / Michael Penix Jr.,48900,48000-48900,4-2,1,98.82,128.73,138.12,152.72,0.0435,1,2,EXACT_OR_NEAR_OPTIMAL
1454,Chris Olave,WR,Alvin Kamara / Austin Hooper / Bijan Robinson / Bryce Lance / Drake London,49600,49500-49900,3-3,0,105.18,136.29,146.56,164.42,0.0435,1,0,EXACT_OR_NEAR_OPTIMAL
1552,Chris Olave,WR,Alvin Kamara / Daniel Carlson / Drake London / Falcons / Juwan Johnson,49000,49000-49400,2-4,0,102.69,132.72,141.46,159.15,0.0435,1,0,EXACT_OR_NEAR_OPTIMAL
1822,Chris Olave,WR,Cal Adomitis / Devaughn Vele / Drake London / Nick Folk / Tyler Shough,49200,49000-49400,2-4,1,100.68,136.57,145.16,169.9,0.0435,1,1,EXACT_OR_NEAR_OPTIMAL
2589,Drake London,WR,Bijan Robinson / CJ Donaldson / Daniel Carlson / Juwan Johnson / Michael Penix Jr.,49400,49000-49400,3-3,1,97.1,130.34,143.05,161.2,0.0435,1,2,EXACT_OR_NEAR_OPTIMAL
4121,Nick Muse,TE,Alvin Kamara / Bijan Robinson / Chris Olave / Drake London / Tyler Shough,49500,49500-49900,3-3,1,108.18,139.62,148.77,165.54,0.0435,0,2,EXACT_OR_NEAR_OPTIMAL
93,Alvin Kamara,RB,Bijan Robinson / Juwan Johnson / Michael Penix Jr. / Treyton Welch / Tyler Shough,48500,48000-48900,2-4,1,102.32,133.26,144.14,160.44,0.043,0,2,FORCED_CAPTAIN
128,Alvin Kamara,RB,Chris Olave / Devaughn Vele / Drake London / Treyton Welch / Tyler Shough,48900,48000-48900,1-5,1,101.6,134.28,143.56,162.58,0.043,0,2,FORCED_CAPTAIN
484,Bijan Robinson,RB,Alvin Kamara / CJ Donaldson / Chris Olave / Daniel Carlson / Juwan Johnson,49100,49000-49400,1-5,0,103.64,132.72,142.02,158.78,0.043,1,2,EXACT_OR_NEAR_OPTIMAL
1700,Chris Olave,WR,Bijan Robinson / Charlie Woerner / Devaughn Vele / Drake London / Falcons,50000,50000,4-2,0,102.08,132.4,142.72,162.32,0.043,1,1,EXACT_OR_NEAR_OPTIMAL
2132,Daniel Carlson,K,Bijan Robinson / Chris Olave / Juwan Johnson / Olamide Zaccheaus / Tyler Shough,48800,48000-48900,2-4,1,105.29,136.15,146.79,164.61,0.043,0,2,FORCED_CAPTAIN
4993,Tyler Shough,QB,Alvin Kamara / Bijan Robinson / Chris Olave / Kendre Miller / Treyton Welch,49200,49000-49400,1-5,1,104.36,135.81,146.05,169.33,0.043,1,2,EXACT_OR_NEAR_OPTIMAL
5096,Tyler Shough,QB,Alvin Kamara / Drake London / Juwan Johnson / Michael Penix Jr. / Treyton Welch,48000,48000-48900,2-4,1,100.72,134.83,146.67,167.26,0.043,0,2,EXACT_OR_NEAR_OPTIMAL
55,Alvin Kamara,RB,Bijan Robinson / Chris Olave / Daniel Carlson / Tyler Shough / Zachariah Branch,49900,49500-49900,2-4,1,103.9,132.01,142.35,162.04,0.0425,0,1,FORCED_CAPTAIN
528,Bijan Robinson,RB,Alvin Kamara / Daniel Carlson / Jahan Dotson / Juwan Johnson / Michael Penix Jr.,48900,48000-48900,3-3,1,97.26,127.23,137.54,156.76,0.0425,1,2,EXACT_OR_NEAR_OPTIMAL
630,Bijan Robinson,RB,Bryce Lance / Devaughn Vele / Juwan Johnson / Nick Folk / Tyler Shough,49700,49500-49900,2-4,1,99.48,131.08,141.39,162.14,0.0425,1,2,EXACT_OR_NEAR_OPTIMAL
1465,Chris Olave,WR,Alvin Kamara / Austin Hooper / Daniel Carlson / Drake London / Michael Penix Jr.,49800,49500-49900,3-3,1,100.34,132.57,142.82,163.86,0.0425,0,1,EXACT_OR_NEAR_OPTIMAL
2080,Daniel Carlson,K,Alvin Kamara / Chris Olave / Drake London / Saints / Tyler Shough,48800,48000-48900,1-5,1,101.18,129.65,139.03,152.26,0.0425,0,2,EXACT_OR_NEAR_OPTIMAL
2395,Drake London,WR,Alvin Kamara / Brian Robinson Jr. / Chris Olave / Falcons / Tyler Shough,49800,49500-49900,3-3,1,102.64,134.78,143.5,163.23,0.0425,2,1,EXACT_OR_NEAR_OPTIMAL
2482,Drake London,WR,Alvin Kamara / Daniel Carlson / Juwan Johnson / Nick Folk / Tyler Shough,49200,49000-49400,2-4,1,98.95,129.63,140.02,157.69,0.0425,0,1,EXACT_OR_NEAR_OPTIMAL
2574,Drake London,WR,Barion Brown / Devaughn Vele / Juwan Johnson / Michael Penix Jr. / Tyler Shough,50000,50000,2-4,1,95.72,131.03,145.07,169.0,0.0425,0,3,EXACT_OR_NEAR_OPTIMAL
2629,Drake London,WR,Bijan Robinson / Juwan Johnson / Kevin Austin Jr. / Saints / Tyler Shough,48800,48000-48900,2-4,1,102.2,133.41,142.96,163.59,0.0425,1,2,EXACT_OR_NEAR_OPTIMAL
2687,Drake London,WR,Chris Blair / Chris Olave / Juwan Johnson / Saints / Tyler Shough,48000,48000-48900,2-4,1,101.16,134.61,146.73,170.0,0.0425,1,2,EXACT_OR_NEAR_OPTIMAL
2745,Drake London,WR,Daniel Carlson / Falcons / Juwan Johnson / Michael Penix Jr. / Tyler Shough,49400,49000-49400,3-3,0,98.38,130.83,143.46,163.47,0.0425,0,1,EXACT_OR_NEAR_OPTIMAL
2747,Drake London,WR,Daniel Carlson / Jahan Dotson / Juwan Johnson / Michael Penix Jr. / Tyler Shough,48800,48000-48900,3-3,1,97.01,132.02,145.18,166.85,0.0425,1,2,EXACT_OR_NEAR_OPTIMAL
3253,Juwan Johnson,TE,Alvin Kamara / Drake London / Michael Penix Jr. / Olamide Zaccheaus / Tyler Shough,48700,48000-48900,3-3,1,98.4,133.12,144.66,166.75,0.0425,1,2,EXACT_OR_NEAR_OPTIMAL
3654,Kevin Austin Jr.,WR,Bijan Robinson / Chris Olave / Juwan Johnson / Michael Penix Jr. / Tyler Shough,49800,49500-49900,2-4,1,107.01,141.25,150.83,173.96,0.0425,0,3,EXACT_OR_NEAR_OPTIMAL
3909,Michael Penix Jr.,QB,Bijan Robinson / Cal Adomitis / Daniel Carlson / Drake London / Tyler Shough,49900,49500-49900,3-3,1,100.85,133.55,144.53,161.58,0.0425,0,2,FORCED_CAPTAIN
3993,Nick Folk,K,Alvin Kamara / Bijan Robinson / Chris Olave / Daniel Carlson / Juwan Johnson,49900,49500-49900,2-4,0,102.2,129.65,136.66,154.19,0.0425,0,0,FORCED_CAPTAIN
4968,Tyler Shough,QB,Alvin Kamara / Austin Hooper / Chris Olave / Juwan Johnson / Saints,46600,<48000,1-5,1,99.24,131.47,143.35,168.05,0.0425,1,2,EXACT_OR_NEAR_OPTIMAL
4979,Tyler Shough,QB,Alvin Kamara / Bijan Robinson / Brian Robinson Jr. / Daniel Carlson / Juwan Johnson,49200,49000-49400,2-4,1,102.68,132.94,141.97,159.67,0.0425,1,1,EXACT_OR_NEAR_OPTIMAL
25,Alvin Kamara,RB,Austin Hooper / Drake London / Juwan Johnson / Michael Penix Jr. / Tyler Shough,49300,49000-49400,3-3,1,98.53,132.38,142.03,161.96,0.042,0,2,EXACT_OR_NEAR_OPTIMAL
546,Bijan Robinson,RB,Alvin Kamara / Falcons / Jahan Dotson / Michael Penix Jr. / Tyler Shough,49900,49500-49900,4-2,1,100.67,129.59,140.17,154.83,0.042,1,2,EXACT_OR_NEAR_OPTIMAL
570,Bijan Robinson,RB,Austin Hooper / Chris Olave / Drake London / Juwan Johnson / Kevin Austin Jr.,49500,49500-49900,3-3,0,105.77,136.69,147.94,167.19,0.042,2,2,EXACT_OR_NEAR_OPTIMAL
1577,Chris Olave,WR,Alvin Kamara / Drake London / Falcons / Juwan Johnson / Nick Folk,49600,49500-49900,3-3,0,102.34,131.89,143.04,160.91,0.042,1,0,EXACT_OR_NEAR_OPTIMAL
1693,Chris Olave,WR,Bijan Robinson / Cal Adomitis / Devaughn Vele / Drake London / Falcons,49600,49500-49900,3-3,0,102.06,132.38,142.72,162.32,0.042,1,0,EXACT_OR_NEAR_OPTIMAL
1741,Chris Olave,WR,Bijan Robinson / Falcons / Jahan Dotson / Michael Penix Jr. / Nick Folk,49000,49000-49400,5-1,1,98.27,128.1,137.22,157.83,0.042,1,2,EXACT_OR_NEAR_OPTIMAL
1803,Chris Olave,WR,Bryce Lance / Devaughn Vele / Drake London / Falcons / Tyler Shough,49000,49000-49400,2-4,1,100.61,135.71,145.48,171.24,0.042,0,1,EXACT_OR_NEAR_OPTIMAL
2560,Drake London,WR,Austin Hooper / Daniel Carlson / Juwan Johnson / Michael Penix Jr. / Tyler Shough,48600,48000-48900,3-3,1,96.5,131.18,143.51,166.21,0.042,0,2,EXACT_OR_NEAR_OPTIMAL
2581,Drake London,WR,Bijan Robinson / Bryce Lance / Chris Olave / Jahan Dotson / Juwan Johnson,49800,49500-49900,3-3,0,105.3,138.05,150.29,168.57,0.042,1,1,EXACT_OR_NEAR_OPTIMAL
2775,Drake London,WR,Jahan Dotson / Juwan Johnson / Michael Penix Jr. / Nick Folk / Tyler Shough,49400,49000-49400,4-2,1,96.66,131.96,142.15,164.09,0.042,1,2,EXACT_OR_NEAR_OPTIMAL
2824,Falcons,DST,Austin Hooper / Bijan Robinson / Chris Olave / Drake London / Michael Penix Jr.,49800,49500-49900,5-1,1,99.88,130.95,140.6,158.92,0.042,2,3,EXACT_OR_NEAR_OPTIMAL
3382,Juwan Johnson,TE,Chris Olave / Drake London / Nick Folk / Treyton Welch / Tyler Shough,47100,<48000,2-4,1,102.1,136.14,148.72,173.0,0.042,0,2,EXACT_OR_NEAR_OPTIMAL
3896,Michael Penix Jr.,QB,Bijan Robinson / Bryce Lance / Chris Olave / Drake London / Olamide Zaccheaus,49900,49500-49900,4-2,1,100.69,134.8,146.4,168.42,0.042,0,2,FORCED_CAPTAIN
4486,Saints,DST,Alvin Kamara / Bijan Robinson / Chris Olave / Falcons / Tyler Shough,49100,49000-49400,2-4,1,103.32,127.81,135.71,155.36,0.042,0,1,FORCED_CAPTAIN
4997,Tyler Shough,QB,Alvin Kamara / Bijan Robinson / Daniel Carlson / Drake London / Olamide Zaccheaus,50000,50000,3-3,0,104.38,132.83,142.11,158.0,0.042,1,1,EXACT_OR_NEAR_OPTIMAL
5055,Tyler Shough,QB,Alvin Kamara / Chris Olave / Falcons / Juwan Johnson / Saints,47400,<48000,1-5,1,101.13,131.62,142.93,168.87,0.042,0,2,EXACT_OR_NEAR_OPTIMAL
5186,Tyler Shough,QB,Bijan Robinson / Drake London / Juwan Johnson / Saints / Treyton Welch,48000,48000-48900,2-4,1,104.07,134.97,143.34,163.78,0.042,1,2,EXACT_OR_NEAR_OPTIMAL
9,Alvin Kamara,RB,Austin Hooper / Bijan Robinson / Devaughn Vele / Juwan Johnson / Tyler Shough,49900,49500-49900,2-4,1,99.91,131.24,139.52,160.87,0.0415,2,1,EXACT_OR_NEAR_OPTIMAL
136,Alvin Kamara,RB,Chris Olave / Drake London / Falcons / Saints / Tyler Shough,48700,48000-48900,2-4,1,101.02,127.56,138.43,155.99,0.0415,1,1,EXACT_OR_NEAR_OPTIMAL
557,Bijan Robinson,RB,Austin Hooper / Bryce Lance / Chris Olave / Juwan Johnson / Michael Penix Jr.,49500,49500-49900,3-3,1,103.09,135.1,147.61,164.93,0.0415,2,3,EXACT_OR_NEAR_OPTIMAL
1606,Chris Olave,WR,Austin Hooper / Bijan Robinson / Brian Robinson Jr. / Daniel Carlson / Drake London,49400,49000-49400,4-2,0,102.04,133.23,143.16,161.08,0.0415,1,0,EXACT_OR_NEAR_OPTIMAL
1640,Chris Olave,WR,Austin Hooper / Devaughn Vele / Juwan Johnson / Saints / Tyler Shough,48000,48000-48900,1-5,1,98.36,132.5,144.56,169.91,0.0415,1,2,EXACT_OR_NEAR_OPTIMAL
2057,Daniel Carlson,K,Alvin Kamara / Bijan Robinson / Chris Olave / Jahan Dotson / Tyler Shough,49400,49000-49400,2-4,1,104.75,132.75,141.62,160.89,0.0415,1,1,EXACT_OR_NEAR_OPTIMAL
2079,Daniel Carlson,K,Alvin Kamara / Chris Olave / Drake London / Nick Folk / Tyler Shough,50000,50000,2-4,1,102.7,132.57,140.72,154.81,0.0415,0,2,EXACT_OR_NEAR_OPTIMAL
2093,Daniel Carlson,K,Austin Hooper / Bijan Robinson / Chris Olave / Drake London / Juwan Johnson,50000,50000,3-3,0,104.56,134.14,143.4,160.79,0.0415,0,2,FORCED_CAPTAIN
2597,Drake London,WR,Bijan Robinson / Charlie Woerner / Chris Olave / Kevin Austin Jr. / Michael Penix Jr.,48000,48000-48900,4-2,1,99.0,132.7,144.8,165.88,0.0415,1,2,EXACT_OR_NEAR_OPTIMAL
2771,Drake London,WR,Falcons / Juwan Johnson / Michael Penix Jr. / Nick Folk / Tyler Shough,50000,50000,4-2,0,98.03,129.88,142.14,162.31,0.0415,2,2,EXACT_OR_NEAR_OPTIMAL
5057,Tyler Shough,QB,Alvin Kamara / Chris Olave / Jahan Dotson / Juwan Johnson / Saints,46800,<48000,1-5,1,99.76,133.35,143.9,167.17,0.0415,2,2,EXACT_OR_NEAR_OPTIMAL
5272,Tyler Shough,QB,Daniel Carlson / Drake London / Juwan Johnson / Michael Penix Jr. / Saints,49800,49500-49900,2-4,0,100.34,131.64,143.24,164.59,0.0415,1,1,EXACT_OR_NEAR_OPTIMAL
582,Bijan Robinson,RB,Barion Brown / Drake London / Falcons / Juwan Johnson / Tyler Shough,49500,49500-49900,3-3,1,103.7,133.97,143.31,159.51,0.041,1,3,EXACT_OR_NEAR_OPTIMAL
672,Bijan Robinson,RB,Chris Olave / Daniel Carlson / Falcons / Olamide Zaccheaus / Tyler Shough,48500,48000-48900,3-3,0,103.68,133.15,142.59,161.23,0.041,1,1,EXACT_OR_NEAR_OPTIMAL
1499,Chris Olave,WR,Alvin Kamara / Bijan Robinson / Chris Blair / Daniel Carlson / Michael Penix Jr.,49800,49500-49900,3-3,1,102.62,132.46,141.32,161.89,0.041,1,1,EXACT_OR_NEAR_OPTIMAL
1571,Chris Olave,WR,Alvin Kamara / Devaughn Vele / Falcons / Saints / Tyler Shough,48400,48000-48900,1-5,1,97.89,128.41,138.58,161.75,0.041,1,2,EXACT_OR_NEAR_OPTIMAL
1598,Chris Olave,WR,Alvin Kamara / Jahan Dotson / Michael Penix Jr. / Saints / Tyler Shough,49000,49000-49400,2-4,1,101.01,133.44,144.65,166.2,0.041,1,1,EXACT_OR_NEAR_OPTIMAL
1815,Chris Olave,WR,Bryce Lance / Juwan Johnson / Kyle Pitts Sr. / Michael Penix Jr. / Tyler Shough,49800,49500-49900,2-4,1,100.5,137.25,148.32,178.54,0.041,3,2,EXACT_OR_NEAR_OPTIMAL
2058,Daniel Carlson,K,Alvin Kamara / Bijan Robinson / Chris Olave / Juwan Johnson / Nick Folk,49600,49500-49900,2-4,0,102.37,129.15,136.45,155.69,0.041,0,0,FORCED_CAPTAIN
2536,Drake London,WR,Austin Hooper / Bijan Robinson / Brian Robinson Jr. / Juwan Johnson / Michael Penix Jr.,49800,49500-49900,5-1,1,96.82,129.96,143.3,165.73,0.041,1,3,EXACT_OR_NEAR_OPTIMAL
2686,Drake London,WR,Charlie Woerner / Devaughn Vele / Juwan Johnson / Michael Penix Jr. / Tyler Shough,49400,49000-49400,3-3,1,95.82,130.89,144.71,168.58,0.041,0,2,EXACT_OR_NEAR_OPTIMAL
3324,Juwan Johnson,TE,Bijan Robinson / Daniel Carlson / Drake London / Jahan Dotson / Michael Penix Jr.,49700,49500-49900,4-2,1,98.76,131.64,143.71,164.95,0.041,2,2,EXACT_OR_NEAR_OPTIMAL
3999,Nick Folk,K,Alvin Kamara / Bijan Robinson / Chris Olave / Olamide Zaccheaus / Tyler Shough,49300,49000-49400,3-3,1,102.41,131.42,141.29,158.8,0.041,0,1,FORCED_CAPTAIN
4963,Tyler Shough,QB,Alvin Kamara / Austin Hooper / Bijan Robinson / Juwan Johnson / Nick Folk,48800,48000-48900,3-3,1,101.16,132.79,142.2,161.79,0.041,0,1,FORCED_CAPTAIN
5219,Tyler Shough,QB,Bryce Lance / Chris Olave / Drake London / Falcons / Juwan Johnson,48000,48000-48900,2-4,1,103.85,137.97,150.41,172.71,0.041,0,2,EXACT_OR_NEAR_OPTIMAL
611,Bijan Robinson,RB,Brian Robinson Jr. / Drake London / Juwan Johnson / Kevin Austin Jr. / Tyler Shough,49300,49000-49400,3-3,1,103.49,134.5,144.64,163.86,0.0405,1,3,EXACT_OR_NEAR_OPTIMAL
677,Bijan Robinson,RB,Chris Olave / Daniel Carlson / Michael Penix Jr. / Nick Folk / Olamide Zaccheaus,49700,49500-49900,4-2,1,99.46,129.17,139.74,157.79,0.0405,2,2,EXACT_OR_NEAR_OPTIMAL
1723,Chris Olave,WR,Bijan Robinson / Daniel Carlson / Saints / Tyler Shough / Zachariah Branch,49000,49000-49400,2-4,0,102.74,133.34,142.12,165.42,0.0405,1,0,EXACT_OR_NEAR_OPTIMAL
2112,Daniel Carlson,K,Bijan Robinson / Chris Blair / Chris Olave / Drake London / Michael Penix Jr.,49800,49500-49900,4-2,1,100.49,132.63,142.19,160.32,0.0405,0,2,FORCED_CAPTAIN
2683,Drake London,WR,Cal Adomitis / Devaughn Vele / Juwan Johnson / Michael Penix Jr. / Tyler Shough,49000,49000-49400,2-4,1,95.8,130.82,145.35,169.2,0.0405,1,2,EXACT_OR_NEAR_OPTIMAL
3814,Michael Penix Jr.,QB,Alvin Kamara / Austin Hooper / Bijan Robinson / Daniel Carlson / Drake London,49900,49500-49900,4-2,1,95.66,127.38,137.78,154.01,0.0405,1,1,EXACT_OR_NEAR_OPTIMAL
4485,Saints,DST,Alvin Kamara / Bijan Robinson / Chris Olave / Drake London / Falcons,49500,49500-49900,3-3,0,101.28,125.68,133.23,145.15,0.0405,2,0,EXACT_OR_NEAR_OPTIMAL
5172,Tyler Shough,QB,Bijan Robinson / Chris Olave / Juwan Johnson / Kevin Austin Jr. / Olamide Zaccheaus,47200,<48000,2-4,1,104.58,139.76,149.49,174.19,0.0405,1,2,EXACT_OR_NEAR_OPTIMAL
94,Alvin Kamara,RB,Bijan Robinson / Juwan Johnson / Nick Folk / Saints / Tyler Shough,48900,48000-48900,2-4,1,99.7,127.09,135.04,151.51,0.04,3,1,EXACT_OR_NEAR_OPTIMAL
97,Alvin Kamara,RB,Brian Robinson Jr. / Chris Olave / Devaughn Vele / Juwan Johnson / Tyler Shough,49900,49500-49900,1-5,1,100.69,134.27,143.97,168.71,0.04,3,2,EXACT_OR_NEAR_OPTIMAL
442,Bijan Robinson,RB,Alvin Kamara / Austin Hooper / Drake London / Jahan Dotson / Michael Penix Jr.,49500,49500-49900,5-1,1,96.75,129.7,139.57,156.64,0.04,2,3,EXACT_OR_NEAR_OPTIMAL
520,Bijan Robinson,RB,Alvin Kamara / Daniel Carlson / Drake London / Juwan Johnson / Olamide Zaccheaus,48900,48000-48900,3-3,0,100.09,129.68,138.74,158.07,0.04,1,1,EXACT_OR_NEAR_OPTIMAL
619,Bijan Robinson,RB,Bryce Lance / Chris Olave / Drake London / Juwan Johnson / Treyton Welch,47900,<48000,2-4,0,105.64,137.01,147.88,165.13,0.04,1,2,EXACT_OR_NEAR_OPTIMAL
1632,Chris Olave,WR,Austin Hooper / Daniel Carlson / Devaughn Vele / Juwan Johnson / Tyler Shough,48600,48000-48900,1-5,1,100.23,135.1,146.86,170.96,0.04,1,2,EXACT_OR_NEAR_OPTIMAL
1798,Chris Olave,WR,Bryce Lance / Daniel Carlson / Drake London / Juwan Johnson / Michael Penix Jr.,49200,49000-49400,2-4,0,101.7,135.53,147.43,167.9,0.04,0,1,EXACT_OR_NEAR_OPTIMAL
1890,Chris Olave,WR,Drake London / Falcons / Jahan Dotson / Juwan Johnson / Michael Penix Jr.,49200,49000-49400,4-2,1,100.39,133.34,145.47,167.85,0.04,2,2,EXACT_OR_NEAR_OPTIMAL
2385,Drake London,WR,Alvin Kamara / Bijan Robinson / Falcons / Juwan Johnson / Saints,49000,49000-49400,3-3,0,98.47,125.31,134.27,148.68,0.04,2,0,EXACT_OR_NEAR_OPTIMAL
2588,Drake London,WR,Bijan Robinson / Bryce Lance / Michael Penix Jr. / Olamide Zaccheaus / Tyler Shough,49200,49000-49400,4-2,1,99.56,134.0,145.15,166.23,0.04,1,2,EXACT_OR_NEAR_OPTIMAL
2669,Drake London,WR,Bryce Lance / Chris Olave / Michael Penix Jr. / Olamide Zaccheaus / Tyler Shough,48200,48000-48900,3-3,1,99.17,136.04,148.46,171.71,0.04,1,2,EXACT_OR_NEAR_OPTIMAL
3375,Juwan Johnson,TE,Chris Olave / Devaughn Vele / Nick Folk / Saints / Tyler Shough,48900,48000-48900,1-5,1,97.87,132.02,143.22,165.99,0.04,1,2,EXACT_OR_NEAR_OPTIMAL
4981,Tyler Shough,QB,Alvin Kamara / Bijan Robinson / Brian Robinson Jr. / Juwan Johnson / Saints,48600,48000-48900,2-4,1,100.81,129.9,138.97,157.84,0.04,1,1,EXACT_OR_NEAR_OPTIMAL
5246,Tyler Shough,QB,Chris Olave / Devaughn Vele / Falcons / Juwan Johnson / Saints,48200,48000-48900,1-5,1,98.52,131.73,143.94,167.25,0.04,1,2,EXACT_OR_NEAR_OPTIMAL
59,Alvin Kamara,RB,Bijan Robinson / Chris Olave / Falcons / Juwan Johnson / Nick Folk,49500,49500-49900,3-3,0,102.21,128.19,136.7,156.08,0.0395,1,0,EXACT_OR_NEAR_OPTIMAL
705,Bijan Robinson,RB,Daniel Carlson / Drake London / Falcons / Saints / Tyler Shough,49900,49500-49900,3-3,0,102.32,128.25,136.85,151.63,0.0395,1,1,EXACT_OR_NEAR_OPTIMAL
1578,Chris Olave,WR,Alvin Kamara / Drake London / Falcons / Juwan Johnson / Saints,48400,48000-48900,2-4,0,100.82,129.58,139.23,159.21,0.0395,2,0,EXACT_OR_NEAR_OPTIMAL
1817,Chris Olave,WR,CJ Donaldson / Daniel Carlson / Devaughn Vele / Drake London / Tyler Shough,49800,49500-49900,1-5,1,101.17,135.26,146.14,167.7,0.0395,1,2,EXACT_OR_NEAR_OPTIMAL
1847,Chris Olave,WR,Daniel Carlson / Drake London / Jahan Dotson / Nick Folk / Tyler Shough,49000,49000-49400,3-3,0,101.88,134.1,144.1,165.22,0.0395,0,0,EXACT_OR_NEAR_OPTIMAL
2053,Daniel Carlson,K,Alvin Kamara / Bijan Robinson / Chris Olave / Drake London / Jahan Dotson,49800,49500-49900,3-3,0,102.71,129.73,138.03,155.62,0.0395,0,0,FORCED_CAPTAIN
2216,Devaughn Vele,WR,Alvin Kamara / Chris Olave / Drake London / Treyton Welch / Tyler Shough,49300,49000-49400,1-5,1,100.29,133.31,143.08,165.38,0.0395,0,2,EXACT_OR_NEAR_OPTIMAL
2281,Devaughn Vele,WR,Bijan Robinson / Chris Olave / Nick Folk / Treyton Welch / Tyler Shough,49500,49500-49900,2-4,1,100.53,132.65,142.82,165.35,0.0395,1,1,EXACT_OR_NEAR_OPTIMAL
2615,Drake London,WR,Bijan Robinson / Daniel Carlson / Falcons / Michael Penix Jr. / Nick Folk,49600,49500-49900,5-1,1,94.22,124.81,136.19,155.43,0.0395,1,2,EXACT_OR_NEAR_OPTIMAL
2691,Drake London,WR,Chris Olave / Daniel Carlson / Devaughn Vele / Olamide Zaccheaus / Tyler Shough,50000,50000,2-4,1,100.35,134.01,144.69,166.17,0.0395,0,2,EXACT_OR_NEAR_OPTIMAL
3104,Jahan Dotson,WR,Bijan Robinson / Chris Olave / Juwan Johnson / Nick Folk / Tyler Shough,49500,49500-49900,3-3,1,104.67,137.46,145.41,167.61,0.0395,0,2,FORCED_CAPTAIN
3168,Juwan Johnson,TE,Alvin Kamara / Bijan Robinson / Daniel Carlson / Drake London / Saints,48900,48000-48900,2-4,0,99.19,125.87,134.57,152.65,0.0395,1,0,EXACT_OR_NEAR_OPTIMAL
3331,Juwan Johnson,TE,Bijan Robinson / Devaughn Vele / Nick Folk / Saints / Tyler Shough,49900,49500-49900,2-4,1,98.26,129.39,138.96,159.3,0.0395,2,1,EXACT_OR_NEAR_OPTIMAL
5071,Tyler Shough,QB,Alvin Kamara / Daniel Carlson / Drake London / Juwan Johnson / Saints,47800,<48000,1-5,1,98.45,129.12,137.64,156.17,0.0395,1,2,EXACT_OR_NEAR_OPTIMAL
5230,Tyler Shough,QB,Chris Olave / Daniel Carlson / Devaughn Vele / Drake London / Olamide Zaccheaus,49800,49500-49900,2-4,1,101.37,135.09,145.67,166.9,0.0395,1,1,EXACT_OR_NEAR_OPTIMAL
5237,Tyler Shough,QB,Chris Olave / Daniel Carlson / Drake London / Nick Folk / Saints,49600,49500-49900,2-4,0,102.47,132.38,141.68,160.49,0.0395,1,0,EXACT_OR_NEAR_OPTIMAL
71,Alvin Kamara,RB,Bijan Robinson / Daniel Carlson / Drake London / Falcons / Michael Penix Jr.,49700,49500-49900,4-2,1,96.6,124.9,133.16,149.17,0.039,0,1,FORCED_CAPTAIN
473,Bijan Robinson,RB,Alvin Kamara / Bryce Lance / Chris Olave / Daniel Carlson / Devaughn Vele,49900,49500-49900,1-5,0,100.92,129.09,139.11,155.34,0.039,1,2,EXACT_OR_NEAR_OPTIMAL
731,Bijan Robinson,RB,Juwan Johnson / Kevin Austin Jr. / Michael Penix Jr. / Nick Folk / Tyler Shough,49900,49500-49900,3-3,1,102.02,134.62,143.73,162.75,0.039,1,3,EXACT_OR_NEAR_OPTIMAL
1501,Chris Olave,WR,Alvin Kamara / Bijan Robinson / Daniel Carlson / Falcons / Saints,47600,<48000,2-4,0,99.04,124.31,131.01,148.67,0.039,1,0,EXACT_OR_NEAR_OPTIMAL
1512,Chris Olave,WR,Alvin Kamara / Bijan Robinson / Falcons / Nick Folk / Saints,48200,48000-48900,3-3,0,98.7,124.64,132.54,149.66,0.039,3,0,EXACT_OR_NEAR_OPTIMAL
1564,Chris Olave,WR,Alvin Kamara / Daniel Carlson / Juwan Johnson / Olamide Zaccheaus / Tyler Shough,47000,<48000,1-5,1,101.53,134.37,145.52,171.44,0.039,0,2,EXACT_OR_NEAR_OPTIMAL
1783,Chris Olave,WR,Brian Robinson Jr. / Drake London / Falcons / Juwan Johnson / Michael Penix Jr.,50000,50000,4-2,1,101.06,133.7,145.89,167.91,0.039,1,3,EXACT_OR_NEAR_OPTIMAL
1814,Chris Olave,WR,Bryce Lance / Drake London / Michael Penix Jr. / Treyton Welch / Tyler Shough,46800,<48000,2-4,1,101.13,136.58,149.8,175.43,0.039,0,2,EXACT_OR_NEAR_OPTIMAL
2049,Daniel Carlson,K,Alvin Kamara / Austin Hooper / Bijan Robinson / Chris Olave / Tyler Shough,49200,49000-49400,2-4,1,104.24,132.64,141.06,159.27,0.039,0,1,FORCED_CAPTAIN
2263,Devaughn Vele,WR,Bijan Robinson / Bryce Lance / Chris Olave / Saints / Tyler Shough,49900,49500-49900,1-5,1,100.11,130.76,141.67,163.0,0.039,0,2,FORCED_CAPTAIN
2313,Devaughn Vele,WR,Chris Olave / Daniel Carlson / Juwan Johnson / Nick Folk / Tyler Shough,49700,49500-49900,1-5,1,97.26,130.58,142.0,162.72,0.039,0,2,EXACT_OR_NEAR_OPTIMAL
2540,Drake London,WR,Austin Hooper / Bijan Robinson / Chris Olave / Falcons / Nick Folk,49400,49000-49400,5-1,0,99.66,129.11,139.24,154.58,0.039,0,1,FORCED_CAPTAIN
2640,Drake London,WR,Brian Robinson Jr. / Chris Olave / Falcons / Juwan Johnson / Michael Penix Jr.,49600,49500-49900,4-2,1,98.31,132.06,143.86,167.83,0.039,1,2,EXACT_OR_NEAR_OPTIMAL
2661,Drake London,WR,Bryce Lance / Chris Olave / Daniel Carlson / Juwan Johnson / Michael Penix Jr.,48800,48000-48900,2-4,0,98.95,132.87,146.66,166.35,0.039,1,1,EXACT_OR_NEAR_OPTIMAL
3263,Juwan Johnson,TE,Austin Hooper / Bijan Robinson / Daniel Carlson / Drake London / Michael Penix Jr.,49500,49500-49900,4-2,1,98.25,131.47,142.69,162.71,0.039,0,2,FORCED_CAPTAIN
3269,Juwan Johnson,TE,Austin Hooper / Bijan Robinson / Michael Penix Jr. / Nick Folk / Tyler Shough,49700,49500-49900,4-2,1,99.94,132.44,143.55,165.46,0.039,2,2,EXACT_OR_NEAR_OPTIMAL
3312,Juwan Johnson,TE,Bijan Robinson / Chris Olave / Drake London / Kevin Austin Jr. / Nick Folk,49900,49500-49900,3-3,0,105.09,136.25,146.61,164.76,0.039,1,1,EXACT_OR_NEAR_OPTIMAL
5140,Tyler Shough,QB,Bijan Robinson / Bryce Lance / Chris Olave / Devaughn Vele / Olamide Zaccheaus,48600,48000-48900,2-4,1,101.57,135.81,146.43,168.67,0.039,0,1,FORCED_CAPTAIN
5192,Tyler Shough,QB,Brian Robinson Jr. / Chris Olave / Daniel Carlson / Devaughn Vele / Juwan Johnson,49000,49000-49400,1-5,1,99.68,134.08,145.69,166.88,0.039,0,2,EXACT_OR_NEAR_OPTIMAL
5202,Tyler Shough,QB,Brian Robinson Jr. / Chris Olave / Drake London / Michael Penix Jr. / Olamide Zaccheaus,50000,50000,4-2,1,102.35,137.62,150.43,171.67,0.039,0,3,EXACT_OR_NEAR_OPTIMAL
5282,Tyler Shough,QB,Devaughn Vele / Drake London / Juwan Johnson / Michael Penix Jr. / Treyton Welch,48800,48000-48900,2-4,1,98.11,133.81,147.24,167.95,0.039,0,2,EXACT_OR_NEAR_OPTIMAL
96,Alvin Kamara,RB,Brian Robinson Jr. / Chris Olave / Daniel Carlson / Drake London / Tyler Shough,49500,49500-49900,2-4,1,102.18,132.4,140.8,158.41,0.0385,1,1,EXACT_OR_NEAR_OPTIMAL
483,Bijan Robinson,RB,Alvin Kamara / Bryce Lance / Drake London / Michael Penix Jr. / Saints,49700,49500-49900,3-3,1,98.06,127.79,136.8,151.97,0.0385,1,2,EXACT_OR_NEAR_OPTIMAL
513,Bijan Robinson,RB,Alvin Kamara / Chris Olave / Juwan Johnson / Olamide Zaccheaus / Saints,49100,49000-49400,2-4,0,103.7,130.78,139.53,159.9,0.0385,1,1,EXACT_OR_NEAR_OPTIMAL
638,Bijan Robinson,RB,Cal Adomitis / Charlie Woerner / Chris Olave / Michael Penix Jr. / Tyler Shough,47900,<48000,3-3,1,103.55,137.57,147.46,166.72,0.0385,1,3,EXACT_OR_NEAR_OPTIMAL
1468,Chris Olave,WR,Alvin Kamara / Austin Hooper / Devaughn Vele / Nick Folk / Tyler Shough,48800,48000-48900,2-4,1,97.53,131.72,141.44,162.93,0.0385,0,1,EXACT_OR_NEAR_OPTIMAL
1529,Chris Olave,WR,Alvin Kamara / Brian Robinson Jr. / Falcons / Juwan Johnson / Tyler Shough,47600,<48000,2-4,1,101.21,133.4,143.45,172.01,0.0385,0,1,EXACT_OR_NEAR_OPTIMAL
1908,Chris Olave,WR,Drake London / Juwan Johnson / Michael Penix Jr. / Nick Folk / Olamide Zaccheaus,50000,50000,4-2,1,101.04,135.46,146.68,169.68,0.0385,0,3,EXACT_OR_NEAR_OPTIMAL
1920,Chris Olave,WR,Juwan Johnson / Kyle Pitts Sr. / Michael Penix Jr. / Olamide Zaccheaus / Tyler Shough,50000,50000,3-3,1,100.18,136.68,149.23,178.52,0.0385,1,3,EXACT_OR_NEAR_OPTIMAL
2546,Drake London,WR,Austin Hooper / Bijan Robinson / Jahan Dotson / Juwan Johnson / Michael Penix Jr.,49000,49000-49400,5-1,1,96.16,131.49,142.92,161.4,0.0385,2,3,EXACT_OR_NEAR_OPTIMAL
2717,Drake London,WR,Chris Olave / Falcons / Kevin Austin Jr. / Michael Penix Jr. / Tyler Shough,48800,48000-48900,3-3,1,100.4,134.71,147.13,169.09,0.0385,1,2,EXACT_OR_NEAR_OPTIMAL
2841,Falcons,DST,Bijan Robinson / Bryce Lance / Chris Olave / Drake London / Tyler Shough,49400,49000-49400,3-3,1,105.57,135.52,145.19,162.3,0.0385,1,2,EXACT_OR_NEAR_OPTIMAL
3892,Michael Penix Jr.,QB,Bijan Robinson / Brian Robinson Jr. / Chris Olave / Treyton Welch / Tyler Shough,49700,49500-49900,3-3,1,104.11,136.06,147.26,169.28,0.0385,0,2,FORCED_CAPTAIN
3933,Michael Penix Jr.,QB,Bijan Robinson / Drake London / Jahan Dotson / Olamide Zaccheaus / Tyler Shough,49900,49500-49900,5-1,1,98.74,132.63,144.07,161.56,0.0385,1,3,EXACT_OR_NEAR_OPTIMAL
4491,Saints,DST,Alvin Kamara / Bijan Robinson / Daniel Carlson / Drake London / Tyler Shough,49500,49500-49900,2-4,0,100.64,124.33,132.16,147.45,0.0385,2,0,EXACT_OR_NEAR_OPTIMAL
4733,Treyton Welch,TE,Alvin Kamara / Bijan Robinson / Chris Olave / Juwan Johnson / Tyler Shough,46900,<48000,1-5,1,106.41,138.22,146.73,170.91,0.0385,0,3,FORCED_CAPTAIN
4734,Treyton Welch,TE,Alvin Kamara / Bijan Robinson / Chris Olave / Michael Penix Jr. / Tyler Shough,48500,48000-48900,2-4,1,105.94,136.74,146.08,166.57,0.0385,0,2,FORCED_CAPTAIN
5047,Tyler Shough,QB,Alvin Kamara / Chris Olave / Devaughn Vele / Michael Penix Jr. / Treyton Welch,49200,49000-49400,1-5,1,101.24,135.28,146.69,168.2,0.0385,2,2,EXACT_OR_NEAR_OPTIMAL
5092,Tyler Shough,QB,Alvin Kamara / Drake London / Juwan Johnson / Kevin Austin Jr. / Michael Penix Jr.,48600,48000-48900,2-4,1,99.86,134.79,144.83,167.28,0.0385,0,2,EXACT_OR_NEAR_OPTIMAL
5242,Tyler Shough,QB,Chris Olave / Devaughn Vele / Drake London / Nick Folk / Treyton Welch,48600,48000-48900,2-4,1,100.24,135.26,145.22,167.06,0.0385,0,1,FORCED_CAPTAIN
4,Alvin Kamara,RB,Austin Hooper / Bijan Robinson / Chris Olave / Falcons / Tyler Shough,49100,49000-49400,3-3,1,104.08,131.55,141.09,162.51,0.038,2,1,EXACT_OR_NEAR_OPTIMAL
127,Alvin Kamara,RB,Chris Olave / Devaughn Vele / Drake London / Kevin Austin Jr. / Tyler Shough,49500,49500-49900,1-5,1,100.74,133.65,142.91,162.06,0.038,1,2,EXACT_OR_NEAR_OPTIMAL
608,Bijan Robinson,RB,Brian Robinson Jr. / Daniel Carlson / Juwan Johnson / Nick Folk / Tyler Shough,48700,48000-48900,3-3,0,98.96,129.27,137.97,153.6,0.038,3,1,EXACT_OR_NEAR_OPTIMAL
612,Bijan Robinson,RB,Brian Robinson Jr. / Juwan Johnson / Michael Penix Jr. / Olamide Zaccheaus / Tyler Shough,49500,49500-49900,4-2,1,100.49,133.62,144.0,165.66,0.038,1,3,EXACT_OR_NEAR_OPTIMAL
811,Brian Robinson Jr.,RB,Bijan Robinson / Chris Olave / Juwan Johnson / Saints / Tyler Shough,49500,49500-49900,2-4,1,104.14,134.74,143.77,166.22,0.038,0,2,FORCED_CAPTAIN
1614,Chris Olave,WR,Austin Hooper / Bijan Robinson / Bryce Lance / Nick Folk / Tyler Shough,47600,<48000,3-3,1,101.57,134.77,145.77,167.61,0.038,1,1,EXACT_OR_NEAR_OPTIMAL
1647,Chris Olave,WR,Austin Hooper / Jahan Dotson / Juwan Johnson / Michael Penix Jr. / Tyler Shough,48000,48000-48900,3-3,1,100.55,136.02,148.74,178.23,0.038,1,2,EXACT_OR_NEAR_OPTIMAL
1725,Chris Olave,WR,Bijan Robinson / Devaughn Vele / Falcons / Jahan Dotson / Juwan Johnson,49800,49500-49900,3-3,0,101.78,132.34,142.84,162.32,0.038,1,0,EXACT_OR_NEAR_OPTIMAL
2272,Devaughn Vele,WR,Bijan Robinson / Chris Olave / Daniel Carlson / Treyton Welch / Tyler Shough,48900,48000-48900,1-5,1,100.87,132.35,141.14,163.53,0.038,0,2,FORCED_CAPTAIN
2390,Drake London,WR,Alvin Kamara / Bijan Robinson / Kevin Austin Jr. / Nick Folk / Tyler Shough,49600,49500-49900,3-3,1,101.37,131.23,139.95,155.43,0.038,2,1,EXACT_OR_NEAR_OPTIMAL
2603,Drake London,WR,Bijan Robinson / Chris Olave / Falcons / Jahan Dotson / Nick Folk,49600,49500-49900,5-1,0,100.17,128.98,139.65,156.01,0.038,1,1,EXACT_OR_NEAR_OPTIMAL
2794,Falcons,DST,Alvin Kamara / Bijan Robinson / Chris Olave / Saints / Tyler Shough,48800,48000-48900,2-4,1,102.85,127.42,134.99,156.29,0.038,0,1,FORCED_CAPTAIN
3374,Juwan Johnson,TE,Chris Olave / Devaughn Vele / Michael Penix Jr. / Treyton Welch / Tyler Shough,48500,48000-48900,1-5,1,100.49,136.64,149.1,172.77,0.038,0,3,EXACT_OR_NEAR_OPTIMAL
4067,Nick Folk,K,Bijan Robinson / Chris Olave / Juwan Johnson / Kevin Austin Jr. / Tyler Shough,48500,48000-48900,2-4,1,103.12,135.26,145.25,163.83,0.038,0,2,FORCED_CAPTAIN
4099,Nick Folk,K,Chris Olave / Drake London / Falcons / Juwan Johnson / Tyler Shough,49500,49500-49900,3-3,1,102.08,133.17,143.88,162.35,0.038,1,2,EXACT_OR_NEAR_OPTIMAL
5048,Tyler Shough,QB,Alvin Kamara / Chris Olave / Devaughn Vele / Nick Folk / Saints,49600,49500-49900,1-5,1,98.62,131.25,140.24,163.49,0.038,1,2,EXACT_OR_NEAR_OPTIMAL
3,Alvin Kamara,RB,Austin Hooper / Bijan Robinson / Chris Olave / Drake London / Falcons,49500,49500-49900,4-2,0,102.05,128.85,137.81,155.3,0.0375,0,0,FORCED_CAPTAIN
45,Alvin Kamara,RB,Bijan Robinson / Cal Adomitis / Devaughn Vele / Drake London / Tyler Shough,49900,49500-49900,2-4,1,100.71,130.46,139.15,156.75,0.0375,1,1,EXACT_OR_NEAR_OPTIMAL
50,Alvin Kamara,RB,Bijan Robinson / Chris Olave / Daniel Carlson / Jahan Dotson / Michael Penix Jr.,49900,49500-49900,3-3,1,100.72,128.43,138.11,155.79,0.0375,0,1,FORCED_CAPTAIN
125,Alvin Kamara,RB,Chris Olave / Daniel Carlson / Juwan Johnson / Nick Folk / Tyler Shough,48500,48000-48900,1-5,1,101.18,131.86,141.09,166.23,0.0375,1,2,EXACT_OR_NEAR_OPTIMAL
447,Bijan Robinson,RB,Alvin Kamara / Austin Hooper / Jahan Dotson / Michael Penix Jr. / Tyler Shough,49100,49000-49400,4-2,1,98.78,130.34,140.89,156.11,0.0375,2,2,EXACT_OR_NEAR_OPTIMAL
1605,Chris Olave,WR,Alvin Kamara / Michael Penix Jr. / Nick Folk / Olamide Zaccheaus / Tyler Shough,49200,49000-49400,3-3,1,100.72,133.35,145.37,168.9,0.0375,0,1,EXACT_OR_NEAR_OPTIMAL
1806,Chris Olave,WR,Bryce Lance / Devaughn Vele / Michael Penix Jr. / Nick Folk / Tyler Shough,49800,49500-49900,2-4,1,98.42,133.9,146.13,169.64,0.0375,1,1,EXACT_OR_NEAR_OPTIMAL
3209,Juwan Johnson,TE,Alvin Kamara / Chris Olave / Drake London / Michael Penix Jr. / Olamide Zaccheaus,49900,49500-49900,3-3,1,101.85,135.11,147.5,169.6,0.0375,0,2,EXACT_OR_NEAR_OPTIMAL
3924,Michael Penix Jr.,QB,Bijan Robinson / Chris Olave / Jahan Dotson / Kevin Austin Jr. / Tyler Shough,49500,49500-49900,3-3,1,102.59,135.19,147.17,166.86,0.0375,0,2,FORCED_CAPTAIN
3965,Michael Penix Jr.,QB,Chris Olave / Drake London / Nick Folk / Treyton Welch / Tyler Shough,49500,49500-49900,3-3,1,101.4,135.64,145.89,170.01,0.0375,0,2,FORCED_CAPTAIN
4050,Nick Folk,K,Bijan Robinson / Cal Adomitis / Chris Olave / Juwan Johnson / Tyler Shough,47900,<48000,2-4,1,102.69,135.13,143.85,165.08,0.0375,0,2,FORCED_CAPTAIN
4545,Saints,DST,Bijan Robinson / Chris Olave / Devaughn Vele / Falcons / Tyler Shough,49900,49500-49900,2-4,1,100.71,127.96,136.71,155.02,0.0375,1,1,EXACT_OR_NEAR_OPTIMAL
4996,Tyler Shough,QB,Alvin Kamara / Bijan Robinson / Daniel Carlson / Devaughn Vele / Saints,50000,50000,1-5,1,99.36,125.85,132.99,153.47,0.0375,2,3,EXACT_OR_NEAR_OPTIMAL
5027,Tyler Shough,QB,Alvin Kamara / Bryce Lance / Chris Olave / Juwan Johnson / Nick Folk,46800,<48000,1-5,1,99.78,134.34,145.09,170.92,0.0375,2,2,EXACT_OR_NEAR_OPTIMAL
5113,Tyler Shough,QB,Austin Hooper / Chris Olave / Devaughn Vele / Juwan Johnson / Saints,47400,<48000,1-5,1,96.63,131.39,142.84,170.67,0.0375,0,2,EXACT_OR_NEAR_OPTIMAL
5181,Tyler Shough,QB,Bijan Robinson / Daniel Carlson / Juwan Johnson / Michael Penix Jr. / Olamide Zaccheaus,49400,49000-49400,3-3,1,102.09,134.26,143.81,164.61,0.0375,1,2,EXACT_OR_NEAR_OPTIMAL
42,Alvin Kamara,RB,Bijan Robinson / CJ Donaldson / Juwan Johnson / Michael Penix Jr. / Tyler Shough,49700,49500-49900,2-4,1,101.17,132.28,142.48,160.15,0.037,0,2,FORCED_CAPTAIN
91,Alvin Kamara,RB,Bijan Robinson / Juwan Johnson / Kevin Austin Jr. / Michael Penix Jr. / Tyler Shough,49100,49000-49400,2-4,1,101.46,132.5,142.84,160.15,0.037,1,2,EXACT_OR_NEAR_OPTIMAL
107,Alvin Kamara,RB,Bryce Lance / Chris Olave / Juwan Johnson / Michael Penix Jr. / Tyler Shough,49100,49000-49400,1-5,1,103.03,136.92,146.81,169.74,0.037,0,3,FORCED_CAPTAIN
151,Alvin Kamara,RB,Chris Olave / Juwan Johnson / Nick Folk / Saints / Tyler Shough,47900,<48000,1-5,1,99.31,129.51,139.33,163.57,0.037,0,2,EXACT_OR_NEAR_OPTIMAL
1657,Chris Olave,WR,Bijan Robinson / Brian Robinson Jr. / Daniel Carlson / Falcons / Michael Penix Jr.,49200,49000-49400,4-2,1,99.28,128.87,137.23,155.82,0.037,2,1,EXACT_OR_NEAR_OPTIMAL
2376,Drake London,WR,Alvin Kamara / Bijan Robinson / Charlie Woerner / Daniel Carlson / Michael Penix Jr.,48200,48000-48900,4-2,1,94.62,126.5,137.11,158.11,0.037,1,1,EXACT_OR_NEAR_OPTIMAL
2454,Drake London,WR,Alvin Kamara / Chris Olave / Juwan Johnson / Nick Folk / Saints,49800,49500-49900,2-4,0,100.53,130.65,140.45,157.85,0.037,1,0,EXACT_OR_NEAR_OPTIMAL
2456,Drake London,WR,Alvin Kamara / Chris Olave / Kevin Austin Jr. / Nick Folk / Tyler Shough,48600,48000-48900,2-4,1,100.98,134.01,144.66,161.22,0.037,1,1,EXACT_OR_NEAR_OPTIMAL
2867,Falcons,DST,Bijan Robinson / Chris Olave / Juwan Johnson / Michael Penix Jr. / Nick Folk,49800,49500-49900,4-2,0,100.05,127.24,136.86,154.19,0.037,0,1,FORCED_CAPTAIN
3347,Juwan Johnson,TE,Brian Robinson Jr. / Chris Olave / Michael Penix Jr. / Nick Folk / Tyler Shough,49700,49500-49900,3-3,1,100.72,135.06,146.29,170.99,0.037,0,2,EXACT_OR_NEAR_OPTIMAL
3864,Michael Penix Jr.,QB,Alvin Kamara / Drake London / Juwan Johnson / Olamide Zaccheaus / Tyler Shough,49500,49500-49900,3-3,1,98.17,132.33,144.33,167.21,0.037,0,2,EXACT_OR_NEAR_OPTIMAL
3912,Michael Penix Jr.,QB,Bijan Robinson / Charlie Woerner / Chris Olave / Jahan Dotson / Tyler Shough,49300,49000-49400,4-2,1,102.18,134.5,146.42,165.43,0.037,0,2,FORCED_CAPTAIN
3955,Michael Penix Jr.,QB,Chris Olave / Daniel Carlson / Drake London / Treyton Welch / Tyler Shough,48900,48000-48900,2-4,1,101.74,135.58,147.39,171.84,0.037,0,2,FORCED_CAPTAIN
4071,Nick Folk,K,Bijan Robinson / Chris Olave / Michael Penix Jr. / Treyton Welch / Tyler Shough,49500,49500-49900,3-3,1,103.51,134.37,144.25,160.6,0.037,0,2,FORCED_CAPTAIN
5010,Tyler Shough,QB,Alvin Kamara / Brian Robinson Jr. / Chris Olave / Daniel Carlson / Juwan Johnson,48200,48000-48900,1-5,1,102.29,134.86,145.53,169.99,0.037,1,2,EXACT_OR_NEAR_OPTIMAL
5024,Tyler Shough,QB,Alvin Kamara / Bryce Lance / Chris Olave / Drake London / Kyle Pitts Sr.,49800,49500-49900,2-4,1,101.06,134.52,145.66,166.5,0.037,1,1,EXACT_OR_NEAR_OPTIMAL
5255,Tyler Shough,QB,Chris Olave / Drake London / Falcons / Michael Penix Jr. / Olamide Zaccheaus,49800,49500-49900,4-2,1,103.07,136.39,148.25,168.36,0.037,1,2,EXACT_OR_NEAR_OPTIMAL
72,Alvin Kamara,RB,Bijan Robinson / Daniel Carlson / Drake London / Juwan Johnson / Nick Folk,49900,49500-49900,3-3,0,99.53,127.1,134.34,148.93,0.0365,1,0,EXACT_OR_NEAR_OPTIMAL
466,Bijan Robinson,RB,Alvin Kamara / Brian Robinson Jr. / Daniel Carlson / Juwan Johnson / Michael Penix Jr.,49700,49500-49900,3-3,1,97.92,127.47,136.59,155.74,0.0365,1,2,EXACT_OR_NEAR_OPTIMAL
703,Bijan Robinson,RB,Daniel Carlson / Drake London / Falcons / Juwan Johnson / Nick Folk,48900,48000-48900,4-2,0,97.63,126.06,135.9,150.61,0.0365,2,1,EXACT_OR_NEAR_OPTIMAL
1519,Chris Olave,WR,Alvin Kamara / Brian Robinson Jr. / Daniel Carlson / Devaughn Vele / Tyler Shough,49200,49000-49400,1-5,1,99.05,131.5,142.88,159.73,0.0365,1,2,EXACT_OR_NEAR_OPTIMAL
1566,Chris Olave,WR,Alvin Kamara / Daniel Carlson / Michael Penix Jr. / Olamide Zaccheaus / Tyler Shough,48600,48000-48900,2-4,1,101.07,134.75,143.44,166.9,0.0365,0,1,EXACT_OR_NEAR_OPTIMAL
1773,Chris Olave,WR,Brian Robinson Jr. / Daniel Carlson / Drake London / Saints / Tyler Shough,48600,48000-48900,2-4,0,101.02,132.8,141.64,163.5,0.0365,0,0,EXACT_OR_NEAR_OPTIMAL
1875,Chris Olave,WR,Devaughn Vele / Drake London / Falcons / Olamide Zaccheaus / Tyler Shough,49200,49000-49400,3-3,1,100.29,134.62,143.83,171.3,0.0365,0,1,EXACT_OR_NEAR_OPTIMAL
2133,Daniel Carlson,K,Bijan Robinson / Chris Olave / Juwan Johnson / Treyton Welch / Tyler Shough,47000,<48000,1-5,1,104.5,133.96,145.63,162.95,0.0365,0,3,FORCED_CAPTAIN
2160,Daniel Carlson,K,Chris Olave / Devaughn Vele / Drake London / Saints / Tyler Shough,49600,49500-49900,1-5,1,98.56,128.8,137.44,153.12,0.0365,1,2,EXACT_OR_NEAR_OPTIMAL
2343,Drake London,WR,Alvin Kamara / Austin Hooper / Bijan Robinson / Brian Robinson Jr. / Michael Penix Jr.,49400,49000-49400,5-1,1,94.47,127.36,137.16,159.51,0.0365,1,2,EXACT_OR_NEAR_OPTIMAL
2397,Drake London,WR,Alvin Kamara / Brian Robinson Jr. / Chris Olave / Jahan Dotson / Tyler Shough,49200,49000-49400,3-3,1,101.27,134.87,145.53,165.71,0.0365,0,1,FORCED_CAPTAIN
2531,Drake London,WR,Alvin Kamara / Juwan Johnson / Nick Folk / Saints / Tyler Shough,48600,48000-48900,2-4,1,97.08,127.15,136.85,154.49,0.0365,1,1,EXACT_OR_NEAR_OPTIMAL
3181,Juwan Johnson,TE,Alvin Kamara / Bijan Robinson / Kyle Pitts Sr. / Saints / Tyler Shough,49500,49500-49900,2-4,1,97.98,127.37,137.74,156.64,0.0365,1,1,EXACT_OR_NEAR_OPTIMAL
3313,Juwan Johnson,TE,Bijan Robinson / Chris Olave / Drake London / Olamide Zaccheaus / Saints,49900,49500-49900,3-3,0,105.21,134.27,145.64,164.39,0.0365,1,1,EXACT_OR_NEAR_OPTIMAL
3367,Juwan Johnson,TE,Chris Olave / Daniel Carlson / Drake London / Michael Penix Jr. / Saints,49900,49500-49900,2-4,0,100.68,132.02,142.98,165.03,0.0365,2,1,EXACT_OR_NEAR_OPTIMAL
3922,Michael Penix Jr.,QB,Bijan Robinson / Chris Olave / Drake London / Olamide Zaccheaus / Treyton Welch,48300,48000-48900,4-2,1,99.59,133.65,144.13,163.74,0.0365,0,2,FORCED_CAPTAIN
4730,Treyton Welch,TE,Alvin Kamara / Bijan Robinson / Chris Olave / Drake London / Michael Penix Jr.,48900,48000-48900,3-3,1,103.9,134.42,144.77,163.58,0.0365,0,2,FORCED_CAPTAIN
5034,Tyler Shough,QB,Alvin Kamara / CJ Donaldson / Drake London / Juwan Johnson / Michael Penix Jr.,49200,49000-49400,2-4,1,99.58,133.75,144.9,164.7,0.0365,0,2,EXACT_OR_NEAR_OPTIMAL
5059,Tyler Shough,QB,Alvin Kamara / Chris Olave / Jahan Dotson / Michael Penix Jr. / Nick Folk,49600,49500-49900,3-3,1,100.81,133.34,144.84,165.68,0.0365,0,1,EXACT_OR_NEAR_OPTIMAL
5070,Tyler Shough,QB,Alvin Kamara / Daniel Carlson / Drake London / Juwan Johnson / Nick Folk,49000,49000-49400,2-4,1,99.97,131.0,140.62,158.26,0.0365,1,1,EXACT_OR_NEAR_OPTIMAL
56,Alvin Kamara,RB,Bijan Robinson / Chris Olave / Drake London / Falcons / Jahan Dotson,49700,49500-49900,4-2,0,102.56,129.23,139.36,153.07,0.036,0,0,FORCED_CAPTAIN
129,Alvin Kamara,RB,Chris Olave / Devaughn Vele / Falcons / Juwan Johnson / Tyler Shough,49700,49500-49900,1-5,1,101.4,132.78,143.38,165.26,0.036,1,2,EXACT_OR_NEAR_OPTIMAL
264,Austin Hooper,TE,Bijan Robinson / Chris Olave / Juwan Johnson / Nick Folk / Tyler Shough,49200,49000-49400,3-3,1,103.9,135.77,145.0,167.72,0.036,0,2,FORCED_CAPTAIN
576,Bijan Robinson,RB,Austin Hooper / Chris Olave / Juwan Johnson / Michael Penix Jr. / Treyton Welch,47900,<48000,3-3,1,101.98,133.94,145.28,163.78,0.036,1,3,EXACT_OR_NEAR_OPTIMAL
587,Bijan Robinson,RB,Brian Robinson Jr. / Bryce Lance / Juwan Johnson / Michael Penix Jr. / Tyler Shough,49300,49000-49400,3-3,1,100.81,133.65,144.66,165.81,0.036,1,3,EXACT_OR_NEAR_OPTIMAL
2431,Drake London,WR,Alvin Kamara / CJ Donaldson / Chris Olave / Daniel Carlson / Tyler Shough,48600,48000-48900,1-5,1,101.04,133.31,143.9,162.56,0.036,1,2,EXACT_OR_NEAR_OPTIMAL
2503,Drake London,WR,Alvin Kamara / Devaughn Vele / Michael Penix Jr. / Treyton Welch / Tyler Shough,48600,48000-48900,2-4,1,94.73,128.79,140.92,160.45,0.036,0,1,EXACT_OR_NEAR_OPTIMAL
2539,Drake London,WR,Austin Hooper / Bijan Robinson / Chris Olave / Daniel Carlson / Saints,49400,49000-49400,3-3,0,100.95,129.49,140.5,158.76,0.036,1,0,EXACT_OR_NEAR_OPTIMAL
2567,Drake London,WR,Austin Hooper / Juwan Johnson / Michael Penix Jr. / Nick Folk / Tyler Shough,49200,49000-49400,4-2,1,96.15,130.31,141.83,163.21,0.036,1,2,EXACT_OR_NEAR_OPTIMAL
2639,Drake London,WR,Brian Robinson Jr. / Chris Olave / Daniel Carlson / Nick Folk / Tyler Shough,49400,49000-49400,3-3,0,99.8,131.24,141.05,160.67,0.036,1,0,EXACT_OR_NEAR_OPTIMAL
2713,Drake London,WR,Chris Olave / Falcons / Jahan Dotson / Juwan Johnson / Michael Penix Jr.,48800,48000-48900,4-2,1,97.65,131.98,143.73,166.4,0.036,0,2,EXACT_OR_NEAR_OPTIMAL
2720,Drake London,WR,Chris Olave / Falcons / Nick Folk / Saints / Tyler Shough,48600,48000-48900,3-3,0,98.64,127.57,137.04,156.99,0.036,1,0,EXACT_OR_NEAR_OPTIMAL
2831,Falcons,DST,Bijan Robinson / Brian Robinson Jr. / Chris Olave / Drake London / Juwan Johnson,49200,49000-49400,4-2,0,101.52,130.08,139.54,157.62,0.036,0,1,FORCED_CAPTAIN
3195,Juwan Johnson,TE,Alvin Kamara / Bryce Lance / Drake London / Michael Penix Jr. / Tyler Shough,48500,48000-48900,2-4,1,98.72,133.81,145.24,165.05,0.036,0,2,FORCED_CAPTAIN
3897,Michael Penix Jr.,QB,Bijan Robinson / Bryce Lance / Chris Olave / Olamide Zaccheaus / Tyler Shough,49500,49500-49900,3-3,1,102.73,135.05,148.84,167.28,0.036,0,2,FORCED_CAPTAIN
4971,Tyler Shough,QB,Alvin Kamara / Austin Hooper / Devaughn Vele / Drake London / Juwan Johnson,49400,49000-49400,2-4,1,98.32,132.5,144.48,162.23,0.036,0,1,EXACT_OR_NEAR_OPTIMAL
5132,Tyler Shough,QB,Bijan Robinson / Brian Robinson Jr. / Bryce Lance / Drake London / Juwan Johnson,49200,49000-49400,3-3,1,103.53,135.22,145.36,167.8,0.036,1,2,EXACT_OR_NEAR_OPTIMAL
173,Alvin Kamara,RB,Devaughn Vele / Drake London / Juwan Johnson / Saints / Tyler Shough,49500,49500-49900,1-5,1,96.85,127.43,138.5,154.06,0.0355,1,2,EXACT_OR_NEAR_OPTIMAL
482,Bijan Robinson,RB,Alvin Kamara / Bryce Lance / Drake London / Jahan Dotson / Tyler Shough,49100,49000-49400,3-3,1,102.44,131.86,141.82,159.24,0.0355,1,2,EXACT_OR_NEAR_OPTIMAL
501,Bijan Robinson,RB,Alvin Kamara / Chris Olave / Daniel Carlson / Jahan Dotson / Nick Folk,48700,48000-48900,3-3,0,99.39,126.99,135.91,152.36,0.0355,1,1,EXACT_OR_NEAR_OPTIMAL
602,Bijan Robinson,RB,Brian Robinson Jr. / Chris Olave / Juwan Johnson / Kevin Austin Jr. / Michael Penix Jr.,49500,49500-49900,3-3,1,102.3,134.65,144.4,163.96,0.0355,1,3,EXACT_OR_NEAR_OPTIMAL
697,Bijan Robinson,RB,Chris Olave / Juwan Johnson / Kevin Austin Jr. / Michael Penix Jr. / Saints,49900,49500-49900,2-4,0,103.95,133.38,143.47,161.28,0.0355,1,2,EXACT_OR_NEAR_OPTIMAL
706,Bijan Robinson,RB,Daniel Carlson / Drake London / Jahan Dotson / Michael Penix Jr. / Nick Folk,49900,49500-49900,5-1,1,95.79,127.0,137.98,155.5,0.0355,3,3,EXACT_OR_NEAR_OPTIMAL
860,Bryce Lance,WR,Alvin Kamara / Bijan Robinson / Chris Olave / Devaughn Vele / Tyler Shough,49700,49500-49900,1-5,1,103.1,134.43,144.87,166.24,0.0355,1,2,EXACT_OR_NEAR_OPTIMAL
1749,Chris Olave,WR,Bijan Robinson / Falcons / Olamide Zaccheaus / Saints / Tyler Shough,47400,<48000,3-3,0,101.61,131.36,140.73,166.63,0.0355,1,0,EXACT_OR_NEAR_OPTIMAL
1829,Chris Olave,WR,Daniel Carlson / Devaughn Vele / Drake London / Falcons / Juwan Johnson,49800,49500-49900,2-4,0,100.08,130.97,140.04,160.48,0.0355,0,0,EXACT_OR_NEAR_OPTIMAL
2575,Drake London,WR,Bijan Robinson / Brian Robinson Jr. / Bryce Lance / Juwan Johnson / Tyler Shough,49400,49000-49400,3-3,1,102.51,134.66,145.07,166.3,0.0355,1,2,EXACT_OR_NEAR_OPTIMAL
2612,Drake London,WR,Bijan Robinson / Daniel Carlson / Devaughn Vele / Treyton Welch / Tyler Shough,49200,49000-49400,2-4,1,99.96,129.78,141.06,159.81,0.0355,1,1,EXACT_OR_NEAR_OPTIMAL
2636,Drake London,WR,Brian Robinson Jr. / Charlie Woerner / Chris Olave / Michael Penix Jr. / Tyler Shough,48800,48000-48900,4-2,1,99.28,135.58,147.93,169.27,0.0355,1,2,EXACT_OR_NEAR_OPTIMAL
2685,Drake London,WR,Charlie Woerner / Chris Olave / Kendre Miller / Michael Penix Jr. / Tyler Shough,50000,50000,3-3,1,98.08,134.41,146.57,168.27,0.0355,1,3,EXACT_OR_NEAR_OPTIMAL
2692,Drake London,WR,Chris Olave / Daniel Carlson / Devaughn Vele / Treyton Welch / Tyler Shough,48200,48000-48900,1-5,1,99.56,133.49,142.75,163.58,0.0355,1,2,EXACT_OR_NEAR_OPTIMAL
2726,Drake London,WR,Chris Olave / Juwan Johnson / Michael Penix Jr. / Nick Folk / Olamide Zaccheaus,49600,49500-49900,4-2,1,98.29,132.36,144.79,167.63,0.0355,1,2,EXACT_OR_NEAR_OPTIMAL
3163,Juwan Johnson,TE,Alvin Kamara / Bijan Robinson / Chris Blair / Drake London / Michael Penix Jr.,49900,49500-49900,4-2,1,99.95,132.01,141.85,162.48,0.0355,1,2,EXACT_OR_NEAR_OPTIMAL
3827,Michael Penix Jr.,QB,Alvin Kamara / Bijan Robinson / Cal Adomitis / Juwan Johnson / Tyler Shough,49500,49500-49900,2-4,1,101.98,134.16,144.82,162.43,0.0355,0,2,FORCED_CAPTAIN
4087,Nick Folk,K,Brian Robinson Jr. / Chris Olave / Drake London / Juwan Johnson / Tyler Shough,49700,49500-49900,3-3,1,101.37,133.28,145.93,162.42,0.0355,0,2,FORCED_CAPTAIN
4291,Olamide Zaccheaus,WR,Bijan Robinson / Chris Olave / Daniel Carlson / Drake London / Tyler Shough,50000,50000,3-3,0,106.47,137.63,147.21,165.72,0.0355,1,2,EXACT_OR_NEAR_OPTIMAL
5248,Tyler Shough,QB,Chris Olave / Devaughn Vele / Jahan Dotson / Juwan Johnson / Saints,47600,<48000,1-5,1,97.14,132.33,143.84,168.69,0.0355,1,2,EXACT_OR_NEAR_OPTIMAL
113,Alvin Kamara,RB,Charlie Woerner / Chris Olave / Devaughn Vele / Drake London / Tyler Shough,49300,49000-49400,2-4,1,100.33,132.92,142.35,161.23,0.035,0,1,EXACT_OR_NEAR_OPTIMAL
118,Alvin Kamara,RB,Chris Olave / Daniel Carlson / Drake London / Falcons / Tyler Shough,49300,49000-49400,2-4,1,102.89,130.65,139.62,157.96,0.035,1,1,EXACT_OR_NEAR_OPTIMAL
441,Bijan Robinson,RB,Alvin Kamara / Austin Hooper / Drake London / Falcons / Juwan Johnson,48500,48000-48900,4-2,0,98.59,126.65,135.21,153.37,0.035,1,1,EXACT_OR_NEAR_OPTIMAL
446,Bijan Robinson,RB,Alvin Kamara / Austin Hooper / Falcons / Juwan Johnson / Tyler Shough,48100,48000-48900,3-3,1,100.63,130.14,139.76,156.23,0.035,1,2,EXACT_OR_NEAR_OPTIMAL
488,Bijan Robinson,RB,Alvin Kamara / CJ Donaldson / Juwan Johnson / Nick Folk / Tyler Shough,48500,48000-48900,2-4,1,99.85,130.12,139.12,159.27,0.035,1,2,EXACT_OR_NEAR_OPTIMAL
780,Brian Robinson Jr.,RB,Bijan Robinson / Bryce Lance / Chris Olave / Drake London / Tyler Shough,49700,49500-49900,3-3,1,104.5,136.19,145.49,165.5,0.035,1,2,EXACT_OR_NEAR_OPTIMAL
1523,Chris Olave,WR,Alvin Kamara / Brian Robinson Jr. / Devaughn Vele / Saints / Tyler Shough,48600,48000-48900,1-5,1,97.17,129.31,140.38,162.64,0.035,0,2,EXACT_OR_NEAR_OPTIMAL
1556,Chris Olave,WR,Alvin Kamara / Daniel Carlson / Drake London / Michael Penix Jr. / Olamide Zaccheaus,49000,49000-49400,3-3,1,99.03,131.36,140.83,162.13,0.035,0,1,EXACT_OR_NEAR_OPTIMAL
1737,Chris Olave,WR,Bijan Robinson / Drake London / Falcons / Nick Folk / Treyton Welch,47200,<48000,4-2,0,100.31,130.49,138.85,157.06,0.035,1,0,EXACT_OR_NEAR_OPTIMAL
1902,Chris Olave,WR,Drake London / Jahan Dotson / Juwan Johnson / Michael Penix Jr. / Saints,49800,49500-49900,3-3,1,101.33,133.83,146.54,169.42,0.035,0,2,EXACT_OR_NEAR_OPTIMAL
1925,Chris Olave,WR,Juwan Johnson / Michael Penix Jr. / Olamide Zaccheaus / Saints / Tyler Shough,48400,48000-48900,2-4,1,101.55,135.08,146.04,174.93,0.035,0,2,EXACT_OR_NEAR_OPTIMAL
2072,Daniel Carlson,K,Alvin Kamara / Bijan Robinson / Drake London / Saints / Tyler Shough,49800,49500-49900,2-4,0,101.57,125.48,133.94,150.52,0.035,3,0,EXACT_OR_NEAR_OPTIMAL
2123,Daniel Carlson,K,Bijan Robinson / Chris Olave / Falcons / Juwan Johnson / Michael Penix Jr.,49800,49500-49900,3-3,0,101.8,129.14,139.42,157.27,0.035,0,1,FORCED_CAPTAIN
2148,Daniel Carlson,K,Bijan Robinson / Drake London / Juwan Johnson / Michael Penix Jr. / Saints,49600,49500-49900,3-3,1,97.24,125.63,135.38,154.66,0.035,1,2,EXACT_OR_NEAR_OPTIMAL
2362,Drake London,WR,Alvin Kamara / Bijan Robinson / Brian Robinson Jr. / Daniel Carlson / Juwan Johnson,49800,49500-49900,3-3,0,99.63,128.3,138.45,155.57,0.035,2,0,EXACT_OR_NEAR_OPTIMAL
2689,Drake London,WR,Chris Olave / Daniel Carlson / Devaughn Vele / Juwan Johnson / Saints,50000,50000,1-5,0,98.27,129.23,139.44,161.33,0.035,1,2,EXACT_OR_NEAR_OPTIMAL
2835,Falcons,DST,Bijan Robinson / Brian Robinson Jr. / Chris Olave / Juwan Johnson / Tyler Shough,48800,48000-48900,3-3,1,103.56,133.16,142.97,166.03,0.035,0,2,FORCED_CAPTAIN
2860,Falcons,DST,Bijan Robinson / Chris Olave / Drake London / Michael Penix Jr. / Olamide Zaccheaus,49000,49000-49400,5-1,1,98.57,129.04,138.39,158.21,0.035,0,3,FORCED_CAPTAIN
3332,Juwan Johnson,TE,Bijan Robinson / Drake London / Falcons / Michael Penix Jr. / Saints,49700,49500-49900,4-2,1,98.27,128.66,136.71,155.43,0.035,1,2,EXACT_OR_NEAR_OPTIMAL
3364,Juwan Johnson,TE,Chris Olave / Daniel Carlson / Drake London / Falcons / Michael Penix Jr.,49300,49000-49400,3-3,0,99.74,130.83,142.08,164.75,0.035,2,1,EXACT_OR_NEAR_OPTIMAL
3870,Michael Penix Jr.,QB,Austin Hooper / Bijan Robinson / Charlie Woerner / Chris Olave / Drake London,49500,49500-49900,5-1,1,99.63,132.88,144.66,164.4,0.035,0,3,FORCED_CAPTAIN
4557,Saints,DST,Bijan Robinson / Chris Olave / Jahan Dotson / Juwan Johnson / Tyler Shough,48900,48000-48900,2-4,1,104.3,133.78,143.04,166.23,0.035,0,2,FORCED_CAPTAIN
5077,Tyler Shough,QB,Alvin Kamara / Devaughn Vele / Drake London / Jahan Dotson / Juwan Johnson,49600,49500-49900,2-4,1,98.83,132.64,144.58,162.47,0.035,1,1,EXACT_OR_NEAR_OPTIMAL
5112,Tyler Shough,QB,Austin Hooper / Chris Olave / Devaughn Vele / Juwan Johnson / Nick Folk,48600,48000-48900,2-4,1,98.16,134.17,145.46,173.25,0.035,1,1,EXACT_OR_NEAR_OPTIMAL
5118,Tyler Shough,QB,Austin Hooper / Chris Olave / Juwan Johnson / Michael Penix Jr. / Saints,48600,48000-48900,2-4,1,101.13,135.24,146.76,171.68,0.035,0,2,EXACT_OR_NEAR_OPTIMAL
73,Alvin Kamara,RB,Bijan Robinson / Daniel Carlson / Drake London / Juwan Johnson / Saints,48700,48000-48900,2-4,0,98.01,123.39,130.72,149.62,0.0345,1,0,EXACT_OR_NEAR_OPTIMAL
111,Alvin Kamara,RB,Cal Adomitis / Chris Olave / Devaughn Vele / Drake London / Tyler Shough,48900,48000-48900,1-5,1,100.31,132.92,142.28,161.25,0.0345,0,2,FORCED_CAPTAIN
496,Bijan Robinson,RB,Alvin Kamara / Charlie Woerner / Drake London / Saints / Tyler Shough,49100,49000-49400,3-3,0,102.37,128.96,137.92,154.82,0.0345,1,1,EXACT_OR_NEAR_OPTIMAL
525,Bijan Robinson,RB,Alvin Kamara / Daniel Carlson / Drake London / Nick Folk / Saints,49100,49000-49400,3-3,0,96.21,121.37,129.31,145.87,0.0345,1,1,EXACT_OR_NEAR_OPTIMAL
593,Bijan Robinson,RB,Brian Robinson Jr. / Chris Olave / Daniel Carlson / Drake London / Olamide Zaccheaus,49100,49000-49400,4-2,0,100.93,131.28,140.93,158.19,0.0345,1,1,EXACT_OR_NEAR_OPTIMAL
1572,Chris Olave,WR,Alvin Kamara / Devaughn Vele / Jahan Dotson / Nick Folk / Tyler Shough,49000,49000-49400,2-4,1,98.04,132.38,142.83,164.32,0.0345,1,1,EXACT_OR_NEAR_OPTIMAL
2602,Drake London,WR,Bijan Robinson / Chris Olave / Devaughn Vele / Saints / Treyton Welch,49800,49500-49900,2-4,0,101.54,131.4,141.11,159.77,0.0345,1,0,EXACT_OR_NEAR_OPTIMAL
3052,Jahan Dotson,WR,Alvin Kamara / Bijan Robinson / Juwan Johnson / Michael Penix Jr. / Tyler Shough,49300,49000-49400,3-3,1,100.18,132.27,142.02,159.58,0.0345,1,2,EXACT_OR_NEAR_OPTIMAL
3093,Jahan Dotson,WR,Bijan Robinson / Chris Olave / Drake London / Falcons / Michael Penix Jr.,49700,49500-49900,5-1,1,99.7,130.66,141.7,159.6,0.0345,0,3,FORCED_CAPTAIN
3908,Michael Penix Jr.,QB,Bijan Robinson / Cal Adomitis / Chris Olave / Jahan Dotson / Tyler Shough,48900,48000-48900,3-3,1,102.16,134.41,147.17,165.43,0.0345,0,2,FORCED_CAPTAIN
3927,Michael Penix Jr.,QB,Bijan Robinson / Daniel Carlson / Drake London / Juwan Johnson / Olamide Zaccheaus,49500,49500-49900,4-2,1,96.71,130.04,141.69,159.68,0.0345,0,2,FORCED_CAPTAIN
4004,Nick Folk,K,Alvin Kamara / Bijan Robinson / Daniel Carlson / Juwan Johnson / Tyler Shough,48700,48000-48900,2-4,1,98.75,127.11,134.12,151.47,0.0345,0,1,FORCED_CAPTAIN
4523,Saints,DST,Alvin Kamara / Drake London / Juwan Johnson / Michael Penix Jr. / Tyler Shough,49300,49000-49400,2-4,1,97.77,127.94,137.85,157.12,0.0345,1,2,EXACT_OR_NEAR_OPTIMAL
4576,Saints,DST,Chris Olave / Daniel Carlson / Devaughn Vele / Drake London / Tyler Shough,49300,49000-49400,1-5,1,97.63,127.16,137.37,152.27,0.0345,0,2,FORCED_CAPTAIN
5137,Tyler Shough,QB,Bijan Robinson / Brian Robinson Jr. / Daniel Carlson / Devaughn Vele / Juwan Johnson,50000,50000,2-4,1,100.07,131.73,142.09,162.25,0.0345,1,2,EXACT_OR_NEAR_OPTIMAL
5231,Tyler Shough,QB,Chris Olave / Daniel Carlson / Devaughn Vele / Drake London / Treyton Welch,48000,48000-48900,1-5,1,100.58,133.71,144.92,165.7,0.0345,0,2,EXACT_OR_NEAR_OPTIMAL
130,Alvin Kamara,RB,Chris Olave / Devaughn Vele / Jahan Dotson / Juwan Johnson / Tyler Shough,49100,49000-49400,1-5,1,100.03,134.15,144.02,170.27,0.034,0,2,FORCED_CAPTAIN
209,Austin Hooper,TE,Alvin Kamara / Bijan Robinson / Drake London / Juwan Johnson / Tyler Shough,50000,50000,3-3,1,104.06,134.98,142.82,160.61,0.034,0,3,FORCED_CAPTAIN
632,Bijan Robinson,RB,Bryce Lance / Falcons / Juwan Johnson / Michael Penix Jr. / Tyler Shough,49100,49000-49400,3-3,1,101.52,132.95,143.74,162.01,0.034,1,3,EXACT_OR_NEAR_OPTIMAL
1292,Charlie Woerner,TE,Bijan Robinson / Chris Olave / Juwan Johnson / Michael Penix Jr. / Tyler Shough,49500,49500-49900,3-3,1,106.39,140.46,149.72,172.78,0.034,0,3,FORCED_CAPTAIN
1551,Chris Olave,WR,Alvin Kamara / Daniel Carlson / Devaughn Vele / Drake London / Saints,50000,50000,1-5,0,98.66,127.51,135.93,153.91,0.034,1,2,EXACT_OR_NEAR_OPTIMAL
1575,Chris Olave,WR,Alvin Kamara / Drake London / Falcons / Jahan Dotson / Michael Penix Jr.,48800,48000-48900,4-2,1,98.04,129.33,140.3,160.59,0.034,1,1,EXACT_OR_NEAR_OPTIMAL
1705,Chris Olave,WR,Bijan Robinson / Chris Blair / Falcons / Nick Folk / Tyler Shough,47600,<48000,4-2,0,100.85,132.85,141.65,166.99,0.034,1,0,EXACT_OR_NEAR_OPTIMAL
1757,Chris Olave,WR,Bijan Robinson / Kevin Austin Jr. / Kyle Pitts Sr. / Nick Folk / Tyler Shough,49600,49500-49900,3-3,1,101.06,134.26,144.72,166.57,0.034,1,1,EXACT_OR_NEAR_OPTIMAL
2073,Daniel Carlson,K,Alvin Kamara / Bijan Robinson / Juwan Johnson / Nick Folk / Tyler Shough,48400,48000-48900,2-4,1,98.92,126.98,134.62,150.31,0.034,0,1,FORCED_CAPTAIN
2379,Drake London,WR,Alvin Kamara / Bijan Robinson / Chris Olave / Kendre Miller / Treyton Welch,49800,49500-49900,2-4,0,101.31,130.72,141.06,160.92,0.034,1,0,EXACT_OR_NEAR_OPTIMAL
2386,Drake London,WR,Alvin Kamara / Bijan Robinson / Falcons / Michael Penix Jr. / Olamide Zaccheaus,48400,48000-48900,5-1,1,93.87,125.16,135.33,155.28,0.034,0,2,FORCED_CAPTAIN
2418,Drake London,WR,Alvin Kamara / Bryce Lance / Chris Olave / Falcons / Tyler Shough,47800,<48000,2-4,1,100.48,131.58,142.23,162.03,0.034,0,1,EXACT_OR_NEAR_OPTIMAL
2420,Drake London,WR,Alvin Kamara / Bryce Lance / Chris Olave / Kyle Pitts Sr. / Tyler Shough,50000,50000,2-4,1,100.04,133.68,145.52,163.23,0.034,0,2,FORCED_CAPTAIN
3215,Juwan Johnson,TE,Alvin Kamara / Chris Olave / Kyle Pitts Sr. / Saints / Tyler Shough,48500,48000-48900,1-5,1,97.59,129.63,140.82,165.95,0.034,1,2,EXACT_OR_NEAR_OPTIMAL
3383,Juwan Johnson,TE,Chris Olave / Drake London / Saints / Treyton Welch / Tyler Shough,45900,<48000,1-5,1,100.57,133.46,146.32,169.0,0.034,0,3,EXACT_OR_NEAR_OPTIMAL
3884,Michael Penix Jr.,QB,Austin Hooper / Chris Olave / Drake London / Jahan Dotson / Tyler Shough,49700,49500-49900,4-2,1,99.66,135.31,146.55,171.07,0.034,3,2,EXACT_OR_NEAR_OPTIMAL
3901,Michael Penix Jr.,QB,Bijan Robinson / Bryce Lance / Drake London / Jahan Dotson / Tyler Shough,49700,49500-49900,4-2,1,99.06,133.17,143.48,163.16,0.034,0,2,FORCED_CAPTAIN
4046,Nick Folk,K,Bijan Robinson / Bryce Lance / Chris Olave / Devaughn Vele / Tyler Shough,49900,49500-49900,2-4,1,100.12,131.56,140.65,161.35,0.034,3,1,EXACT_OR_NEAR_OPTIMAL
4595,Saints,DST,Chris Olave / Drake London / Juwan Johnson / Nick Folk / Tyler Shough,49500,49500-49900,2-4,1,102.25,132.44,142.55,163.52,0.034,0,2,FORCED_CAPTAIN
4819,Treyton Welch,TE,Bijan Robinson / Drake London / Juwan Johnson / Michael Penix Jr. / Tyler Shough,48100,48000-48900,3-3,1,102.8,135.88,145.61,168.62,0.034,0,3,FORCED_CAPTAIN
16,Alvin Kamara,RB,Austin Hooper / Chris Olave / Devaughn Vele / Juwan Johnson / Tyler Shough,48900,48000-48900,1-5,1,99.52,133.42,142.16,169.15,0.0335,0,2,EXACT_OR_NEAR_OPTIMAL
427,Bijan Robinson,RB,Alvin Kamara / Austin Hooper / Brian Robinson Jr. / Michael Penix Jr. / Tyler Shough,49900,49500-49900,4-2,1,99.45,129.43,140.66,155.76,0.0335,2,2,EXACT_OR_NEAR_OPTIMAL
517,Bijan Robinson,RB,Alvin Kamara / Daniel Carlson / Devaughn Vele / Jahan Dotson / Tyler Shough,49900,49500-49900,2-4,1,98.98,127.52,136.16,156.1,0.0335,1,2,EXACT_OR_NEAR_OPTIMAL
663,Bijan Robinson,RB,Chris Olave / Daniel Carlson / Devaughn Vele / Falcons / Saints,48900,48000-48900,2-4,0,96.63,123.54,130.88,145.24,0.0335,3,1,EXACT_OR_NEAR_OPTIMAL
704,Bijan Robinson,RB,Daniel Carlson / Drake London / Falcons / Juwan Johnson / Saints,47700,<48000,3-3,0,96.11,122.14,132.17,148.08,0.0335,1,1,EXACT_OR_NEAR_OPTIMAL
1177,Cal Adomitis,TE,Bijan Robinson / Chris Olave / Juwan Johnson / Michael Penix Jr. / Tyler Shough,48900,48000-48900,2-4,1,106.37,140.16,149.72,172.89,0.0335,0,3,FORCED_CAPTAIN
1524,Chris Olave,WR,Alvin Kamara / Brian Robinson Jr. / Drake London / Falcons / Michael Penix Jr.,49600,49500-49900,4-2,1,98.7,130.49,140.56,161.64,0.0335,1,1,EXACT_OR_NEAR_OPTIMAL
1610,Chris Olave,WR,Austin Hooper / Bijan Robinson / Brian Robinson Jr. / Falcons / Tyler Shough,47800,<48000,4-2,0,101.27,132.75,142.54,170.99,0.0335,1,0,EXACT_OR_NEAR_OPTIMAL
1710,Chris Olave,WR,Bijan Robinson / Daniel Carlson / Devaughn Vele / Michael Penix Jr. / Treyton Welch,49800,49500-49900,2-4,0,101.51,132.48,142.69,162.02,0.0335,1,0,EXACT_OR_NEAR_OPTIMAL
1729,Chris Olave,WR,Bijan Robinson / Devaughn Vele / Falcons / Nick Folk / Saints,49000,49000-49400,3-3,0,96.08,123.35,131.32,147.46,0.0335,1,0,EXACT_OR_NEAR_OPTIMAL
1751,Chris Olave,WR,Bijan Robinson / Jahan Dotson / Kendre Miller / Saints / Tyler Shough,49800,49500-49900,2-4,1,101.52,132.56,141.69,168.68,0.0335,1,1,EXACT_OR_NEAR_OPTIMAL
1755,Chris Olave,WR,Bijan Robinson / Juwan Johnson / Michael Penix Jr. / Saints / Treyton Welch,48800,48000-48900,2-4,0,104.61,134.46,144.23,165.89,0.0335,1,1,EXACT_OR_NEAR_OPTIMAL
2059,Daniel Carlson,K,Alvin Kamara / Bijan Robinson / Chris Olave / Juwan Johnson / Saints,48400,48000-48900,1-5,0,100.85,125.32,132.86,149.91,0.0335,0,1,FORCED_CAPTAIN
2116,Daniel Carlson,K,Bijan Robinson / Chris Olave / Drake London / Falcons / Nick Folk,48800,48000-48900,4-2,0,98.44,125.34,133.57,148.88,0.0335,1,0,EXACT_OR_NEAR_OPTIMAL
2232,Devaughn Vele,WR,Alvin Kamara / Drake London / Juwan Johnson / Saints / Tyler Shough,49900,49500-49900,1-5,1,95.54,126.9,137.89,157.45,0.0335,2,2,EXACT_OR_NEAR_OPTIMAL
2369,Drake London,WR,Alvin Kamara / Bijan Robinson / Bryce Lance / Falcons / Tyler Shough,48800,48000-48900,3-3,1,100.87,129.26,138.3,155.04,0.0335,1,1,EXACT_OR_NEAR_OPTIMAL
2448,Drake London,WR,Alvin Kamara / Chris Olave / Falcons / Juwan Johnson / Saints,48000,48000-48900,2-4,0,98.07,127.39,135.76,156.09,0.0335,0,0,EXACT_OR_NEAR_OPTIMAL
2740,Drake London,WR,Daniel Carlson / Devaughn Vele / Juwan Johnson / Saints / Tyler Shough,48800,48000-48900,1-5,1,94.82,125.73,137.94,157.92,0.0335,0,2,EXACT_OR_NEAR_OPTIMAL
3279,Juwan Johnson,TE,Austin Hooper / Chris Olave / Michael Penix Jr. / Nick Folk / Tyler Shough,48700,48000-48900,3-3,1,99.55,134.23,145.89,172.94,0.0335,0,2,EXACT_OR_NEAR_OPTIMAL
3368,Juwan Johnson,TE,Chris Olave / Daniel Carlson / Jahan Dotson / Michael Penix Jr. / Tyler Shough,48300,48000-48900,2-4,1,100.41,135.09,146.8,171.05,0.0335,0,2,FORCED_CAPTAIN
3873,Michael Penix Jr.,QB,Austin Hooper / Bijan Robinson / Chris Olave / Falcons / Juwan Johnson,49900,49500-49900,4-2,1,100.7,131.04,141.85,161.03,0.0335,0,2,FORCED_CAPTAIN
4974,Tyler Shough,QB,Alvin Kamara / Barion Brown / Bijan Robinson / Brian Robinson Jr. / Chris Olave,49000,49000-49400,2-4,1,104.2,135.79,145.13,169.97,0.0335,2,1,EXACT_OR_NEAR_OPTIMAL
4992,Tyler Shough,QB,Alvin Kamara / Bijan Robinson / Chris Olave / Jahan Dotson / Zachariah Branch,49400,49000-49400,3-3,1,104.0,135.85,146.02,171.48,0.0335,1,1,EXACT_OR_NEAR_OPTIMAL
5007,Tyler Shough,QB,Alvin Kamara / Bijan Robinson / Juwan Johnson / Kendre Miller / Saints,49800,49500-49900,1-5,1,99.62,129.23,138.61,157.92,0.0335,1,2,EXACT_OR_NEAR_OPTIMAL
5108,Tyler Shough,QB,Austin Hooper / Bijan Robinson / Juwan Johnson / Michael Penix Jr. / Saints,49600,49500-49900,3-3,1,101.53,132.48,142.64,160.41,0.0335,1,2,EXACT_OR_NEAR_OPTIMAL
5151,Tyler Shough,QB,Bijan Robinson / Bryce Lance / Drake London / Falcons / Juwan Johnson,49000,49000-49400,3-3,1,104.24,135.13,144.01,162.66,0.0335,1,2,EXACT_OR_NEAR_OPTIMAL
219,Austin Hooper,TE,Alvin Kamara / Chris Olave / Drake London / Juwan Johnson / Tyler Shough,49000,49000-49400,2-4,1,103.67,136.91,148.05,169.96,0.033,0,2,EXACT_OR_NEAR_OPTIMAL
429,Bijan Robinson,RB,Alvin Kamara / Austin Hooper / CJ Donaldson / Chris Olave / Drake London,49700,49500-49900,3-3,0,103.13,132.92,142.27,158.3,0.033,1,1,EXACT_OR_NEAR_OPTIMAL
430,Bijan Robinson,RB,Alvin Kamara / Austin Hooper / Chris Olave / Devaughn Vele / Falcons,49700,49500-49900,3-3,0,99.11,126.38,135.77,153.81,0.033,2,1,EXACT_OR_NEAR_OPTIMAL
537,Bijan Robinson,RB,Alvin Kamara / Drake London / Falcons / Jahan Dotson / Juwan Johnson,48700,48000-48900,4-2,0,99.1,127.27,136.23,152.42,0.033,1,1,EXACT_OR_NEAR_OPTIMAL
571,Bijan Robinson,RB,Austin Hooper / Chris Olave / Falcons / Juwan Johnson / Nick Folk,47700,<48000,4-2,0,98.43,127.55,135.37,156.69,0.033,1,1,EXACT_OR_NEAR_OPTIMAL
1854,Chris Olave,WR,Daniel Carlson / Drake London / Kendre Miller / Saints / Tyler Shough,49800,49500-49900,1-5,1,99.82,131.17,140.93,163.83,0.033,0,2,EXACT_OR_NEAR_OPTIMAL
1865,Chris Olave,WR,Daniel Carlson / Juwan Johnson / Kyle Pitts Sr. / Nick Folk / Tyler Shough,49200,49000-49400,2-4,1,98.64,132.31,141.87,167.53,0.033,1,1,EXACT_OR_NEAR_OPTIMAL
2047,Daniel Carlson,K,Alvin Kamara / Austin Hooper / Bijan Robinson / Chris Olave / Drake London,49600,49500-49900,3-3,0,102.2,129.78,137.44,153.97,0.033,0,0,FORCED_CAPTAIN
2573,Drake London,WR,Barion Brown / Brian Robinson Jr. / Chris Olave / Michael Penix Jr. / Tyler Shough,49400,49000-49400,3-3,1,99.18,135.54,147.83,169.47,0.033,0,2,EXACT_OR_NEAR_OPTIMAL
2699,Drake London,WR,Chris Olave / Daniel Carlson / Juwan Johnson / Michael Penix Jr. / Zachariah Branch,49400,49000-49400,3-3,1,96.95,130.77,143.56,164.67,0.033,0,2,EXACT_OR_NEAR_OPTIMAL
2739,Drake London,WR,Daniel Carlson / Devaughn Vele / Juwan Johnson / Nick Folk / Tyler Shough,50000,50000,2-4,1,96.34,128.11,139.42,158.61,0.033,1,2,EXACT_OR_NEAR_OPTIMAL
3088,Jahan Dotson,WR,Bijan Robinson / Chris Olave / Daniel Carlson / Juwan Johnson / Tyler Shough,48900,48000-48900,2-4,1,105.02,136.69,145.81,166.36,0.033,0,2,FORCED_CAPTAIN
3147,Juwan Johnson,TE,Alvin Kamara / Austin Hooper / Bijan Robinson / Nick Folk / Tyler Shough,47700,<48000,3-3,1,98.06,129.03,140.07,157.99,0.033,0,1,FORCED_CAPTAIN
3304,Juwan Johnson,TE,Bijan Robinson / Charlie Woerner / Devaughn Vele / Michael Penix Jr. / Tyler Shough,49900,49500-49900,3-3,1,99.61,132.9,144.8,167.19,0.033,1,2,EXACT_OR_NEAR_OPTIMAL
3411,Juwan Johnson,TE,Devaughn Vele / Drake London / Michael Penix Jr. / Olamide Zaccheaus / Tyler Shough,49500,49500-49900,3-3,1,95.79,131.01,145.46,167.18,0.033,0,2,EXACT_OR_NEAR_OPTIMAL
3841,Michael Penix Jr.,QB,Alvin Kamara / Bryce Lance / Drake London / Juwan Johnson / Tyler Shough,49300,49000-49400,2-4,1,98.48,133.09,143.82,164.17,0.033,0,2,FORCED_CAPTAIN
3875,Michael Penix Jr.,QB,Austin Hooper / Bijan Robinson / Daniel Carlson / Juwan Johnson / Tyler Shough,49900,49500-49900,3-3,1,100.06,131.83,142.47,162.58,0.033,1,2,EXACT_OR_NEAR_OPTIMAL
4021,Nick Folk,K,Alvin Kamara / Chris Olave / Drake London / Saints / Tyler Shough,49700,49500-49900,2-4,1,100.66,129.67,138.65,154.58,0.033,1,1,EXACT_OR_NEAR_OPTIMAL
4052,Nick Folk,K,Bijan Robinson / Chris Olave / Daniel Carlson / Drake London / Falcons,49100,49000-49400,4-2,0,98.27,125.29,133.04,147.81,0.033,0,0,FORCED_CAPTAIN
4553,Saints,DST,Bijan Robinson / Chris Olave / Drake London / Treyton Welch / Tyler Shough,48700,48000-48900,2-4,1,105.87,134.58,143.5,160.95,0.033,0,2,FORCED_CAPTAIN
5005,Tyler Shough,QB,Alvin Kamara / Bijan Robinson / Falcons / Juwan Johnson / Saints,48400,48000-48900,2-4,1,101.52,127.91,137.66,156.55,0.033,2,1,EXACT_OR_NEAR_OPTIMAL
5036,Tyler Shough,QB,Alvin Kamara / Cal Adomitis / Chris Olave / Drake London / Nick Folk,47800,<48000,2-4,1,101.56,134.59,144.41,163.17,0.033,0,1,EXACT_OR_NEAR_OPTIMAL
5148,Tyler Shough,QB,Bijan Robinson / Bryce Lance / Chris Olave / Nick Folk / Saints,48400,48000-48900,2-4,1,102.67,132.25,142.43,167.49,0.033,1,1,EXACT_OR_NEAR_OPTIMAL
29,Alvin Kamara,RB,Bijan Robinson / Brian Robinson Jr. / Daniel Carlson / Drake London / Michael Penix Jr.,49900,49500-49900,4-2,1,95.89,125.97,134.32,150.82,0.0325,3,1,EXACT_OR_NEAR_OPTIMAL
58,Alvin Kamara,RB,Bijan Robinson / Chris Olave / Drake London / Nick Folk / Treyton Welch,48700,48000-48900,3-3,0,102.41,129.51,139.05,156.45,0.0325,0,0,FORCED_CAPTAIN
543,Bijan Robinson,RB,Alvin Kamara / Drake London / Michael Penix Jr. / Saints / Treyton Welch,48100,48000-48900,3-3,1,96.96,125.49,135.66,151.42,0.0325,1,2,EXACT_OR_NEAR_OPTIMAL
584,Bijan Robinson,RB,Barion Brown / Drake London / Michael Penix Jr. / Olamide Zaccheaus / Tyler Shough,49500,49500-49900,4-2,1,100.04,132.55,143.75,163.32,0.0325,1,3,EXACT_OR_NEAR_OPTIMAL
679,Bijan Robinson,RB,Chris Olave / Devaughn Vele / Falcons / Juwan Johnson / Olamide Zaccheaus,49300,49000-49400,3-3,0,100.16,129.33,140.43,159.06,0.0325,1,1,EXACT_OR_NEAR_OPTIMAL
1163,Cal Adomitis,TE,Bijan Robinson / Chris Olave / Drake London / Juwan Johnson / Michael Penix Jr.,49300,49000-49400,3-3,1,104.33,136.71,147.96,168.05,0.0325,0,3,FORCED_CAPTAIN
1283,Charlie Woerner,TE,Bijan Robinson / Chris Olave / Drake London / Juwan Johnson / Michael Penix Jr.,49900,49500-49900,4-2,1,104.35,136.74,147.86,168.43,0.0325,0,3,FORCED_CAPTAIN
1516,Chris Olave,WR,Alvin Kamara / Bijan Robinson / Kyle Pitts Sr. / Michael Penix Jr. / Treyton Welch,50000,50000,3-3,1,100.88,131.7,141.64,164.24,0.0325,1,2,EXACT_OR_NEAR_OPTIMAL
1567,Chris Olave,WR,Alvin Kamara / Daniel Carlson / Nick Folk / Saints / Tyler Shough,47200,<48000,1-5,1,97.66,127.98,135.72,157.17,0.0325,1,2,EXACT_OR_NEAR_OPTIMAL
1696,Chris Olave,WR,Bijan Robinson / Cal Adomitis / Falcons / Juwan Johnson / Michael Penix Jr.,48200,48000-48900,3-3,0,102.38,132.57,143.56,166.57,0.0325,1,1,EXACT_OR_NEAR_OPTIMAL
1827,Chris Olave,WR,Chris Blair / Devaughn Vele / Drake London / Saints / Tyler Shough,48800,48000-48900,2-4,1,98.93,132.45,143.53,166.7,0.0325,1,1,EXACT_OR_NEAR_OPTIMAL
1867,Chris Olave,WR,Daniel Carlson / Juwan Johnson / Michael Penix Jr. / Tyler Shough / Zachariah Branch,49400,49000-49400,2-4,1,101.74,135.54,147.22,173.78,0.0325,0,2,EXACT_OR_NEAR_OPTIMAL
2071,Daniel Carlson,K,Alvin Kamara / Bijan Robinson / Drake London / Michael Penix Jr. / Saints,49200,49000-49400,3-3,1,94.89,121.39,129.86,147.75,0.0325,1,1,EXACT_OR_NEAR_OPTIMAL
2215,Devaughn Vele,WR,Alvin Kamara / Chris Olave / Drake London / Kevin Austin Jr. / Tyler Shough,49900,49500-49900,1-5,1,99.44,132.5,142.68,162.64,0.0325,2,2,EXACT_OR_NEAR_OPTIMAL
2267,Devaughn Vele,WR,Bijan Robinson / Cal Adomitis / Chris Olave / Nick Folk / Tyler Shough,49500,49500-49900,2-4,1,99.24,131.31,141.13,163.99,0.0325,0,1,FORCED_CAPTAIN
2293,Devaughn Vele,WR,Bijan Robinson / Juwan Johnson / Michael Penix Jr. / Treyton Welch / Tyler Shough,49700,49500-49900,2-4,1,98.4,130.47,142.45,162.5,0.0325,0,2,FORCED_CAPTAIN
2394,Drake London,WR,Alvin Kamara / Brian Robinson Jr. / Chris Olave / Falcons / Michael Penix Jr.,49200,49000-49400,4-2,1,95.96,128.01,139.99,157.56,0.0325,0,1,EXACT_OR_NEAR_OPTIMAL
2693,Drake London,WR,Chris Olave / Daniel Carlson / Falcons / Michael Penix Jr. / Nick Folk,48600,48000-48900,4-2,0,93.83,125.09,135.8,156.68,0.0325,2,0,EXACT_OR_NEAR_OPTIMAL
2856,Falcons,DST,Bijan Robinson / Chris Olave / Devaughn Vele / Saints / Tyler Shough,49600,49500-49900,2-4,1,100.24,128.14,136.95,154.13,0.0325,0,1,FORCED_CAPTAIN
3386,Juwan Johnson,TE,Chris Olave / Jahan Dotson / Michael Penix Jr. / Nick Folk / Tyler Shough,48900,48000-48900,3-3,1,100.06,134.05,145.59,172.01,0.0325,0,2,FORCED_CAPTAIN
3405,Juwan Johnson,TE,Daniel Carlson / Drake London / Michael Penix Jr. / Saints / Tyler Shough,48700,48000-48900,2-4,0,97.23,128.96,140.12,162.12,0.0325,0,1,EXACT_OR_NEAR_OPTIMAL
4062,Nick Folk,K,Bijan Robinson / Chris Olave / Drake London / Michael Penix Jr. / Treyton Welch,49900,49500-49900,4-2,1,101.47,131.68,142.45,158.72,0.0325,0,2,FORCED_CAPTAIN
4289,Olamide Zaccheaus,WR,Bijan Robinson / Chris Olave / Daniel Carlson / Drake London / Michael Penix Jr.,49400,49000-49400,4-2,1,99.78,132.41,142.0,159.48,0.0325,0,2,FORCED_CAPTAIN
4526,Saints,DST,Austin Hooper / Bijan Robinson / Chris Olave / Juwan Johnson / Tyler Shough,48700,48000-48900,2-4,1,103.79,133.65,141.9,165.57,0.0325,0,2,FORCED_CAPTAIN
5226,Tyler Shough,QB,CJ Donaldson / Chris Olave / Devaughn Vele / Drake London / Nick Folk,49800,49500-49900,2-4,1,99.09,133.86,143.25,164.27,0.0325,1,1,EXACT_OR_NEAR_OPTIMAL
15,Alvin Kamara,RB,Austin Hooper / Chris Olave / Daniel Carlson / Drake London / Tyler Shough,48500,48000-48900,2-4,1,101.01,130.48,141.09,159.03,0.032,1,1,EXACT_OR_NEAR_OPTIMAL
435,Bijan Robinson,RB,Alvin Kamara / Austin Hooper / Daniel Carlson / Devaughn Vele / Tyler Shough,49700,49500-49900,2-4,1,98.46,126.63,135.26,152.29,0.032,1,2,EXACT_OR_NEAR_OPTIMAL
615,Bijan Robinson,RB,Bryce Lance / Chris Olave / Daniel Carlson / Jahan Dotson / Tyler Shough,47700,<48000,2-4,1,102.63,133.7,143.69,164.81,0.032,1,2,EXACT_OR_NEAR_OPTIMAL
657,Bijan Robinson,RB,Charlie Woerner / Chris Olave / Juwan Johnson / Michael Penix Jr. / Saints,49700,49500-49900,3-3,1,103.53,132.86,143.03,160.75,0.032,1,3,EXACT_OR_NEAR_OPTIMAL
1585,Chris Olave,WR,Alvin Kamara / Drake London / Michael Penix Jr. / Nick Folk / Olamide Zaccheaus,49600,49500-49900,4-2,1,98.68,131.12,141.54,162.23,0.032,0,1,EXACT_OR_NEAR_OPTIMAL
1712,Chris Olave,WR,Bijan Robinson / Daniel Carlson / Falcons / Jahan Dotson / Michael Penix Jr.,48400,48000-48900,4-2,1,98.62,128.28,137.23,157.44,0.032,1,1,EXACT_OR_NEAR_OPTIMAL
1836,Chris Olave,WR,Daniel Carlson / Devaughn Vele / Juwan Johnson / Olamide Zaccheaus / Tyler Shough,47800,<48000,1-5,1,98.92,132.71,146.66,168.04,0.032,0,2,EXACT_OR_NEAR_OPTIMAL
2135,Daniel Carlson,K,Bijan Robinson / Chris Olave / Michael Penix Jr. / Treyton Welch / Tyler Shough,48600,48000-48900,2-4,1,104.03,134.66,143.39,161.63,0.032,0,2,FORCED_CAPTAIN
2445,Drake London,WR,Alvin Kamara / Chris Olave / Devaughn Vele / Michael Penix Jr. / Treyton Welch,49800,49500-49900,2-4,0,98.18,132.77,142.44,163.24,0.032,0,0,EXACT_OR_NEAR_OPTIMAL
2457,Drake London,WR,Alvin Kamara / Chris Olave / Kevin Austin Jr. / Saints / Tyler Shough,47400,<48000,1-5,1,99.45,131.61,142.5,159.24,0.032,1,2,EXACT_OR_NEAR_OPTIMAL
2628,Drake London,WR,Bijan Robinson / Juwan Johnson / Kevin Austin Jr. / Michael Penix Jr. / Nick Folk,49400,49000-49400,4-2,1,97.04,129.92,140.99,160.75,0.032,1,2,EXACT_OR_NEAR_OPTIMAL
2863,Falcons,DST,Bijan Robinson / Chris Olave / Drake London / Olamide Zaccheaus / Tyler Shough,49600,49500-49900,4-2,0,105.25,134.03,143.01,162.62,0.032,0,1,FORCED_CAPTAIN
3047,Jahan Dotson,WR,Alvin Kamara / Bijan Robinson / Drake London / Juwan Johnson / Michael Penix Jr.,49700,49500-49900,4-2,1,98.15,128.55,139.55,156.47,0.032,1,2,EXACT_OR_NEAR_OPTIMAL
3339,Juwan Johnson,TE,Brian Robinson Jr. / Chris Olave / Daniel Carlson / Michael Penix Jr. / Tyler Shough,49100,49000-49400,2-4,1,101.07,134.13,145.96,166.98,0.032,0,2,EXACT_OR_NEAR_OPTIMAL
4000,Nick Folk,K,Alvin Kamara / Bijan Robinson / Chris Olave / Treyton Welch / Tyler Shough,47500,<48000,2-4,1,101.62,130.57,139.6,158.61,0.032,0,1,FORCED_CAPTAIN
4481,Saints,DST,Alvin Kamara / Bijan Robinson / Chris Olave / Daniel Carlson / Juwan Johnson,48100,48000-48900,1-5,0,99.91,123.4,131.47,148.36,0.032,0,1,FORCED_CAPTAIN
4510,Saints,DST,Alvin Kamara / Chris Olave / Drake London / Nick Folk / Tyler Shough,49100,49000-49400,2-4,1,99.9,127.98,136.88,153.47,0.032,0,1,FORCED_CAPTAIN
5175,Tyler Shough,QB,Bijan Robinson / Daniel Carlson / Devaughn Vele / Drake London / Treyton Welch,49000,49000-49400,2-4,1,100.98,130.24,139.86,157.65,0.032,1,1,EXACT_OR_NEAR_OPTIMAL
5243,Tyler Shough,QB,Chris Olave / Devaughn Vele / Drake London / Olamide Zaccheaus / Saints,49200,49000-49400,2-4,1,99.5,132.31,144.84,162.57,0.032,0,1,FORCED_CAPTAIN
5266,Tyler Shough,QB,Daniel Carlson / Devaughn Vele / Drake London / Juwan Johnson / Nick Folk,49800,49500-49900,2-4,1,97.36,129.94,139.77,159.67,0.032,0,1,EXACT_OR_NEAR_OPTIMAL
1,Alvin Kamara,RB,Austin Hooper / Bijan Robinson / Chris Olave / Daniel Carlson / Michael Penix Jr.,49700,49500-49900,3-3,1,100.21,128.11,135.45,156.35,0.0315,1,1,EXACT_OR_NEAR_OPTIMAL
540,Bijan Robinson,RB,Alvin Kamara / Drake London / Jahan Dotson / Michael Penix Jr. / Olamide Zaccheaus,48700,48000-48900,5-1,1,95.44,128.18,137.5,154.66,0.0315,0,3,FORCED_CAPTAIN
884,Bryce Lance,WR,Alvin Kamara / Chris Olave / Drake London / Michael Penix Jr. / Tyler Shough,49100,49000-49400,2-4,1,101.71,135.63,147.41,167.3,0.0315,1,2,EXACT_OR_NEAR_OPTIMAL
1536,Chris Olave,WR,Alvin Kamara / Bryce Lance / Daniel Carlson / Michael Penix Jr. / Tyler Shough,48400,48000-48900,1-5,1,101.38,134.02,144.55,169.85,0.0315,0,2,EXACT_OR_NEAR_OPTIMAL
1619,Chris Olave,WR,Austin Hooper / Bijan Robinson / Falcons / Michael Penix Jr. / Nick Folk,48800,48000-48900,5-1,1,97.76,128.35,136.34,157.15,0.0315,1,2,EXACT_OR_NEAR_OPTIMAL
1709,Chris Olave,WR,Bijan Robinson / Daniel Carlson / Devaughn Vele / Juwan Johnson / Olamide Zaccheaus,50000,50000,2-4,0,102.77,133.58,143.09,162.92,0.0315,2,1,EXACT_OR_NEAR_OPTIMAL
1843,Chris Olave,WR,Daniel Carlson / Drake London / Falcons / Michael Penix Jr. / Nick Folk,49000,49000-49400,4-2,0,96.57,127.52,136.79,156.19,0.0315,1,0,EXACT_OR_NEAR_OPTIMAL
2183,Devaughn Vele,WR,Alvin Kamara / Austin Hooper / Chris Olave / Juwan Johnson / Tyler Shough,49300,49000-49400,1-5,1,98.21,132.08,143.5,170.01,0.0315,0,2,FORCED_CAPTAIN
2475,Drake London,WR,Alvin Kamara / Daniel Carlson / Jahan Dotson / Michael Penix Jr. / Tyler Shough,48400,48000-48900,3-3,1,94.65,127.02,138.62,157.75,0.0315,0,1,EXACT_OR_NEAR_OPTIMAL
2596,Drake London,WR,Bijan Robinson / Charlie Woerner / Chris Olave / Devaughn Vele / Falcons,49600,49500-49900,4-2,0,99.33,130.48,140.47,159.21,0.0315,1,0,EXACT_OR_NEAR_OPTIMAL
2659,Drake London,WR,Brian Robinson Jr. / Juwan Johnson / Michael Penix Jr. / Saints / Tyler Shough,49000,49000-49400,3-3,1,95.8,129.16,141.64,162.36,0.0315,0,2,EXACT_OR_NEAR_OPTIMAL
2710,Drake London,WR,Chris Olave / Devaughn Vele / Kevin Austin Jr. / Nick Folk / Tyler Shough,49400,49000-49400,2-4,1,98.36,132.54,142.38,161.6,0.0315,2,1,EXACT_OR_NEAR_OPTIMAL
3292,Juwan Johnson,TE,Bijan Robinson / Brian Robinson Jr. / Devaughn Vele / Nick Folk / Tyler Shough,49500,49500-49900,3-3,1,96.62,128.74,139.14,162.03,0.0315,1,1,EXACT_OR_NEAR_OPTIMAL
3960,Michael Penix Jr.,QB,Chris Olave / Drake London / Falcons / Olamide Zaccheaus / Tyler Shough,49500,49500-49900,4-2,1,99.72,132.89,144.42,166.33,0.0315,0,2,EXACT_OR_NEAR_OPTIMAL
5030,Tyler Shough,QB,Alvin Kamara / Bryce Lance / Devaughn Vele / Drake London / Michael Penix Jr.,50000,50000,2-4,1,96.86,131.64,141.19,160.91,0.0315,1,2,EXACT_OR_NEAR_OPTIMAL
5097,Tyler Shough,QB,Alvin Kamara / Drake London / Juwan Johnson / Nick Folk / Saints,48400,48000-48900,2-4,1,98.1,129.12,137.64,154.19,0.0315,0,1,EXACT_OR_NEAR_OPTIMAL
5280,Tyler Shough,QB,Devaughn Vele / Drake London / Juwan Johnson / Kevin Austin Jr. / Michael Penix Jr.,49400,49000-49400,2-4,1,97.25,132.95,146.35,168.3,0.0315,0,2,EXACT_OR_NEAR_OPTIMAL
38,Alvin Kamara,RB,Bijan Robinson / Bryce Lance / Devaughn Vele / Juwan Johnson / Tyler Shough,48900,48000-48900,1-5,1,98.92,129.31,137.5,161.1,0.031,0,2,FORCED_CAPTAIN
39,Alvin Kamara,RB,Bijan Robinson / Bryce Lance / Drake London / Nick Folk / Tyler Shough,49100,49000-49400,3-3,1,100.06,128.61,136.88,152.26,0.031,1,1,EXACT_OR_NEAR_OPTIMAL
518,Bijan Robinson,RB,Alvin Kamara / Daniel Carlson / Devaughn Vele / Juwan Johnson / Saints,48900,48000-48900,1-5,0,95.07,120.75,128.44,144.17,0.031,1,2,EXACT_OR_NEAR_OPTIMAL
1482,Chris Olave,WR,Alvin Kamara / Barion Brown / Juwan Johnson / Nick Folk / Tyler Shough,46800,<48000,1-5,1,99.03,132.4,142.45,170.66,0.031,0,2,EXACT_OR_NEAR_OPTIMAL
2060,Daniel Carlson,K,Alvin Kamara / Bijan Robinson / Chris Olave / Michael Penix Jr. / Saints,50000,50000,2-4,0,100.38,125.19,132.14,148.9,0.031,0,1,FORCED_CAPTAIN
2163,Daniel Carlson,K,Chris Olave / Drake London / Falcons / Juwan Johnson / Tyler Shough,48600,48000-48900,2-4,1,102.6,132.23,142.7,163.14,0.031,0,2,FORCED_CAPTAIN
2218,Devaughn Vele,WR,Alvin Kamara / Chris Olave / Jahan Dotson / Juwan Johnson / Tyler Shough,49500,49500-49900,1-5,1,98.72,133.26,144.41,169.71,0.031,0,2,FORCED_CAPTAIN
2316,Devaughn Vele,WR,Chris Olave / Drake London / Falcons / Saints / Tyler Shough,49900,49500-49900,2-4,1,97.1,127.72,137.82,155.76,0.031,2,1,EXACT_OR_NEAR_OPTIMAL
2452,Drake London,WR,Alvin Kamara / Chris Olave / Jahan Dotson / Michael Penix Jr. / Saints,49000,49000-49400,3-3,1,96.23,128.66,139.78,159.05,0.031,1,1,EXACT_OR_NEAR_OPTIMAL
3061,Jahan Dotson,WR,Alvin Kamara / Chris Olave / Drake London / Juwan Johnson / Tyler Shough,49300,49000-49400,2-4,1,104.43,138.12,149.54,168.01,0.031,0,2,FORCED_CAPTAIN
3169,Juwan Johnson,TE,Alvin Kamara / Bijan Robinson / Daniel Carlson / Jahan Dotson / Tyler Shough,47300,<48000,2-4,1,98.91,130.47,140.24,158.98,0.031,0,1,FORCED_CAPTAIN
3229,Juwan Johnson,TE,Alvin Kamara / Daniel Carlson / Drake London / Nick Folk / Tyler Shough,47900,<48000,2-4,1,96.87,127.9,138.11,154.69,0.031,1,1,EXACT_OR_NEAR_OPTIMAL
3230,Juwan Johnson,TE,Alvin Kamara / Daniel Carlson / Drake London / Saints / Tyler Shough,46700,<48000,1-5,1,95.34,125.87,134.5,153.43,0.031,0,2,EXACT_OR_NEAR_OPTIMAL
3890,Michael Penix Jr.,QB,Bijan Robinson / Brian Robinson Jr. / Cal Adomitis / Chris Olave / Tyler Shough,49700,49500-49900,3-3,1,102.82,134.29,146.29,167.3,0.031,0,2,FORCED_CAPTAIN
3900,Michael Penix Jr.,QB,Bijan Robinson / Bryce Lance / Daniel Carlson / Drake London / Juwan Johnson,49300,49000-49400,3-3,1,97.03,130.79,141.3,160.59,0.031,1,2,EXACT_OR_NEAR_OPTIMAL
3954,Michael Penix Jr.,QB,Chris Olave / Daniel Carlson / Drake London / Kevin Austin Jr. / Tyler Shough,49500,49500-49900,2-4,1,100.89,134.85,146.71,167.77,0.031,0,2,FORCED_CAPTAIN
5260,Tyler Shough,QB,Chris Olave / Drake London / Juwan Johnson / Kendre Miller / Olamide Zaccheaus,49600,49500-49900,2-4,1,101.62,136.5,149.42,174.63,0.031,0,2,FORCED_CAPTAIN
453,Bijan Robinson,RB,Alvin Kamara / Brian Robinson Jr. / Bryce Lance / Drake London / Michael Penix Jr.,49300,49000-49400,4-2,1,96.42,128.04,137.55,156.26,0.0305,1,2,EXACT_OR_NEAR_OPTIMAL
558,Bijan Robinson,RB,Austin Hooper / Bryce Lance / Chris Olave / Nick Folk / Tyler Shough,48100,48000-48900,3-3,1,101.77,133.72,144.25,162.84,0.0305,0,2,FORCED_CAPTAIN
603,Bijan Robinson,RB,Brian Robinson Jr. / Chris Olave / Juwan Johnson / Nick Folk / Saints,49300,49000-49400,3-3,0,100.54,128.2,136.31,153.13,0.0305,1,1,EXACT_OR_NEAR_OPTIMAL
667,Bijan Robinson,RB,Chris Olave / Daniel Carlson / Falcons / Jahan Dotson / Juwan Johnson,47300,<48000,3-3,0,99.29,127.48,137.35,154.64,0.0305,1,1,EXACT_OR_NEAR_OPTIMAL
740,Brian Robinson Jr.,RB,Alvin Kamara / Bijan Robinson / Chris Olave / Daniel Carlson / Tyler Shough,49700,49500-49900,2-4,1,103.65,131.95,140.51,159.05,0.0305,0,1,FORCED_CAPTAIN
804,Brian Robinson Jr.,RB,Bijan Robinson / Chris Olave / Falcons / Juwan Johnson / Tyler Shough,48900,48000-48900,3-3,1,103.2,133.7,143.64,165.69,0.0305,0,2,FORCED_CAPTAIN
1796,Chris Olave,WR,Bryce Lance / CJ Donaldson / Drake London / Michael Penix Jr. / Tyler Shough,48000,48000-48900,2-4,1,99.98,136.05,148.2,172.29,0.0305,0,2,EXACT_OR_NEAR_OPTIMAL
2121,Daniel Carlson,K,Bijan Robinson / Chris Olave / Drake London / Nick Folk / Saints,49400,49000-49400,3-3,0,99.37,125.17,132.28,148.18,0.0305,1,0,EXACT_OR_NEAR_OPTIMAL
2129,Daniel Carlson,K,Bijan Robinson / Chris Olave / Juwan Johnson / Kevin Austin Jr. / Tyler Shough,47600,<48000,1-5,1,103.64,133.61,144.95,163.78,0.0305,0,3,FORCED_CAPTAIN
2143,Daniel Carlson,K,Bijan Robinson / Drake London / Falcons / Juwan Johnson / Michael Penix Jr.,49000,49000-49400,4-2,1,96.31,126.77,136.66,153.42,0.0305,0,2,FORCED_CAPTAIN
2151,Daniel Carlson,K,Bijan Robinson / Drake London / Michael Penix Jr. / Olamide Zaccheaus / Tyler Shough,49600,49500-49900,4-2,1,99.33,129.98,140.54,158.06,0.0305,0,2,FORCED_CAPTAIN
2288,Devaughn Vele,WR,Bijan Robinson / Daniel Carlson / Juwan Johnson / Saints / Tyler Shough,49500,49500-49900,1-5,1,96.13,124.01,133.81,153.5,0.0305,1,2,EXACT_OR_NEAR_OPTIMAL
2377,Drake London,WR,Alvin Kamara / Bijan Robinson / Chris Blair / Michael Penix Jr. / Nick Folk,49200,49000-49400,5-1,1,94.04,125.69,135.02,152.94,0.0305,1,2,EXACT_OR_NEAR_OPTIMAL
2500,Drake London,WR,Alvin Kamara / Devaughn Vele / Kevin Austin Jr. / Michael Penix Jr. / Tyler Shough,49200,49000-49400,2-4,1,93.88,128.15,139.67,159.35,0.0305,0,1,EXACT_OR_NEAR_OPTIMAL
2684,Drake London,WR,Charlie Woerner / Chris Olave / Devaughn Vele / Nick Folk / Tyler Shough,49200,49000-49400,3-3,1,97.95,131.38,141.67,161.6,0.0305,1,1,EXACT_OR_NEAR_OPTIMAL
2724,Drake London,WR,Chris Olave / Juwan Johnson / Kendre Miller / Olamide Zaccheaus / Tyler Shough,49800,49500-49900,2-4,1,100.61,135.44,148.61,172.43,0.0305,0,2,FORCED_CAPTAIN
3212,Juwan Johnson,TE,Alvin Kamara / Chris Olave / Falcons / Nick Folk / Tyler Shough,47500,<48000,2-4,1,99.55,130.2,141.19,166.89,0.0305,1,1,EXACT_OR_NEAR_OPTIMAL
3213,Juwan Johnson,TE,Alvin Kamara / Chris Olave / Falcons / Saints / Tyler Shough,46300,<48000,1-5,1,98.02,127.93,138.89,165.33,0.0305,0,2,EXACT_OR_NEAR_OPTIMAL
3329,Juwan Johnson,TE,Bijan Robinson / Devaughn Vele / Drake London / Michael Penix Jr. / Treyton Welch,49900,49500-49900,3-3,1,98.84,130.88,142.36,166.25,0.0305,2,2,EXACT_OR_NEAR_OPTIMAL
3335,Juwan Johnson,TE,Bijan Robinson / Drake London / Saints / Treyton Welch / Tyler Shough,46900,<48000,2-4,1,100.97,131.3,141.06,160.45,0.0305,1,2,EXACT_OR_NEAR_OPTIMAL
3337,Juwan Johnson,TE,Brian Robinson Jr. / Bryce Lance / Chris Olave / Drake London / Tyler Shough,47100,<48000,2-4,1,100.03,135.84,147.74,170.09,0.0305,0,2,EXACT_OR_NEAR_OPTIMAL
3357,Juwan Johnson,TE,Bryce Lance / Devaughn Vele / Drake London / Michael Penix Jr. / Tyler Shough,49300,49000-49400,2-4,1,96.1,131.1,145.09,167.25,0.0305,0,2,EXACT_OR_NEAR_OPTIMAL
3878,Michael Penix Jr.,QB,Austin Hooper / Bijan Robinson / Drake London / Olamide Zaccheaus / Tyler Shough,49700,49500-49900,5-1,1,98.23,131.17,142.58,161.67,0.0305,1,3,EXACT_OR_NEAR_OPTIMAL
5153,Tyler Shough,QB,Bijan Robinson / Bryce Lance / Juwan Johnson / Michael Penix Jr. / Nick Folk,49800,49500-49900,3-3,1,102.06,134.53,145.84,163.37,0.0305,1,2,EXACT_OR_NEAR_OPTIMAL
48,Alvin Kamara,RB,Bijan Robinson / Chris Olave / Daniel Carlson / Devaughn Vele / Saints,49900,49500-49900,1-5,0,98.53,122.18,128.76,145.82,0.03,2,1,EXACT_OR_NEAR_OPTIMAL
106,Alvin Kamara,RB,Bryce Lance / Chris Olave / Drake London / Nick Folk / Tyler Shough,48100,48000-48900,2-4,1,99.67,131.0,140.8,160.82,0.03,0,1,FORCED_CAPTAIN
150,Alvin Kamara,RB,Chris Olave / Juwan Johnson / Michael Penix Jr. / Treyton Welch / Tyler Shough,47500,<48000,1-5,1,101.92,135.22,144.25,167.51,0.03,0,3,FORCED_CAPTAIN
579,Bijan Robinson,RB,Austin Hooper / Devaughn Vele / Juwan Johnson / Saints / Tyler Shough,49500,49500-49900,2-4,1,98.95,129.5,138.17,160.55,0.03,1,2,EXACT_OR_NEAR_OPTIMAL
723,Bijan Robinson,RB,Drake London / Falcons / Michael Penix Jr. / Nick Folk / Saints,49900,49500-49900,5-1,1,95.29,122.75,132.43,149.28,0.03,2,3,EXACT_OR_NEAR_OPTIMAL
1483,Chris Olave,WR,Alvin Kamara / Bijan Robinson / Brian Robinson Jr. / Bryce Lance / Michael Penix Jr.,49600,49500-49900,3-3,1,101.71,132.28,142.71,163.4,0.03,1,1,EXACT_OR_NEAR_OPTIMAL
1527,Chris Olave,WR,Alvin Kamara / Brian Robinson Jr. / Drake London / Juwan Johnson / Nick Folk,49800,49500-49900,3-3,0,101.63,132.93,143.72,158.15,0.03,0,0,EXACT_OR_NEAR_OPTIMAL
1531,Chris Olave,WR,Alvin Kamara / Brian Robinson Jr. / Jahan Dotson / Michael Penix Jr. / Tyler Shough,48600,48000-48900,3-3,1,99.37,133.24,144.29,167.63,0.03,1,1,EXACT_OR_NEAR_OPTIMAL
1579,Chris Olave,WR,Alvin Kamara / Drake London / Falcons / Kevin Austin Jr. / Tyler Shough,47200,<48000,2-4,1,101.26,132.42,143.35,168.78,0.03,1,1,EXACT_OR_NEAR_OPTIMAL
1642,Chris Olave,WR,Austin Hooper / Drake London / Falcons / Juwan Johnson / Michael Penix Jr.,49000,49000-49400,4-2,1,99.88,132.87,144.27,167.01,0.03,1,2,EXACT_OR_NEAR_OPTIMAL
1662,Chris Olave,WR,Bijan Robinson / Brian Robinson Jr. / Daniel Carlson / Michael Penix Jr. / Saints,49800,49500-49900,3-3,1,100.22,127.97,137.73,153.67,0.03,1,1,EXACT_OR_NEAR_OPTIMAL
2050,Daniel Carlson,K,Alvin Kamara / Bijan Robinson / Bryce Lance / Chris Olave / Tyler Shough,48200,48000-48900,1-5,1,103.25,130.77,139.82,159.91,0.03,0,2,FORCED_CAPTAIN
2158,Daniel Carlson,K,Brian Robinson Jr. / Chris Olave / Drake London / Juwan Johnson / Tyler Shough,48800,48000-48900,2-4,1,101.89,132.95,143.17,163.22,0.03,0,2,FORCED_CAPTAIN
2253,Devaughn Vele,WR,Barion Brown / Bijan Robinson / Chris Olave / Daniel Carlson / Tyler Shough,49900,49500-49900,1-5,1,99.51,130.39,140.3,161.81,0.03,1,2,EXACT_OR_NEAR_OPTIMAL
2261,Devaughn Vele,WR,Bijan Robinson / Bryce Lance / Chris Olave / Falcons / Tyler Shough,49300,49000-49400,2-4,1,99.17,130.28,140.71,163.03,0.03,1,1,EXACT_OR_NEAR_OPTIMAL
2361,Drake London,WR,Alvin Kamara / Bijan Robinson / Brian Robinson Jr. / CJ Donaldson / Chris Olave,49800,49500-49900,3-3,0,101.36,132.04,142.12,159.4,0.03,1,0,EXACT_OR_NEAR_OPTIMAL
2368,Drake London,WR,Alvin Kamara / Bijan Robinson / Bryce Lance / Falcons / Michael Penix Jr.,48200,48000-48900,4-2,1,94.19,125.26,136.13,154.32,0.03,1,1,EXACT_OR_NEAR_OPTIMAL
2432,Drake London,WR,Alvin Kamara / CJ Donaldson / Devaughn Vele / Michael Penix Jr. / Tyler Shough,49800,49500-49900,2-4,1,93.59,127.39,139.32,159.44,0.03,0,1,EXACT_OR_NEAR_OPTIMAL
2446,Drake London,WR,Alvin Kamara / Chris Olave / Falcons / Jahan Dotson / Michael Penix Jr.,48400,48000-48900,4-2,1,95.3,128.43,139.3,158.58,0.03,0,1,EXACT_OR_NEAR_OPTIMAL
2572,Drake London,WR,Barion Brown / Bijan Robinson / Juwan Johnson / Michael Penix Jr. / Nick Folk,49800,49500-49900,4-2,1,96.53,129.5,140.52,160.86,0.03,1,2,EXACT_OR_NEAR_OPTIMAL
2577,Drake London,WR,Bijan Robinson / Brian Robinson Jr. / Daniel Carlson / Michael Penix Jr. / Nick Folk,49800,49500-49900,5-1,1,93.51,124.37,136.7,157.05,0.03,1,2,EXACT_OR_NEAR_OPTIMAL
2631,Drake London,WR,Bijan Robinson / Juwan Johnson / Michael Penix Jr. / Saints / Treyton Welch,47600,<48000,3-3,1,96.37,127.02,140.0,157.64,0.03,1,2,EXACT_OR_NEAR_OPTIMAL
2676,Drake London,WR,CJ Donaldson / Chris Olave / Devaughn Vele / Nick Folk / Tyler Shough,50000,50000,2-4,1,98.07,131.93,141.67,161.84,0.03,1,2,EXACT_OR_NEAR_OPTIMAL
2772,Drake London,WR,Falcons / Juwan Johnson / Michael Penix Jr. / Saints / Tyler Shough,48800,48000-48900,3-3,0,96.51,128.05,139.86,159.52,0.03,1,1,EXACT_OR_NEAR_OPTIMAL
2840,Falcons,DST,Bijan Robinson / Bryce Lance / Chris Olave / Drake London / Michael Penix Jr.,48800,48000-48900,4-2,1,98.89,129.53,139.48,156.02,0.03,1,2,EXACT_OR_NEAR_OPTIMAL
3040,Jahan Dotson,WR,Alvin Kamara / Bijan Robinson / Chris Olave / Nick Folk / Tyler Shough,49100,49000-49400,3-3,1,102.31,131.78,140.25,161.65,0.03,1,1,EXACT_OR_NEAR_OPTIMAL
3327,Juwan Johnson,TE,Bijan Robinson / Daniel Carlson / Michael Penix Jr. / Olamide Zaccheaus / Tyler Shough,48300,48000-48900,3-3,1,98.98,131.28,142.22,163.66,0.03,2,2,EXACT_OR_NEAR_OPTIMAL
3359,Juwan Johnson,TE,CJ Donaldson / Chris Olave / Devaughn Vele / Michael Penix Jr. / Tyler Shough,49700,49500-49900,1-5,1,99.34,135.33,148.46,172.78,0.03,0,3,FORCED_CAPTAIN
3945,Michael Penix Jr.,QB,Bryce Lance / Chris Olave / Drake London / Saints / Tyler Shough,49900,49500-49900,2-4,1,100.98,134.3,146.25,164.58,0.03,0,2,FORCED_CAPTAIN
5201,Tyler Shough,QB,Brian Robinson Jr. / Chris Olave / Drake London / Juwan Johnson / Treyton Welch,46600,<48000,2-4,1,102.03,136.8,148.47,171.39,0.03,1,2,EXACT_OR_NEAR_OPTIMAL
28,Alvin Kamara,RB,Bijan Robinson / Brian Robinson Jr. / Chris Olave / Juwan Johnson / Nick Folk,49700,49500-49900,3-3,0,101.5,128.62,136.61,160.23,0.0295,0,0,FORCED_CAPTAIN
40,Alvin Kamara,RB,Bijan Robinson / CJ Donaldson / Chris Olave / Daniel Carlson / Drake London,49300,49000-49400,2-4,0,101.61,128.7,137.53,151.98,0.0295,1,0,EXACT_OR_NEAR_OPTIMAL
654,Bijan Robinson,RB,Charlie Woerner / Chris Olave / Daniel Carlson / Drake London / Saints,48100,48000-48900,3-3,0,100.52,128.13,136.94,154.09,0.0295,1,1,EXACT_OR_NEAR_OPTIMAL
1489,Chris Olave,WR,Alvin Kamara / Bijan Robinson / Bryce Lance / Devaughn Vele / Nick Folk,50000,50000,2-4,0,100.38,129.75,138.99,159.36,0.0295,1,1,EXACT_OR_NEAR_OPTIMAL
1582,Chris Olave,WR,Alvin Kamara / Drake London / Jahan Dotson / Michael Penix Jr. / Saints,49400,49000-49400,3-3,1,98.98,130.0,141.0,160.4,0.0295,1,1,EXACT_OR_NEAR_OPTIMAL
1624,Chris Olave,WR,Austin Hooper / Bijan Robinson / Nick Folk / Olamide Zaccheaus / Tyler Shough,47800,<48000,4-2,0,101.25,133.64,145.13,165.95,0.0295,1,0,EXACT_OR_NEAR_OPTIMAL
1793,Chris Olave,WR,Brian Robinson Jr. / Juwan Johnson / Michael Penix Jr. / Olamide Zaccheaus / Tyler Shough,48000,48000-48900,3-3,1,99.9,135.25,146.86,174.72,0.0295,0,2,EXACT_OR_NEAR_OPTIMAL
1876,Chris Olave,WR,Devaughn Vele / Drake London / Falcons / Treyton Welch / Tyler Shough,47400,<48000,2-4,1,99.5,133.32,142.92,170.61,0.0295,0,1,EXACT_OR_NEAR_OPTIMAL
1888,Chris Olave,WR,Devaughn Vele / Juwan Johnson / Nick Folk / Treyton Welch / Tyler Shough,46600,<48000,1-5,1,97.79,133.55,143.65,169.27,0.0295,1,2,EXACT_OR_NEAR_OPTIMAL
2092,Daniel Carlson,K,Austin Hooper / Bijan Robinson / Chris Olave / Devaughn Vele / Tyler Shough,50000,50000,2-4,1,101.63,131.55,141.06,160.6,0.0295,0,2,FORCED_CAPTAIN
2144,Daniel Carlson,K,Bijan Robinson / Drake London / Falcons / Juwan Johnson / Tyler Shough,49600,49500-49900,3-3,0,102.99,130.44,140.36,155.68,0.0295,0,1,FORCED_CAPTAIN
2191,Devaughn Vele,WR,Alvin Kamara / Bijan Robinson / Bryce Lance / Juwan Johnson / Tyler Shough,49300,49000-49400,1-5,1,97.61,128.16,139.46,159.79,0.0295,0,2,FORCED_CAPTAIN
2330,Devaughn Vele,WR,Chris Olave / Juwan Johnson / Nick Folk / Saints / Tyler Shough,49100,49000-49400,1-5,1,95.38,128.46,138.88,161.37,0.0295,0,2,EXACT_OR_NEAR_OPTIMAL
2438,Drake London,WR,Alvin Kamara / Charlie Woerner / Devaughn Vele / Michael Penix Jr. / Tyler Shough,49000,49000-49400,3-3,1,93.46,127.18,139.33,158.6,0.0295,0,1,EXACT_OR_NEAR_OPTIMAL
2442,Drake London,WR,Alvin Kamara / Chris Olave / Daniel Carlson / Michael Penix Jr. / Olamide Zaccheaus,48600,48000-48900,3-3,1,96.28,129.11,140.13,159.61,0.0295,2,1,EXACT_OR_NEAR_OPTIMAL
2520,Drake London,WR,Alvin Kamara / Jahan Dotson / Michael Penix Jr. / Nick Folk / Tyler Shough,49000,49000-49400,4-2,1,94.3,127.07,138.32,156.15,0.0295,0,1,EXACT_OR_NEAR_OPTIMAL
2617,Drake London,WR,Bijan Robinson / Daniel Carlson / Jahan Dotson / Michael Penix Jr. / Nick Folk,49000,49000-49400,5-1,1,92.85,124.44,135.11,155.83,0.0295,0,2,FORCED_CAPTAIN
2630,Drake London,WR,Bijan Robinson / Juwan Johnson / Kyle Pitts Sr. / Michael Penix Jr. / Treyton Welch,49200,49000-49400,4-2,1,95.0,128.99,140.44,160.21,0.0295,1,2,EXACT_OR_NEAR_OPTIMAL
2846,Falcons,DST,Bijan Robinson / Chris Olave / Daniel Carlson / Juwan Johnson / Michael Penix Jr.,49200,49000-49400,3-3,0,100.39,127.01,137.11,154.2,0.0295,0,1,FORCED_CAPTAIN
3201,Juwan Johnson,TE,Alvin Kamara / Chris Olave / Daniel Carlson / Drake London / Saints,47900,<48000,1-5,0,98.79,127.38,137.38,153.93,0.0295,0,1,EXACT_OR_NEAR_OPTIMAL
3341,Juwan Johnson,TE,Brian Robinson Jr. / Chris Olave / Devaughn Vele / Nick Folk / Tyler Shough,48500,48000-48900,2-4,1,96.22,131.28,142.43,164.58,0.0295,1,1,EXACT_OR_NEAR_OPTIMAL
3377,Juwan Johnson,TE,Chris Olave / Drake London / Jahan Dotson / Kendre Miller / Tyler Shough,49500,49500-49900,2-4,1,100.34,133.83,147.61,172.74,0.0295,1,2,EXACT_OR_NEAR_OPTIMAL
4053,Nick Folk,K,Bijan Robinson / Chris Olave / Daniel Carlson / Drake London / Saints,49700,49500-49900,3-3,0,99.2,124.59,131.98,145.38,0.0295,1,0,EXACT_OR_NEAR_OPTIMAL
4594,Saints,DST,Chris Olave / Drake London / Juwan Johnson / Kyle Pitts Sr. / Tyler Shough,49900,49500-49900,2-4,1,99.35,130.5,141.34,161.66,0.0295,0,2,FORCED_CAPTAIN
4962,Tyler Shough,QB,Alvin Kamara / Austin Hooper / Bijan Robinson / Daniel Carlson / Michael Penix Jr.,49800,49500-49900,3-3,1,101.04,130.22,139.83,157.06,0.0295,1,1,EXACT_OR_NEAR_OPTIMAL
5011,Tyler Shough,QB,Alvin Kamara / Brian Robinson Jr. / Chris Olave / Drake London / Jahan Dotson,49000,49000-49400,3-3,1,102.29,136.04,146.24,166.92,0.0295,0,1,FORCED_CAPTAIN
5037,Tyler Shough,QB,Alvin Kamara / Charlie Woerner / Chris Olave / Devaughn Vele / Michael Penix Jr.,49600,49500-49900,2-4,1,99.97,134.41,144.77,166.3,0.0295,1,1,EXACT_OR_NEAR_OPTIMAL
5086,Tyler Shough,QB,Alvin Kamara / Devaughn Vele / Juwan Johnson / Michael Penix Jr. / Saints,49800,49500-49900,1-5,1,96.49,128.51,139.48,155.6,0.0295,1,2,EXACT_OR_NEAR_OPTIMAL
5133,Tyler Shough,QB,Bijan Robinson / Brian Robinson Jr. / Cal Adomitis / Chris Olave / Devaughn Vele,48800,48000-48900,2-4,1,101.66,135.46,146.22,167.67,0.0295,0,1,FORCED_CAPTAIN
5229,Tyler Shough,QB,Charlie Woerner / Devaughn Vele / Drake London / Juwan Johnson / Michael Penix Jr.,49200,49000-49400,3-3,1,96.84,132.26,145.17,166.54,0.0295,0,2,EXACT_OR_NEAR_OPTIMAL
8,Alvin Kamara,RB,Austin Hooper / Bijan Robinson / Daniel Carlson / Drake London / Michael Penix Jr.,48900,48000-48900,4-2,1,94.72,124.78,133.44,149.61,0.029,1,1,EXACT_OR_NEAR_OPTIMAL
69,Alvin Kamara,RB,Bijan Robinson / Daniel Carlson / Devaughn Vele / Nick Folk / Tyler Shough,49900,49500-49900,2-4,1,96.6,123.09,129.87,147.09,0.029,0,1,FORCED_CAPTAIN
239,Austin Hooper,TE,Bijan Robinson / Chris Olave / Daniel Carlson / Juwan Johnson / Tyler Shough,48600,48000-48900,2-4,1,104.25,136.1,144.6,166.98,0.029,0,2,FORCED_CAPTAIN
458,Bijan Robinson,RB,Alvin Kamara / Brian Robinson Jr. / Chris Olave / Daniel Carlson / Falcons,47700,<48000,3-3,0,97.59,123.35,132.53,149.4,0.029,1,1,EXACT_OR_NEAR_OPTIMAL
460,Bijan Robinson,RB,Alvin Kamara / Brian Robinson Jr. / Chris Olave / Daniel Carlson / Saints,48300,48000-48900,2-4,0,98.53,123.55,131.26,148.63,0.029,1,1,EXACT_OR_NEAR_OPTIMAL
693,Bijan Robinson,RB,Chris Olave / Falcons / Michael Penix Jr. / Nick Folk / Olamide Zaccheaus,48500,48000-48900,5-1,1,96.65,125.75,135.17,151.96,0.029,1,3,EXACT_OR_NEAR_OPTIMAL
1464,Chris Olave,WR,Alvin Kamara / Austin Hooper / Brian Robinson Jr. / Michael Penix Jr. / Tyler Shough,48400,48000-48900,3-3,1,98.86,132.99,143.67,168.2,0.029,0,1,EXACT_OR_NEAR_OPTIMAL
1708,Chris Olave,WR,Bijan Robinson / Daniel Carlson / Devaughn Vele / Falcons / Saints,48400,48000-48900,2-4,0,96.43,123.55,131.22,147.21,0.029,1,0,EXACT_OR_NEAR_OPTIMAL
1780,Chris Olave,WR,Brian Robinson Jr. / Devaughn Vele / Jahan Dotson / Juwan Johnson / Tyler Shough,47800,<48000,2-4,1,97.22,132.74,144.88,170.41,0.029,1,1,EXACT_OR_NEAR_OPTIMAL
1850,Chris Olave,WR,Daniel Carlson / Drake London / Juwan Johnson / Michael Penix Jr. / Zachariah Branch,49800,49500-49900,3-3,1,99.7,132.91,145.64,166.09,0.029,1,2,EXACT_OR_NEAR_OPTIMAL
2356,Drake London,WR,Alvin Kamara / Austin Hooper / Devaughn Vele / Juwan Johnson / Tyler Shough,49600,49500-49900,2-4,1,97.3,130.8,141.5,162.83,0.029,1,1,EXACT_OR_NEAR_OPTIMAL
2447,Drake London,WR,Alvin Kamara / Chris Olave / Falcons / Juwan Johnson / Nick Folk,49200,49000-49400,3-3,0,99.6,129.75,138.53,158.34,0.029,2,0,EXACT_OR_NEAR_OPTIMAL
2553,Drake London,WR,Austin Hooper / Chris Olave / Falcons / Juwan Johnson / Michael Penix Jr.,48600,48000-48900,4-2,1,97.14,130.96,142.77,163.94,0.029,0,2,EXACT_OR_NEAR_OPTIMAL
2641,Drake London,WR,Brian Robinson Jr. / Chris Olave / Jahan Dotson / Juwan Johnson / Michael Penix Jr.,49000,49000-49400,4-2,1,96.94,132.39,144.53,167.87,0.029,1,2,EXACT_OR_NEAR_OPTIMAL
2864,Falcons,DST,Bijan Robinson / Chris Olave / Drake London / Treyton Welch / Tyler Shough,47800,<48000,3-3,1,104.47,133.37,141.69,160.57,0.029,0,2,FORCED_CAPTAIN
3831,Michael Penix Jr.,QB,Alvin Kamara / Bijan Robinson / Daniel Carlson / Jahan Dotson / Tyler Shough,49700,49500-49900,3-3,1,98.21,128.02,137.01,155.81,0.029,1,1,EXACT_OR_NEAR_OPTIMAL
3848,Michael Penix Jr.,QB,Alvin Kamara / Chris Olave / Juwan Johnson / Treyton Welch / Tyler Shough,48500,48000-48900,1-5,1,102.87,137.4,146.87,171.03,0.029,0,3,FORCED_CAPTAIN
3989,Nick Folk,K,Alvin Kamara / Bijan Robinson / Bryce Lance / Chris Olave / Drake London,49500,49500-49900,3-3,0,100.69,127.82,136.35,153.4,0.029,0,0,FORCED_CAPTAIN
4590,Saints,DST,Chris Olave / Drake London / Falcons / Juwan Johnson / Tyler Shough,47700,<48000,2-4,1,99.79,129.0,137.89,159.37,0.029,0,2,EXACT_OR_NEAR_OPTIMAL
4833,Treyton Welch,TE,Chris Olave / Drake London / Juwan Johnson / Michael Penix Jr. / Tyler Shough,47100,<48000,2-4,1,102.41,136.83,148.79,173.15,0.029,0,3,FORCED_CAPTAIN
5223,Tyler Shough,QB,Bryce Lance / Chris Olave / Juwan Johnson / Kyle Pitts Sr. / Michael Penix Jr.,49200,49000-49400,2-4,1,98.77,134.25,146.57,169.93,0.029,0,2,FORCED_CAPTAIN
5270,Tyler Shough,QB,Daniel Carlson / Drake London / Jahan Dotson / Juwan Johnson / Michael Penix Jr.,48600,48000-48900,3-3,1,98.03,130.94,143.59,163.36,0.029,1,2,EXACT_OR_NEAR_OPTIMAL
213,Austin Hooper,TE,Alvin Kamara / Bijan Robinson / Juwan Johnson / Michael Penix Jr. / Tyler Shough,49000,49000-49400,3-3,1,99.42,130.77,141.78,158.76,0.0285,1,2,EXACT_OR_NEAR_OPTIMAL
455,Bijan Robinson,RB,Alvin Kamara / Brian Robinson Jr. / Bryce Lance / Michael Penix Jr. / Tyler Shough,48900,48000-48900,3-3,1,98.45,128.33,138.93,156.3,0.0285,1,2,EXACT_OR_NEAR_OPTIMAL
1476,Chris Olave,WR,Alvin Kamara / Austin Hooper / Jahan Dotson / Michael Penix Jr. / Tyler Shough,47600,<48000,3-3,1,98.19,132.64,144.35,167.72,0.0285,1,1,EXACT_OR_NEAR_OPTIMAL
2211,Devaughn Vele,WR,Alvin Kamara / Cal Adomitis / Chris Olave / Drake London / Tyler Shough,49300,49000-49400,1-5,1,99.01,131.93,141.71,161.84,0.0285,0,2,FORCED_CAPTAIN
2624,Drake London,WR,Bijan Robinson / Devaughn Vele / Falcons / Juwan Johnson / Saints,49800,49500-49900,3-3,0,95.85,123.12,133.62,150.14,0.0285,1,0,EXACT_OR_NEAR_OPTIMAL
2851,Falcons,DST,Bijan Robinson / Chris Olave / Devaughn Vele / Drake London / Saints,50000,50000,3-3,0,98.2,124.34,133.0,146.11,0.0285,0,1,FORCED_CAPTAIN
3311,Juwan Johnson,TE,Bijan Robinson / Chris Olave / Devaughn Vele / Falcons / Saints,49300,49000-49400,2-4,0,99.25,126.93,136.95,155.04,0.0285,2,0,EXACT_OR_NEAR_OPTIMAL
3828,Michael Penix Jr.,QB,Alvin Kamara / Bijan Robinson / Chris Olave / Daniel Carlson / Olamide Zaccheaus,49900,49500-49900,3-3,1,99.84,129.11,137.67,156.22,0.0285,0,1,FORCED_CAPTAIN
3996,Nick Folk,K,Alvin Kamara / Bijan Robinson / Chris Olave / Falcons / Juwan Johnson,48700,48000-48900,3-3,0,99.39,125.55,133.51,150.76,0.0285,0,0,FORCED_CAPTAIN
4194,Nick Muse,TE,Bijan Robinson / Chris Olave / Juwan Johnson / Michael Penix Jr. / Tyler Shough,48900,48000-48900,3-3,1,105.89,139.9,149.35,172.77,0.0285,0,3,EXACT_OR_NEAR_OPTIMAL
4238,Olamide Zaccheaus,WR,Alvin Kamara / Bijan Robinson / Chris Olave / Devaughn Vele / Tyler Shough,50000,50000,2-4,1,102.62,133.71,143.15,164.67,0.0285,0,2,FORCED_CAPTAIN
5176,Tyler Shough,QB,Bijan Robinson / Daniel Carlson / Devaughn Vele / Jahan Dotson / Juwan Johnson,49200,49000-49400,2-4,1,99.41,131.31,141.12,161.84,0.0285,1,1,EXACT_OR_NEAR_OPTIMAL
32,Alvin Kamara,RB,Bijan Robinson / Brian Robinson Jr. / Juwan Johnson / Nick Folk / Tyler Shough,48500,48000-48900,3-3,1,98.05,127.34,135.52,155.3,0.028,1,1,EXACT_OR_NEAR_OPTIMAL
80,Alvin Kamara,RB,Bijan Robinson / Devaughn Vele / Juwan Johnson / Olamide Zaccheaus / Tyler Shough,49100,49000-49400,2-4,1,98.61,129.05,138.44,159.1,0.028,0,1,FORCED_CAPTAIN
109,Alvin Kamara,RB,Bryce Lance / Drake London / Juwan Johnson / Michael Penix Jr. / Tyler Shough,48300,48000-48900,2-4,1,97.54,130.91,141.75,160.57,0.028,0,2,FORCED_CAPTAIN
248,Austin Hooper,TE,Bijan Robinson / Chris Olave / Drake London / Falcons / Michael Penix Jr.,49400,49000-49400,5-1,1,98.94,129.58,140.58,158.96,0.028,0,3,FORCED_CAPTAIN
487,Bijan Robinson,RB,Alvin Kamara / CJ Donaldson / Drake London / Falcons / Tyler Shough,49300,49000-49400,3-3,1,101.56,128.75,137.2,153.98,0.028,1,2,EXACT_OR_NEAR_OPTIMAL
1469,Chris Olave,WR,Alvin Kamara / Austin Hooper / Devaughn Vele / Saints / Tyler Shough,47600,<48000,1-5,1,96.0,128.62,139.43,162.64,0.028,0,2,EXACT_OR_NEAR_OPTIMAL
1530,Chris Olave,WR,Alvin Kamara / Brian Robinson Jr. / Falcons / Michael Penix Jr. / Tyler Shough,49200,49000-49400,3-3,1,100.74,132.55,141.6,167.5,0.028,0,1,EXACT_OR_NEAR_OPTIMAL
1604,Chris Olave,WR,Alvin Kamara / Kyle Pitts Sr. / Michael Penix Jr. / Olamide Zaccheaus / Tyler Shough,49600,49500-49900,3-3,1,97.82,131.78,142.18,167.07,0.028,0,1,EXACT_OR_NEAR_OPTIMAL
1785,Chris Olave,WR,Brian Robinson Jr. / Drake London / Falcons / Nick Folk / Tyler Shough,48600,48000-48900,4-2,0,99.74,131.29,140.55,166.91,0.028,1,0,EXACT_OR_NEAR_OPTIMAL
1848,Chris Olave,WR,Daniel Carlson / Drake London / Juwan Johnson / Kevin Austin Jr. / Michael Penix Jr.,48200,48000-48900,2-4,0,99.74,132.56,145.2,166.12,0.028,0,1,EXACT_OR_NEAR_OPTIMAL
1921,Chris Olave,WR,Juwan Johnson / Kyle Pitts Sr. / Michael Penix Jr. / Treyton Welch / Tyler Shough,48200,48000-48900,2-4,1,99.39,135.21,147.23,176.12,0.028,1,2,EXACT_OR_NEAR_OPTIMAL
2061,Daniel Carlson,K,Alvin Kamara / Bijan Robinson / Chris Olave / Olamide Zaccheaus / Tyler Shough,48400,48000-48900,2-4,1,102.93,130.58,140.79,159.28,0.028,0,1,FORCED_CAPTAIN
2099,Daniel Carlson,K,Bijan Robinson / Brian Robinson Jr. / Chris Olave / Juwan Johnson / Michael Penix Jr.,50000,50000,3-3,1,101.09,130.53,140.02,157.37,0.028,0,3,FORCED_CAPTAIN
2437,Drake London,WR,Alvin Kamara / Cal Adomitis / Devaughn Vele / Michael Penix Jr. / Tyler Shough,48600,48000-48900,2-4,1,93.45,127.38,139.18,158.72,0.028,0,1,EXACT_OR_NEAR_OPTIMAL
2467,Drake London,WR,Alvin Kamara / Daniel Carlson / Devaughn Vele / Saints / Tyler Shough,48400,48000-48900,1-5,1,92.46,121.02,132.2,149.29,0.028,1,2,EXACT_OR_NEAR_OPTIMAL
2670,Drake London,WR,Bryce Lance / Daniel Carlson / Juwan Johnson / Michael Penix Jr. / Tyler Shough,47600,<48000,2-4,1,95.5,130.27,142.68,163.94,0.028,0,2,EXACT_OR_NEAR_OPTIMAL
3076,Jahan Dotson,WR,Bijan Robinson / Brian Robinson Jr. / Chris Olave / Drake London / Michael Penix Jr.,49900,49500-49900,5-1,1,98.99,131.33,141.9,159.46,0.028,0,3,FORCED_CAPTAIN
3260,Juwan Johnson,TE,Austin Hooper / Bijan Robinson / Brian Robinson Jr. / Drake London / Tyler Shough,49100,49000-49400,4-2,0,101.42,133.25,143.98,164.72,0.028,1,1,EXACT_OR_NEAR_OPTIMAL
3287,Juwan Johnson,TE,Bijan Robinson / Brian Robinson Jr. / Chris Olave / Drake London / Olamide Zaccheaus,49500,49500-49900,4-2,0,103.56,135.1,145.08,165.98,0.028,1,1,EXACT_OR_NEAR_OPTIMAL
3373,Juwan Johnson,TE,Chris Olave / Devaughn Vele / Kyle Pitts Sr. / Saints / Tyler Shough,49300,49000-49400,1-5,1,94.97,128.73,141.85,164.06,0.028,0,2,EXACT_OR_NEAR_OPTIMAL
3881,Michael Penix Jr.,QB,Austin Hooper / Chris Olave / Daniel Carlson / Drake London / Juwan Johnson,49300,49000-49400,3-3,1,97.62,130.92,142.12,163.64,0.028,0,2,FORCED_CAPTAIN
4181,Nick Muse,TE,Bijan Robinson / Chris Olave / Drake London / Juwan Johnson / Michael Penix Jr.,49300,49000-49400,4-2,1,103.85,136.04,147.86,166.97,0.028,0,3,EXACT_OR_NEAR_OPTIMAL
4263,Olamide Zaccheaus,WR,Alvin Kamara / Chris Olave / Drake London / Michael Penix Jr. / Tyler Shough,49400,49000-49400,3-3,1,101.24,135.16,146.28,166.98,0.028,0,2,FORCED_CAPTAIN
4432,Oscar Delp,TE,Bijan Robinson / Chris Olave / Juwan Johnson / Michael Penix Jr. / Tyler Shough,49200,49000-49400,2-4,1,105.89,139.9,149.35,172.77,0.028,0,3,EXACT_OR_NEAR_OPTIMAL
4551,Saints,DST,Bijan Robinson / Chris Olave / Drake London / Kevin Austin Jr. / Tyler Shough,49300,49000-49400,2-4,1,105.01,133.15,142.65,159.98,0.028,0,2,FORCED_CAPTAIN
5203,Tyler Shough,QB,Brian Robinson Jr. / Chris Olave / Jahan Dotson / Juwan Johnson / Michael Penix Jr.,48400,48000-48900,3-3,1,100.0,135.02,147.33,171.13,0.028,0,2,FORCED_CAPTAIN
20,Alvin Kamara,RB,Austin Hooper / Chris Olave / Drake London / Saints / Tyler Shough,47900,<48000,2-4,1,99.14,128.15,139.07,156.68,0.0275,0,1,FORCED_CAPTAIN
902,Bryce Lance,WR,Bijan Robinson / Chris Olave / Daniel Carlson / Drake London / Michael Penix Jr.,49100,49000-49400,3-3,1,100.26,131.89,141.26,161.09,0.0275,0,2,FORCED_CAPTAIN
1472,Chris Olave,WR,Alvin Kamara / Austin Hooper / Drake London / Michael Penix Jr. / Saints,49200,49000-49400,3-3,1,98.46,129.49,140.27,159.47,0.0275,1,1,EXACT_OR_NEAR_OPTIMAL
1587,Chris Olave,WR,Alvin Kamara / Falcons / Jahan Dotson / Michael Penix Jr. / Tyler Shough,48400,48000-48900,3-3,1,100.08,131.82,143.29,166.2,0.0275,0,1,EXACT_OR_NEAR_OPTIMAL
1629,Chris Olave,WR,Austin Hooper / Brian Robinson Jr. / Drake London / Juwan Johnson / Michael Penix Jr.,49200,49000-49400,4-2,1,99.17,132.98,147.02,167.62,0.0275,1,2,EXACT_OR_NEAR_OPTIMAL
1797,Chris Olave,WR,Bryce Lance / Daniel Carlson / Devaughn Vele / Michael Penix Jr. / Tyler Shough,49200,49000-49400,1-5,1,98.77,132.73,144.34,169.18,0.0275,0,2,EXACT_OR_NEAR_OPTIMAL
1873,Chris Olave,WR,Devaughn Vele / Drake London / Falcons / Juwan Johnson / Saints,49200,49000-49400,2-4,0,98.2,127.74,138.77,158.22,0.0275,0,0,EXACT_OR_NEAR_OPTIMAL
1898,Chris Olave,WR,Drake London / Falcons / Kyle Pitts Sr. / Saints / Tyler Shough,49400,49000-49400,3-3,0,98.49,128.35,138.27,163.33,0.0275,1,0,EXACT_OR_NEAR_OPTIMAL
2051,Daniel Carlson,K,Alvin Kamara / Bijan Robinson / Chris Olave / Devaughn Vele / Nick Folk,50000,50000,2-4,0,97.4,122.45,130.04,146.26,0.0275,1,1,EXACT_OR_NEAR_OPTIMAL
2108,Daniel Carlson,K,Bijan Robinson / Bryce Lance / Drake London / Michael Penix Jr. / Tyler Shough,49400,49000-49400,3-3,1,99.65,130.45,140.83,158.24,0.0275,0,2,FORCED_CAPTAIN
2165,Daniel Carlson,K,Chris Olave / Drake London / Jahan Dotson / Michael Penix Jr. / Tyler Shough,49600,49500-49900,3-3,1,100.76,133.29,143.51,167.06,0.0275,0,2,FORCED_CAPTAIN
2282,Devaughn Vele,WR,Bijan Robinson / Chris Olave / Saints / Treyton Welch / Tyler Shough,48300,48000-48900,1-5,1,99.0,128.54,139.51,161.51,0.0275,1,2,EXACT_OR_NEAR_OPTIMAL
2349,Drake London,WR,Alvin Kamara / Austin Hooper / Chris Olave / Michael Penix Jr. / Saints,48800,48000-48900,3-3,1,95.72,127.45,138.57,159.46,0.0275,1,1,EXACT_OR_NEAR_OPTIMAL
2402,Drake London,WR,Alvin Kamara / Brian Robinson Jr. / Daniel Carlson / Michael Penix Jr. / Tyler Shough,49200,49000-49400,3-3,1,95.31,127.67,139.39,158.39,0.0275,0,1,EXACT_OR_NEAR_OPTIMAL
2416,Drake London,WR,Alvin Kamara / Brian Robinson Jr. / Michael Penix Jr. / Nick Folk / Tyler Shough,49800,49500-49900,4-2,1,94.97,127.75,137.16,158.02,0.0275,1,1,EXACT_OR_NEAR_OPTIMAL
2480,Drake London,WR,Alvin Kamara / Daniel Carlson / Juwan Johnson / Michael Penix Jr. / Nick Folk,48600,48000-48900,3-3,0,92.27,123.12,134.74,153.59,0.0275,0,0,EXACT_OR_NEAR_OPTIMAL
3174,Juwan Johnson,TE,Alvin Kamara / Bijan Robinson / Drake London / Falcons / Nick Folk,48900,48000-48900,4-2,0,97.9,125.23,133.36,149.38,0.0275,1,0,EXACT_OR_NEAR_OPTIMAL
3197,Juwan Johnson,TE,Alvin Kamara / Cal Adomitis / Chris Olave / Michael Penix Jr. / Tyler Shough,47700,<48000,1-5,1,101.82,137.25,148.79,173.07,0.0275,1,3,EXACT_OR_NEAR_OPTIMAL
3342,Juwan Johnson,TE,Brian Robinson Jr. / Chris Olave / Devaughn Vele / Saints / Tyler Shough,47300,<48000,1-5,1,94.7,127.99,139.47,162.84,0.0275,1,2,EXACT_OR_NEAR_OPTIMAL
3934,Michael Penix Jr.,QB,Bijan Robinson / Drake London / Saints / Treyton Welch / Tyler Shough,49300,49000-49400,3-3,1,100.27,130.67,140.9,158.79,0.0275,0,2,FORCED_CAPTAIN
4040,Nick Folk,K,Bijan Robinson / Brian Robinson Jr. / Chris Olave / Daniel Carlson / Tyler Shough,48900,48000-48900,3-3,0,99.59,128.19,136.42,152.7,0.0275,0,0,FORCED_CAPTAIN
4419,Oscar Delp,TE,Bijan Robinson / Chris Olave / Drake London / Juwan Johnson / Michael Penix Jr.,49600,49500-49900,3-3,1,103.85,135.98,147.85,166.97,0.0275,0,3,FORCED_CAPTAIN
4985,Tyler Shough,QB,Alvin Kamara / Bijan Robinson / CJ Donaldson / Drake London / Nick Folk,50000,50000,3-3,1,102.1,130.96,139.27,155.7,0.0275,1,2,EXACT_OR_NEAR_OPTIMAL
5152,Tyler Shough,QB,Bijan Robinson / Bryce Lance / Drake London / Michael Penix Jr. / Olamide Zaccheaus,49000,49000-49400,4-2,1,100.58,133.35,143.31,164.93,0.0275,0,2,FORCED_CAPTAIN
5222,Tyler Shough,QB,Bryce Lance / Chris Olave / Drake London / Michael Penix Jr. / Olamide Zaccheaus,48000,48000-48900,3-3,1,100.19,135.39,148.68,170.04,0.0275,0,2,FORCED_CAPTAIN
31,Alvin Kamara,RB,Bijan Robinson / Brian Robinson Jr. / Drake London / Saints / Tyler Shough,49900,49500-49900,3-3,0,100.7,126.29,135.02,150.92,0.027,1,0,EXACT_OR_NEAR_OPTIMAL
138,Alvin Kamara,RB,Chris Olave / Drake London / Juwan Johnson / Michael Penix Jr. / Olamide Zaccheaus,49700,49500-49900,3-3,1,100.67,132.46,143.53,164.71,0.027,0,2,EXACT_OR_NEAR_OPTIMAL
443,Bijan Robinson,RB,Alvin Kamara / Austin Hooper / Drake London / Michael Penix Jr. / Olamide Zaccheaus,48500,48000-48900,5-1,1,94.93,126.88,136.88,153.6,0.027,1,3,EXACT_OR_NEAR_OPTIMAL
653,Bijan Robinson,RB,Cal Adomitis / Juwan Johnson / Kyle Pitts Sr. / Michael Penix Jr. / Tyler Shough,49700,49500-49900,3-3,1,98.7,131.39,142.77,162.75,0.027,0,3,FORCED_CAPTAIN
931,Bryce Lance,WR,Bijan Robinson / Chris Olave / Juwan Johnson / Nick Folk / Tyler Shough,47700,<48000,2-4,1,102.42,135.25,144.11,164.78,0.027,0,2,FORCED_CAPTAIN
1539,Chris Olave,WR,Alvin Kamara / Bryce Lance / Drake London / Michael Penix Jr. / Nick Folk,49400,49000-49400,3-3,0,99.0,131.25,141.45,162.27,0.027,0,0,EXACT_OR_NEAR_OPTIMAL
1544,Chris Olave,WR,Alvin Kamara / Bryce Lance / Michael Penix Jr. / Saints / Tyler Shough,47800,<48000,1-5,1,99.51,131.36,141.61,167.78,0.027,1,2,EXACT_OR_NEAR_OPTIMAL
2106,Daniel Carlson,K,Bijan Robinson / Bryce Lance / Chris Olave / Drake London / Juwan Johnson,49000,49000-49400,2-4,0,103.57,133.14,143.19,160.22,0.027,0,1,FORCED_CAPTAIN
2255,Devaughn Vele,WR,Bijan Robinson / Brian Robinson Jr. / Bryce Lance / Chris Olave / Tyler Shough,49500,49500-49900,2-4,1,98.46,130.02,141.78,164.94,0.027,0,1,FORCED_CAPTAIN
2348,Drake London,WR,Alvin Kamara / Austin Hooper / Chris Olave / Falcons / Michael Penix Jr.,48200,48000-48900,4-2,1,94.78,126.32,138.56,158.04,0.027,1,1,EXACT_OR_NEAR_OPTIMAL
2516,Drake London,WR,Alvin Kamara / Falcons / Michael Penix Jr. / Nick Folk / Tyler Shough,49600,49500-49900,4-2,0,95.68,126.39,136.61,154.44,0.027,0,0,EXACT_OR_NEAR_OPTIMAL
2606,Drake London,WR,Bijan Robinson / Chris Olave / Falcons / Nick Folk / Olamide Zaccheaus,48600,48000-48900,5-1,0,98.36,127.3,137.26,156.02,0.027,1,1,EXACT_OR_NEAR_OPTIMAL
2861,Falcons,DST,Bijan Robinson / Chris Olave / Drake London / Michael Penix Jr. / Treyton Welch,47200,<48000,4-2,1,97.78,128.59,137.69,155.48,0.027,0,2,FORCED_CAPTAIN
3170,Juwan Johnson,TE,Alvin Kamara / Bijan Robinson / Daniel Carlson / Kendre Miller / Tyler Shough,49300,49000-49400,1-5,1,98.38,129.1,139.19,157.17,0.027,2,2,EXACT_OR_NEAR_OPTIMAL
3187,Juwan Johnson,TE,Alvin Kamara / Brian Robinson Jr. / Devaughn Vele / Drake London / Tyler Shough,49300,49000-49400,2-4,1,96.38,130.43,140.28,160.87,0.027,1,1,EXACT_OR_NEAR_OPTIMAL
3270,Juwan Johnson,TE,Austin Hooper / Bijan Robinson / Michael Penix Jr. / Saints / Tyler Shough,48500,48000-48900,3-3,1,98.42,129.16,140.89,158.34,0.027,1,2,EXACT_OR_NEAR_OPTIMAL
4475,Saints,DST,Alvin Kamara / Bijan Robinson / Brian Robinson Jr. / Chris Olave / Tyler Shough,49300,49000-49400,2-4,1,102.61,129.07,136.39,156.14,0.027,0,1,FORCED_CAPTAIN
4784,Treyton Welch,TE,Bijan Robinson / Chris Olave / Devaughn Vele / Juwan Johnson / Tyler Shough,47700,<48000,1-5,1,103.79,136.43,147.96,169.39,0.027,0,3,FORCED_CAPTAIN
5267,Tyler Shough,QB,Daniel Carlson / Devaughn Vele / Drake London / Juwan Johnson / Saints,48600,48000-48900,1-5,1,95.83,127.17,137.76,158.33,0.027,0,2,EXACT_OR_NEAR_OPTIMAL
674,Bijan Robinson,RB,Chris Olave / Daniel Carlson / Juwan Johnson / Kendre Miller / Saints,49900,49500-49900,1-5,0,99.69,126.91,136.36,150.66,0.0265,1,2,EXACT_OR_NEAR_OPTIMAL
1460,Chris Olave,WR,Alvin Kamara / Austin Hooper / Bijan Robinson / Michael Penix Jr. / Olamide Zaccheaus,48800,48000-48900,4-2,1,100.22,131.74,141.32,163.48,0.0265,1,1,EXACT_OR_NEAR_OPTIMAL
1656,Chris Olave,WR,Bijan Robinson / Brian Robinson Jr. / Daniel Carlson / Falcons / Juwan Johnson,47600,<48000,3-3,0,99.75,127.53,137.72,158.5,0.0265,1,0,EXACT_OR_NEAR_OPTIMAL
1660,Chris Olave,WR,Bijan Robinson / Brian Robinson Jr. / Daniel Carlson / Juwan Johnson / Saints,48200,48000-48900,2-4,0,100.69,127.83,138.27,155.8,0.0265,1,0,EXACT_OR_NEAR_OPTIMAL
1842,Chris Olave,WR,Daniel Carlson / Drake London / Falcons / Kyle Pitts Sr. / Tyler Shough,50000,50000,3-3,0,100.36,132.25,140.73,163.89,0.0265,0,1,EXACT_OR_NEAR_OPTIMAL
1858,Chris Olave,WR,Daniel Carlson / Falcons / Juwan Johnson / Nick Folk / Tyler Shough,47000,<48000,2-4,1,99.08,130.19,140.8,167.14,0.0265,0,1,EXACT_OR_NEAR_OPTIMAL
1918,Chris Olave,WR,Falcons / Juwan Johnson / Nick Folk / Saints / Tyler Shough,46400,<48000,2-4,1,97.21,127.72,139.07,166.06,0.0265,1,1,EXACT_OR_NEAR_OPTIMAL
2466,Drake London,WR,Alvin Kamara / Daniel Carlson / Devaughn Vele / Nick Folk / Tyler Shough,49600,49500-49900,2-4,1,93.99,123.78,133.97,148.44,0.0265,2,1,EXACT_OR_NEAR_OPTIMAL
2568,Drake London,WR,Austin Hooper / Juwan Johnson / Michael Penix Jr. / Saints / Tyler Shough,48000,48000-48900,3-3,1,94.62,128.49,140.76,162.55,0.0265,0,2,EXACT_OR_NEAR_OPTIMAL
2616,Drake London,WR,Bijan Robinson / Daniel Carlson / Falcons / Michael Penix Jr. / Saints,48400,48000-48900,4-2,1,92.7,122.46,132.9,152.68,0.0265,1,1,EXACT_OR_NEAR_OPTIMAL
2778,Drake London,WR,Juwan Johnson / Michael Penix Jr. / Nick Folk / Olamide Zaccheaus / Tyler Shough,48400,48000-48900,4-2,1,94.84,128.78,140.46,162.64,0.0265,1,2,EXACT_OR_NEAR_OPTIMAL
2792,Falcons,DST,Alvin Kamara / Bijan Robinson / Chris Olave / Michael Penix Jr. / Nick Folk,49400,49000-49400,4-2,0,97.69,122.43,131.54,146.53,0.0265,0,0,FORCED_CAPTAIN
3581,Kevin Austin Jr.,WR,Alvin Kamara / Bijan Robinson / Chris Olave / Drake London / Michael Penix Jr.,49800,49500-49900,3-3,1,102.62,133.6,143.83,159.99,0.0265,0,2,EXACT_OR_NEAR_OPTIMAL
3869,Michael Penix Jr.,QB,Austin Hooper / Bijan Robinson / Cal Adomitis / Chris Olave / Tyler Shough,48700,48000-48900,3-3,1,101.65,134.55,144.86,165.76,0.0265,0,2,FORCED_CAPTAIN
4051,Nick Folk,K,Bijan Robinson / Cal Adomitis / Chris Olave / Michael Penix Jr. / Tyler Shough,49500,49500-49900,3-3,1,102.23,133.53,142.47,160.5,0.0265,0,2,FORCED_CAPTAIN
4059,Nick Folk,K,Bijan Robinson / Chris Olave / Devaughn Vele / Falcons / Juwan Johnson,49500,49500-49900,3-3,0,96.78,124.12,132.72,151.96,0.0265,1,0,EXACT_OR_NEAR_OPTIMAL
4482,Saints,DST,Alvin Kamara / Bijan Robinson / Chris Olave / Daniel Carlson / Michael Penix Jr.,49700,49500-49900,2-4,0,99.44,122.92,129.72,146.08,0.0265,0,0,FORCED_CAPTAIN
4535,Saints,DST,Bijan Robinson / Bryce Lance / Chris Olave / Juwan Johnson / Tyler Shough,47700,<48000,1-5,1,102.8,132.83,141.34,165.29,0.0265,0,3,FORCED_CAPTAIN
4776,Treyton Welch,TE,Bijan Robinson / Chris Olave / Daniel Carlson / Drake London / Tyler Shough,47300,<48000,2-4,1,105.28,135.57,145.52,162.98,0.0265,0,2,FORCED_CAPTAIN
4785,Treyton Welch,TE,Bijan Robinson / Chris Olave / Devaughn Vele / Michael Penix Jr. / Tyler Shough,49300,49000-49400,2-4,1,103.33,136.15,145.48,165.99,0.0265,0,2,FORCED_CAPTAIN
5109,Tyler Shough,QB,Austin Hooper / Brian Robinson Jr. / Chris Olave / Juwan Johnson / Michael Penix Jr.,48200,48000-48900,3-3,1,99.48,134.17,147.2,172.17,0.0265,0,2,EXACT_OR_NEAR_OPTIMAL
5224,Tyler Shough,QB,Bryce Lance / Chris Olave / Juwan Johnson / Michael Penix Jr. / Saints,47600,<48000,1-5,1,100.14,134.36,146.56,170.98,0.0265,0,3,EXACT_OR_NEAR_OPTIMAL
74,Alvin Kamara,RB,Bijan Robinson / Daniel Carlson / Drake London / Michael Penix Jr. / Olamide Zaccheaus,48100,48000-48900,4-2,1,93.41,123.95,131.96,147.44,0.026,1,1,EXACT_OR_NEAR_OPTIMAL
132,Alvin Kamara,RB,Chris Olave / Devaughn Vele / Michael Penix Jr. / Olamide Zaccheaus / Tyler Shough,49700,49500-49900,2-4,1,97.74,130.02,140.43,160.3,0.026,0,1,FORCED_CAPTAIN
498,Bijan Robinson,RB,Alvin Kamara / Chris Olave / Daniel Carlson / Falcons / Kyle Pitts Sr.,49700,49500-49900,3-3,0,97.87,123.89,132.85,149.55,0.026,1,1,EXACT_OR_NEAR_OPTIMAL
583,Bijan Robinson,RB,Barion Brown / Drake London / Juwan Johnson / Michael Penix Jr. / Saints,49500,49500-49900,3-3,1,97.95,127.43,138.79,158.6,0.026,1,3,EXACT_OR_NEAR_OPTIMAL
684,Bijan Robinson,RB,Chris Olave / Drake London / Falcons / Saints / Treyton Welch,46500,<48000,3-3,0,98.98,126.22,134.79,149.51,0.026,1,1,EXACT_OR_NEAR_OPTIMAL
1474,Chris Olave,WR,Alvin Kamara / Austin Hooper / Falcons / Juwan Johnson / Tyler Shough,46600,<48000,2-4,1,100.04,131.51,142.94,174.2,0.026,0,1,EXACT_OR_NEAR_OPTIMAL
1775,Chris Olave,WR,Brian Robinson Jr. / Daniel Carlson / Juwan Johnson / Nick Folk / Tyler Shough,47200,<48000,2-4,1,98.37,131.62,141.58,165.4,0.026,0,1,EXACT_OR_NEAR_OPTIMAL
1856,Chris Olave,WR,Daniel Carlson / Drake London / Michael Penix Jr. / Nick Folk / Saints,49600,49500-49900,3-3,0,97.51,127.75,135.52,156.06,0.026,1,0,EXACT_OR_NEAR_OPTIMAL
2329,Devaughn Vele,WR,Chris Olave / Juwan Johnson / Michael Penix Jr. / Treyton Welch / Tyler Shough,48700,48000-48900,1-5,1,98.0,133.08,145.74,168.83,0.026,0,3,FORCED_CAPTAIN
2535,Drake London,WR,Austin Hooper / Bijan Robinson / Brian Robinson Jr. / Chris Olave / Daniel Carlson,49000,49000-49400,4-2,0,99.3,130.06,140.98,158.14,0.026,1,0,EXACT_OR_NEAR_OPTIMAL
2884,Falcons,DST,Bijan Robinson / Drake London / Juwan Johnson / Nick Folk / Tyler Shough,49600,49500-49900,4-2,0,101.24,128.14,136.81,152.47,0.026,0,1,FORCED_CAPTAIN
2898,Falcons,DST,Chris Olave / Drake London / Juwan Johnson / Nick Folk / Tyler Shough,48600,48000-48900,3-3,1,100.85,131.12,140.99,159.98,0.026,2,2,EXACT_OR_NEAR_OPTIMAL
3100,Jahan Dotson,WR,Bijan Robinson / Chris Olave / Falcons / Michael Penix Jr. / Tyler Shough,49300,49000-49400,4-2,1,101.74,131.43,142.08,159.72,0.026,0,2,FORCED_CAPTAIN
3265,Juwan Johnson,TE,Austin Hooper / Bijan Robinson / Drake London / Jahan Dotson / Tyler Shough,48300,48000-48900,4-2,0,100.75,133.89,142.73,166.36,0.026,1,1,EXACT_OR_NEAR_OPTIMAL
3288,Juwan Johnson,TE,Bijan Robinson / Brian Robinson Jr. / Chris Olave / Jahan Dotson / Michael Penix Jr.,49500,49500-49900,4-2,1,100.73,132.66,144.27,162.83,0.026,0,2,FORCED_CAPTAIN
3296,Juwan Johnson,TE,Bijan Robinson / Bryce Lance / Daniel Carlson / Drake London / Michael Penix Jr.,48500,48000-48900,3-3,1,97.26,130.76,139.32,162.02,0.026,0,2,FORCED_CAPTAIN
3316,Juwan Johnson,TE,Bijan Robinson / Chris Olave / Jahan Dotson / Michael Penix Jr. / Saints,49900,49500-49900,3-3,1,102.38,131.9,142.2,162.93,0.026,1,2,EXACT_OR_NEAR_OPTIMAL
3372,Juwan Johnson,TE,Chris Olave / Devaughn Vele / Falcons / Saints / Tyler Shough,47100,<48000,1-5,1,95.41,127.79,139.02,162.41,0.026,0,2,FORCED_CAPTAIN
3380,Juwan Johnson,TE,Chris Olave / Drake London / Kyle Pitts Sr. / Olamide Zaccheaus / Tyler Shough,49300,49000-49400,3-3,1,99.99,135.63,147.81,169.51,0.026,1,2,EXACT_OR_NEAR_OPTIMAL
3584,Kevin Austin Jr.,WR,Alvin Kamara / Bijan Robinson / Chris Olave / Juwan Johnson / Tyler Shough,47800,<48000,1-5,1,105.12,136.38,145.28,171.6,0.026,0,3,EXACT_OR_NEAR_OPTIMAL
3962,Michael Penix Jr.,QB,Chris Olave / Drake London / Jahan Dotson / Olamide Zaccheaus / Tyler Shough,48900,48000-48900,4-2,1,98.35,133.83,146.28,169.2,0.026,0,2,EXACT_OR_NEAR_OPTIMAL
4239,Olamide Zaccheaus,WR,Alvin Kamara / Bijan Robinson / Chris Olave / Drake London / Juwan Johnson,50000,50000,3-3,0,105.55,134.53,145.04,163.67,0.026,0,2,FORCED_CAPTAIN
4796,Treyton Welch,TE,Bijan Robinson / Chris Olave / Drake London / Nick Folk / Tyler Shough,47900,<48000,3-3,1,104.94,135.17,145.47,164.75,0.026,1,2,EXACT_OR_NEAR_OPTIMAL
5043,Tyler Shough,QB,Alvin Kamara / Chris Olave / Devaughn Vele / Falcons / Saints,47800,<48000,1-5,1,96.16,125.63,136.23,159.84,0.026,1,2,EXACT_OR_NEAR_OPTIMAL
5196,Tyler Shough,QB,Brian Robinson Jr. / Chris Olave / Devaughn Vele / Juwan Johnson / Kyle Pitts Sr.,50000,50000,2-4,1,96.43,132.03,144.32,168.7,0.026,1,2,EXACT_OR_NEAR_OPTIMAL
26,Alvin Kamara,RB,Bijan Robinson / Brian Robinson Jr. / Chris Olave / Daniel Carlson / Juwan Johnson,49100,49000-49400,2-4,0,101.85,128.24,136.85,157.26,0.0255,0,0,FORCED_CAPTAIN
57,Alvin Kamara,RB,Bijan Robinson / Chris Olave / Drake London / Falcons / Olamide Zaccheaus,48700,48000-48900,4-2,0,100.74,127.94,136.73,150.64,0.0255,1,0,EXACT_OR_NEAR_OPTIMAL
70,Alvin Kamara,RB,Bijan Robinson / Daniel Carlson / Devaughn Vele / Saints / Tyler Shough,48700,48000-48900,1-5,1,95.08,119.81,126.93,141.7,0.0255,0,2,FORCED_CAPTAIN
292,Austin Hooper,TE,Chris Olave / Devaughn Vele / Drake London / Juwan Johnson / Tyler Shough,49800,49500-49900,2-4,1,101.05,136.44,147.51,167.7,0.0255,0,2,FORCED_CAPTAIN
462,Bijan Robinson,RB,Alvin Kamara / Brian Robinson Jr. / Chris Olave / Falcons / Saints,47100,<48000,3-3,0,95.72,120.3,128.43,146.06,0.0255,2,1,EXACT_OR_NEAR_OPTIMAL
516,Bijan Robinson,RB,Alvin Kamara / Daniel Carlson / Devaughn Vele / Falcons / Michael Penix Jr.,49900,49500-49900,3-3,0,93.67,120.65,129.59,145.01,0.0255,1,1,EXACT_OR_NEAR_OPTIMAL
531,Bijan Robinson,RB,Alvin Kamara / Daniel Carlson / Juwan Johnson / Michael Penix Jr. / Olamide Zaccheaus,47900,<48000,3-3,1,95.44,125.38,134.83,152.13,0.0255,1,2,EXACT_OR_NEAR_OPTIMAL
541,Bijan Robinson,RB,Alvin Kamara / Drake London / Juwan Johnson / Nick Folk / Treyton Welch,47700,<48000,3-3,0,98.95,127.46,136.63,151.79,0.0255,2,1,EXACT_OR_NEAR_OPTIMAL
617,Bijan Robinson,RB,Bryce Lance / Chris Olave / Daniel Carlson / Kyle Pitts Sr. / Michael Penix Jr.,49900,49500-49900,3-3,1,96.88,126.47,139.74,155.05,0.0255,1,2,EXACT_OR_NEAR_OPTIMAL
701,Bijan Robinson,RB,Daniel Carlson / Devaughn Vele / Drake London / Juwan Johnson / Olamide Zaccheaus,49700,49500-49900,3-3,0,97.47,127.39,135.6,156.09,0.0255,0,1,FORCED_CAPTAIN
714,Bijan Robinson,RB,Daniel Carlson / Juwan Johnson / Kyle Pitts Sr. / Saints / Tyler Shough,49500,49500-49900,2-4,0,97.71,124.98,134.8,152.91,0.0255,1,1,EXACT_OR_NEAR_OPTIMAL
719,Bijan Robinson,RB,Devaughn Vele / Drake London / Falcons / Treyton Welch / Tyler Shough,48900,48000-48900,3-3,1,100.09,129.6,138.68,156.53,0.0255,1,2,EXACT_OR_NEAR_OPTIMAL
1664,Chris Olave,WR,Bijan Robinson / Brian Robinson Jr. / Devaughn Vele / Jahan Dotson / Juwan Johnson,50000,50000,3-3,0,101.06,132.21,142.65,161.68,0.0255,2,1,EXACT_OR_NEAR_OPTIMAL
1922,Chris Olave,WR,Juwan Johnson / Kyle Pitts Sr. / Nick Folk / Saints / Tyler Shough,48600,48000-48900,2-4,1,96.77,129.76,140.47,166.43,0.0255,0,1,EXACT_OR_NEAR_OPTIMAL
2065,Daniel Carlson,K,Alvin Kamara / Bijan Robinson / Drake London / Falcons / Michael Penix Jr.,48600,48000-48900,4-2,1,93.95,121.13,130.96,149.03,0.0255,0,1,FORCED_CAPTAIN
2075,Daniel Carlson,K,Alvin Kamara / Bijan Robinson / Michael Penix Jr. / Nick Folk / Tyler Shough,50000,50000,3-3,0,98.45,124.53,132.05,148.27,0.0255,1,1,EXACT_OR_NEAR_OPTIMAL
2117,Daniel Carlson,K,Bijan Robinson / Chris Olave / Drake London / Falcons / Saints,47600,<48000,3-3,0,96.91,122.28,129.85,144.96,0.0255,0,0,FORCED_CAPTAIN
2201,Devaughn Vele,WR,Alvin Kamara / Bijan Robinson / Juwan Johnson / Olamide Zaccheaus / Tyler Shough,49500,49500-49900,2-4,1,97.3,128.28,138.32,159.49,0.0255,0,1,FORCED_CAPTAIN
2257,Devaughn Vele,WR,Bijan Robinson / Brian Robinson Jr. / Chris Olave / Olamide Zaccheaus / Tyler Shough,49700,49500-49900,3-3,1,98.14,129.27,141.07,162.98,0.0255,0,1,FORCED_CAPTAIN
2688,Drake London,WR,Chris Olave / Daniel Carlson / Devaughn Vele / Falcons / Juwan Johnson,49400,49000-49400,2-4,0,97.33,127.78,138.82,159.08,0.0255,0,0,EXACT_OR_NEAR_OPTIMAL
2711,Drake London,WR,Chris Olave / Devaughn Vele / Kevin Austin Jr. / Saints / Tyler Shough,48200,48000-48900,1-5,1,96.84,130.43,141.23,159.98,0.0255,1,2,EXACT_OR_NEAR_OPTIMAL
2844,Falcons,DST,Bijan Robinson / Chris Olave / Daniel Carlson / Drake London / Nick Folk,48200,48000-48900,4-2,0,97.04,123.63,131.47,146.04,0.0255,1,0,EXACT_OR_NEAR_OPTIMAL
3911,Michael Penix Jr.,QB,Bijan Robinson / Charlie Woerner / Chris Olave / Falcons / Tyler Shough,49900,49500-49900,4-2,1,103.55,133.54,144.31,164.2,0.0255,0,2,FORCED_CAPTAIN
3943,Michael Penix Jr.,QB,Bryce Lance / Chris Olave / Drake London / Jahan Dotson / Tyler Shough,48700,48000-48900,3-3,1,98.67,134.6,146.36,168.36,0.0255,0,2,FORCED_CAPTAIN
3997,Nick Folk,K,Alvin Kamara / Bijan Robinson / Chris Olave / Juwan Johnson / Saints,49300,49000-49400,2-4,0,100.33,125.45,132.92,151.27,0.0255,0,0,FORCED_CAPTAIN
4019,Nick Folk,K,Alvin Kamara / Chris Olave / Drake London / Falcons / Tyler Shough,49100,49000-49400,3-3,1,99.72,128.39,136.61,155.53,0.0255,0,1,FORCED_CAPTAIN
4493,Saints,DST,Alvin Kamara / Bijan Robinson / Daniel Carlson / Juwan Johnson / Tyler Shough,46900,<48000,1-5,1,96.46,121.38,129.84,144.36,0.0255,1,2,EXACT_OR_NEAR_OPTIMAL
4565,Saints,DST,Bijan Robinson / Daniel Carlson / Drake London / Juwan Johnson / Michael Penix Jr.,49300,49000-49400,3-3,1,96.31,123.32,133.18,151.34,0.0255,1,2,EXACT_OR_NEAR_OPTIMAL
5194,Tyler Shough,QB,Brian Robinson Jr. / Chris Olave / Devaughn Vele / Drake London / Jahan Dotson,49800,49500-49900,3-3,1,99.67,134.65,144.5,166.0,0.0255,0,1,EXACT_OR_NEAR_OPTIMAL
5212,Tyler Shough,QB,Brian Robinson Jr. / Drake London / Juwan Johnson / Michael Penix Jr. / Nick Folk,50000,50000,4-2,1,98.34,130.84,142.48,163.79,0.0255,1,3,EXACT_OR_NEAR_OPTIMAL
36,Alvin Kamara,RB,Bijan Robinson / Bryce Lance / Chris Olave / Kendre Miller / Tyler Shough,49500,49500-49900,1-5,1,101.18,130.53,141.74,162.38,0.025,0,2,FORCED_CAPTAIN
170,Alvin Kamara,RB,Devaughn Vele / Drake London / Jahan Dotson / Michael Penix Jr. / Tyler Shough,49900,49500-49900,3-3,1,94.07,126.04,136.36,154.8,0.025,1,1,EXACT_OR_NEAR_OPTIMAL
875,Bryce Lance,WR,Alvin Kamara / Bijan Robinson / Drake London / Juwan Johnson / Tyler Shough,48500,48000-48900,2-4,1,102.57,133.32,141.45,160.2,0.025,0,2,FORCED_CAPTAIN
922,Bryce Lance,WR,Bijan Robinson / Chris Olave / Drake London / Saints / Tyler Shough,49100,49000-49400,2-4,1,105.07,135.14,144.74,161.51,0.025,0,2,FORCED_CAPTAIN
1545,Chris Olave,WR,Alvin Kamara / Cal Adomitis / Drake London / Kyle Pitts Sr. / Tyler Shough,48800,48000-48900,2-4,1,100.39,133.97,145.22,169.35,0.025,1,1,EXACT_OR_NEAR_OPTIMAL
1595,Chris Olave,WR,Alvin Kamara / Jahan Dotson / Juwan Johnson / Kendre Miller / Tyler Shough,48200,48000-48900,1-5,1,98.64,132.57,143.35,170.81,0.025,1,2,EXACT_OR_NEAR_OPTIMAL
1638,Chris Olave,WR,Austin Hooper / Devaughn Vele / Drake London / Olamide Zaccheaus / Tyler Shough,48400,48000-48900,3-3,1,98.41,133.33,143.36,169.32,0.025,1,1,EXACT_OR_NEAR_OPTIMAL
1650,Chris Olave,WR,Barion Brown / Bijan Robinson / Drake London / Falcons / Nick Folk,48200,48000-48900,4-2,0,98.95,129.12,137.09,155.75,0.025,1,0,EXACT_OR_NEAR_OPTIMAL
2054,Daniel Carlson,K,Alvin Kamara / Bijan Robinson / Chris Olave / Falcons / Michael Penix Jr.,49400,49000-49400,3-3,0,99.44,124.89,132.59,148.8,0.025,1,0,EXACT_OR_NEAR_OPTIMAL
2074,Daniel Carlson,K,Alvin Kamara / Bijan Robinson / Juwan Johnson / Saints / Tyler Shough,47200,<48000,1-5,1,97.4,123.09,131.65,145.31,0.025,0,2,FORCED_CAPTAIN
2098,Daniel Carlson,K,Bijan Robinson / Brian Robinson Jr. / Chris Olave / Drake London / Nick Folk,49000,49000-49400,4-2,0,97.73,124.74,133.65,149.7,0.025,1,0,EXACT_OR_NEAR_OPTIMAL
2125,Daniel Carlson,K,Bijan Robinson / Chris Olave / Falcons / Nick Folk / Tyler Shough,48400,48000-48900,3-3,0,100.48,126.39,135.77,152.13,0.025,0,0,FORCED_CAPTAIN
2220,Devaughn Vele,WR,Alvin Kamara / Chris Olave / Juwan Johnson / Olamide Zaccheaus / Tyler Shough,48500,48000-48900,1-5,1,96.9,131.0,142.11,166.97,0.025,0,2,FORCED_CAPTAIN
2370,Drake London,WR,Alvin Kamara / Bijan Robinson / Bryce Lance / Kendre Miller / Michael Penix Jr.,49600,49500-49900,3-3,1,92.28,125.2,134.88,154.7,0.025,1,1,EXACT_OR_NEAR_OPTIMAL
2435,Drake London,WR,Alvin Kamara / Cal Adomitis / Chris Olave / Devaughn Vele / Michael Penix Jr.,49800,49500-49900,2-4,0,96.9,130.89,140.92,162.92,0.025,1,0,EXACT_OR_NEAR_OPTIMAL
2621,Drake London,WR,Bijan Robinson / Daniel Carlson / Juwan Johnson / Nick Folk / Saints,48600,48000-48900,3-3,0,95.63,122.21,132.99,148.76,0.025,1,0,EXACT_OR_NEAR_OPTIMAL
2675,Drake London,WR,Bryce Lance / Juwan Johnson / Michael Penix Jr. / Nick Folk / Tyler Shough,48200,48000-48900,3-3,1,95.16,130.31,140.95,162.69,0.025,0,2,EXACT_OR_NEAR_OPTIMAL
2690,Drake London,WR,Chris Olave / Daniel Carlson / Devaughn Vele / Michael Penix Jr. / Olamide Zaccheaus,49400,49000-49400,3-3,1,93.67,127.68,137.68,162.16,0.025,0,1,EXACT_OR_NEAR_OPTIMAL
2698,Drake London,WR,Chris Olave / Daniel Carlson / Jahan Dotson / Nick Folk / Tyler Shough,48600,48000-48900,3-3,0,99.14,130.79,140.95,163.0,0.025,1,0,EXACT_OR_NEAR_OPTIMAL
2728,Drake London,WR,Chris Olave / Juwan Johnson / Michael Penix Jr. / Olamide Zaccheaus / Saints,48400,48000-48900,3-3,1,96.77,129.15,142.38,164.99,0.025,0,2,EXACT_OR_NEAR_OPTIMAL
2769,Drake London,WR,Devaughn Vele / Juwan Johnson / Nick Folk / Saints / Tyler Shough,49400,49000-49400,2-4,1,94.47,125.16,136.06,154.74,0.025,1,1,EXACT_OR_NEAR_OPTIMAL
3235,Juwan Johnson,TE,Alvin Kamara / Devaughn Vele / Drake London / Falcons / Tyler Shough,49100,49000-49400,2-4,1,97.09,128.27,139.61,159.03,0.025,1,1,EXACT_OR_NEAR_OPTIMAL
3243,Juwan Johnson,TE,Alvin Kamara / Devaughn Vele / Michael Penix Jr. / Nick Folk / Tyler Shough,49900,49500-49900,2-4,1,94.91,127.2,138.78,160.85,0.025,2,1,EXACT_OR_NEAR_OPTIMAL
3412,Juwan Johnson,TE,Devaughn Vele / Drake London / Michael Penix Jr. / Tyler Shough / Zachariah Branch,49900,49500-49900,3-3,1,94.1,128.35,143.18,164.69,0.025,2,2,EXACT_OR_NEAR_OPTIMAL
3585,Kevin Austin Jr.,WR,Alvin Kamara / Bijan Robinson / Chris Olave / Michael Penix Jr. / Tyler Shough,49400,49000-49400,2-4,1,104.66,135.49,145.07,166.65,0.025,0,2,EXACT_OR_NEAR_OPTIMAL
3928,Michael Penix Jr.,QB,Bijan Robinson / Daniel Carlson / Drake London / Juwan Johnson / Zachariah Branch,49900,49500-49900,4-2,1,95.03,127.47,139.21,158.52,0.025,3,2,EXACT_OR_NEAR_OPTIMAL
3952,Michael Penix Jr.,QB,Cal Adomitis / Chris Olave / Drake London / Nick Folk / Tyler Shough,49500,49500-49900,3-3,1,100.11,134.42,144.16,165.76,0.025,0,2,FORCED_CAPTAIN
3958,Michael Penix Jr.,QB,Chris Olave / Devaughn Vele / Juwan Johnson / Treyton Welch / Tyler Shough,49300,49000-49400,1-5,1,100.25,134.66,147.34,170.38,0.025,0,3,FORCED_CAPTAIN
4101,Nick Folk,K,Chris Olave / Drake London / Jahan Dotson / Juwan Johnson / Tyler Shough,48900,48000-48900,3-3,1,100.7,133.51,144.97,163.5,0.025,0,2,FORCED_CAPTAIN
4782,Treyton Welch,TE,Bijan Robinson / Chris Olave / Devaughn Vele / Drake London / Michael Penix Jr.,49700,49500-49900,3-3,1,101.29,132.99,143.16,162.96,0.025,0,2,FORCED_CAPTAIN
5120,Tyler Shough,QB,Austin Hooper / Daniel Carlson / Drake London / Juwan Johnson / Michael Penix Jr.,48400,48000-48900,3-3,1,97.51,130.45,143.69,161.88,0.025,0,2,EXACT_OR_NEAR_OPTIMAL
5193,Tyler Shough,QB,Brian Robinson Jr. / Chris Olave / Daniel Carlson / Drake London / Nick Folk,49200,49000-49400,3-3,0,100.82,132.24,140.86,160.91,0.025,1,0,EXACT_OR_NEAR_OPTIMAL
10,Alvin Kamara,RB,Austin Hooper / Bijan Robinson / Drake London / Michael Penix Jr. / Nick Folk,49500,49500-49900,5-1,1,94.37,123.82,133.23,146.88,0.0245,1,2,EXACT_OR_NEAR_OPTIMAL
474,Bijan Robinson,RB,Alvin Kamara / Bryce Lance / Chris Olave / Devaughn Vele / Falcons,48700,48000-48900,2-4,0,98.12,126.54,135.65,152.36,0.0245,1,1,EXACT_OR_NEAR_OPTIMAL
607,Bijan Robinson,RB,Brian Robinson Jr. / Daniel Carlson / Drake London / Juwan Johnson / Nick Folk,49100,49000-49400,4-2,0,96.92,125.86,135.53,154.07,0.0245,1,1,EXACT_OR_NEAR_OPTIMAL
796,Brian Robinson Jr.,RB,Bijan Robinson / Chris Olave / Drake London / Falcons / Juwan Johnson,49300,49000-49400,4-2,0,101.16,129.92,139.54,157.01,0.0245,0,1,FORCED_CAPTAIN
1502,Chris Olave,WR,Alvin Kamara / Bijan Robinson / Daniel Carlson / Kendre Miller / Saints,49000,49000-49400,1-5,0,97.13,122.31,132.19,147.84,0.0245,2,1,EXACT_OR_NEAR_OPTIMAL
1503,Chris Olave,WR,Alvin Kamara / Bijan Robinson / Daniel Carlson / Kyle Pitts Sr. / Saints,49800,49500-49900,2-4,0,98.61,124.85,133.23,151.34,0.0245,1,0,EXACT_OR_NEAR_OPTIMAL
1597,Chris Olave,WR,Alvin Kamara / Jahan Dotson / Kendre Miller / Michael Penix Jr. / Tyler Shough,49800,49500-49900,2-4,1,98.17,132.29,144.19,163.6,0.0245,1,1,EXACT_OR_NEAR_OPTIMAL
1663,Chris Olave,WR,Bijan Robinson / Brian Robinson Jr. / Devaughn Vele / Falcons / Nick Folk,48600,48000-48900,4-2,0,94.44,123.76,132.82,148.85,0.0245,1,0,EXACT_OR_NEAR_OPTIMAL
1800,Chris Olave,WR,Bryce Lance / Daniel Carlson / Drake London / Saints / Tyler Shough,46600,<48000,1-5,1,98.85,129.93,139.85,162.48,0.0245,1,2,EXACT_OR_NEAR_OPTIMAL
2115,Daniel Carlson,K,Bijan Robinson / Chris Olave / Devaughn Vele / Olamide Zaccheaus / Tyler Shough,49200,49000-49400,2-4,1,100.32,129.9,139.79,158.42,0.0245,0,1,FORCED_CAPTAIN
2270,Devaughn Vele,WR,Bijan Robinson / Chris Olave / Daniel Carlson / Drake London / Treyton Welch,49300,49000-49400,2-4,0,98.84,127.83,138.15,154.35,0.0245,0,0,FORCED_CAPTAIN
2354,Drake London,WR,Alvin Kamara / Austin Hooper / Daniel Carlson / Michael Penix Jr. / Tyler Shough,48200,48000-48900,3-3,1,94.14,126.17,137.92,158.5,0.0245,0,1,EXACT_OR_NEAR_OPTIMAL
2638,Drake London,WR,Brian Robinson Jr. / Chris Olave / Daniel Carlson / Michael Penix Jr. / Nick Folk,48800,48000-48900,4-2,1,93.12,126.6,137.01,157.16,0.0245,1,1,EXACT_OR_NEAR_OPTIMAL
3671,Kevin Austin Jr.,WR,Bijan Robinson / Drake London / Juwan Johnson / Michael Penix Jr. / Tyler Shough,49000,49000-49400,3-3,1,101.52,134.73,144.72,166.04,0.0245,0,3,EXACT_OR_NEAR_OPTIMAL
3847,Michael Penix Jr.,QB,Alvin Kamara / Chris Olave / Juwan Johnson / Kevin Austin Jr. / Tyler Shough,49100,49000-49400,1-5,1,102.01,136.67,146.46,170.16,0.0245,0,3,FORCED_CAPTAIN
3865,Michael Penix Jr.,QB,Alvin Kamara / Drake London / Juwan Johnson / Tyler Shough / Zachariah Branch,49900,49500-49900,3-3,1,96.48,130.62,141.61,163.63,0.0245,0,2,EXACT_OR_NEAR_OPTIMAL
3894,Michael Penix Jr.,QB,Bijan Robinson / Brian Robinson Jr. / Drake London / Treyton Welch / Tyler Shough,48900,48000-48900,4-2,1,98.62,130.64,142.43,160.61,0.0245,0,2,FORCED_CAPTAIN
3937,Michael Penix Jr.,QB,Brian Robinson Jr. / Chris Olave / Drake London / Olamide Zaccheaus / Tyler Shough,49700,49500-49900,4-2,1,99.01,133.53,146.93,170.49,0.0245,0,2,FORCED_CAPTAIN
3966,Michael Penix Jr.,QB,Chris Olave / Jahan Dotson / Juwan Johnson / Nick Folk / Tyler Shough,49700,49500-49900,3-3,1,99.83,133.11,144.05,169.83,0.0245,0,2,FORCED_CAPTAIN
3992,Nick Folk,K,Alvin Kamara / Bijan Robinson / Cal Adomitis / Chris Olave / Tyler Shough,47500,<48000,2-4,1,100.34,129.35,137.68,159.39,0.0245,0,1,FORCED_CAPTAIN
4039,Nick Folk,K,Bijan Robinson / Brian Robinson Jr. / Chris Olave / Daniel Carlson / Drake London,49300,49000-49400,4-2,0,97.55,124.74,133.36,147.74,0.0245,2,0,EXACT_OR_NEAR_OPTIMAL
4558,Saints,DST,Bijan Robinson / Chris Olave / Juwan Johnson / Olamide Zaccheaus / Tyler Shough,47900,<48000,2-4,1,102.48,131.06,140.82,162.8,0.0245,0,2,FORCED_CAPTAIN
5023,Tyler Shough,QB,Alvin Kamara / Bryce Lance / Chris Olave / Drake London / Kendre Miller,49000,49000-49400,1-5,1,99.59,132.37,144.42,165.75,0.0245,0,2,EXACT_OR_NEAR_OPTIMAL
5067,Tyler Shough,QB,Alvin Kamara / Daniel Carlson / Devaughn Vele / Drake London / Saints,48200,48000-48900,1-5,1,93.48,121.35,131.76,147.4,0.0245,0,2,EXACT_OR_NEAR_OPTIMAL
5205,Tyler Shough,QB,Brian Robinson Jr. / Daniel Carlson / Drake London / Juwan Johnson / Michael Penix Jr.,49400,49000-49400,3-3,1,98.69,131.11,143.77,161.82,0.0245,0,2,EXACT_OR_NEAR_OPTIMAL
82,Alvin Kamara,RB,Bijan Robinson / Drake London / Jahan Dotson / Michael Penix Jr. / Nick Folk,49700,49500-49900,5-1,1,94.88,124.83,134.3,147.42,0.024,2,2,EXACT_OR_NEAR_OPTIMAL
122,Alvin Kamara,RB,Chris Olave / Daniel Carlson / Drake London / Michael Penix Jr. / Saints,49300,49000-49400,2-4,0,97.15,124.88,133.99,151.91,0.024,0,0,EXACT_OR_NEAR_OPTIMAL
208,Austin Hooper,TE,Alvin Kamara / Bijan Robinson / Drake London / Juwan Johnson / Michael Penix Jr.,49400,49000-49400,4-2,1,97.38,128.86,139.2,155.61,0.024,0,2,FORCED_CAPTAIN
249,Austin Hooper,TE,Bijan Robinson / Chris Olave / Drake London / Falcons / Tyler Shough,50000,50000,4-2,0,105.62,135.52,144.75,163.94,0.024,0,2,FORCED_CAPTAIN
807,Brian Robinson Jr.,RB,Bijan Robinson / Chris Olave / Jahan Dotson / Juwan Johnson / Tyler Shough,48300,48000-48900,3-3,1,101.83,133.92,144.3,164.59,0.024,0,2,FORCED_CAPTAIN
832,Brian Robinson Jr.,RB,Chris Olave / Daniel Carlson / Drake London / Michael Penix Jr. / Tyler Shough,49900,49500-49900,3-3,1,99.66,132.45,142.62,162.05,0.024,1,2,EXACT_OR_NEAR_OPTIMAL
946,Bryce Lance,WR,Bijan Robinson / Devaughn Vele / Drake London / Juwan Johnson / Tyler Shough,49300,49000-49400,2-4,1,99.96,131.3,140.54,161.62,0.024,0,2,FORCED_CAPTAIN
1511,Chris Olave,WR,Alvin Kamara / Bijan Robinson / Falcons / Kyle Pitts Sr. / Nick Folk,49800,49500-49900,4-2,0,97.33,125.55,134.26,152.32,0.024,1,0,EXACT_OR_NEAR_OPTIMAL
1639,Chris Olave,WR,Austin Hooper / Devaughn Vele / Juwan Johnson / Kyle Pitts Sr. / Tyler Shough,49600,49500-49900,2-4,1,96.99,132.59,144.73,169.96,0.024,0,1,EXACT_OR_NEAR_OPTIMAL
1839,Chris Olave,WR,Daniel Carlson / Devaughn Vele / Nick Folk / Saints / Tyler Shough,48000,48000-48900,1-5,1,95.05,126.49,135.88,154.79,0.024,1,2,EXACT_OR_NEAR_OPTIMAL
2387,Drake London,WR,Alvin Kamara / Bijan Robinson / Falcons / Michael Penix Jr. / Treyton Welch,46600,<48000,4-2,1,93.08,124.09,134.42,153.75,0.024,1,1,EXACT_OR_NEAR_OPTIMAL
2471,Drake London,WR,Alvin Kamara / Daniel Carlson / Falcons / Michael Penix Jr. / Tyler Shough,49000,49000-49400,3-3,0,96.03,126.36,136.78,155.65,0.024,0,0,EXACT_OR_NEAR_OPTIMAL
2708,Drake London,WR,Chris Olave / Devaughn Vele / Falcons / Juwan Johnson / Nick Folk,50000,50000,3-3,0,96.98,127.94,137.31,156.54,0.024,0,1,EXACT_OR_NEAR_OPTIMAL
2814,Falcons,DST,Alvin Kamara / Chris Olave / Drake London / Juwan Johnson / Michael Penix Jr.,49600,49500-49900,3-3,0,99.81,129.4,138.41,159.62,0.024,0,1,EXACT_OR_NEAR_OPTIMAL
2865,Falcons,DST,Bijan Robinson / Chris Olave / Jahan Dotson / Juwan Johnson / Tyler Shough,48000,48000-48900,3-3,1,102.9,132.68,143.24,164.44,0.024,0,2,FORCED_CAPTAIN
3344,Juwan Johnson,TE,Brian Robinson Jr. / Chris Olave / Drake London / Olamide Zaccheaus / Tyler Shough,47300,<48000,3-3,1,99.71,134.27,146.5,170.98,0.024,0,2,EXACT_OR_NEAR_OPTIMAL
3932,Michael Penix Jr.,QB,Bijan Robinson / Drake London / Jahan Dotson / Juwan Johnson / Saints,49900,49500-49900,4-2,1,96.66,127.46,137.71,156.74,0.024,1,2,EXACT_OR_NEAR_OPTIMAL
4009,Nick Folk,K,Alvin Kamara / Brian Robinson Jr. / Chris Olave / Drake London / Tyler Shough,49300,49000-49400,3-3,1,99.01,128.99,138.03,154.87,0.024,0,1,FORCED_CAPTAIN
4058,Nick Folk,K,Bijan Robinson / Chris Olave / Daniel Carlson / Saints / Tyler Shough,49300,49000-49400,2-4,0,101.24,127.28,134.94,150.94,0.024,0,0,FORCED_CAPTAIN
4092,Nick Folk,K,Chris Olave / Daniel Carlson / Juwan Johnson / Michael Penix Jr. / Tyler Shough,49700,49500-49900,2-4,1,100.24,131.75,141.47,162.73,0.024,0,2,EXACT_OR_NEAR_OPTIMAL
4304,Olamide Zaccheaus,WR,Bijan Robinson / Chris Olave / Drake London / Michael Penix Jr. / Nick Folk,50000,50000,5-1,1,99.43,131.36,140.06,159.96,0.024,0,4,FORCED_CAPTAIN
4487,Saints,DST,Alvin Kamara / Bijan Robinson / Chris Olave / Jahan Dotson / Tyler Shough,48500,48000-48900,2-4,1,101.94,128.5,137.18,156.61,0.024,0,1,FORCED_CAPTAIN
4509,Saints,DST,Alvin Kamara / Chris Olave / Drake London / Kyle Pitts Sr. / Tyler Shough,49500,49500-49900,2-4,1,97.0,125.87,135.45,151.93,0.024,0,1,FORCED_CAPTAIN
4966,Tyler Shough,QB,Alvin Kamara / Austin Hooper / Chris Olave / Devaughn Vele / Saints,47000,<48000,1-5,1,94.28,126.98,136.47,160.24,0.024,0,2,EXACT_OR_NEAR_OPTIMAL
5058,Tyler Shough,QB,Alvin Kamara / Chris Olave / Jahan Dotson / Kyle Pitts Sr. / Michael Penix Jr.,50000,50000,3-3,1,97.92,130.91,142.23,163.56,0.024,0,2,EXACT_OR_NEAR_OPTIMAL
5182,Tyler Shough,QB,Bijan Robinson / Devaughn Vele / Falcons / Juwan Johnson / Saints,49200,49000-49400,2-4,1,98.91,128.32,138.07,157.54,0.024,1,1,EXACT_OR_NEAR_OPTIMAL
5244,Tyler Shough,QB,Chris Olave / Devaughn Vele / Falcons / Juwan Johnson / Kyle Pitts Sr.,49800,49500-49900,2-4,1,97.15,130.83,144.27,165.55,0.024,0,1,EXACT_OR_NEAR_OPTIMAL
147,Alvin Kamara,RB,Chris Olave / Juwan Johnson / Kevin Austin Jr. / Michael Penix Jr. / Tyler Shough,48100,48000-48900,1-5,1,101.07,134.38,143.89,167.22,0.0235,0,3,FORCED_CAPTAIN
148,Alvin Kamara,RB,Chris Olave / Juwan Johnson / Kyle Pitts Sr. / Nick Folk / Tyler Shough,49500,49500-49900,2-4,1,97.93,128.91,140.0,164.58,0.0235,1,1,EXACT_OR_NEAR_OPTIMAL
184,Alvin Kamara,RB,Drake London / Juwan Johnson / Michael Penix Jr. / Olamide Zaccheaus / Tyler Shough,48500,48000-48900,3-3,1,97.22,131.13,140.98,159.66,0.0235,0,2,EXACT_OR_NEAR_OPTIMAL
199,Austin Hooper,TE,Alvin Kamara / Bijan Robinson / Chris Olave / Nick Folk / Tyler Shough,48800,48000-48900,3-3,1,101.55,130.92,139.42,159.95,0.0235,0,1,FORCED_CAPTAIN
456,Bijan Robinson,RB,Alvin Kamara / Brian Robinson Jr. / Charlie Woerner / Chris Olave / Michael Penix Jr.,48900,48000-48900,4-2,1,99.53,129.15,138.16,157.84,0.0235,1,2,EXACT_OR_NEAR_OPTIMAL
545,Bijan Robinson,RB,Alvin Kamara / Falcons / Jahan Dotson / Juwan Johnson / Michael Penix Jr.,47700,<48000,4-2,1,94.45,123.92,132.55,150.16,0.0235,1,2,EXACT_OR_NEAR_OPTIMAL
680,Bijan Robinson,RB,Chris Olave / Devaughn Vele / Falcons / Kevin Austin Jr. / Michael Penix Jr.,49700,49500-49900,3-3,0,98.04,127.67,136.8,154.96,0.0235,1,1,EXACT_OR_NEAR_OPTIMAL
883,Bryce Lance,WR,Alvin Kamara / Chris Olave / Drake London / Juwan Johnson / Tyler Shough,47500,<48000,1-5,1,102.18,135.5,146.85,168.57,0.0235,0,3,FORCED_CAPTAIN
1550,Chris Olave,WR,Alvin Kamara / Daniel Carlson / Devaughn Vele / Drake London / Falcons,49400,49000-49400,2-4,0,97.72,126.21,134.55,152.49,0.0235,0,0,EXACT_OR_NEAR_OPTIMAL
1627,Chris Olave,WR,Austin Hooper / Brian Robinson Jr. / Devaughn Vele / Michael Penix Jr. / Tyler Shough,49200,49000-49400,3-3,1,96.24,131.58,142.82,168.47,0.0235,1,1,EXACT_OR_NEAR_OPTIMAL
1641,Chris Olave,WR,Austin Hooper / Devaughn Vele / Michael Penix Jr. / Saints / Tyler Shough,49600,49500-49900,2-4,1,97.89,131.71,140.87,168.36,0.0235,0,1,EXACT_OR_NEAR_OPTIMAL
1661,Chris Olave,WR,Bijan Robinson / Brian Robinson Jr. / Daniel Carlson / Kevin Austin Jr. / Tyler Shough,47000,<48000,2-4,1,101.13,132.62,143.25,164.65,0.0235,1,1,EXACT_OR_NEAR_OPTIMAL
1794,Chris Olave,WR,Brian Robinson Jr. / Juwan Johnson / Nick Folk / Saints / Tyler Shough,46600,<48000,2-4,1,96.49,129.03,139.06,164.58,0.0235,0,1,EXACT_OR_NEAR_OPTIMAL
2101,Daniel Carlson,K,Bijan Robinson / Brian Robinson Jr. / Chris Olave / Nick Folk / Tyler Shough,48600,48000-48900,3-3,0,99.77,128.01,135.09,154.18,0.0235,1,0,EXACT_OR_NEAR_OPTIMAL
2156,Daniel Carlson,K,Bijan Robinson / Juwan Johnson / Michael Penix Jr. / Saints / Tyler Shough,49200,49000-49400,2-4,0,99.28,126.03,135.48,152.26,0.0235,0,1,FORCED_CAPTAIN
2167,Daniel Carlson,K,Chris Olave / Drake London / Juwan Johnson / Michael Penix Jr. / Nick Folk,49800,49500-49900,3-3,0,98.37,129.04,139.91,157.33,0.0235,0,1,FORCED_CAPTAIN
2202,Devaughn Vele,WR,Alvin Kamara / Bijan Robinson / Juwan Johnson / Treyton Welch / Tyler Shough,47700,<48000,1-5,1,96.51,126.26,137.53,159.43,0.0235,0,2,FORCED_CAPTAIN
2277,Devaughn Vele,WR,Bijan Robinson / Chris Olave / Falcons / Treyton Welch / Tyler Shough,47700,<48000,2-4,1,98.07,128.27,138.53,163.23,0.0235,0,1,FORCED_CAPTAIN
2291,Devaughn Vele,WR,Bijan Robinson / Falcons / Juwan Johnson / Nick Folk / Tyler Shough,49500,49500-49900,3-3,1,94.84,123.14,134.11,151.73,0.0235,1,1,EXACT_OR_NEAR_OPTIMAL
2297,Devaughn Vele,WR,Brian Robinson Jr. / Chris Olave / Juwan Johnson / Nick Folk / Tyler Shough,48700,48000-48900,2-4,1,93.74,128.06,138.91,160.92,0.0235,0,1,FORCED_CAPTAIN
2309,Devaughn Vele,WR,Chris Olave / Daniel Carlson / Drake London / Jahan Dotson / Tyler Shough,49900,49500-49900,2-4,1,97.6,129.8,141.22,160.09,0.0235,0,1,FORCED_CAPTAIN
2327,Devaughn Vele,WR,Chris Olave / Juwan Johnson / Kevin Austin Jr. / Michael Penix Jr. / Tyler Shough,49300,49000-49400,1-5,1,97.15,131.98,144.74,166.61,0.0235,0,3,EXACT_OR_NEAR_OPTIMAL
2727,Drake London,WR,Chris Olave / Juwan Johnson / Michael Penix Jr. / Nick Folk / Zachariah Branch,50000,50000,4-2,1,96.61,130.32,141.99,163.68,0.0235,1,3,EXACT_OR_NEAR_OPTIMAL
2751,Drake London,WR,Daniel Carlson / Juwan Johnson / Michael Penix Jr. / Treyton Welch / Tyler Shough,46000,<48000,2-4,1,94.4,127.93,140.49,164.18,0.0235,0,2,EXACT_OR_NEAR_OPTIMAL
2781,Falcons,DST,Alvin Kamara / Bijan Robinson / Brian Robinson Jr. / Chris Olave / Drake London,48800,48000-48900,4-2,0,99.17,125.01,133.82,149.13,0.0235,0,0,FORCED_CAPTAIN
2790,Falcons,DST,Alvin Kamara / Bijan Robinson / Chris Olave / Juwan Johnson / Nick Folk,47800,<48000,3-3,0,98.16,123.41,131.01,150.17,0.0235,1,0,EXACT_OR_NEAR_OPTIMAL
3107,Jahan Dotson,WR,Bijan Robinson / Chris Olave / Michael Penix Jr. / Saints / Tyler Shough,49900,49500-49900,3-3,1,102.68,132.02,141.84,160.37,0.0235,0,2,FORCED_CAPTAIN
3417,Juwan Johnson,TE,Drake London / Jahan Dotson / Michael Penix Jr. / Nick Folk / Tyler Shough,48100,48000-48900,4-2,1,94.57,127.75,139.47,160.95,0.0235,0,2,EXACT_OR_NEAR_OPTIMAL
3930,Michael Penix Jr.,QB,Bijan Robinson / Daniel Carlson / Juwan Johnson / Olamide Zaccheaus / Tyler Shough,49100,49000-49400,3-3,1,98.75,130.31,139.96,161.56,0.0235,0,2,FORCED_CAPTAIN
3957,Michael Penix Jr.,QB,Chris Olave / Devaughn Vele / Juwan Johnson / Kevin Austin Jr. / Tyler Shough,49900,49500-49900,1-5,1,99.4,133.45,146.29,171.53,0.0235,0,3,FORCED_CAPTAIN
3964,Michael Penix Jr.,QB,Chris Olave / Drake London / Kyle Pitts Sr. / Treyton Welch / Tyler Shough,49900,49500-49900,3-3,1,98.5,134.19,145.68,167.05,0.0235,1,2,EXACT_OR_NEAR_OPTIMAL
4029,Nick Folk,K,Alvin Kamara / Devaughn Vele / Drake London / Juwan Johnson / Tyler Shough,49900,49500-49900,2-4,1,95.55,125.72,136.03,151.59,0.0235,0,1,EXACT_OR_NEAR_OPTIMAL
4034,Nick Folk,K,Austin Hooper / Bijan Robinson / Drake London / Juwan Johnson / Tyler Shough,49700,49500-49900,4-2,0,100.59,130.43,137.85,155.3,0.0235,0,1,FORCED_CAPTAIN
445,Bijan Robinson,RB,Alvin Kamara / Austin Hooper / Falcons / Juwan Johnson / Michael Penix Jr.,47500,<48000,4-2,1,93.94,122.25,131.64,149.22,0.023,1,2,EXACT_OR_NEAR_OPTIMAL
1475,Chris Olave,WR,Alvin Kamara / Austin Hooper / Falcons / Michael Penix Jr. / Tyler Shough,48200,48000-48900,3-3,1,99.57,130.37,141.98,167.1,0.023,0,1,EXACT_OR_NEAR_OPTIMAL
2264,Devaughn Vele,WR,Bijan Robinson / Bryce Lance / Daniel Carlson / Drake London / Tyler Shough,49700,49500-49900,2-4,1,96.49,125.7,134.24,156.61,0.023,0,1,FORCED_CAPTAIN
2381,Drake London,WR,Alvin Kamara / Bijan Robinson / Devaughn Vele / Falcons / Saints,49400,49000-49400,3-3,0,93.5,120.39,128.87,143.67,0.023,1,0,EXACT_OR_NEAR_OPTIMAL
2544,Drake London,WR,Austin Hooper / Bijan Robinson / Daniel Carlson / Nick Folk / Tyler Shough,49400,49000-49400,4-2,0,99.02,127.97,136.69,156.69,0.023,1,0,EXACT_OR_NEAR_OPTIMAL
2548,Drake London,WR,Austin Hooper / Brian Robinson Jr. / Chris Olave / Juwan Johnson / Michael Penix Jr.,48800,48000-48900,4-2,1,96.43,131.48,143.64,165.96,0.023,1,2,EXACT_OR_NEAR_OPTIMAL
3160,Juwan Johnson,TE,Alvin Kamara / Bijan Robinson / Bryce Lance / Nick Folk / Tyler Shough,46700,<48000,2-4,1,97.06,128.14,138.47,156.2,0.023,1,1,EXACT_OR_NEAR_OPTIMAL
3175,Juwan Johnson,TE,Alvin Kamara / Bijan Robinson / Drake London / Falcons / Saints,47700,<48000,3-3,0,96.38,122.39,130.11,145.13,0.023,1,0,EXACT_OR_NEAR_OPTIMAL
3362,Juwan Johnson,TE,Chris Olave / Daniel Carlson / Devaughn Vele / Drake London / Nick Folk,49900,49500-49900,2-4,0,97.7,129.17,138.79,156.71,0.023,0,0,EXACT_OR_NEAR_OPTIMAL
3401,Juwan Johnson,TE,Daniel Carlson / Drake London / Jahan Dotson / Michael Penix Jr. / Tyler Shough,47500,<48000,3-3,1,94.92,128.45,139.23,162.91,0.023,0,2,EXACT_OR_NEAR_OPTIMAL
3935,Michael Penix Jr.,QB,Brian Robinson Jr. / Chris Olave / Daniel Carlson / Juwan Johnson / Tyler Shough,49900,49500-49900,2-4,1,100.84,132.23,144.93,164.43,0.023,0,2,FORCED_CAPTAIN
3970,Michael Penix Jr.,QB,Daniel Carlson / Drake London / Juwan Johnson / Saints / Tyler Shough,49500,49500-49900,2-4,0,96.99,128.14,140.63,158.89,0.023,0,1,FORCED_CAPTAIN
4049,Nick Folk,K,Bijan Robinson / Cal Adomitis / Chris Olave / Drake London / Michael Penix Jr.,49900,49500-49900,4-2,1,100.19,130.39,140.69,158.07,0.023,1,2,EXACT_OR_NEAR_OPTIMAL
4490,Saints,DST,Alvin Kamara / Bijan Robinson / Daniel Carlson / Drake London / Michael Penix Jr.,48900,48000-48900,3-3,1,93.95,119.32,126.88,144.88,0.023,0,1,FORCED_CAPTAIN
4507,Saints,DST,Alvin Kamara / Chris Olave / Drake London / Falcons / Tyler Shough,47300,<48000,2-4,1,97.44,123.97,133.22,150.04,0.023,0,1,FORCED_CAPTAIN
5099,Tyler Shough,QB,Alvin Kamara / Drake London / Michael Penix Jr. / Nick Folk / Saints,50000,50000,3-3,0,97.63,126.51,135.42,152.66,0.023,1,1,EXACT_OR_NEAR_OPTIMAL
5283,Tyler Shough,QB,Devaughn Vele / Drake London / Juwan Johnson / Nick Folk / Saints,49200,49000-49400,2-4,1,95.49,127.59,137.8,157.04,0.023,0,1,EXACT_OR_NEAR_OPTIMAL
562,Bijan Robinson,RB,Austin Hooper / Chris Olave / Daniel Carlson / Devaughn Vele / Nick Folk,49300,49000-49400,3-3,0,96.27,124.42,133.48,150.11,0.0225,1,1,EXACT_OR_NEAR_OPTIMAL
572,Bijan Robinson,RB,Austin Hooper / Chris Olave / Falcons / Juwan Johnson / Saints,46500,<48000,3-3,0,96.9,124.37,131.76,150.85,0.0225,1,1,EXACT_OR_NEAR_OPTIMAL
961,Bryce Lance,WR,Chris Olave / Devaughn Vele / Drake London / Michael Penix Jr. / Tyler Shough,49900,49500-49900,2-4,1,99.1,134.06,146.04,163.86,0.0225,0,2,EXACT_OR_NEAR_OPTIMAL
1223,Charlie Woerner,TE,Alvin Kamara / Bijan Robinson / Chris Olave / Drake London / Michael Penix Jr.,49500,49500-49900,4-2,1,102.0,132.72,143.54,159.34,0.0225,0,2,FORCED_CAPTAIN
1228,Charlie Woerner,TE,Alvin Kamara / Bijan Robinson / Chris Olave / Michael Penix Jr. / Tyler Shough,49100,49000-49400,3-3,1,104.03,134.5,144.17,162.64,0.0225,0,2,FORCED_CAPTAIN
1525,Chris Olave,WR,Alvin Kamara / Brian Robinson Jr. / Drake London / Jahan Dotson / Michael Penix Jr.,49000,49000-49400,4-2,1,97.33,129.62,141.11,161.57,0.0225,1,1,EXACT_OR_NEAR_OPTIMAL
1653,Chris Olave,WR,Bijan Robinson / Brian Robinson Jr. / Bryce Lance / Kyle Pitts Sr. / Tyler Shough,49000,49000-49400,3-3,1,99.85,133.81,144.16,171.15,0.0225,1,1,EXACT_OR_NEAR_OPTIMAL
1766,Chris Olave,WR,Brian Robinson Jr. / Daniel Carlson / Devaughn Vele / Drake London / Juwan Johnson,50000,50000,2-4,0,99.36,131.51,140.83,162.39,0.0225,0,1,EXACT_OR_NEAR_OPTIMAL
2109,Daniel Carlson,K,Bijan Robinson / CJ Donaldson / Chris Olave / Michael Penix Jr. / Tyler Shough,49800,49500-49900,2-4,1,102.89,133.13,141.71,161.74,0.0225,1,2,EXACT_OR_NEAR_OPTIMAL
2114,Daniel Carlson,K,Bijan Robinson / Chris Olave / Devaughn Vele / Juwan Johnson / Saints,49200,49000-49400,1-5,0,98.23,123.55,131.57,148.35,0.0225,0,1,FORCED_CAPTAIN
2146,Daniel Carlson,K,Bijan Robinson / Drake London / Jahan Dotson / Juwan Johnson / Michael Penix Jr.,48400,48000-48900,4-2,1,94.93,125.4,136.55,155.51,0.0225,0,2,FORCED_CAPTAIN
2172,Daniel Carlson,K,Chris Olave / Juwan Johnson / Michael Penix Jr. / Nick Folk / Tyler Shough,49400,49000-49400,2-4,1,100.41,131.06,140.63,162.15,0.0225,0,2,EXACT_OR_NEAR_OPTIMAL
2242,Devaughn Vele,WR,Austin Hooper / Bijan Robinson / Chris Olave / Jahan Dotson / Tyler Shough,49700,49500-49900,3-3,1,98.79,131.13,142.6,164.62,0.0225,0,1,FORCED_CAPTAIN
2585,Drake London,WR,Bijan Robinson / Bryce Lance / Devaughn Vele / Falcons / Tyler Shough,49600,49500-49900,3-3,1,98.26,127.53,138.05,158.0,0.0225,1,1,EXACT_OR_NEAR_OPTIMAL
2734,Drake London,WR,Daniel Carlson / Devaughn Vele / Falcons / Michael Penix Jr. / Tyler Shough,49800,49500-49900,3-3,0,93.41,124.72,135.7,155.18,0.0225,0,0,EXACT_OR_NEAR_OPTIMAL
2866,Falcons,DST,Bijan Robinson / Chris Olave / Jahan Dotson / Michael Penix Jr. / Tyler Shough,49600,49500-49900,4-2,1,102.43,131.3,140.96,159.81,0.0225,0,2,FORCED_CAPTAIN
3078,Jahan Dotson,WR,Bijan Robinson / Brian Robinson Jr. / Chris Olave / Michael Penix Jr. / Tyler Shough,49500,49500-49900,4-2,1,101.03,132.11,143.59,162.58,0.0225,0,2,FORCED_CAPTAIN
3111,Jahan Dotson,WR,Bijan Robinson / Daniel Carlson / Drake London / Michael Penix Jr. / Tyler Shough,49700,49500-49900,4-2,1,99.06,129.97,139.81,158.07,0.0225,1,2,EXACT_OR_NEAR_OPTIMAL
3150,Juwan Johnson,TE,Alvin Kamara / Austin Hooper / Chris Olave / Saints / Tyler Shough,45500,<48000,1-5,1,96.14,127.49,138.8,164.35,0.0225,1,2,EXACT_OR_NEAR_OPTIMAL
3258,Juwan Johnson,TE,Austin Hooper / Bijan Robinson / Brian Robinson Jr. / Chris Olave / Michael Penix Jr.,49300,49000-49400,4-2,1,100.22,131.91,142.87,162.35,0.0225,1,2,EXACT_OR_NEAR_OPTIMAL
3266,Juwan Johnson,TE,Austin Hooper / Bijan Robinson / Drake London / Michael Penix Jr. / Saints,48900,48000-48900,4-2,1,96.38,126.71,137.83,157.18,0.0225,1,2,EXACT_OR_NEAR_OPTIMAL
3274,Juwan Johnson,TE,Austin Hooper / Chris Olave / Drake London / Kendre Miller / Tyler Shough,49300,49000-49400,2-4,1,99.82,134.27,147.15,171.09,0.0225,0,2,FORCED_CAPTAIN
3322,Juwan Johnson,TE,Bijan Robinson / Daniel Carlson / Devaughn Vele / Jahan Dotson / Tyler Shough,48100,48000-48900,2-4,1,96.3,127.82,138.68,159.43,0.0225,0,1,FORCED_CAPTAIN
4060,Nick Folk,K,Bijan Robinson / Chris Olave / Devaughn Vele / Treyton Welch / Tyler Shough,48300,48000-48900,2-4,1,99.01,130.15,138.87,158.73,0.0225,0,1,FORCED_CAPTAIN
4073,Nick Folk,K,Bijan Robinson / Daniel Carlson / Devaughn Vele / Juwan Johnson / Tyler Shough,49500,49500-49900,2-4,1,96.13,125.05,133.58,149.59,0.0225,0,1,FORCED_CAPTAIN
4253,Olamide Zaccheaus,WR,Alvin Kamara / Bijan Robinson / Drake London / Juwan Johnson / Tyler Shough,48800,48000-48900,3-3,1,102.1,132.48,140.91,161.03,0.0225,0,2,FORCED_CAPTAIN
4552,Saints,DST,Bijan Robinson / Chris Olave / Drake London / Michael Penix Jr. / Olamide Zaccheaus,49900,49500-49900,4-2,1,99.97,127.69,138.4,154.8,0.0225,0,2,FORCED_CAPTAIN
5079,Tyler Shough,QB,Alvin Kamara / Devaughn Vele / Drake London / Michael Penix Jr. / Treyton Welch,48400,48000-48900,2-4,1,95.75,128.86,138.89,159.7,0.0225,0,1,EXACT_OR_NEAR_OPTIMAL
5190,Tyler Shough,QB,Brian Robinson Jr. / Bryce Lance / Chris Olave / Juwan Johnson / Michael Penix Jr.,47200,<48000,2-4,1,98.49,133.78,146.46,170.05,0.0225,0,2,EXACT_OR_NEAR_OPTIMAL
5216,Tyler Shough,QB,Bryce Lance / Chris Olave / Devaughn Vele / Juwan Johnson / Kyle Pitts Sr.,48000,48000-48900,1-5,1,94.27,130.16,143.53,167.37,0.0225,1,2,EXACT_OR_NEAR_OPTIMAL
5218,Tyler Shough,QB,Bryce Lance / Chris Olave / Devaughn Vele / Michael Penix Jr. / Nick Folk,49200,49000-49400,2-4,1,96.7,131.43,142.06,163.36,0.0225,0,1,EXACT_OR_NEAR_OPTIMAL
90,Alvin Kamara,RB,Bijan Robinson / Jahan Dotson / Juwan Johnson / Nick Folk / Tyler Shough,47700,<48000,3-3,1,97.39,126.69,136.44,152.46,0.022,1,1,EXACT_OR_NEAR_OPTIMAL
121,Alvin Kamara,RB,Chris Olave / Daniel Carlson / Drake London / Juwan Johnson / Saints,47700,<48000,1-5,0,97.61,125.12,133.9,148.01,0.022,0,1,EXACT_OR_NEAR_OPTIMAL
255,Austin Hooper,TE,Bijan Robinson / Chris Olave / Drake London / Michael Penix Jr. / Saints,50000,50000,4-2,1,99.87,129.64,139.05,157.18,0.022,0,3,FORCED_CAPTAIN
515,Bijan Robinson,RB,Alvin Kamara / Daniel Carlson / Devaughn Vele / Falcons / Juwan Johnson,48300,48000-48900,2-4,0,94.13,121.31,128.92,143.08,0.022,1,1,EXACT_OR_NEAR_OPTIMAL
566,Bijan Robinson,RB,Austin Hooper / Chris Olave / Devaughn Vele / Falcons / Nick Folk,48100,48000-48900,4-2,0,93.46,121.81,130.37,147.14,0.022,1,1,EXACT_OR_NEAR_OPTIMAL
573,Bijan Robinson,RB,Austin Hooper / Chris Olave / Jahan Dotson / Michael Penix Jr. / Nick Folk,48700,48000-48900,5-1,1,96.59,126.8,136.54,155.53,0.022,1,3,EXACT_OR_NEAR_OPTIMAL
766,Brian Robinson Jr.,RB,Alvin Kamara / Chris Olave / Juwan Johnson / Michael Penix Jr. / Tyler Shough,49500,49500-49900,2-4,1,100.78,133.97,144.36,166.33,0.022,1,2,EXACT_OR_NEAR_OPTIMAL
1073,CJ Donaldson,RB,Bijan Robinson / Drake London / Juwan Johnson / Michael Penix Jr. / Tyler Shough,49900,49500-49900,3-3,1,101.09,133.07,144.09,165.16,0.022,0,3,EXACT_OR_NEAR_OPTIMAL
1478,Chris Olave,WR,Alvin Kamara / Austin Hooper / Kendre Miller / Michael Penix Jr. / Tyler Shough,49600,49500-49900,2-4,1,97.66,130.83,142.09,166.88,0.022,0,1,EXACT_OR_NEAR_OPTIMAL
2097,Daniel Carlson,K,Austin Hooper / Chris Olave / Drake London / Michael Penix Jr. / Tyler Shough,49400,49000-49400,3-3,1,100.24,132.59,143.59,166.07,0.022,0,2,FORCED_CAPTAIN
2164,Daniel Carlson,K,Chris Olave / Drake London / Jahan Dotson / Juwan Johnson / Tyler Shough,48000,48000-48900,2-4,1,101.22,132.38,142.92,163.43,0.022,0,2,FORCED_CAPTAIN
2197,Devaughn Vele,WR,Alvin Kamara / Bijan Robinson / Daniel Carlson / Saints / Tyler Shough,49100,49000-49400,1-5,1,93.77,118.29,126.95,145.15,0.022,4,2,EXACT_OR_NEAR_OPTIMAL
2512,Drake London,WR,Alvin Kamara / Falcons / Juwan Johnson / Saints / Tyler Shough,46800,<48000,2-4,1,94.62,123.92,131.99,150.34,0.022,1,1,EXACT_OR_NEAR_OPTIMAL
2580,Drake London,WR,Bijan Robinson / Bryce Lance / Chris Olave / Falcons / Saints,47200,<48000,3-3,0,97.15,125.68,135.29,150.85,0.022,1,0,EXACT_OR_NEAR_OPTIMAL
2614,Drake London,WR,Bijan Robinson / Daniel Carlson / Falcons / Kyle Pitts Sr. / Michael Penix Jr.,50000,50000,5-1,1,91.33,123.93,134.11,152.37,0.022,1,3,EXACT_OR_NEAR_OPTIMAL
2618,Drake London,WR,Bijan Robinson / Daniel Carlson / Jahan Dotson / Michael Penix Jr. / Saints,47800,<48000,4-2,1,91.32,122.33,132.75,153.48,0.022,1,1,EXACT_OR_NEAR_OPTIMAL
2735,Drake London,WR,Daniel Carlson / Devaughn Vele / Jahan Dotson / Michael Penix Jr. / Tyler Shough,49200,49000-49400,3-3,1,92.04,124.56,137.77,159.58,0.022,0,1,EXACT_OR_NEAR_OPTIMAL
2845,Falcons,DST,Bijan Robinson / Chris Olave / Daniel Carlson / Drake London / Saints,47000,<48000,3-3,0,95.51,120.43,127.91,141.92,0.022,0,0,FORCED_CAPTAIN
3392,Juwan Johnson,TE,Daniel Carlson / Devaughn Vele / Drake London / Nick Folk / Tyler Shough,48700,48000-48900,2-4,1,94.25,126.76,135.8,156.97,0.022,0,1,EXACT_OR_NEAR_OPTIMAL
3633,Kevin Austin Jr.,WR,Bijan Robinson / Chris Olave / Devaughn Vele / Juwan Johnson / Tyler Shough,48600,48000-48900,1-5,1,102.51,135.3,147.15,166.96,0.022,0,3,EXACT_OR_NEAR_OPTIMAL
3877,Michael Penix Jr.,QB,Austin Hooper / Bijan Robinson / Drake London / Jahan Dotson / Juwan Johnson,48500,48000-48900,5-1,1,93.84,127.52,138.98,157.16,0.022,0,3,FORCED_CAPTAIN
3886,Michael Penix Jr.,QB,Austin Hooper / Chris Olave / Drake London / Olamide Zaccheaus / Tyler Shough,48700,48000-48900,4-2,1,97.84,133.21,144.91,163.69,0.022,0,2,FORCED_CAPTAIN
3893,Michael Penix Jr.,QB,Bijan Robinson / Brian Robinson Jr. / Drake London / Jahan Dotson / Juwan Johnson,49500,49500-49900,5-1,1,95.01,128.8,139.43,159.1,0.022,1,3,EXACT_OR_NEAR_OPTIMAL
4080,Nick Folk,K,Bijan Robinson / Drake London / Falcons / Juwan Johnson / Michael Penix Jr.,49900,49500-49900,5-1,1,95.79,124.55,132.38,148.92,0.022,0,3,FORCED_CAPTAIN
4518,Saints,DST,Alvin Kamara / Devaughn Vele / Drake London / Juwan Johnson / Tyler Shough,48100,48000-48900,1-5,1,93.26,122.37,132.41,148.72,0.022,1,2,EXACT_OR_NEAR_OPTIMAL
4574,Saints,DST,Brian Robinson Jr. / Chris Olave / Drake London / Juwan Johnson / Tyler Shough,47900,<48000,2-4,1,99.08,129.13,139.26,160.37,0.022,0,2,FORCED_CAPTAIN
4591,Saints,DST,Chris Olave / Drake London / Falcons / Michael Penix Jr. / Tyler Shough,49300,49000-49400,3-3,0,99.32,128.67,137.86,156.83,0.022,0,1,FORCED_CAPTAIN
4593,Saints,DST,Chris Olave / Drake London / Juwan Johnson / Kendre Miller / Tyler Shough,49100,49000-49400,1-5,1,97.88,128.33,139.09,161.36,0.022,0,3,FORCED_CAPTAIN
4998,Tyler Shough,QB,Alvin Kamara / Bijan Robinson / Daniel Carlson / Juwan Johnson / Olamide Zaccheaus,47400,<48000,2-4,1,100.2,131.02,140.0,160.74,0.022,1,1,EXACT_OR_NEAR_OPTIMAL
5028,Tyler Shough,QB,Alvin Kamara / Bryce Lance / Chris Olave / Michael Penix Jr. / Nick Folk,48400,48000-48900,2-4,1,99.31,131.15,141.77,165.07,0.022,0,1,EXACT_OR_NEAR_OPTIMAL
116,Alvin Kamara,RB,Chris Olave / Daniel Carlson / Devaughn Vele / Nick Folk / Tyler Shough,48900,48000-48900,1-5,1,96.21,126.25,134.76,151.63,0.0215,0,2,EXACT_OR_NEAR_OPTIMAL
320,Barion Brown,WR,Alvin Kamara / Bijan Robinson / Chris Olave / Michael Penix Jr. / Tyler Shough,50000,50000,2-4,1,103.89,134.56,144.17,162.64,0.0215,0,3,EXACT_OR_NEAR_OPTIMAL
598,Bijan Robinson,RB,Brian Robinson Jr. / Chris Olave / Devaughn Vele / Falcons / Nick Folk,49100,49000-49400,4-2,0,94.63,122.7,130.44,148.25,0.0215,2,1,EXACT_OR_NEAR_OPTIMAL
861,Bryce Lance,WR,Alvin Kamara / Bijan Robinson / Chris Olave / Drake London / Juwan Johnson,49700,49500-49900,2-4,0,106.03,134.83,145.49,162.68,0.0215,0,1,FORCED_CAPTAIN
1111,Cal Adomitis,TE,Alvin Kamara / Bijan Robinson / Chris Olave / Michael Penix Jr. / Tyler Shough,48500,48000-48900,2-4,1,104.01,134.49,144.46,164.72,0.0215,1,2,EXACT_OR_NEAR_OPTIMAL
1732,Chris Olave,WR,Bijan Robinson / Devaughn Vele / Jahan Dotson / Michael Penix Jr. / Olamide Zaccheaus,49800,49500-49900,4-2,1,98.12,130.1,139.57,159.86,0.0215,1,1,EXACT_OR_NEAR_OPTIMAL
1770,Chris Olave,WR,Brian Robinson Jr. / Daniel Carlson / Drake London / Michael Penix Jr. / Nick Folk,49200,49000-49400,4-2,1,95.86,127.64,137.67,157.62,0.0215,0,1,EXACT_OR_NEAR_OPTIMAL
1778,Chris Olave,WR,Brian Robinson Jr. / Daniel Carlson / Michael Penix Jr. / Nick Folk / Tyler Shough,48800,48000-48900,3-3,0,97.9,130.01,139.5,162.11,0.0215,0,0,EXACT_OR_NEAR_OPTIMAL
1872,Chris Olave,WR,Devaughn Vele / Drake London / Falcons / Jahan Dotson / Michael Penix Jr.,49600,49500-49900,4-2,1,95.43,127.46,138.25,161.14,0.0215,1,1,EXACT_OR_NEAR_OPTIMAL
2067,Daniel Carlson,K,Alvin Kamara / Bijan Robinson / Drake London / Jahan Dotson / Michael Penix Jr.,48000,48000-48900,4-2,1,92.58,121.73,130.56,150.24,0.0215,0,1,FORCED_CAPTAIN
2068,Daniel Carlson,K,Alvin Kamara / Bijan Robinson / Drake London / Juwan Johnson / Nick Folk,48800,48000-48900,3-3,0,96.88,122.88,131.06,145.78,0.0215,0,0,FORCED_CAPTAIN
2069,Daniel Carlson,K,Alvin Kamara / Bijan Robinson / Drake London / Juwan Johnson / Saints,47600,<48000,2-4,0,95.36,119.31,127.67,144.45,0.0215,0,0,FORCED_CAPTAIN
2103,Daniel Carlson,K,Bijan Robinson / Brian Robinson Jr. / Drake London / Juwan Johnson / Michael Penix Jr.,49200,49000-49400,4-2,1,95.6,126.27,137.47,157.16,0.0215,0,2,FORCED_CAPTAIN
2111,Daniel Carlson,K,Bijan Robinson / Cal Adomitis / Chris Olave / Michael Penix Jr. / Tyler Shough,48600,48000-48900,2-4,1,102.75,133.54,141.62,160.48,0.0215,0,2,FORCED_CAPTAIN
2240,Devaughn Vele,WR,Austin Hooper / Bijan Robinson / Bryce Lance / Chris Olave / Tyler Shough,48500,48000-48900,2-4,1,97.29,130.01,141.12,163.23,0.0215,0,1,FORCED_CAPTAIN
2339,Devaughn Vele,WR,Drake London / Juwan Johnson / Michael Penix Jr. / Olamide Zaccheaus / Tyler Shough,49700,49500-49900,3-3,1,93.3,127.42,140.29,164.63,0.0215,0,2,FORCED_CAPTAIN
2424,Drake London,WR,Alvin Kamara / Bryce Lance / Daniel Carlson / Michael Penix Jr. / Tyler Shough,47200,<48000,2-4,1,93.15,126.29,137.31,155.14,0.0215,0,1,EXACT_OR_NEAR_OPTIMAL
2479,Drake London,WR,Alvin Kamara / Daniel Carlson / Juwan Johnson / Kyle Pitts Sr. / Tyler Shough,49600,49500-49900,2-4,1,96.06,127.35,138.19,155.77,0.0215,0,1,EXACT_OR_NEAR_OPTIMAL
2547,Drake London,WR,Austin Hooper / Brian Robinson Jr. / Chris Olave / Devaughn Vele / Tyler Shough,49800,49500-49900,3-3,1,98.14,132.73,143.05,164.07,0.0215,0,1,EXACT_OR_NEAR_OPTIMAL
2555,Drake London,WR,Austin Hooper / Chris Olave / Juwan Johnson / Kendre Miller / Michael Penix Jr.,50000,50000,3-3,1,95.23,130.02,142.44,164.32,0.0215,0,3,EXACT_OR_NEAR_OPTIMAL
2595,Drake London,WR,Bijan Robinson / Cal Adomitis / Juwan Johnson / Kyle Pitts Sr. / Tyler Shough,49800,49500-49900,3-3,1,100.4,132.72,142.06,165.05,0.0215,1,2,EXACT_OR_NEAR_OPTIMAL
2627,Drake London,WR,Bijan Robinson / Falcons / Nick Folk / Saints / Tyler Shough,49600,49500-49900,4-2,0,99.03,124.53,133.34,149.51,0.0215,1,0,EXACT_OR_NEAR_OPTIMAL
2826,Falcons,DST,Austin Hooper / Bijan Robinson / Chris Olave / Juwan Johnson / Tyler Shough,47800,<48000,3-3,1,102.39,131.64,142.38,164.68,0.0215,0,2,FORCED_CAPTAIN
2830,Falcons,DST,Bijan Robinson / Brian Robinson Jr. / Chris Olave / Devaughn Vele / Tyler Shough,49200,49000-49400,3-3,1,98.59,127.71,136.28,156.28,0.0215,0,1,FORCED_CAPTAIN
2859,Falcons,DST,Bijan Robinson / Chris Olave / Drake London / Kevin Austin Jr. / Tyler Shough,48400,48000-48900,3-3,1,103.61,132.59,141.15,159.83,0.0215,0,2,FORCED_CAPTAIN
2862,Falcons,DST,Bijan Robinson / Chris Olave / Drake London / Nick Folk / Saints,47600,<48000,4-2,0,95.16,120.2,126.37,141.01,0.0215,1,0,EXACT_OR_NEAR_OPTIMAL
3030,Jahan Dotson,WR,Alvin Kamara / Bijan Robinson / Chris Olave / Daniel Carlson / Tyler Shough,48500,48000-48900,2-4,1,102.66,130.94,140.25,159.92,0.0215,0,1,FORCED_CAPTAIN
3105,Jahan Dotson,WR,Bijan Robinson / Chris Olave / Juwan Johnson / Saints / Tyler Shough,48300,48000-48900,2-4,1,103.14,133.42,142.62,167.34,0.0215,0,2,FORCED_CAPTAIN
3254,Juwan Johnson,TE,Alvin Kamara / Drake London / Nick Folk / Saints / Tyler Shough,47300,<48000,2-4,1,94.99,125.24,134.89,151.5,0.0215,3,1,EXACT_OR_NEAR_OPTIMAL
3268,Juwan Johnson,TE,Austin Hooper / Bijan Robinson / Jahan Dotson / Michael Penix Jr. / Tyler Shough,47300,<48000,4-2,1,96.11,129.44,140.08,161.56,0.0215,0,2,FORCED_CAPTAIN
3336,Juwan Johnson,TE,Bijan Robinson / Jahan Dotson / Michael Penix Jr. / Saints / Tyler Shough,48700,48000-48900,3-3,1,98.93,128.99,139.46,161.08,0.0215,1,2,EXACT_OR_NEAR_OPTIMAL
3824,Michael Penix Jr.,QB,Alvin Kamara / Bijan Robinson / Brian Robinson Jr. / Drake London / Falcons,49700,49500-49900,5-1,1,94.03,123.74,134.09,150.7,0.0215,0,2,FORCED_CAPTAIN
3904,Michael Penix Jr.,QB,Bijan Robinson / CJ Donaldson / Daniel Carlson / Drake London / Juwan Johnson,48900,48000-48900,3-3,1,94.78,126.51,139.19,157.82,0.0215,0,2,FORCED_CAPTAIN
4570,Saints,DST,Bijan Robinson / Drake London / Falcons / Juwan Johnson / Tyler Shough,48700,48000-48900,3-3,0,100.18,126.86,133.2,150.5,0.0215,2,1,EXACT_OR_NEAR_OPTIMAL
4969,Tyler Shough,QB,Alvin Kamara / Austin Hooper / Chris Olave / Kyle Pitts Sr. / Michael Penix Jr.,49800,49500-49900,3-3,1,97.41,129.94,141.94,164.29,0.0215,0,1,EXACT_OR_NEAR_OPTIMAL
5002,Tyler Shough,QB,Alvin Kamara / Bijan Robinson / Drake London / Falcons / Jahan Dotson,49800,49500-49900,4-2,0,103.39,130.41,138.6,156.97,0.0215,1,0,EXACT_OR_NEAR_OPTIMAL
5066,Tyler Shough,QB,Alvin Kamara / Daniel Carlson / Devaughn Vele / Drake London / Nick Folk,49400,49000-49400,2-4,1,95.0,124.63,132.82,148.94,0.0215,1,1,EXACT_OR_NEAR_OPTIMAL
5126,Tyler Shough,QB,Austin Hooper / Drake London / Juwan Johnson / Michael Penix Jr. / Nick Folk,49000,49000-49400,4-2,1,97.17,130.98,141.57,161.85,0.0215,0,2,EXACT_OR_NEAR_OPTIMAL
6,Alvin Kamara,RB,Austin Hooper / Bijan Robinson / Chris Olave / Juwan Johnson / Nick Folk,48700,48000-48900,3-3,0,100.33,127.63,137.31,157.27,0.021,1,0,EXACT_OR_NEAR_OPTIMAL
273,Austin Hooper,TE,Bijan Robinson / Devaughn Vele / Juwan Johnson / Michael Penix Jr. / Tyler Shough,49800,49500-49900,3-3,1,96.8,129.35,139.03,160.38,0.021,1,2,EXACT_OR_NEAR_OPTIMAL
711,Bijan Robinson,RB,Daniel Carlson / Falcons / Juwan Johnson / Michael Penix Jr. / Nick Folk,47900,<48000,4-2,0,92.99,121.61,130.68,147.69,0.021,1,1,EXACT_OR_NEAR_OPTIMAL
914,Bryce Lance,WR,Bijan Robinson / Chris Olave / Drake London / Falcons / Tyler Shough,48500,48000-48900,3-3,1,104.13,134.67,144.64,161.16,0.021,0,2,FORCED_CAPTAIN
1100,Cal Adomitis,TE,Alvin Kamara / Bijan Robinson / Chris Olave / Drake London / Michael Penix Jr.,48900,48000-48900,3-3,1,101.97,132.7,143.11,159.81,0.021,0,2,FORCED_CAPTAIN
1108,Cal Adomitis,TE,Alvin Kamara / Bijan Robinson / Chris Olave / Juwan Johnson / Tyler Shough,46900,<48000,1-5,1,104.48,135.8,143.46,171.6,0.021,0,3,FORCED_CAPTAIN
1584,Chris Olave,WR,Alvin Kamara / Drake London / Kyle Pitts Sr. / Michael Penix Jr. / Olamide Zaccheaus,50000,50000,4-2,1,95.79,128.95,139.82,161.19,0.021,1,2,EXACT_OR_NEAR_OPTIMAL
1881,Chris Olave,WR,Devaughn Vele / Falcons / Jahan Dotson / Michael Penix Jr. / Tyler Shough,49200,49000-49400,3-3,1,97.46,130.56,142.06,165.3,0.021,0,1,EXACT_OR_NEAR_OPTIMAL
2052,Daniel Carlson,K,Alvin Kamara / Bijan Robinson / Chris Olave / Devaughn Vele / Saints,48800,48000-48900,1-5,0,95.88,119.84,126.42,140.98,0.021,0,1,FORCED_CAPTAIN
2140,Daniel Carlson,K,Bijan Robinson / Devaughn Vele / Juwan Johnson / Nick Folk / Tyler Shough,49200,49000-49400,2-4,1,96.31,124.52,133.06,149.9,0.021,0,1,FORCED_CAPTAIN
2195,Devaughn Vele,WR,Alvin Kamara / Bijan Robinson / Daniel Carlson / Drake London / Saints,49500,49500-49900,2-4,0,91.73,115.61,125.29,138.66,0.021,0,0,FORCED_CAPTAIN
2208,Devaughn Vele,WR,Alvin Kamara / Bryce Lance / Chris Olave / Michael Penix Jr. / Tyler Shough,49900,49500-49900,1-5,1,96.75,129.95,140.85,161.23,0.021,0,2,FORCED_CAPTAIN
2303,Devaughn Vele,WR,Bryce Lance / Chris Olave / Drake London / Nick Folk / Tyler Shough,49300,49000-49400,2-4,1,95.75,129.23,139.76,159.01,0.021,0,1,EXACT_OR_NEAR_OPTIMAL
2487,Drake London,WR,Alvin Kamara / Devaughn Vele / Falcons / Juwan Johnson / Michael Penix Jr.,49800,49500-49900,3-3,0,92.5,123.93,135.09,156.03,0.021,1,0,EXACT_OR_NEAR_OPTIMAL
2554,Drake London,WR,Austin Hooper / Chris Olave / Jahan Dotson / Juwan Johnson / Michael Penix Jr.,48000,48000-48900,4-2,1,95.76,131.15,142.87,164.63,0.021,0,2,EXACT_OR_NEAR_OPTIMAL
2586,Drake London,WR,Bijan Robinson / Bryce Lance / Devaughn Vele / Michael Penix Jr. / Saints,49600,49500-49900,3-3,1,92.51,123.46,132.53,153.29,0.021,1,1,EXACT_OR_NEAR_OPTIMAL
2623,Drake London,WR,Bijan Robinson / Daniel Carlson / Kendre Miller / Michael Penix Jr. / Saints,49800,49500-49900,3-3,1,90.79,121.2,132.11,151.78,0.021,1,1,EXACT_OR_NEAR_OPTIMAL
2891,Falcons,DST,Chris Olave / Daniel Carlson / Drake London / Michael Penix Jr. / Tyler Shough,49600,49500-49900,3-3,0,100.73,130.59,139.75,159.36,0.021,0,1,FORCED_CAPTAIN
3220,Juwan Johnson,TE,Alvin Kamara / Daniel Carlson / Devaughn Vele / Michael Penix Jr. / Tyler Shough,49300,49000-49400,1-5,1,95.26,127.17,139.63,156.93,0.021,0,2,EXACT_OR_NEAR_OPTIMAL
3298,Juwan Johnson,TE,Bijan Robinson / Bryce Lance / Devaughn Vele / Nick Folk / Tyler Shough,47500,<48000,2-4,1,94.45,127.11,137.49,160.09,0.021,1,1,EXACT_OR_NEAR_OPTIMAL
3418,Juwan Johnson,TE,Drake London / Kyle Pitts Sr. / Michael Penix Jr. / Saints / Tyler Shough,49700,49500-49900,3-3,1,93.98,126.29,139.17,159.0,0.021,0,2,EXACT_OR_NEAR_OPTIMAL
3842,Michael Penix Jr.,QB,Alvin Kamara / Cal Adomitis / Chris Olave / Juwan Johnson / Tyler Shough,48500,48000-48900,1-5,1,101.58,136.14,146.17,169.58,0.021,0,3,FORCED_CAPTAIN
3898,Michael Penix Jr.,QB,Bijan Robinson / Bryce Lance / Chris Olave / Treyton Welch / Tyler Shough,47700,<48000,2-4,1,101.94,133.81,145.86,164.72,0.021,0,2,FORCED_CAPTAIN
3899,Michael Penix Jr.,QB,Bijan Robinson / Bryce Lance / Chris Olave / Tyler Shough / Zachariah Branch,49900,49500-49900,3-3,1,101.05,133.83,145.48,162.53,0.021,0,2,FORCED_CAPTAIN
3956,Michael Penix Jr.,QB,Chris Olave / Devaughn Vele / Drake London / Juwan Johnson / Treyton Welch,49700,49500-49900,2-4,0,98.22,131.51,143.83,165.71,0.021,0,1,FORCED_CAPTAIN
5247,Tyler Shough,QB,Chris Olave / Devaughn Vele / Falcons / Michael Penix Jr. / Saints,49800,49500-49900,2-4,1,98.05,128.54,139.0,158.62,0.021,0,1,EXACT_OR_NEAR_OPTIMAL
5293,Tyler Shough,QB,Drake London / Jahan Dotson / Juwan Johnson / Michael Penix Jr. / Saints,48000,48000-48900,3-3,1,96.15,128.32,139.79,161.48,0.021,1,2,EXACT_OR_NEAR_OPTIMAL
162,Alvin Kamara,RB,Daniel Carlson / Drake London / Juwan Johnson / Saints / Tyler Shough,46500,<48000,1-5,1,94.16,122.72,131.5,147.35,0.0205,0,2,EXACT_OR_NEAR_OPTIMAL
519,Bijan Robinson,RB,Alvin Kamara / Daniel Carlson / Devaughn Vele / Olamide Zaccheaus / Tyler Shough,48900,48000-48900,2-4,1,97.16,124.9,132.86,151.61,0.0205,1,2,EXACT_OR_NEAR_OPTIMAL
578,Bijan Robinson,RB,Austin Hooper / Daniel Carlson / Devaughn Vele / Juwan Johnson / Michael Penix Jr.,49500,49500-49900,3-3,1,94.14,124.04,134.76,157.14,0.0205,2,2,EXACT_OR_NEAR_OPTIMAL
606,Bijan Robinson,RB,Brian Robinson Jr. / Daniel Carlson / Drake London / Falcons / Juwan Johnson,47300,<48000,4-2,0,94.46,122.69,132.8,151.35,0.0205,1,1,EXACT_OR_NEAR_OPTIMAL
609,Bijan Robinson,RB,Brian Robinson Jr. / Devaughn Vele / Drake London / Treyton Welch / Tyler Shough,49100,49000-49400,3-3,1,99.38,129.19,139.2,158.14,0.0205,1,2,EXACT_OR_NEAR_OPTIMAL
629,Bijan Robinson,RB,Bryce Lance / Devaughn Vele / Falcons / Michael Penix Jr. / Tyler Shough,49500,49500-49900,3-3,1,96.55,126.48,136.04,153.25,0.0205,1,2,EXACT_OR_NEAR_OPTIMAL
773,Brian Robinson Jr.,RB,Austin Hooper / Bijan Robinson / Chris Olave / Juwan Johnson / Tyler Shough,48100,48000-48900,3-3,1,101.32,133.66,143.73,164.78,0.0205,0,2,FORCED_CAPTAIN
808,Brian Robinson Jr.,RB,Bijan Robinson / Chris Olave / Jahan Dotson / Michael Penix Jr. / Tyler Shough,49900,49500-49900,4-2,1,101.36,133.05,143.95,163.02,0.0205,1,2,EXACT_OR_NEAR_OPTIMAL
995,CJ Donaldson,RB,Alvin Kamara / Bijan Robinson / Chris Olave / Juwan Johnson / Tyler Shough,48700,48000-48900,1-5,1,104.69,135.95,143.87,170.14,0.0205,0,3,EXACT_OR_NEAR_OPTIMAL
1715,Chris Olave,WR,Bijan Robinson / Daniel Carlson / Falcons / Nick Folk / Saints,46000,<48000,3-3,0,93.4,120.0,126.21,140.67,0.0205,1,0,EXACT_OR_NEAR_OPTIMAL
1727,Chris Olave,WR,Bijan Robinson / Devaughn Vele / Falcons / Juwan Johnson / Zachariah Branch,49200,49000-49400,3-3,0,98.27,128.09,139.29,156.38,0.0205,1,0,EXACT_OR_NEAR_OPTIMAL
2280,Devaughn Vele,WR,Bijan Robinson / Chris Olave / Kevin Austin Jr. / Saints / Tyler Shough,48900,48000-48900,1-5,1,98.15,127.59,138.83,160.76,0.0205,0,2,FORCED_CAPTAIN
2322,Devaughn Vele,WR,Chris Olave / Falcons / Juwan Johnson / Nick Folk / Tyler Shough,48500,48000-48900,2-4,1,94.45,127.33,138.16,159.8,0.0205,0,1,FORCED_CAPTAIN
2375,Drake London,WR,Alvin Kamara / Bijan Robinson / Cal Adomitis / Michael Penix Jr. / Saints,47200,<48000,3-3,1,92.73,122.62,132.68,153.4,0.0205,1,1,EXACT_OR_NEAR_OPTIMAL
2405,Drake London,WR,Alvin Kamara / Brian Robinson Jr. / Devaughn Vele / Juwan Johnson / Michael Penix Jr.,50000,50000,3-3,1,91.79,124.42,135.47,156.68,0.0205,0,2,EXACT_OR_NEAR_OPTIMAL
2449,Drake London,WR,Alvin Kamara / Chris Olave / Falcons / Michael Penix Jr. / Olamide Zaccheaus,47400,<48000,4-2,1,93.48,125.37,136.96,156.76,0.0205,0,1,EXACT_OR_NEAR_OPTIMAL
2504,Drake London,WR,Alvin Kamara / Devaughn Vele / Nick Folk / Saints / Tyler Shough,49000,49000-49400,2-4,1,92.11,121.7,130.17,146.07,0.0205,0,1,EXACT_OR_NEAR_OPTIMAL
2643,Drake London,WR,Brian Robinson Jr. / Daniel Carlson / Devaughn Vele / Michael Penix Jr. / Tyler Shough,50000,50000,3-3,1,92.7,126.05,137.55,159.07,0.0205,0,2,EXACT_OR_NEAR_OPTIMAL
2774,Drake London,WR,Jahan Dotson / Juwan Johnson / Kyle Pitts Sr. / Michael Penix Jr. / Tyler Shough,49800,49500-49900,4-2,1,93.76,129.56,142.07,161.7,0.0205,0,2,EXACT_OR_NEAR_OPTIMAL
2854,Falcons,DST,Bijan Robinson / Chris Olave / Devaughn Vele / Juwan Johnson / Nick Folk,48600,48000-48900,3-3,0,95.55,122.39,130.6,150.12,0.0205,1,0,EXACT_OR_NEAR_OPTIMAL
2890,Falcons,DST,Chris Olave / Daniel Carlson / Drake London / Juwan Johnson / Tyler Shough,48000,48000-48900,2-4,1,101.19,130.39,140.07,160.08,0.0205,0,2,FORCED_CAPTAIN
3063,Jahan Dotson,WR,Alvin Kamara / Chris Olave / Juwan Johnson / Michael Penix Jr. / Tyler Shough,48300,48000-48900,2-4,1,99.79,132.67,143.96,166.14,0.0205,0,2,FORCED_CAPTAIN
3071,Jahan Dotson,WR,Austin Hooper / Bijan Robinson / Chris Olave / Michael Penix Jr. / Tyler Shough,48500,48000-48900,4-2,1,99.86,132.44,142.75,162.08,0.0205,0,2,FORCED_CAPTAIN
3206,Juwan Johnson,TE,Alvin Kamara / Chris Olave / Devaughn Vele / Tyler Shough / Zachariah Branch,48700,48000-48900,1-5,1,97.71,131.81,143.68,170.54,0.0205,1,2,EXACT_OR_NEAR_OPTIMAL
3280,Juwan Johnson,TE,Austin Hooper / Daniel Carlson / Drake London / Michael Penix Jr. / Tyler Shough,47300,<48000,3-3,1,94.41,127.32,140.28,162.26,0.0205,0,2,EXACT_OR_NEAR_OPTIMAL
3384,Juwan Johnson,TE,Chris Olave / Falcons / Michael Penix Jr. / Saints / Tyler Shough,48300,48000-48900,2-4,1,99.91,130.36,141.87,169.14,0.0205,0,2,EXACT_OR_NEAR_OPTIMAL
3950,Michael Penix Jr.,QB,Cal Adomitis / Chris Olave / Devaughn Vele / Juwan Johnson / Tyler Shough,49300,49000-49400,1-5,1,98.97,132.9,145.78,169.33,0.0205,0,3,FORCED_CAPTAIN
4005,Nick Folk,K,Alvin Kamara / Bijan Robinson / Drake London / Falcons / Michael Penix Jr.,49500,49500-49900,5-1,1,93.43,120.57,128.96,143.51,0.0205,3,2,EXACT_OR_NEAR_OPTIMAL
4093,Nick Folk,K,Chris Olave / Devaughn Vele / Drake London / Falcons / Tyler Shough,49900,49500-49900,3-3,1,97.11,127.47,135.17,154.87,0.0205,0,1,EXACT_OR_NEAR_OPTIMAL
4318,Olamide Zaccheaus,WR,Bijan Robinson / Chris Olave / Michael Penix Jr. / Nick Folk / Tyler Shough,49600,49500-49900,4-2,1,101.47,132.42,142.15,160.25,0.0205,0,2,FORCED_CAPTAIN
4541,Saints,DST,Bijan Robinson / Chris Olave / Daniel Carlson / Drake London / Nick Folk,49100,49000-49400,3-3,0,98.44,123.16,129.26,144.59,0.0205,1,0,EXACT_OR_NEAR_OPTIMAL
4585,Saints,DST,Chris Olave / Devaughn Vele / Drake London / Nick Folk / Tyler Shough,49900,49500-49900,2-4,1,97.28,126.57,136.2,152.89,0.0205,0,1,FORCED_CAPTAIN
5135,Tyler Shough,QB,Bijan Robinson / Brian Robinson Jr. / Chris Olave / Falcons / Saints,48600,48000-48900,3-3,0,102.37,130.49,139.25,162.19,0.0205,1,0,EXACT_OR_NEAR_OPTIMAL
44,Alvin Kamara,RB,Bijan Robinson / Cal Adomitis / Devaughn Vele / Drake London / Michael Penix Jr.,49300,49000-49400,3-3,1,94.03,123.15,133.86,147.3,0.02,1,1,EXACT_OR_NEAR_OPTIMAL
66,Alvin Kamara,RB,Bijan Robinson / Chris Olave / Michael Penix Jr. / Nick Folk / Olamide Zaccheaus,49500,49500-49900,4-2,1,98.55,125.84,134.5,154.94,0.02,1,1,EXACT_OR_NEAR_OPTIMAL
215,Austin Hooper,TE,Alvin Kamara / Chris Olave / Devaughn Vele / Drake London / Tyler Shough,49400,49000-49400,2-4,1,98.7,130.83,141.88,158.75,0.02,0,1,FORCED_CAPTAIN
319,Barion Brown,WR,Alvin Kamara / Bijan Robinson / Chris Olave / Juwan Johnson / Tyler Shough,48400,48000-48900,1-5,1,104.36,135.3,143.92,170.28,0.02,0,3,EXACT_OR_NEAR_OPTIMAL
444,Bijan Robinson,RB,Alvin Kamara / Austin Hooper / Drake London / Michael Penix Jr. / Treyton Welch,46700,<48000,4-2,1,94.14,125.82,135.17,153.93,0.02,1,2,EXACT_OR_NEAR_OPTIMAL
746,Brian Robinson Jr.,RB,Alvin Kamara / Bijan Robinson / Chris Olave / Saints / Tyler Shough,49100,49000-49400,2-4,1,101.78,128.86,136.82,156.9,0.02,0,1,FORCED_CAPTAIN
799,Brian Robinson Jr.,RB,Bijan Robinson / Chris Olave / Drake London / Juwan Johnson / Saints,49900,49500-49900,3-3,0,102.1,129.46,140.28,155.42,0.02,2,1,EXACT_OR_NEAR_OPTIMAL
830,Brian Robinson Jr.,RB,Chris Olave / Daniel Carlson / Drake London / Juwan Johnson / Tyler Shough,48300,48000-48900,2-4,1,100.13,131.38,142.4,161.26,0.02,0,2,FORCED_CAPTAIN
935,Bryce Lance,WR,Bijan Robinson / Chris Olave / Michael Penix Jr. / Nick Folk / Tyler Shough,49300,49000-49400,3-3,1,101.95,133.92,143.48,163.37,0.02,0,2,FORCED_CAPTAIN
1345,Chris Blair,WR,Alvin Kamara / Bijan Robinson / Chris Olave / Michael Penix Jr. / Tyler Shough,49700,49500-49900,3-3,1,103.68,134.39,143.85,164.18,0.02,0,2,EXACT_OR_NEAR_OPTIMAL
1568,Chris Olave,WR,Alvin Kamara / Devaughn Vele / Drake London / Falcons / Nick Folk,50000,50000,3-3,0,97.37,127.15,134.36,154.19,0.02,0,1,EXACT_OR_NEAR_OPTIMAL
1594,Chris Olave,WR,Alvin Kamara / Falcons / Nick Folk / Saints / Tyler Shough,46000,<48000,2-4,1,94.85,123.88,132.17,156.8,0.02,0,1,EXACT_OR_NEAR_OPTIMAL
1909,Chris Olave,WR,Drake London / Juwan Johnson / Michael Penix Jr. / Nick Folk / Treyton Welch,48200,48000-48900,3-3,0,100.25,133.57,145.13,165.8,0.02,1,1,EXACT_OR_NEAR_OPTIMAL
2166,Daniel Carlson,K,Chris Olave / Drake London / Juwan Johnson / Kendre Miller / Tyler Shough,50000,50000,1-5,1,100.69,131.93,143.3,161.79,0.02,0,4,FORCED_CAPTAIN
2213,Devaughn Vele,WR,Alvin Kamara / Chris Olave / Daniel Carlson / Nick Folk / Tyler Shough,49300,49000-49400,1-5,1,94.9,125.43,135.19,153.5,0.02,0,2,FORCED_CAPTAIN
2388,Drake London,WR,Alvin Kamara / Bijan Robinson / Falcons / Michael Penix Jr. / Zachariah Branch,48800,48000-48900,5-1,1,92.19,123.47,133.45,152.28,0.02,1,2,EXACT_OR_NEAR_OPTIMAL
2481,Drake London,WR,Alvin Kamara / Daniel Carlson / Juwan Johnson / Michael Penix Jr. / Saints,47400,<48000,2-4,0,90.75,121.02,132.49,150.51,0.02,0,0,EXACT_OR_NEAR_OPTIMAL
2533,Drake London,WR,Alvin Kamara / Kendre Miller / Michael Penix Jr. / Saints / Tyler Shough,49800,49500-49900,2-4,1,92.25,124.6,135.22,154.6,0.02,0,1,EXACT_OR_NEAR_OPTIMAL
2565,Drake London,WR,Austin Hooper / Jahan Dotson / Juwan Johnson / Michael Penix Jr. / Tyler Shough,46800,<48000,4-2,1,92.31,128.29,138.61,162.03,0.02,0,2,EXACT_OR_NEAR_OPTIMAL
2827,Falcons,DST,Austin Hooper / Bijan Robinson / Chris Olave / Michael Penix Jr. / Tyler Shough,49400,49000-49400,4-2,1,101.92,130.61,140.55,160.95,0.02,1,2,EXACT_OR_NEAR_OPTIMAL
2882,Falcons,DST,Bijan Robinson / Drake London / Juwan Johnson / Michael Penix Jr. / Nick Folk,49000,49000-49400,5-1,1,94.56,122.75,131.99,147.94,0.02,0,3,FORCED_CAPTAIN
2899,Falcons,DST,Chris Olave / Drake London / Juwan Johnson / Saints / Tyler Shough,47400,<48000,2-4,1,99.32,127.81,138.27,159.06,0.02,0,2,FORCED_CAPTAIN
3278,Juwan Johnson,TE,Austin Hooper / Chris Olave / Kyle Pitts Sr. / Michael Penix Jr. / Tyler Shough,49100,49000-49400,3-3,1,96.65,131.89,145.3,168.0,0.02,0,2,EXACT_OR_NEAR_OPTIMAL
3823,Michael Penix Jr.,QB,Alvin Kamara / Bijan Robinson / Brian Robinson Jr. / Chris Olave / Jahan Dotson,49900,49500-49900,4-2,1,98.14,127.2,137.77,156.65,0.02,0,1,FORCED_CAPTAIN
3829,Michael Penix Jr.,QB,Alvin Kamara / Bijan Robinson / Daniel Carlson / Drake London / Kevin Austin Jr.,47900,<48000,3-3,1,92.71,124.2,132.94,150.32,0.02,1,1,EXACT_OR_NEAR_OPTIMAL
3902,Michael Penix Jr.,QB,Bijan Robinson / Bryce Lance / Drake London / Olamide Zaccheaus / Tyler Shough,48700,48000-48900,4-2,1,97.24,129.99,141.2,161.83,0.02,0,2,FORCED_CAPTAIN
3913,Michael Penix Jr.,QB,Bijan Robinson / Charlie Woerner / Drake London / Saints / Tyler Shough,49700,49500-49900,4-2,1,99.0,129.53,138.95,157.21,0.02,0,2,FORCED_CAPTAIN
3977,Michael Penix Jr.,QB,Devaughn Vele / Drake London / Juwan Johnson / Treyton Welch / Tyler Shough,48500,48000-48900,2-4,1,94.76,128.88,141.91,164.38,0.02,0,2,FORCED_CAPTAIN
4002,Nick Folk,K,Alvin Kamara / Bijan Robinson / Daniel Carlson / Drake London / Juwan Johnson,49100,49000-49400,3-3,0,96.71,123.32,130.67,144.47,0.02,0,0,FORCED_CAPTAIN
4037,Nick Folk,K,Austin Hooper / Chris Olave / Drake London / Juwan Johnson / Tyler Shough,48700,48000-48900,3-3,1,100.19,132.2,144.24,162.09,0.02,0,2,FORCED_CAPTAIN
4090,Nick Folk,K,Bryce Lance / Chris Olave / Drake London / Michael Penix Jr. / Tyler Shough,49300,49000-49400,3-3,1,98.73,131.56,141.38,162.9,0.02,0,2,FORCED_CAPTAIN
4474,Saints,DST,Alvin Kamara / Bijan Robinson / Brian Robinson Jr. / Chris Olave / Drake London,49700,49500-49900,3-3,0,100.57,125.72,133.44,145.79,0.02,0,0,FORCED_CAPTAIN
4479,Saints,DST,Alvin Kamara / Bijan Robinson / Chris Olave / Daniel Carlson / Devaughn Vele,48500,48000-48900,1-5,0,94.94,117.75,124.34,138.17,0.02,0,1,FORCED_CAPTAIN
4543,Saints,DST,Bijan Robinson / Chris Olave / Daniel Carlson / Nick Folk / Tyler Shough,48700,48000-48900,2-4,0,100.48,125.69,133.15,150.27,0.02,0,0,FORCED_CAPTAIN
4747,Treyton Welch,TE,Alvin Kamara / Bijan Robinson / Drake London / Michael Penix Jr. / Tyler Shough,47700,<48000,3-3,1,100.45,130.68,140.93,156.53,0.02,0,2,FORCED_CAPTAIN
5003,Tyler Shough,QB,Alvin Kamara / Bijan Robinson / Drake London / Saints / Treyton Welch,47600,<48000,2-4,1,101.72,128.71,137.21,155.73,0.02,1,1,EXACT_OR_NEAR_OPTIMAL
5093,Tyler Shough,QB,Alvin Kamara / Drake London / Juwan Johnson / Kyle Pitts Sr. / Nick Folk,50000,50000,3-3,1,96.73,127.75,139.02,154.87,0.02,0,2,EXACT_OR_NEAR_OPTIMAL
5241,Tyler Shough,QB,Chris Olave / Devaughn Vele / Drake London / Kyle Pitts Sr. / Treyton Welch,49000,49000-49400,2-4,1,97.34,131.5,142.17,166.58,0.02,1,1,EXACT_OR_NEAR_OPTIMAL
5252,Tyler Shough,QB,Chris Olave / Devaughn Vele / Juwan Johnson / Nick Folk / Zachariah Branch,48200,48000-48900,2-4,1,95.16,130.72,142.15,165.79,0.02,0,1,EXACT_OR_NEAR_OPTIMAL
30,Alvin Kamara,RB,Bijan Robinson / Brian Robinson Jr. / Drake London / Falcons / Michael Penix Jr.,48700,48000-48900,5-1,1,93.09,121.04,130.16,145.59,0.0195,0,2,FORCED_CAPTAIN
192,Austin Hooper,TE,Alvin Kamara / Bijan Robinson / Chris Olave / Daniel Carlson / Tyler Shough,48200,48000-48900,2-4,1,101.89,130.25,138.67,157.71,0.0195,0,1,FORCED_CAPTAIN
227,Austin Hooper,TE,Bijan Robinson / Brian Robinson Jr. / Chris Olave / Drake London / Michael Penix Jr.,49600,49500-49900,5-1,1,98.22,129.08,140.48,158.78,0.0195,0,3,FORCED_CAPTAIN
265,Austin Hooper,TE,Bijan Robinson / Chris Olave / Juwan Johnson / Saints / Tyler Shough,48000,48000-48900,2-4,1,102.38,133.11,141.79,163.96,0.0195,0,2,FORCED_CAPTAIN
673,Bijan Robinson,RB,Chris Olave / Daniel Carlson / Jahan Dotson / Treyton Welch / Tyler Shough,46100,<48000,2-4,1,101.52,131.49,141.84,159.55,0.0195,1,2,EXACT_OR_NEAR_OPTIMAL
788,Brian Robinson Jr.,RB,Bijan Robinson / Chris Olave / Daniel Carlson / Juwan Johnson / Michael Penix Jr.,49500,49500-49900,3-3,1,99.33,128.15,139.25,155.7,0.0195,0,2,FORCED_CAPTAIN
866,Bryce Lance,WR,Alvin Kamara / Bijan Robinson / Chris Olave / Nick Folk / Tyler Shough,47300,<48000,2-4,1,100.06,128.99,138.19,159.74,0.0195,0,1,FORCED_CAPTAIN
894,Bryce Lance,WR,Bijan Robinson / Brian Robinson Jr. / Chris Olave / Drake London / Tyler Shough,48700,48000-48900,3-3,1,103.42,134.76,145.59,165.21,0.0195,0,2,FORCED_CAPTAIN
1196,Cal Adomitis,TE,Bijan Robinson / Drake London / Juwan Johnson / Michael Penix Jr. / Tyler Shough,48100,48000-48900,3-3,1,100.88,132.99,143.68,165.17,0.0195,0,3,FORCED_CAPTAIN
1310,Charlie Woerner,TE,Bijan Robinson / Drake London / Juwan Johnson / Michael Penix Jr. / Tyler Shough,48700,48000-48900,4-2,1,100.9,133.12,143.32,165.25,0.0195,0,3,FORCED_CAPTAIN
1581,Chris Olave,WR,Alvin Kamara / Drake London / Jahan Dotson / Juwan Johnson / Nick Folk,49000,49000-49400,3-3,0,100.97,131.61,144.33,159.82,0.0195,1,0,EXACT_OR_NEAR_OPTIMAL
1607,Chris Olave,WR,Austin Hooper / Bijan Robinson / Brian Robinson Jr. / Daniel Carlson / Michael Penix Jr.,48400,48000-48900,4-2,1,97.4,128.32,138.09,156.65,0.0195,1,1,EXACT_OR_NEAR_OPTIMAL
1877,Chris Olave,WR,Devaughn Vele / Drake London / Kendre Miller / Kevin Austin Jr. / Tyler Shough,49400,49000-49400,1-5,1,96.74,132.47,141.71,168.32,0.0195,1,2,EXACT_OR_NEAR_OPTIMAL
2268,Devaughn Vele,WR,Bijan Robinson / Cal Adomitis / Juwan Johnson / Michael Penix Jr. / Tyler Shough,49700,49500-49900,2-4,1,97.11,129.24,140.85,161.98,0.0195,1,2,EXACT_OR_NEAR_OPTIMAL
2275,Devaughn Vele,WR,Bijan Robinson / Chris Olave / Falcons / Juwan Johnson / Saints,49500,49500-49900,2-4,0,96.77,123.51,132.05,151.44,0.0195,1,0,EXACT_OR_NEAR_OPTIMAL
2285,Devaughn Vele,WR,Bijan Robinson / Daniel Carlson / Drake London / Olamide Zaccheaus / Tyler Shough,49900,49500-49900,3-3,0,96.17,125.3,133.87,155.16,0.0195,0,0,FORCED_CAPTAIN
2304,Devaughn Vele,WR,Bryce Lance / Drake London / Juwan Johnson / Michael Penix Jr. / Tyler Shough,49500,49500-49900,2-4,1,93.62,127.78,140.56,163.18,0.0195,1,2,EXACT_OR_NEAR_OPTIMAL
2323,Devaughn Vele,WR,Chris Olave / Falcons / Juwan Johnson / Saints / Tyler Shough,47300,<48000,1-5,1,92.92,123.81,135.36,157.61,0.0195,0,2,FORCED_CAPTAIN
2511,Drake London,WR,Alvin Kamara / Falcons / Juwan Johnson / Nick Folk / Tyler Shough,48000,48000-48900,3-3,1,96.15,125.96,134.45,152.03,0.0195,0,1,EXACT_OR_NEAR_OPTIMAL
2521,Drake London,WR,Alvin Kamara / Jahan Dotson / Michael Penix Jr. / Saints / Tyler Shough,47800,<48000,3-3,1,92.78,125.17,135.75,154.72,0.0195,1,1,EXACT_OR_NEAR_OPTIMAL
2527,Drake London,WR,Alvin Kamara / Juwan Johnson / Kyle Pitts Sr. / Saints / Tyler Shough,49000,49000-49400,2-4,1,94.19,125.11,135.82,152.99,0.0195,0,1,EXACT_OR_NEAR_OPTIMAL
2885,Falcons,DST,Bijan Robinson / Drake London / Juwan Johnson / Saints / Tyler Shough,48400,48000-48900,3-3,0,99.72,125.89,133.36,150.21,0.0195,0,1,FORCED_CAPTAIN
2900,Falcons,DST,Chris Olave / Drake London / Michael Penix Jr. / Saints / Tyler Shough,49000,49000-49400,3-3,0,98.86,128.29,137.01,155.68,0.0195,0,1,EXACT_OR_NEAR_OPTIMAL
3069,Jahan Dotson,WR,Austin Hooper / Bijan Robinson / Chris Olave / Drake London / Tyler Shough,49500,49500-49900,4-2,0,104.5,134.97,146.1,165.04,0.0195,0,1,FORCED_CAPTAIN
3081,Jahan Dotson,WR,Bijan Robinson / Bryce Lance / Chris Olave / Drake London / Tyler Shough,48500,48000-48900,3-3,1,103.51,133.87,145.76,163.7,0.0195,0,2,FORCED_CAPTAIN
3137,Jahan Dotson,WR,Chris Olave / Drake London / Michael Penix Jr. / Nick Folk / Tyler Shough,49300,49000-49400,4-2,1,98.32,131.03,141.27,164.97,0.0195,0,2,FORCED_CAPTAIN
3833,Michael Penix Jr.,QB,Alvin Kamara / Bijan Robinson / Drake London / Nick Folk / Olamide Zaccheaus,49700,49500-49900,5-1,1,94.01,125.37,135.55,149.55,0.0195,1,2,EXACT_OR_NEAR_OPTIMAL
3951,Michael Penix Jr.,QB,Cal Adomitis / Chris Olave / Drake London / Kyle Pitts Sr. / Tyler Shough,49900,49500-49900,3-3,1,97.21,132.33,143.74,166.16,0.0195,0,2,FORCED_CAPTAIN
4014,Nick Folk,K,Alvin Kamara / Chris Olave / Daniel Carlson / Drake London / Michael Penix Jr.,49700,49500-49900,3-3,0,95.85,124.66,133.81,149.47,0.0195,0,0,FORCED_CAPTAIN
5015,Tyler Shough,QB,Alvin Kamara / Brian Robinson Jr. / Devaughn Vele / Juwan Johnson / Michael Penix Jr.,49400,49000-49400,2-4,1,94.84,128.93,139.75,157.45,0.0195,0,1,EXACT_OR_NEAR_OPTIMAL
5039,Tyler Shough,QB,Alvin Kamara / Chris Olave / Daniel Carlson / Devaughn Vele / Falcons,48400,48000-48900,1-5,1,98.03,127.23,136.89,157.14,0.0195,0,2,EXACT_OR_NEAR_OPTIMAL
5094,Tyler Shough,QB,Alvin Kamara / Drake London / Juwan Johnson / Kyle Pitts Sr. / Saints,48800,48000-48900,2-4,1,95.21,125.83,135.25,155.69,0.0195,0,1,EXACT_OR_NEAR_OPTIMAL
5296,Tyler Shough,QB,Drake London / Juwan Johnson / Michael Penix Jr. / Nick Folk / Olamide Zaccheaus,48200,48000-48900,4-2,1,95.86,128.43,140.55,162.14,0.0195,0,2,EXACT_OR_NEAR_OPTIMAL
134,Alvin Kamara,RB,Chris Olave / Drake London / Falcons / Michael Penix Jr. / Nick Folk,49300,49000-49400,4-2,0,95.86,124.41,132.7,149.73,0.019,0,0,EXACT_OR_NEAR_OPTIMAL
141,Alvin Kamara,RB,Chris Olave / Falcons / Juwan Johnson / Nick Folk / Tyler Shough,47300,<48000,2-4,1,98.37,127.02,136.56,160.46,0.019,0,1,FORCED_CAPTAIN
409,Barion Brown,WR,Bijan Robinson / Drake London / Juwan Johnson / Michael Penix Jr. / Tyler Shough,49600,49500-49900,3-3,1,100.76,132.89,143.36,163.9,0.019,0,3,EXACT_OR_NEAR_OPTIMAL
459,Bijan Robinson,RB,Alvin Kamara / Brian Robinson Jr. / Chris Olave / Daniel Carlson / Kyle Pitts Sr.,49900,49500-49900,3-3,0,97.16,124.12,132.61,150.93,0.019,1,1,EXACT_OR_NEAR_OPTIMAL
497,Bijan Robinson,RB,Alvin Kamara / Chris Olave / Daniel Carlson / Falcons / Jahan Dotson,46900,<48000,3-3,0,96.93,123.83,130.9,147.01,0.019,1,1,EXACT_OR_NEAR_OPTIMAL
793,Brian Robinson Jr.,RB,Bijan Robinson / Chris Olave / Devaughn Vele / Falcons / Tyler Shough,49300,49000-49400,3-3,1,98.23,127.86,136.4,157.52,0.019,0,1,FORCED_CAPTAIN
845,Brian Robinson Jr.,RB,Chris Olave / Drake London / Juwan Johnson / Nick Folk / Tyler Shough,48900,48000-48900,3-3,1,99.78,132.06,143.65,161.43,0.019,0,2,FORCED_CAPTAIN
920,Bryce Lance,WR,Bijan Robinson / Chris Olave / Drake London / Michael Penix Jr. / Nick Folk,49700,49500-49900,4-2,1,99.91,130.58,140.22,158.25,0.019,0,2,FORCED_CAPTAIN
960,Bryce Lance,WR,Chris Olave / Devaughn Vele / Drake London / Juwan Johnson / Tyler Shough,48300,48000-48900,1-5,1,99.57,134.62,146.95,167.44,0.019,0,3,FORCED_CAPTAIN
1721,Chris Olave,WR,Bijan Robinson / Daniel Carlson / Kyle Pitts Sr. / Michael Penix Jr. / Olamide Zaccheaus,49600,49500-49900,4-2,1,96.37,127.29,137.29,157.89,0.019,1,1,EXACT_OR_NEAR_OPTIMAL
2070,Daniel Carlson,K,Alvin Kamara / Bijan Robinson / Drake London / Kendre Miller / Michael Penix Jr.,50000,50000,3-3,1,92.04,121.02,130.03,148.04,0.019,0,2,FORCED_CAPTAIN
2118,Daniel Carlson,K,Bijan Robinson / Chris Olave / Drake London / Juwan Johnson / Zachariah Branch,49600,49500-49900,3-3,0,101.57,130.84,141.06,156.48,0.019,0,1,FORCED_CAPTAIN
2276,Devaughn Vele,WR,Bijan Robinson / Chris Olave / Falcons / Kevin Austin Jr. / Tyler Shough,48300,48000-48900,2-4,1,97.21,127.32,138.16,159.3,0.019,0,1,FORCED_CAPTAIN
2298,Devaughn Vele,WR,Brian Robinson Jr. / Chris Olave / Juwan Johnson / Saints / Tyler Shough,47500,<48000,1-5,1,92.21,124.44,135.85,159.69,0.019,0,2,FORCED_CAPTAIN
2305,Devaughn Vele,WR,CJ Donaldson / Chris Olave / Juwan Johnson / Michael Penix Jr. / Tyler Shough,49900,49500-49900,1-5,1,96.86,131.43,144.18,166.69,0.019,0,3,FORCED_CAPTAIN
2319,Devaughn Vele,WR,Chris Olave / Drake London / Nick Folk / Treyton Welch / Tyler Shough,47700,<48000,2-4,1,94.64,127.06,137.72,156.64,0.019,1,1,EXACT_OR_NEAR_OPTIMAL
2360,Drake London,WR,Alvin Kamara / Austin Hooper / Michael Penix Jr. / Saints / Tyler Shough,47600,<48000,3-3,1,92.27,125.11,134.68,154.4,0.019,0,1,EXACT_OR_NEAR_OPTIMAL
2384,Drake London,WR,Alvin Kamara / Bijan Robinson / Falcons / Juwan Johnson / Kendre Miller,49800,49500-49900,3-3,0,95.62,123.44,133.36,149.46,0.019,1,0,EXACT_OR_NEAR_OPTIMAL
2396,Drake London,WR,Alvin Kamara / Brian Robinson Jr. / Chris Olave / Jahan Dotson / Michael Penix Jr.,48600,48000-48900,4-2,1,94.58,127.77,140.19,159.41,0.019,1,1,EXACT_OR_NEAR_OPTIMAL
2414,Drake London,WR,Alvin Kamara / Brian Robinson Jr. / Juwan Johnson / Nick Folk / Tyler Shough,48200,48000-48900,3-3,1,95.43,126.41,136.16,155.11,0.019,0,1,EXACT_OR_NEAR_OPTIMAL
2613,Drake London,WR,Bijan Robinson / Daniel Carlson / Falcons / Juwan Johnson / Nick Folk,48000,48000-48900,4-2,0,94.69,122.75,131.89,148.02,0.019,1,0,EXACT_OR_NEAR_OPTIMAL
2709,Drake London,WR,Chris Olave / Devaughn Vele / Falcons / Juwan Johnson / Saints,48800,48000-48900,2-4,0,95.46,125.53,134.98,154.63,0.019,0,0,EXACT_OR_NEAR_OPTIMAL
2829,Falcons,DST,Bijan Robinson / Brian Robinson Jr. / Chris Olave / Devaughn Vele / Drake London,49600,49500-49900,4-2,0,96.55,124.32,132.82,150.9,0.019,0,0,FORCED_CAPTAIN
2874,Falcons,DST,Bijan Robinson / Daniel Carlson / Drake London / Juwan Johnson / Tyler Shough,49000,49000-49400,3-3,0,101.59,128.45,137.34,152.7,0.019,0,1,FORCED_CAPTAIN
2895,Falcons,DST,Chris Olave / Devaughn Vele / Juwan Johnson / Michael Penix Jr. / Tyler Shough,50000,50000,2-4,1,99.24,129.4,141.99,162.0,0.019,0,3,FORCED_CAPTAIN
3091,Jahan Dotson,WR,Bijan Robinson / Chris Olave / Devaughn Vele / Nick Folk / Tyler Shough,49900,49500-49900,3-3,1,99.7,130.55,139.07,158.5,0.019,1,1,EXACT_OR_NEAR_OPTIMAL
3309,Juwan Johnson,TE,Bijan Robinson / Chris Olave / Daniel Carlson / Michael Penix Jr. / Zachariah Branch,49900,49500-49900,3-3,1,100.75,131.49,142.46,161.3,0.019,1,2,EXACT_OR_NEAR_OPTIMAL
3328,Juwan Johnson,TE,Bijan Robinson / Devaughn Vele / Drake London / Falcons / Nick Folk,49700,49500-49900,4-2,0,95.29,123.4,132.65,150.7,0.019,0,0,FORCED_CAPTAIN
4478,Saints,DST,Alvin Kamara / Bijan Robinson / Bryce Lance / Chris Olave / Tyler Shough,47300,<48000,1-5,1,100.44,127.41,136.54,156.19,0.019,0,2,FORCED_CAPTAIN
5290,Tyler Shough,QB,Drake London / Falcons / Juwan Johnson / Michael Penix Jr. / Nick Folk,49800,49500-49900,4-2,0,99.05,130.0,139.95,159.3,0.019,0,1,EXACT_OR_NEAR_OPTIMAL
24,Alvin Kamara,RB,Austin Hooper / Devaughn Vele / Drake London / Michael Penix Jr. / Tyler Shough,49700,49500-49900,3-3,1,93.56,125.93,136.12,154.62,0.0185,3,1,EXACT_OR_NEAR_OPTIMAL
62,Alvin Kamara,RB,Bijan Robinson / Chris Olave / Juwan Johnson / Kendre Miller / Saints,49700,49500-49900,1-5,0,98.78,123.4,131.93,152.63,0.0185,1,1,EXACT_OR_NEAR_OPTIMAL
163,Alvin Kamara,RB,Daniel Carlson / Drake London / Michael Penix Jr. / Nick Folk / Tyler Shough,49300,49000-49400,3-3,0,95.22,124.2,133.57,150.55,0.0185,1,0,EXACT_OR_NEAR_OPTIMAL
222,Austin Hooper,TE,Alvin Kamara / Chris Olave / Juwan Johnson / Michael Penix Jr. / Tyler Shough,48000,48000-48900,2-4,1,99.02,131.91,143.29,167.03,0.0185,0,2,FORCED_CAPTAIN
479,Bijan Robinson,RB,Alvin Kamara / Bryce Lance / Devaughn Vele / Drake London / Nick Folk,49700,49500-49900,3-3,0,95.09,122.72,130.8,145.13,0.0185,1,1,EXACT_OR_NEAR_OPTIMAL
652,Bijan Robinson,RB,Cal Adomitis / Juwan Johnson / Kendre Miller / Michael Penix Jr. / Tyler Shough,48900,48000-48900,2-4,1,97.22,129.51,140.91,160.79,0.0185,1,3,EXACT_OR_NEAR_OPTIMAL
715,Bijan Robinson,RB,Daniel Carlson / Juwan Johnson / Michael Penix Jr. / Nick Folk / Saints,48500,48000-48900,3-3,0,93.92,119.66,128.59,145.57,0.0185,1,1,EXACT_OR_NEAR_OPTIMAL
1225,Charlie Woerner,TE,Alvin Kamara / Bijan Robinson / Chris Olave / Juwan Johnson / Tyler Shough,47500,<48000,2-4,1,104.5,135.44,143.84,170.14,0.0185,0,2,FORCED_CAPTAIN
1433,Chris Blair,WR,Bijan Robinson / Drake London / Juwan Johnson / Michael Penix Jr. / Tyler Shough,49300,49000-49400,4-2,1,100.55,132.6,142.58,163.9,0.0185,0,3,EXACT_OR_NEAR_OPTIMAL
1840,Chris Olave,WR,Daniel Carlson / Drake London / Falcons / Juwan Johnson / Saints,46200,<48000,2-4,0,95.52,123.95,133.03,153.88,0.0185,0,0,EXACT_OR_NEAR_OPTIMAL
1896,Chris Olave,WR,Drake London / Falcons / Kyle Pitts Sr. / Michael Penix Jr. / Nick Folk,50000,50000,5-1,1,93.33,125.81,133.74,155.94,0.0185,1,3,EXACT_OR_NEAR_OPTIMAL
2076,Daniel Carlson,K,Alvin Kamara / Chris Olave / Drake London / Falcons / Tyler Shough,48200,48000-48900,2-4,1,100.24,127.12,135.83,152.88,0.0185,0,1,EXACT_OR_NEAR_OPTIMAL
2105,Daniel Carlson,K,Bijan Robinson / Bryce Lance / Chris Olave / Devaughn Vele / Drake London,49400,49000-49400,2-4,0,98.6,127.05,136.64,154.09,0.0185,0,0,FORCED_CAPTAIN
2278,Devaughn Vele,WR,Bijan Robinson / Chris Olave / Falcons / Tyler Shough / Zachariah Branch,49900,49500-49900,3-3,1,97.17,127.06,138.42,160.73,0.0185,0,1,FORCED_CAPTAIN
2328,Devaughn Vele,WR,Chris Olave / Juwan Johnson / Kyle Pitts Sr. / Saints / Tyler Shough,49500,49500-49900,1-5,1,92.49,125.1,136.7,160.37,0.0185,0,2,FORCED_CAPTAIN
2355,Drake London,WR,Alvin Kamara / Austin Hooper / Devaughn Vele / Juwan Johnson / Michael Penix Jr.,49000,49000-49400,3-3,1,90.61,123.39,135.09,157.18,0.0185,0,1,EXACT_OR_NEAR_OPTIMAL
2430,Drake London,WR,Alvin Kamara / Bryce Lance / Michael Penix Jr. / Nick Folk / Tyler Shough,47800,<48000,3-3,1,92.8,125.77,136.02,153.76,0.0185,0,1,EXACT_OR_NEAR_OPTIMAL
2657,Drake London,WR,Brian Robinson Jr. / Jahan Dotson / Juwan Johnson / Michael Penix Jr. / Tyler Shough,47800,<48000,4-2,1,93.49,128.96,140.19,161.14,0.0185,0,2,EXACT_OR_NEAR_OPTIMAL
2666,Drake London,WR,Bryce Lance / Chris Olave / Juwan Johnson / Kyle Pitts Sr. / Michael Penix Jr.,49800,49500-49900,3-3,1,95.71,131.35,142.71,163.59,0.0185,1,2,EXACT_OR_NEAR_OPTIMAL
2737,Drake London,WR,Daniel Carlson / Devaughn Vele / Juwan Johnson / Michael Penix Jr. / Nick Folk,49400,49000-49400,3-3,0,89.66,121.89,133.24,154.16,0.0185,0,0,EXACT_OR_NEAR_OPTIMAL
2756,Drake London,WR,Devaughn Vele / Falcons / Juwan Johnson / Nick Folk / Tyler Shough,48800,48000-48900,3-3,1,93.53,123.98,133.91,152.98,0.0185,0,1,EXACT_OR_NEAR_OPTIMAL
2758,Drake London,WR,Devaughn Vele / Falcons / Michael Penix Jr. / Saints / Tyler Shough,49200,49000-49400,3-3,0,91.54,122.13,133.05,154.2,0.0185,0,0,EXACT_OR_NEAR_OPTIMAL
2816,Falcons,DST,Alvin Kamara / Chris Olave / Drake London / Saints / Tyler Shough,47000,<48000,2-4,1,96.97,122.95,131.51,149.75,0.0185,0,1,FORCED_CAPTAIN
2817,Falcons,DST,Alvin Kamara / Chris Olave / Juwan Johnson / Michael Penix Jr. / Tyler Shough,49200,49000-49400,2-4,1,101.85,130.6,140.96,164.57,0.0185,0,2,FORCED_CAPTAIN
3068,Jahan Dotson,WR,Austin Hooper / Bijan Robinson / Chris Olave / Drake London / Michael Penix Jr.,48900,48000-48900,5-1,1,97.82,128.73,141.04,160.81,0.0185,0,3,FORCED_CAPTAIN
3097,Jahan Dotson,WR,Bijan Robinson / Chris Olave / Falcons / Juwan Johnson / Tyler Shough,47700,<48000,3-3,1,102.21,132.79,142.79,162.67,0.0185,0,2,FORCED_CAPTAIN
3281,Juwan Johnson,TE,Austin Hooper / Drake London / Michael Penix Jr. / Nick Folk / Tyler Shough,47900,<48000,4-2,1,94.06,127.25,140.38,158.88,0.0185,0,2,EXACT_OR_NEAR_OPTIMAL
3916,Michael Penix Jr.,QB,Bijan Robinson / Chris Olave / Daniel Carlson / Jahan Dotson / Nick Folk,49300,49000-49400,4-2,1,96.01,124.76,133.3,152.59,0.0185,0,1,FORCED_CAPTAIN
3917,Michael Penix Jr.,QB,Bijan Robinson / Chris Olave / Daniel Carlson / Juwan Johnson / Kevin Austin Jr.,49100,49000-49400,2-4,0,100.55,131.1,141.78,160.25,0.0185,0,1,FORCED_CAPTAIN
3969,Michael Penix Jr.,QB,Daniel Carlson / Drake London / Jahan Dotson / Juwan Johnson / Tyler Shough,48300,48000-48900,3-3,1,94.68,128.09,140.34,161.7,0.0185,0,2,EXACT_OR_NEAR_OPTIMAL
4065,Nick Folk,K,Bijan Robinson / Chris Olave / Falcons / Saints / Tyler Shough,48100,48000-48900,3-3,0,98.43,124.39,132.16,149.17,0.0185,0,0,FORCED_CAPTAIN
4521,Saints,DST,Alvin Kamara / Devaughn Vele / Drake London / Michael Penix Jr. / Tyler Shough,49700,49500-49900,2-4,1,92.8,121.71,130.95,147.7,0.0185,1,1,EXACT_OR_NEAR_OPTIMAL
4539,Saints,DST,Bijan Robinson / Chris Olave / Daniel Carlson / Devaughn Vele / Juwan Johnson,48900,48000-48900,1-5,0,97.3,122.48,129.33,148.84,0.0185,1,1,EXACT_OR_NEAR_OPTIMAL
5038,Tyler Shough,QB,Alvin Kamara / Charlie Woerner / Devaughn Vele / Drake London / Michael Penix Jr.,48800,48000-48900,3-3,1,94.48,127.37,136.91,157.34,0.0185,0,1,EXACT_OR_NEAR_OPTIMAL
5080,Tyler Shough,QB,Alvin Kamara / Devaughn Vele / Drake London / Nick Folk / Saints,48800,48000-48900,2-4,1,93.13,122.46,130.76,145.72,0.0185,0,1,EXACT_OR_NEAR_OPTIMAL
5083,Tyler Shough,QB,Alvin Kamara / Devaughn Vele / Jahan Dotson / Juwan Johnson / Michael Penix Jr.,48600,48000-48900,2-4,1,94.18,128.24,138.89,157.99,0.0185,0,1,EXACT_OR_NEAR_OPTIMAL
5208,Tyler Shough,QB,Brian Robinson Jr. / Devaughn Vele / Drake London / Juwan Johnson / Nick Folk,48800,48000-48900,3-3,1,93.84,126.8,134.89,155.79,0.0185,0,1,EXACT_OR_NEAR_OPTIMAL
5259,Tyler Shough,QB,Chris Olave / Drake London / Juwan Johnson / Kendre Miller / Kevin Austin Jr.,48400,48000-48900,1-5,1,99.98,135.41,147.49,171.99,0.0185,0,3,EXACT_OR_NEAR_OPTIMAL
81,Alvin Kamara,RB,Bijan Robinson / Devaughn Vele / Juwan Johnson / Tyler Shough / Zachariah Branch,49500,49500-49900,2-4,1,96.92,127.05,134.82,156.77,0.018,1,1,EXACT_OR_NEAR_OPTIMAL
89,Alvin Kamara,RB,Bijan Robinson / Falcons / Michael Penix Jr. / Nick Folk / Tyler Shough,49900,49500-49900,4-2,0,98.3,124.69,131.73,145.64,0.018,1,0,EXACT_OR_NEAR_OPTIMAL
120,Alvin Kamara,RB,Chris Olave / Daniel Carlson / Drake London / Juwan Johnson / Nick Folk,48900,48000-48900,2-4,0,99.14,127.08,135.81,151.64,0.018,0,0,EXACT_OR_NEAR_OPTIMAL
246,Austin Hooper,TE,Bijan Robinson / Chris Olave / Devaughn Vele / Nick Folk / Tyler Shough,49600,49500-49900,3-3,1,98.93,129.88,139.09,158.94,0.018,0,1,FORCED_CAPTAIN
261,Austin Hooper,TE,Bijan Robinson / Chris Olave / Jahan Dotson / Michael Penix Jr. / Tyler Shough,48400,48000-48900,4-2,1,99.6,132.27,142.02,161.46,0.018,0,2,FORCED_CAPTAIN
449,Bijan Robinson,RB,Alvin Kamara / Austin Hooper / Juwan Johnson / Michael Penix Jr. / Saints,48100,48000-48900,3-3,1,94.88,121.66,130.99,149.34,0.018,1,2,EXACT_OR_NEAR_OPTIMAL
550,Bijan Robinson,RB,Alvin Kamara / Juwan Johnson / Kevin Austin Jr. / Kyle Pitts Sr. / Tyler Shough,48300,48000-48900,2-4,1,97.24,127.81,137.44,157.53,0.018,1,2,EXACT_OR_NEAR_OPTIMAL
555,Bijan Robinson,RB,Austin Hooper / Brian Robinson Jr. / Chris Olave / Falcons / Michael Penix Jr.,47700,<48000,5-1,1,94.79,124.12,133.31,153.43,0.018,1,3,EXACT_OR_NEAR_OPTIMAL
741,Brian Robinson Jr.,RB,Alvin Kamara / Bijan Robinson / Chris Olave / Drake London / Falcons,48900,48000-48900,4-2,0,98.81,125.56,133.86,150.2,0.018,1,0,EXACT_OR_NEAR_OPTIMAL
742,Brian Robinson Jr.,RB,Alvin Kamara / Bijan Robinson / Chris Olave / Drake London / Saints,49500,49500-49900,3-3,0,99.74,125.2,133.56,147.75,0.018,1,0,EXACT_OR_NEAR_OPTIMAL
774,Brian Robinson Jr.,RB,Austin Hooper / Bijan Robinson / Chris Olave / Michael Penix Jr. / Tyler Shough,49700,49500-49900,4-2,1,100.85,132.77,141.93,164.1,0.018,0,2,FORCED_CAPTAIN
795,Brian Robinson Jr.,RB,Bijan Robinson / Chris Olave / Devaughn Vele / Saints / Tyler Shough,49900,49500-49900,2-4,1,99.17,127.83,137.57,157.17,0.018,0,1,FORCED_CAPTAIN
919,Bryce Lance,WR,Bijan Robinson / Chris Olave / Drake London / Kendre Miller / Tyler Shough,49900,49500-49900,2-4,1,102.22,133.99,144.49,161.98,0.018,0,2,FORCED_CAPTAIN
1154,Cal Adomitis,TE,Bijan Robinson / Chris Olave / Devaughn Vele / Drake London / Michael Penix Jr.,49700,49500-49900,3-3,1,99.36,131.1,141.37,161.48,0.018,1,2,EXACT_OR_NEAR_OPTIMAL
1689,Chris Olave,WR,Bijan Robinson / CJ Donaldson / Drake London / Falcons / Saints,47200,<48000,3-3,0,97.64,126.62,134.02,150.51,0.018,1,0,EXACT_OR_NEAR_OPTIMAL
1776,Chris Olave,WR,Brian Robinson Jr. / Daniel Carlson / Juwan Johnson / Saints / Tyler Shough,46000,<48000,1-5,1,96.84,127.89,138.78,166.42,0.018,0,2,EXACT_OR_NEAR_OPTIMAL
1864,Chris Olave,WR,Daniel Carlson / Jahan Dotson / Michael Penix Jr. / Nick Folk / Tyler Shough,48000,48000-48900,3-3,0,97.24,129.01,139.84,160.76,0.018,0,0,EXACT_OR_NEAR_OPTIMAL
2078,Daniel Carlson,K,Alvin Kamara / Chris Olave / Drake London / Michael Penix Jr. / Nick Folk,49400,49000-49400,3-3,0,96.02,125.07,133.92,150.27,0.018,1,0,EXACT_OR_NEAR_OPTIMAL
2318,Devaughn Vele,WR,Chris Olave / Drake London / Nick Folk / Olamide Zaccheaus / Tyler Shough,49500,49500-49900,3-3,1,95.43,127.81,139.21,157.93,0.018,0,1,FORCED_CAPTAIN
2324,Devaughn Vele,WR,Chris Olave / Jahan Dotson / Juwan Johnson / Nick Folk / Tyler Shough,47900,<48000,2-4,1,93.08,126.98,139.17,161.4,0.018,0,1,FORCED_CAPTAIN
2363,Drake London,WR,Alvin Kamara / Bijan Robinson / Brian Robinson Jr. / Devaughn Vele / Saints,49600,49500-49900,3-3,0,92.79,119.99,129.05,142.8,0.018,1,0,EXACT_OR_NEAR_OPTIMAL
2562,Drake London,WR,Austin Hooper / Devaughn Vele / Michael Penix Jr. / Nick Folk / Tyler Shough,49600,49500-49900,4-2,1,91.18,125.08,135.16,156.95,0.018,1,1,EXACT_OR_NEAR_OPTIMAL
2725,Drake London,WR,Chris Olave / Juwan Johnson / Kyle Pitts Sr. / Michael Penix Jr. / Olamide Zaccheaus,50000,50000,4-2,1,95.4,130.14,143.77,163.78,0.018,1,3,EXACT_OR_NEAR_OPTIMAL
3045,Jahan Dotson,WR,Alvin Kamara / Bijan Robinson / Devaughn Vele / Michael Penix Jr. / Tyler Shough,49700,49500-49900,3-3,1,95.22,124.71,133.71,153.12,0.018,1,1,EXACT_OR_NEAR_OPTIMAL
3056,Jahan Dotson,WR,Alvin Kamara / Chris Olave / Devaughn Vele / Drake London / Tyler Shough,49700,49500-49900,2-4,1,99.47,132.09,141.95,159.68,0.018,0,1,FORCED_CAPTAIN
3060,Jahan Dotson,WR,Alvin Kamara / Chris Olave / Drake London / Juwan Johnson / Michael Penix Jr.,48700,48000-48900,3-3,1,97.75,130.14,139.79,159.47,0.018,0,2,FORCED_CAPTAIN
3086,Jahan Dotson,WR,Bijan Robinson / Chris Olave / Daniel Carlson / Drake London / Juwan Johnson,49300,49000-49400,3-3,0,102.98,131.11,143.72,161.05,0.018,0,1,FORCED_CAPTAIN
3202,Juwan Johnson,TE,Alvin Kamara / Chris Olave / Daniel Carlson / Jahan Dotson / Tyler Shough,46300,<48000,1-5,1,98.52,130.48,141.22,164.83,0.018,0,2,EXACT_OR_NEAR_OPTIMAL
3813,Michael Penix Jr.,QB,Alvin Kamara / Austin Hooper / Bijan Robinson / Brian Robinson Jr. / Chris Olave,49700,49500-49900,4-2,1,97.63,126.81,135.57,156.47,0.018,0,1,FORCED_CAPTAIN
3888,Michael Penix Jr.,QB,Austin Hooper / Chris Olave / Juwan Johnson / Nick Folk / Tyler Shough,49500,49500-49900,3-3,1,99.32,132.47,144.11,167.67,0.018,0,2,FORCED_CAPTAIN
4015,Nick Folk,K,Alvin Kamara / Chris Olave / Daniel Carlson / Juwan Johnson / Tyler Shough,47700,<48000,1-5,1,98.35,128.07,137.96,159.51,0.018,0,2,FORCED_CAPTAIN
4089,Nick Folk,K,Bryce Lance / Chris Olave / Drake London / Juwan Johnson / Tyler Shough,47700,<48000,2-4,1,99.2,131.22,144.91,162.59,0.018,0,2,FORCED_CAPTAIN
4295,Olamide Zaccheaus,WR,Bijan Robinson / Chris Olave / Daniel Carlson / Michael Penix Jr. / Tyler Shough,49000,49000-49400,3-3,1,101.82,133.17,142.55,161.6,0.018,0,2,FORCED_CAPTAIN
4501,Saints,DST,Alvin Kamara / Bijan Robinson / Juwan Johnson / Nick Folk / Tyler Shough,47500,<48000,2-4,1,96.11,121.28,129.03,144.36,0.018,0,1,FORCED_CAPTAIN
4525,Saints,DST,Austin Hooper / Bijan Robinson / Chris Olave / Devaughn Vele / Tyler Shough,49100,49000-49400,2-4,1,98.82,126.51,136.05,155.61,0.018,0,1,FORCED_CAPTAIN
4534,Saints,DST,Bijan Robinson / Bryce Lance / Chris Olave / Drake London / Michael Penix Jr.,49700,49500-49900,3-3,1,100.29,128.67,138.24,153.62,0.018,0,2,FORCED_CAPTAIN
4540,Saints,DST,Bijan Robinson / Chris Olave / Daniel Carlson / Drake London / Falcons,47300,<48000,3-3,0,95.98,119.69,128.42,141.91,0.018,0,0,FORCED_CAPTAIN
4554,Saints,DST,Bijan Robinson / Chris Olave / Falcons / Juwan Johnson / Michael Penix Jr.,48900,48000-48900,3-3,0,98.99,123.55,132.67,149.33,0.018,0,1,FORCED_CAPTAIN
5125,Tyler Shough,QB,Austin Hooper / Drake London / Juwan Johnson / Kyle Pitts Sr. / Michael Penix Jr.,49400,49000-49400,4-2,1,94.27,128.38,141.68,160.91,0.018,0,2,EXACT_OR_NEAR_OPTIMAL
5146,Tyler Shough,QB,Bijan Robinson / Bryce Lance / Chris Olave / Kendre Miller / Nick Folk,49200,49000-49400,2-4,1,99.82,131.51,140.43,164.24,0.018,1,1,EXACT_OR_NEAR_OPTIMAL
5149,Tyler Shough,QB,Bijan Robinson / Bryce Lance / Devaughn Vele / Juwan Johnson / Saints,47400,<48000,1-5,1,96.03,127.72,138.32,159.48,0.018,1,2,EXACT_OR_NEAR_OPTIMAL
5213,Tyler Shough,QB,Brian Robinson Jr. / Drake London / Juwan Johnson / Michael Penix Jr. / Saints,48800,48000-48900,3-3,1,96.82,128.02,140.22,161.01,0.018,0,2,EXACT_OR_NEAR_OPTIMAL
5256,Tyler Shough,QB,Chris Olave / Drake London / Falcons / Nick Folk / Saints,48400,48000-48900,3-3,0,99.66,128.18,137.09,157.26,0.018,1,0,EXACT_OR_NEAR_OPTIMAL
5292,Tyler Shough,QB,Drake London / Jahan Dotson / Juwan Johnson / Kyle Pitts Sr. / Michael Penix Jr.,49600,49500-49900,4-2,1,94.78,129.71,141.78,161.65,0.018,0,2,FORCED_CAPTAIN
46,Alvin Kamara,RB,Bijan Robinson / Cal Adomitis / Devaughn Vele / Michael Penix Jr. / Tyler Shough,48900,48000-48900,2-4,1,96.06,125.49,133.32,151.58,0.0175,1,1,EXACT_OR_NEAR_OPTIMAL
60,Alvin Kamara,RB,Bijan Robinson / Chris Olave / Jahan Dotson / Michael Penix Jr. / Saints,49300,49000-49400,3-3,1,98.85,124.37,133.57,152.3,0.0175,2,1,EXACT_OR_NEAR_OPTIMAL
101,Alvin Kamara,RB,Brian Robinson Jr. / Chris Olave / Juwan Johnson / Nick Folk / Tyler Shough,47500,<48000,2-4,1,97.66,128.7,138.55,160.92,0.0175,0,1,FORCED_CAPTAIN
152,Alvin Kamara,RB,Chris Olave / Kyle Pitts Sr. / Michael Penix Jr. / Saints / Tyler Shough,49900,49500-49900,2-4,1,95.94,124.82,135.51,153.89,0.0175,0,1,FORCED_CAPTAIN
168,Alvin Kamara,RB,Devaughn Vele / Drake London / Falcons / Juwan Johnson / Tyler Shough,48900,48000-48900,2-4,1,95.92,125.16,134.93,152.26,0.0175,0,1,EXACT_OR_NEAR_OPTIMAL
530,Bijan Robinson,RB,Alvin Kamara / Daniel Carlson / Jahan Dotson / Nick Folk / Tyler Shough,47500,<48000,3-3,0,95.94,122.13,131.3,148.08,0.0175,1,1,EXACT_OR_NEAR_OPTIMAL
906,Bryce Lance,WR,Bijan Robinson / Chris Olave / Daniel Carlson / Michael Penix Jr. / Tyler Shough,48700,48000-48900,2-4,1,102.29,132.98,142.96,160.29,0.0175,0,2,FORCED_CAPTAIN
1156,Cal Adomitis,TE,Bijan Robinson / Chris Olave / Devaughn Vele / Michael Penix Jr. / Tyler Shough,49300,49000-49400,2-4,1,101.4,134.19,143.54,162.72,0.0175,0,2,FORCED_CAPTAIN
1565,Chris Olave,WR,Alvin Kamara / Daniel Carlson / Kyle Pitts Sr. / Saints / Tyler Shough,47600,<48000,1-5,1,94.76,125.28,132.97,154.09,0.0175,1,2,EXACT_OR_NEAR_OPTIMAL
1795,Chris Olave,WR,Brian Robinson Jr. / Kyle Pitts Sr. / Michael Penix Jr. / Nick Folk / Tyler Shough,49800,49500-49900,4-2,1,94.66,127.99,138.87,164.78,0.0175,0,1,EXACT_OR_NEAR_OPTIMAL
2086,Daniel Carlson,K,Alvin Kamara / Devaughn Vele / Drake London / Juwan Johnson / Tyler Shough,49000,49000-49400,1-5,1,96.07,125.88,135.25,153.9,0.0175,0,2,EXACT_OR_NEAR_OPTIMAL
2136,Daniel Carlson,K,Bijan Robinson / Devaughn Vele / Drake London / Juwan Johnson / Nick Folk,49600,49500-49900,3-3,0,94.27,121.45,129.02,146.06,0.0175,1,0,EXACT_OR_NEAR_OPTIMAL
2161,Daniel Carlson,K,Chris Olave / Devaughn Vele / Juwan Johnson / Nick Folk / Tyler Shough,48200,48000-48900,1-5,1,95.91,126.95,136.23,156.38,0.0175,0,2,EXACT_OR_NEAR_OPTIMAL
2229,Devaughn Vele,WR,Alvin Kamara / Drake London / Falcons / Juwan Johnson / Tyler Shough,49300,49000-49400,2-4,1,94.61,124.77,134.27,155.95,0.0175,0,1,FORCED_CAPTAIN
2260,Devaughn Vele,WR,Bijan Robinson / Brian Robinson Jr. / Juwan Johnson / Nick Folk / Tyler Shough,49700,49500-49900,3-3,1,94.13,124.33,134.78,154.42,0.0175,0,1,FORCED_CAPTAIN
2515,Drake London,WR,Alvin Kamara / Falcons / Kyle Pitts Sr. / Michael Penix Jr. / Tyler Shough,50000,50000,4-2,1,92.78,124.26,134.75,154.83,0.0175,0,2,EXACT_OR_NEAR_OPTIMAL
2704,Drake London,WR,Chris Olave / Daniel Carlson / Kyle Pitts Sr. / Michael Penix Jr. / Saints,49600,49500-49900,3-3,1,91.87,123.47,134.71,155.41,0.0175,1,1,EXACT_OR_NEAR_OPTIMAL
2763,Drake London,WR,Devaughn Vele / Jahan Dotson / Michael Penix Jr. / Saints / Tyler Shough,48600,48000-48900,3-3,1,90.17,122.45,133.54,156.03,0.0175,2,1,EXACT_OR_NEAR_OPTIMAL
2784,Falcons,DST,Alvin Kamara / Bijan Robinson / Chris Olave / Daniel Carlson / Michael Penix Jr.,48800,48000-48900,3-3,0,98.04,122.89,131.1,146.28,0.0175,0,0,FORCED_CAPTAIN
3413,Juwan Johnson,TE,Devaughn Vele / Drake London / Nick Folk / Saints / Tyler Shough,48100,48000-48900,2-4,1,92.38,124.32,134.34,152.2,0.0175,0,1,EXACT_OR_NEAR_OPTIMAL
4300,Olamide Zaccheaus,WR,Bijan Robinson / Chris Olave / Drake London / Falcons / Michael Penix Jr.,48200,48000-48900,5-1,1,96.97,127.45,136.97,155.84,0.0175,0,3,FORCED_CAPTAIN
4301,Olamide Zaccheaus,WR,Bijan Robinson / Chris Olave / Drake London / Falcons / Tyler Shough,48800,48000-48900,4-2,0,103.66,133.31,141.64,162.14,0.0175,0,1,FORCED_CAPTAIN
4366,Oscar Delp,TE,Alvin Kamara / Bijan Robinson / Chris Olave / Michael Penix Jr. / Tyler Shough,48800,48000-48900,2-4,1,103.54,134.05,143.71,164.45,0.0175,0,2,FORCED_CAPTAIN
4546,Saints,DST,Bijan Robinson / Chris Olave / Devaughn Vele / Jahan Dotson / Tyler Shough,49300,49000-49400,2-4,1,99.33,127.15,136.08,155.13,0.0175,1,1,EXACT_OR_NEAR_OPTIMAL
5183,Tyler Shough,QB,Bijan Robinson / Devaughn Vele / Juwan Johnson / Nick Folk / Zachariah Branch,49200,49000-49400,3-3,1,95.56,126.89,137.14,158.94,0.0175,1,1,EXACT_OR_NEAR_OPTIMAL
5295,Tyler Shough,QB,Drake London / Juwan Johnson / Kendre Miller / Michael Penix Jr. / Saints,50000,50000,2-4,1,95.62,127.46,139.21,164.11,0.0175,0,3,EXACT_OR_NEAR_OPTIMAL
64,Alvin Kamara,RB,Bijan Robinson / Chris Olave / Kendre Miller / Treyton Welch / Tyler Shough,47900,<48000,1-5,1,100.08,129.15,140.2,159.62,0.017,0,2,FORCED_CAPTAIN
99,Alvin Kamara,RB,Brian Robinson Jr. / Chris Olave / Drake London / Kendre Miller / Tyler Shough,49700,49500-49900,2-4,1,97.47,128.24,137.74,157.01,0.017,1,1,EXACT_OR_NEAR_OPTIMAL
465,Bijan Robinson,RB,Alvin Kamara / Brian Robinson Jr. / Daniel Carlson / Drake London / Falcons,46900,<48000,4-2,0,92.1,118.72,126.65,142.33,0.017,1,1,EXACT_OR_NEAR_OPTIMAL
536,Bijan Robinson,RB,Alvin Kamara / Devaughn Vele / Kevin Austin Jr. / Nick Folk / Tyler Shough,48300,48000-48900,2-4,1,95.17,122.72,130.7,150.72,0.017,1,2,EXACT_OR_NEAR_OPTIMAL
599,Bijan Robinson,RB,Brian Robinson Jr. / Chris Olave / Drake London / Falcons / Olamide Zaccheaus,47900,<48000,5-1,0,98.13,127.21,136.76,152.37,0.017,1,2,EXACT_OR_NEAR_OPTIMAL
702,Bijan Robinson,RB,Daniel Carlson / Devaughn Vele / Drake London / Nick Folk / Saints,49900,49500-49900,3-3,0,93.6,119.25,127.37,142.79,0.017,1,1,EXACT_OR_NEAR_OPTIMAL
824,Brian Robinson Jr.,RB,Bijan Robinson / Drake London / Juwan Johnson / Nick Folk / Tyler Shough,49900,49500-49900,4-2,0,100.17,129.14,137.62,156.0,0.017,0,1,FORCED_CAPTAIN
1704,Chris Olave,WR,Bijan Robinson / Chris Blair / Daniel Carlson / Drake London / Kyle Pitts Sr.,49600,49500-49900,4-2,0,98.72,129.41,140.22,155.69,0.017,1,0,EXACT_OR_NEAR_OPTIMAL
1841,Chris Olave,WR,Daniel Carlson / Drake London / Falcons / Kendre Miller / Tyler Shough,49200,49000-49400,2-4,1,98.89,130.07,139.42,164.38,0.017,1,1,EXACT_OR_NEAR_OPTIMAL
1861,Chris Olave,WR,Daniel Carlson / Falcons / Michael Penix Jr. / Nick Folk / Tyler Shough,48600,48000-48900,3-3,0,98.61,128.5,137.98,159.74,0.017,1,0,EXACT_OR_NEAR_OPTIMAL
2095,Daniel Carlson,K,Austin Hooper / Bijan Robinson / Drake London / Juwan Johnson / Michael Penix Jr.,48200,48000-48900,4-2,1,94.42,124.99,136.87,154.4,0.017,0,2,FORCED_CAPTAIN
2179,Daniel Carlson,K,Drake London / Juwan Johnson / Michael Penix Jr. / Nick Folk / Tyler Shough,48600,48000-48900,3-3,0,94.92,124.3,136.75,152.95,0.017,0,1,FORCED_CAPTAIN
2194,Devaughn Vele,WR,Alvin Kamara / Bijan Robinson / Chris Olave / Daniel Carlson / Falcons,49700,49500-49900,2-4,0,96.29,121.47,129.96,146.21,0.017,0,0,FORCED_CAPTAIN
2199,Devaughn Vele,WR,Alvin Kamara / Bijan Robinson / Drake London / Michael Penix Jr. / Treyton Welch,49700,49500-49900,3-3,1,94.0,124.2,133.9,149.9,0.017,2,1,EXACT_OR_NEAR_OPTIMAL
2256,Devaughn Vele,WR,Bijan Robinson / Brian Robinson Jr. / Chris Olave / Falcons / Juwan Johnson,49100,49000-49400,3-3,0,95.12,123.07,132.6,152.94,0.017,0,0,FORCED_CAPTAIN
2284,Devaughn Vele,WR,Bijan Robinson / Daniel Carlson / Drake London / Juwan Johnson / Saints,49900,49500-49900,2-4,0,94.09,120.18,129.71,146.07,0.017,0,0,FORCED_CAPTAIN
2478,Drake London,WR,Alvin Kamara / Daniel Carlson / Juwan Johnson / Kyle Pitts Sr. / Michael Penix Jr.,49000,49000-49400,3-3,1,89.37,121.68,133.22,153.64,0.017,0,1,EXACT_OR_NEAR_OPTIMAL
2491,Drake London,WR,Alvin Kamara / Devaughn Vele / Jahan Dotson / Juwan Johnson / Michael Penix Jr.,49200,49000-49400,3-3,1,91.12,124.12,136.16,157.19,0.017,0,1,EXACT_OR_NEAR_OPTIMAL
2519,Drake London,WR,Alvin Kamara / Jahan Dotson / Kyle Pitts Sr. / Michael Penix Jr. / Tyler Shough,49400,49000-49400,4-2,1,91.41,124.9,136.56,154.6,0.017,1,1,EXACT_OR_NEAR_OPTIMAL
2802,Falcons,DST,Alvin Kamara / Bijan Robinson / Drake London / Michael Penix Jr. / Nick Folk,48600,48000-48900,5-1,1,92.2,119.13,126.88,142.09,0.017,0,2,FORCED_CAPTAIN
2815,Falcons,DST,Alvin Kamara / Chris Olave / Drake London / Nick Folk / Tyler Shough,48200,48000-48900,3-3,1,98.49,125.7,134.03,154.79,0.017,0,1,FORCED_CAPTAIN
3126,Jahan Dotson,WR,Chris Olave / Daniel Carlson / Drake London / Michael Penix Jr. / Tyler Shough,48700,48000-48900,3-3,1,98.67,131.14,142.46,164.81,0.017,0,2,FORCED_CAPTAIN
3194,Juwan Johnson,TE,Alvin Kamara / Bryce Lance / Chris Olave / Nick Folk / Tyler Shough,45700,<48000,1-5,1,96.67,130.21,141.57,164.94,0.017,0,2,FORCED_CAPTAIN
3387,Juwan Johnson,TE,Chris Olave / Michael Penix Jr. / Nick Folk / Olamide Zaccheaus / Tyler Shough,47900,<48000,3-3,1,98.24,132.66,144.51,169.42,0.017,1,2,EXACT_OR_NEAR_OPTIMAL
3980,Michael Penix Jr.,QB,Drake London / Jahan Dotson / Juwan Johnson / Nick Folk / Tyler Shough,48900,48000-48900,4-2,1,94.34,127.39,138.64,161.14,0.017,0,2,EXACT_OR_NEAR_OPTIMAL
3986,Nick Folk,K,Alvin Kamara / Bijan Robinson / Brian Robinson Jr. / Chris Olave / Juwan Johnson,48900,48000-48900,3-3,0,98.68,125.75,133.27,152.75,0.017,0,0,FORCED_CAPTAIN
3995,Nick Folk,K,Alvin Kamara / Bijan Robinson / Chris Olave / Drake London / Treyton Welch,47900,<48000,3-3,0,99.59,126.27,135.64,148.91,0.017,0,0,FORCED_CAPTAIN
4007,Nick Folk,K,Alvin Kamara / Bijan Robinson / Drake London / Jahan Dotson / Tyler Shough,49500,49500-49900,4-2,0,98.74,127.0,133.48,146.31,0.017,0,0,FORCED_CAPTAIN
4094,Nick Folk,K,Chris Olave / Devaughn Vele / Drake London / Jahan Dotson / Tyler Shough,49300,49000-49400,3-3,1,95.73,126.79,136.25,155.97,0.017,1,1,EXACT_OR_NEAR_OPTIMAL
4102,Nick Folk,K,Chris Olave / Drake London / Michael Penix Jr. / Olamide Zaccheaus / Tyler Shough,49500,49500-49900,4-2,1,98.42,131.49,141.44,161.74,0.017,0,2,FORCED_CAPTAIN
4108,Nick Folk,K,Daniel Carlson / Drake London / Juwan Johnson / Michael Penix Jr. / Tyler Shough,48900,48000-48900,3-3,0,94.75,124.52,136.08,152.45,0.017,0,1,EXACT_OR_NEAR_OPTIMAL
4119,Nick Muse,TE,Alvin Kamara / Bijan Robinson / Chris Olave / Drake London / Michael Penix Jr.,48900,48000-48900,4-2,1,101.49,132.1,142.74,159.34,0.017,0,2,EXACT_OR_NEAR_OPTIMAL
4126,Nick Muse,TE,Alvin Kamara / Bijan Robinson / Chris Olave / Michael Penix Jr. / Tyler Shough,48500,48000-48900,3-3,1,103.53,134.05,143.71,162.64,0.017,0,2,EXACT_OR_NEAR_OPTIMAL
4213,Nick Muse,TE,Bijan Robinson / Drake London / Juwan Johnson / Michael Penix Jr. / Tyler Shough,48100,48000-48900,4-2,1,100.4,132.59,142.28,163.73,0.017,0,3,EXACT_OR_NEAR_OPTIMAL
4314,Olamide Zaccheaus,WR,Bijan Robinson / Chris Olave / Juwan Johnson / Nick Folk / Tyler Shough,48000,48000-48900,3-3,1,101.94,133.44,143.22,164.58,0.017,0,2,FORCED_CAPTAIN
4359,Oscar Delp,TE,Alvin Kamara / Bijan Robinson / Chris Olave / Drake London / Michael Penix Jr.,49200,49000-49400,3-3,1,101.5,132.14,142.75,159.34,0.017,0,2,FORCED_CAPTAIN
4452,Oscar Delp,TE,Bijan Robinson / Drake London / Juwan Johnson / Michael Penix Jr. / Tyler Shough,48400,48000-48900,3-3,1,100.4,132.59,142.28,163.73,0.017,0,3,FORCED_CAPTAIN
4488,Saints,DST,Alvin Kamara / Bijan Robinson / Chris Olave / Juwan Johnson / Nick Folk,48700,48000-48900,2-4,0,99.56,123.61,130.18,151.88,0.017,0,0,FORCED_CAPTAIN
4503,Saints,DST,Alvin Kamara / Brian Robinson Jr. / Chris Olave / Drake London / Tyler Shough,47500,<48000,2-4,1,96.72,124.92,134.38,150.71,0.017,0,1,FORCED_CAPTAIN
4533,Saints,DST,Bijan Robinson / Brian Robinson Jr. / Drake London / Juwan Johnson / Tyler Shough,48900,48000-48900,3-3,0,99.47,126.53,135.11,152.68,0.017,0,1,FORCED_CAPTAIN
4568,Saints,DST,Bijan Robinson / Daniel Carlson / Juwan Johnson / Michael Penix Jr. / Tyler Shough,48900,48000-48900,2-4,0,98.35,124.26,132.87,149.02,0.017,0,1,FORCED_CAPTAIN
5044,Tyler Shough,QB,Alvin Kamara / Chris Olave / Devaughn Vele / Jahan Dotson / Nick Folk,48400,48000-48900,2-4,1,96.31,130.09,139.95,163.62,0.017,1,1,EXACT_OR_NEAR_OPTIMAL
5116,Tyler Shough,QB,Austin Hooper / Chris Olave / Drake London / Kevin Austin Jr. / Michael Penix Jr.,47800,<48000,3-3,1,99.54,134.22,147.29,168.93,0.017,1,2,EXACT_OR_NEAR_OPTIMAL
5253,Tyler Shough,QB,Chris Olave / Devaughn Vele / Michael Penix Jr. / Nick Folk / Olamide Zaccheaus,49400,49000-49400,3-3,1,96.38,130.6,140.19,162.11,0.017,0,1,EXACT_OR_NEAR_OPTIMAL
5271,Tyler Shough,QB,Daniel Carlson / Drake London / Juwan Johnson / Michael Penix Jr. / Olamide Zaccheaus,47600,<48000,3-3,1,96.21,128.78,141.33,162.19,0.017,0,2,EXACT_OR_NEAR_OPTIMAL
87,Alvin Kamara,RB,Bijan Robinson / Drake London / Michael Penix Jr. / Nick Folk / Olamide Zaccheaus,48700,48000-48900,5-1,1,93.06,122.98,131.75,145.14,0.0165,0,2,FORCED_CAPTAIN
117,Alvin Kamara,RB,Chris Olave / Daniel Carlson / Drake London / Falcons / Michael Penix Jr.,48700,48000-48900,3-3,0,96.21,124.38,132.99,150.62,0.0165,0,0,FORCED_CAPTAIN
236,Austin Hooper,TE,Bijan Robinson / Chris Olave / Daniel Carlson / Drake London / Juwan Johnson,49000,49000-49400,3-3,0,102.21,131.43,140.43,159.28,0.0165,0,1,FORCED_CAPTAIN
262,Austin Hooper,TE,Bijan Robinson / Chris Olave / Juwan Johnson / Kyle Pitts Sr. / Tyler Shough,49600,49500-49900,3-3,1,101.01,133.93,142.96,165.72,0.0165,0,2,FORCED_CAPTAIN
448,Bijan Robinson,RB,Alvin Kamara / Austin Hooper / Juwan Johnson / Kyle Pitts Sr. / Michael Penix Jr.,49700,49500-49900,4-2,1,93.51,123.49,133.89,152.86,0.0165,1,2,EXACT_OR_NEAR_OPTIMAL
568,Bijan Robinson,RB,Austin Hooper / Chris Olave / Devaughn Vele / Michael Penix Jr. / Treyton Welch,48300,48000-48900,3-3,1,97.01,128.01,137.93,157.35,0.0165,1,2,EXACT_OR_NEAR_OPTIMAL
586,Bijan Robinson,RB,Brian Robinson Jr. / Bryce Lance / Devaughn Vele / Juwan Johnson / Tyler Shough,48100,48000-48900,2-4,1,96.31,128.37,137.87,159.79,0.0165,1,2,EXACT_OR_NEAR_OPTIMAL
595,Bijan Robinson,RB,Brian Robinson Jr. / Chris Olave / Daniel Carlson / Juwan Johnson / Kendre Miller,49500,49500-49900,2-4,0,98.04,127.04,136.47,154.81,0.0165,1,1,EXACT_OR_NEAR_OPTIMAL
743,Brian Robinson Jr.,RB,Alvin Kamara / Bijan Robinson / Chris Olave / Falcons / Tyler Shough,48500,48000-48900,3-3,1,100.85,127.67,136.05,157.7,0.0165,0,1,FORCED_CAPTAIN
1342,Chris Blair,WR,Alvin Kamara / Bijan Robinson / Chris Olave / Juwan Johnson / Tyler Shough,48100,48000-48900,2-4,1,104.15,135.5,143.35,170.14,0.0165,0,2,EXACT_OR_NEAR_OPTIMAL
1542,Chris Olave,WR,Alvin Kamara / Bryce Lance / Falcons / Michael Penix Jr. / Tyler Shough,47200,<48000,2-4,1,98.58,129.29,141.01,168.07,0.0165,0,1,EXACT_OR_NEAR_OPTIMAL
1557,Chris Olave,WR,Alvin Kamara / Daniel Carlson / Drake London / Nick Folk / Saints,47600,<48000,2-4,0,95.62,123.18,131.18,146.43,0.0165,0,0,EXACT_OR_NEAR_OPTIMAL
1563,Chris Olave,WR,Alvin Kamara / Daniel Carlson / Juwan Johnson / Michael Penix Jr. / Saints,48600,48000-48900,1-5,0,98.98,126.55,135.8,155.26,0.0165,1,1,EXACT_OR_NEAR_OPTIMAL
1621,Chris Olave,WR,Austin Hooper / Bijan Robinson / Jahan Dotson / Michael Penix Jr. / Nick Folk,48200,48000-48900,5-1,1,96.39,127.55,136.07,156.55,0.0165,1,2,EXACT_OR_NEAR_OPTIMAL
1726,Chris Olave,WR,Bijan Robinson / Devaughn Vele / Falcons / Jahan Dotson / Nick Folk,47800,<48000,4-2,0,93.77,122.95,130.88,150.53,0.0165,1,0,EXACT_OR_NEAR_OPTIMAL
1758,Chris Olave,WR,Bijan Robinson / Kevin Austin Jr. / Kyle Pitts Sr. / Saints / Tyler Shough,48400,48000-48900,2-4,1,99.53,131.12,140.44,163.7,0.0165,1,1,EXACT_OR_NEAR_OPTIMAL
1855,Chris Olave,WR,Daniel Carlson / Drake London / Kyle Pitts Sr. / Michael Penix Jr. / Saints,50000,50000,3-3,1,94.61,125.96,133.46,157.27,0.0165,1,2,EXACT_OR_NEAR_OPTIMAL
1870,Chris Olave,WR,Daniel Carlson / Kyle Pitts Sr. / Michael Penix Jr. / Saints / Tyler Shough,49600,49500-49900,2-4,0,96.65,127.66,136.59,161.78,0.0165,1,0,EXACT_OR_NEAR_OPTIMAL
2066,Daniel Carlson,K,Alvin Kamara / Bijan Robinson / Drake London / Falcons / Tyler Shough,49200,49000-49400,3-3,0,100.64,124.95,133.15,147.28,0.0165,1,0,EXACT_OR_NEAR_OPTIMAL
2113,Daniel Carlson,K,Bijan Robinson / Chris Olave / Devaughn Vele / Drake London / Olamide Zaccheaus,49600,49500-49900,3-3,0,98.28,127.38,135.97,152.04,0.0165,1,0,EXACT_OR_NEAR_OPTIMAL
2152,Daniel Carlson,K,Bijan Robinson / Drake London / Michael Penix Jr. / Tyler Shough / Zachariah Branch,50000,50000,4-2,1,97.65,128.32,138.61,154.49,0.0165,0,3,FORCED_CAPTAIN
2170,Daniel Carlson,K,Chris Olave / Drake London / Michael Penix Jr. / Olamide Zaccheaus / Tyler Shough,48600,48000-48900,3-3,1,98.94,131.62,141.45,164.31,0.0165,0,2,FORCED_CAPTAIN
2204,Devaughn Vele,WR,Alvin Kamara / Bijan Robinson / Nick Folk / Saints / Tyler Shough,49700,49500-49900,2-4,1,93.42,118.34,128.17,144.06,0.0165,1,1,EXACT_OR_NEAR_OPTIMAL
2221,Devaughn Vele,WR,Alvin Kamara / Chris Olave / Juwan Johnson / Tyler Shough / Zachariah Branch,48900,48000-48900,1-5,1,95.22,128.61,139.16,163.95,0.0165,0,2,FORCED_CAPTAIN
2222,Devaughn Vele,WR,Alvin Kamara / Chris Olave / Michael Penix Jr. / Treyton Welch / Tyler Shough,48300,48000-48900,1-5,1,95.65,128.0,139.79,158.86,0.0165,0,2,FORCED_CAPTAIN
2380,Drake London,WR,Alvin Kamara / Bijan Robinson / Daniel Carlson / Devaughn Vele / Jahan Dotson,49400,49000-49400,3-3,0,94.0,121.98,132.06,149.64,0.0165,1,0,EXACT_OR_NEAR_OPTIMAL
2534,Drake London,WR,Alvin Kamara / Michael Penix Jr. / Nick Folk / Olamide Zaccheaus / Tyler Shough,48000,48000-48900,4-2,1,92.49,124.92,135.73,154.42,0.0165,0,1,EXACT_OR_NEAR_OPTIMAL
2654,Drake London,WR,Brian Robinson Jr. / Devaughn Vele / Juwan Johnson / Nick Folk / Tyler Shough,49000,49000-49400,3-3,1,92.82,124.37,134.91,155.28,0.0165,0,1,EXACT_OR_NEAR_OPTIMAL
2658,Drake London,WR,Brian Robinson Jr. / Juwan Johnson / Kendre Miller / Michael Penix Jr. / Tyler Shough,49800,49500-49900,3-3,1,92.95,127.3,139.77,161.33,0.0165,2,2,EXACT_OR_NEAR_OPTIMAL
2712,Drake London,WR,Chris Olave / Devaughn Vele / Kyle Pitts Sr. / Treyton Welch / Tyler Shough,49200,49000-49400,2-4,1,96.32,129.97,140.5,163.16,0.0165,0,1,FORCED_CAPTAIN
2716,Drake London,WR,Chris Olave / Falcons / Juwan Johnson / Michael Penix Jr. / Treyton Welch,46000,<48000,3-3,0,95.04,127.76,140.6,162.69,0.0165,1,1,EXACT_OR_NEAR_OPTIMAL
2776,Drake London,WR,Juwan Johnson / Kyle Pitts Sr. / Michael Penix Jr. / Olamide Zaccheaus / Tyler Shough,48800,48000-48900,4-2,1,91.95,126.73,140.91,162.25,0.0165,0,2,EXACT_OR_NEAR_OPTIMAL
2797,Falcons,DST,Alvin Kamara / Bijan Robinson / Devaughn Vele / Drake London / Juwan Johnson,49400,49000-49400,3-3,0,95.71,120.97,130.14,145.14,0.0165,0,0,FORCED_CAPTAIN
2870,Falcons,DST,Bijan Robinson / Chris Olave / Nick Folk / Saints / Tyler Shough,47200,<48000,3-3,0,97.2,122.43,130.09,148.01,0.0165,0,0,FORCED_CAPTAIN
3027,Jahan Dotson,WR,Alvin Kamara / Bijan Robinson / Chris Olave / Daniel Carlson / Drake London,48900,48000-48900,3-3,0,100.62,127.54,135.65,153.8,0.0165,0,0,FORCED_CAPTAIN
3077,Jahan Dotson,WR,Bijan Robinson / Brian Robinson Jr. / Chris Olave / Juwan Johnson / Tyler Shough,47900,<48000,3-3,1,101.5,133.94,144.22,165.39,0.0165,0,2,FORCED_CAPTAIN
3102,Jahan Dotson,WR,Bijan Robinson / Chris Olave / Juwan Johnson / Kyle Pitts Sr. / Tyler Shough,49900,49500-49900,3-3,1,101.77,134.36,144.09,166.88,0.0165,0,2,FORCED_CAPTAIN
3416,Juwan Johnson,TE,Drake London / Falcons / Michael Penix Jr. / Nick Folk / Tyler Shough,48700,48000-48900,4-2,0,95.95,127.07,137.6,158.15,0.0165,0,1,EXACT_OR_NEAR_OPTIMAL
3687,Kevin Austin Jr.,WR,Chris Olave / Drake London / Juwan Johnson / Michael Penix Jr. / Tyler Shough,48000,48000-48900,2-4,1,101.13,135.4,147.71,172.47,0.0165,0,3,EXACT_OR_NEAR_OPTIMAL
3816,Michael Penix Jr.,QB,Alvin Kamara / Austin Hooper / Bijan Robinson / Drake London / Saints,49300,49000-49400,4-2,1,93.79,122.98,132.61,149.84,0.0165,0,1,FORCED_CAPTAIN
3843,Michael Penix Jr.,QB,Alvin Kamara / Chris Olave / Daniel Carlson / Drake London / Jahan Dotson,49100,49000-49400,3-3,1,95.78,127.34,138.24,157.72,0.0165,0,1,FORCED_CAPTAIN
3856,Michael Penix Jr.,QB,Alvin Kamara / Devaughn Vele / Drake London / Olamide Zaccheaus / Tyler Shough,49900,49500-49900,3-3,1,93.2,125.67,136.66,156.84,0.0165,0,1,FORCED_CAPTAIN
3887,Michael Penix Jr.,QB,Austin Hooper / Chris Olave / Juwan Johnson / Kyle Pitts Sr. / Tyler Shough,49900,49500-49900,3-3,1,96.42,130.89,143.69,166.53,0.0165,0,2,FORCED_CAPTAIN
4103,Nick Folk,K,Chris Olave / Drake London / Michael Penix Jr. / Treyton Welch / Tyler Shough,47700,<48000,3-3,1,97.63,129.55,139.68,160.53,0.0165,0,2,FORCED_CAPTAIN
4363,Oscar Delp,TE,Alvin Kamara / Bijan Robinson / Chris Olave / Juwan Johnson / Tyler Shough,47200,<48000,1-5,1,104.0,135.21,143.35,170.14,0.0165,0,3,FORCED_CAPTAIN
4564,Saints,DST,Bijan Robinson / Daniel Carlson / Devaughn Vele / Juwan Johnson / Tyler Shough,47700,<48000,1-5,1,93.85,120.18,128.03,146.85,0.0165,0,2,FORCED_CAPTAIN
4964,Tyler Shough,QB,Alvin Kamara / Austin Hooper / Chris Olave / Daniel Carlson / Devaughn Vele,47600,<48000,1-5,1,96.15,127.96,139.01,157.77,0.0165,0,2,EXACT_OR_NEAR_OPTIMAL
4972,Tyler Shough,QB,Alvin Kamara / Austin Hooper / Devaughn Vele / Juwan Johnson / Michael Penix Jr.,48400,48000-48900,2-4,1,93.67,128.31,139.89,157.57,0.0165,0,1,EXACT_OR_NEAR_OPTIMAL
5127,Tyler Shough,QB,Austin Hooper / Drake London / Juwan Johnson / Michael Penix Jr. / Saints,47800,<48000,3-3,1,95.64,128.38,140.01,159.53,0.0165,0,2,EXACT_OR_NEAR_OPTIMAL
5187,Tyler Shough,QB,Brian Robinson Jr. / Bryce Lance / Chris Olave / Devaughn Vele / Juwan Johnson,46000,<48000,1-5,1,93.99,130.07,142.16,166.43,0.0165,0,2,EXACT_OR_NEAR_OPTIMAL
5269,Tyler Shough,QB,Daniel Carlson / Drake London / Falcons / Juwan Johnson / Michael Penix Jr.,49200,49000-49400,3-3,0,99.4,129.6,141.64,160.14,0.0165,0,1,EXACT_OR_NEAR_OPTIMAL
146,Alvin Kamara,RB,Chris Olave / Juwan Johnson / Kendre Miller / Nick Folk / Tyler Shough,48700,48000-48900,1-5,1,96.46,126.6,137.36,163.77,0.016,0,2,EXACT_OR_NEAR_OPTIMAL
180,Alvin Kamara,RB,Devaughn Vele / Juwan Johnson / Michael Penix Jr. / Nick Folk / Tyler Shough,49700,49500-49900,2-4,1,93.73,124.09,135.07,150.8,0.016,0,1,EXACT_OR_NEAR_OPTIMAL
260,Austin Hooper,TE,Bijan Robinson / Chris Olave / Falcons / Michael Penix Jr. / Tyler Shough,49000,49000-49400,4-2,1,100.98,131.07,140.73,159.52,0.016,0,2,FORCED_CAPTAIN
437,Bijan Robinson,RB,Alvin Kamara / Austin Hooper / Devaughn Vele / Drake London / Falcons,48900,48000-48900,4-2,0,93.62,121.2,129.61,145.82,0.016,1,1,EXACT_OR_NEAR_OPTIMAL
452,Bijan Robinson,RB,Alvin Kamara / Barion Brown / Drake London / Kendre Miller / Michael Penix Jr.,49900,49500-49900,3-3,1,92.75,123.65,133.51,151.98,0.016,1,2,EXACT_OR_NEAR_OPTIMAL
521,Bijan Robinson,RB,Alvin Kamara / Daniel Carlson / Drake London / Kendre Miller / Nick Folk,49900,49500-49900,3-3,0,93.37,120.15,129.33,144.95,0.016,1,1,EXACT_OR_NEAR_OPTIMAL
1155,Cal Adomitis,TE,Bijan Robinson / Chris Olave / Devaughn Vele / Juwan Johnson / Tyler Shough,47700,<48000,1-5,1,101.86,134.01,145.72,165.88,0.016,0,3,FORCED_CAPTAIN
1487,Chris Olave,WR,Alvin Kamara / Bijan Robinson / Brian Robinson Jr. / Kyle Pitts Sr. / Nick Folk,50000,50000,4-2,0,96.61,125.51,134.47,152.75,0.016,1,1,EXACT_OR_NEAR_OPTIMAL
1830,Chris Olave,WR,Daniel Carlson / Devaughn Vele / Drake London / Jahan Dotson / Juwan Johnson,49200,49000-49400,2-4,0,98.7,130.56,140.78,161.87,0.016,1,0,EXACT_OR_NEAR_OPTIMAL
2048,Daniel Carlson,K,Alvin Kamara / Austin Hooper / Bijan Robinson / Chris Olave / Michael Penix Jr.,48600,48000-48900,3-3,1,97.56,125.33,132.16,150.31,0.016,0,1,FORCED_CAPTAIN
2382,Drake London,WR,Alvin Kamara / Bijan Robinson / Devaughn Vele / Jahan Dotson / Nick Folk,50000,50000,4-2,0,93.65,122.29,131.37,146.49,0.016,2,1,EXACT_OR_NEAR_OPTIMAL
2528,Drake London,WR,Alvin Kamara / Juwan Johnson / Michael Penix Jr. / Nick Folk / Saints,48000,48000-48900,3-3,0,90.4,120.3,130.91,149.61,0.016,1,0,EXACT_OR_NEAR_OPTIMAL
2558,Drake London,WR,Austin Hooper / Daniel Carlson / Devaughn Vele / Michael Penix Jr. / Tyler Shough,49000,49000-49400,3-3,1,91.53,124.45,136.39,158.58,0.016,0,1,EXACT_OR_NEAR_OPTIMAL
2566,Drake London,WR,Austin Hooper / Juwan Johnson / Kendre Miller / Michael Penix Jr. / Tyler Shough,48800,48000-48900,3-3,1,91.78,126.51,139.29,163.79,0.016,0,2,EXACT_OR_NEAR_OPTIMAL
2718,Drake London,WR,Chris Olave / Falcons / Kyle Pitts Sr. / Michael Penix Jr. / Nick Folk,49600,49500-49900,5-1,1,90.59,122.53,133.08,153.66,0.016,0,2,EXACT_OR_NEAR_OPTIMAL
2798,Falcons,DST,Alvin Kamara / Bijan Robinson / Devaughn Vele / Juwan Johnson / Tyler Shough,49000,49000-49400,2-4,1,97.74,124.85,133.52,152.15,0.016,0,1,FORCED_CAPTAIN
3094,Jahan Dotson,WR,Bijan Robinson / Chris Olave / Drake London / Juwan Johnson / Nick Folk,49900,49500-49900,4-2,0,102.63,131.77,141.65,157.04,0.016,0,1,FORCED_CAPTAIN
3275,Juwan Johnson,TE,Austin Hooper / Chris Olave / Drake London / Michael Penix Jr. / Nick Folk,49100,49000-49400,4-2,1,97.51,129.69,141.58,163.62,0.016,0,2,EXACT_OR_NEAR_OPTIMAL
3346,Juwan Johnson,TE,Brian Robinson Jr. / Chris Olave / Drake London / Treyton Welch / Tyler Shough,45500,<48000,2-4,1,98.93,132.8,144.75,167.95,0.016,0,2,FORCED_CAPTAIN
3393,Juwan Johnson,TE,Daniel Carlson / Devaughn Vele / Drake London / Saints / Tyler Shough,47500,<48000,1-5,1,92.73,124.4,133.85,154.07,0.016,0,2,EXACT_OR_NEAR_OPTIMAL
3845,Michael Penix Jr.,QB,Alvin Kamara / Chris Olave / Jahan Dotson / Nick Folk / Tyler Shough,49300,49000-49400,3-3,1,97.47,128.35,138.62,158.0,0.016,0,1,FORCED_CAPTAIN
3885,Michael Penix Jr.,QB,Austin Hooper / Chris Olave / Drake London / Juwan Johnson / Nick Folk,49900,49500-49900,4-2,1,97.28,129.47,141.39,162.07,0.016,0,2,EXACT_OR_NEAR_OPTIMAL
3949,Michael Penix Jr.,QB,Cal Adomitis / Chris Olave / Devaughn Vele / Drake London / Juwan Johnson,49700,49500-49900,2-4,0,96.93,130.25,142.83,163.64,0.016,0,1,FORCED_CAPTAIN
3983,Nick Folk,K,Alvin Kamara / Austin Hooper / Bijan Robinson / Chris Olave / Michael Penix Jr.,49500,49500-49900,4-2,1,97.04,123.93,132.71,150.53,0.016,0,1,FORCED_CAPTAIN
4020,Nick Folk,K,Alvin Kamara / Chris Olave / Drake London / Jahan Dotson / Tyler Shough,48500,48000-48900,3-3,1,98.35,128.77,137.51,155.95,0.016,0,1,FORCED_CAPTAIN
4057,Nick Folk,K,Bijan Robinson / Chris Olave / Daniel Carlson / Jahan Dotson / Tyler Shough,48100,48000-48900,3-3,0,98.93,126.9,135.38,152.45,0.016,0,0,FORCED_CAPTAIN
4262,Olamide Zaccheaus,WR,Alvin Kamara / Chris Olave / Drake London / Juwan Johnson / Tyler Shough,47800,<48000,2-4,1,101.71,134.83,146.61,166.85,0.016,0,2,FORCED_CAPTAIN
4328,Olamide Zaccheaus,WR,Bijan Robinson / Devaughn Vele / Drake London / Juwan Johnson / Tyler Shough,49600,49500-49900,3-3,1,99.49,129.94,139.93,165.4,0.016,0,2,FORCED_CAPTAIN
4508,Saints,DST,Alvin Kamara / Chris Olave / Drake London / Kendre Miller / Tyler Shough,48700,48000-48900,1-5,1,95.53,124.67,133.16,150.97,0.016,0,2,FORCED_CAPTAIN
4984,Tyler Shough,QB,Alvin Kamara / Bijan Robinson / Bryce Lance / Devaughn Vele / Nick Folk,48200,48000-48900,2-4,1,95.2,124.52,131.74,153.3,0.016,1,1,EXACT_OR_NEAR_OPTIMAL
5177,Tyler Shough,QB,Bijan Robinson / Daniel Carlson / Devaughn Vele / Michael Penix Jr. / Olamide Zaccheaus,49800,49500-49900,3-3,1,97.12,126.98,137.73,156.24,0.016,1,1,EXACT_OR_NEAR_OPTIMAL
5277,Tyler Shough,QB,Devaughn Vele / Drake London / Jahan Dotson / Michael Penix Jr. / Nick Folk,49600,49500-49900,4-2,1,92.71,124.73,135.41,156.47,0.016,0,1,EXACT_OR_NEAR_OPTIMAL
5,Alvin Kamara,RB,Austin Hooper / Bijan Robinson / Chris Olave / Jahan Dotson / Michael Penix Jr.,47900,<48000,4-2,1,96.03,123.85,134.15,153.47,0.0155,0,1,FORCED_CAPTAIN
86,Alvin Kamara,RB,Bijan Robinson / Drake London / Kevin Austin Jr. / Nick Folk / Tyler Shough,48100,48000-48900,3-3,1,98.1,126.22,133.91,148.39,0.0155,0,1,FORCED_CAPTAIN
133,Alvin Kamara,RB,Chris Olave / Devaughn Vele / Michael Penix Jr. / Treyton Welch / Tyler Shough,47900,<48000,1-5,1,96.96,126.93,139.03,158.82,0.0155,0,2,FORCED_CAPTAIN
230,Austin Hooper,TE,Bijan Robinson / Brian Robinson Jr. / Chris Olave / Michael Penix Jr. / Tyler Shough,49200,49000-49400,4-2,1,100.26,132.24,141.25,165.74,0.0155,0,2,FORCED_CAPTAIN
271,Austin Hooper,TE,Bijan Robinson / Daniel Carlson / Drake London / Michael Penix Jr. / Tyler Shough,49400,49000-49400,4-2,1,98.29,130.13,139.03,155.4,0.0155,1,2,EXACT_OR_NEAR_OPTIMAL
434,Bijan Robinson,RB,Alvin Kamara / Austin Hooper / Daniel Carlson / Devaughn Vele / Michael Penix Jr.,49100,49000-49400,3-3,1,91.78,119.88,129.0,144.93,0.0155,1,2,EXACT_OR_NEAR_OPTIMAL
591,Bijan Robinson,RB,Brian Robinson Jr. / Cal Adomitis / Devaughn Vele / Drake London / Tyler Shough,49100,49000-49400,3-3,1,98.1,127.68,137.64,156.12,0.0155,1,2,EXACT_OR_NEAR_OPTIMAL
622,Bijan Robinson,RB,Bryce Lance / Chris Olave / Jahan Dotson / Kyle Pitts Sr. / Tyler Shough,48700,48000-48900,3-3,1,99.38,131.42,141.08,161.68,0.0155,1,2,EXACT_OR_NEAR_OPTIMAL
710,Bijan Robinson,RB,Daniel Carlson / Drake London / Kyle Pitts Sr. / Michael Penix Jr. / Olamide Zaccheaus,49300,49000-49400,5-1,1,91.07,123.41,133.97,154.31,0.0155,1,3,EXACT_OR_NEAR_OPTIMAL
781,Brian Robinson Jr.,RB,Bijan Robinson / Bryce Lance / Chris Olave / Juwan Johnson / Tyler Shough,47100,<48000,2-4,1,100.33,132.71,142.1,164.64,0.0155,0,2,FORCED_CAPTAIN
792,Brian Robinson Jr.,RB,Bijan Robinson / Chris Olave / Devaughn Vele / Drake London / Falcons,49700,49500-49900,4-2,0,96.2,124.08,132.96,149.91,0.0155,0,0,FORCED_CAPTAIN
800,Brian Robinson Jr.,RB,Bijan Robinson / Chris Olave / Drake London / Michael Penix Jr. / Olamide Zaccheaus,49300,49000-49400,5-1,1,97.5,129.1,140.44,158.56,0.0155,0,3,FORCED_CAPTAIN
1603,Chris Olave,WR,Alvin Kamara / Kendre Miller / Nick Folk / Saints / Tyler Shough,47400,<48000,1-5,1,92.94,123.7,133.35,153.67,0.0155,0,2,EXACT_OR_NEAR_OPTIMAL
1637,Chris Olave,WR,Austin Hooper / Devaughn Vele / Drake London / Michael Penix Jr. / Saints,50000,50000,3-3,1,95.85,127.45,136.13,160.63,0.0155,1,2,EXACT_OR_NEAR_OPTIMAL
1832,Chris Olave,WR,Daniel Carlson / Devaughn Vele / Drake London / Nick Folk / Saints,48400,48000-48900,2-4,0,93.01,121.8,129.39,148.99,0.0155,0,0,EXACT_OR_NEAR_OPTIMAL
1892,Chris Olave,WR,Drake London / Falcons / Juwan Johnson / Nick Folk / Saints,46800,<48000,3-3,0,95.17,123.58,132.95,151.4,0.0155,0,0,EXACT_OR_NEAR_OPTIMAL
2096,Daniel Carlson,K,Austin Hooper / Bijan Robinson / Juwan Johnson / Michael Penix Jr. / Tyler Shough,47800,<48000,3-3,1,96.46,125.65,136.04,153.51,0.0155,0,2,FORCED_CAPTAIN
2104,Daniel Carlson,K,Bijan Robinson / Brian Robinson Jr. / Juwan Johnson / Michael Penix Jr. / Tyler Shough,48800,48000-48900,3-3,1,97.64,126.44,135.95,155.6,0.0155,1,2,EXACT_OR_NEAR_OPTIMAL
2130,Daniel Carlson,K,Bijan Robinson / Chris Olave / Juwan Johnson / Michael Penix Jr. / Olamide Zaccheaus,48200,48000-48900,3-3,1,98.6,127.3,137.68,154.68,0.0155,0,2,FORCED_CAPTAIN
2154,Daniel Carlson,K,Bijan Robinson / Jahan Dotson / Juwan Johnson / Michael Penix Jr. / Tyler Shough,48000,48000-48900,3-3,1,96.97,126.06,137.06,155.87,0.0155,0,2,FORCED_CAPTAIN
2193,Devaughn Vele,WR,Alvin Kamara / Bijan Robinson / Cal Adomitis / Michael Penix Jr. / Tyler Shough,49300,49000-49400,2-4,1,94.76,124.44,132.99,154.24,0.0155,0,1,FORCED_CAPTAIN
2552,Drake London,WR,Austin Hooper / Chris Olave / Devaughn Vele / Falcons / Michael Penix Jr.,49000,49000-49400,4-2,1,92.17,125.0,136.23,157.74,0.0155,0,1,EXACT_OR_NEAR_OPTIMAL
2563,Drake London,WR,Austin Hooper / Devaughn Vele / Michael Penix Jr. / Saints / Tyler Shough,48400,48000-48900,3-3,1,89.66,122.13,132.94,153.81,0.0155,0,1,EXACT_OR_NEAR_OPTIMAL
2564,Drake London,WR,Austin Hooper / Falcons / Juwan Johnson / Michael Penix Jr. / Tyler Shough,47400,<48000,4-2,1,93.69,126.73,139.11,159.81,0.0155,0,2,EXACT_OR_NEAR_OPTIMAL
2788,Falcons,DST,Alvin Kamara / Bijan Robinson / Chris Olave / Drake London / Jahan Dotson,48000,48000-48900,4-2,0,98.5,124.71,133.44,148.18,0.0155,0,0,FORCED_CAPTAIN
2795,Falcons,DST,Alvin Kamara / Bijan Robinson / Daniel Carlson / Drake London / Michael Penix Jr.,48000,48000-48900,4-2,1,92.55,119.38,128.96,143.11,0.0155,0,1,FORCED_CAPTAIN
2803,Falcons,DST,Alvin Kamara / Bijan Robinson / Drake London / Nick Folk / Tyler Shough,49200,49000-49400,4-2,0,98.89,123.32,129.88,143.56,0.0155,0,0,FORCED_CAPTAIN
2825,Falcons,DST,Austin Hooper / Bijan Robinson / Chris Olave / Juwan Johnson / Michael Penix Jr.,47200,<48000,4-2,1,95.7,122.94,132.79,150.66,0.0155,0,2,FORCED_CAPTAIN
2842,Falcons,DST,Bijan Robinson / Chris Olave / Daniel Carlson / Devaughn Vele / Juwan Johnson,48000,48000-48900,2-4,0,95.89,121.99,129.91,148.07,0.0155,0,0,FORCED_CAPTAIN
2843,Falcons,DST,Bijan Robinson / Chris Olave / Daniel Carlson / Devaughn Vele / Michael Penix Jr.,49600,49500-49900,3-3,0,95.43,121.83,130.04,145.32,0.0155,0,0,FORCED_CAPTAIN
3066,Jahan Dotson,WR,Alvin Kamara / Drake London / Juwan Johnson / Michael Penix Jr. / Tyler Shough,47500,<48000,3-3,1,94.3,126.84,136.74,158.8,0.0155,0,2,EXACT_OR_NEAR_OPTIMAL
3096,Jahan Dotson,WR,Bijan Robinson / Chris Olave / Drake London / Michael Penix Jr. / Olamide Zaccheaus,48100,48000-48900,5-1,1,96.51,127.88,139.15,159.25,0.0155,0,3,FORCED_CAPTAIN
3106,Jahan Dotson,WR,Bijan Robinson / Chris Olave / Michael Penix Jr. / Olamide Zaccheaus / Tyler Shough,47700,<48000,4-2,1,98.55,130.22,140.64,159.09,0.0155,0,2,FORCED_CAPTAIN
3207,Juwan Johnson,TE,Alvin Kamara / Chris Olave / Drake London / Falcons / Nick Folk,47900,<48000,3-3,0,97.51,126.06,135.54,152.44,0.0155,0,0,FORCED_CAPTAIN
3218,Juwan Johnson,TE,Alvin Kamara / Daniel Carlson / Devaughn Vele / Drake London / Michael Penix Jr.,49700,49500-49900,2-4,0,93.22,123.31,135.36,154.52,0.0155,0,0,EXACT_OR_NEAR_OPTIMAL
3246,Juwan Johnson,TE,Alvin Kamara / Drake London / Falcons / Saints / Tyler Shough,45500,<48000,2-4,1,92.53,121.04,130.26,148.58,0.0155,1,1,EXACT_OR_NEAR_OPTIMAL
3402,Juwan Johnson,TE,Daniel Carlson / Drake London / Kendre Miller / Michael Penix Jr. / Tyler Shough,49500,49500-49900,2-4,1,94.38,126.98,138.21,162.01,0.0155,0,2,EXACT_OR_NEAR_OPTIMAL
3593,Kevin Austin Jr.,WR,Alvin Kamara / Bijan Robinson / Drake London / Michael Penix Jr. / Tyler Shough,48600,48000-48900,3-3,1,99.17,130.11,139.77,156.54,0.0155,0,2,EXACT_OR_NEAR_OPTIMAL
3825,Michael Penix Jr.,QB,Alvin Kamara / Bijan Robinson / Cal Adomitis / Devaughn Vele / Tyler Shough,49900,49500-49900,2-4,1,97.01,127.05,135.46,153.79,0.0155,0,1,FORCED_CAPTAIN
3836,Michael Penix Jr.,QB,Alvin Kamara / Brian Robinson Jr. / Chris Olave / Daniel Carlson / Drake London,49900,49500-49900,3-3,1,96.44,128.13,137.36,156.34,0.0155,0,1,EXACT_OR_NEAR_OPTIMAL
3840,Michael Penix Jr.,QB,Alvin Kamara / Bryce Lance / Devaughn Vele / Drake London / Tyler Shough,49700,49500-49900,2-4,1,93.51,126.51,136.95,155.46,0.0155,0,1,FORCED_CAPTAIN
3938,Michael Penix Jr.,QB,Brian Robinson Jr. / Chris Olave / Jahan Dotson / Juwan Johnson / Tyler Shough,48100,48000-48900,3-3,1,96.65,130.31,141.64,164.71,0.0155,0,2,EXACT_OR_NEAR_OPTIMAL
4041,Nick Folk,K,Bijan Robinson / Brian Robinson Jr. / Chris Olave / Devaughn Vele / Juwan Johnson,49700,49500-49900,3-3,0,96.06,123.29,133.3,150.65,0.0155,0,0,FORCED_CAPTAIN
4081,Nick Folk,K,Bijan Robinson / Drake London / Juwan Johnson / Olamide Zaccheaus / Tyler Shough,48900,48000-48900,4-2,0,99.28,128.24,136.24,154.83,0.0155,0,1,FORCED_CAPTAIN
4123,Nick Muse,TE,Alvin Kamara / Bijan Robinson / Chris Olave / Juwan Johnson / Tyler Shough,46900,<48000,2-4,1,104.0,135.21,143.41,170.14,0.0155,0,2,EXACT_OR_NEAR_OPTIMAL
4343,Olamide Zaccheaus,WR,Chris Olave / Devaughn Vele / Drake London / Juwan Johnson / Tyler Shough,48600,48000-48900,2-4,1,99.09,133.43,146.23,169.38,0.0155,0,2,FORCED_CAPTAIN
4472,Saints,DST,Alvin Kamara / Austin Hooper / Chris Olave / Drake London / Tyler Shough,46500,<48000,2-4,1,95.55,123.82,133.88,151.11,0.0155,0,1,FORCED_CAPTAIN
4499,Saints,DST,Alvin Kamara / Bijan Robinson / Drake London / Kendre Miller / Tyler Shough,49700,49500-49900,2-4,1,95.92,120.41,129.39,142.59,0.0155,0,1,FORCED_CAPTAIN
4506,Saints,DST,Alvin Kamara / Chris Olave / Devaughn Vele / Drake London / Juwan Johnson,49300,49000-49400,1-5,0,96.71,123.85,132.83,150.25,0.0155,0,1,EXACT_OR_NEAR_OPTIMAL
4512,Saints,DST,Alvin Kamara / Chris Olave / Juwan Johnson / Nick Folk / Tyler Shough,46500,<48000,1-5,1,95.72,124.59,134.44,158.11,0.0155,0,2,FORCED_CAPTAIN
4549,Saints,DST,Bijan Robinson / Chris Olave / Drake London / Falcons / Nick Folk,47900,<48000,4-2,0,95.63,119.7,126.24,140.33,0.0155,0,0,FORCED_CAPTAIN
5017,Tyler Shough,QB,Alvin Kamara / Brian Robinson Jr. / Drake London / Juwan Johnson / Saints,46800,<48000,2-4,1,94.93,125.59,133.7,153.4,0.0155,0,1,EXACT_OR_NEAR_OPTIMAL
78,Alvin Kamara,RB,Bijan Robinson / Devaughn Vele / Drake London / Nick Folk / Saints,49700,49500-49900,3-3,0,92.69,116.92,124.22,136.21,0.015,1,0,EXACT_OR_NEAR_OPTIMAL
98,Alvin Kamara,RB,Brian Robinson Jr. / Chris Olave / Drake London / Jahan Dotson / Tyler Shough,47700,<48000,3-3,1,98.0,128.9,139.55,158.45,0.015,0,1,FORCED_CAPTAIN
267,Austin Hooper,TE,Bijan Robinson / Chris Olave / Michael Penix Jr. / Saints / Tyler Shough,49600,49500-49900,3-3,1,101.91,131.25,141.03,156.78,0.015,0,2,FORCED_CAPTAIN
556,Bijan Robinson,RB,Austin Hooper / Brian Robinson Jr. / Chris Olave / Kyle Pitts Sr. / Michael Penix Jr.,49900,49500-49900,5-1,1,94.35,124.44,135.18,152.01,0.015,1,3,EXACT_OR_NEAR_OPTIMAL
762,Brian Robinson Jr.,RB,Alvin Kamara / Chris Olave / Drake London / Juwan Johnson / Michael Penix Jr.,49900,49500-49900,3-3,1,98.74,130.5,140.44,159.03,0.015,0,2,FORCED_CAPTAIN
779,Brian Robinson Jr.,RB,Bijan Robinson / Bryce Lance / Chris Olave / Drake London / Michael Penix Jr.,49100,49000-49400,4-2,1,97.82,129.89,140.66,158.52,0.015,0,2,FORCED_CAPTAIN
813,Brian Robinson Jr.,RB,Bijan Robinson / Chris Olave / Michael Penix Jr. / Olamide Zaccheaus / Tyler Shough,48900,48000-48900,4-2,1,99.54,130.62,141.63,164.74,0.015,0,2,FORCED_CAPTAIN
1049,CJ Donaldson,RB,Bijan Robinson / Chris Olave / Drake London / Nick Folk / Tyler Shough,49700,49500-49900,3-3,1,103.22,133.35,141.89,161.38,0.015,0,2,EXACT_OR_NEAR_OPTIMAL
1277,Charlie Woerner,TE,Bijan Robinson / Chris Olave / Devaughn Vele / Michael Penix Jr. / Tyler Shough,49900,49500-49900,3-3,1,101.42,134.04,143.54,163.28,0.015,0,2,FORCED_CAPTAIN
1779,Chris Olave,WR,Brian Robinson Jr. / Devaughn Vele / Drake London / Falcons / Juwan Johnson,48800,48000-48900,3-3,0,96.56,127.78,137.99,159.38,0.015,0,0,EXACT_OR_NEAR_OPTIMAL
2063,Daniel Carlson,K,Alvin Kamara / Bijan Robinson / Devaughn Vele / Nick Folk / Tyler Shough,48800,48000-48900,2-4,1,93.95,118.66,125.48,142.49,0.015,0,1,FORCED_CAPTAIN
2364,Drake London,WR,Alvin Kamara / Bijan Robinson / Brian Robinson Jr. / Juwan Johnson / Kendre Miller,50000,50000,3-3,0,94.91,123.38,133.97,150.67,0.015,1,1,EXACT_OR_NEAR_OPTIMAL
2453,Drake London,WR,Alvin Kamara / Chris Olave / Juwan Johnson / Kendre Miller / Saints,49400,49000-49400,1-5,0,96.16,126.11,136.7,152.89,0.015,1,1,EXACT_OR_NEAR_OPTIMAL
2674,Drake London,WR,Bryce Lance / Devaughn Vele / Michael Penix Jr. / Nick Folk / Tyler Shough,48600,48000-48900,3-3,1,90.19,123.44,134.46,155.35,0.015,0,1,EXACT_OR_NEAR_OPTIMAL
2812,Falcons,DST,Alvin Kamara / Chris Olave / Devaughn Vele / Juwan Johnson / Tyler Shough,48000,48000-48900,1-5,1,97.35,127.02,137.0,157.68,0.015,0,2,FORCED_CAPTAIN
3290,Juwan Johnson,TE,Bijan Robinson / Brian Robinson Jr. / Daniel Carlson / Nick Folk / Tyler Shough,46500,<48000,3-3,0,93.93,124.63,132.68,150.09,0.015,1,0,EXACT_OR_NEAR_OPTIMAL
3646,Kevin Austin Jr.,WR,Bijan Robinson / Chris Olave / Drake London / Nick Folk / Tyler Shough,48800,48000-48900,3-3,1,103.65,133.85,143.62,161.34,0.015,0,2,EXACT_OR_NEAR_OPTIMAL
3819,Michael Penix Jr.,QB,Alvin Kamara / Austin Hooper / Chris Olave / Daniel Carlson / Drake London,48900,48000-48900,3-3,1,95.27,126.99,137.1,154.1,0.015,0,1,EXACT_OR_NEAR_OPTIMAL
3942,Michael Penix Jr.,QB,Brian Robinson Jr. / Drake London / Juwan Johnson / Nick Folk / Tyler Shough,49700,49500-49900,4-2,1,95.0,126.87,138.57,159.68,0.015,0,2,FORCED_CAPTAIN
3991,Nick Folk,K,Alvin Kamara / Bijan Robinson / Bryce Lance / Drake London / Tyler Shough,48300,48000-48900,3-3,1,97.24,124.86,132.89,146.81,0.015,0,1,FORCED_CAPTAIN
4169,Nick Muse,TE,Bijan Robinson / Chris Olave / Devaughn Vele / Drake London / Michael Penix Jr.,49700,49500-49900,4-2,1,98.88,130.54,140.46,160.58,0.015,0,2,EXACT_OR_NEAR_OPTIMAL
4405,Oscar Delp,TE,Bijan Robinson / Chris Olave / Devaughn Vele / Drake London / Michael Penix Jr.,50000,50000,3-3,1,98.88,130.54,140.46,160.58,0.015,0,3,FORCED_CAPTAIN
4489,Saints,DST,Alvin Kamara / Bijan Robinson / Daniel Carlson / Devaughn Vele / Tyler Shough,47300,<48000,1-5,1,91.49,113.91,121.36,135.57,0.015,0,2,FORCED_CAPTAIN
4527,Saints,DST,Austin Hooper / Bijan Robinson / Drake London / Juwan Johnson / Tyler Shough,47900,<48000,3-3,0,98.3,125.83,133.74,150.01,0.015,0,1,FORCED_CAPTAIN
4589,Saints,DST,Chris Olave / Devaughn Vele / Juwan Johnson / Nick Folk / Tyler Shough,47300,<48000,1-5,1,93.1,123.93,133.4,154.42,0.015,0,2,FORCED_CAPTAIN
11,Alvin Kamara,RB,Austin Hooper / Bijan Robinson / Drake London / Michael Penix Jr. / Saints,48300,48000-48900,4-2,1,92.85,120.08,129.45,144.15,0.0145,0,1,FORCED_CAPTAIN
65,Alvin Kamara,RB,Bijan Robinson / Chris Olave / Kyle Pitts Sr. / Michael Penix Jr. / Olamide Zaccheaus,49900,49500-49900,4-2,1,95.66,123.72,133.06,153.56,0.0145,0,1,FORCED_CAPTAIN
144,Alvin Kamara,RB,Chris Olave / Jahan Dotson / Michael Penix Jr. / Nick Folk / Tyler Shough,48300,48000-48900,3-3,1,96.53,126.91,137.16,156.17,0.0145,0,1,FORCED_CAPTAIN
202,Austin Hooper,TE,Alvin Kamara / Bijan Robinson / Devaughn Vele / Drake London / Michael Penix Jr.,49800,49500-49900,4-2,1,92.41,122.92,131.48,146.58,0.0145,0,1,FORCED_CAPTAIN
280,Austin Hooper,TE,Bijan Robinson / Drake London / Michael Penix Jr. / Nick Folk / Tyler Shough,50000,50000,5-1,1,97.95,128.99,137.72,153.87,0.0145,0,4,FORCED_CAPTAIN
786,Brian Robinson Jr.,RB,Bijan Robinson / Chris Olave / Daniel Carlson / Drake London / Nick Folk,48500,48000-48900,4-2,0,95.97,122.98,131.48,145.96,0.0145,0,0,FORCED_CAPTAIN
810,Brian Robinson Jr.,RB,Bijan Robinson / Chris Olave / Juwan Johnson / Olamide Zaccheaus / Tyler Shough,47300,<48000,3-3,1,100.01,132.44,142.46,162.31,0.0145,0,2,FORCED_CAPTAIN
816,Brian Robinson Jr.,RB,Bijan Robinson / Daniel Carlson / Drake London / Juwan Johnson / Michael Penix Jr.,48700,48000-48900,4-2,1,93.84,123.7,135.05,152.19,0.0145,1,2,EXACT_OR_NEAR_OPTIMAL
817,Brian Robinson Jr.,RB,Bijan Robinson / Daniel Carlson / Drake London / Juwan Johnson / Tyler Shough,49300,49000-49400,3-3,0,100.52,129.36,139.58,158.76,0.0145,0,1,FORCED_CAPTAIN
871,Bryce Lance,WR,Alvin Kamara / Bijan Robinson / Devaughn Vele / Drake London / Tyler Shough,48900,48000-48900,2-4,1,97.61,126.65,134.32,153.4,0.0145,1,1,EXACT_OR_NEAR_OPTIMAL
916,Bryce Lance,WR,Bijan Robinson / Chris Olave / Drake London / Jahan Dotson / Tyler Shough,47900,<48000,3-3,1,102.76,133.52,144.79,163.58,0.0145,0,2,FORCED_CAPTAIN
1326,Charlie Woerner,TE,Chris Olave / Drake London / Juwan Johnson / Michael Penix Jr. / Tyler Shough,47700,<48000,3-3,1,100.51,134.62,147.66,171.05,0.0145,0,3,FORCED_CAPTAIN
1471,Chris Olave,WR,Alvin Kamara / Austin Hooper / Drake London / Kendre Miller / Michael Penix Jr.,50000,50000,3-3,1,95.62,128.14,138.69,158.77,0.0145,1,2,EXACT_OR_NEAR_OPTIMAL
1802,Chris Olave,WR,Bryce Lance / Daniel Carlson / Juwan Johnson / Nick Folk / Tyler Shough,45200,<48000,1-5,1,96.2,129.13,140.05,165.32,0.0145,0,2,EXACT_OR_NEAR_OPTIMAL
1838,Chris Olave,WR,Daniel Carlson / Devaughn Vele / Kyle Pitts Sr. / Saints / Tyler Shough,48400,48000-48900,1-5,1,92.15,123.38,133.52,154.07,0.0145,1,2,EXACT_OR_NEAR_OPTIMAL
2153,Daniel Carlson,K,Bijan Robinson / Falcons / Juwan Johnson / Michael Penix Jr. / Tyler Shough,48600,48000-48900,3-3,0,98.35,125.03,134.58,151.43,0.0145,1,1,EXACT_OR_NEAR_OPTIMAL
2186,Devaughn Vele,WR,Alvin Kamara / Barion Brown / Bijan Robinson / Juwan Johnson / Tyler Shough,48700,48000-48900,1-5,1,95.14,124.81,135.75,158.19,0.0145,1,2,EXACT_OR_NEAR_OPTIMAL
2207,Devaughn Vele,WR,Alvin Kamara / Brian Robinson Jr. / Drake London / Juwan Johnson / Tyler Shough,49500,49500-49900,2-4,1,93.9,126.85,135.17,154.57,0.0145,0,1,EXACT_OR_NEAR_OPTIMAL
2273,Devaughn Vele,WR,Bijan Robinson / Chris Olave / Drake London / Falcons / Kevin Austin Jr.,48700,48000-48900,3-3,0,95.17,123.01,133.16,151.0,0.0145,0,0,FORCED_CAPTAIN
2311,Devaughn Vele,WR,Chris Olave / Daniel Carlson / Falcons / Juwan Johnson / Tyler Shough,47900,<48000,1-5,1,94.8,125.83,136.36,157.44,0.0145,0,2,FORCED_CAPTAIN
2320,Devaughn Vele,WR,Chris Olave / Drake London / Saints / Treyton Welch / Tyler Shough,46500,<48000,1-5,1,93.12,124.12,134.27,156.69,0.0145,1,2,EXACT_OR_NEAR_OPTIMAL
2359,Drake London,WR,Alvin Kamara / Austin Hooper / Kyle Pitts Sr. / Michael Penix Jr. / Tyler Shough,49200,49000-49400,4-2,1,90.9,124.84,135.64,155.2,0.0145,1,1,EXACT_OR_NEAR_OPTIMAL
2400,Drake London,WR,Alvin Kamara / Brian Robinson Jr. / Daniel Carlson / Juwan Johnson / Tyler Shough,47600,<48000,2-4,1,95.78,126.81,136.24,153.24,0.0145,1,1,EXACT_OR_NEAR_OPTIMAL
2411,Drake London,WR,Alvin Kamara / Brian Robinson Jr. / Jahan Dotson / Michael Penix Jr. / Tyler Shough,47400,<48000,4-2,1,91.13,123.75,135.68,154.74,0.0145,0,1,EXACT_OR_NEAR_OPTIMAL
2415,Drake London,WR,Alvin Kamara / Brian Robinson Jr. / Kendre Miller / Michael Penix Jr. / Tyler Shough,49400,49000-49400,3-3,1,90.6,123.9,134.62,155.17,0.0145,0,1,EXACT_OR_NEAR_OPTIMAL
2451,Drake London,WR,Alvin Kamara / Chris Olave / Falcons / Michael Penix Jr. / Treyton Welch,45600,<48000,3-3,0,92.69,124.17,135.89,154.05,0.0145,0,0,EXACT_OR_NEAR_OPTIMAL
2472,Drake London,WR,Alvin Kamara / Daniel Carlson / Jahan Dotson / Juwan Johnson / Michael Penix Jr.,46200,<48000,3-3,1,88.44,121.24,131.65,153.05,0.0145,0,1,EXACT_OR_NEAR_OPTIMAL
2625,Drake London,WR,Bijan Robinson / Devaughn Vele / Kyle Pitts Sr. / Michael Penix Jr. / Treyton Welch,49600,49500-49900,4-2,1,90.03,123.15,133.02,152.98,0.0145,0,1,FORCED_CAPTAIN
2761,Drake London,WR,Devaughn Vele / Jahan Dotson / Juwan Johnson / Nick Folk / Tyler Shough,48200,48000-48900,3-3,1,92.16,123.95,135.89,154.56,0.0145,1,1,EXACT_OR_NEAR_OPTIMAL
2777,Drake London,WR,Juwan Johnson / Kyle Pitts Sr. / Michael Penix Jr. / Tyler Shough / Zachariah Branch,49200,49000-49400,4-2,1,90.26,125.07,137.93,156.96,0.0145,0,2,EXACT_OR_NEAR_OPTIMAL
2787,Falcons,DST,Alvin Kamara / Bijan Robinson / Chris Olave / Devaughn Vele / Nick Folk,48200,48000-48900,3-3,0,93.19,117.3,124.79,143.02,0.0145,0,0,FORCED_CAPTAIN
3034,Jahan Dotson,WR,Alvin Kamara / Bijan Robinson / Chris Olave / Drake London / Nick Folk,49500,49500-49900,4-2,0,100.28,126.8,135.8,152.06,0.0145,0,0,FORCED_CAPTAIN
3135,Jahan Dotson,WR,Chris Olave / Drake London / Kyle Pitts Sr. / Michael Penix Jr. / Tyler Shough,49700,49500-49900,4-2,1,95.42,129.75,140.45,161.8,0.0145,0,2,FORCED_CAPTAIN
3145,Juwan Johnson,TE,Alvin Kamara / Austin Hooper / Bijan Robinson / Devaughn Vele / Michael Penix Jr.,49500,49500-49900,3-3,1,94.41,124.29,133.5,154.84,0.0145,0,1,FORCED_CAPTAIN
3353,Juwan Johnson,TE,Brian Robinson Jr. / Drake London / Kyle Pitts Sr. / Michael Penix Jr. / Tyler Shough,49300,49000-49400,4-2,1,92.34,125.87,138.52,159.82,0.0145,1,2,EXACT_OR_NEAR_OPTIMAL
3821,Michael Penix Jr.,QB,Alvin Kamara / Austin Hooper / Chris Olave / Nick Folk / Tyler Shough,49100,49000-49400,3-3,1,96.96,128.32,136.89,158.22,0.0145,0,1,FORCED_CAPTAIN
3903,Michael Penix Jr.,QB,Bijan Robinson / Bryce Lance / Juwan Johnson / Nick Folk / Tyler Shough,49500,49500-49900,3-3,1,98.72,129.32,139.86,159.8,0.0145,0,2,FORCED_CAPTAIN
3979,Michael Penix Jr.,QB,Drake London / Jahan Dotson / Juwan Johnson / Kyle Pitts Sr. / Tyler Shough,49300,49000-49400,4-2,1,91.44,126.33,138.29,156.47,0.0145,0,2,FORCED_CAPTAIN
4001,Nick Folk,K,Alvin Kamara / Bijan Robinson / Daniel Carlson / Devaughn Vele / Tyler Shough,49100,49000-49400,2-4,1,93.78,119.42,126.26,142.93,0.0145,0,1,FORCED_CAPTAIN
4044,Nick Folk,K,Bijan Robinson / Brian Robinson Jr. / Chris Olave / Falcons / Tyler Shough,47700,<48000,4-2,0,96.79,125.38,132.26,150.31,0.0145,0,0,FORCED_CAPTAIN
4072,Nick Folk,K,Bijan Robinson / Daniel Carlson / Devaughn Vele / Drake London / Juwan Johnson,49900,49500-49900,3-3,0,94.09,121.3,129.31,145.97,0.0145,0,0,FORCED_CAPTAIN
4258,Olamide Zaccheaus,WR,Alvin Kamara / Bijan Robinson / Juwan Johnson / Michael Penix Jr. / Tyler Shough,47800,<48000,3-3,1,97.46,127.48,138.51,157.08,0.0145,0,2,FORCED_CAPTAIN
4578,Saints,DST,Chris Olave / Daniel Carlson / Drake London / Juwan Johnson / Michael Penix Jr.,48300,48000-48900,2-4,0,95.91,124.04,134.5,153.52,0.0145,0,1,EXACT_OR_NEAR_OPTIMAL
5081,Tyler Shough,QB,Alvin Kamara / Devaughn Vele / Falcons / Juwan Johnson / Michael Penix Jr.,49200,49000-49400,2-4,1,95.56,126.34,138.03,153.68,0.0145,0,1,EXACT_OR_NEAR_OPTIMAL
5091,Tyler Shough,QB,Alvin Kamara / Drake London / Juwan Johnson / Kendre Miller / Nick Folk,49200,49000-49400,2-4,1,95.26,126.25,136.07,155.65,0.0145,0,1,EXACT_OR_NEAR_OPTIMAL
5249,Tyler Shough,QB,Chris Olave / Devaughn Vele / Jahan Dotson / Michael Penix Jr. / Saints,49200,49000-49400,2-4,1,96.67,130.53,139.3,162.2,0.0145,0,1,EXACT_OR_NEAR_OPTIMAL
5273,Tyler Shough,QB,Devaughn Vele / Drake London / Falcons / Juwan Johnson / Nick Folk,48600,48000-48900,3-3,1,94.55,125.11,134.59,154.29,0.0145,0,1,EXACT_OR_NEAR_OPTIMAL
5470,Zachariah Branch,WR,Bijan Robinson / Chris Olave / Daniel Carlson / Drake London / Michael Penix Jr.,50000,50000,4-2,1,97.26,128.12,138.27,156.79,0.0145,0,3,FORCED_CAPTAIN
229,Austin Hooper,TE,Bijan Robinson / Brian Robinson Jr. / Chris Olave / Juwan Johnson / Tyler Shough,47600,<48000,3-3,1,100.73,132.25,142.16,166.6,0.014,0,2,FORCED_CAPTAIN
258,Austin Hooper,TE,Bijan Robinson / Chris Olave / Falcons / Juwan Johnson / Tyler Shough,47400,<48000,3-3,1,101.44,131.22,142.66,163.07,0.014,0,2,FORCED_CAPTAIN
438,Bijan Robinson,RB,Alvin Kamara / Austin Hooper / Devaughn Vele / Drake London / Saints,49500,49500-49900,3-3,0,94.55,120.36,129.66,142.58,0.014,1,1,EXACT_OR_NEAR_OPTIMAL
748,Brian Robinson Jr.,RB,Alvin Kamara / Bijan Robinson / Devaughn Vele / Juwan Johnson / Tyler Shough,49300,49000-49400,2-4,1,96.68,126.36,135.02,154.03,0.014,0,1,FORCED_CAPTAIN
782,Brian Robinson Jr.,RB,Bijan Robinson / Bryce Lance / Chris Olave / Michael Penix Jr. / Tyler Shough,48700,48000-48900,3-3,1,99.86,131.19,141.74,162.11,0.014,0,2,FORCED_CAPTAIN
790,Brian Robinson Jr.,RB,Bijan Robinson / Chris Olave / Daniel Carlson / Nick Folk / Tyler Shough,48100,48000-48900,3-3,0,98.01,126.73,134.34,154.27,0.014,1,0,EXACT_OR_NEAR_OPTIMAL
934,Bryce Lance,WR,Bijan Robinson / Chris Olave / Kyle Pitts Sr. / Michael Penix Jr. / Tyler Shough,49700,49500-49900,3-3,1,99.05,130.5,142.57,162.04,0.014,0,2,FORCED_CAPTAIN
1037,CJ Donaldson,RB,Bijan Robinson / Chris Olave / Devaughn Vele / Juwan Johnson / Tyler Shough,49500,49500-49900,1-5,1,102.08,134.31,145.35,166.93,0.014,0,3,EXACT_OR_NEAR_OPTIMAL
1276,Charlie Woerner,TE,Bijan Robinson / Chris Olave / Devaughn Vele / Juwan Johnson / Tyler Shough,48300,48000-48900,2-4,1,101.89,134.21,145.42,168.1,0.014,0,2,FORCED_CAPTAIN
1456,Chris Olave,WR,Alvin Kamara / Austin Hooper / Bijan Robinson / Daniel Carlson / Saints,46800,<48000,2-4,0,97.16,123.14,131.44,149.54,0.014,1,0,EXACT_OR_NEAR_OPTIMAL
1916,Chris Olave,WR,Falcons / Juwan Johnson / Kyle Pitts Sr. / Saints / Tyler Shough,46800,<48000,2-4,1,94.31,124.49,137.1,164.23,0.014,1,1,EXACT_OR_NEAR_OPTIMAL
2126,Daniel Carlson,K,Bijan Robinson / Chris Olave / Falcons / Saints / Tyler Shough,47200,<48000,2-4,0,98.95,123.59,130.97,145.32,0.014,0,0,FORCED_CAPTAIN
2141,Daniel Carlson,K,Bijan Robinson / Devaughn Vele / Juwan Johnson / Saints / Tyler Shough,48000,48000-48900,1-5,1,94.78,121.35,129.64,147.02,0.014,0,2,FORCED_CAPTAIN
2149,Daniel Carlson,K,Bijan Robinson / Drake London / Juwan Johnson / Olamide Zaccheaus / Tyler Shough,48000,48000-48900,3-3,0,99.8,128.94,138.78,157.95,0.014,0,1,FORCED_CAPTAIN
2150,Daniel Carlson,K,Bijan Robinson / Drake London / Kevin Austin Jr. / Michael Penix Jr. / Tyler Shough,48400,48000-48900,3-3,1,97.69,128.29,138.36,154.55,0.014,0,2,FORCED_CAPTAIN
2168,Daniel Carlson,K,Chris Olave / Drake London / Juwan Johnson / Michael Penix Jr. / Saints,48600,48000-48900,2-4,0,96.85,125.92,136.66,154.42,0.014,0,1,FORCED_CAPTAIN
2171,Daniel Carlson,K,Chris Olave / Juwan Johnson / Kyle Pitts Sr. / Michael Penix Jr. / Tyler Shough,49800,49500-49900,2-4,1,97.52,128.58,138.09,160.86,0.014,0,2,EXACT_OR_NEAR_OPTIMAL
2283,Devaughn Vele,WR,Bijan Robinson / Daniel Carlson / Drake London / Falcons / Juwan Johnson,49300,49000-49400,3-3,0,93.15,119.67,129.47,148.64,0.014,0,0,FORCED_CAPTAIN
2333,Devaughn Vele,WR,Daniel Carlson / Drake London / Juwan Johnson / Saints / Tyler Shough,47700,<48000,1-5,1,90.24,119.83,130.09,150.69,0.014,0,2,EXACT_OR_NEAR_OPTIMAL
2463,Drake London,WR,Alvin Kamara / Daniel Carlson / Devaughn Vele / Michael Penix Jr. / Nick Folk,49000,49000-49400,3-3,0,87.3,117.76,127.89,148.26,0.014,0,0,EXACT_OR_NEAR_OPTIMAL
2697,Drake London,WR,Chris Olave / Daniel Carlson / Jahan Dotson / Michael Penix Jr. / Saints,46800,<48000,3-3,1,90.93,121.98,132.91,154.56,0.014,0,1,EXACT_OR_NEAR_OPTIMAL
2738,Drake London,WR,Daniel Carlson / Devaughn Vele / Juwan Johnson / Michael Penix Jr. / Saints,48200,48000-48900,2-4,0,88.13,118.9,130.0,152.25,0.014,0,0,EXACT_OR_NEAR_OPTIMAL
2780,Falcons,DST,Alvin Kamara / Austin Hooper / Bijan Robinson / Chris Olave / Tyler Shough,47400,<48000,3-3,1,100.03,125.92,134.95,155.92,0.014,0,1,FORCED_CAPTAIN
2869,Falcons,DST,Bijan Robinson / Chris Olave / Michael Penix Jr. / Olamide Zaccheaus / Tyler Shough,48600,48000-48900,4-2,1,100.61,129.25,138.88,160.49,0.014,0,2,FORCED_CAPTAIN
2883,Falcons,DST,Bijan Robinson / Drake London / Juwan Johnson / Michael Penix Jr. / Saints,47800,<48000,4-2,1,93.03,120.64,128.97,141.69,0.014,0,2,FORCED_CAPTAIN
3080,Jahan Dotson,WR,Bijan Robinson / Bryce Lance / Chris Olave / Drake London / Michael Penix Jr.,47900,<48000,4-2,1,96.83,127.79,138.69,158.39,0.014,0,2,FORCED_CAPTAIN
3087,Jahan Dotson,WR,Bijan Robinson / Chris Olave / Daniel Carlson / Juwan Johnson / Michael Penix Jr.,48300,48000-48900,3-3,1,98.33,128.27,138.46,157.44,0.014,0,2,FORCED_CAPTAIN
3282,Juwan Johnson,TE,Austin Hooper / Drake London / Michael Penix Jr. / Saints / Tyler Shough,46700,<48000,3-3,1,92.54,125.34,135.94,157.15,0.014,0,2,EXACT_OR_NEAR_OPTIMAL
3871,Michael Penix Jr.,QB,Austin Hooper / Bijan Robinson / Chris Olave / Devaughn Vele / Jahan Dotson,49700,49500-49900,4-2,1,94.36,124.84,134.79,152.79,0.014,1,1,EXACT_OR_NEAR_OPTIMAL
4016,Nick Folk,K,Alvin Kamara / Chris Olave / Daniel Carlson / Michael Penix Jr. / Tyler Shough,49300,49000-49400,2-4,1,97.88,126.3,135.87,152.74,0.014,0,1,EXACT_OR_NEAR_OPTIMAL
4098,Nick Folk,K,Chris Olave / Drake London / Falcons / Juwan Johnson / Michael Penix Jr.,48900,48000-48900,4-2,0,95.39,124.5,134.58,154.89,0.014,0,1,FORCED_CAPTAIN
4241,Olamide Zaccheaus,WR,Alvin Kamara / Bijan Robinson / Chris Olave / Juwan Johnson / Michael Penix Jr.,49000,49000-49400,3-3,1,100.91,129.48,141.11,159.17,0.014,0,2,FORCED_CAPTAIN
4528,Saints,DST,Austin Hooper / Bijan Robinson / Drake London / Michael Penix Jr. / Tyler Shough,49500,49500-49900,4-2,1,97.83,126.14,134.68,149.43,0.014,1,2,EXACT_OR_NEAR_OPTIMAL
4745,Treyton Welch,TE,Alvin Kamara / Bijan Robinson / Drake London / Juwan Johnson / Tyler Shough,46100,<48000,2-4,1,100.92,130.28,139.71,154.61,0.014,0,2,FORCED_CAPTAIN
4773,Treyton Welch,TE,Bijan Robinson / Chris Olave / Daniel Carlson / Drake London / Michael Penix Jr.,46700,<48000,3-3,1,98.6,129.22,139.92,157.35,0.014,0,2,FORCED_CAPTAIN
5074,Tyler Shough,QB,Alvin Kamara / Daniel Carlson / Juwan Johnson / Michael Penix Jr. / Nick Folk,48000,48000-48900,2-4,1,95.33,125.6,135.33,151.75,0.014,1,1,EXACT_OR_NEAR_OPTIMAL
21,Alvin Kamara,RB,Austin Hooper / Chris Olave / Juwan Johnson / Saints / Tyler Shough,45300,<48000,1-5,1,94.96,124.26,134.88,158.72,0.0135,0,2,FORCED_CAPTAIN
140,Alvin Kamara,RB,Chris Olave / Drake London / Michael Penix Jr. / Nick Folk / Saints,49900,49500-49900,3-3,0,96.8,124.79,133.89,150.11,0.0135,0,0,EXACT_OR_NEAR_OPTIMAL
252,Austin Hooper,TE,Bijan Robinson / Chris Olave / Drake London / Juwan Johnson / Nick Folk,49600,49500-49900,4-2,0,101.86,130.96,139.84,158.9,0.0135,0,1,FORCED_CAPTAIN
371,Barion Brown,WR,Bijan Robinson / Chris Olave / Devaughn Vele / Juwan Johnson / Tyler Shough,49200,49000-49400,1-5,1,101.74,134.19,145.64,165.71,0.0135,0,3,EXACT_OR_NEAR_OPTIMAL
440,Bijan Robinson,RB,Alvin Kamara / Austin Hooper / Devaughn Vele / Michael Penix Jr. / Nick Folk,49700,49500-49900,4-2,1,91.43,119.89,128.13,143.25,0.0135,1,2,EXACT_OR_NEAR_OPTIMAL
616,Bijan Robinson,RB,Bryce Lance / Chris Olave / Daniel Carlson / Kendre Miller / Michael Penix Jr.,49100,49000-49400,2-4,0,95.41,124.22,136.11,154.15,0.0135,1,1,EXACT_OR_NEAR_OPTIMAL
712,Bijan Robinson,RB,Daniel Carlson / Jahan Dotson / Juwan Johnson / Michael Penix Jr. / Nick Folk,47300,<48000,4-2,1,91.61,120.05,129.18,149.71,0.0135,1,2,EXACT_OR_NEAR_OPTIMAL
729,Bijan Robinson,RB,Falcons / Juwan Johnson / Michael Penix Jr. / Nick Folk / Saints,47300,<48000,4-2,0,91.11,116.98,123.95,141.83,0.0135,1,1,EXACT_OR_NEAR_OPTIMAL
846,Brian Robinson Jr.,RB,Chris Olave / Drake London / Juwan Johnson / Saints / Tyler Shough,47700,<48000,2-4,1,98.25,128.4,139.03,160.03,0.0135,0,2,FORCED_CAPTAIN
880,Bryce Lance,WR,Alvin Kamara / Bijan Robinson / Juwan Johnson / Michael Penix Jr. / Tyler Shough,47500,<48000,2-4,1,97.93,129.17,139.06,154.94,0.0135,0,2,FORCED_CAPTAIN
905,Bryce Lance,WR,Bijan Robinson / Chris Olave / Daniel Carlson / Juwan Johnson / Tyler Shough,47100,<48000,1-5,1,102.76,134.45,143.24,166.73,0.0135,0,3,FORCED_CAPTAIN
911,Bryce Lance,WR,Bijan Robinson / Chris Olave / Devaughn Vele / Nick Folk / Tyler Shough,48100,48000-48900,2-4,1,97.45,128.29,137.84,160.56,0.0135,0,1,FORCED_CAPTAIN
1031,CJ Donaldson,RB,Bijan Robinson / Chris Olave / Daniel Carlson / Drake London / Tyler Shough,49100,49000-49400,2-4,1,103.57,132.88,142.9,159.4,0.0135,0,2,EXACT_OR_NEAR_OPTIMAL
1625,Chris Olave,WR,Austin Hooper / Brian Robinson Jr. / Daniel Carlson / Drake London / Tyler Shough,47200,<48000,3-3,0,98.2,131.17,140.72,163.97,0.0135,0,0,EXACT_OR_NEAR_OPTIMAL
1784,Chris Olave,WR,Brian Robinson Jr. / Drake London / Falcons / Michael Penix Jr. / Nick Folk,48000,48000-48900,5-1,1,93.05,124.12,133.55,154.66,0.0135,0,2,EXACT_OR_NEAR_OPTIMAL
1889,Chris Olave,WR,Devaughn Vele / Kevin Austin Jr. / Kyle Pitts Sr. / Michael Penix Jr. / Tyler Shough,49200,49000-49400,2-4,1,93.57,128.12,140.18,164.12,0.0135,0,1,EXACT_OR_NEAR_OPTIMAL
1897,Chris Olave,WR,Drake London / Falcons / Kyle Pitts Sr. / Michael Penix Jr. / Saints,48800,48000-48900,4-2,1,91.81,122.91,129.86,152.55,0.0135,0,1,EXACT_OR_NEAR_OPTIMAL
1904,Chris Olave,WR,Drake London / Juwan Johnson / Kendre Miller / Michael Penix Jr. / Olamide Zaccheaus,49600,49500-49900,3-3,1,96.67,129.89,142.38,165.37,0.0135,1,2,EXACT_OR_NEAR_OPTIMAL
2064,Daniel Carlson,K,Alvin Kamara / Bijan Robinson / Devaughn Vele / Saints / Tyler Shough,47600,<48000,1-5,1,92.43,115.16,122.8,137.41,0.0135,0,2,FORCED_CAPTAIN
2083,Daniel Carlson,K,Alvin Kamara / Chris Olave / Juwan Johnson / Nick Folk / Tyler Shough,47400,<48000,1-5,1,98.53,128.07,136.73,158.02,0.0135,0,2,FORCED_CAPTAIN
2192,Devaughn Vele,WR,Alvin Kamara / Bijan Robinson / Cal Adomitis / Drake London / Michael Penix Jr.,49700,49500-49900,3-3,1,92.72,122.8,131.76,148.13,0.0135,0,1,FORCED_CAPTAIN
2262,Devaughn Vele,WR,Bijan Robinson / Bryce Lance / Chris Olave / Olamide Zaccheaus / Tyler Shough,47700,<48000,2-4,1,95.98,127.48,139.6,160.89,0.0135,0,1,FORCED_CAPTAIN
2340,Devaughn Vele,WR,Drake London / Juwan Johnson / Michael Penix Jr. / Treyton Welch / Tyler Shough,47900,<48000,2-4,1,92.51,125.9,139.1,162.63,0.0135,0,2,FORCED_CAPTAIN
2468,Drake London,WR,Alvin Kamara / Daniel Carlson / Falcons / Juwan Johnson / Michael Penix Jr.,46800,<48000,3-3,0,89.81,120.53,130.8,150.16,0.0135,0,0,EXACT_OR_NEAR_OPTIMAL
2525,Drake London,WR,Alvin Kamara / Juwan Johnson / Kyle Pitts Sr. / Michael Penix Jr. / Nick Folk,49600,49500-49900,4-2,1,89.03,120.6,132.54,151.68,0.0135,0,1,EXACT_OR_NEAR_OPTIMAL
2707,Drake London,WR,Chris Olave / Daniel Carlson / Nick Folk / Treyton Welch / Tyler Shough,45800,<48000,2-4,1,96.53,128.0,137.54,158.95,0.0135,0,1,EXACT_OR_NEAR_OPTIMAL
2833,Falcons,DST,Bijan Robinson / Brian Robinson Jr. / Chris Olave / Juwan Johnson / Michael Penix Jr.,48200,48000-48900,4-2,1,96.88,124.38,134.07,151.44,0.0135,1,2,EXACT_OR_NEAR_OPTIMAL
2855,Falcons,DST,Bijan Robinson / Chris Olave / Devaughn Vele / Juwan Johnson / Saints,47400,<48000,2-4,0,94.02,119.57,127.24,144.68,0.0135,0,0,FORCED_CAPTAIN
2886,Falcons,DST,Bijan Robinson / Drake London / Michael Penix Jr. / Saints / Tyler Shough,50000,50000,4-2,1,99.25,125.72,133.91,148.92,0.0135,1,3,EXACT_OR_NEAR_OPTIMAL
3129,Jahan Dotson,WR,Chris Olave / Devaughn Vele / Juwan Johnson / Michael Penix Jr. / Tyler Shough,49100,49000-49400,2-4,1,97.18,131.71,143.82,168.07,0.0135,0,2,FORCED_CAPTAIN
3200,Juwan Johnson,TE,Alvin Kamara / Chris Olave / Daniel Carlson / Drake London / Kyle Pitts Sr.,49500,49500-49900,2-4,0,97.42,126.65,137.72,155.85,0.0135,1,0,EXACT_OR_NEAR_OPTIMAL
3226,Juwan Johnson,TE,Alvin Kamara / Daniel Carlson / Drake London / Michael Penix Jr. / Nick Folk,47300,<48000,3-3,0,90.18,119.5,129.83,145.48,0.0135,0,0,EXACT_OR_NEAR_OPTIMAL
3868,Michael Penix Jr.,QB,Austin Hooper / Bijan Robinson / Brian Robinson Jr. / Juwan Johnson / Tyler Shough,48900,48000-48900,4-2,1,96.54,128.64,139.39,160.37,0.0135,1,2,EXACT_OR_NEAR_OPTIMAL
3905,Michael Penix Jr.,QB,Bijan Robinson / CJ Donaldson / Drake London / Falcons / Tyler Shough,49900,49500-49900,4-2,1,98.19,128.72,138.98,157.06,0.0135,1,2,EXACT_OR_NEAR_OPTIMAL
3987,Nick Folk,K,Alvin Kamara / Bijan Robinson / Brian Robinson Jr. / Juwan Johnson / Tyler Shough,47700,<48000,3-3,1,95.23,123.89,131.46,148.02,0.0135,0,1,FORCED_CAPTAIN
4024,Nick Folk,K,Alvin Kamara / Chris Olave / Juwan Johnson / Kyle Pitts Sr. / Tyler Shough,48700,48000-48900,2-4,1,95.11,125.43,136.76,158.32,0.0135,0,1,FORCED_CAPTAIN
4042,Nick Folk,K,Bijan Robinson / Brian Robinson Jr. / Chris Olave / Drake London / Falcons,48100,48000-48900,5-1,0,94.75,121.85,128.42,146.86,0.0135,0,1,FORCED_CAPTAIN
4061,Nick Folk,K,Bijan Robinson / Chris Olave / Drake London / Juwan Johnson / Kevin Austin Jr.,48900,48000-48900,3-3,0,101.08,130.2,139.63,155.46,0.0135,0,1,FORCED_CAPTAIN
4082,Nick Folk,K,Bijan Robinson / Falcons / Juwan Johnson / Michael Penix Jr. / Tyler Shough,49500,49500-49900,4-2,0,97.83,125.66,134.05,151.1,0.0135,0,1,FORCED_CAPTAIN
4083,Nick Folk,K,Bijan Robinson / Jahan Dotson / Juwan Johnson / Michael Penix Jr. / Tyler Shough,48900,48000-48900,4-2,1,96.45,125.78,135.27,153.43,0.0135,1,2,EXACT_OR_NEAR_OPTIMAL
4086,Nick Folk,K,Brian Robinson Jr. / Chris Olave / Devaughn Vele / Juwan Johnson / Tyler Shough,47500,<48000,2-4,1,92.22,124.82,134.66,155.91,0.0135,0,1,FORCED_CAPTAIN
4536,Saints,DST,Bijan Robinson / Bryce Lance / Chris Olave / Michael Penix Jr. / Tyler Shough,49300,49000-49400,2-4,1,102.33,130.94,139.81,159.21,0.0135,0,2,FORCED_CAPTAIN
4582,Saints,DST,Chris Olave / Devaughn Vele / Drake London / Falcons / Tyler Shough,48100,48000-48900,2-4,1,94.82,123.64,132.98,149.58,0.0135,0,1,FORCED_CAPTAIN
5069,Tyler Shough,QB,Alvin Kamara / Daniel Carlson / Drake London / Juwan Johnson / Kendre Miller,48600,48000-48900,1-5,1,95.6,126.53,135.09,155.03,0.0135,0,2,EXACT_OR_NEAR_OPTIMAL
5195,Tyler Shough,QB,Brian Robinson Jr. / Chris Olave / Devaughn Vele / Jahan Dotson / Michael Penix Jr.,48800,48000-48900,3-3,1,95.03,129.2,140.95,163.03,0.0135,1,1,EXACT_OR_NEAR_OPTIMAL
5281,Tyler Shough,QB,Devaughn Vele / Drake London / Juwan Johnson / Kyle Pitts Sr. / Saints,49600,49500-49900,2-4,1,92.59,125.04,136.1,153.85,0.0135,0,1,EXACT_OR_NEAR_OPTIMAL
108,Alvin Kamara,RB,Bryce Lance / Devaughn Vele / Drake London / Michael Penix Jr. / Tyler Shough,48700,48000-48900,2-4,1,92.57,125.27,133.55,152.9,0.013,0,1,EXACT_OR_NEAR_OPTIMAL
206,Austin Hooper,TE,Alvin Kamara / Bijan Robinson / Devaughn Vele / Michael Penix Jr. / Tyler Shough,49400,49000-49400,3-3,1,94.45,124.07,132.05,150.01,0.013,1,1,EXACT_OR_NEAR_OPTIMAL
294,Austin Hooper,TE,Chris Olave / Devaughn Vele / Juwan Johnson / Michael Penix Jr. / Tyler Shough,48800,48000-48900,2-4,1,96.41,130.2,143.5,164.61,0.013,0,2,EXACT_OR_NEAR_OPTIMAL
640,Bijan Robinson,RB,Cal Adomitis / Chris Olave / Daniel Carlson / Kendre Miller / Tyler Shough,48100,48000-48900,1-5,1,99.7,129.96,139.81,158.53,0.013,1,3,EXACT_OR_NEAR_OPTIMAL
769,Brian Robinson Jr.,RB,Alvin Kamara / Drake London / Juwan Johnson / Michael Penix Jr. / Tyler Shough,48700,48000-48900,3-3,1,95.29,127.14,137.12,158.26,0.013,0,2,EXACT_OR_NEAR_OPTIMAL
881,Bryce Lance,WR,Alvin Kamara / Chris Olave / Devaughn Vele / Drake London / Tyler Shough,47900,<48000,1-5,1,97.21,129.75,139.49,159.05,0.013,0,2,FORCED_CAPTAIN
1086,CJ Donaldson,RB,Chris Olave / Drake London / Juwan Johnson / Michael Penix Jr. / Tyler Shough,48900,48000-48900,2-4,1,100.7,134.88,147.68,171.38,0.013,0,3,EXACT_OR_NEAR_OPTIMAL
1124,Cal Adomitis,TE,Alvin Kamara / Bijan Robinson / Drake London / Michael Penix Jr. / Tyler Shough,47700,<48000,3-3,1,98.52,128.86,139.45,155.77,0.013,0,2,FORCED_CAPTAIN
1209,Cal Adomitis,TE,Chris Olave / Drake London / Juwan Johnson / Michael Penix Jr. / Tyler Shough,47100,<48000,2-4,1,100.48,134.71,147.44,170.24,0.013,0,3,FORCED_CAPTAIN
1569,Chris Olave,WR,Alvin Kamara / Devaughn Vele / Falcons / Kendre Miller / Tyler Shough,49200,49000-49400,1-5,1,95.04,126.2,136.33,159.54,0.013,0,2,EXACT_OR_NEAR_OPTIMAL
1588,Chris Olave,WR,Alvin Kamara / Falcons / Juwan Johnson / Michael Penix Jr. / Nick Folk,48600,48000-48900,3-3,0,97.7,125.76,135.3,154.92,0.013,0,0,EXACT_OR_NEAR_OPTIMAL
1600,Chris Olave,WR,Alvin Kamara / Juwan Johnson / Kyle Pitts Sr. / Michael Penix Jr. / Saints,49600,49500-49900,2-4,0,95.74,124.28,134.07,156.26,0.013,1,0,EXACT_OR_NEAR_OPTIMAL
1901,Chris Olave,WR,Drake London / Falcons / Nick Folk / Treyton Welch / Tyler Shough,45000,<48000,3-3,1,96.47,127.14,137.27,161.66,0.013,0,1,EXACT_OR_NEAR_OPTIMAL
2155,Daniel Carlson,K,Bijan Robinson / Juwan Johnson / Kendre Miller / Michael Penix Jr. / Tyler Shough,50000,50000,2-4,1,96.44,125.12,135.2,153.0,0.013,0,3,FORCED_CAPTAIN
2182,Devaughn Vele,WR,Alvin Kamara / Austin Hooper / Bijan Robinson / Juwan Johnson / Michael Penix Jr.,49700,49500-49900,3-3,1,91.92,120.68,129.58,148.15,0.013,0,1,FORCED_CAPTAIN
2243,Devaughn Vele,WR,Austin Hooper / Bijan Robinson / Chris Olave / Treyton Welch / Tyler Shough,46900,<48000,2-4,1,96.18,128.33,138.66,161.22,0.013,0,1,FORCED_CAPTAIN
2287,Devaughn Vele,WR,Bijan Robinson / Daniel Carlson / Jahan Dotson / Michael Penix Jr. / Tyler Shough,49900,49500-49900,3-3,1,93.35,122.08,131.92,152.45,0.013,1,1,EXACT_OR_NEAR_OPTIMAL
2490,Drake London,WR,Alvin Kamara / Devaughn Vele / Falcons / Saints / Tyler Shough,47200,<48000,2-4,1,89.65,117.35,125.7,144.54,0.013,1,1,EXACT_OR_NEAR_OPTIMAL
2494,Drake London,WR,Alvin Kamara / Devaughn Vele / Juwan Johnson / Michael Penix Jr. / Olamide Zaccheaus,48200,48000-48900,3-3,1,89.31,121.34,134.72,154.46,0.013,0,1,EXACT_OR_NEAR_OPTIMAL
2702,Drake London,WR,Chris Olave / Daniel Carlson / Kendre Miller / Michael Penix Jr. / Saints,48800,48000-48900,2-4,0,90.39,121.29,131.96,153.45,0.013,1,0,EXACT_OR_NEAR_OPTIMAL
2893,Falcons,DST,Chris Olave / Devaughn Vele / Drake London / Nick Folk / Tyler Shough,49000,49000-49400,3-3,1,95.88,125.09,133.84,152.47,0.013,1,1,EXACT_OR_NEAR_OPTIMAL
3876,Michael Penix Jr.,QB,Austin Hooper / Bijan Robinson / Devaughn Vele / Drake London / Falcons,49500,49500-49900,5-1,1,90.24,120.46,132.1,149.36,0.013,1,2,EXACT_OR_NEAR_OPTIMAL
4022,Nick Folk,K,Alvin Kamara / Chris Olave / Falcons / Juwan Johnson / Tyler Shough,46500,<48000,2-4,1,95.55,123.76,133.25,157.58,0.013,0,1,FORCED_CAPTAIN
4530,Saints,DST,Austin Hooper / Chris Olave / Drake London / Michael Penix Jr. / Tyler Shough,48500,48000-48900,3-3,1,97.44,128.87,139.1,156.16,0.013,1,2,EXACT_OR_NEAR_OPTIMAL
4550,Saints,DST,Bijan Robinson / Chris Olave / Drake London / Juwan Johnson / Olamide Zaccheaus,48300,48000-48900,3-3,0,100.44,127.21,136.9,150.54,0.013,0,1,FORCED_CAPTAIN
4556,Saints,DST,Bijan Robinson / Chris Olave / Falcons / Nick Folk / Tyler Shough,47500,<48000,3-3,0,97.67,122.24,129.68,147.65,0.013,0,0,FORCED_CAPTAIN
5168,Tyler Shough,QB,Bijan Robinson / Chris Olave / Daniel Carlson / Saints / Treyton Welch,46200,<48000,1-5,1,101.91,130.93,139.09,159.15,0.013,1,2,EXACT_OR_NEAR_OPTIMAL
5279,Tyler Shough,QB,Devaughn Vele / Drake London / Juwan Johnson / Kendre Miller / Nick Folk,50000,50000,2-4,1,92.64,125.47,135.31,157.87,0.013,1,2,EXACT_OR_NEAR_OPTIMAL
112,Alvin Kamara,RB,Cal Adomitis / Chris Olave / Devaughn Vele / Michael Penix Jr. / Tyler Shough,47900,<48000,1-5,1,95.67,126.16,138.26,155.97,0.0125,0,2,EXACT_OR_NEAR_OPTIMAL
185,Alvin Kamara,RB,Drake London / Juwan Johnson / Nick Folk / Saints / Tyler Shough,47100,<48000,2-4,1,93.82,122.0,130.89,147.84,0.0125,0,1,EXACT_OR_NEAR_OPTIMAL
225,Austin Hooper,TE,Alvin Kamara / Drake London / Juwan Johnson / Michael Penix Jr. / Tyler Shough,47200,<48000,3-3,1,93.53,125.77,136.98,155.84,0.0125,0,2,FORCED_CAPTAIN
250,Austin Hooper,TE,Bijan Robinson / Chris Olave / Drake London / Jahan Dotson / Michael Penix Jr.,48800,48000-48900,5-1,1,97.56,128.39,139.74,158.3,0.0125,0,3,FORCED_CAPTAIN
421,Barion Brown,WR,Chris Olave / Drake London / Juwan Johnson / Michael Penix Jr. / Tyler Shough,48600,48000-48900,2-4,1,100.36,134.62,147.42,169.32,0.0125,0,3,EXACT_OR_NEAR_OPTIMAL
426,Bijan Robinson,RB,Alvin Kamara / Austin Hooper / Brian Robinson Jr. / Chris Olave / Daniel Carlson,46900,<48000,3-3,0,95.71,122.2,130.6,149.19,0.0125,1,1,EXACT_OR_NEAR_OPTIMAL
745,Brian Robinson Jr.,RB,Alvin Kamara / Bijan Robinson / Chris Olave / Michael Penix Jr. / Nick Folk,49700,49500-49900,4-2,1,96.62,123.35,132.08,147.2,0.0125,1,1,EXACT_OR_NEAR_OPTIMAL
798,Brian Robinson Jr.,RB,Bijan Robinson / Chris Olave / Drake London / Jahan Dotson / Juwan Johnson,48700,48000-48900,4-2,0,99.79,128.9,139.98,154.69,0.0125,0,1,FORCED_CAPTAIN
858,Bryce Lance,WR,Alvin Kamara / Bijan Robinson / Chris Olave / Daniel Carlson / Tyler Shough,46700,<48000,1-5,1,100.41,128.43,138.22,157.99,0.0125,0,2,FORCED_CAPTAIN
2102,Daniel Carlson,K,Bijan Robinson / Brian Robinson Jr. / Chris Olave / Saints / Tyler Shough,47400,<48000,2-4,0,98.24,123.99,131.27,149.1,0.0125,0,0,FORCED_CAPTAIN
2180,Devaughn Vele,WR,Alvin Kamara / Austin Hooper / Bijan Robinson / Chris Olave / Nick Folk,49500,49500-49900,3-3,0,94.05,120.86,128.51,148.75,0.0125,0,0,FORCED_CAPTAIN
2196,Devaughn Vele,WR,Alvin Kamara / Bijan Robinson / Daniel Carlson / Falcons / Tyler Shough,48500,48000-48900,2-4,1,92.84,117.5,125.46,143.09,0.0125,0,1,FORCED_CAPTAIN
2241,Devaughn Vele,WR,Austin Hooper / Bijan Robinson / Chris Olave / Falcons / Michael Penix Jr.,49700,49500-49900,4-2,1,93.48,121.99,132.11,147.82,0.0125,0,1,FORCED_CAPTAIN
2289,Devaughn Vele,WR,Bijan Robinson / Drake London / Falcons / Juwan Johnson / Nick Folk,49900,49500-49900,4-2,0,92.8,119.17,129.34,146.0,0.0125,0,0,FORCED_CAPTAIN
2310,Devaughn Vele,WR,Chris Olave / Daniel Carlson / Drake London / Juwan Johnson / Saints,48900,48000-48900,1-5,0,93.69,122.55,130.78,148.68,0.0125,0,1,FORCED_CAPTAIN
2399,Drake London,WR,Alvin Kamara / Brian Robinson Jr. / Daniel Carlson / Juwan Johnson / Michael Penix Jr.,47000,<48000,3-3,1,89.1,120.94,132.93,152.51,0.0125,0,1,EXACT_OR_NEAR_OPTIMAL
2429,Drake London,WR,Alvin Kamara / Bryce Lance / Kyle Pitts Sr. / Michael Penix Jr. / Tyler Shough,48200,48000-48900,3-3,1,89.91,123.26,134.04,155.93,0.0125,0,1,EXACT_OR_NEAR_OPTIMAL
2508,Drake London,WR,Alvin Kamara / Falcons / Juwan Johnson / Michael Penix Jr. / Nick Folk,47400,<48000,4-2,0,89.46,119.18,130.22,148.53,0.0125,0,0,EXACT_OR_NEAR_OPTIMAL
2611,Drake London,WR,Bijan Robinson / Daniel Carlson / Devaughn Vele / Nick Folk / Saints,49000,49000-49400,3-3,0,90.66,116.38,126.59,143.56,0.0125,1,0,EXACT_OR_NEAR_OPTIMAL
3117,Jahan Dotson,WR,Bijan Robinson / Drake London / Michael Penix Jr. / Saints / Tyler Shough,49100,49000-49400,4-2,1,97.19,125.97,134.68,152.48,0.0125,0,2,FORCED_CAPTAIN
3176,Juwan Johnson,TE,Alvin Kamara / Bijan Robinson / Drake London / Kyle Pitts Sr. / Saints,49900,49500-49900,3-3,0,95.94,123.02,130.45,149.94,0.0125,1,0,EXACT_OR_NEAR_OPTIMAL
3245,Juwan Johnson,TE,Alvin Kamara / Drake London / Falcons / Nick Folk / Tyler Shough,46700,<48000,3-3,1,94.06,123.39,132.34,151.28,0.0125,0,1,EXACT_OR_NEAR_OPTIMAL
3415,Juwan Johnson,TE,Drake London / Falcons / Kyle Pitts Sr. / Michael Penix Jr. / Tyler Shough,49100,49000-49400,4-2,1,93.05,124.59,135.98,157.14,0.0125,0,2,EXACT_OR_NEAR_OPTIMAL
3895,Michael Penix Jr.,QB,Bijan Robinson / Brian Robinson Jr. / Jahan Dotson / Juwan Johnson / Tyler Shough,49100,49000-49400,4-2,1,97.05,128.11,140.7,161.74,0.0125,1,2,EXACT_OR_NEAR_OPTIMAL
3923,Michael Penix Jr.,QB,Bijan Robinson / Chris Olave / Jahan Dotson / Juwan Johnson / Olamide Zaccheaus,48500,48000-48900,4-2,1,98.02,129.57,140.49,160.97,0.0125,0,2,FORCED_CAPTAIN
3926,Michael Penix Jr.,QB,Bijan Robinson / Daniel Carlson / Drake London / Jahan Dotson / Nick Folk,48500,48000-48900,5-1,1,90.53,120.97,132.45,149.46,0.0125,0,2,FORCED_CAPTAIN
3953,Michael Penix Jr.,QB,Charlie Woerner / Chris Olave / Drake London / Jahan Dotson / Tyler Shough,47500,<48000,4-2,1,96.29,131.46,142.83,164.35,0.0125,0,2,EXACT_OR_NEAR_OPTIMAL
4036,Nick Folk,K,Austin Hooper / Chris Olave / Devaughn Vele / Drake London / Tyler Shough,49100,49000-49400,3-3,1,95.22,127.03,136.12,154.1,0.0125,0,1,FORCED_CAPTAIN
4097,Nick Folk,K,Chris Olave / Devaughn Vele / Juwan Johnson / Saints / Tyler Shough,47900,<48000,1-5,1,93.87,125.39,134.92,156.83,0.0125,0,2,FORCED_CAPTAIN
4104,Nick Folk,K,Chris Olave / Jahan Dotson / Juwan Johnson / Michael Penix Jr. / Tyler Shough,47900,<48000,3-3,1,96.06,127.27,138.38,159.96,0.0125,0,2,FORCED_CAPTAIN
4305,Olamide Zaccheaus,WR,Bijan Robinson / Chris Olave / Drake London / Michael Penix Jr. / Saints,48800,48000-48900,4-2,1,97.91,127.22,136.75,153.97,0.0125,0,2,FORCED_CAPTAIN
4317,Olamide Zaccheaus,WR,Bijan Robinson / Chris Olave / Kyle Pitts Sr. / Michael Penix Jr. / Tyler Shough,50000,50000,4-2,1,98.58,130.21,141.06,160.57,0.0125,1,3,EXACT_OR_NEAR_OPTIMAL
4547,Saints,DST,Bijan Robinson / Chris Olave / Devaughn Vele / Juwan Johnson / Nick Folk,49500,49500-49900,2-4,0,96.95,122.57,129.94,147.45,0.0125,0,0,FORCED_CAPTAIN
4571,Saints,DST,Bijan Robinson / Drake London / Juwan Johnson / Michael Penix Jr. / Nick Folk,49900,49500-49900,4-2,1,95.96,121.3,131.37,148.13,0.0125,0,2,FORCED_CAPTAIN
4592,Saints,DST,Chris Olave / Drake London / Jahan Dotson / Michael Penix Jr. / Tyler Shough,48700,48000-48900,3-3,1,97.95,128.77,139.69,158.32,0.0125,0,2,FORCED_CAPTAIN
4728,Treyton Welch,TE,Alvin Kamara / Bijan Robinson / Chris Olave / Devaughn Vele / Tyler Shough,47300,<48000,1-5,1,101.44,131.67,140.71,163.31,0.0125,0,2,FORCED_CAPTAIN
5217,Tyler Shough,QB,Bryce Lance / Chris Olave / Devaughn Vele / Kyle Pitts Sr. / Michael Penix Jr.,49600,49500-49900,2-4,1,93.8,128.59,140.01,162.68,0.0125,1,1,EXACT_OR_NEAR_OPTIMAL
5265,Tyler Shough,QB,Daniel Carlson / Devaughn Vele / Drake London / Falcons / Michael Penix Jr.,49600,49500-49900,3-3,0,94.43,123.46,134.01,150.92,0.0125,0,0,EXACT_OR_NEAR_OPTIMAL
5274,Tyler Shough,QB,Devaughn Vele / Drake London / Falcons / Juwan Johnson / Saints,47400,<48000,2-4,1,93.03,123.35,133.38,151.43,0.0125,0,1,EXACT_OR_NEAR_OPTIMAL
143,Alvin Kamara,RB,Chris Olave / Jahan Dotson / Kyle Pitts Sr. / Michael Penix Jr. / Tyler Shough,48700,48000-48900,3-3,1,93.63,123.91,135.75,155.4,0.012,0,1,EXACT_OR_NEAR_OPTIMAL
157,Alvin Kamara,RB,Daniel Carlson / Devaughn Vele / Juwan Johnson / Michael Penix Jr. / Tyler Shough,49100,49000-49400,1-5,1,94.08,124.44,134.71,149.4,0.012,0,2,EXACT_OR_NEAR_OPTIMAL
232,Austin Hooper,TE,Bijan Robinson / Bryce Lance / Chris Olave / Drake London / Tyler Shough,48200,48000-48900,3-3,1,102.74,134.74,145.0,162.8,0.012,0,2,FORCED_CAPTAIN
251,Austin Hooper,TE,Bijan Robinson / Chris Olave / Drake London / Jahan Dotson / Tyler Shough,49400,49000-49400,4-2,0,104.25,134.97,146.87,165.49,0.012,0,1,FORCED_CAPTAIN
254,Austin Hooper,TE,Bijan Robinson / Chris Olave / Drake London / Michael Penix Jr. / Olamide Zaccheaus,47800,<48000,5-1,1,95.74,126.91,137.38,156.14,0.012,0,3,FORCED_CAPTAIN
383,Barion Brown,WR,Bijan Robinson / Chris Olave / Drake London / Nick Folk / Tyler Shough,49400,49000-49400,3-3,1,102.89,132.86,141.9,159.84,0.012,0,2,FORCED_CAPTAIN
1006,CJ Donaldson,RB,Alvin Kamara / Bijan Robinson / Drake London / Michael Penix Jr. / Tyler Shough,49500,49500-49900,3-3,1,98.74,128.87,139.76,155.77,0.012,0,2,EXACT_OR_NEAR_OPTIMAL
1522,Chris Olave,WR,Alvin Kamara / Brian Robinson Jr. / Devaughn Vele / Olamide Zaccheaus / Tyler Shough,46400,<48000,2-4,1,93.05,126.3,137.72,157.2,0.012,1,1,EXACT_OR_NEAR_OPTIMAL
1633,Chris Olave,WR,Austin Hooper / Daniel Carlson / Devaughn Vele / Nick Folk / Tyler Shough,46600,<48000,2-4,1,92.22,124.17,134.52,155.2,0.012,0,1,EXACT_OR_NEAR_OPTIMAL
2189,Devaughn Vele,WR,Alvin Kamara / Bijan Robinson / Bryce Lance / Drake London / Juwan Johnson,49700,49500-49900,2-4,0,95.58,123.74,132.4,149.19,0.012,0,0,FORCED_CAPTAIN
2542,Drake London,WR,Austin Hooper / Bijan Robinson / Daniel Carlson / Jahan Dotson / Michael Penix Jr.,46400,<48000,5-1,1,88.5,121.25,132.73,152.35,0.012,1,2,EXACT_OR_NEAR_OPTIMAL
2752,Drake London,WR,Daniel Carlson / Michael Penix Jr. / Nick Folk / Saints / Tyler Shough,48000,48000-48900,3-3,0,91.31,120.76,131.22,151.73,0.012,0,0,EXACT_OR_NEAR_OPTIMAL
2799,Falcons,DST,Alvin Kamara / Bijan Robinson / Drake London / Juwan Johnson / Nick Folk,47000,<48000,4-2,0,92.67,116.7,124.52,137.92,0.012,0,0,FORCED_CAPTAIN
2838,Falcons,DST,Bijan Robinson / Brian Robinson Jr. / Drake London / Michael Penix Jr. / Tyler Shough,49600,49500-49900,5-1,1,97.6,125.84,133.47,152.51,0.012,0,3,FORCED_CAPTAIN
3037,Jahan Dotson,WR,Alvin Kamara / Bijan Robinson / Chris Olave / Michael Penix Jr. / Nick Folk,48500,48000-48900,4-2,1,95.63,122.82,131.83,149.65,0.012,0,1,FORCED_CAPTAIN
3083,Jahan Dotson,WR,Bijan Robinson / Bryce Lance / Chris Olave / Michael Penix Jr. / Tyler Shough,47500,<48000,3-3,1,98.86,130.97,141.69,162.19,0.012,0,2,FORCED_CAPTAIN
3515,Kendre Miller,RB,Bijan Robinson / Chris Olave / Drake London / Treyton Welch / Tyler Shough,49900,49500-49900,2-4,1,101.6,131.96,142.39,163.0,0.012,0,2,EXACT_OR_NEAR_OPTIMAL
3830,Michael Penix Jr.,QB,Alvin Kamara / Bijan Robinson / Daniel Carlson / Jahan Dotson / Juwan Johnson,47500,<48000,3-3,1,92.0,120.4,128.62,149.43,0.012,0,1,FORCED_CAPTAIN
3883,Michael Penix Jr.,QB,Austin Hooper / Chris Olave / Devaughn Vele / Nick Folk / Tyler Shough,49900,49500-49900,3-3,1,94.35,126.85,137.79,158.31,0.012,1,1,EXACT_OR_NEAR_OPTIMAL
3936,Michael Penix Jr.,QB,Brian Robinson Jr. / Chris Olave / Drake London / Falcons / Juwan Johnson,49100,49000-49400,4-2,1,95.99,127.73,140.06,161.63,0.012,0,2,FORCED_CAPTAIN
3961,Michael Penix Jr.,QB,Chris Olave / Drake London / Jahan Dotson / Juwan Johnson / Saints,48900,48000-48900,3-3,1,96.26,127.99,139.52,160.4,0.012,0,2,EXACT_OR_NEAR_OPTIMAL
4006,Nick Folk,K,Alvin Kamara / Bijan Robinson / Drake London / Jahan Dotson / Michael Penix Jr.,48900,48000-48900,5-1,1,92.06,120.99,129.38,143.42,0.012,0,2,FORCED_CAPTAIN
4088,Nick Folk,K,Bryce Lance / Chris Olave / Devaughn Vele / Drake London / Tyler Shough,48100,48000-48900,2-4,1,94.23,125.65,134.71,154.95,0.012,1,1,EXACT_OR_NEAR_OPTIMAL
4252,Olamide Zaccheaus,WR,Alvin Kamara / Bijan Robinson / Drake London / Juwan Johnson / Michael Penix Jr.,48200,48000-48900,4-2,1,95.42,126.13,135.21,153.86,0.012,0,2,FORCED_CAPTAIN
4306,Olamide Zaccheaus,WR,Bijan Robinson / Chris Olave / Drake London / Saints / Tyler Shough,49400,49000-49400,3-3,0,104.59,133.88,143.01,163.78,0.012,0,1,FORCED_CAPTAIN
4515,Saints,DST,Alvin Kamara / Daniel Carlson / Drake London / Juwan Johnson / Tyler Shough,45100,<48000,1-5,1,90.58,117.21,125.33,141.58,0.012,0,2,EXACT_OR_NEAR_OPTIMAL
4815,Treyton Welch,TE,Bijan Robinson / Devaughn Vele / Drake London / Juwan Johnson / Tyler Shough,46900,<48000,2-4,1,98.3,127.98,137.58,159.27,0.012,0,2,FORCED_CAPTAIN
4828,Treyton Welch,TE,Chris Olave / Devaughn Vele / Drake London / Michael Penix Jr. / Tyler Shough,47500,<48000,2-4,1,97.44,131.09,141.89,163.48,0.012,0,2,FORCED_CAPTAIN
5124,Tyler Shough,QB,Austin Hooper / Devaughn Vele / Drake London / Michael Penix Jr. / Nick Folk,49400,49000-49400,4-2,1,92.2,124.68,134.07,152.87,0.012,0,1,EXACT_OR_NEAR_OPTIMAL
17,Alvin Kamara,RB,Austin Hooper / Chris Olave / Drake London / Kendre Miller / Tyler Shough,48700,48000-48900,2-4,1,96.29,127.3,137.99,155.61,0.0115,0,1,EXACT_OR_NEAR_OPTIMAL
145,Alvin Kamara,RB,Chris Olave / Jahan Dotson / Michael Penix Jr. / Saints / Tyler Shough,47100,<48000,2-4,1,95.0,122.85,134.39,153.4,0.0115,0,1,EXACT_OR_NEAR_OPTIMAL
289,Austin Hooper,TE,Chris Olave / Daniel Carlson / Drake London / Michael Penix Jr. / Tyler Shough,48400,48000-48900,3-3,1,97.9,130.23,142.39,161.23,0.0115,0,2,FORCED_CAPTAIN
332,Barion Brown,WR,Alvin Kamara / Bijan Robinson / Drake London / Michael Penix Jr. / Tyler Shough,49200,49000-49400,3-3,1,98.4,128.41,138.77,155.35,0.0115,0,2,FORCED_CAPTAIN
585,Bijan Robinson,RB,Brian Robinson Jr. / Bryce Lance / Chris Olave / Kendre Miller / Tyler Shough,48700,48000-48900,2-4,1,98.57,129.61,139.98,163.0,0.0115,1,2,EXACT_OR_NEAR_OPTIMAL
597,Bijan Robinson,RB,Brian Robinson Jr. / Chris Olave / Devaughn Vele / Falcons / Kyle Pitts Sr.,49500,49500-49900,4-2,0,91.74,119.85,128.62,146.2,0.0115,1,1,EXACT_OR_NEAR_OPTIMAL
676,Bijan Robinson,RB,Chris Olave / Daniel Carlson / Kendre Miller / Michael Penix Jr. / Olamide Zaccheaus,49300,49000-49400,3-3,1,95.09,124.32,135.72,155.17,0.0115,1,2,EXACT_OR_NEAR_OPTIMAL
764,Brian Robinson Jr.,RB,Alvin Kamara / Chris Olave / Drake London / Nick Folk / Tyler Shough,48500,48000-48900,3-3,1,97.42,127.52,136.77,152.64,0.0115,0,1,FORCED_CAPTAIN
771,Brian Robinson Jr.,RB,Austin Hooper / Bijan Robinson / Chris Olave / Devaughn Vele / Tyler Shough,48500,48000-48900,3-3,1,96.35,127.05,137.06,156.69,0.0115,0,1,FORCED_CAPTAIN
835,Brian Robinson Jr.,RB,Chris Olave / Devaughn Vele / Drake London / Nick Folk / Tyler Shough,49300,49000-49400,3-3,1,94.81,126.68,135.57,151.66,0.0115,0,1,FORCED_CAPTAIN
1270,Charlie Woerner,TE,Bijan Robinson / Chris Olave / Daniel Carlson / Drake London / Tyler Shough,47900,<48000,3-3,0,103.38,132.55,143.05,160.26,0.0115,0,1,FORCED_CAPTAIN
1287,Charlie Woerner,TE,Bijan Robinson / Chris Olave / Drake London / Nick Folk / Tyler Shough,48500,48000-48900,4-2,0,103.03,132.43,141.88,160.25,0.0115,0,1,FORCED_CAPTAIN
1450,Chris Blair,WR,Chris Olave / Drake London / Juwan Johnson / Michael Penix Jr. / Tyler Shough,48300,48000-48900,3-3,1,100.15,134.45,147.06,169.69,0.0115,0,3,EXACT_OR_NEAR_OPTIMAL
1623,Chris Olave,WR,Austin Hooper / Bijan Robinson / Michael Penix Jr. / Nick Folk / Saints,49400,49000-49400,4-2,1,98.7,127.22,136.57,154.53,0.0115,1,1,EXACT_OR_NEAR_OPTIMAL
1769,Chris Olave,WR,Brian Robinson Jr. / Daniel Carlson / Drake London / Falcons / Michael Penix Jr.,47400,<48000,4-2,1,93.4,124.81,133.39,155.48,0.0115,0,1,EXACT_OR_NEAR_OPTIMAL
1837,Chris Olave,WR,Daniel Carlson / Devaughn Vele / Kendre Miller / Nick Folk / Tyler Shough,48800,48000-48900,1-5,1,92.2,124.87,133.22,156.09,0.0115,1,2,EXACT_OR_NEAR_OPTIMAL
1853,Chris Olave,WR,Daniel Carlson / Drake London / Kendre Miller / Michael Penix Jr. / Saints,49200,49000-49400,2-4,0,93.14,123.56,133.04,153.23,0.0115,0,0,EXACT_OR_NEAR_OPTIMAL
1869,Chris Olave,WR,Daniel Carlson / Kendre Miller / Michael Penix Jr. / Nick Folk / Tyler Shough,50000,50000,2-4,1,96.7,128.65,137.47,158.74,0.0115,0,2,EXACT_OR_NEAR_OPTIMAL
2227,Devaughn Vele,WR,Alvin Kamara / Daniel Carlson / Drake London / Saints / Tyler Shough,47300,<48000,1-5,1,87.89,115.0,124.86,139.87,0.0115,0,2,EXACT_OR_NEAR_OPTIMAL
2655,Drake London,WR,Brian Robinson Jr. / Devaughn Vele / Juwan Johnson / Saints / Tyler Shough,47800,<48000,2-4,1,91.3,122.27,133.65,153.97,0.0115,0,1,EXACT_OR_NEAR_OPTIMAL
2832,Falcons,DST,Bijan Robinson / Brian Robinson Jr. / Chris Olave / Drake London / Nick Folk,47200,<48000,5-1,0,93.52,120.14,126.91,143.73,0.0115,0,1,FORCED_CAPTAIN
3058,Jahan Dotson,WR,Alvin Kamara / Chris Olave / Devaughn Vele / Michael Penix Jr. / Tyler Shough,48700,48000-48900,2-4,1,94.82,126.75,138.39,156.13,0.0115,0,1,FORCED_CAPTAIN
3143,Jahan Dotson,WR,Devaughn Vele / Drake London / Juwan Johnson / Michael Penix Jr. / Tyler Shough,48300,48000-48900,3-3,1,91.69,125.41,135.78,160.47,0.0115,0,2,EXACT_OR_NEAR_OPTIMAL
3272,Juwan Johnson,TE,Austin Hooper / Brian Robinson Jr. / Drake London / Michael Penix Jr. / Tyler Shough,46300,<48000,4-2,1,90.89,124.06,136.33,159.81,0.0115,0,2,EXACT_OR_NEAR_OPTIMAL
3818,Michael Penix Jr.,QB,Alvin Kamara / Austin Hooper / Bijan Robinson / Jahan Dotson / Tyler Shough,47700,<48000,4-2,1,93.52,124.26,134.16,151.0,0.0115,0,1,FORCED_CAPTAIN
3889,Michael Penix Jr.,QB,Austin Hooper / Drake London / Juwan Johnson / Kyle Pitts Sr. / Tyler Shough,49100,49000-49400,4-2,1,90.93,124.74,139.14,157.82,0.0115,0,2,FORCED_CAPTAIN
3946,Michael Penix Jr.,QB,Bryce Lance / Chris Olave / Juwan Johnson / Kyle Pitts Sr. / Tyler Shough,48900,48000-48900,2-4,1,95.43,128.94,140.93,164.72,0.0115,0,2,FORCED_CAPTAIN
3985,Nick Folk,K,Alvin Kamara / Austin Hooper / Bijan Robinson / Drake London / Michael Penix Jr.,48700,48000-48900,5-1,1,91.55,120.64,128.75,142.73,0.0115,0,2,FORCED_CAPTAIN
4027,Nick Folk,K,Alvin Kamara / Daniel Carlson / Drake London / Michael Penix Jr. / Tyler Shough,48500,48000-48900,3-3,0,92.4,120.16,129.85,145.92,0.0115,0,0,FORCED_CAPTAIN
4032,Nick Folk,K,Austin Hooper / Bijan Robinson / Chris Olave / Daniel Carlson / Tyler Shough,47900,<48000,3-3,0,98.42,126.67,135.23,152.19,0.0115,0,0,FORCED_CAPTAIN
4173,Nick Muse,TE,Bijan Robinson / Chris Olave / Devaughn Vele / Michael Penix Jr. / Tyler Shough,49300,49000-49400,3-3,1,100.92,133.22,143.04,162.72,0.0115,0,2,EXACT_OR_NEAR_OPTIMAL
4279,Olamide Zaccheaus,WR,Bijan Robinson / Brian Robinson Jr. / Chris Olave / Drake London / Tyler Shough,49000,49000-49400,4-2,0,102.95,133.33,143.46,164.92,0.0115,0,1,FORCED_CAPTAIN
4302,Olamide Zaccheaus,WR,Bijan Robinson / Chris Olave / Drake London / Jahan Dotson / Michael Penix Jr.,47600,<48000,5-1,1,95.6,127.02,138.39,157.64,0.0115,0,3,FORCED_CAPTAIN
4410,Oscar Delp,TE,Bijan Robinson / Chris Olave / Devaughn Vele / Michael Penix Jr. / Tyler Shough,49600,49500-49900,2-4,1,100.92,133.22,143.0,162.72,0.0115,0,2,FORCED_CAPTAIN
4538,Saints,DST,Bijan Robinson / Charlie Woerner / Chris Olave / Juwan Johnson / Tyler Shough,46500,<48000,2-4,1,100.42,129.22,138.41,161.43,0.0115,0,2,FORCED_CAPTAIN
4804,Treyton Welch,TE,Bijan Robinson / Chris Olave / Juwan Johnson / Nick Folk / Tyler Shough,45300,<48000,2-4,1,100.76,132.01,140.82,161.67,0.0115,0,2,FORCED_CAPTAIN
4980,Tyler Shough,QB,Alvin Kamara / Bijan Robinson / Brian Robinson Jr. / Juwan Johnson / Olamide Zaccheaus,46400,<48000,3-3,1,96.68,127.55,137.84,156.94,0.0115,1,1,EXACT_OR_NEAR_OPTIMAL
5068,Tyler Shough,QB,Alvin Kamara / Daniel Carlson / Devaughn Vele / Juwan Johnson / Nick Folk,46800,<48000,1-5,1,90.83,121.51,131.44,149.23,0.0115,0,2,EXACT_OR_NEAR_OPTIMAL
5131,Tyler Shough,QB,Bijan Robinson / Brian Robinson Jr. / Bryce Lance / Devaughn Vele / Juwan Johnson,47000,<48000,2-4,1,94.39,126.34,138.26,158.72,0.0115,0,1,FORCED_CAPTAIN
5278,Tyler Shough,QB,Devaughn Vele / Drake London / Jahan Dotson / Michael Penix Jr. / Saints,48400,48000-48900,3-3,1,91.19,122.7,133.67,151.58,0.0115,1,1,EXACT_OR_NEAR_OPTIMAL
22,Alvin Kamara,RB,Austin Hooper / Chris Olave / Kyle Pitts Sr. / Michael Penix Jr. / Tyler Shough,48500,48000-48900,3-3,1,93.12,124.0,135.52,155.66,0.011,0,1,EXACT_OR_NEAR_OPTIMAL
33,Alvin Kamara,RB,Bijan Robinson / Brian Robinson Jr. / Michael Penix Jr. / Saints / Tyler Shough,48900,48000-48900,3-3,1,96.06,121.68,129.25,144.75,0.011,1,1,EXACT_OR_NEAR_OPTIMAL
115,Alvin Kamara,RB,Chris Olave / Daniel Carlson / Devaughn Vele / Drake London / Saints,48100,48000-48900,1-5,0,92.64,119.0,126.18,141.94,0.011,0,1,EXACT_OR_NEAR_OPTIMAL
164,Alvin Kamara,RB,Daniel Carlson / Drake London / Michael Penix Jr. / Saints / Tyler Shough,48100,48000-48900,2-4,0,93.7,121.6,130.88,147.39,0.011,0,0,EXACT_OR_NEAR_OPTIMAL
188,Austin Hooper,TE,Alvin Kamara / Bijan Robinson / Chris Olave / Daniel Carlson / Drake London,48600,48000-48900,3-3,0,99.86,126.79,135.49,150.6,0.011,0,0,FORCED_CAPTAIN
235,Austin Hooper,TE,Bijan Robinson / Chris Olave / Daniel Carlson / Devaughn Vele / Tyler Shough,49000,49000-49400,2-4,1,99.28,129.55,138.97,158.8,0.011,0,1,FORCED_CAPTAIN
548,Bijan Robinson,RB,Alvin Kamara / Falcons / Kyle Pitts Sr. / Michael Penix Jr. / Nick Folk,48500,48000-48900,5-1,1,87.39,114.02,122.52,137.42,0.011,2,3,EXACT_OR_NEAR_OPTIMAL
699,Bijan Robinson,RB,Chris Olave / Kendre Miller / Saints / Treyton Welch / Tyler Shough,47500,<48000,1-5,1,99.11,128.07,137.55,155.27,0.011,1,3,EXACT_OR_NEAR_OPTIMAL
728,Bijan Robinson,RB,Drake London / Nick Folk / Olamide Zaccheaus / Saints / Tyler Shough,48900,48000-48900,4-2,0,98.78,124.43,133.48,148.26,0.011,1,1,EXACT_OR_NEAR_OPTIMAL
759,Brian Robinson Jr.,RB,Alvin Kamara / Chris Olave / Devaughn Vele / Juwan Johnson / Tyler Shough,48300,48000-48900,1-5,1,96.28,129.31,138.17,161.95,0.011,1,2,EXACT_OR_NEAR_OPTIMAL
760,Brian Robinson Jr.,RB,Alvin Kamara / Chris Olave / Devaughn Vele / Michael Penix Jr. / Tyler Shough,49900,49500-49900,2-4,1,95.81,126.62,138.22,155.61,0.011,0,1,FORCED_CAPTAIN
848,Brian Robinson Jr.,RB,Chris Olave / Drake London / Michael Penix Jr. / Saints / Tyler Shough,49300,49000-49400,3-3,1,97.79,129.47,139.09,154.69,0.011,0,2,FORCED_CAPTAIN
900,Bryce Lance,WR,Bijan Robinson / Chris Olave / Daniel Carlson / Devaughn Vele / Tyler Shough,47500,<48000,1-5,1,97.79,127.66,138.03,159.36,0.011,0,2,FORCED_CAPTAIN
913,Bryce Lance,WR,Bijan Robinson / Chris Olave / Drake London / Falcons / Michael Penix Jr.,47900,<48000,4-2,1,97.45,128.48,138.59,153.76,0.011,0,2,FORCED_CAPTAIN
929,Bryce Lance,WR,Bijan Robinson / Chris Olave / Juwan Johnson / Kyle Pitts Sr. / Tyler Shough,48100,48000-48900,2-4,1,99.52,131.63,142.02,164.79,0.011,0,2,FORCED_CAPTAIN
1862,Chris Olave,WR,Daniel Carlson / Falcons / Michael Penix Jr. / Saints / Tyler Shough,47400,<48000,2-4,0,97.09,125.41,133.38,156.72,0.011,0,0,EXACT_OR_NEAR_OPTIMAL
2203,Devaughn Vele,WR,Alvin Kamara / Bijan Robinson / Kendre Miller / Saints / Tyler Shough,49300,49000-49400,1-5,1,89.05,114.14,123.43,140.39,0.011,1,2,EXACT_OR_NEAR_OPTIMAL
2226,Devaughn Vele,WR,Alvin Kamara / Daniel Carlson / Drake London / Nick Folk / Tyler Shough,48500,48000-48900,2-4,1,89.41,117.99,126.13,141.12,0.011,1,1,EXACT_OR_NEAR_OPTIMAL
2239,Devaughn Vele,WR,Austin Hooper / Bijan Robinson / Brian Robinson Jr. / Drake London / Tyler Shough,49700,49500-49900,4-2,0,93.96,122.94,132.84,153.04,0.011,0,0,FORCED_CAPTAIN
2250,Devaughn Vele,WR,Austin Hooper / Chris Olave / Michael Penix Jr. / Nick Folk / Tyler Shough,49300,49000-49400,3-3,1,92.1,124.8,135.48,155.4,0.011,0,1,EXACT_OR_NEAR_OPTIMAL
2271,Devaughn Vele,WR,Bijan Robinson / Chris Olave / Daniel Carlson / Nick Folk / Saints,48700,48000-48900,2-4,0,91.57,115.16,123.47,139.94,0.011,0,0,FORCED_CAPTAIN
2407,Drake London,WR,Alvin Kamara / Brian Robinson Jr. / Devaughn Vele / Nick Folk / Tyler Shough,48600,48000-48900,3-3,1,90.47,120.59,130.14,146.57,0.011,0,1,EXACT_OR_NEAR_OPTIMAL
2439,Drake London,WR,Alvin Kamara / Charlie Woerner / Michael Penix Jr. / Nick Folk / Tyler Shough,46600,<48000,4-2,1,90.43,121.92,132.91,151.13,0.011,0,1,EXACT_OR_NEAR_OPTIMAL
2486,Drake London,WR,Alvin Kamara / Daniel Carlson / Michael Penix Jr. / Treyton Welch / Tyler Shough,45600,<48000,2-4,1,92.04,123.45,135.34,155.06,0.011,0,1,EXACT_OR_NEAR_OPTIMAL
2499,Drake London,WR,Alvin Kamara / Devaughn Vele / Kendre Miller / Saints / Tyler Shough,48600,48000-48900,1-5,1,87.74,117.81,126.2,144.15,0.011,0,2,EXACT_OR_NEAR_OPTIMAL
2518,Drake London,WR,Alvin Kamara / Jahan Dotson / Juwan Johnson / Michael Penix Jr. / Nick Folk,46800,<48000,4-2,1,88.09,119.83,130.69,149.48,0.011,0,1,EXACT_OR_NEAR_OPTIMAL
2522,Drake London,WR,Alvin Kamara / Juwan Johnson / Kendre Miller / Michael Penix Jr. / Nick Folk,48800,48000-48900,3-3,0,87.55,118.35,131.04,151.16,0.011,0,0,EXACT_OR_NEAR_OPTIMAL
2524,Drake London,WR,Alvin Kamara / Juwan Johnson / Kendre Miller / Saints / Tyler Shough,48200,48000-48900,1-5,1,92.71,123.29,134.11,151.41,0.011,0,2,EXACT_OR_NEAR_OPTIMAL
2526,Drake London,WR,Alvin Kamara / Juwan Johnson / Kyle Pitts Sr. / Michael Penix Jr. / Saints,48400,48000-48900,3-3,1,87.5,118.59,129.24,149.61,0.011,0,1,EXACT_OR_NEAR_OPTIMAL
2696,Drake London,WR,Chris Olave / Daniel Carlson / Jahan Dotson / Kyle Pitts Sr. / Michael Penix Jr.,48400,48000-48900,4-2,1,89.56,122.99,134.45,155.02,0.011,1,1,EXACT_OR_NEAR_OPTIMAL
2722,Drake London,WR,Chris Olave / Jahan Dotson / Michael Penix Jr. / Nick Folk / Saints,47400,<48000,4-2,1,90.58,121.3,131.11,152.9,0.011,0,1,EXACT_OR_NEAR_OPTIMAL
2889,Falcons,DST,Chris Olave / Daniel Carlson / Devaughn Vele / Drake London / Tyler Shough,48400,48000-48900,2-4,1,96.23,124.95,132.91,153.7,0.011,1,1,EXACT_OR_NEAR_OPTIMAL
3041,Jahan Dotson,WR,Alvin Kamara / Bijan Robinson / Chris Olave / Saints / Tyler Shough,47900,<48000,2-4,1,100.79,127.81,136.95,156.83,0.011,0,1,FORCED_CAPTAIN
3134,Jahan Dotson,WR,Chris Olave / Drake London / Juwan Johnson / Nick Folk / Tyler Shough,47700,<48000,3-3,1,98.79,130.51,143.47,162.02,0.011,0,2,FORCED_CAPTAIN
3211,Juwan Johnson,TE,Alvin Kamara / Chris Olave / Falcons / Kyle Pitts Sr. / Tyler Shough,47900,<48000,2-4,1,96.65,127.9,139.62,162.07,0.011,1,1,EXACT_OR_NEAR_OPTIMAL
3225,Juwan Johnson,TE,Alvin Kamara / Daniel Carlson / Drake London / Kyle Pitts Sr. / Tyler Shough,48300,48000-48900,2-4,1,93.97,125.09,135.72,153.98,0.011,0,1,EXACT_OR_NEAR_OPTIMAL
3626,Kevin Austin Jr.,WR,Bijan Robinson / Chris Olave / Daniel Carlson / Drake London / Tyler Shough,48200,48000-48900,2-4,1,104.0,133.61,144.38,160.89,0.011,0,2,EXACT_OR_NEAR_OPTIMAL
3666,Kevin Austin Jr.,WR,Bijan Robinson / Devaughn Vele / Drake London / Michael Penix Jr. / Tyler Shough,49400,49000-49400,3-3,1,96.55,127.45,137.27,157.92,0.011,0,2,EXACT_OR_NEAR_OPTIMAL
3697,Kyle Pitts Sr.,TE,Alvin Kamara / Bijan Robinson / Bryce Lance / Chris Olave / Tyler Shough,49700,49500-49900,2-4,1,98.39,126.97,138.55,158.38,0.011,0,1,FORCED_CAPTAIN
3850,Michael Penix Jr.,QB,Alvin Kamara / Daniel Carlson / Drake London / Jahan Dotson / Tyler Shough,47900,<48000,3-3,1,92.33,123.9,133.89,152.08,0.011,0,1,EXACT_OR_NEAR_OPTIMAL
3852,Michael Penix Jr.,QB,Alvin Kamara / Daniel Carlson / Drake London / Juwan Johnson / Nick Folk,48100,48000-48900,3-3,0,89.95,119.06,129.96,147.45,0.011,0,0,EXACT_OR_NEAR_OPTIMAL
3914,Michael Penix Jr.,QB,Bijan Robinson / Chris Olave / Daniel Carlson / Falcons / Jahan Dotson,47500,<48000,4-2,1,93.55,121.34,130.64,145.69,0.011,0,1,FORCED_CAPTAIN
4003,Nick Folk,K,Alvin Kamara / Bijan Robinson / Daniel Carlson / Juwan Johnson / Michael Penix Jr.,48100,48000-48900,3-3,0,92.06,118.14,125.88,142.34,0.011,0,0,FORCED_CAPTAIN
4055,Nick Folk,K,Bijan Robinson / Chris Olave / Daniel Carlson / Falcons / Juwan Johnson,46500,<48000,3-3,0,94.09,119.31,128.59,142.23,0.011,0,0,FORCED_CAPTAIN
4172,Nick Muse,TE,Bijan Robinson / Chris Olave / Devaughn Vele / Juwan Johnson / Tyler Shough,47700,<48000,2-4,1,101.38,133.82,144.97,165.71,0.011,0,2,EXACT_OR_NEAR_OPTIMAL
4293,Olamide Zaccheaus,WR,Bijan Robinson / Chris Olave / Daniel Carlson / Juwan Johnson / Tyler Shough,47400,<48000,2-4,1,102.29,133.26,143.41,163.06,0.011,0,2,FORCED_CAPTAIN
4409,Oscar Delp,TE,Bijan Robinson / Chris Olave / Devaughn Vele / Juwan Johnson / Tyler Shough,48000,48000-48900,1-5,1,101.39,133.82,144.97,165.71,0.011,0,3,FORCED_CAPTAIN
4781,Treyton Welch,TE,Bijan Robinson / Chris Olave / Devaughn Vele / Drake London / Juwan Johnson,48100,48000-48900,2-4,0,101.75,131.24,140.8,160.75,0.011,0,1,FORCED_CAPTAIN
4794,Treyton Welch,TE,Bijan Robinson / Chris Olave / Drake London / Michael Penix Jr. / Nick Folk,47300,<48000,4-2,1,98.25,128.24,138.6,155.25,0.011,0,2,FORCED_CAPTAIN
5012,Tyler Shough,QB,Alvin Kamara / Brian Robinson Jr. / Chris Olave / Juwan Johnson / Olamide Zaccheaus,45400,<48000,2-4,1,96.29,129.82,140.99,166.91,0.011,1,1,EXACT_OR_NEAR_OPTIMAL
5014,Tyler Shough,QB,Alvin Kamara / Brian Robinson Jr. / Daniel Carlson / Drake London / Juwan Johnson,47400,<48000,2-4,1,96.8,127.82,136.99,155.55,0.011,1,1,EXACT_OR_NEAR_OPTIMAL
5284,Tyler Shough,QB,Devaughn Vele / Drake London / Michael Penix Jr. / Nick Folk / Olamide Zaccheaus,48600,48000-48900,4-2,1,90.89,122.78,132.97,153.15,0.011,0,1,EXACT_OR_NEAR_OPTIMAL
5291,Tyler Shough,QB,Drake London / Jahan Dotson / Juwan Johnson / Kendre Miller / Michael Penix Jr.,48800,48000-48900,3-3,1,93.31,127.18,138.43,163.59,0.011,1,2,EXACT_OR_NEAR_OPTIMAL
51,Alvin Kamara,RB,Bijan Robinson / Chris Olave / Daniel Carlson / Juwan Johnson / Olamide Zaccheaus,47300,<48000,2-4,0,99.37,125.88,134.56,153.79,0.0105,0,0,FORCED_CAPTAIN
79,Alvin Kamara,RB,Bijan Robinson / Devaughn Vele / Jahan Dotson / Juwan Johnson / Michael Penix Jr.,49500,49500-49900,3-3,1,93.74,122.07,132.01,151.22,0.0105,2,1,EXACT_OR_NEAR_OPTIMAL
100,Alvin Kamara,RB,Brian Robinson Jr. / Chris Olave / Drake London / Michael Penix Jr. / Nick Folk,49500,49500-49900,4-2,1,95.15,125.03,134.08,150.82,0.0105,1,1,EXACT_OR_NEAR_OPTIMAL
153,Alvin Kamara,RB,Daniel Carlson / Devaughn Vele / Drake London / Juwan Johnson / Michael Penix Jr.,49500,49500-49900,2-4,0,92.04,121.46,132.32,149.44,0.0105,0,0,EXACT_OR_NEAR_OPTIMAL
189,Austin Hooper,TE,Alvin Kamara / Bijan Robinson / Chris Olave / Daniel Carlson / Michael Penix Jr.,47600,<48000,3-3,1,95.21,123.1,129.7,149.27,0.0105,0,1,FORCED_CAPTAIN
198,Austin Hooper,TE,Alvin Kamara / Bijan Robinson / Chris Olave / Michael Penix Jr. / Nick Folk,48200,48000-48900,4-2,1,94.86,121.21,130.88,148.62,0.0105,0,1,FORCED_CAPTAIN
403,Barion Brown,WR,Bijan Robinson / Devaughn Vele / Drake London / Michael Penix Jr. / Tyler Shough,50000,50000,3-3,1,95.79,127.02,136.32,154.15,0.0105,0,3,EXACT_OR_NEAR_OPTIMAL
738,Brian Robinson Jr.,RB,Alvin Kamara / Bijan Robinson / Chris Olave / Daniel Carlson / Juwan Johnson,47500,<48000,2-4,0,97.44,123.08,131.89,150.54,0.0105,0,0,FORCED_CAPTAIN
801,Brian Robinson Jr.,RB,Bijan Robinson / Chris Olave / Drake London / Michael Penix Jr. / Zachariah Branch,49700,49500-49900,5-1,1,95.82,127.35,138.14,155.54,0.0105,0,3,FORCED_CAPTAIN
841,Brian Robinson Jr.,RB,Chris Olave / Drake London / Jahan Dotson / Michael Penix Jr. / Tyler Shough,48100,48000-48900,4-2,1,95.48,129.25,139.93,160.25,0.0105,0,2,FORCED_CAPTAIN
853,Brian Robinson Jr.,RB,Devaughn Vele / Drake London / Juwan Johnson / Michael Penix Jr. / Tyler Shough,49500,49500-49900,3-3,1,92.68,125.13,136.01,159.44,0.0105,0,2,FORCED_CAPTAIN
1169,Cal Adomitis,TE,Bijan Robinson / Chris Olave / Drake London / Nick Folk / Tyler Shough,47900,<48000,3-3,1,103.01,133.33,142.01,159.23,0.0105,0,2,FORCED_CAPTAIN
1395,Chris Blair,WR,Bijan Robinson / Chris Olave / Devaughn Vele / Juwan Johnson / Tyler Shough,48900,48000-48900,2-4,1,101.54,133.92,145.04,166.07,0.0105,0,2,EXACT_OR_NEAR_OPTIMAL
1410,Chris Blair,WR,Bijan Robinson / Chris Olave / Drake London / Nick Folk / Tyler Shough,49100,49000-49400,4-2,0,102.68,132.41,141.87,159.24,0.0105,0,1,EXACT_OR_NEAR_OPTIMAL
2134,Daniel Carlson,K,Bijan Robinson / Chris Olave / Kendre Miller / Nick Folk / Tyler Shough,49800,49500-49900,2-4,1,98.57,125.51,135.53,151.08,0.0105,0,1,FORCED_CAPTAIN
2235,Devaughn Vele,WR,Alvin Kamara / Drake London / Michael Penix Jr. / Olamide Zaccheaus / Tyler Shough,49300,49000-49400,3-3,1,90.95,122.67,133.11,153.13,0.0105,0,1,FORCED_CAPTAIN
2247,Devaughn Vele,WR,Austin Hooper / Chris Olave / Drake London / Kendre Miller / Tyler Shough,49900,49500-49900,2-4,1,92.37,125.18,135.28,157.0,0.0105,1,1,EXACT_OR_NEAR_OPTIMAL
2254,Devaughn Vele,WR,Bijan Robinson / Brian Robinson Jr. / Bryce Lance / Chris Olave / Drake London,49900,49500-49900,3-3,0,96.42,125.16,135.86,154.85,0.0105,0,0,FORCED_CAPTAIN
2279,Devaughn Vele,WR,Bijan Robinson / Chris Olave / Kendre Miller / Kevin Austin Jr. / Tyler Shough,49700,49500-49900,1-5,1,95.3,126.84,136.84,163.38,0.0105,0,2,FORCED_CAPTAIN
2308,Devaughn Vele,WR,Charlie Woerner / Chris Olave / Drake London / Juwan Johnson / Michael Penix Jr.,49500,49500-49900,3-3,1,94.69,127.25,139.51,158.56,0.0105,1,2,EXACT_OR_NEAR_OPTIMAL
2353,Drake London,WR,Alvin Kamara / Austin Hooper / Daniel Carlson / Juwan Johnson / Michael Penix Jr.,46000,<48000,3-3,1,87.93,119.97,130.15,151.25,0.0105,0,1,EXACT_OR_NEAR_OPTIMAL
2419,Drake London,WR,Alvin Kamara / Bryce Lance / Chris Olave / Kendre Miller / Michael Penix Jr.,48600,48000-48900,2-4,0,91.88,124.54,137.29,153.71,0.0105,0,0,EXACT_OR_NEAR_OPTIMAL
2651,Drake London,WR,Brian Robinson Jr. / Devaughn Vele / Jahan Dotson / Michael Penix Jr. / Tyler Shough,48200,48000-48900,4-2,1,88.52,123.71,133.68,156.04,0.0105,1,1,EXACT_OR_NEAR_OPTIMAL
2823,Falcons,DST,Austin Hooper / Bijan Robinson / Chris Olave / Devaughn Vele / Tyler Shough,48200,48000-48900,3-3,1,97.42,126.31,135.38,155.61,0.0105,0,1,FORCED_CAPTAIN
2849,Falcons,DST,Bijan Robinson / Chris Olave / Daniel Carlson / Michael Penix Jr. / Nick Folk,47200,<48000,4-2,0,92.39,117.84,125.19,140.71,0.0105,0,0,FORCED_CAPTAIN
3103,Jahan Dotson,WR,Bijan Robinson / Chris Olave / Juwan Johnson / Michael Penix Jr. / Nick Folk,48900,48000-48900,4-2,1,97.99,127.08,137.39,155.33,0.0105,0,2,FORCED_CAPTAIN
3166,Juwan Johnson,TE,Alvin Kamara / Bijan Robinson / Chris Olave / Jahan Dotson / Kyle Pitts Sr.,49500,49500-49900,3-3,0,99.12,128.03,137.41,156.13,0.0105,1,0,EXACT_OR_NEAR_OPTIMAL
3190,Juwan Johnson,TE,Alvin Kamara / Brian Robinson Jr. / Drake London / Nick Folk / Tyler Shough,46900,<48000,3-3,1,93.35,124.28,134.87,151.29,0.0105,0,1,EXACT_OR_NEAR_OPTIMAL
3560,Kendre Miller,RB,Chris Olave / Drake London / Juwan Johnson / Saints / Tyler Shough,49500,49500-49900,1-5,1,96.46,126.65,137.92,158.89,0.0105,0,3,EXACT_OR_NEAR_OPTIMAL
3844,Michael Penix Jr.,QB,Alvin Kamara / Chris Olave / Daniel Carlson / Drake London / Olamide Zaccheaus,48100,48000-48900,3-3,1,93.96,124.86,135.32,154.1,0.0105,0,1,FORCED_CAPTAIN
3879,Michael Penix Jr.,QB,Austin Hooper / Brian Robinson Jr. / Chris Olave / Juwan Johnson / Tyler Shough,47900,<48000,3-3,1,96.14,129.91,140.74,167.16,0.0105,0,2,EXACT_OR_NEAR_OPTIMAL
4033,Nick Folk,K,Austin Hooper / Bijan Robinson / Drake London / Juwan Johnson / Michael Penix Jr.,49100,49000-49400,5-1,1,93.9,123.49,132.7,150.34,0.0105,1,3,EXACT_OR_NEAR_OPTIMAL
4035,Nick Folk,K,Austin Hooper / Bijan Robinson / Juwan Johnson / Michael Penix Jr. / Tyler Shough,48700,48000-48900,4-2,1,95.94,125.42,135.22,153.22,0.0105,0,2,FORCED_CAPTAIN
4047,Nick Folk,K,Bijan Robinson / Bryce Lance / Chris Olave / Juwan Johnson / Michael Penix Jr.,48900,48000-48900,3-3,0,98.4,127.37,137.26,153.39,0.0105,0,1,FORCED_CAPTAIN
4096,Nick Folk,K,Chris Olave / Devaughn Vele / Juwan Johnson / Kyle Pitts Sr. / Tyler Shough,49500,49500-49900,2-4,1,92.5,124.86,135.95,156.36,0.0105,0,1,FORCED_CAPTAIN
4228,Nick Muse,TE,Chris Olave / Drake London / Juwan Johnson / Michael Penix Jr. / Tyler Shough,47100,<48000,3-3,1,100.0,134.13,146.79,169.32,0.0105,0,3,EXACT_OR_NEAR_OPTIMAL
4468,Oscar Delp,TE,Chris Olave / Drake London / Juwan Johnson / Michael Penix Jr. / Tyler Shough,47400,<48000,2-4,1,100.01,134.11,146.79,169.32,0.0105,0,3,FORCED_CAPTAIN
4544,Saints,DST,Bijan Robinson / Chris Olave / Devaughn Vele / Falcons / Juwan Johnson,47700,<48000,2-4,0,94.49,119.49,126.79,145.08,0.0105,0,0,FORCED_CAPTAIN
4583,Saints,DST,Chris Olave / Devaughn Vele / Drake London / Kendre Miller / Tyler Shough,49500,49500-49900,1-5,1,92.91,123.12,132.07,150.93,0.0105,0,2,FORCED_CAPTAIN
4729,Treyton Welch,TE,Alvin Kamara / Bijan Robinson / Chris Olave / Drake London / Juwan Johnson,47300,<48000,2-4,0,104.37,132.49,141.49,160.61,0.0105,0,1,FORCED_CAPTAIN
4797,Treyton Welch,TE,Bijan Robinson / Chris Olave / Drake London / Saints / Tyler Shough,46700,<48000,2-4,1,103.41,132.08,141.75,159.91,0.0105,0,2,FORCED_CAPTAIN
5065,Tyler Shough,QB,Alvin Kamara / Daniel Carlson / Devaughn Vele / Drake London / Kyle Pitts Sr.,49800,49500-49900,2-4,1,92.11,121.46,129.76,148.17,0.0105,1,1,EXACT_OR_NEAR_OPTIMAL
5090,Tyler Shough,QB,Alvin Kamara / Drake London / Jahan Dotson / Michael Penix Jr. / Saints,47600,<48000,3-3,1,93.8,123.94,133.49,150.09,0.0105,1,1,EXACT_OR_NEAR_OPTIMAL
5289,Tyler Shough,QB,Devaughn Vele / Juwan Johnson / Kyle Pitts Sr. / Michael Penix Jr. / Nick Folk,49800,49500-49900,3-3,1,89.47,121.52,132.34,154.26,0.0105,0,1,EXACT_OR_NEAR_OPTIMAL
156,Alvin Kamara,RB,Daniel Carlson / Devaughn Vele / Drake London / Nick Folk / Tyler Shough,48100,48000-48900,2-4,1,90.72,118.8,127.16,140.49,0.01,0,1,EXACT_OR_NEAR_OPTIMAL
160,Alvin Kamara,RB,Daniel Carlson / Drake London / Juwan Johnson / Michael Penix Jr. / Nick Folk,47100,<48000,3-3,0,89.0,117.25,126.54,143.11,0.01,0,0,EXACT_OR_NEAR_OPTIMAL
204,Austin Hooper,TE,Alvin Kamara / Bijan Robinson / Devaughn Vele / Juwan Johnson / Tyler Shough,47800,<48000,2-4,1,94.92,124.96,134.36,155.43,0.01,0,1,FORCED_CAPTAIN
263,Austin Hooper,TE,Bijan Robinson / Chris Olave / Juwan Johnson / Michael Penix Jr. / Nick Folk,48600,48000-48900,4-2,1,97.22,125.26,136.22,155.61,0.01,0,2,FORCED_CAPTAIN
300,Austin Hooper,TE,Chris Olave / Drake London / Michael Penix Jr. / Nick Folk / Tyler Shough,49000,49000-49400,4-2,1,97.55,131.1,140.46,159.35,0.01,0,2,FORCED_CAPTAIN
470,Bijan Robinson,RB,Alvin Kamara / Brian Robinson Jr. / Falcons / Nick Folk / Tyler Shough,47100,<48000,4-2,0,93.8,119.12,127.67,141.49,0.01,1,1,EXACT_OR_NEAR_OPTIMAL
739,Brian Robinson Jr.,RB,Alvin Kamara / Bijan Robinson / Chris Olave / Daniel Carlson / Michael Penix Jr.,49100,49000-49400,3-3,1,96.97,123.48,132.46,147.89,0.01,0,1,FORCED_CAPTAIN
802,Brian Robinson Jr.,RB,Bijan Robinson / Chris Olave / Falcons / Juwan Johnson / Michael Penix Jr.,48300,48000-48900,4-2,1,96.52,124.35,134.33,152.48,0.01,0,2,FORCED_CAPTAIN
818,Brian Robinson Jr.,RB,Bijan Robinson / Daniel Carlson / Juwan Johnson / Michael Penix Jr. / Tyler Shough,48300,48000-48900,3-3,1,95.88,125.28,134.81,155.23,0.01,0,2,FORCED_CAPTAIN
932,Bryce Lance,WR,Bijan Robinson / Chris Olave / Juwan Johnson / Saints / Tyler Shough,46500,<48000,1-5,1,100.89,132.22,140.19,165.99,0.01,0,3,FORCED_CAPTAIN
940,Bryce Lance,WR,Bijan Robinson / Daniel Carlson / Drake London / Michael Penix Jr. / Tyler Shough,47900,<48000,3-3,1,96.81,127.79,137.11,155.62,0.01,0,2,FORCED_CAPTAIN
1148,Cal Adomitis,TE,Bijan Robinson / Chris Olave / Daniel Carlson / Drake London / Tyler Shough,47300,<48000,2-4,1,103.35,133.22,143.0,159.21,0.01,0,2,FORCED_CAPTAIN
1191,Cal Adomitis,TE,Bijan Robinson / Devaughn Vele / Drake London / Michael Penix Jr. / Tyler Shough,48500,48000-48900,3-3,1,95.91,127.09,136.35,155.58,0.01,0,2,FORCED_CAPTAIN
1238,Charlie Woerner,TE,Alvin Kamara / Bijan Robinson / Drake London / Michael Penix Jr. / Tyler Shough,48300,48000-48900,4-2,1,98.55,129.02,139.22,153.5,0.01,0,2,FORCED_CAPTAIN
1307,Charlie Woerner,TE,Bijan Robinson / Devaughn Vele / Drake London / Michael Penix Jr. / Tyler Shough,49100,49000-49400,4-2,1,95.93,127.09,136.35,153.79,0.01,0,2,FORCED_CAPTAIN
1652,Chris Olave,WR,Barion Brown / Devaughn Vele / Drake London / Michael Penix Jr. / Nick Folk,49600,49500-49900,3-3,0,93.91,125.18,136.1,157.3,0.01,0,0,EXACT_OR_NEAR_OPTIMAL
1765,Chris Olave,WR,Brian Robinson Jr. / Charlie Woerner / Devaughn Vele / Juwan Johnson / Tyler Shough,45400,<48000,2-4,1,93.34,128.0,139.75,164.43,0.01,0,1,EXACT_OR_NEAR_OPTIMAL
2187,Devaughn Vele,WR,Alvin Kamara / Bijan Robinson / Brian Robinson Jr. / Chris Olave / Daniel Carlson,49900,49500-49900,2-4,0,95.57,121.23,129.98,146.59,0.01,1,0,EXACT_OR_NEAR_OPTIMAL
2258,Devaughn Vele,WR,Bijan Robinson / Brian Robinson Jr. / Drake London / Falcons / Michael Penix Jr.,49900,49500-49900,5-1,1,89.16,118.15,127.91,146.95,0.01,1,2,EXACT_OR_NEAR_OPTIMAL
2312,Devaughn Vele,WR,Chris Olave / Daniel Carlson / Falcons / Michael Penix Jr. / Tyler Shough,49500,49500-49900,2-4,1,94.33,123.4,132.94,151.95,0.01,0,1,EXACT_OR_NEAR_OPTIMAL
2321,Devaughn Vele,WR,Chris Olave / Falcons / Juwan Johnson / Kyle Pitts Sr. / Tyler Shough,48900,48000-48900,2-4,1,91.55,123.13,135.87,155.43,0.01,0,1,FORCED_CAPTAIN
2408,Drake London,WR,Alvin Kamara / Brian Robinson Jr. / Devaughn Vele / Saints / Tyler Shough,47400,<48000,2-4,1,88.94,118.48,127.19,144.0,0.01,0,1,EXACT_OR_NEAR_OPTIMAL
2425,Drake London,WR,Alvin Kamara / Bryce Lance / Devaughn Vele / Juwan Johnson / Michael Penix Jr.,48000,48000-48900,2-4,0,89.62,121.33,134.04,154.44,0.01,0,0,EXACT_OR_NEAR_OPTIMAL
2649,Drake London,WR,Brian Robinson Jr. / Daniel Carlson / Michael Penix Jr. / Nick Folk / Tyler Shough,47600,<48000,4-2,1,89.67,120.96,131.41,153.42,0.01,0,1,EXACT_OR_NEAR_OPTIMAL
2650,Drake London,WR,Brian Robinson Jr. / Devaughn Vele / Falcons / Michael Penix Jr. / Tyler Shough,48800,48000-48900,4-2,1,89.89,122.25,132.9,153.01,0.01,1,1,EXACT_OR_NEAR_OPTIMAL
2680,Drake London,WR,Cal Adomitis / Chris Olave / Juwan Johnson / Kyle Pitts Sr. / Michael Penix Jr.,48200,48000-48900,3-3,1,93.32,128.22,140.57,159.87,0.01,1,2,EXACT_OR_NEAR_OPTIMAL
2755,Drake London,WR,Devaughn Vele / Falcons / Juwan Johnson / Michael Penix Jr. / Nick Folk,48200,48000-48900,4-2,0,86.85,117.7,128.15,149.48,0.01,0,0,EXACT_OR_NEAR_OPTIMAL
2762,Drake London,WR,Devaughn Vele / Jahan Dotson / Kendre Miller / Michael Penix Jr. / Tyler Shough,49400,49000-49400,3-3,1,87.32,122.04,133.66,154.62,0.01,0,1,EXACT_OR_NEAR_OPTIMAL
2767,Drake London,WR,Devaughn Vele / Juwan Johnson / Michael Penix Jr. / Nick Folk / Saints,48800,48000-48900,3-3,0,87.78,117.57,129.28,150.97,0.01,0,0,EXACT_OR_NEAR_OPTIMAL
2872,Falcons,DST,Bijan Robinson / Daniel Carlson / Devaughn Vele / Drake London / Tyler Shough,49400,49000-49400,3-3,0,96.62,122.13,130.47,145.47,0.01,0,0,FORCED_CAPTAIN
2894,Falcons,DST,Chris Olave / Devaughn Vele / Drake London / Saints / Tyler Shough,47800,<48000,2-4,1,94.35,122.95,131.49,149.19,0.01,0,1,FORCED_CAPTAIN
2897,Falcons,DST,Chris Olave / Drake London / Juwan Johnson / Michael Penix Jr. / Nick Folk,48000,48000-48900,4-2,0,94.16,123.6,132.62,152.14,0.01,0,1,FORCED_CAPTAIN
3028,Jahan Dotson,WR,Alvin Kamara / Bijan Robinson / Chris Olave / Daniel Carlson / Michael Penix Jr.,47900,<48000,3-3,1,95.98,122.78,133.08,148.94,0.01,0,1,FORCED_CAPTAIN
3044,Jahan Dotson,WR,Alvin Kamara / Bijan Robinson / Devaughn Vele / Juwan Johnson / Tyler Shough,48100,48000-48900,2-4,1,95.68,126.28,134.97,152.97,0.01,0,1,FORCED_CAPTAIN
3109,Jahan Dotson,WR,Bijan Robinson / Daniel Carlson / Drake London / Juwan Johnson / Michael Penix Jr.,47500,<48000,4-2,1,92.84,123.17,134.93,154.0,0.01,0,2,FORCED_CAPTAIN
3138,Jahan Dotson,WR,Chris Olave / Drake London / Michael Penix Jr. / Saints / Tyler Shough,48100,48000-48900,3-3,1,96.79,128.4,138.99,158.02,0.01,0,2,FORCED_CAPTAIN
3286,Juwan Johnson,TE,Bijan Robinson / Brian Robinson Jr. / Bryce Lance / Michael Penix Jr. / Tyler Shough,47100,<48000,3-3,1,95.78,127.26,139.51,162.03,0.01,1,2,EXACT_OR_NEAR_OPTIMAL
3820,Michael Penix Jr.,QB,Alvin Kamara / Austin Hooper / Chris Olave / Kyle Pitts Sr. / Tyler Shough,49500,49500-49900,3-3,1,94.06,126.34,135.72,156.7,0.01,0,1,EXACT_OR_NEAR_OPTIMAL
3834,Michael Penix Jr.,QB,Alvin Kamara / Bijan Robinson / Jahan Dotson / Saints / Tyler Shough,49100,49000-49400,3-3,1,96.34,122.92,132.73,148.62,0.01,1,1,EXACT_OR_NEAR_OPTIMAL
4010,Nick Folk,K,Alvin Kamara / Brian Robinson Jr. / Chris Olave / Juwan Johnson / Tyler Shough,46700,<48000,2-4,1,94.83,124.66,135.36,156.77,0.01,0,1,FORCED_CAPTAIN
4187,Nick Muse,TE,Bijan Robinson / Chris Olave / Drake London / Nick Folk / Tyler Shough,47900,<48000,4-2,0,102.53,132.21,141.7,159.23,0.01,0,1,EXACT_OR_NEAR_OPTIMAL
4323,Olamide Zaccheaus,WR,Bijan Robinson / Daniel Carlson / Drake London / Michael Penix Jr. / Tyler Shough,48200,48000-48900,4-2,1,96.33,126.76,136.46,154.89,0.01,0,2,FORCED_CAPTAIN
4425,Oscar Delp,TE,Bijan Robinson / Chris Olave / Drake London / Nick Folk / Tyler Shough,48200,48000-48900,3-3,1,102.53,132.21,141.7,159.23,0.01,0,2,FORCED_CAPTAIN
4569,Saints,DST,Bijan Robinson / Devaughn Vele / Drake London / Falcons / Tyler Shough,49100,49000-49400,3-3,0,95.22,119.88,127.6,142.44,0.01,1,0,EXACT_OR_NEAR_OPTIMAL
4575,Saints,DST,Bryce Lance / Chris Olave / Drake London / Michael Penix Jr. / Tyler Shough,47500,<48000,2-4,1,96.45,127.59,138.08,154.12,0.01,0,2,FORCED_CAPTAIN
4753,Treyton Welch,TE,Alvin Kamara / Chris Olave / Drake London / Michael Penix Jr. / Tyler Shough,46700,<48000,2-4,1,100.06,132.85,144.08,162.42,0.01,0,2,FORCED_CAPTAIN
4826,Treyton Welch,TE,Chris Olave / Devaughn Vele / Drake London / Juwan Johnson / Tyler Shough,45900,<48000,1-5,1,97.91,132.47,142.53,162.91,0.01,0,3,FORCED_CAPTAIN
5085,Tyler Shough,QB,Alvin Kamara / Devaughn Vele / Juwan Johnson / Michael Penix Jr. / Olamide Zaccheaus,47600,<48000,2-4,1,92.36,125.83,136.77,155.43,0.01,0,1,EXACT_OR_NEAR_OPTIMAL
5180,Tyler Shough,QB,Bijan Robinson / Daniel Carlson / Juwan Johnson / Kendre Miller / Nick Folk,48800,48000-48900,2-4,1,95.84,125.28,134.61,149.58,0.01,1,1,EXACT_OR_NEAR_OPTIMAL
85,Alvin Kamara,RB,Bijan Robinson / Drake London / Kendre Miller / Olamide Zaccheaus / Tyler Shough,48900,48000-48900,3-3,1,95.38,123.79,132.68,147.0,0.0095,1,1,EXACT_OR_NEAR_OPTIMAL
102,Alvin Kamara,RB,Brian Robinson Jr. / Chris Olave / Kyle Pitts Sr. / Michael Penix Jr. / Tyler Shough,49500,49500-49900,3-3,1,94.29,124.2,134.36,155.12,0.0095,1,1,EXACT_OR_NEAR_OPTIMAL
238,Austin Hooper,TE,Bijan Robinson / Chris Olave / Daniel Carlson / Juwan Johnson / Michael Penix Jr.,48000,48000-48900,3-3,1,97.57,126.63,136.53,155.8,0.0095,0,2,FORCED_CAPTAIN
301,Austin Hooper,TE,Chris Olave / Drake London / Michael Penix Jr. / Saints / Tyler Shough,47800,<48000,3-3,1,96.03,127.98,137.73,154.99,0.0095,0,2,FORCED_CAPTAIN
628,Bijan Robinson,RB,Bryce Lance / Daniel Carlson / Drake London / Kendre Miller / Michael Penix Jr.,48300,48000-48900,3-3,1,89.92,121.47,131.92,149.93,0.0095,1,2,EXACT_OR_NEAR_OPTIMAL
720,Bijan Robinson,RB,Drake London / Falcons / Jahan Dotson / Juwan Johnson / Nick Folk,47100,<48000,5-1,0,93.45,120.26,130.94,146.0,0.0095,1,2,EXACT_OR_NEAR_OPTIMAL
733,Brian Robinson Jr.,RB,Alvin Kamara / Austin Hooper / Bijan Robinson / Chris Olave / Tyler Shough,47700,<48000,3-3,1,98.96,128.12,136.99,157.74,0.0095,0,1,FORCED_CAPTAIN
783,Brian Robinson Jr.,RB,Bijan Robinson / Charlie Woerner / Chris Olave / Drake London / Michael Penix Jr.,47900,<48000,5-1,1,95.44,126.73,137.34,155.56,0.0095,0,3,FORCED_CAPTAIN
825,Brian Robinson Jr.,RB,Bijan Robinson / Drake London / Juwan Johnson / Saints / Tyler Shough,48700,48000-48900,3-3,0,98.65,125.49,134.63,153.01,0.0095,0,1,FORCED_CAPTAIN
843,Brian Robinson Jr.,RB,Chris Olave / Drake London / Juwan Johnson / Kyle Pitts Sr. / Tyler Shough,49300,49000-49400,3-3,1,96.88,129.59,139.55,159.07,0.0095,0,2,FORCED_CAPTAIN
963,Bryce Lance,WR,Chris Olave / Devaughn Vele / Juwan Johnson / Michael Penix Jr. / Tyler Shough,47300,<48000,1-5,1,94.92,129.09,140.86,163.15,0.0095,0,3,FORCED_CAPTAIN
1771,Chris Olave,WR,Brian Robinson Jr. / Daniel Carlson / Drake London / Michael Penix Jr. / Saints,48000,48000-48900,3-3,1,94.34,124.88,133.26,154.88,0.0095,0,1,EXACT_OR_NEAR_OPTIMAL
1915,Chris Olave,WR,Falcons / Jahan Dotson / Michael Penix Jr. / Nick Folk / Tyler Shough,46800,<48000,4-2,0,94.43,124.51,135.61,158.84,0.0095,0,0,EXACT_OR_NEAR_OPTIMAL
2089,Daniel Carlson,K,Alvin Kamara / Drake London / Juwan Johnson / Saints / Tyler Shough,45400,<48000,1-5,1,91.51,118.8,126.58,143.15,0.0095,0,2,FORCED_CAPTAIN
2090,Daniel Carlson,K,Alvin Kamara / Drake London / Michael Penix Jr. / Nick Folk / Tyler Shough,48200,48000-48900,3-3,0,92.57,120.0,129.89,145.9,0.0095,1,0,EXACT_OR_NEAR_OPTIMAL
2128,Daniel Carlson,K,Bijan Robinson / Chris Olave / Jahan Dotson / Michael Penix Jr. / Nick Folk,47200,<48000,4-2,1,92.42,119.21,127.65,144.95,0.0095,0,1,FORCED_CAPTAIN
2217,Devaughn Vele,WR,Alvin Kamara / Chris Olave / Falcons / Saints / Tyler Shough,46900,<48000,1-5,1,90.57,119.32,128.29,148.73,0.0095,0,2,FORCED_CAPTAIN
2286,Devaughn Vele,WR,Bijan Robinson / Daniel Carlson / Jahan Dotson / Juwan Johnson / Tyler Shough,48300,48000-48900,2-4,1,93.82,123.74,133.71,151.94,0.0095,0,1,FORCED_CAPTAIN
2292,Devaughn Vele,WR,Bijan Robinson / Jahan Dotson / Michael Penix Jr. / Saints / Tyler Shough,49300,49000-49400,3-3,1,91.48,118.59,128.11,146.71,0.0095,0,1,FORCED_CAPTAIN
2306,Devaughn Vele,WR,CJ Donaldson / Drake London / Juwan Johnson / Michael Penix Jr. / Tyler Shough,49100,49000-49400,2-4,1,91.37,124.62,137.12,161.33,0.0095,1,2,EXACT_OR_NEAR_OPTIMAL
2315,Devaughn Vele,WR,Chris Olave / Drake London / Falcons / Juwan Johnson / Nick Folk,48900,48000-48900,3-3,0,92.41,121.17,130.5,147.24,0.0095,0,0,EXACT_OR_NEAR_OPTIMAL
2443,Drake London,WR,Alvin Kamara / Chris Olave / Devaughn Vele / Juwan Johnson / Kevin Austin Jr.,48800,48000-48900,1-5,0,97.79,129.14,139.28,160.56,0.0095,1,1,EXACT_OR_NEAR_OPTIMAL
2509,Drake London,WR,Alvin Kamara / Falcons / Juwan Johnson / Michael Penix Jr. / Saints,46200,<48000,3-3,0,87.94,117.38,126.73,145.42,0.0095,0,0,EXACT_OR_NEAR_OPTIMAL
2733,Drake London,WR,Daniel Carlson / Devaughn Vele / Falcons / Juwan Johnson / Michael Penix Jr.,47600,<48000,3-3,0,87.2,118.66,129.02,150.03,0.0095,0,0,EXACT_OR_NEAR_OPTIMAL
2811,Falcons,DST,Alvin Kamara / Chris Olave / Devaughn Vele / Drake London / Michael Penix Jr.,50000,50000,3-3,0,94.84,123.45,131.06,150.29,0.0095,0,1,EXACT_OR_NEAR_OPTIMAL
2819,Falcons,DST,Alvin Kamara / Chris Olave / Juwan Johnson / Nick Folk / Tyler Shough,45600,<48000,2-4,1,94.32,121.62,130.79,153.35,0.0095,0,1,FORCED_CAPTAIN
2871,Falcons,DST,Bijan Robinson / Daniel Carlson / Devaughn Vele / Drake London / Michael Penix Jr.,48800,48000-48900,4-2,1,89.94,118.56,127.31,144.04,0.0095,0,1,FORCED_CAPTAIN
2887,Falcons,DST,Brian Robinson Jr. / Chris Olave / Drake London / Michael Penix Jr. / Tyler Shough,48600,48000-48900,4-2,1,97.21,126.97,138.29,157.2,0.0095,0,2,FORCED_CAPTAIN
3042,Jahan Dotson,WR,Alvin Kamara / Bijan Robinson / Daniel Carlson / Drake London / Michael Penix Jr.,47100,<48000,4-2,1,90.49,119.37,128.8,146.34,0.0095,0,1,FORCED_CAPTAIN
3127,Jahan Dotson,WR,Chris Olave / Devaughn Vele / Drake London / Juwan Johnson / Michael Penix Jr.,49500,49500-49900,3-3,1,95.14,127.13,139.12,158.03,0.0095,0,2,EXACT_OR_NEAR_OPTIMAL
3185,Juwan Johnson,TE,Alvin Kamara / Brian Robinson Jr. / Daniel Carlson / Drake London / Tyler Shough,46300,<48000,2-4,1,93.69,125.16,134.34,152.51,0.0095,0,1,FORCED_CAPTAIN
3299,Juwan Johnson,TE,Bijan Robinson / CJ Donaldson / Chris Olave / Kyle Pitts Sr. / Michael Penix Jr.,49900,49500-49900,3-3,1,97.26,128.69,139.47,158.85,0.0095,1,2,EXACT_OR_NEAR_OPTIMAL
3711,Kyle Pitts Sr.,TE,Alvin Kamara / Bijan Robinson / Daniel Carlson / Juwan Johnson / Tyler Shough,49300,49000-49400,2-4,1,94.4,121.86,130.51,150.43,0.0095,0,1,FORCED_CAPTAIN
3731,Kyle Pitts Sr.,TE,Alvin Kamara / Chris Olave / Juwan Johnson / Saints / Tyler Shough,47700,<48000,1-5,1,92.14,121.64,132.89,155.3,0.0095,0,2,FORCED_CAPTAIN
3792,Kyle Pitts Sr.,TE,Bryce Lance / Chris Olave / Drake London / Michael Penix Jr. / Tyler Shough,49900,49500-49900,3-3,1,94.39,128.57,139.47,159.14,0.0095,1,2,EXACT_OR_NEAR_OPTIMAL
3808,Kyle Pitts Sr.,TE,Chris Olave / Juwan Johnson / Michael Penix Jr. / Saints / Tyler Shough,49700,49500-49900,2-4,1,94.02,124.53,136.44,156.76,0.0095,0,2,FORCED_CAPTAIN
3998,Nick Folk,K,Alvin Kamara / Bijan Robinson / Chris Olave / Michael Penix Jr. / Olamide Zaccheaus,48700,48000-48900,4-2,1,95.73,122.65,131.1,147.36,0.0095,0,1,FORCED_CAPTAIN
4013,Nick Folk,K,Alvin Kamara / Chris Olave / Daniel Carlson / Devaughn Vele / Tyler Shough,48100,48000-48900,1-5,1,93.38,122.36,131.44,147.29,0.0095,1,2,EXACT_OR_NEAR_OPTIMAL
4038,Nick Folk,K,Barion Brown / Bijan Robinson / Drake London / Michael Penix Jr. / Tyler Shough,49700,49500-49900,4-2,1,96.66,126.71,134.97,151.03,0.0095,0,2,FORCED_CAPTAIN
4110,Nick Folk,K,Drake London / Juwan Johnson / Kyle Pitts Sr. / Michael Penix Jr. / Tyler Shough,49900,49500-49900,4-2,1,91.51,122.89,133.36,152.03,0.0095,0,2,FORCED_CAPTAIN
4297,Olamide Zaccheaus,WR,Bijan Robinson / Chris Olave / Devaughn Vele / Juwan Johnson / Michael Penix Jr.,49800,49500-49900,3-3,1,98.29,128.01,138.46,159.3,0.0095,0,2,FORCED_CAPTAIN
4309,Olamide Zaccheaus,WR,Bijan Robinson / Chris Olave / Falcons / Michael Penix Jr. / Tyler Shough,47800,<48000,4-2,1,99.01,128.57,137.93,156.64,0.0095,0,2,FORCED_CAPTAIN
4476,Saints,DST,Alvin Kamara / Bijan Robinson / Brian Robinson Jr. / Drake London / Tyler Shough,48500,48000-48900,3-3,0,97.12,120.44,129.11,141.7,0.0095,0,0,FORCED_CAPTAIN
4562,Saints,DST,Bijan Robinson / Chris Olave / Michael Penix Jr. / Tyler Shough / Zachariah Branch,49900,49500-49900,3-3,1,100.33,127.82,137.02,152.62,0.0095,0,2,FORCED_CAPTAIN
5138,Tyler Shough,QB,Bijan Robinson / Brian Robinson Jr. / Daniel Carlson / Juwan Johnson / Saints,46400,<48000,2-4,0,95.51,123.13,131.81,148.1,0.0095,1,0,EXACT_OR_NEAR_OPTIMAL
5240,Tyler Shough,QB,Chris Olave / Devaughn Vele / Drake London / Kendre Miller / Kevin Austin Jr.,48800,48000-48900,1-5,1,95.01,129.11,139.54,160.45,0.0095,0,2,FORCED_CAPTAIN
5473,Zachariah Branch,WR,Bijan Robinson / Chris Olave / Daniel Carlson / Michael Penix Jr. / Tyler Shough,49600,49500-49900,3-3,1,99.3,129.82,138.15,155.08,0.0095,0,2,FORCED_CAPTAIN
119,Alvin Kamara,RB,Chris Olave / Daniel Carlson / Drake London / Juwan Johnson / Kyle Pitts Sr.,49300,49000-49400,2-4,0,96.24,124.24,133.4,149.55,0.009,1,0,EXACT_OR_NEAR_OPTIMAL
186,Austin Hooper,TE,Alvin Kamara / Bijan Robinson / Brian Robinson Jr. / Chris Olave / Tyler Shough,47200,<48000,3-3,1,98.38,127.96,136.43,156.39,0.009,0,1,FORCED_CAPTAIN
195,Austin Hooper,TE,Alvin Kamara / Bijan Robinson / Chris Olave / Falcons / Tyler Shough,47000,<48000,3-3,1,99.09,125.95,134.89,156.34,0.009,0,1,FORCED_CAPTAIN
217,Austin Hooper,TE,Alvin Kamara / Chris Olave / Devaughn Vele / Michael Penix Jr. / Tyler Shough,48400,48000-48900,2-4,1,94.05,126.93,136.43,155.44,0.009,0,1,FORCED_CAPTAIN
253,Austin Hooper,TE,Bijan Robinson / Chris Olave / Drake London / Juwan Johnson / Saints,48400,48000-48900,3-3,0,100.34,127.7,136.72,152.59,0.009,0,1,FORCED_CAPTAIN
257,Austin Hooper,TE,Bijan Robinson / Chris Olave / Falcons / Juwan Johnson / Michael Penix Jr.,46800,<48000,4-2,1,94.76,122.56,133.12,150.32,0.009,0,2,FORCED_CAPTAIN
270,Austin Hooper,TE,Bijan Robinson / Daniel Carlson / Drake London / Juwan Johnson / Tyler Shough,47800,<48000,3-3,0,98.76,127.89,136.72,154.93,0.009,0,1,FORCED_CAPTAIN
304,Austin Hooper,TE,Devaughn Vele / Drake London / Juwan Johnson / Michael Penix Jr. / Tyler Shough,48000,48000-48900,3-3,1,90.92,123.92,135.54,156.25,0.009,0,2,FORCED_CAPTAIN
467,Bijan Robinson,RB,Alvin Kamara / Brian Robinson Jr. / Daniel Carlson / Juwan Johnson / Saints,44900,<48000,2-4,0,88.86,113.13,120.91,136.03,0.009,1,1,EXACT_OR_NEAR_OPTIMAL
744,Brian Robinson Jr.,RB,Alvin Kamara / Bijan Robinson / Chris Olave / Juwan Johnson / Nick Folk,48100,48000-48900,3-3,0,97.09,123.9,130.89,153.66,0.009,0,0,FORCED_CAPTAIN
747,Brian Robinson Jr.,RB,Alvin Kamara / Bijan Robinson / Daniel Carlson / Drake London / Michael Penix Jr.,48300,48000-48900,4-2,1,91.48,120.43,129.02,145.75,0.009,0,1,FORCED_CAPTAIN
772,Brian Robinson Jr.,RB,Austin Hooper / Bijan Robinson / Chris Olave / Drake London / Juwan Johnson,48500,48000-48900,4-2,0,99.28,127.68,138.19,155.55,0.009,0,1,FORCED_CAPTAIN
784,Brian Robinson Jr.,RB,Bijan Robinson / Chris Olave / Daniel Carlson / Drake London / Falcons,46700,<48000,4-2,0,93.51,119.64,129.28,144.75,0.009,0,0,FORCED_CAPTAIN
823,Brian Robinson Jr.,RB,Bijan Robinson / Drake London / Jahan Dotson / Michael Penix Jr. / Tyler Shough,49100,49000-49400,5-1,1,95.87,125.45,135.53,155.79,0.009,0,3,FORCED_CAPTAIN
2162,Daniel Carlson,K,Chris Olave / Devaughn Vele / Michael Penix Jr. / Nick Folk / Tyler Shough,49800,49500-49900,2-4,1,95.44,125.04,134.16,152.63,0.009,0,1,EXACT_OR_NEAR_OPTIMAL
2178,Daniel Carlson,K,Drake London / Juwan Johnson / Kyle Pitts Sr. / Michael Penix Jr. / Tyler Shough,49000,49000-49400,3-3,1,92.03,123.16,134.96,154.13,0.009,0,2,FORCED_CAPTAIN
2212,Devaughn Vele,WR,Alvin Kamara / Chris Olave / Daniel Carlson / Kyle Pitts Sr. / Tyler Shough,49700,49500-49900,1-5,1,92.01,122.0,131.41,148.95,0.009,0,2,EXACT_OR_NEAR_OPTIMAL
2413,Drake London,WR,Alvin Kamara / Brian Robinson Jr. / Juwan Johnson / Michael Penix Jr. / Nick Folk,47600,<48000,4-2,1,88.75,119.89,131.01,150.67,0.009,0,1,EXACT_OR_NEAR_OPTIMAL
2444,Drake London,WR,Alvin Kamara / Chris Olave / Devaughn Vele / Kendre Miller / Saints,49800,49500-49900,1-5,0,91.19,120.12,129.45,147.91,0.009,1,1,EXACT_OR_NEAR_OPTIMAL
2476,Drake London,WR,Alvin Kamara / Daniel Carlson / Juwan Johnson / Kendre Miller / Michael Penix Jr.,48200,48000-48900,2-4,0,87.9,119.81,130.21,150.16,0.009,0,0,EXACT_OR_NEAR_OPTIMAL
2543,Drake London,WR,Austin Hooper / Bijan Robinson / Daniel Carlson / Kendre Miller / Michael Penix Jr.,48400,48000-48900,4-2,1,87.97,119.79,131.95,151.58,0.009,1,1,EXACT_OR_NEAR_OPTIMAL
2561,Drake London,WR,Austin Hooper / Devaughn Vele / Kendre Miller / Michael Penix Jr. / Tyler Shough,49200,49000-49400,3-3,1,86.81,121.42,132.13,154.77,0.009,0,1,EXACT_OR_NEAR_OPTIMAL
3124,Jahan Dotson,WR,Chris Olave / Daniel Carlson / Drake London / Juwan Johnson / Tyler Shough,47100,<48000,2-4,1,99.13,130.3,142.16,159.84,0.009,0,2,FORCED_CAPTAIN
3153,Juwan Johnson,TE,Alvin Kamara / Austin Hooper / Devaughn Vele / Michael Penix Jr. / Tyler Shough,47300,<48000,2-4,1,90.56,124.1,135.86,156.21,0.009,0,1,EXACT_OR_NEAR_OPTIMAL
3179,Juwan Johnson,TE,Alvin Kamara / Bijan Robinson / Falcons / Kyle Pitts Sr. / Michael Penix Jr.,48300,48000-48900,4-2,1,90.36,117.26,126.65,143.61,0.009,1,1,EXACT_OR_NEAR_OPTIMAL
3238,Juwan Johnson,TE,Alvin Kamara / Devaughn Vele / Drake London / Michael Penix Jr. / Saints,49100,49000-49400,2-4,0,91.34,120.47,132.19,149.8,0.009,0,0,EXACT_OR_NEAR_OPTIMAL
3242,Juwan Johnson,TE,Alvin Kamara / Devaughn Vele / Kendre Miller / Michael Penix Jr. / Tyler Shough,49500,49500-49900,1-5,1,90.54,123.31,134.05,155.47,0.009,0,2,EXACT_OR_NEAR_OPTIMAL
3457,Kendre Miller,RB,Alvin Kamara / Chris Olave / Daniel Carlson / Drake London / Tyler Shough,49700,49500-49900,1-5,1,95.98,124.68,134.32,151.95,0.009,0,2,EXACT_OR_NEAR_OPTIMAL
3461,Kendre Miller,RB,Alvin Kamara / Chris Olave / Drake London / Saints / Tyler Shough,49100,49000-49400,1-5,1,94.1,123.14,132.68,151.2,0.009,0,2,EXACT_OR_NEAR_OPTIMAL
3468,Kendre Miller,RB,Austin Hooper / Bijan Robinson / Chris Olave / Juwan Johnson / Tyler Shough,49900,49500-49900,2-4,1,99.52,130.85,141.67,164.79,0.009,0,2,EXACT_OR_NEAR_OPTIMAL
3772,Kyle Pitts Sr.,TE,Bijan Robinson / Chris Olave / Juwan Johnson / Treyton Welch / Tyler Shough,48500,48000-48900,2-4,1,99.64,131.58,142.38,165.09,0.009,0,2,FORCED_CAPTAIN
3948,Michael Penix Jr.,QB,Bryce Lance / Daniel Carlson / Drake London / Juwan Johnson / Tyler Shough,47100,<48000,2-4,1,93.18,126.33,138.88,158.43,0.009,0,2,EXACT_OR_NEAR_OPTIMAL
3988,Nick Folk,K,Alvin Kamara / Bijan Robinson / Brian Robinson Jr. / Michael Penix Jr. / Tyler Shough,49300,49000-49400,4-2,1,94.76,122.33,129.03,142.86,0.009,0,1,FORCED_CAPTAIN
4064,Nick Folk,K,Bijan Robinson / Chris Olave / Falcons / Kyle Pitts Sr. / Michael Penix Jr.,49100,49000-49400,5-1,1,90.38,116.38,124.96,142.4,0.009,0,2,FORCED_CAPTAIN
4084,Nick Folk,K,Brian Robinson Jr. / Chris Olave / Daniel Carlson / Drake London / Tyler Shough,47100,<48000,3-3,0,93.71,122.16,130.31,147.69,0.009,0,0,FORCED_CAPTAIN
4234,Olamide Zaccheaus,WR,Alvin Kamara / Bijan Robinson / Chris Olave / Daniel Carlson / Drake London,47400,<48000,3-3,0,97.89,124.66,134.35,147.44,0.009,0,0,FORCED_CAPTAIN
4249,Olamide Zaccheaus,WR,Alvin Kamara / Bijan Robinson / Devaughn Vele / Drake London / Tyler Shough,49200,49000-49400,3-3,1,97.13,124.94,134.13,152.61,0.009,0,1,FORCED_CAPTAIN
4278,Olamide Zaccheaus,WR,Bijan Robinson / Brian Robinson Jr. / Chris Olave / Drake London / Michael Penix Jr.,48400,48000-48900,5-1,1,96.26,127.44,139.58,157.57,0.009,0,3,FORCED_CAPTAIN
4500,Saints,DST,Alvin Kamara / Bijan Robinson / Juwan Johnson / Kendre Miller / Tyler Shough,47100,<48000,1-5,1,91.74,117.66,126.13,142.59,0.009,0,2,FORCED_CAPTAIN
4561,Saints,DST,Bijan Robinson / Chris Olave / Michael Penix Jr. / Treyton Welch / Tyler Shough,47700,<48000,2-4,1,101.22,128.49,137.94,156.4,0.009,0,2,FORCED_CAPTAIN
4567,Saints,DST,Bijan Robinson / Daniel Carlson / Drake London / Nick Folk / Tyler Shough,47900,<48000,3-3,0,94.99,117.18,123.82,139.12,0.009,0,0,FORCED_CAPTAIN
4779,Treyton Welch,TE,Bijan Robinson / Chris Olave / Daniel Carlson / Michael Penix Jr. / Tyler Shough,46300,<48000,2-4,1,100.64,130.36,140.01,157.47,0.009,0,2,FORCED_CAPTAIN
5009,Tyler Shough,QB,Alvin Kamara / Brian Robinson Jr. / Bryce Lance / Chris Olave / Devaughn Vele,45600,<48000,1-5,1,91.64,125.19,135.58,157.07,0.009,0,2,EXACT_OR_NEAR_OPTIMAL
5078,Tyler Shough,QB,Alvin Kamara / Devaughn Vele / Drake London / Kendre Miller / Saints,48400,48000-48900,1-5,1,88.76,117.96,126.97,145.6,0.009,1,2,EXACT_OR_NEAR_OPTIMAL
5287,Tyler Shough,QB,Devaughn Vele / Jahan Dotson / Juwan Johnson / Michael Penix Jr. / Nick Folk,47000,<48000,3-3,1,88.53,120.69,130.74,151.23,0.009,0,1,EXACT_OR_NEAR_OPTIMAL
18,Alvin Kamara,RB,Austin Hooper / Chris Olave / Drake London / Michael Penix Jr. / Nick Folk,48500,48000-48900,4-2,1,93.98,123.82,132.93,152.13,0.0085,0,1,EXACT_OR_NEAR_OPTIMAL
77,Alvin Kamara,RB,Bijan Robinson / Devaughn Vele / Drake London / Falcons / Saints,47900,<48000,3-3,0,90.23,113.95,121.29,133.17,0.0085,0,0,FORCED_CAPTAIN
193,Austin Hooper,TE,Alvin Kamara / Bijan Robinson / Chris Olave / Devaughn Vele / Juwan Johnson,49000,49000-49400,2-4,0,98.37,125.33,136.1,155.04,0.0085,0,0,FORCED_CAPTAIN
363,Barion Brown,WR,Bijan Robinson / Chris Olave / Daniel Carlson / Drake London / Tyler Shough,48800,48000-48900,2-4,1,103.23,132.51,142.91,158.8,0.0085,0,2,FORCED_CAPTAIN
794,Brian Robinson Jr.,RB,Bijan Robinson / Chris Olave / Devaughn Vele / Juwan Johnson / Nick Folk,48900,48000-48900,3-3,0,94.48,121.98,130.87,148.78,0.0085,0,0,FORCED_CAPTAIN
815,Brian Robinson Jr.,RB,Bijan Robinson / Daniel Carlson / Devaughn Vele / Drake London / Tyler Shough,49700,49500-49900,3-3,0,95.55,123.17,132.07,149.22,0.0085,0,0,FORCED_CAPTAIN
874,Bryce Lance,WR,Alvin Kamara / Bijan Robinson / Drake London / Juwan Johnson / Michael Penix Jr.,47900,<48000,3-3,1,95.89,125.9,135.57,151.05,0.0085,0,2,FORCED_CAPTAIN
896,Bryce Lance,WR,Bijan Robinson / Brian Robinson Jr. / Chris Olave / Juwan Johnson / Tyler Shough,46100,<48000,2-4,1,99.24,130.89,140.86,165.27,0.0085,0,2,FORCED_CAPTAIN
969,Bryce Lance,WR,Chris Olave / Drake London / Juwan Johnson / Nick Folk / Tyler Shough,45900,<48000,2-4,1,96.53,129.15,142.22,160.13,0.0085,0,2,FORCED_CAPTAIN
1321,Charlie Woerner,TE,Chris Olave / Devaughn Vele / Drake London / Michael Penix Jr. / Tyler Shough,48100,48000-48900,3-3,1,95.54,129.37,140.24,158.64,0.0085,0,2,FORCED_CAPTAIN
1357,Chris Blair,WR,Alvin Kamara / Bijan Robinson / Drake London / Michael Penix Jr. / Tyler Shough,48900,48000-48900,4-2,1,98.19,128.18,138.77,153.29,0.0085,0,2,EXACT_OR_NEAR_OPTIMAL
1429,Chris Blair,WR,Bijan Robinson / Devaughn Vele / Drake London / Michael Penix Jr. / Tyler Shough,49700,49500-49900,4-2,1,95.58,126.71,136.16,153.79,0.0085,0,2,FORCED_CAPTAIN
1628,Chris Olave,WR,Austin Hooper / Brian Robinson Jr. / Devaughn Vele / Nick Folk / Tyler Shough,45600,<48000,3-3,1,88.71,121.39,132.5,153.6,0.0085,0,1,EXACT_OR_NEAR_OPTIMAL
1706,Chris Olave,WR,Bijan Robinson / Daniel Carlson / Devaughn Vele / Falcons / Kendre Miller,49200,49000-49400,2-4,0,93.59,121.59,130.45,146.29,0.0085,1,0,EXACT_OR_NEAR_OPTIMAL
1883,Chris Olave,WR,Devaughn Vele / Falcons / Juwan Johnson / Michael Penix Jr. / Nick Folk,49400,49000-49400,3-3,0,95.08,124.99,135.15,154.02,0.0085,0,0,EXACT_OR_NEAR_OPTIMAL
1912,Chris Olave,WR,Drake London / Kendre Miller / Michael Penix Jr. / Nick Folk / Saints,49800,49500-49900,3-3,0,92.79,122.53,132.25,152.35,0.0085,1,0,EXACT_OR_NEAR_OPTIMAL
2055,Daniel Carlson,K,Alvin Kamara / Bijan Robinson / Chris Olave / Falcons / Saints,44600,<48000,2-4,0,90.38,111.11,117.41,131.8,0.0085,1,0,EXACT_OR_NEAR_OPTIMAL
2139,Daniel Carlson,K,Bijan Robinson / Devaughn Vele / Juwan Johnson / Kyle Pitts Sr. / Tyler Shough,49600,49500-49900,2-4,1,93.41,121.15,131.04,151.08,0.0085,0,1,FORCED_CAPTAIN
2205,Devaughn Vele,WR,Alvin Kamara / Brian Robinson Jr. / Chris Olave / Daniel Carlson / Tyler Shough,47700,<48000,1-5,1,91.73,121.34,130.83,149.19,0.0085,0,2,EXACT_OR_NEAR_OPTIMAL
2426,Drake London,WR,Alvin Kamara / Bryce Lance / Devaughn Vele / Nick Folk / Tyler Shough,46600,<48000,2-4,1,88.3,118.66,127.92,145.49,0.0085,0,1,EXACT_OR_NEAR_OPTIMAL
2484,Drake London,WR,Alvin Kamara / Daniel Carlson / Kevin Austin Jr. / Michael Penix Jr. / Tyler Shough,46200,<48000,2-4,1,91.19,123.13,134.03,152.11,0.0085,1,1,EXACT_OR_NEAR_OPTIMAL
2502,Drake London,WR,Alvin Kamara / Devaughn Vele / Michael Penix Jr. / Nick Folk / Saints,48400,48000-48900,3-3,0,85.43,114.89,123.12,143.16,0.0085,0,0,EXACT_OR_NEAR_OPTIMAL
2652,Drake London,WR,Brian Robinson Jr. / Devaughn Vele / Juwan Johnson / Michael Penix Jr. / Nick Folk,48400,48000-48900,4-2,1,86.14,118.26,129.42,151.01,0.0085,0,1,EXACT_OR_NEAR_OPTIMAL
2746,Drake London,WR,Daniel Carlson / Falcons / Michael Penix Jr. / Nick Folk / Tyler Shough,47400,<48000,4-2,0,90.38,119.85,130.03,149.21,0.0085,0,0,EXACT_OR_NEAR_OPTIMAL
2828,Falcons,DST,Bijan Robinson / Brian Robinson Jr. / Chris Olave / Daniel Carlson / Drake London,46600,<48000,4-2,0,93.86,120.03,127.89,143.11,0.0085,0,0,FORCED_CAPTAIN
2836,Falcons,DST,Bijan Robinson / Brian Robinson Jr. / Chris Olave / Nick Folk / Tyler Shough,46800,<48000,4-2,0,95.56,122.67,129.57,149.22,0.0085,0,0,FORCED_CAPTAIN
2839,Falcons,DST,Bijan Robinson / Bryce Lance / Chris Olave / Devaughn Vele / Tyler Shough,47200,<48000,2-4,1,96.43,126.6,134.85,155.87,0.0085,0,1,FORCED_CAPTAIN
3035,Jahan Dotson,WR,Alvin Kamara / Bijan Robinson / Chris Olave / Falcons / Tyler Shough,47300,<48000,3-3,1,99.85,126.47,136.15,155.9,0.0085,0,1,FORCED_CAPTAIN
3036,Jahan Dotson,WR,Alvin Kamara / Bijan Robinson / Chris Olave / Kendre Miller / Tyler Shough,48700,48000-48900,2-4,1,97.95,126.93,135.55,156.3,0.0085,0,1,FORCED_CAPTAIN
3055,Jahan Dotson,WR,Alvin Kamara / Chris Olave / Devaughn Vele / Drake London / Michael Penix Jr.,49100,49000-49400,3-3,1,92.78,123.51,132.94,152.79,0.0085,0,1,FORCED_CAPTAIN
3112,Jahan Dotson,WR,Bijan Robinson / Daniel Carlson / Juwan Johnson / Michael Penix Jr. / Tyler Shough,47100,<48000,3-3,1,94.88,124.64,134.58,155.44,0.0085,0,2,FORCED_CAPTAIN
3180,Juwan Johnson,TE,Alvin Kamara / Bijan Robinson / Kyle Pitts Sr. / Michael Penix Jr. / Saints,48900,48000-48900,3-3,1,91.3,117.33,126.81,146.0,0.0085,1,1,EXACT_OR_NEAR_OPTIMAL
3291,Juwan Johnson,TE,Bijan Robinson / Brian Robinson Jr. / Devaughn Vele / Kendre Miller / Tyler Shough,49100,49000-49400,2-4,1,92.25,123.65,134.64,156.14,0.0085,1,1,EXACT_OR_NEAR_OPTIMAL
3398,Juwan Johnson,TE,Daniel Carlson / Devaughn Vele / Michael Penix Jr. / Nick Folk / Tyler Shough,47700,<48000,2-4,1,89.61,120.47,130.78,151.47,0.0085,0,1,EXACT_OR_NEAR_OPTIMAL
3860,Michael Penix Jr.,QB,Alvin Kamara / Drake London / Jahan Dotson / Kyle Pitts Sr. / Tyler Shough,48900,48000-48900,4-2,1,89.09,121.3,132.16,149.97,0.0085,0,1,FORCED_CAPTAIN
3891,Michael Penix Jr.,QB,Bijan Robinson / Brian Robinson Jr. / Chris Olave / Daniel Carlson / Falcons,48300,48000-48900,4-2,1,94.22,121.54,130.36,146.53,0.0085,0,1,FORCED_CAPTAIN
3940,Michael Penix Jr.,QB,Brian Robinson Jr. / Drake London / Jahan Dotson / Juwan Johnson / Tyler Shough,47300,<48000,4-2,1,91.17,124.93,136.12,157.71,0.0085,0,2,EXACT_OR_NEAR_OPTIMAL
3978,Michael Penix Jr.,QB,Drake London / Jahan Dotson / Juwan Johnson / Kendre Miller / Tyler Shough,48500,48000-48900,3-3,1,89.97,123.74,134.79,157.7,0.0085,0,2,FORCED_CAPTAIN
3994,Nick Folk,K,Alvin Kamara / Bijan Robinson / Chris Olave / Daniel Carlson / Saints,46700,<48000,2-4,0,92.67,114.77,122.68,137.98,0.0085,0,0,FORCED_CAPTAIN
4018,Nick Folk,K,Alvin Kamara / Chris Olave / Drake London / Falcons / Michael Penix Jr.,48500,48000-48900,4-2,0,93.04,120.78,129.25,147.4,0.0085,0,0,EXACT_OR_NEAR_OPTIMAL
4023,Nick Folk,K,Alvin Kamara / Chris Olave / Jahan Dotson / Juwan Johnson / Tyler Shough,45900,<48000,2-4,1,94.17,124.18,135.31,157.68,0.0085,0,1,FORCED_CAPTAIN
4030,Nick Folk,K,Alvin Kamara / Devaughn Vele / Juwan Johnson / Michael Penix Jr. / Tyler Shough,48900,48000-48900,2-4,1,90.91,120.22,129.96,148.46,0.0085,0,1,EXACT_OR_NEAR_OPTIMAL
4054,Nick Folk,K,Bijan Robinson / Chris Olave / Daniel Carlson / Drake London / Treyton Welch,45700,<48000,3-3,0,94.28,121.14,128.8,144.34,0.0085,0,0,FORCED_CAPTAIN
4095,Nick Folk,K,Chris Olave / Devaughn Vele / Drake London / Treyton Welch / Tyler Shough,46500,<48000,2-4,1,93.13,124.47,132.49,152.57,0.0085,0,1,FORCED_CAPTAIN
4105,Nick Folk,K,Daniel Carlson / Devaughn Vele / Drake London / Michael Penix Jr. / Tyler Shough,49300,49000-49400,3-3,0,89.78,118.59,127.4,146.85,0.0085,0,0,FORCED_CAPTAIN
4245,Olamide Zaccheaus,WR,Alvin Kamara / Bijan Robinson / Chris Olave / Nick Folk / Tyler Shough,47600,<48000,3-3,1,99.59,127.96,138.34,158.37,0.0085,0,1,FORCED_CAPTAIN
4259,Olamide Zaccheaus,WR,Alvin Kamara / Chris Olave / Devaughn Vele / Drake London / Tyler Shough,48200,48000-48900,2-4,1,96.74,128.1,138.01,156.7,0.0085,0,1,FORCED_CAPTAIN
4264,Olamide Zaccheaus,WR,Alvin Kamara / Chris Olave / Juwan Johnson / Michael Penix Jr. / Tyler Shough,46800,<48000,2-4,1,97.06,129.38,140.44,163.45,0.0085,0,2,FORCED_CAPTAIN
4778,Treyton Welch,TE,Bijan Robinson / Chris Olave / Daniel Carlson / Juwan Johnson / Tyler Shough,44700,<48000,1-5,1,101.11,130.69,141.83,160.68,0.0085,0,3,FORCED_CAPTAIN
4793,Treyton Welch,TE,Bijan Robinson / Chris Olave / Drake London / Kyle Pitts Sr. / Tyler Shough,48300,48000-48900,3-3,1,102.04,132.39,142.74,160.56,0.0085,0,2,FORCED_CAPTAIN
5076,Tyler Shough,QB,Alvin Kamara / Devaughn Vele / Drake London / Falcons / Saints,47000,<48000,2-4,1,90.67,117.18,126.0,142.93,0.0085,0,1,EXACT_OR_NEAR_OPTIMAL
5211,Tyler Shough,QB,Brian Robinson Jr. / Drake London / Falcons / Juwan Johnson / Michael Penix Jr.,48200,48000-48900,4-2,1,95.88,127.27,136.93,157.77,0.0085,0,2,EXACT_OR_NEAR_OPTIMAL
5258,Tyler Shough,QB,Chris Olave / Drake London / Jahan Dotson / Kyle Pitts Sr. / Nick Folk,49400,49000-49400,4-2,0,96.91,129.6,138.93,160.98,0.0085,1,0,EXACT_OR_NEAR_OPTIMAL
5449,Zachariah Branch,WR,Alvin Kamara / Chris Olave / Drake London / Michael Penix Jr. / Tyler Shough,50000,50000,3-3,1,98.71,131.62,142.31,162.34,0.0085,1,3,EXACT_OR_NEAR_OPTIMAL
172,Alvin Kamara,RB,Devaughn Vele / Drake London / Juwan Johnson / Michael Penix Jr. / Saints,48900,48000-48900,2-4,0,90.17,118.33,128.22,144.7,0.008,0,0,EXACT_OR_NEAR_OPTIMAL
197,Austin Hooper,TE,Alvin Kamara / Bijan Robinson / Chris Olave / Kyle Pitts Sr. / Tyler Shough,49200,49000-49400,3-3,1,98.65,128.2,137.46,157.54,0.008,0,1,FORCED_CAPTAIN
247,Austin Hooper,TE,Bijan Robinson / Chris Olave / Devaughn Vele / Saints / Tyler Shough,48400,48000-48900,2-4,1,97.41,126.12,135.86,154.68,0.008,0,1,FORCED_CAPTAIN
282,Austin Hooper,TE,Bijan Robinson / Drake London / Michael Penix Jr. / Saints / Tyler Shough,48800,48000-48900,4-2,1,96.42,126.32,134.11,150.44,0.008,0,2,FORCED_CAPTAIN
439,Bijan Robinson,RB,Alvin Kamara / Austin Hooper / Devaughn Vele / Jahan Dotson / Michael Penix Jr.,47300,<48000,4-2,1,87.6,116.67,125.16,141.58,0.008,1,2,EXACT_OR_NEAR_OPTIMAL
725,Bijan Robinson,RB,Drake London / Juwan Johnson / Kendre Miller / Nick Folk / Saints,49700,49500-49900,3-3,0,93.85,120.21,130.38,143.58,0.008,1,1,EXACT_OR_NEAR_OPTIMAL
730,Bijan Robinson,RB,Falcons / Kyle Pitts Sr. / Michael Penix Jr. / Saints / Tyler Shough,49900,49500-49900,4-2,1,94.43,120.39,129.49,143.75,0.008,1,2,EXACT_OR_NEAR_OPTIMAL
776,Brian Robinson Jr.,RB,Austin Hooper / Bijan Robinson / Drake London / Michael Penix Jr. / Tyler Shough,48900,48000-48900,5-1,1,95.36,126.05,134.54,152.7,0.008,1,3,EXACT_OR_NEAR_OPTIMAL
797,Brian Robinson Jr.,RB,Bijan Robinson / Chris Olave / Drake London / Falcons / Nick Folk,47300,<48000,5-1,0,93.16,119.43,127.3,143.55,0.008,0,1,FORCED_CAPTAIN
862,Bryce Lance,WR,Alvin Kamara / Bijan Robinson / Chris Olave / Drake London / Nick Folk,47700,<48000,3-3,0,98.02,124.73,133.59,150.55,0.008,0,0,FORCED_CAPTAIN
897,Bryce Lance,WR,Bijan Robinson / Brian Robinson Jr. / Chris Olave / Michael Penix Jr. / Tyler Shough,47700,<48000,3-3,1,98.78,129.9,141.18,159.96,0.008,0,2,FORCED_CAPTAIN
901,Bryce Lance,WR,Bijan Robinson / Chris Olave / Daniel Carlson / Drake London / Juwan Johnson,47500,<48000,2-4,0,100.72,129.62,140.0,158.78,0.008,0,1,FORCED_CAPTAIN
921,Bryce Lance,WR,Bijan Robinson / Chris Olave / Drake London / Michael Penix Jr. / Saints,48500,48000-48900,3-3,1,98.38,127.59,136.34,153.94,0.008,0,2,FORCED_CAPTAIN
928,Bryce Lance,WR,Bijan Robinson / Chris Olave / Jahan Dotson / Michael Penix Jr. / Tyler Shough,46900,<48000,3-3,1,98.11,129.96,140.75,161.66,0.008,0,2,FORCED_CAPTAIN
945,Bryce Lance,WR,Bijan Robinson / Devaughn Vele / Drake London / Juwan Johnson / Michael Penix Jr.,48700,48000-48900,3-3,1,93.28,123.66,135.65,151.73,0.008,0,2,FORCED_CAPTAIN
1028,CJ Donaldson,RB,Bijan Robinson / Chris Olave / Daniel Carlson / Drake London / Michael Penix Jr.,48500,48000-48900,3-3,1,96.88,127.75,136.99,154.4,0.008,0,2,EXACT_OR_NEAR_OPTIMAL
1391,Chris Blair,WR,Bijan Robinson / Chris Olave / Daniel Carlson / Drake London / Tyler Shough,48500,48000-48900,3-3,0,103.03,132.37,142.87,159.29,0.008,0,1,EXACT_OR_NEAR_OPTIMAL
1467,Chris Olave,WR,Alvin Kamara / Austin Hooper / Daniel Carlson / Saints / Tyler Shough,44600,<48000,1-5,1,93.31,122.89,131.83,154.67,0.008,0,2,EXACT_OR_NEAR_OPTIMAL
1609,Chris Olave,WR,Austin Hooper / Bijan Robinson / Brian Robinson Jr. / Devaughn Vele / Nick Folk,47800,<48000,4-2,0,92.55,122.31,130.94,151.72,0.008,1,0,EXACT_OR_NEAR_OPTIMAL
1626,Chris Olave,WR,Austin Hooper / Brian Robinson Jr. / Daniel Carlson / Michael Penix Jr. / Tyler Shough,46200,<48000,3-3,1,93.55,125.53,135.57,159.08,0.008,0,1,EXACT_OR_NEAR_OPTIMAL
1774,Chris Olave,WR,Brian Robinson Jr. / Daniel Carlson / Falcons / Juwan Johnson / Tyler Shough,45400,<48000,2-4,1,95.91,125.86,137.48,161.47,0.008,0,1,EXACT_OR_NEAR_OPTIMAL
2084,Daniel Carlson,K,Alvin Kamara / Chris Olave / Kyle Pitts Sr. / Michael Penix Jr. / Tyler Shough,49400,49000-49400,2-4,1,95.16,123.95,132.99,152.15,0.008,0,1,EXACT_OR_NEAR_OPTIMAL
2142,Daniel Carlson,K,Bijan Robinson / Devaughn Vele / Michael Penix Jr. / Saints / Tyler Shough,49600,49500-49900,2-4,0,94.31,118.56,127.35,142.71,0.008,0,0,FORCED_CAPTAIN
2145,Daniel Carlson,K,Bijan Robinson / Drake London / Falcons / Michael Penix Jr. / Nick Folk,47000,<48000,5-1,1,88.31,115.71,125.1,141.0,0.008,0,2,FORCED_CAPTAIN
2200,Devaughn Vele,WR,Alvin Kamara / Bijan Robinson / Jahan Dotson / Nick Folk / Tyler Shough,48500,48000-48900,3-3,1,91.11,118.07,126.53,147.95,0.008,0,1,FORCED_CAPTAIN
2223,Devaughn Vele,WR,Alvin Kamara / Daniel Carlson / Drake London / Juwan Johnson / Michael Penix Jr.,49900,49500-49900,2-4,0,90.73,119.98,131.51,150.62,0.008,0,0,EXACT_OR_NEAR_OPTIMAL
2238,Devaughn Vele,WR,Austin Hooper / Bijan Robinson / Brian Robinson Jr. / Chris Olave / Michael Penix Jr.,49900,49500-49900,4-2,1,92.77,121.81,131.85,151.56,0.008,0,1,FORCED_CAPTAIN
2290,Devaughn Vele,WR,Bijan Robinson / Drake London / Jahan Dotson / Michael Penix Jr. / Saints,49700,49500-49900,4-2,1,89.44,117.08,127.43,145.63,0.008,0,1,FORCED_CAPTAIN
2294,Devaughn Vele,WR,Brian Robinson Jr. / Chris Olave / Daniel Carlson / Michael Penix Jr. / Tyler Shough,49700,49500-49900,2-4,1,93.62,124.61,134.95,155.77,0.008,0,1,EXACT_OR_NEAR_OPTIMAL
2336,Devaughn Vele,WR,Drake London / Falcons / Michael Penix Jr. / Nick Folk / Tyler Shough,49300,49000-49400,4-2,0,88.49,118.08,126.25,148.24,0.008,0,0,EXACT_OR_NEAR_OPTIMAL
2338,Devaughn Vele,WR,Drake London / Juwan Johnson / Kyle Pitts Sr. / Nick Folk / Tyler Shough,49900,49500-49900,3-3,1,88.52,118.95,130.05,148.51,0.008,0,1,EXACT_OR_NEAR_OPTIMAL
2461,Drake London,WR,Alvin Kamara / Daniel Carlson / Devaughn Vele / Juwan Johnson / Nick Folk,47400,<48000,2-4,0,87.77,116.09,124.83,143.03,0.008,0,0,EXACT_OR_NEAR_OPTIMAL
2495,Drake London,WR,Alvin Kamara / Devaughn Vele / Juwan Johnson / Michael Penix Jr. / Zachariah Branch,48600,48000-48900,3-3,1,87.62,119.36,131.46,152.47,0.008,0,1,EXACT_OR_NEAR_OPTIMAL
2749,Drake London,WR,Daniel Carlson / Juwan Johnson / Kyle Pitts Sr. / Michael Penix Jr. / Nick Folk,47400,<48000,4-2,1,83.73,114.54,126.5,146.67,0.008,0,1,EXACT_OR_NEAR_OPTIMAL
2791,Falcons,DST,Alvin Kamara / Bijan Robinson / Chris Olave / Kendre Miller / Tyler Shough,49600,49500-49900,2-4,1,100.01,125.05,134.14,157.66,0.008,1,1,EXACT_OR_NEAR_OPTIMAL
2806,Falcons,DST,Alvin Kamara / Bijan Robinson / Juwan Johnson / Nick Folk / Tyler Shough,46600,<48000,3-3,1,94.71,120.52,128.09,144.37,0.008,0,1,FORCED_CAPTAIN
2810,Falcons,DST,Alvin Kamara / Chris Olave / Devaughn Vele / Drake London / Juwan Johnson,48400,48000-48900,2-4,0,95.31,121.54,130.91,148.35,0.008,0,0,EXACT_OR_NEAR_OPTIMAL
2902,Falcons,DST,Devaughn Vele / Drake London / Juwan Johnson / Michael Penix Jr. / Tyler Shough,49200,49000-49400,3-3,1,93.75,123.46,134.22,154.64,0.008,1,2,EXACT_OR_NEAR_OPTIMAL
3032,Jahan Dotson,WR,Alvin Kamara / Bijan Robinson / Chris Olave / Drake London / Falcons,47700,<48000,4-2,0,97.82,123.83,132.87,146.89,0.008,0,0,FORCED_CAPTAIN
3049,Jahan Dotson,WR,Alvin Kamara / Bijan Robinson / Drake London / Nick Folk / Tyler Shough,48300,48000-48900,4-2,0,96.83,124.03,131.1,145.52,0.008,0,0,FORCED_CAPTAIN
3079,Jahan Dotson,WR,Bijan Robinson / Brian Robinson Jr. / Drake London / Michael Penix Jr. / Tyler Shough,48700,48000-48900,5-1,1,95.54,125.79,136.11,155.07,0.008,0,3,FORCED_CAPTAIN
3118,Jahan Dotson,WR,Bijan Robinson / Juwan Johnson / Michael Penix Jr. / Nick Folk / Tyler Shough,47700,<48000,4-2,1,94.54,123.66,133.62,151.85,0.008,0,2,FORCED_CAPTAIN
3221,Juwan Johnson,TE,Alvin Kamara / Daniel Carlson / Devaughn Vele / Nick Folk / Tyler Shough,45700,<48000,1-5,1,87.72,117.91,126.99,148.34,0.008,0,2,EXACT_OR_NEAR_OPTIMAL
3233,Juwan Johnson,TE,Alvin Kamara / Daniel Carlson / Michael Penix Jr. / Saints / Tyler Shough,45700,<48000,1-5,1,90.7,118.99,129.17,148.08,0.008,0,2,EXACT_OR_NEAR_OPTIMAL
3271,Juwan Johnson,TE,Austin Hooper / Brian Robinson Jr. / Chris Olave / Drake London / Michael Penix Jr.,47500,<48000,4-2,1,94.34,127.12,139.49,163.51,0.008,0,2,EXACT_OR_NEAR_OPTIMAL
3340,Juwan Johnson,TE,Brian Robinson Jr. / Chris Olave / Devaughn Vele / Jahan Dotson / Tyler Shough,46100,<48000,2-4,1,92.39,127.13,138.06,161.94,0.008,0,1,FORCED_CAPTAIN
3388,Juwan Johnson,TE,Daniel Carlson / Devaughn Vele / Drake London / Falcons / Tyler Shough,46900,<48000,2-4,1,91.79,122.14,131.89,153.16,0.008,0,1,EXACT_OR_NEAR_OPTIMAL
3410,Juwan Johnson,TE,Devaughn Vele / Drake London / Kyle Pitts Sr. / Saints / Tyler Shough,48500,48000-48900,2-4,1,89.48,121.44,132.92,151.3,0.008,0,1,EXACT_OR_NEAR_OPTIMAL
3434,Kendre Miller,RB,Alvin Kamara / Bijan Robinson / Chris Olave / Jahan Dotson / Tyler Shough,49700,49500-49900,2-4,1,97.68,126.04,135.64,154.84,0.008,0,1,EXACT_OR_NEAR_OPTIMAL
3578,Kevin Austin Jr.,WR,Alvin Kamara / Bijan Robinson / Chris Olave / Devaughn Vele / Tyler Shough,48200,48000-48900,1-5,1,100.15,130.23,139.65,162.24,0.008,0,2,EXACT_OR_NEAR_OPTIMAL
3665,Kevin Austin Jr.,WR,Bijan Robinson / Devaughn Vele / Drake London / Juwan Johnson / Tyler Shough,47800,<48000,2-4,1,97.02,126.54,136.83,159.26,0.008,0,2,EXACT_OR_NEAR_OPTIMAL
3706,Kyle Pitts Sr.,TE,Alvin Kamara / Bijan Robinson / Chris Olave / Olamide Zaccheaus / Tyler Shough,49900,49500-49900,3-3,1,98.07,127.26,138.17,156.7,0.008,0,1,FORCED_CAPTAIN
3719,Kyle Pitts Sr.,TE,Alvin Kamara / Bijan Robinson / Juwan Johnson / Nick Folk / Tyler Shough,49900,49500-49900,3-3,1,94.06,122.28,130.83,149.19,0.008,0,1,FORCED_CAPTAIN
3730,Kyle Pitts Sr.,TE,Alvin Kamara / Chris Olave / Juwan Johnson / Nick Folk / Tyler Shough,48900,48000-48900,2-4,1,93.66,124.29,134.18,160.36,0.008,0,1,FORCED_CAPTAIN
3981,Michael Penix Jr.,QB,Drake London / Juwan Johnson / Nick Folk / Olamide Zaccheaus / Tyler Shough,47900,<48000,4-2,1,92.52,124.38,136.78,156.83,0.008,0,2,FORCED_CAPTAIN
4056,Nick Folk,K,Bijan Robinson / Chris Olave / Daniel Carlson / Jahan Dotson / Michael Penix Jr.,47500,<48000,4-2,1,92.25,118.68,126.81,144.05,0.008,0,1,FORCED_CAPTAIN
4100,Nick Folk,K,Chris Olave / Drake London / Jahan Dotson / Juwan Johnson / Michael Penix Jr.,48300,48000-48900,4-2,1,94.02,124.48,135.02,154.54,0.008,1,2,EXACT_OR_NEAR_OPTIMAL
4134,Nick Muse,TE,Alvin Kamara / Bijan Robinson / Drake London / Michael Penix Jr. / Tyler Shough,47700,<48000,4-2,1,98.04,128.03,138.55,153.29,0.008,0,2,EXACT_OR_NEAR_OPTIMAL
4206,Nick Muse,TE,Bijan Robinson / Devaughn Vele / Drake London / Michael Penix Jr. / Tyler Shough,48500,48000-48900,4-2,1,95.43,126.5,135.88,153.79,0.008,0,2,EXACT_OR_NEAR_OPTIMAL
4281,Olamide Zaccheaus,WR,Bijan Robinson / Brian Robinson Jr. / Chris Olave / Michael Penix Jr. / Tyler Shough,48000,48000-48900,4-2,1,98.3,128.86,139.68,161.32,0.008,0,2,FORCED_CAPTAIN
4344,Olamide Zaccheaus,WR,Chris Olave / Devaughn Vele / Juwan Johnson / Michael Penix Jr. / Tyler Shough,47600,<48000,2-4,1,94.45,127.71,139.88,163.2,0.008,0,2,FORCED_CAPTAIN
4375,Oscar Delp,TE,Alvin Kamara / Bijan Robinson / Drake London / Michael Penix Jr. / Tyler Shough,48000,48000-48900,3-3,1,98.05,128.03,138.77,153.29,0.008,0,2,FORCED_CAPTAIN
4445,Oscar Delp,TE,Bijan Robinson / Devaughn Vele / Drake London / Michael Penix Jr. / Tyler Shough,48800,48000-48900,3-3,1,95.43,126.5,135.88,153.79,0.008,0,2,FORCED_CAPTAIN
4480,Saints,DST,Alvin Kamara / Bijan Robinson / Chris Olave / Daniel Carlson / Falcons,44300,<48000,2-4,0,89.45,110.33,115.16,130.27,0.008,0,0,FORCED_CAPTAIN
4484,Saints,DST,Alvin Kamara / Bijan Robinson / Chris Olave / Devaughn Vele / Falcons,47300,<48000,2-4,0,92.13,114.63,121.42,134.43,0.008,1,0,EXACT_OR_NEAR_OPTIMAL
4492,Saints,DST,Alvin Kamara / Bijan Robinson / Daniel Carlson / Juwan Johnson / Michael Penix Jr.,46300,<48000,2-4,0,89.78,111.59,119.99,136.18,0.008,1,0,EXACT_OR_NEAR_OPTIMAL
4577,Saints,DST,Chris Olave / Daniel Carlson / Devaughn Vele / Michael Penix Jr. / Tyler Shough,48300,48000-48900,1-5,1,92.98,120.55,129.32,145.82,0.008,0,2,EXACT_OR_NEAR_OPTIMAL
4581,Saints,DST,Chris Olave / Daniel Carlson / Drake London / Nick Folk / Tyler Shough,46900,<48000,2-4,0,94.59,121.09,129.42,144.06,0.008,0,0,FORCED_CAPTAIN
4596,Saints,DST,Daniel Carlson / Drake London / Juwan Johnson / Michael Penix Jr. / Tyler Shough,47100,<48000,2-4,0,92.46,120.49,131.7,148.88,0.008,0,1,FORCED_CAPTAIN
5022,Tyler Shough,QB,Alvin Kamara / Bryce Lance / Chris Olave / Devaughn Vele / Kyle Pitts Sr.,47600,<48000,1-5,1,91.91,125.26,135.88,158.61,0.008,1,2,EXACT_OR_NEAR_OPTIMAL
5150,Tyler Shough,QB,Bijan Robinson / Bryce Lance / Devaughn Vele / Michael Penix Jr. / Saints,49000,49000-49400,2-4,1,95.57,124.18,133.78,152.09,0.008,1,1,EXACT_OR_NEAR_OPTIMAL
5225,Tyler Shough,QB,Bryce Lance / Devaughn Vele / Drake London / Juwan Johnson / Saints,45600,<48000,1-5,1,90.15,123.41,132.32,152.57,0.008,0,2,EXACT_OR_NEAR_OPTIMAL
5275,Tyler Shough,QB,Devaughn Vele / Drake London / Falcons / Michael Penix Jr. / Saints,49000,49000-49400,3-3,0,92.56,121.48,131.55,147.2,0.008,0,0,EXACT_OR_NEAR_OPTIMAL
178,Alvin Kamara,RB,Devaughn Vele / Jahan Dotson / Juwan Johnson / Michael Penix Jr. / Tyler Shough,47300,<48000,2-4,1,89.9,121.23,130.49,149.64,0.0075,0,1,EXACT_OR_NEAR_OPTIMAL
194,Austin Hooper,TE,Alvin Kamara / Bijan Robinson / Chris Olave / Drake London / Nick Folk,49200,49000-49400,4-2,0,99.51,126.33,134.63,150.89,0.0075,0,0,FORCED_CAPTAIN
200,Austin Hooper,TE,Alvin Kamara / Bijan Robinson / Chris Olave / Saints / Tyler Shough,47600,<48000,2-4,1,100.02,126.77,136.22,157.19,0.0075,0,1,FORCED_CAPTAIN
216,Austin Hooper,TE,Alvin Kamara / Chris Olave / Devaughn Vele / Juwan Johnson / Tyler Shough,46800,<48000,1-5,1,94.52,127.41,136.06,161.35,0.0075,0,2,FORCED_CAPTAIN
234,Austin Hooper,TE,Bijan Robinson / Chris Olave / Daniel Carlson / Devaughn Vele / Drake London,49400,49000-49400,3-3,0,97.24,125.57,134.88,148.92,0.0075,0,0,FORCED_CAPTAIN
272,Austin Hooper,TE,Bijan Robinson / Daniel Carlson / Juwan Johnson / Michael Penix Jr. / Tyler Shough,46800,<48000,3-3,1,94.12,123.88,134.46,151.67,0.0075,0,2,FORCED_CAPTAIN
278,Austin Hooper,TE,Bijan Robinson / Drake London / Juwan Johnson / Saints / Tyler Shough,47200,<48000,3-3,0,96.89,125.16,133.14,150.08,0.0075,0,1,FORCED_CAPTAIN
288,Austin Hooper,TE,Chris Olave / Daniel Carlson / Drake London / Juwan Johnson / Tyler Shough,46800,<48000,2-4,1,98.37,130.24,140.57,158.89,0.0075,0,2,FORCED_CAPTAIN
480,Bijan Robinson,RB,Alvin Kamara / Bryce Lance / Devaughn Vele / Jahan Dotson / Tyler Shough,46900,<48000,2-4,1,93.29,121.94,130.77,151.03,0.0075,1,2,EXACT_OR_NEAR_OPTIMAL
533,Bijan Robinson,RB,Alvin Kamara / Devaughn Vele / Drake London / Falcons / Zachariah Branch,48500,48000-48900,4-2,0,90.63,117.86,125.61,142.43,0.0075,1,1,EXACT_OR_NEAR_OPTIMAL
768,Brian Robinson Jr.,RB,Alvin Kamara / Devaughn Vele / Drake London / Michael Penix Jr. / Tyler Shough,49100,49000-49400,3-3,1,90.33,120.59,129.84,148.8,0.0075,0,1,FORCED_CAPTAIN
809,Brian Robinson Jr.,RB,Bijan Robinson / Chris Olave / Juwan Johnson / Kendre Miller / Michael Penix Jr.,49700,49500-49900,3-3,1,94.61,123.43,133.82,151.45,0.0075,0,2,FORCED_CAPTAIN
828,Brian Robinson Jr.,RB,Bijan Robinson / Juwan Johnson / Michael Penix Jr. / Nick Folk / Tyler Shough,48900,48000-48900,4-2,1,95.53,124.16,134.74,153.6,0.0075,0,2,FORCED_CAPTAIN
837,Brian Robinson Jr.,RB,Chris Olave / Devaughn Vele / Juwan Johnson / Nick Folk / Tyler Shough,46700,<48000,2-4,1,90.63,122.47,132.42,154.01,0.0075,0,1,FORCED_CAPTAIN
915,Bryce Lance,WR,Bijan Robinson / Chris Olave / Drake London / Jahan Dotson / Michael Penix Jr.,47300,<48000,4-2,1,96.08,127.25,137.08,155.97,0.0075,0,2,FORCED_CAPTAIN
951,Bryce Lance,WR,Bijan Robinson / Drake London / Juwan Johnson / Nick Folk / Tyler Shough,46900,<48000,3-3,1,96.93,126.5,134.82,151.89,0.0075,0,2,FORCED_CAPTAIN
953,Bryce Lance,WR,Bijan Robinson / Drake London / Michael Penix Jr. / Nick Folk / Tyler Shough,48500,48000-48900,4-2,1,96.46,126.85,135.87,152.23,0.0075,0,2,FORCED_CAPTAIN
1098,Cal Adomitis,TE,Alvin Kamara / Bijan Robinson / Chris Olave / Devaughn Vele / Tyler Shough,47300,<48000,1-5,1,99.51,129.75,138.62,161.45,0.0075,0,2,FORCED_CAPTAIN
1538,Chris Olave,WR,Alvin Kamara / Bryce Lance / Devaughn Vele / Falcons / Tyler Shough,46000,<48000,1-5,1,94.07,126.21,136.12,157.47,0.0075,0,2,EXACT_OR_NEAR_OPTIMAL
1871,Chris Olave,WR,Daniel Carlson / Michael Penix Jr. / Nick Folk / Olamide Zaccheaus / Tyler Shough,47000,<48000,3-3,0,95.42,127.08,137.65,160.3,0.0075,0,0,EXACT_OR_NEAR_OPTIMAL
1874,Chris Olave,WR,Devaughn Vele / Drake London / Falcons / Nick Folk / Saints,47200,<48000,3-3,0,90.2,118.26,126.17,144.77,0.0075,0,0,EXACT_OR_NEAR_OPTIMAL
2137,Daniel Carlson,K,Bijan Robinson / Devaughn Vele / Jahan Dotson / Michael Penix Jr. / Tyler Shough,48400,48000-48900,3-3,1,92.0,119.15,127.5,147.1,0.0075,0,1,FORCED_CAPTAIN
2159,Daniel Carlson,K,Brian Robinson Jr. / Chris Olave / Drake London / Nick Folk / Tyler Shough,46800,<48000,3-3,0,93.88,121.9,130.52,147.7,0.0075,0,0,FORCED_CAPTAIN
2198,Devaughn Vele,WR,Alvin Kamara / Bijan Robinson / Drake London / Falcons / Saints,48300,48000-48900,3-3,0,88.93,112.98,120.89,133.81,0.0075,1,0,EXACT_OR_NEAR_OPTIMAL
2464,Drake London,WR,Alvin Kamara / Daniel Carlson / Devaughn Vele / Michael Penix Jr. / Saints,47800,<48000,2-4,0,85.78,115.36,124.37,145.57,0.0075,0,0,EXACT_OR_NEAR_OPTIMAL
2506,Drake London,WR,Alvin Kamara / Falcons / Juwan Johnson / Kyle Pitts Sr. / Michael Penix Jr.,47800,<48000,4-2,1,86.57,116.59,128.04,146.9,0.0075,0,1,EXACT_OR_NEAR_OPTIMAL
2743,Drake London,WR,Daniel Carlson / Devaughn Vele / Nick Folk / Saints / Tyler Shough,46800,<48000,2-4,0,86.81,114.68,123.82,142.08,0.0075,0,0,EXACT_OR_NEAR_OPTIMAL
2757,Drake London,WR,Devaughn Vele / Falcons / Kendre Miller / Michael Penix Jr. / Tyler Shough,50000,50000,3-3,1,88.7,121.02,132.7,151.25,0.0075,0,2,EXACT_OR_NEAR_OPTIMAL
2813,Falcons,DST,Alvin Kamara / Chris Olave / Devaughn Vele / Michael Penix Jr. / Tyler Shough,49600,49500-49900,2-4,1,96.88,124.42,134.63,151.85,0.0075,0,1,FORCED_CAPTAIN
2880,Falcons,DST,Bijan Robinson / Devaughn Vele / Drake London / Saints / Tyler Shough,48800,48000-48900,3-3,0,94.75,119.63,126.53,141.05,0.0075,0,0,FORCED_CAPTAIN
3048,Jahan Dotson,WR,Alvin Kamara / Bijan Robinson / Drake London / Michael Penix Jr. / Nick Folk,47700,<48000,5-1,1,90.14,118.62,127.68,142.28,0.0075,0,2,FORCED_CAPTAIN
3065,Jahan Dotson,WR,Alvin Kamara / Devaughn Vele / Drake London / Michael Penix Jr. / Tyler Shough,47900,<48000,3-3,1,89.33,120.48,130.11,150.64,0.0075,0,1,FORCED_CAPTAIN
3120,Jahan Dotson,WR,Brian Robinson Jr. / Chris Olave / Drake London / Michael Penix Jr. / Tyler Shough,47700,<48000,4-2,1,95.15,128.18,139.26,161.8,0.0075,0,2,FORCED_CAPTAIN
3385,Juwan Johnson,TE,Chris Olave / Falcons / Nick Folk / Saints / Tyler Shough,44700,<48000,2-4,1,92.37,122.08,132.39,156.73,0.0075,0,1,FORCED_CAPTAIN
3484,Kendre Miller,RB,Bijan Robinson / Bryce Lance / Chris Olave / Juwan Johnson / Tyler Shough,48900,48000-48900,1-5,1,98.53,130.02,139.86,162.27,0.0075,0,3,EXACT_OR_NEAR_OPTIMAL
3554,Kendre Miller,RB,Chris Olave / Devaughn Vele / Drake London / Saints / Tyler Shough,49900,49500-49900,1-5,1,91.49,121.77,131.07,150.34,0.0075,0,2,EXACT_OR_NEAR_OPTIMAL
3624,Kevin Austin Jr.,WR,Bijan Robinson / Chris Olave / Daniel Carlson / Drake London / Michael Penix Jr.,47600,<48000,3-3,1,97.32,128.1,137.42,157.79,0.0075,0,2,EXACT_OR_NEAR_OPTIMAL
3761,Kyle Pitts Sr.,TE,Bijan Robinson / Chris Olave / Daniel Carlson / Saints / Tyler Shough,49900,49500-49900,2-4,0,96.9,123.13,131.6,148.33,0.0075,0,0,FORCED_CAPTAIN
3799,Kyle Pitts Sr.,TE,Chris Olave / Devaughn Vele / Juwan Johnson / Nick Folk / Tyler Shough,49700,49500-49900,2-4,1,91.05,123.23,134.4,155.27,0.0075,0,1,FORCED_CAPTAIN
3846,Michael Penix Jr.,QB,Alvin Kamara / Chris Olave / Jahan Dotson / Saints / Tyler Shough,48100,48000-48900,2-4,1,95.95,125.77,135.83,152.48,0.0075,0,1,EXACT_OR_NEAR_OPTIMAL
3854,Michael Penix Jr.,QB,Alvin Kamara / Devaughn Vele / Drake London / Juwan Johnson / Saints,49900,49500-49900,2-4,0,91.11,119.79,131.01,149.01,0.0075,0,0,EXACT_OR_NEAR_OPTIMAL
3874,Michael Penix Jr.,QB,Austin Hooper / Bijan Robinson / Chris Olave / Juwan Johnson / Treyton Welch,46500,<48000,3-3,1,96.72,127.28,137.53,156.1,0.0075,0,2,FORCED_CAPTAIN
3975,Michael Penix Jr.,QB,Devaughn Vele / Drake London / Jahan Dotson / Kyle Pitts Sr. / Tyler Shough,49700,49500-49900,4-2,1,86.47,119.79,130.42,150.49,0.0075,0,1,EXACT_OR_NEAR_OPTIMAL
4008,Nick Folk,K,Alvin Kamara / Bijan Robinson / Falcons / Juwan Johnson / Michael Penix Jr.,46900,<48000,4-2,0,89.26,113.8,120.56,135.15,0.0075,0,0,FORCED_CAPTAIN
4011,Nick Folk,K,Alvin Kamara / Bryce Lance / Chris Olave / Juwan Johnson / Tyler Shough,44700,<48000,1-5,1,92.67,123.12,133.69,155.74,0.0075,0,2,EXACT_OR_NEAR_OPTIMAL
4237,Olamide Zaccheaus,WR,Alvin Kamara / Bijan Robinson / Chris Olave / Daniel Carlson / Tyler Shough,47000,<48000,2-4,1,99.93,127.71,137.49,156.78,0.0075,0,1,FORCED_CAPTAIN
4319,Olamide Zaccheaus,WR,Bijan Robinson / Chris Olave / Michael Penix Jr. / Saints / Tyler Shough,48400,48000-48900,3-3,1,99.95,128.51,138.08,158.93,0.0075,0,2,FORCED_CAPTAIN
4336,Olamide Zaccheaus,WR,Bijan Robinson / Drake London / Michael Penix Jr. / Nick Folk / Tyler Shough,48800,48000-48900,5-1,1,95.98,125.46,135.01,154.85,0.0075,0,3,FORCED_CAPTAIN
4496,Saints,DST,Alvin Kamara / Bijan Robinson / Devaughn Vele / Juwan Johnson / Michael Penix Jr.,49300,49000-49400,2-4,0,92.46,116.61,122.72,140.02,0.0075,0,0,FORCED_CAPTAIN
4531,Saints,DST,Bijan Robinson / Brian Robinson Jr. / Chris Olave / Daniel Carlson / Tyler Shough,47100,<48000,2-4,0,97.3,122.98,129.61,146.69,0.0075,0,0,FORCED_CAPTAIN
4588,Saints,DST,Chris Olave / Devaughn Vele / Juwan Johnson / Kyle Pitts Sr. / Tyler Shough,47700,<48000,1-5,1,90.21,120.21,131.6,154.22,0.0075,0,2,FORCED_CAPTAIN
4792,Treyton Welch,TE,Bijan Robinson / Chris Olave / Drake London / Kendre Miller / Tyler Shough,47500,<48000,2-4,1,100.57,130.69,141.2,161.34,0.0075,0,2,FORCED_CAPTAIN
5123,Tyler Shough,QB,Austin Hooper / Devaughn Vele / Drake London / Kyle Pitts Sr. / Michael Penix Jr.,49800,49500-49900,4-2,1,89.3,122.71,133.02,152.5,0.0075,0,1,EXACT_OR_NEAR_OPTIMAL
88,Alvin Kamara,RB,Bijan Robinson / Falcons / Kendre Miller / Michael Penix Jr. / Tyler Shough,49500,49500-49900,3-3,1,93.93,120.2,127.13,141.96,0.007,1,1,EXACT_OR_NEAR_OPTIMAL
233,Austin Hooper,TE,Bijan Robinson / Bryce Lance / Chris Olave / Michael Penix Jr. / Tyler Shough,47200,<48000,3-3,1,98.1,130.63,139.88,159.14,0.007,0,2,FORCED_CAPTAIN
256,Austin Hooper,TE,Bijan Robinson / Chris Olave / Drake London / Michael Penix Jr. / Treyton Welch,46000,<48000,4-2,1,94.95,125.3,136.45,153.28,0.007,0,2,FORCED_CAPTAIN
284,Austin Hooper,TE,Bijan Robinson / Juwan Johnson / Michael Penix Jr. / Nick Folk / Tyler Shough,47400,<48000,4-2,1,93.77,123.58,134.44,151.05,0.007,0,2,FORCED_CAPTAIN
298,Austin Hooper,TE,Chris Olave / Drake London / Juwan Johnson / Saints / Tyler Shough,46200,<48000,2-4,1,96.49,127.89,138.67,157.93,0.007,0,2,FORCED_CAPTAIN
299,Austin Hooper,TE,Chris Olave / Drake London / Kyle Pitts Sr. / Michael Penix Jr. / Tyler Shough,49400,49000-49400,4-2,1,94.66,128.63,138.66,159.21,0.007,0,2,FORCED_CAPTAIN
633,Bijan Robinson,RB,Bryce Lance / Juwan Johnson / Kyle Pitts Sr. / Nick Folk / Tyler Shough,47700,<48000,3-3,1,93.55,124.04,133.12,150.74,0.007,1,2,EXACT_OR_NEAR_OPTIMAL
787,Brian Robinson Jr.,RB,Bijan Robinson / Chris Olave / Daniel Carlson / Drake London / Saints,47300,<48000,3-3,0,94.44,120.36,128.83,141.91,0.007,0,0,FORCED_CAPTAIN
857,Bryce Lance,WR,Alvin Kamara / Bijan Robinson / Chris Olave / Daniel Carlson / Drake London,47100,<48000,2-4,0,98.37,124.94,133.9,151.05,0.007,0,0,FORCED_CAPTAIN
886,Bryce Lance,WR,Alvin Kamara / Chris Olave / Juwan Johnson / Michael Penix Jr. / Tyler Shough,46500,<48000,1-5,1,97.54,130.28,140.77,162.54,0.007,0,3,FORCED_CAPTAIN
1267,Charlie Woerner,TE,Bijan Robinson / Chris Olave / Daniel Carlson / Drake London / Michael Penix Jr.,47300,<48000,4-2,1,96.69,127.71,137.03,155.69,0.007,0,2,FORCED_CAPTAIN
2131,Daniel Carlson,K,Bijan Robinson / Chris Olave / Juwan Johnson / Michael Penix Jr. / Zachariah Branch,48600,48000-48900,3-3,1,96.92,125.6,134.84,152.08,0.007,0,2,FORCED_CAPTAIN
2174,Daniel Carlson,K,Devaughn Vele / Drake London / Michael Penix Jr. / Nick Folk / Tyler Shough,49000,49000-49400,3-3,0,89.96,118.21,128.2,146.07,0.007,0,0,EXACT_OR_NEAR_OPTIMAL
2177,Daniel Carlson,K,Drake London / Jahan Dotson / Juwan Johnson / Michael Penix Jr. / Tyler Shough,46200,<48000,3-3,1,91.09,122.38,133.5,152.16,0.007,0,2,FORCED_CAPTAIN
2188,Devaughn Vele,WR,Alvin Kamara / Bijan Robinson / Bryce Lance / Chris Olave / Nick Folk,48500,48000-48900,2-4,0,93.06,119.83,128.39,148.46,0.007,0,0,FORCED_CAPTAIN
2219,Devaughn Vele,WR,Alvin Kamara / Chris Olave / Jahan Dotson / Nick Folk / Tyler Shough,47500,<48000,2-4,1,90.72,122.39,131.56,153.14,0.007,0,1,FORCED_CAPTAIN
2233,Devaughn Vele,WR,Alvin Kamara / Drake London / Kendre Miller / Saints / Tyler Shough,47500,<48000,1-5,1,83.17,111.0,120.15,139.07,0.007,0,2,FORCED_CAPTAIN
2245,Devaughn Vele,WR,Austin Hooper / Chris Olave / Daniel Carlson / Drake London / Michael Penix Jr.,49100,49000-49400,3-3,1,90.4,121.51,131.55,150.82,0.007,0,1,EXACT_OR_NEAR_OPTIMAL
2249,Devaughn Vele,WR,Austin Hooper / Chris Olave / Kyle Pitts Sr. / Michael Penix Jr. / Tyler Shough,49700,49500-49900,3-3,1,89.2,122.1,133.7,153.84,0.007,1,1,EXACT_OR_NEAR_OPTIMAL
2302,Devaughn Vele,WR,Brian Robinson Jr. / Drake London / Michael Penix Jr. / Nick Folk / Tyler Shough,49500,49500-49900,4-2,1,87.78,118.59,127.52,150.46,0.007,0,1,EXACT_OR_NEAR_OPTIMAL
2325,Devaughn Vele,WR,Chris Olave / Jahan Dotson / Kyle Pitts Sr. / Michael Penix Jr. / Tyler Shough,49900,49500-49900,3-3,1,89.71,122.46,134.78,153.74,0.007,0,1,FORCED_CAPTAIN
2488,Drake London,WR,Alvin Kamara / Devaughn Vele / Falcons / Michael Penix Jr. / Nick Folk,47800,<48000,4-2,0,84.49,114.07,123.48,139.5,0.007,1,0,EXACT_OR_NEAR_OPTIMAL
2501,Drake London,WR,Alvin Kamara / Devaughn Vele / Kyle Pitts Sr. / Michael Penix Jr. / Nick Folk,50000,50000,4-2,1,84.06,114.64,124.92,144.02,0.007,0,2,EXACT_OR_NEAR_OPTIMAL
2513,Drake London,WR,Alvin Kamara / Falcons / Kendre Miller / Michael Penix Jr. / Tyler Shough,49200,49000-49400,3-3,1,91.31,122.43,132.93,152.54,0.007,0,1,EXACT_OR_NEAR_OPTIMAL
2648,Drake London,WR,Brian Robinson Jr. / Daniel Carlson / Juwan Johnson / Nick Folk / Tyler Shough,46000,<48000,3-3,0,90.13,119.1,129.06,148.78,0.007,0,0,EXACT_OR_NEAR_OPTIMAL
2759,Drake London,WR,Devaughn Vele / Jahan Dotson / Juwan Johnson / Michael Penix Jr. / Nick Folk,47600,<48000,4-2,1,85.48,117.02,129.15,149.48,0.007,0,1,EXACT_OR_NEAR_OPTIMAL
2773,Drake London,WR,Falcons / Juwan Johnson / Michael Penix Jr. / Treyton Welch / Tyler Shough,44800,<48000,3-3,1,91.59,123.31,136.3,156.25,0.007,0,2,EXACT_OR_NEAR_OPTIMAL
2779,Drake London,WR,Kyle Pitts Sr. / Michael Penix Jr. / Nick Folk / Saints / Tyler Shough,49000,49000-49400,4-2,1,88.07,118.26,128.49,146.87,0.007,0,1,EXACT_OR_NEAR_OPTIMAL
2785,Falcons,DST,Alvin Kamara / Bijan Robinson / Chris Olave / Daniel Carlson / Nick Folk,45200,<48000,3-3,0,90.5,113.75,120.71,135.01,0.007,0,0,FORCED_CAPTAIN
2786,Falcons,DST,Alvin Kamara / Bijan Robinson / Chris Olave / Daniel Carlson / Saints,44000,<48000,2-4,0,88.98,110.23,115.32,128.03,0.007,0,0,FORCED_CAPTAIN
2801,Falcons,DST,Alvin Kamara / Bijan Robinson / Drake London / Kyle Pitts Sr. / Michael Penix Jr.,49000,49000-49400,5-1,1,89.31,117.16,124.47,140.12,0.007,0,2,FORCED_CAPTAIN
2805,Falcons,DST,Alvin Kamara / Bijan Robinson / Juwan Johnson / Michael Penix Jr. / Nick Folk,46000,<48000,4-2,0,88.03,112.06,119.79,132.49,0.007,0,0,FORCED_CAPTAIN
2807,Falcons,DST,Alvin Kamara / Bijan Robinson / Juwan Johnson / Saints / Tyler Shough,45400,<48000,2-4,1,93.18,116.82,123.96,138.54,0.007,0,1,FORCED_CAPTAIN
2853,Falcons,DST,Bijan Robinson / Chris Olave / Devaughn Vele / Juwan Johnson / Kyle Pitts Sr.,49000,49000-49400,3-3,0,92.65,119.14,127.33,146.04,0.007,0,0,FORCED_CAPTAIN
3074,Jahan Dotson,WR,Austin Hooper / Bijan Robinson / Drake London / Michael Penix Jr. / Tyler Shough,47700,<48000,5-1,1,94.37,126.11,134.75,152.62,0.007,0,3,FORCED_CAPTAIN
3186,Juwan Johnson,TE,Alvin Kamara / Brian Robinson Jr. / Devaughn Vele / Drake London / Michael Penix Jr.,48700,48000-48900,3-3,1,89.7,120.21,131.71,152.37,0.007,0,1,EXACT_OR_NEAR_OPTIMAL
3236,Juwan Johnson,TE,Alvin Kamara / Devaughn Vele / Drake London / Jahan Dotson / Michael Penix Jr.,47900,<48000,3-3,1,89.04,120.08,131.76,151.29,0.007,1,1,EXACT_OR_NEAR_OPTIMAL
3321,Juwan Johnson,TE,Bijan Robinson / Daniel Carlson / Devaughn Vele / Falcons / Michael Penix Jr.,48100,48000-48900,3-3,0,90.99,118.6,127.03,147.34,0.007,2,0,EXACT_OR_NEAR_OPTIMAL
3490,Kendre Miller,RB,Bijan Robinson / Cal Adomitis / Chris Olave / Drake London / Tyler Shough,49900,49500-49900,2-4,1,100.32,130.91,141.19,159.9,0.007,0,2,EXACT_OR_NEAR_OPTIMAL
3524,Kendre Miller,RB,Bijan Robinson / Chris Olave / Michael Penix Jr. / Treyton Welch / Tyler Shough,48900,48000-48900,2-4,1,96.96,126.71,136.8,157.06,0.007,0,2,FORCED_CAPTAIN
3580,Kevin Austin Jr.,WR,Alvin Kamara / Bijan Robinson / Chris Olave / Drake London / Juwan Johnson,48200,48000-48900,2-4,0,103.08,131.8,140.18,157.21,0.007,0,1,EXACT_OR_NEAR_OPTIMAL
3591,Kevin Austin Jr.,WR,Alvin Kamara / Bijan Robinson / Drake London / Juwan Johnson / Tyler Shough,47000,<48000,2-4,1,99.63,129.1,138.65,154.57,0.007,0,2,EXACT_OR_NEAR_OPTIMAL
3604,Kevin Austin Jr.,WR,Alvin Kamara / Chris Olave / Drake London / Michael Penix Jr. / Tyler Shough,47600,<48000,2-4,1,98.77,131.64,142.83,160.95,0.007,0,2,EXACT_OR_NEAR_OPTIMAL
3683,Kevin Austin Jr.,WR,Chris Olave / Devaughn Vele / Drake London / Michael Penix Jr. / Tyler Shough,48400,48000-48900,2-4,1,96.16,129.59,141.31,160.67,0.007,0,2,EXACT_OR_NEAR_OPTIMAL
3783,Kyle Pitts Sr.,TE,Bijan Robinson / Drake London / Michael Penix Jr. / Treyton Welch / Tyler Shough,49300,49000-49400,4-2,1,93.68,123.96,134.31,151.11,0.007,1,2,EXACT_OR_NEAR_OPTIMAL
3806,Kyle Pitts Sr.,TE,Chris Olave / Drake London / Michael Penix Jr. / Treyton Welch / Tyler Shough,48300,48000-48900,3-3,1,93.28,127.08,136.93,156.93,0.007,0,2,EXACT_OR_NEAR_OPTIMAL
3809,Kyle Pitts Sr.,TE,Daniel Carlson / Drake London / Juwan Johnson / Michael Penix Jr. / Tyler Shough,49500,49500-49900,3-3,1,90.41,121.58,133.21,152.99,0.007,0,2,FORCED_CAPTAIN
3880,Michael Penix Jr.,QB,Austin Hooper / Brian Robinson Jr. / Drake London / Juwan Johnson / Tyler Shough,47100,<48000,4-2,1,90.65,123.65,135.41,158.36,0.007,0,2,EXACT_OR_NEAR_OPTIMAL
3882,Michael Penix Jr.,QB,Austin Hooper / Chris Olave / Devaughn Vele / Drake London / Falcons,48500,48000-48900,4-2,1,89.85,120.62,131.04,153.61,0.007,0,1,EXACT_OR_NEAR_OPTIMAL
3918,Michael Penix Jr.,QB,Bijan Robinson / Chris Olave / Devaughn Vele / Jahan Dotson / Olamide Zaccheaus,48900,48000-48900,4-2,1,93.05,123.12,132.98,150.43,0.007,0,1,FORCED_CAPTAIN
3963,Michael Penix Jr.,QB,Chris Olave / Drake London / Juwan Johnson / Kyle Pitts Sr. / Olamide Zaccheaus,49500,49500-49900,4-2,1,93.07,127.19,138.71,160.05,0.007,0,2,FORCED_CAPTAIN
4070,Nick Folk,K,Bijan Robinson / Chris Olave / Kendre Miller / Saints / Tyler Shough,49500,49500-49900,2-4,1,96.52,122.81,131.81,146.76,0.007,0,1,FORCED_CAPTAIN
4164,Nick Muse,TE,Bijan Robinson / Chris Olave / Daniel Carlson / Drake London / Tyler Shough,47300,<48000,3-3,0,102.87,132.3,142.58,158.8,0.007,0,1,FORCED_CAPTAIN
4329,Olamide Zaccheaus,WR,Bijan Robinson / Devaughn Vele / Juwan Johnson / Michael Penix Jr. / Tyler Shough,48600,48000-48900,3-3,1,94.84,127.28,135.15,158.77,0.007,0,2,FORCED_CAPTAIN
4401,Oscar Delp,TE,Bijan Robinson / Chris Olave / Daniel Carlson / Drake London / Tyler Shough,47600,<48000,2-4,1,102.88,132.3,142.58,158.8,0.007,0,2,FORCED_CAPTAIN
4477,Saints,DST,Alvin Kamara / Bijan Robinson / Brian Robinson Jr. / Juwan Johnson / Tyler Shough,45900,<48000,2-4,1,92.94,117.48,127.0,142.17,0.007,0,1,FORCED_CAPTAIN
4483,Saints,DST,Alvin Kamara / Bijan Robinson / Chris Olave / Daniel Carlson / Nick Folk,46100,<48000,2-4,0,91.91,113.03,119.32,134.78,0.007,0,0,FORCED_CAPTAIN
4513,Saints,DST,Alvin Kamara / Chris Olave / Kyle Pitts Sr. / Michael Penix Jr. / Tyler Shough,48500,48000-48900,2-4,1,92.36,119.98,129.31,147.68,0.007,0,1,FORCED_CAPTAIN
4587,Saints,DST,Chris Olave / Devaughn Vele / Jahan Dotson / Juwan Johnson / Tyler Shough,44900,<48000,1-5,1,89.27,119.58,129.9,152.62,0.007,0,2,FORCED_CAPTAIN
4751,Treyton Welch,TE,Alvin Kamara / Chris Olave / Devaughn Vele / Drake London / Tyler Shough,45500,<48000,1-5,1,95.56,126.71,136.16,154.53,0.007,0,2,FORCED_CAPTAIN
4752,Treyton Welch,TE,Alvin Kamara / Chris Olave / Drake London / Juwan Johnson / Tyler Shough,45100,<48000,1-5,1,100.52,132.8,143.68,162.54,0.007,0,3,FORCED_CAPTAIN
4807,Treyton Welch,TE,Bijan Robinson / Chris Olave / Michael Penix Jr. / Nick Folk / Tyler Shough,46900,<48000,3-3,1,100.29,130.33,139.3,158.92,0.007,0,2,FORCED_CAPTAIN
5072,Tyler Shough,QB,Alvin Kamara / Daniel Carlson / Jahan Dotson / Juwan Johnson / Michael Penix Jr.,45600,<48000,2-4,1,91.49,122.29,132.85,148.76,0.007,0,1,EXACT_OR_NEAR_OPTIMAL
5102,Tyler Shough,QB,Alvin Kamara / Juwan Johnson / Michael Penix Jr. / Nick Folk / Saints,47400,<48000,2-4,1,93.46,122.48,131.53,149.02,0.007,0,1,EXACT_OR_NEAR_OPTIMAL
5276,Tyler Shough,QB,Devaughn Vele / Drake London / Jahan Dotson / Kendre Miller / Michael Penix Jr.,49200,49000-49400,3-3,1,88.34,120.67,131.47,152.25,0.007,1,1,EXACT_OR_NEAR_OPTIMAL
92,Alvin Kamara,RB,Bijan Robinson / Juwan Johnson / Kyle Pitts Sr. / Michael Penix Jr. / Saints,48700,48000-48900,3-3,1,90.12,114.54,122.7,142.02,0.0065,0,1,FORCED_CAPTAIN
161,Alvin Kamara,RB,Daniel Carlson / Drake London / Juwan Johnson / Michael Penix Jr. / Saints,45900,<48000,2-4,0,87.48,114.25,123.17,141.07,0.0065,0,0,EXACT_OR_NEAR_OPTIMAL
244,Austin Hooper,TE,Bijan Robinson / Chris Olave / Devaughn Vele / Falcons / Tyler Shough,47800,<48000,3-3,1,96.47,126.62,134.16,156.41,0.0065,0,1,FORCED_CAPTAIN
315,Barion Brown,WR,Alvin Kamara / Bijan Robinson / Chris Olave / Drake London / Juwan Johnson,48800,48000-48900,2-4,0,102.32,130.12,139.99,156.28,0.0065,0,1,EXACT_OR_NEAR_OPTIMAL
637,Bijan Robinson,RB,CJ Donaldson / Devaughn Vele / Juwan Johnson / Kendre Miller / Tyler Shough,48900,48000-48900,1-5,1,92.86,123.73,132.8,157.27,0.0065,1,3,EXACT_OR_NEAR_OPTIMAL
750,Brian Robinson Jr.,RB,Alvin Kamara / Bijan Robinson / Drake London / Falcons / Tyler Shough,47700,<48000,4-2,0,95.36,119.74,127.69,146.01,0.0065,0,0,FORCED_CAPTAIN
752,Brian Robinson Jr.,RB,Alvin Kamara / Bijan Robinson / Drake London / Michael Penix Jr. / Nick Folk,48900,48000-48900,5-1,1,91.14,118.87,127.58,144.51,0.0065,0,2,FORCED_CAPTAIN
754,Brian Robinson Jr.,RB,Alvin Kamara / Bijan Robinson / Drake London / Saints / Tyler Shough,48300,48000-48900,3-3,0,96.29,120.39,129.06,142.77,0.0065,0,0,FORCED_CAPTAIN
806,Brian Robinson Jr.,RB,Bijan Robinson / Chris Olave / Falcons / Nick Folk / Tyler Shough,46900,<48000,4-2,0,95.2,123.14,129.76,150.91,0.0065,0,0,FORCED_CAPTAIN
833,Brian Robinson Jr.,RB,Chris Olave / Daniel Carlson / Drake London / Nick Folk / Tyler Shough,46300,<48000,3-3,0,92.12,120.21,129.06,145.14,0.0065,0,0,FORCED_CAPTAIN
877,Bryce Lance,WR,Alvin Kamara / Bijan Robinson / Drake London / Nick Folk / Tyler Shough,46500,<48000,3-3,1,94.57,121.51,129.01,144.98,0.0065,0,1,FORCED_CAPTAIN
917,Bryce Lance,WR,Bijan Robinson / Chris Olave / Drake London / Juwan Johnson / Nick Folk,48100,48000-48900,3-3,0,100.38,129.39,139.4,153.04,0.0065,0,1,FORCED_CAPTAIN
933,Bryce Lance,WR,Bijan Robinson / Chris Olave / Kendre Miller / Michael Penix Jr. / Tyler Shough,48900,48000-48900,2-4,1,97.58,128.38,139.72,160.93,0.0065,0,2,FORCED_CAPTAIN
937,Bryce Lance,WR,Bijan Robinson / Chris Olave / Michael Penix Jr. / Saints / Tyler Shough,48100,48000-48900,2-4,1,100.42,129.36,140.06,159.36,0.0065,0,2,FORCED_CAPTAIN
959,Bryce Lance,WR,Chris Olave / Daniel Carlson / Drake London / Michael Penix Jr. / Tyler Shough,46900,<48000,2-4,1,96.41,128.7,140.14,159.17,0.0065,0,2,FORCED_CAPTAIN
985,CJ Donaldson,RB,Alvin Kamara / Bijan Robinson / Chris Olave / Drake London / Juwan Johnson,49100,49000-49400,2-4,0,102.65,130.36,140.18,157.21,0.0065,0,1,EXACT_OR_NEAR_OPTIMAL
1081,CJ Donaldson,RB,Chris Olave / Devaughn Vele / Drake London / Michael Penix Jr. / Tyler Shough,49300,49000-49400,2-4,1,95.73,129.26,140.07,158.64,0.0065,0,2,EXACT_OR_NEAR_OPTIMAL
1222,Charlie Woerner,TE,Alvin Kamara / Bijan Robinson / Chris Olave / Drake London / Juwan Johnson,47900,<48000,3-3,0,102.46,130.29,139.89,156.1,0.0065,0,1,FORCED_CAPTAIN
1537,Chris Olave,WR,Alvin Kamara / Bryce Lance / Devaughn Vele / Drake London / Nick Folk,48200,48000-48900,2-4,0,94.5,124.69,132.97,154.11,0.0065,0,0,EXACT_OR_NEAR_OPTIMAL
1807,Chris Olave,WR,Bryce Lance / Devaughn Vele / Nick Folk / Saints / Tyler Shough,45000,<48000,1-5,1,89.36,121.7,132.44,156.36,0.0065,1,2,EXACT_OR_NEAR_OPTIMAL
1826,Chris Olave,WR,Chris Blair / Devaughn Vele / Drake London / Kyle Pitts Sr. / Michael Penix Jr.,49800,49500-49900,4-2,1,90.88,123.45,134.45,154.95,0.0065,0,1,EXACT_OR_NEAR_OPTIMAL
1905,Chris Olave,WR,Drake London / Juwan Johnson / Kendre Miller / Michael Penix Jr. / Zachariah Branch,50000,50000,3-3,1,94.98,128.48,141.15,163.12,0.0065,0,3,EXACT_OR_NEAR_OPTIMAL
2185,Devaughn Vele,WR,Alvin Kamara / Austin Hooper / Juwan Johnson / Michael Penix Jr. / Tyler Shough,47500,<48000,2-4,1,88.08,119.93,131.49,147.78,0.0065,0,1,EXACT_OR_NEAR_OPTIMAL
2210,Devaughn Vele,WR,Alvin Kamara / CJ Donaldson / Drake London / Michael Penix Jr. / Tyler Shough,48700,48000-48900,2-4,1,89.02,120.38,130.05,151.58,0.0065,0,1,EXACT_OR_NEAR_OPTIMAL
2406,Drake London,WR,Alvin Kamara / Brian Robinson Jr. / Devaughn Vele / Michael Penix Jr. / Nick Folk,48000,48000-48900,4-2,1,83.78,113.78,125.21,141.09,0.0065,0,1,EXACT_OR_NEAR_OPTIMAL
2434,Drake London,WR,Alvin Kamara / CJ Donaldson / Michael Penix Jr. / Saints / Tyler Shough,46200,<48000,2-4,1,89.03,120.16,130.47,148.52,0.0065,0,1,EXACT_OR_NEAR_OPTIMAL
2459,Drake London,WR,Alvin Kamara / Daniel Carlson / Devaughn Vele / Falcons / Michael Penix Jr.,47200,<48000,3-3,0,84.84,115.13,123.79,145.22,0.0065,0,0,EXACT_OR_NEAR_OPTIMAL
2637,Drake London,WR,Brian Robinson Jr. / Chris Olave / Daniel Carlson / Devaughn Vele / Nick Folk,47600,<48000,3-3,0,88.61,117.57,127.67,146.02,0.0065,0,0,EXACT_OR_NEAR_OPTIMAL
2834,Falcons,DST,Bijan Robinson / Brian Robinson Jr. / Chris Olave / Juwan Johnson / Nick Folk,44600,<48000,4-2,0,89.34,115.74,122.83,142.78,0.0065,0,0,FORCED_CAPTAIN
2850,Falcons,DST,Bijan Robinson / Chris Olave / Daniel Carlson / Michael Penix Jr. / Saints,46000,<48000,3-3,0,90.87,114.51,120.71,131.68,0.0065,0,0,FORCED_CAPTAIN
2879,Falcons,DST,Bijan Robinson / Devaughn Vele / Drake London / Michael Penix Jr. / Nick Folk,49400,49000-49400,5-1,1,89.59,117.68,126.28,141.59,0.0065,0,2,FORCED_CAPTAIN
3043,Jahan Dotson,WR,Alvin Kamara / Bijan Robinson / Daniel Carlson / Michael Penix Jr. / Tyler Shough,46700,<48000,3-3,1,92.53,119.71,128.3,145.82,0.0065,0,1,FORCED_CAPTAIN
3075,Jahan Dotson,WR,Austin Hooper / Chris Olave / Drake London / Michael Penix Jr. / Tyler Shough,46700,<48000,4-2,1,93.97,127.65,137.28,160.99,0.0065,0,2,FORCED_CAPTAIN
3092,Jahan Dotson,WR,Bijan Robinson / Chris Olave / Devaughn Vele / Saints / Tyler Shough,48700,48000-48900,2-4,1,98.18,126.51,136.14,152.75,0.0065,0,1,FORCED_CAPTAIN
3095,Jahan Dotson,WR,Bijan Robinson / Chris Olave / Drake London / Kevin Austin Jr. / Michael Penix Jr.,46900,<48000,4-2,1,94.87,125.66,136.03,155.58,0.0065,0,2,FORCED_CAPTAIN
3224,Juwan Johnson,TE,Alvin Kamara / Daniel Carlson / Drake London / Kyle Pitts Sr. / Michael Penix Jr.,47700,<48000,3-3,1,87.29,116.8,128.66,147.47,0.0065,0,1,EXACT_OR_NEAR_OPTIMAL
3453,Kendre Miller,RB,Alvin Kamara / Bijan Robinson / Juwan Johnson / Nick Folk / Tyler Shough,48700,48000-48900,2-4,1,91.85,119.65,127.32,144.82,0.0065,0,1,FORCED_CAPTAIN
3600,Kevin Austin Jr.,WR,Alvin Kamara / Chris Olave / Devaughn Vele / Drake London / Tyler Shough,46400,<48000,1-5,1,94.27,125.62,134.82,153.28,0.0065,0,2,EXACT_OR_NEAR_OPTIMAL
3630,Kevin Austin Jr.,WR,Bijan Robinson / Chris Olave / Devaughn Vele / Drake London / Juwan Johnson,49000,49000-49400,2-4,0,100.47,129.9,139.54,158.73,0.0065,0,1,EXACT_OR_NEAR_OPTIMAL
3707,Kyle Pitts Sr.,TE,Alvin Kamara / Bijan Robinson / Chris Olave / Treyton Welch / Tyler Shough,48100,48000-48900,2-4,1,97.28,125.58,136.8,156.12,0.0065,0,1,FORCED_CAPTAIN
3724,Kyle Pitts Sr.,TE,Alvin Kamara / Chris Olave / Daniel Carlson / Michael Penix Jr. / Tyler Shough,49900,49500-49900,2-4,1,93.54,122.58,132.16,153.33,0.0065,0,1,FORCED_CAPTAIN
3742,Kyle Pitts Sr.,TE,Austin Hooper / Bijan Robinson / Juwan Johnson / Michael Penix Jr. / Tyler Shough,49300,49000-49400,4-2,1,91.6,122.05,132.84,154.04,0.0065,1,2,EXACT_OR_NEAR_OPTIMAL
3770,Kyle Pitts Sr.,TE,Bijan Robinson / Chris Olave / Juwan Johnson / Kevin Austin Jr. / Tyler Shough,49100,49000-49400,2-4,1,98.78,130.64,140.95,162.95,0.0065,0,2,FORCED_CAPTAIN
3784,Kyle Pitts Sr.,TE,Bijan Robinson / Jahan Dotson / Juwan Johnson / Michael Penix Jr. / Tyler Shough,49500,49500-49900,4-2,1,92.11,121.43,133.42,152.45,0.0065,0,2,FORCED_CAPTAIN
3851,Michael Penix Jr.,QB,Alvin Kamara / Daniel Carlson / Drake London / Juwan Johnson / Kyle Pitts Sr.,48500,48000-48900,3-3,1,87.05,117.35,128.63,146.52,0.0065,0,1,EXACT_OR_NEAR_OPTIMAL
3941,Michael Penix Jr.,QB,Brian Robinson Jr. / Drake London / Juwan Johnson / Kendre Miller / Tyler Shough,49300,49000-49400,3-3,1,90.63,123.58,134.93,157.99,0.0065,0,2,FORCED_CAPTAIN
3944,Michael Penix Jr.,QB,Bryce Lance / Chris Olave / Drake London / Juwan Johnson / Kyle Pitts Sr.,49300,49000-49400,3-3,1,93.39,127.25,138.92,158.23,0.0065,0,2,FORCED_CAPTAIN
4063,Nick Folk,K,Bijan Robinson / Chris Olave / Falcons / Jahan Dotson / Michael Penix Jr.,46300,<48000,5-1,1,89.44,114.89,123.48,141.15,0.0065,0,2,FORCED_CAPTAIN
4074,Nick Folk,K,Bijan Robinson / Daniel Carlson / Drake London / Falcons / Michael Penix Jr.,47300,<48000,5-1,1,88.13,114.95,124.5,138.73,0.0065,0,2,FORCED_CAPTAIN
4311,Olamide Zaccheaus,WR,Bijan Robinson / Chris Olave / Jahan Dotson / Michael Penix Jr. / Tyler Shough,47200,<48000,4-2,1,97.64,128.76,139.94,157.71,0.0065,0,2,FORCED_CAPTAIN
4495,Saints,DST,Alvin Kamara / Bijan Robinson / Devaughn Vele / Drake London / Nick Folk,48300,48000-48900,3-3,0,89.11,111.88,117.76,131.17,0.0065,0,0,FORCED_CAPTAIN
4522,Saints,DST,Alvin Kamara / Drake London / Falcons / Juwan Johnson / Tyler Shough,43900,<48000,2-4,1,87.77,112.77,121.18,136.25,0.0065,0,1,EXACT_OR_NEAR_OPTIMAL
4524,Saints,DST,Alvin Kamara / Drake London / Juwan Johnson / Nick Folk / Tyler Shough,45700,<48000,2-4,1,90.23,116.91,125.46,141.82,0.0065,0,1,FORCED_CAPTAIN
4573,Saints,DST,Brian Robinson Jr. / Chris Olave / Devaughn Vele / Juwan Johnson / Tyler Shough,45700,<48000,1-5,1,89.93,119.8,129.7,152.8,0.0065,0,2,FORCED_CAPTAIN
4586,Saints,DST,Chris Olave / Devaughn Vele / Drake London / Treyton Welch / Tyler Shough,44700,<48000,1-5,1,90.84,120.62,129.17,148.95,0.0065,0,2,FORCED_CAPTAIN
4977,Tyler Shough,QB,Alvin Kamara / Barion Brown / Bijan Robinson / Drake London / Falcons,48000,48000-48900,3-3,1,99.42,125.53,132.75,151.28,0.0065,1,1,EXACT_OR_NEAR_OPTIMAL
5087,Tyler Shough,QB,Alvin Kamara / Devaughn Vele / Juwan Johnson / Michael Penix Jr. / Treyton Welch,45800,<48000,1-5,1,91.57,123.62,136.08,155.46,0.0065,0,2,EXACT_OR_NEAR_OPTIMAL
5210,Tyler Shough,QB,Brian Robinson Jr. / Devaughn Vele / Juwan Johnson / Michael Penix Jr. / Nick Folk,47800,<48000,3-3,1,89.2,120.82,131.53,151.65,0.0065,0,1,EXACT_OR_NEAR_OPTIMAL
5285,Tyler Shough,QB,Devaughn Vele / Drake London / Michael Penix Jr. / Nick Folk / Treyton Welch,46800,<48000,3-3,1,90.1,121.46,131.74,151.14,0.0065,0,1,EXACT_OR_NEAR_OPTIMAL
5448,Zachariah Branch,WR,Alvin Kamara / Chris Olave / Drake London / Juwan Johnson / Tyler Shough,48400,48000-48900,2-4,1,99.18,131.18,143.12,161.86,0.0065,0,2,FORCED_CAPTAIN
124,Alvin Kamara,RB,Chris Olave / Daniel Carlson / Falcons / Michael Penix Jr. / Tyler Shough,48300,48000-48900,2-4,1,98.25,124.11,133.1,153.89,0.006,1,1,EXACT_OR_NEAR_OPTIMAL
131,Alvin Kamara,RB,Chris Olave / Devaughn Vele / Kendre Miller / Nick Folk / Tyler Shough,49100,49000-49400,1-5,1,91.49,121.62,131.12,149.79,0.006,1,2,EXACT_OR_NEAR_OPTIMAL
175,Alvin Kamara,RB,Devaughn Vele / Drake London / Kendre Miller / Saints / Tyler Shough,47100,<48000,1-5,1,84.48,111.6,120.75,136.91,0.006,0,2,EXACT_OR_NEAR_OPTIMAL
749,Brian Robinson Jr.,RB,Alvin Kamara / Bijan Robinson / Drake London / Falcons / Michael Penix Jr.,47100,<48000,5-1,1,88.68,115.97,125.24,140.75,0.006,0,2,FORCED_CAPTAIN
753,Brian Robinson Jr.,RB,Alvin Kamara / Bijan Robinson / Drake London / Michael Penix Jr. / Saints,47700,<48000,4-2,1,89.61,115.51,124.99,141.15,0.006,0,1,FORCED_CAPTAIN
756,Brian Robinson Jr.,RB,Alvin Kamara / Bijan Robinson / Juwan Johnson / Nick Folk / Tyler Shough,46900,<48000,3-3,1,93.64,121.44,130.39,144.33,0.006,0,1,FORCED_CAPTAIN
778,Brian Robinson Jr.,RB,Austin Hooper / Chris Olave / Drake London / Michael Penix Jr. / Tyler Shough,47900,<48000,4-2,1,94.97,128.36,137.92,160.01,0.006,0,2,EXACT_OR_NEAR_OPTIMAL
812,Brian Robinson Jr.,RB,Bijan Robinson / Chris Olave / Kyle Pitts Sr. / Nick Folk / Tyler Shough,49100,49000-49400,4-2,0,94.76,124.06,132.25,151.93,0.006,0,0,FORCED_CAPTAIN
822,Brian Robinson Jr.,RB,Bijan Robinson / Drake London / Falcons / Juwan Johnson / Tyler Shough,48100,48000-48900,4-2,0,97.71,124.72,134.45,152.91,0.006,0,1,FORCED_CAPTAIN
867,Bryce Lance,WR,Alvin Kamara / Bijan Robinson / Chris Olave / Saints / Tyler Shough,46100,<48000,1-5,1,98.54,125.58,135.47,156.38,0.006,0,2,FORCED_CAPTAIN
924,Bryce Lance,WR,Bijan Robinson / Chris Olave / Falcons / Juwan Johnson / Tyler Shough,45900,<48000,2-4,1,99.96,131.23,139.74,162.74,0.006,0,2,FORCED_CAPTAIN
948,Bryce Lance,WR,Bijan Robinson / Devaughn Vele / Juwan Johnson / Michael Penix Jr. / Tyler Shough,48300,48000-48900,2-4,1,95.32,127.49,137.75,158.57,0.006,0,2,FORCED_CAPTAIN
984,CJ Donaldson,RB,Alvin Kamara / Bijan Robinson / Chris Olave / Devaughn Vele / Tyler Shough,49100,49000-49400,1-5,1,99.72,129.91,138.94,160.83,0.006,0,2,EXACT_OR_NEAR_OPTIMAL
1034,CJ Donaldson,RB,Bijan Robinson / Chris Olave / Devaughn Vele / Drake London / Juwan Johnson,49900,49500-49900,2-4,0,100.04,128.88,138.92,158.32,0.006,0,1,FORCED_CAPTAIN
1069,CJ Donaldson,RB,Bijan Robinson / Devaughn Vele / Drake London / Juwan Johnson / Tyler Shough,48700,48000-48900,2-4,1,96.59,126.29,135.56,156.5,0.006,0,2,EXACT_OR_NEAR_OPTIMAL
1099,Cal Adomitis,TE,Alvin Kamara / Bijan Robinson / Chris Olave / Drake London / Juwan Johnson,47300,<48000,2-4,0,102.44,130.24,139.94,157.51,0.006,0,1,FORCED_CAPTAIN
1203,Cal Adomitis,TE,Chris Olave / Devaughn Vele / Drake London / Michael Penix Jr. / Tyler Shough,47500,<48000,2-4,1,95.51,129.36,139.84,158.64,0.006,0,2,FORCED_CAPTAIN
1251,Charlie Woerner,TE,Alvin Kamara / Chris Olave / Drake London / Michael Penix Jr. / Tyler Shough,47300,<48000,3-3,1,98.15,131.02,141.77,161.56,0.006,1,2,EXACT_OR_NEAR_OPTIMAL
1285,Charlie Woerner,TE,Bijan Robinson / Chris Olave / Drake London / Michael Penix Jr. / Nick Folk,47900,<48000,5-1,1,96.35,126.14,135.98,154.14,0.006,0,3,FORCED_CAPTAIN
1767,Chris Olave,WR,Brian Robinson Jr. / Daniel Carlson / Devaughn Vele / Juwan Johnson / Michael Penix Jr.,49000,49000-49400,2-4,0,94.72,125.03,135.18,156.76,0.006,0,0,EXACT_OR_NEAR_OPTIMAL
2138,Daniel Carlson,K,Bijan Robinson / Devaughn Vele / Juwan Johnson / Kyle Pitts Sr. / Michael Penix Jr.,49000,49000-49400,3-3,1,86.73,113.59,122.71,141.74,0.006,0,1,FORCED_CAPTAIN
2157,Daniel Carlson,K,Bijan Robinson / Juwan Johnson / Michael Penix Jr. / Treyton Welch / Tyler Shough,45200,<48000,2-4,1,94.37,122.33,133.28,149.38,0.006,0,2,FORCED_CAPTAIN
2266,Devaughn Vele,WR,Bijan Robinson / CJ Donaldson / Daniel Carlson / Drake London / Michael Penix Jr.,48700,48000-48900,3-3,1,87.56,116.44,127.09,145.63,0.006,0,1,FORCED_CAPTAIN
2332,Devaughn Vele,WR,Daniel Carlson / Drake London / Falcons / Michael Penix Jr. / Tyler Shough,48700,48000-48900,3-3,0,88.84,117.89,128.33,146.76,0.006,0,0,EXACT_OR_NEAR_OPTIMAL
2507,Drake London,WR,Alvin Kamara / Falcons / Juwan Johnson / Kyle Pitts Sr. / Tyler Shough,48400,48000-48900,3-3,1,93.25,122.79,132.84,148.54,0.006,1,1,EXACT_OR_NEAR_OPTIMAL
2809,Falcons,DST,Alvin Kamara / Chris Olave / Daniel Carlson / Drake London / Michael Penix Jr.,47000,<48000,3-3,0,92.16,119.64,127.54,143.81,0.006,0,0,FORCED_CAPTAIN
2852,Falcons,DST,Bijan Robinson / Chris Olave / Devaughn Vele / Jahan Dotson / Michael Penix Jr.,47800,<48000,4-2,1,91.24,117.81,126.94,140.43,0.006,0,1,FORCED_CAPTAIN
2881,Falcons,DST,Bijan Robinson / Drake London / Juwan Johnson / Kyle Pitts Sr. / Tyler Shough,50000,50000,4-2,0,98.35,125.48,133.93,150.32,0.006,0,2,FORCED_CAPTAIN
3031,Jahan Dotson,WR,Alvin Kamara / Bijan Robinson / Chris Olave / Devaughn Vele / Juwan Johnson,49300,49000-49400,2-4,0,99.13,127.07,135.17,155.21,0.006,0,0,FORCED_CAPTAIN
3053,Jahan Dotson,WR,Alvin Kamara / Bijan Robinson / Juwan Johnson / Nick Folk / Tyler Shough,45700,<48000,3-3,1,92.65,121.05,129.78,144.52,0.006,0,1,FORCED_CAPTAIN
3062,Jahan Dotson,WR,Alvin Kamara / Chris Olave / Drake London / Nick Folk / Tyler Shough,47300,<48000,3-3,1,96.43,126.02,136.37,154.38,0.006,0,1,FORCED_CAPTAIN
3101,Jahan Dotson,WR,Bijan Robinson / Chris Olave / Juwan Johnson / Kyle Pitts Sr. / Michael Penix Jr.,49300,49000-49400,4-2,1,95.09,125.49,136.51,152.77,0.006,0,2,FORCED_CAPTAIN
3227,Juwan Johnson,TE,Alvin Kamara / Daniel Carlson / Drake London / Michael Penix Jr. / Saints,46100,<48000,2-4,0,88.66,117.03,127.26,145.58,0.006,0,0,EXACT_OR_NEAR_OPTIMAL
3409,Juwan Johnson,TE,Devaughn Vele / Drake London / Jahan Dotson / Saints / Tyler Shough,45700,<48000,2-4,1,88.55,119.74,131.89,152.73,0.006,1,1,EXACT_OR_NEAR_OPTIMAL
3420,Kendre Miller,RB,Alvin Kamara / Austin Hooper / Bijan Robinson / Chris Olave / Tyler Shough,49500,49500-49900,2-4,1,97.17,126.08,134.93,154.69,0.006,0,1,EXACT_OR_NEAR_OPTIMAL
3536,Kendre Miller,RB,Bijan Robinson / Drake London / Michael Penix Jr. / Olamide Zaccheaus / Tyler Shough,49900,49500-49900,4-2,1,92.26,122.38,131.96,152.16,0.006,0,2,EXACT_OR_NEAR_OPTIMAL
3558,Kendre Miller,RB,Chris Olave / Drake London / Jahan Dotson / Michael Penix Jr. / Tyler Shough,49900,49500-49900,3-3,1,93.68,126.77,137.31,158.58,0.006,0,2,EXACT_OR_NEAR_OPTIMAL
3691,Kyle Pitts Sr.,TE,Alvin Kamara / Austin Hooper / Bijan Robinson / Drake London / Michael Penix Jr.,49300,49000-49400,5-1,1,87.2,116.87,126.68,140.12,0.006,0,2,FORCED_CAPTAIN
3727,Kyle Pitts Sr.,TE,Alvin Kamara / Chris Olave / Drake London / Falcons / Tyler Shough,49700,49500-49900,3-3,1,95.38,123.36,132.75,150.37,0.006,0,1,FORCED_CAPTAIN
3741,Kyle Pitts Sr.,TE,Austin Hooper / Bijan Robinson / Drake London / Juwan Johnson / Michael Penix Jr.,49700,49500-49900,5-1,1,89.56,120.3,131.69,149.15,0.006,0,3,FORCED_CAPTAIN
3743,Kyle Pitts Sr.,TE,Austin Hooper / Chris Olave / Drake London / Juwan Johnson / Tyler Shough,49300,49000-49400,3-3,1,95.85,129.06,139.27,162.14,0.006,0,2,FORCED_CAPTAIN
3771,Kyle Pitts Sr.,TE,Bijan Robinson / Chris Olave / Juwan Johnson / Michael Penix Jr. / Olamide Zaccheaus,49700,49500-49900,4-2,1,93.74,124.04,134.65,152.58,0.006,0,2,FORCED_CAPTAIN
3780,Kyle Pitts Sr.,TE,Bijan Robinson / Drake London / Jahan Dotson / Juwan Johnson / Michael Penix Jr.,49900,49500-49900,5-1,1,90.07,120.74,131.93,150.36,0.006,0,3,FORCED_CAPTAIN
3803,Kyle Pitts Sr.,TE,Chris Olave / Drake London / Jahan Dotson / Juwan Johnson / Tyler Shough,49500,49500-49900,3-3,1,96.36,129.27,141.09,160.49,0.006,0,2,FORCED_CAPTAIN
3807,Kyle Pitts Sr.,TE,Chris Olave / Jahan Dotson / Juwan Johnson / Michael Penix Jr. / Tyler Shough,48500,48000-48900,3-3,1,91.72,124.76,135.08,157.85,0.006,0,2,FORCED_CAPTAIN
3973,Michael Penix Jr.,QB,Devaughn Vele / Drake London / Falcons / Nick Folk / Tyler Shough,49900,49500-49900,4-2,0,90.74,120.68,129.62,149.17,0.006,0,0,EXACT_OR_NEAR_OPTIMAL
3976,Michael Penix Jr.,QB,Devaughn Vele / Drake London / Jahan Dotson / Saints / Tyler Shough,48100,48000-48900,3-3,1,87.84,118.62,128.92,148.22,0.006,0,1,FORCED_CAPTAIN
4028,Nick Folk,K,Alvin Kamara / Devaughn Vele / Drake London / Juwan Johnson / Michael Penix Jr.,49300,49000-49400,3-3,0,88.87,117.25,127.39,141.94,0.006,0,0,EXACT_OR_NEAR_OPTIMAL
4031,Nick Folk,K,Alvin Kamara / Drake London / Juwan Johnson / Saints / Tyler Shough,46300,<48000,2-4,1,90.99,117.99,125.61,142.59,0.006,0,1,FORCED_CAPTAIN
4043,Nick Folk,K,Bijan Robinson / Brian Robinson Jr. / Chris Olave / Falcons / Juwan Johnson,45500,<48000,4-2,0,90.57,117.48,123.94,141.6,0.006,0,0,FORCED_CAPTAIN
4079,Nick Folk,K,Bijan Robinson / Devaughn Vele / Falcons / Michael Penix Jr. / Tyler Shough,49900,49500-49900,4-2,0,92.86,119.27,126.26,140.7,0.006,0,0,FORCED_CAPTAIN
4250,Olamide Zaccheaus,WR,Alvin Kamara / Bijan Robinson / Devaughn Vele / Juwan Johnson / Tyler Shough,46600,<48000,2-4,1,92.95,121.99,131.7,152.16,0.006,0,1,FORCED_CAPTAIN
4270,Olamide Zaccheaus,WR,Austin Hooper / Bijan Robinson / Chris Olave / Michael Penix Jr. / Tyler Shough,47000,<48000,4-2,1,97.13,129.09,138.65,157.94,0.006,0,2,FORCED_CAPTAIN
4292,Olamide Zaccheaus,WR,Bijan Robinson / Chris Olave / Daniel Carlson / Juwan Johnson / Michael Penix Jr.,46800,<48000,3-3,1,95.6,124.97,134.83,152.24,0.006,0,2,FORCED_CAPTAIN
4303,Olamide Zaccheaus,WR,Bijan Robinson / Chris Olave / Drake London / Juwan Johnson / Nick Folk,48400,48000-48900,4-2,0,99.9,128.32,137.63,156.08,0.006,0,1,FORCED_CAPTAIN
4341,Olamide Zaccheaus,WR,Chris Olave / Daniel Carlson / Drake London / Michael Penix Jr. / Tyler Shough,47200,<48000,3-3,1,95.94,128.15,138.04,158.88,0.006,0,2,FORCED_CAPTAIN
4473,Saints,DST,Alvin Kamara / Austin Hooper / Chris Olave / Juwan Johnson / Tyler Shough,43900,<48000,1-5,1,91.37,119.82,129.47,153.11,0.006,0,2,FORCED_CAPTAIN
4542,Saints,DST,Bijan Robinson / Chris Olave / Daniel Carlson / Falcons / Michael Penix Jr.,46300,<48000,3-3,0,91.33,114.55,120.22,131.59,0.006,0,0,FORCED_CAPTAIN
4572,Saints,DST,Bijan Robinson / Juwan Johnson / Kyle Pitts Sr. / Michael Penix Jr. / Tyler Shough,49900,49500-49900,3-3,1,95.1,121.97,131.68,148.4,0.006,0,2,FORCED_CAPTAIN
4766,Treyton Welch,TE,Bijan Robinson / Brian Robinson Jr. / Chris Olave / Drake London / Tyler Shough,46300,<48000,3-3,1,101.76,131.98,141.42,160.76,0.006,0,2,FORCED_CAPTAIN
4788,Treyton Welch,TE,Bijan Robinson / Chris Olave / Drake London / Falcons / Michael Penix Jr.,45500,<48000,4-2,1,95.79,125.73,136.08,152.88,0.006,0,2,FORCED_CAPTAIN
4973,Tyler Shough,QB,Alvin Kamara / Austin Hooper / Juwan Johnson / Michael Penix Jr. / Nick Folk,46000,<48000,3-3,1,90.64,122.05,132.32,148.45,0.006,0,1,EXACT_OR_NEAR_OPTIMAL
5018,Tyler Shough,QB,Alvin Kamara / Brian Robinson Jr. / Drake London / Kendre Miller / Michael Penix Jr.,49200,49000-49400,3-3,1,91.62,123.1,131.91,152.63,0.006,0,1,EXACT_OR_NEAR_OPTIMAL
5098,Tyler Shough,QB,Alvin Kamara / Drake London / Kyle Pitts Sr. / Michael Penix Jr. / Olamide Zaccheaus,48200,48000-48900,4-2,1,90.61,122.59,131.91,152.66,0.006,0,1,EXACT_OR_NEAR_OPTIMAL
5209,Tyler Shough,QB,Brian Robinson Jr. / Devaughn Vele / Drake London / Kendre Miller / Michael Penix Jr.,50000,50000,3-3,1,89.0,121.04,130.26,155.9,0.006,0,2,EXACT_OR_NEAR_OPTIMAL
105,Alvin Kamara,RB,Brian Robinson Jr. / Drake London / Michael Penix Jr. / Saints / Tyler Shough,47100,<48000,3-3,1,90.18,118.24,126.92,143.56,0.0055,0,1,EXACT_OR_NEAR_OPTIMAL
166,Alvin Kamara,RB,Daniel Carlson / Juwan Johnson / Michael Penix Jr. / Nick Folk / Tyler Shough,46700,<48000,2-4,1,91.04,119.44,128.47,144.38,0.0055,0,1,EXACT_OR_NEAR_OPTIMAL
245,Austin Hooper,TE,Bijan Robinson / Chris Olave / Devaughn Vele / Michael Penix Jr. / Nick Folk,49000,49000-49400,4-2,1,92.25,120.73,129.67,147.93,0.0055,0,1,FORCED_CAPTAIN
266,Austin Hooper,TE,Bijan Robinson / Chris Olave / Michael Penix Jr. / Olamide Zaccheaus / Tyler Shough,47400,<48000,4-2,1,97.78,129.8,139.68,159.04,0.0055,0,2,FORCED_CAPTAIN
279,Austin Hooper,TE,Bijan Robinson / Drake London / Kendre Miller / Michael Penix Jr. / Tyler Shough,49600,49500-49900,4-2,1,93.58,124.92,134.06,151.56,0.0055,0,2,FORCED_CAPTAIN
283,Austin Hooper,TE,Bijan Robinson / Juwan Johnson / Kyle Pitts Sr. / Michael Penix Jr. / Tyler Shough,47800,<48000,4-2,1,90.87,121.64,132.34,150.97,0.0055,0,2,FORCED_CAPTAIN
314,Barion Brown,WR,Alvin Kamara / Bijan Robinson / Chris Olave / Devaughn Vele / Tyler Shough,48800,48000-48900,1-5,1,99.39,129.28,138.1,160.62,0.0055,0,2,EXACT_OR_NEAR_OPTIMAL
472,Bijan Robinson,RB,Alvin Kamara / Brian Robinson Jr. / Kendre Miller / Nick Folk / Tyler Shough,48500,48000-48900,3-3,1,91.89,118.35,126.39,143.88,0.0055,1,2,EXACT_OR_NEAR_OPTIMAL
767,Brian Robinson Jr.,RB,Alvin Kamara / Chris Olave / Juwan Johnson / Nick Folk / Tyler Shough,45900,<48000,2-4,1,93.25,123.3,132.98,154.04,0.0055,0,1,FORCED_CAPTAIN
791,Brian Robinson Jr.,RB,Bijan Robinson / Chris Olave / Daniel Carlson / Saints / Tyler Shough,46900,<48000,2-4,0,96.48,122.61,129.69,147.94,0.0055,0,0,FORCED_CAPTAIN
814,Brian Robinson Jr.,RB,Bijan Robinson / Daniel Carlson / Devaughn Vele / Drake London / Michael Penix Jr.,49100,49000-49400,4-2,1,88.87,118.22,128.29,146.07,0.0055,1,1,EXACT_OR_NEAR_OPTIMAL
829,Brian Robinson Jr.,RB,Chris Olave / Daniel Carlson / Drake London / Juwan Johnson / Michael Penix Jr.,47700,<48000,3-3,1,93.44,124.22,134.98,153.34,0.0055,0,2,FORCED_CAPTAIN
839,Brian Robinson Jr.,RB,Chris Olave / Drake London / Falcons / Michael Penix Jr. / Tyler Shough,48700,48000-48900,4-2,1,96.85,127.89,138.28,157.9,0.0055,0,2,FORCED_CAPTAIN
852,Brian Robinson Jr.,RB,Chris Olave / Juwan Johnson / Michael Penix Jr. / Nick Folk / Tyler Shough,47900,<48000,3-3,1,95.13,126.15,137.12,157.66,0.0055,0,2,FORCED_CAPTAIN
872,Bryce Lance,WR,Alvin Kamara / Bijan Robinson / Devaughn Vele / Juwan Johnson / Tyler Shough,46300,<48000,1-5,1,93.43,122.83,132.66,150.33,0.0055,0,2,FORCED_CAPTAIN
908,Bryce Lance,WR,Bijan Robinson / Chris Olave / Devaughn Vele / Falcons / Tyler Shough,46300,<48000,2-4,1,94.99,125.06,134.0,155.25,0.0055,0,1,FORCED_CAPTAIN
1013,CJ Donaldson,RB,Alvin Kamara / Chris Olave / Drake London / Michael Penix Jr. / Tyler Shough,48500,48000-48900,2-4,1,98.34,131.31,142.06,160.06,0.0055,0,2,FORCED_CAPTAIN
1132,Cal Adomitis,TE,Alvin Kamara / Chris Olave / Drake London / Michael Penix Jr. / Tyler Shough,46700,<48000,2-4,1,98.13,131.17,141.94,160.26,0.0055,0,2,FORCED_CAPTAIN
1146,Cal Adomitis,TE,Bijan Robinson / Chris Olave / Daniel Carlson / Drake London / Michael Penix Jr.,46700,<48000,3-3,1,96.67,127.38,137.42,153.71,0.0055,0,2,FORCED_CAPTAIN
1221,Charlie Woerner,TE,Alvin Kamara / Bijan Robinson / Chris Olave / Devaughn Vele / Tyler Shough,47900,<48000,2-4,1,99.53,129.71,138.31,161.94,0.0055,0,1,FORCED_CAPTAIN
1340,Chris Blair,WR,Alvin Kamara / Bijan Robinson / Chris Olave / Drake London / Juwan Johnson,48500,48000-48900,3-3,0,102.11,129.97,139.84,155.98,0.0055,0,1,EXACT_OR_NEAR_OPTIMAL
1388,Chris Blair,WR,Bijan Robinson / Chris Olave / Daniel Carlson / Drake London / Michael Penix Jr.,47900,<48000,4-2,1,96.34,127.13,136.96,153.71,0.0055,0,2,EXACT_OR_NEAR_OPTIMAL
1592,Chris Olave,WR,Alvin Kamara / Falcons / Kendre Miller / Saints / Tyler Shough,45600,<48000,1-5,1,90.48,119.03,127.79,153.31,0.0055,1,2,EXACT_OR_NEAR_OPTIMAL
1782,Chris Olave,WR,Brian Robinson Jr. / Devaughn Vele / Kendre Miller / Saints / Tyler Shough,46600,<48000,1-5,1,87.16,119.33,128.73,152.75,0.0055,0,2,EXACT_OR_NEAR_OPTIMAL
1788,Chris Olave,WR,Brian Robinson Jr. / Drake London / Juwan Johnson / Nick Folk / Saints,47000,<48000,3-3,0,94.46,123.47,133.23,152.68,0.0055,0,0,EXACT_OR_NEAR_OPTIMAL
1844,Chris Olave,WR,Daniel Carlson / Drake London / Falcons / Nick Folk / Saints,44200,<48000,3-3,0,87.51,114.01,121.42,138.36,0.0055,0,0,EXACT_OR_NEAR_OPTIMAL
2085,Daniel Carlson,K,Alvin Kamara / Devaughn Vele / Drake London / Juwan Johnson / Michael Penix Jr.,48400,48000-48900,2-4,0,89.39,117.72,128.98,147.16,0.0055,0,0,FORCED_CAPTAIN
2124,Daniel Carlson,K,Bijan Robinson / Chris Olave / Falcons / Kyle Pitts Sr. / Michael Penix Jr.,48200,48000-48900,4-2,1,90.9,116.79,125.8,139.22,0.0055,1,1,EXACT_OR_NEAR_OPTIMAL
2147,Daniel Carlson,K,Bijan Robinson / Drake London / Jahan Dotson / Michael Penix Jr. / Nick Folk,46400,<48000,5-1,1,86.93,115.33,125.06,143.95,0.0055,0,2,FORCED_CAPTAIN
2190,Devaughn Vele,WR,Alvin Kamara / Bijan Robinson / Bryce Lance / Drake London / Nick Folk,47700,<48000,3-3,0,87.57,113.55,120.97,135.78,0.0055,0,0,FORCED_CAPTAIN
2209,Devaughn Vele,WR,Alvin Kamara / CJ Donaldson / Chris Olave / Drake London / Michael Penix Jr.,49900,49500-49900,2-4,0,92.47,123.42,132.68,153.09,0.0055,0,0,EXACT_OR_NEAR_OPTIMAL
2274,Devaughn Vele,WR,Bijan Robinson / Chris Olave / Drake London / Jahan Dotson / Olamide Zaccheaus,49300,49000-49400,4-2,0,95.44,123.17,134.38,153.8,0.0055,0,0,FORCED_CAPTAIN
2337,Devaughn Vele,WR,Drake London / Juwan Johnson / Kendre Miller / Nick Folk / Tyler Shough,49100,49000-49400,2-4,1,87.05,118.02,127.43,147.43,0.0055,0,1,FORCED_CAPTAIN
2357,Drake London,WR,Alvin Kamara / Austin Hooper / Jahan Dotson / Juwan Johnson / Michael Penix Jr.,44200,<48000,4-2,1,83.74,116.0,127.18,146.82,0.0055,0,1,EXACT_OR_NEAR_OPTIMAL
2492,Drake London,WR,Alvin Kamara / Devaughn Vele / Jahan Dotson / Michael Penix Jr. / Nick Folk,47200,<48000,4-2,1,83.12,113.95,123.74,140.95,0.0055,0,1,EXACT_OR_NEAR_OPTIMAL
2497,Drake London,WR,Alvin Kamara / Devaughn Vele / Kendre Miller / Michael Penix Jr. / Nick Folk,49200,49000-49400,3-3,0,82.59,112.92,124.12,140.47,0.0055,0,0,EXACT_OR_NEAR_OPTIMAL
2765,Drake London,WR,Devaughn Vele / Juwan Johnson / Kendre Miller / Michael Penix Jr. / Nick Folk,49600,49500-49900,3-3,0,84.94,116.46,127.27,149.53,0.0055,0,0,EXACT_OR_NEAR_OPTIMAL
2892,Falcons,DST,Chris Olave / Devaughn Vele / Drake London / Michael Penix Jr. / Nick Folk,48400,48000-48900,4-2,0,89.2,116.74,126.32,144.92,0.0055,0,0,FORCED_CAPTAIN
3025,Jahan Dotson,WR,Alvin Kamara / Austin Hooper / Bijan Robinson / Chris Olave / Tyler Shough,46500,<48000,3-3,1,97.97,127.26,137.03,156.3,0.0055,0,1,FORCED_CAPTAIN
3085,Jahan Dotson,WR,Bijan Robinson / Chris Olave / Daniel Carlson / Devaughn Vele / Michael Penix Jr.,48700,48000-48900,3-3,1,93.36,120.78,129.78,146.04,0.0055,0,1,FORCED_CAPTAIN
3128,Jahan Dotson,WR,Chris Olave / Devaughn Vele / Drake London / Nick Folk / Tyler Shough,48100,48000-48900,3-3,1,93.82,125.11,134.97,152.09,0.0055,0,1,FORCED_CAPTAIN
3141,Jahan Dotson,WR,Chris Olave / Juwan Johnson / Michael Penix Jr. / Nick Folk / Tyler Shough,46700,<48000,3-3,1,94.14,125.6,136.43,158.78,0.0055,0,2,FORCED_CAPTAIN
3252,Juwan Johnson,TE,Alvin Kamara / Drake London / Michael Penix Jr. / Nick Folk / Saints,46700,<48000,3-3,0,88.31,116.54,125.63,143.21,0.0055,0,0,EXACT_OR_NEAR_OPTIMAL
3391,Juwan Johnson,TE,Daniel Carlson / Devaughn Vele / Drake London / Michael Penix Jr. / Saints,46900,<48000,2-4,0,86.04,114.97,125.8,146.22,0.0055,0,0,EXACT_OR_NEAR_OPTIMAL
3472,Kendre Miller,RB,Austin Hooper / Chris Olave / Drake London / Michael Penix Jr. / Tyler Shough,49700,49500-49900,3-3,1,93.17,125.76,136.71,155.68,0.0055,0,2,EXACT_OR_NEAR_OPTIMAL
3521,Kendre Miller,RB,Bijan Robinson / Chris Olave / Kevin Austin Jr. / Michael Penix Jr. / Tyler Shough,49500,49500-49900,2-4,1,96.1,126.19,136.16,155.44,0.0055,0,2,FORCED_CAPTAIN
3710,Kyle Pitts Sr.,TE,Alvin Kamara / Bijan Robinson / Daniel Carlson / Juwan Johnson / Michael Penix Jr.,48700,48000-48900,3-3,1,87.72,113.73,123.04,140.82,0.0055,0,1,FORCED_CAPTAIN
3732,Kyle Pitts Sr.,TE,Alvin Kamara / Chris Olave / Michael Penix Jr. / Saints / Tyler Shough,49300,49000-49400,2-4,1,91.67,119.94,129.27,148.85,0.0055,0,1,FORCED_CAPTAIN
3749,Kyle Pitts Sr.,TE,Bijan Robinson / Bryce Lance / Chris Olave / Juwan Johnson / Michael Penix Jr.,49500,49500-49900,3-3,1,94.06,124.0,135.11,152.24,0.0055,0,2,FORCED_CAPTAIN
3753,Kyle Pitts Sr.,TE,Bijan Robinson / Cal Adomitis / Chris Olave / Juwan Johnson / Tyler Shough,48500,48000-48900,2-4,1,98.35,129.97,140.08,162.74,0.0055,0,2,FORCED_CAPTAIN
3777,Kyle Pitts Sr.,TE,Bijan Robinson / Daniel Carlson / Drake London / Michael Penix Jr. / Nick Folk,49700,49500-49900,5-1,1,86.25,114.63,125.53,139.33,0.0055,0,2,FORCED_CAPTAIN
3800,Kyle Pitts Sr.,TE,Chris Olave / Devaughn Vele / Juwan Johnson / Saints / Tyler Shough,48500,48000-48900,1-5,1,89.52,119.37,131.48,153.22,0.0055,0,2,FORCED_CAPTAIN
3915,Michael Penix Jr.,QB,Bijan Robinson / Chris Olave / Daniel Carlson / Jahan Dotson / Kendre Miller,48900,48000-48900,3-3,1,91.65,120.18,129.82,147.06,0.0055,1,1,EXACT_OR_NEAR_OPTIMAL
4288,Olamide Zaccheaus,WR,Bijan Robinson / Chris Olave / Daniel Carlson / Devaughn Vele / Tyler Shough,47800,<48000,2-4,1,97.32,126.66,136.54,157.2,0.0055,0,1,FORCED_CAPTAIN
4299,Olamide Zaccheaus,WR,Bijan Robinson / Chris Olave / Devaughn Vele / Nick Folk / Tyler Shough,48400,48000-48900,3-3,1,96.97,127.21,136.99,155.67,0.0055,0,1,FORCED_CAPTAIN
4335,Olamide Zaccheaus,WR,Bijan Robinson / Drake London / Kyle Pitts Sr. / Michael Penix Jr. / Tyler Shough,49200,49000-49400,5-1,1,93.09,124.33,132.67,152.34,0.0055,0,3,FORCED_CAPTAIN
4735,Treyton Welch,TE,Alvin Kamara / Bijan Robinson / Chris Olave / Nick Folk / Tyler Shough,44900,<48000,2-4,1,98.4,126.65,135.84,158.13,0.0055,0,1,FORCED_CAPTAIN
5016,Tyler Shough,QB,Alvin Kamara / Brian Robinson Jr. / Drake London / Juwan Johnson / Kyle Pitts Sr.,48400,48000-48900,3-3,1,93.56,124.79,135.49,152.91,0.0055,0,1,EXACT_OR_NEAR_OPTIMAL
5082,Tyler Shough,QB,Alvin Kamara / Devaughn Vele / Falcons / Juwan Johnson / Saints,44400,<48000,1-5,1,86.5,114.4,124.49,142.72,0.0055,0,2,EXACT_OR_NEAR_OPTIMAL
5438,Zachariah Branch,WR,Alvin Kamara / Bijan Robinson / Drake London / Juwan Johnson / Tyler Shough,49400,49000-49400,3-3,1,99.58,128.94,138.01,153.61,0.0055,0,2,FORCED_CAPTAIN
2,Alvin Kamara,RB,Austin Hooper / Bijan Robinson / Chris Olave / Daniel Carlson / Nick Folk,46100,<48000,3-3,0,92.67,117.11,124.97,143.03,0.005,1,0,EXACT_OR_NEAR_OPTIMAL
126,Alvin Kamara,RB,Chris Olave / Daniel Carlson / Nick Folk / Saints / Tyler Shough,45300,<48000,1-5,1,91.65,117.59,126.62,143.71,0.005,0,2,EXACT_OR_NEAR_OPTIMAL
169,Alvin Kamara,RB,Devaughn Vele / Drake London / Jahan Dotson / Juwan Johnson / Michael Penix Jr.,47700,<48000,3-3,1,87.86,117.65,128.24,144.5,0.005,0,1,EXACT_OR_NEAR_OPTIMAL
196,Austin Hooper,TE,Alvin Kamara / Bijan Robinson / Chris Olave / Jahan Dotson / Tyler Shough,46400,<48000,3-3,1,97.71,126.53,136.74,155.75,0.005,0,1,FORCED_CAPTAIN
210,Austin Hooper,TE,Alvin Kamara / Bijan Robinson / Drake London / Michael Penix Jr. / Nick Folk,47400,<48000,5-1,1,89.38,117.53,126.92,142.65,0.005,0,2,FORCED_CAPTAIN
214,Austin Hooper,TE,Alvin Kamara / Chris Olave / Daniel Carlson / Drake London / Tyler Shough,46400,<48000,2-4,1,96.01,124.91,134.74,150.97,0.005,0,1,FORCED_CAPTAIN
224,Austin Hooper,TE,Alvin Kamara / Devaughn Vele / Drake London / Michael Penix Jr. / Tyler Shough,47600,<48000,3-3,1,88.57,119.85,128.79,145.19,0.005,0,1,FORCED_CAPTAIN
277,Austin Hooper,TE,Bijan Robinson / Drake London / Juwan Johnson / Michael Penix Jr. / Nick Folk,47800,<48000,5-1,1,91.73,120.92,131.73,149.15,0.005,0,3,FORCED_CAPTAIN
360,Barion Brown,WR,Bijan Robinson / Chris Olave / Daniel Carlson / Drake London / Michael Penix Jr.,48200,48000-48900,3-3,1,96.55,127.73,136.96,153.71,0.005,0,2,EXACT_OR_NEAR_OPTIMAL
401,Barion Brown,WR,Bijan Robinson / Devaughn Vele / Drake London / Juwan Johnson / Tyler Shough,48400,48000-48900,2-4,1,96.26,125.84,135.36,156.02,0.005,0,2,FORCED_CAPTAIN
417,Barion Brown,WR,Chris Olave / Devaughn Vele / Drake London / Michael Penix Jr. / Tyler Shough,49000,49000-49400,2-4,1,95.39,129.16,139.58,158.83,0.005,0,2,EXACT_OR_NEAR_OPTIMAL
757,Brian Robinson Jr.,RB,Alvin Kamara / Bijan Robinson / Juwan Johnson / Saints / Tyler Shough,45700,<48000,2-4,1,92.12,117.92,125.92,140.67,0.005,0,1,FORCED_CAPTAIN
826,Brian Robinson Jr.,RB,Bijan Robinson / Drake London / Michael Penix Jr. / Olamide Zaccheaus / Tyler Shough,48100,48000-48900,5-1,1,94.05,124.74,134.72,153.98,0.005,0,3,FORCED_CAPTAIN
850,Brian Robinson Jr.,RB,Chris Olave / Jahan Dotson / Juwan Johnson / Michael Penix Jr. / Tyler Shough,45500,<48000,3-3,1,91.3,122.74,134.05,155.76,0.005,0,2,FORCED_CAPTAIN
870,Bryce Lance,WR,Alvin Kamara / Bijan Robinson / Devaughn Vele / Drake London / Michael Penix Jr.,48300,48000-48900,3-3,1,90.92,120.53,129.31,143.53,0.005,0,1,FORCED_CAPTAIN
889,Bryce Lance,WR,Alvin Kamara / Drake London / Juwan Johnson / Michael Penix Jr. / Tyler Shough,45700,<48000,2-4,1,92.05,124.35,134.11,154.09,0.005,0,2,FORCED_CAPTAIN
893,Bryce Lance,WR,Bijan Robinson / Brian Robinson Jr. / Chris Olave / Drake London / Michael Penix Jr.,48100,48000-48900,4-2,1,96.74,128.09,138.79,156.99,0.005,0,2,FORCED_CAPTAIN
1166,Cal Adomitis,TE,Bijan Robinson / Chris Olave / Drake London / Kyle Pitts Sr. / Tyler Shough,48300,48000-48900,3-3,1,100.11,130.5,140.52,157.78,0.005,0,2,FORCED_CAPTAIN
1190,Cal Adomitis,TE,Bijan Robinson / Devaughn Vele / Drake London / Juwan Johnson / Tyler Shough,46900,<48000,2-4,1,96.38,125.85,136.01,156.5,0.005,0,2,FORCED_CAPTAIN
1284,Charlie Woerner,TE,Bijan Robinson / Chris Olave / Drake London / Kyle Pitts Sr. / Tyler Shough,48900,48000-48900,4-2,0,100.13,130.28,140.37,157.83,0.005,0,1,FORCED_CAPTAIN
1428,Chris Blair,WR,Bijan Robinson / Devaughn Vele / Drake London / Juwan Johnson / Tyler Shough,48100,48000-48900,3-3,1,96.05,125.46,135.07,156.02,0.005,0,2,EXACT_OR_NEAR_OPTIMAL
1446,Chris Blair,WR,Chris Olave / Devaughn Vele / Drake London / Michael Penix Jr. / Tyler Shough,48700,48000-48900,3-3,1,95.19,128.83,139.55,158.62,0.005,0,2,EXACT_OR_NEAR_OPTIMAL
1738,Chris Olave,WR,Bijan Robinson / Drake London / Kendre Miller / Saints / Zachariah Branch,49600,49500-49900,3-3,0,95.98,124.88,135.3,149.62,0.005,1,0,EXACT_OR_NEAR_OPTIMAL
1821,Chris Olave,WR,Cal Adomitis / Devaughn Vele / Drake London / Kyle Pitts Sr. / Michael Penix Jr.,49000,49000-49400,3-3,1,91.1,123.76,134.4,154.95,0.005,0,1,EXACT_OR_NEAR_OPTIMAL
1926,Chris Olave,WR,Kevin Austin Jr. / Kyle Pitts Sr. / Michael Penix Jr. / Nick Folk / Tyler Shough,46800,<48000,3-3,1,90.53,123.02,133.63,157.46,0.005,0,1,EXACT_OR_NEAR_OPTIMAL
2100,Daniel Carlson,K,Bijan Robinson / Brian Robinson Jr. / Chris Olave / Kyle Pitts Sr. / Michael Penix Jr.,48400,48000-48900,4-2,1,90.19,117.45,126.82,143.3,0.005,0,1,FORCED_CAPTAIN
2231,Devaughn Vele,WR,Alvin Kamara / Drake London / Juwan Johnson / Michael Penix Jr. / Saints,49300,49000-49400,2-4,0,88.86,116.49,126.93,145.67,0.005,0,0,EXACT_OR_NEAR_OPTIMAL
2236,Devaughn Vele,WR,Alvin Kamara / Falcons / Juwan Johnson / Michael Penix Jr. / Tyler Shough,48300,48000-48900,2-4,1,89.96,118.39,129.44,145.87,0.005,0,1,EXACT_OR_NEAR_OPTIMAL
2244,Devaughn Vele,WR,Austin Hooper / Bijan Robinson / Daniel Carlson / Juwan Johnson / Michael Penix Jr.,47500,<48000,3-3,1,86.62,114.19,123.13,143.46,0.005,1,1,EXACT_OR_NEAR_OPTIMAL
2259,Devaughn Vele,WR,Bijan Robinson / Brian Robinson Jr. / Jahan Dotson / Juwan Johnson / Tyler Shough,47300,<48000,3-3,1,90.3,120.47,130.64,151.36,0.005,0,1,FORCED_CAPTAIN
2265,Devaughn Vele,WR,Bijan Robinson / Bryce Lance / Juwan Johnson / Saints / Tyler Shough,46500,<48000,1-5,1,90.44,119.08,130.78,149.67,0.005,0,2,FORCED_CAPTAIN
2295,Devaughn Vele,WR,Brian Robinson Jr. / Chris Olave / Drake London / Michael Penix Jr. / Saints,49500,49500-49900,3-3,1,89.71,119.1,128.48,149.72,0.005,0,1,FORCED_CAPTAIN
2296,Devaughn Vele,WR,Brian Robinson Jr. / Chris Olave / Jahan Dotson / Juwan Johnson / Tyler Shough,46300,<48000,2-4,1,89.9,123.84,135.79,157.61,0.005,0,1,FORCED_CAPTAIN
2410,Drake London,WR,Alvin Kamara / Brian Robinson Jr. / Jahan Dotson / Juwan Johnson / Michael Penix Jr.,45200,<48000,4-2,1,84.92,117.18,128.06,149.63,0.005,0,1,EXACT_OR_NEAR_OPTIMAL
2462,Drake London,WR,Alvin Kamara / Daniel Carlson / Devaughn Vele / Juwan Johnson / Saints,46200,<48000,1-5,0,86.24,113.91,122.98,140.31,0.005,0,1,EXACT_OR_NEAR_OPTIMAL
2469,Drake London,WR,Alvin Kamara / Daniel Carlson / Falcons / Michael Penix Jr. / Nick Folk,44800,<48000,4-2,0,81.81,111.04,119.89,137.48,0.005,0,0,EXACT_OR_NEAR_OPTIMAL
2489,Drake London,WR,Alvin Kamara / Devaughn Vele / Falcons / Michael Penix Jr. / Saints,46600,<48000,3-3,0,82.97,111.26,120.22,138.86,0.005,0,0,EXACT_OR_NEAR_OPTIMAL
2505,Drake London,WR,Alvin Kamara / Falcons / Jahan Dotson / Juwan Johnson / Michael Penix Jr.,45000,<48000,4-2,1,85.63,116.36,127.29,145.1,0.005,0,1,EXACT_OR_NEAR_OPTIMAL
2532,Drake London,WR,Alvin Kamara / Kendre Miller / Michael Penix Jr. / Olamide Zaccheaus / Tyler Shough,47600,<48000,3-3,1,88.12,121.43,132.22,151.71,0.005,0,1,EXACT_OR_NEAR_OPTIMAL
2671,Drake London,WR,Bryce Lance / Daniel Carlson / Michael Penix Jr. / Saints / Tyler Shough,44400,<48000,2-4,0,85.98,115.97,126.91,145.65,0.005,0,0,EXACT_OR_NEAR_OPTIMAL
2736,Drake London,WR,Daniel Carlson / Devaughn Vele / Juwan Johnson / Kendre Miller / Michael Penix Jr.,49000,49000-49400,2-4,0,85.29,118.12,129.34,149.94,0.005,0,0,EXACT_OR_NEAR_OPTIMAL
2742,Drake London,WR,Daniel Carlson / Devaughn Vele / Michael Penix Jr. / Nick Folk / Saints,46200,<48000,3-3,0,80.13,108.55,118.62,137.6,0.005,0,0,EXACT_OR_NEAR_OPTIMAL
2766,Drake London,WR,Devaughn Vele / Juwan Johnson / Kyle Pitts Sr. / Michael Penix Jr. / Saints,49200,49000-49400,3-3,1,84.89,115.5,128.32,151.05,0.005,1,1,EXACT_OR_NEAR_OPTIMAL
2888,Falcons,DST,Bryce Lance / Chris Olave / Drake London / Juwan Johnson / Tyler Shough,45000,<48000,2-4,1,95.51,125.63,135.35,157.69,0.005,0,2,FORCED_CAPTAIN
2896,Falcons,DST,Chris Olave / Drake London / Juwan Johnson / Kyle Pitts Sr. / Michael Penix Jr.,48400,48000-48900,4-2,1,91.27,121.21,131.08,148.67,0.005,0,2,FORCED_CAPTAIN
3082,Jahan Dotson,WR,Bijan Robinson / Bryce Lance / Chris Olave / Juwan Johnson / Tyler Shough,45900,<48000,2-4,1,99.33,131.93,141.1,165.21,0.005,0,2,FORCED_CAPTAIN
3084,Jahan Dotson,WR,Bijan Robinson / Charlie Woerner / Chris Olave / Drake London / Michael Penix Jr.,46700,<48000,5-1,1,94.45,125.31,135.55,154.99,0.005,0,3,FORCED_CAPTAIN
3237,Juwan Johnson,TE,Alvin Kamara / Devaughn Vele / Drake London / Kendre Miller / Michael Penix Jr.,49900,49500-49900,2-4,0,88.5,118.41,130.14,148.39,0.005,0,0,EXACT_OR_NEAR_OPTIMAL
3250,Juwan Johnson,TE,Alvin Kamara / Drake London / Kyle Pitts Sr. / Michael Penix Jr. / Nick Folk,48300,48000-48900,4-2,1,86.94,117.0,126.6,144.43,0.005,0,1,EXACT_OR_NEAR_OPTIMAL
3358,Juwan Johnson,TE,Bryce Lance / Devaughn Vele / Drake London / Nick Folk / Tyler Shough,45700,<48000,2-4,1,88.57,121.62,130.74,152.75,0.005,0,1,EXACT_OR_NEAR_OPTIMAL
3399,Juwan Johnson,TE,Daniel Carlson / Devaughn Vele / Michael Penix Jr. / Saints / Tyler Shough,46500,<48000,1-5,1,88.08,117.52,129.3,146.88,0.005,0,2,EXACT_OR_NEAR_OPTIMAL
3425,Kendre Miller,RB,Alvin Kamara / Bijan Robinson / Bryce Lance / Chris Olave / Tyler Shough,48500,48000-48900,1-5,1,96.18,124.56,134.12,155.23,0.005,0,2,EXACT_OR_NEAR_OPTIMAL
3454,Kendre Miller,RB,Alvin Kamara / Bijan Robinson / Juwan Johnson / Saints / Tyler Shough,47500,<48000,1-5,1,90.32,116.47,125.03,140.58,0.005,0,2,EXACT_OR_NEAR_OPTIMAL
3499,Kendre Miller,RB,Bijan Robinson / Chris Olave / Daniel Carlson / Nick Folk / Tyler Shough,49900,49500-49900,2-4,1,96.21,123.13,132.63,148.26,0.005,0,1,EXACT_OR_NEAR_OPTIMAL
3500,Kendre Miller,RB,Bijan Robinson / Chris Olave / Daniel Carlson / Saints / Tyler Shough,48700,48000-48900,1-5,1,94.69,120.54,127.78,145.48,0.005,0,2,EXACT_OR_NEAR_OPTIMAL
3513,Kendre Miller,RB,Bijan Robinson / Chris Olave / Drake London / Michael Penix Jr. / Treyton Welch,49300,49000-49400,3-3,1,94.92,124.94,136.14,153.65,0.005,0,2,EXACT_OR_NEAR_OPTIMAL
3519,Kendre Miller,RB,Bijan Robinson / Chris Olave / Juwan Johnson / Olamide Zaccheaus / Tyler Shough,49100,49000-49400,2-4,1,98.21,128.98,139.7,161.9,0.005,0,2,EXACT_OR_NEAR_OPTIMAL
3543,Kendre Miller,RB,Brian Robinson Jr. / Chris Olave / Drake London / Juwan Johnson / Tyler Shough,49100,49000-49400,2-4,1,94.81,126.44,138.09,159.25,0.005,0,2,EXACT_OR_NEAR_OPTIMAL
3694,Kyle Pitts Sr.,TE,Alvin Kamara / Austin Hooper / Chris Olave / Drake London / Tyler Shough,48900,48000-48900,3-3,1,93.49,123.7,133.36,150.79,0.005,0,1,FORCED_CAPTAIN
3705,Kyle Pitts Sr.,TE,Alvin Kamara / Bijan Robinson / Chris Olave / Michael Penix Jr. / Olamide Zaccheaus,49300,49000-49400,4-2,1,91.39,119.11,128.63,147.34,0.005,0,1,FORCED_CAPTAIN
3718,Kyle Pitts Sr.,TE,Alvin Kamara / Bijan Robinson / Jahan Dotson / Michael Penix Jr. / Tyler Shough,49100,49000-49400,4-2,1,89.75,116.94,126.53,143.43,0.005,0,1,FORCED_CAPTAIN
3720,Kyle Pitts Sr.,TE,Alvin Kamara / Bijan Robinson / Juwan Johnson / Saints / Tyler Shough,48700,48000-48900,2-4,1,92.53,118.09,127.1,144.96,0.005,0,1,FORCED_CAPTAIN
3752,Kyle Pitts Sr.,TE,Bijan Robinson / CJ Donaldson / Chris Olave / Juwan Johnson / Tyler Shough,49700,49500-49900,2-4,1,98.49,130.05,139.76,162.73,0.005,0,2,FORCED_CAPTAIN
3755,Kyle Pitts Sr.,TE,Bijan Robinson / Chris Olave / Daniel Carlson / Drake London / Falcons,49700,49500-49900,4-2,0,93.92,121.49,129.65,143.04,0.005,0,0,FORCED_CAPTAIN
3764,Kyle Pitts Sr.,TE,Bijan Robinson / Chris Olave / Drake London / Falcons / Saints,49100,49000-49400,4-2,0,92.05,117.4,124.7,137.0,0.005,0,0,FORCED_CAPTAIN
3765,Kyle Pitts Sr.,TE,Bijan Robinson / Chris Olave / Falcons / Michael Penix Jr. / Nick Folk,49300,49000-49400,5-1,1,88.93,114.22,123.7,140.75,0.005,0,2,FORCED_CAPTAIN
3788,Kyle Pitts Sr.,TE,Brian Robinson Jr. / Chris Olave / Juwan Johnson / Michael Penix Jr. / Tyler Shough,49300,49000-49400,3-3,1,92.38,124.72,136.11,157.21,0.005,0,2,FORCED_CAPTAIN
3801,Kyle Pitts Sr.,TE,Chris Olave / Drake London / Falcons / Juwan Johnson / Michael Penix Jr.,49500,49500-49900,4-2,1,91.05,121.04,132.66,150.31,0.005,0,2,FORCED_CAPTAIN
4045,Nick Folk,K,Bijan Robinson / Brian Robinson Jr. / Daniel Carlson / Drake London / Michael Penix Jr.,47500,<48000,5-1,1,87.42,114.81,124.38,140.26,0.005,0,2,FORCED_CAPTAIN
4085,Nick Folk,K,Brian Robinson Jr. / Chris Olave / Devaughn Vele / Drake London / Michael Penix Jr.,49500,49500-49900,4-2,1,89.71,119.4,128.62,145.69,0.005,0,1,FORCED_CAPTAIN
4337,Olamide Zaccheaus,WR,Bijan Robinson / Drake London / Michael Penix Jr. / Saints / Tyler Shough,47600,<48000,4-2,1,94.46,122.22,132.08,149.91,0.005,0,2,FORCED_CAPTAIN
4498,Saints,DST,Alvin Kamara / Bijan Robinson / Devaughn Vele / Kendre Miller / Tyler Shough,47500,<48000,1-5,1,86.77,109.76,117.58,135.17,0.005,0,2,FORCED_CAPTAIN
4529,Saints,DST,Austin Hooper / Bijan Robinson / Juwan Johnson / Michael Penix Jr. / Tyler Shough,46900,<48000,3-3,1,93.65,120.41,129.58,145.6,0.005,0,2,FORCED_CAPTAIN
4765,Treyton Welch,TE,Bijan Robinson / Brian Robinson Jr. / Chris Olave / Drake London / Michael Penix Jr.,45700,<48000,4-2,1,95.08,125.72,136.46,152.99,0.005,0,2,FORCED_CAPTAIN
5073,Tyler Shough,QB,Alvin Kamara / Daniel Carlson / Juwan Johnson / Kendre Miller / Michael Penix Jr.,47600,<48000,1-5,1,90.96,120.4,131.44,148.31,0.005,0,2,EXACT_OR_NEAR_OPTIMAL
5101,Tyler Shough,QB,Alvin Kamara / Jahan Dotson / Juwan Johnson / Kyle Pitts Sr. / Michael Penix Jr.,46600,<48000,3-3,1,88.25,119.55,130.78,149.36,0.005,0,1,EXACT_OR_NEAR_OPTIMAL
5472,Zachariah Branch,WR,Bijan Robinson / Chris Olave / Daniel Carlson / Juwan Johnson / Tyler Shough,48000,48000-48900,2-4,1,99.76,129.76,140.18,158.59,0.005,0,2,FORCED_CAPTAIN
5485,Zachariah Branch,WR,Bijan Robinson / Chris Olave / Drake London / Falcons / Tyler Shough,49400,49000-49400,4-2,0,101.13,130.0,138.72,156.23,0.005,0,1,FORCED_CAPTAIN
5497,Zachariah Branch,WR,Bijan Robinson / Chris Olave / Juwan Johnson / Nick Folk / Tyler Shough,48600,48000-48900,3-3,1,99.42,130.56,139.39,160.68,0.005,0,2,FORCED_CAPTAIN
228,Austin Hooper,TE,Bijan Robinson / Brian Robinson Jr. / Chris Olave / Juwan Johnson / Michael Penix Jr.,47000,<48000,4-2,1,94.05,123.32,133.32,151.11,0.0045,0,2,FORCED_CAPTAIN
290,Austin Hooper,TE,Chris Olave / Daniel Carlson / Juwan Johnson / Michael Penix Jr. / Tyler Shough,45800,<48000,2-4,1,93.72,124.8,135.15,157.36,0.0045,0,2,FORCED_CAPTAIN
296,Austin Hooper,TE,Chris Olave / Drake London / Jahan Dotson / Michael Penix Jr. / Tyler Shough,46600,<48000,4-2,1,93.72,127.28,137.82,160.62,0.0045,0,2,FORCED_CAPTAIN
368,Barion Brown,WR,Bijan Robinson / Chris Olave / Devaughn Vele / Drake London / Juwan Johnson,49600,49500-49900,2-4,0,99.71,128.13,138.61,158.29,0.0045,0,1,FORCED_CAPTAIN
381,Barion Brown,WR,Bijan Robinson / Chris Olave / Drake London / Michael Penix Jr. / Nick Folk,48800,48000-48900,4-2,1,96.2,125.66,135.93,152.87,0.0045,0,2,EXACT_OR_NEAR_OPTIMAL
761,Brian Robinson Jr.,RB,Alvin Kamara / Chris Olave / Drake London / Falcons / Tyler Shough,46700,<48000,3-3,1,94.96,123.49,132.09,149.21,0.0045,0,1,FORCED_CAPTAIN
765,Brian Robinson Jr.,RB,Alvin Kamara / Chris Olave / Drake London / Saints / Tyler Shough,47300,<48000,2-4,1,95.9,124.12,133.38,149.73,0.0045,0,1,FORCED_CAPTAIN
827,Brian Robinson Jr.,RB,Bijan Robinson / Juwan Johnson / Kyle Pitts Sr. / Michael Penix Jr. / Tyler Shough,49300,49000-49400,4-2,1,92.63,122.98,132.52,154.56,0.0045,0,2,FORCED_CAPTAIN
885,Bryce Lance,WR,Alvin Kamara / Chris Olave / Drake London / Nick Folk / Tyler Shough,45500,<48000,2-4,1,94.18,124.19,134.61,154.69,0.0045,0,1,FORCED_CAPTAIN
926,Bryce Lance,WR,Bijan Robinson / Chris Olave / Falcons / Michael Penix Jr. / Tyler Shough,47500,<48000,3-3,1,99.49,128.99,139.34,158.42,0.0045,0,2,FORCED_CAPTAIN
952,Bryce Lance,WR,Bijan Robinson / Drake London / Kyle Pitts Sr. / Michael Penix Jr. / Tyler Shough,48900,48000-48900,4-2,1,93.56,124.34,134.19,152.65,0.0045,0,2,FORCED_CAPTAIN
972,Bryce Lance,WR,Chris Olave / Drake London / Michael Penix Jr. / Saints / Tyler Shough,46300,<48000,2-4,1,94.54,125.99,136.69,154.51,0.0045,0,2,FORCED_CAPTAIN
1005,CJ Donaldson,RB,Alvin Kamara / Bijan Robinson / Drake London / Juwan Johnson / Tyler Shough,47900,<48000,2-4,1,99.2,128.52,137.31,154.32,0.0045,0,2,FORCED_CAPTAIN
1033,CJ Donaldson,RB,Bijan Robinson / Chris Olave / Daniel Carlson / Michael Penix Jr. / Tyler Shough,48100,48000-48900,2-4,1,98.92,129.03,137.34,156.63,0.0045,0,2,EXACT_OR_NEAR_OPTIMAL
1050,CJ Donaldson,RB,Bijan Robinson / Chris Olave / Drake London / Saints / Tyler Shough,48500,48000-48900,2-4,1,101.7,130.53,138.79,157.59,0.0045,0,2,EXACT_OR_NEAR_OPTIMAL
1167,Cal Adomitis,TE,Bijan Robinson / Chris Olave / Drake London / Michael Penix Jr. / Nick Folk,47300,<48000,4-2,1,96.32,126.3,136.15,152.92,0.0045,0,2,FORCED_CAPTAIN
1274,Charlie Woerner,TE,Bijan Robinson / Chris Olave / Devaughn Vele / Drake London / Juwan Johnson,48700,48000-48900,3-3,0,99.85,128.31,138.69,158.7,0.0045,0,1,FORCED_CAPTAIN
1406,Chris Blair,WR,Bijan Robinson / Chris Olave / Drake London / Kyle Pitts Sr. / Tyler Shough,49500,49500-49900,4-2,0,99.78,129.88,140.41,157.72,0.0045,0,1,FORCED_CAPTAIN
1589,Chris Olave,WR,Alvin Kamara / Falcons / Juwan Johnson / Nick Folk / Saints,43800,<48000,2-4,0,88.64,114.12,122.45,141.69,0.0045,1,0,EXACT_OR_NEAR_OPTIMAL
1731,Chris Olave,WR,Bijan Robinson / Devaughn Vele / Jahan Dotson / Kendre Miller / Nick Folk,49200,49000-49400,3-3,0,91.86,121.0,129.58,148.0,0.0045,1,0,EXACT_OR_NEAR_OPTIMAL
1882,Chris Olave,WR,Devaughn Vele / Falcons / Juwan Johnson / Kyle Pitts Sr. / Michael Penix Jr.,49800,49500-49900,3-3,0,92.19,122.68,132.93,156.09,0.0045,0,0,EXACT_OR_NEAR_OPTIMAL
2173,Daniel Carlson,K,Devaughn Vele / Drake London / Juwan Johnson / Michael Penix Jr. / Nick Folk,46800,<48000,3-3,0,83.74,111.46,121.69,138.68,0.0045,0,0,EXACT_OR_NEAR_OPTIMAL
2175,Daniel Carlson,K,Devaughn Vele / Drake London / Michael Penix Jr. / Saints / Tyler Shough,47800,<48000,2-4,0,88.43,115.46,125.91,144.01,0.0045,0,0,EXACT_OR_NEAR_OPTIMAL
2248,Devaughn Vele,WR,Austin Hooper / Chris Olave / Drake London / Olamide Zaccheaus / Tyler Shough,46900,<48000,3-3,1,91.09,123.33,134.6,154.81,0.0045,0,1,FORCED_CAPTAIN
2269,Devaughn Vele,WR,Bijan Robinson / Chris Blair / Chris Olave / Daniel Carlson / Michael Penix Jr.,49100,49000-49400,3-3,1,92.69,120.42,130.01,147.81,0.0045,0,1,FORCED_CAPTAIN
2403,Drake London,WR,Alvin Kamara / Brian Robinson Jr. / Daniel Carlson / Nick Folk / Tyler Shough,45600,<48000,3-3,0,87.78,115.61,124.18,140.18,0.0045,0,0,EXACT_OR_NEAR_OPTIMAL
2460,Drake London,WR,Alvin Kamara / Daniel Carlson / Devaughn Vele / Jahan Dotson / Michael Penix Jr.,46600,<48000,3-3,1,83.47,114.72,125.28,146.39,0.0045,0,1,EXACT_OR_NEAR_OPTIMAL
2517,Drake London,WR,Alvin Kamara / Jahan Dotson / Juwan Johnson / Kyle Pitts Sr. / Michael Penix Jr.,47200,<48000,4-2,1,85.19,117.46,129.34,147.86,0.0045,0,1,EXACT_OR_NEAR_OPTIMAL
2523,Drake London,WR,Alvin Kamara / Juwan Johnson / Kendre Miller / Michael Penix Jr. / Saints,47600,<48000,2-4,0,86.03,116.55,127.77,149.39,0.0045,0,0,EXACT_OR_NEAR_OPTIMAL
2646,Drake London,WR,Brian Robinson Jr. / Daniel Carlson / Juwan Johnson / Michael Penix Jr. / Nick Folk,45400,<48000,4-2,1,83.45,114.09,124.58,148.7,0.0045,0,1,EXACT_OR_NEAR_OPTIMAL
2741,Drake London,WR,Daniel Carlson / Devaughn Vele / Juwan Johnson / Treyton Welch / Tyler Shough,44800,<48000,1-5,1,89.9,120.82,133.32,152.35,0.0045,0,2,EXACT_OR_NEAR_OPTIMAL
2744,Drake London,WR,Daniel Carlson / Falcons / Juwan Johnson / Michael Penix Jr. / Saints,44000,<48000,3-3,0,82.64,111.66,121.13,140.99,0.0045,0,0,EXACT_OR_NEAR_OPTIMAL
2782,Falcons,DST,Alvin Kamara / Bijan Robinson / Brian Robinson Jr. / Drake London / Michael Penix Jr.,47000,<48000,5-1,1,89.03,115.62,124.32,140.5,0.0045,0,2,FORCED_CAPTAIN
2876,Falcons,DST,Bijan Robinson / Daniel Carlson / Juwan Johnson / Michael Penix Jr. / Tyler Shough,48000,48000-48900,3-3,0,96.94,123.45,132.53,148.98,0.0045,0,1,FORCED_CAPTAIN
2878,Falcons,DST,Bijan Robinson / Devaughn Vele / Drake London / Kyle Pitts Sr. / Michael Penix Jr.,49800,49500-49900,5-1,1,86.69,115.62,124.02,140.46,0.0045,0,2,FORCED_CAPTAIN
3033,Jahan Dotson,WR,Alvin Kamara / Bijan Robinson / Chris Olave / Drake London / Kendre Miller,49100,49000-49400,3-3,0,95.91,123.05,131.9,149.23,0.0045,0,0,FORCED_CAPTAIN
3039,Jahan Dotson,WR,Alvin Kamara / Bijan Robinson / Chris Olave / Michael Penix Jr. / Saints,47300,<48000,3-3,1,94.11,118.69,128.79,144.46,0.0045,0,1,FORCED_CAPTAIN
3057,Jahan Dotson,WR,Alvin Kamara / Chris Olave / Devaughn Vele / Juwan Johnson / Tyler Shough,47100,<48000,1-5,1,95.29,128.17,137.97,160.37,0.0045,0,2,FORCED_CAPTAIN
3089,Jahan Dotson,WR,Bijan Robinson / Chris Olave / Daniel Carlson / Michael Penix Jr. / Nick Folk,46300,<48000,4-2,1,90.33,116.99,125.12,142.49,0.0045,0,1,FORCED_CAPTAIN
3123,Jahan Dotson,WR,Bryce Lance / Chris Olave / Drake London / Michael Penix Jr. / Tyler Shough,45700,<48000,3-3,1,92.98,126.32,137.84,161.42,0.0045,0,2,FORCED_CAPTAIN
3151,Juwan Johnson,TE,Alvin Kamara / Austin Hooper / Daniel Carlson / Michael Penix Jr. / Tyler Shough,44300,<48000,2-4,1,87.88,118.35,129.28,147.97,0.0045,0,1,EXACT_OR_NEAR_OPTIMAL
3214,Juwan Johnson,TE,Alvin Kamara / Chris Olave / Kyle Pitts Sr. / Michael Penix Jr. / Saints,47900,<48000,2-4,0,90.9,118.07,127.52,147.5,0.0045,0,0,EXACT_OR_NEAR_OPTIMAL
3256,Juwan Johnson,TE,Alvin Kamara / Kyle Pitts Sr. / Michael Penix Jr. / Saints / Tyler Shough,46700,<48000,2-4,1,87.45,116.61,127.24,147.13,0.0045,0,1,EXACT_OR_NEAR_OPTIMAL
3307,Juwan Johnson,TE,Bijan Robinson / Chris Olave / Daniel Carlson / Kendre Miller / Kyle Pitts Sr.,49300,49000-49400,2-4,0,93.29,121.02,132.94,151.18,0.0045,1,0,EXACT_OR_NEAR_OPTIMAL
3350,Juwan Johnson,TE,Brian Robinson Jr. / Devaughn Vele / Drake London / Saints / Tyler Shough,46500,<48000,2-4,1,89.21,120.24,130.65,149.73,0.0045,0,1,EXACT_OR_NEAR_OPTIMAL
3397,Juwan Johnson,TE,Daniel Carlson / Devaughn Vele / Kyle Pitts Sr. / Michael Penix Jr. / Tyler Shough,48100,48000-48900,2-4,1,86.71,117.94,130.1,149.52,0.0045,0,1,EXACT_OR_NEAR_OPTIMAL
3424,Kendre Miller,RB,Alvin Kamara / Bijan Robinson / Brian Robinson Jr. / Drake London / Tyler Shough,49700,49500-49900,3-3,1,92.85,119.89,127.64,144.96,0.0045,0,1,EXACT_OR_NEAR_OPTIMAL
3441,Kendre Miller,RB,Alvin Kamara / Bijan Robinson / Daniel Carlson / Michael Penix Jr. / Tyler Shough,49700,49500-49900,2-4,1,91.73,117.63,125.73,141.69,0.0045,0,1,FORCED_CAPTAIN
3447,Kendre Miller,RB,Alvin Kamara / Bijan Robinson / Drake London / Jahan Dotson / Tyler Shough,48900,48000-48900,3-3,1,92.19,118.67,128.3,143.79,0.0045,0,1,EXACT_OR_NEAR_OPTIMAL
3463,Kendre Miller,RB,Alvin Kamara / Chris Olave / Juwan Johnson / Nick Folk / Tyler Shough,47700,<48000,1-5,1,91.45,120.47,129.95,157.63,0.0045,0,2,EXACT_OR_NEAR_OPTIMAL
3489,Kendre Miller,RB,Bijan Robinson / Bryce Lance / Drake London / Michael Penix Jr. / Tyler Shough,49700,49500-49900,3-3,1,92.57,123.23,132.3,153.67,0.0045,0,2,EXACT_OR_NEAR_OPTIMAL
3491,Kendre Miller,RB,Bijan Robinson / Cal Adomitis / Chris Olave / Michael Penix Jr. / Tyler Shough,48900,48000-48900,2-4,1,95.67,125.39,135.85,155.69,0.0045,0,2,EXACT_OR_NEAR_OPTIMAL
3494,Kendre Miller,RB,Bijan Robinson / Chris Olave / Daniel Carlson / Drake London / Saints,49100,49000-49400,2-4,0,92.65,117.84,126.89,140.02,0.0045,0,0,EXACT_OR_NEAR_OPTIMAL
3512,Kendre Miller,RB,Bijan Robinson / Chris Olave / Drake London / Kevin Austin Jr. / Michael Penix Jr.,49900,49500-49900,3-3,1,94.06,124.25,136.01,153.77,0.0045,0,2,FORCED_CAPTAIN
3525,Kendre Miller,RB,Bijan Robinson / Chris Olave / Nick Folk / Saints / Tyler Shough,49300,49000-49400,2-4,1,94.34,120.22,128.62,145.22,0.0045,0,1,EXACT_OR_NEAR_OPTIMAL
3639,Kevin Austin Jr.,WR,Bijan Robinson / Chris Olave / Drake London / Falcons / Tyler Shough,47000,<48000,3-3,1,101.19,129.81,139.18,157.94,0.0045,0,2,EXACT_OR_NEAR_OPTIMAL
3643,Kevin Austin Jr.,WR,Bijan Robinson / Chris Olave / Drake London / Kyle Pitts Sr. / Tyler Shough,49200,49000-49400,3-3,1,100.76,131.59,142.32,158.17,0.0045,0,2,EXACT_OR_NEAR_OPTIMAL
3644,Kevin Austin Jr.,WR,Bijan Robinson / Chris Olave / Drake London / Michael Penix Jr. / Nick Folk,48200,48000-48900,4-2,1,96.97,126.86,137.02,152.87,0.0045,0,2,EXACT_OR_NEAR_OPTIMAL
3659,Kevin Austin Jr.,WR,Bijan Robinson / Chris Olave / Michael Penix Jr. / Nick Folk / Tyler Shough,47800,<48000,3-3,1,99.01,129.31,137.89,157.79,0.0045,0,2,FORCED_CAPTAIN
3693,Kyle Pitts Sr.,TE,Alvin Kamara / Austin Hooper / Bijan Robinson / Michael Penix Jr. / Tyler Shough,48900,48000-48900,4-2,1,89.24,116.3,126.28,144.45,0.0045,0,1,FORCED_CAPTAIN
3737,Kyle Pitts Sr.,TE,Alvin Kamara / Drake London / Michael Penix Jr. / Nick Folk / Tyler Shough,49700,49500-49900,4-2,1,87.71,116.55,125.02,142.18,0.0045,0,1,FORCED_CAPTAIN
3767,Kyle Pitts Sr.,TE,Bijan Robinson / Chris Olave / Falcons / Nick Folk / Tyler Shough,49900,49500-49900,4-2,0,95.61,122.99,132.01,150.03,0.0045,0,0,FORCED_CAPTAIN
3791,Kyle Pitts Sr.,TE,Bryce Lance / Chris Olave / Drake London / Juwan Johnson / Tyler Shough,48300,48000-48900,2-4,1,94.86,128.12,139.09,158.86,0.0045,0,2,FORCED_CAPTAIN
3805,Kyle Pitts Sr.,TE,Chris Olave / Drake London / Kevin Austin Jr. / Michael Penix Jr. / Tyler Shough,48900,48000-48900,3-3,1,92.43,127.09,136.3,155.33,0.0045,0,2,FORCED_CAPTAIN
3812,Kyle Pitts Sr.,TE,Drake London / Juwan Johnson / Michael Penix Jr. / Saints / Tyler Shough,48900,48000-48900,3-3,1,88.54,118.22,129.75,147.85,0.0045,0,2,FORCED_CAPTAIN
3859,Michael Penix Jr.,QB,Alvin Kamara / Drake London / Falcons / Kyle Pitts Sr. / Tyler Shough,49500,49500-49900,4-2,1,90.46,120.15,129.75,146.36,0.0045,0,1,EXACT_OR_NEAR_OPTIMAL
4025,Nick Folk,K,Alvin Kamara / Chris Olave / Michael Penix Jr. / Saints / Tyler Shough,48700,48000-48900,2-4,1,96.01,123.03,132.59,151.28,0.0045,1,1,EXACT_OR_NEAR_OPTIMAL
4075,Nick Folk,K,Bijan Robinson / Daniel Carlson / Drake London / Jahan Dotson / Michael Penix Jr.,46700,<48000,5-1,1,86.76,114.42,124.03,140.69,0.0045,0,2,FORCED_CAPTAIN
4076,Nick Folk,K,Bijan Robinson / Daniel Carlson / Juwan Johnson / Kyle Pitts Sr. / Tyler Shough,47500,<48000,3-3,0,90.2,117.46,125.05,139.67,0.0045,1,0,EXACT_OR_NEAR_OPTIMAL
4077,Nick Folk,K,Bijan Robinson / Daniel Carlson / Kyle Pitts Sr. / Michael Penix Jr. / Tyler Shough,49100,49000-49400,4-2,1,89.73,115.42,123.96,139.85,0.0045,1,1,EXACT_OR_NEAR_OPTIMAL
4078,Nick Folk,K,Bijan Robinson / Devaughn Vele / Drake London / Jahan Dotson / Michael Penix Jr.,49700,49500-49900,5-1,1,89.45,118.57,127.16,143.15,0.0045,0,2,FORCED_CAPTAIN
4109,Nick Folk,K,Drake London / Juwan Johnson / Kendre Miller / Michael Penix Jr. / Tyler Shough,49100,49000-49400,3-3,1,90.03,119.68,130.32,151.09,0.0045,0,2,EXACT_OR_NEAR_OPTIMAL
4118,Nick Muse,TE,Alvin Kamara / Bijan Robinson / Chris Olave / Drake London / Juwan Johnson,47300,<48000,3-3,0,101.96,129.81,139.84,155.98,0.0045,0,1,EXACT_OR_NEAR_OPTIMAL
4162,Nick Muse,TE,Bijan Robinson / Chris Olave / Daniel Carlson / Drake London / Michael Penix Jr.,46700,<48000,4-2,1,96.19,126.81,136.62,153.71,0.0045,0,2,EXACT_OR_NEAR_OPTIMAL
4222,Nick Muse,TE,Chris Olave / Devaughn Vele / Drake London / Michael Penix Jr. / Tyler Shough,47500,<48000,3-3,1,95.03,128.73,139.54,158.62,0.0045,0,2,EXACT_OR_NEAR_OPTIMAL
4280,Olamide Zaccheaus,WR,Bijan Robinson / Brian Robinson Jr. / Chris Olave / Juwan Johnson / Tyler Shough,46400,<48000,3-3,1,98.77,130.33,140.56,161.72,0.0045,0,2,FORCED_CAPTAIN
4285,Olamide Zaccheaus,WR,Bijan Robinson / Bryce Lance / Chris Olave / Drake London / Tyler Shough,47000,<48000,3-3,1,100.78,132.0,141.47,162.7,0.0045,0,2,FORCED_CAPTAIN
4320,Olamide Zaccheaus,WR,Bijan Robinson / Daniel Carlson / Drake London / Juwan Johnson / Michael Penix Jr.,46000,<48000,4-2,1,90.12,120.27,131.18,147.62,0.0045,0,2,FORCED_CAPTAIN
4333,Olamide Zaccheaus,WR,Bijan Robinson / Drake London / Juwan Johnson / Nick Folk / Tyler Shough,47200,<48000,4-2,0,96.45,124.48,133.21,153.13,0.0045,0,1,FORCED_CAPTAIN
4340,Olamide Zaccheaus,WR,Chris Olave / Daniel Carlson / Drake London / Juwan Johnson / Tyler Shough,45600,<48000,2-4,1,96.4,127.24,139.24,159.31,0.0045,0,2,FORCED_CAPTAIN
4358,Oscar Delp,TE,Alvin Kamara / Bijan Robinson / Chris Olave / Drake London / Juwan Johnson,47600,<48000,2-4,0,101.96,129.81,139.84,155.98,0.0045,0,1,FORCED_CAPTAIN
4399,Oscar Delp,TE,Bijan Robinson / Chris Olave / Daniel Carlson / Drake London / Michael Penix Jr.,47000,<48000,3-3,1,96.2,126.67,136.62,153.71,0.0045,0,2,FORCED_CAPTAIN
4461,Oscar Delp,TE,Chris Olave / Devaughn Vele / Drake London / Michael Penix Jr. / Tyler Shough,47800,<48000,2-4,1,95.04,128.73,139.54,158.62,0.0045,0,2,FORCED_CAPTAIN
4494,Saints,DST,Alvin Kamara / Bijan Robinson / Devaughn Vele / Drake London / Falcons,46500,<48000,3-3,0,86.65,108.34,116.19,126.02,0.0045,0,0,FORCED_CAPTAIN
4520,Saints,DST,Alvin Kamara / Devaughn Vele / Drake London / Kendre Miller / Tyler Shough,45700,<48000,1-5,1,80.89,107.35,114.73,131.23,0.0045,1,2,EXACT_OR_NEAR_OPTIMAL
4559,Saints,DST,Bijan Robinson / Chris Olave / Kendre Miller / Nick Folk / Tyler Shough,48900,48000-48900,2-4,1,95.76,120.81,129.38,150.0,0.0045,0,1,FORCED_CAPTAIN
4740,Treyton Welch,TE,Alvin Kamara / Bijan Robinson / Devaughn Vele / Drake London / Tyler Shough,46500,<48000,2-4,1,95.95,123.7,131.58,150.08,0.0045,0,1,FORCED_CAPTAIN
4786,Treyton Welch,TE,Bijan Robinson / Chris Olave / Devaughn Vele / Nick Folk / Tyler Shough,45700,<48000,2-4,1,95.79,125.79,135.81,154.38,0.0045,0,1,FORCED_CAPTAIN
4970,Tyler Shough,QB,Alvin Kamara / Austin Hooper / Daniel Carlson / Juwan Johnson / Michael Penix Jr.,45400,<48000,2-4,1,90.98,121.43,132.36,149.65,0.0045,0,1,EXACT_OR_NEAR_OPTIMAL
5019,Tyler Shough,QB,Alvin Kamara / Brian Robinson Jr. / Juwan Johnson / Michael Penix Jr. / Nick Folk,47000,<48000,3-3,1,91.81,122.17,132.42,149.58,0.0045,0,1,EXACT_OR_NEAR_OPTIMAL
5207,Tyler Shough,QB,Brian Robinson Jr. / Daniel Carlson / Drake London / Michael Penix Jr. / Nick Folk,47400,<48000,4-2,1,90.68,119.78,128.02,147.55,0.0045,0,1,EXACT_OR_NEAR_OPTIMAL
5460,Zachariah Branch,WR,Bijan Robinson / Brian Robinson Jr. / Chris Olave / Drake London / Tyler Shough,49600,49500-49900,4-2,0,100.42,130.38,139.91,158.23,0.0045,0,1,FORCED_CAPTAIN
104,Alvin Kamara,RB,Brian Robinson Jr. / Daniel Carlson / Drake London / Juwan Johnson / Tyler Shough,46100,<48000,2-4,1,92.52,121.27,129.77,146.75,0.004,0,1,FORCED_CAPTAIN
155,Alvin Kamara,RB,Daniel Carlson / Devaughn Vele / Drake London / Michael Penix Jr. / Nick Folk,47500,<48000,3-3,0,84.04,110.63,119.47,134.32,0.004,0,0,EXACT_OR_NEAR_OPTIMAL
167,Alvin Kamara,RB,Devaughn Vele / Drake London / Falcons / Juwan Johnson / Michael Penix Jr.,48300,48000-48900,3-3,0,89.23,116.97,126.44,142.18,0.004,0,0,EXACT_OR_NEAR_OPTIMAL
174,Alvin Kamara,RB,Devaughn Vele / Drake London / Kendre Miller / Nick Folk / Tyler Shough,48300,48000-48900,2-4,1,86.0,113.87,122.13,137.6,0.004,0,1,EXACT_OR_NEAR_OPTIMAL
183,Alvin Kamara,RB,Drake London / Juwan Johnson / Michael Penix Jr. / Nick Folk / Saints,46500,<48000,3-3,0,87.13,113.87,122.21,138.37,0.004,0,0,EXACT_OR_NEAR_OPTIMAL
274,Austin Hooper,TE,Bijan Robinson / Drake London / Falcons / Juwan Johnson / Michael Penix Jr.,46000,<48000,5-1,1,89.27,118.8,128.37,146.89,0.004,0,3,FORCED_CAPTAIN
276,Austin Hooper,TE,Bijan Robinson / Drake London / Jahan Dotson / Michael Penix Jr. / Tyler Shough,47600,<48000,5-1,1,94.11,126.42,134.32,151.64,0.004,0,3,FORCED_CAPTAIN
552,Bijan Robinson,RB,Alvin Kamara / Kendre Miller / Kyle Pitts Sr. / Saints / Tyler Shough,49300,49000-49400,2-4,1,90.64,114.85,123.24,140.93,0.004,1,2,EXACT_OR_NEAR_OPTIMAL
751,Brian Robinson Jr.,RB,Alvin Kamara / Bijan Robinson / Drake London / Kendre Miller / Tyler Shough,49100,49000-49400,3-3,1,93.45,120.24,127.8,144.39,0.004,0,1,FORCED_CAPTAIN
763,Brian Robinson Jr.,RB,Alvin Kamara / Chris Olave / Drake London / Kendre Miller / Tyler Shough,48100,48000-48900,2-4,1,93.06,123.21,131.69,150.72,0.004,0,1,FORCED_CAPTAIN
844,Brian Robinson Jr.,RB,Chris Olave / Drake London / Juwan Johnson / Michael Penix Jr. / Nick Folk,48300,48000-48900,4-2,1,93.1,124.15,133.76,153.65,0.004,0,2,FORCED_CAPTAIN
851,Brian Robinson Jr.,RB,Chris Olave / Juwan Johnson / Kyle Pitts Sr. / Michael Penix Jr. / Tyler Shough,48300,48000-48900,3-3,1,92.24,124.09,134.93,155.86,0.004,0,2,FORCED_CAPTAIN
868,Bryce Lance,WR,Alvin Kamara / Bijan Robinson / Daniel Carlson / Drake London / Tyler Shough,45900,<48000,2-4,1,94.92,121.75,129.05,146.32,0.004,0,1,FORCED_CAPTAIN
876,Bryce Lance,WR,Alvin Kamara / Bijan Robinson / Drake London / Kendre Miller / Tyler Shough,46100,<48000,2-4,1,90.2,116.53,125.09,143.09,0.004,0,1,FORCED_CAPTAIN
909,Bryce Lance,WR,Bijan Robinson / Chris Olave / Devaughn Vele / Kyle Pitts Sr. / Tyler Shough,48500,48000-48900,2-4,1,94.55,125.76,137.25,156.48,0.004,0,1,FORCED_CAPTAIN
912,Bryce Lance,WR,Bijan Robinson / Chris Olave / Drake London / Falcons / Juwan Johnson,46300,<48000,3-3,0,97.92,126.11,136.03,150.86,0.004,0,1,FORCED_CAPTAIN
918,Bryce Lance,WR,Bijan Robinson / Chris Olave / Drake London / Kendre Miller / Michael Penix Jr.,49300,49000-49400,3-3,1,95.54,126.25,137.15,154.52,0.004,0,2,FORCED_CAPTAIN
983,CJ Donaldson,RB,Alvin Kamara / Bijan Robinson / Chris Olave / Devaughn Vele / Drake London,49500,49500-49900,2-4,0,97.69,124.66,133.23,150.0,0.004,0,0,FORCED_CAPTAIN
1097,Cal Adomitis,TE,Alvin Kamara / Bijan Robinson / Chris Olave / Devaughn Vele / Drake London,47700,<48000,2-4,0,97.47,124.59,133.34,150.0,0.004,0,0,FORCED_CAPTAIN
1150,Cal Adomitis,TE,Bijan Robinson / Chris Olave / Daniel Carlson / Michael Penix Jr. / Tyler Shough,46300,<48000,2-4,1,98.71,128.89,137.37,154.88,0.004,0,2,FORCED_CAPTAIN
1246,Charlie Woerner,TE,Alvin Kamara / Chris Olave / Devaughn Vele / Drake London / Tyler Shough,46100,<48000,2-4,1,93.65,124.84,133.75,152.92,0.004,0,1,FORCED_CAPTAIN
1281,Charlie Woerner,TE,Bijan Robinson / Chris Olave / Drake London / Falcons / Tyler Shough,46700,<48000,4-2,0,100.57,128.81,137.7,156.23,0.004,0,1,FORCED_CAPTAIN
1288,Charlie Woerner,TE,Bijan Robinson / Chris Olave / Drake London / Saints / Tyler Shough,47300,<48000,3-3,0,101.51,129.69,138.33,156.27,0.004,0,1,FORCED_CAPTAIN
1306,Charlie Woerner,TE,Bijan Robinson / Devaughn Vele / Drake London / Juwan Johnson / Tyler Shough,47500,<48000,3-3,1,96.4,125.91,135.49,157.33,0.004,0,2,FORCED_CAPTAIN
1339,Chris Blair,WR,Alvin Kamara / Bijan Robinson / Chris Olave / Devaughn Vele / Tyler Shough,48500,48000-48900,2-4,1,99.18,129.24,138.05,160.62,0.004,0,1,EXACT_OR_NEAR_OPTIMAL
1407,Chris Blair,WR,Bijan Robinson / Chris Olave / Drake London / Michael Penix Jr. / Nick Folk,48500,48000-48900,5-1,1,96.0,125.58,135.71,152.87,0.004,0,3,EXACT_OR_NEAR_OPTIMAL
1635,Chris Olave,WR,Austin Hooper / Daniel Carlson / Kendre Miller / Michael Penix Jr. / Tyler Shough,47400,<48000,2-4,1,92.36,124.26,133.46,157.79,0.004,1,1,EXACT_OR_NEAR_OPTIMAL
2077,Daniel Carlson,K,Alvin Kamara / Chris Olave / Drake London / Juwan Johnson / Kyle Pitts Sr.,48200,48000-48900,2-4,0,93.59,120.74,130.36,144.35,0.004,0,0,FORCED_CAPTAIN
2326,Devaughn Vele,WR,Chris Olave / Jahan Dotson / Michael Penix Jr. / Saints / Tyler Shough,48300,48000-48900,2-4,1,91.08,121.71,131.48,152.19,0.004,0,1,EXACT_OR_NEAR_OPTIMAL
2398,Drake London,WR,Alvin Kamara / Brian Robinson Jr. / Daniel Carlson / Devaughn Vele / Michael Penix Jr.,47400,<48000,3-3,1,84.13,115.05,125.42,145.87,0.004,0,1,EXACT_OR_NEAR_OPTIMAL
2412,Drake London,WR,Alvin Kamara / Brian Robinson Jr. / Juwan Johnson / Kyle Pitts Sr. / Michael Penix Jr.,48000,48000-48900,4-2,1,85.86,117.55,128.56,150.01,0.004,0,1,EXACT_OR_NEAR_OPTIMAL
2473,Drake London,WR,Alvin Kamara / Daniel Carlson / Jahan Dotson / Michael Penix Jr. / Nick Folk,44200,<48000,4-2,1,80.43,111.07,120.38,138.09,0.004,0,1,EXACT_OR_NEAR_OPTIMAL
2644,Drake London,WR,Brian Robinson Jr. / Daniel Carlson / Devaughn Vele / Nick Folk / Tyler Shough,46400,<48000,3-3,0,85.16,113.89,122.49,140.58,0.004,0,0,EXACT_OR_NEAR_OPTIMAL
2760,Drake London,WR,Devaughn Vele / Jahan Dotson / Juwan Johnson / Michael Penix Jr. / Saints,46400,<48000,3-3,1,83.95,115.11,126.86,148.43,0.004,0,1,EXACT_OR_NEAR_OPTIMAL
2837,Falcons,DST,Bijan Robinson / Brian Robinson Jr. / Drake London / Juwan Johnson / Michael Penix Jr.,47400,<48000,5-1,1,91.39,120.6,130.09,146.46,0.004,0,3,FORCED_CAPTAIN
3054,Jahan Dotson,WR,Alvin Kamara / Chris Olave / Daniel Carlson / Drake London / Tyler Shough,46700,<48000,2-4,1,96.78,126.19,135.33,153.56,0.004,0,1,FORCED_CAPTAIN
3108,Jahan Dotson,WR,Bijan Robinson / Daniel Carlson / Devaughn Vele / Michael Penix Jr. / Tyler Shough,47500,<48000,3-3,1,89.91,117.66,126.02,147.52,0.004,0,1,FORCED_CAPTAIN
3133,Jahan Dotson,WR,Chris Olave / Drake London / Juwan Johnson / Michael Penix Jr. / Nick Folk,47100,<48000,4-2,1,92.1,122.13,133.68,152.27,0.004,0,2,FORCED_CAPTAIN
3146,Juwan Johnson,TE,Alvin Kamara / Austin Hooper / Bijan Robinson / Jahan Dotson / Michael Penix Jr.,44700,<48000,4-2,1,87.54,116.65,125.58,143.58,0.004,1,1,EXACT_OR_NEAR_OPTIMAL
3189,Juwan Johnson,TE,Alvin Kamara / Brian Robinson Jr. / Drake London / Michael Penix Jr. / Nick Folk,46300,<48000,4-2,1,86.66,116.05,125.92,144.26,0.004,0,1,EXACT_OR_NEAR_OPTIMAL
3249,Juwan Johnson,TE,Alvin Kamara / Drake London / Kendre Miller / Michael Penix Jr. / Nick Folk,47500,<48000,3-3,0,85.47,115.09,124.29,141.92,0.004,0,0,EXACT_OR_NEAR_OPTIMAL
3251,Juwan Johnson,TE,Alvin Kamara / Drake London / Kyle Pitts Sr. / Michael Penix Jr. / Saints,47100,<48000,3-3,1,85.41,113.89,124.72,142.57,0.004,0,1,EXACT_OR_NEAR_OPTIMAL
3449,Kendre Miller,RB,Alvin Kamara / Bijan Robinson / Drake London / Michael Penix Jr. / Saints,49500,49500-49900,3-3,1,87.82,114.54,123.35,138.96,0.004,0,1,EXACT_OR_NEAR_OPTIMAL
3477,Kendre Miller,RB,Bijan Robinson / Brian Robinson Jr. / Chris Olave / Nick Folk / Tyler Shough,48900,48000-48900,3-3,1,92.69,121.16,129.56,147.37,0.004,0,1,EXACT_OR_NEAR_OPTIMAL
3537,Kendre Miller,RB,Bijan Robinson / Drake London / Michael Penix Jr. / Treyton Welch / Tyler Shough,48100,48000-48900,3-3,1,91.47,121.44,130.91,150.66,0.004,0,2,EXACT_OR_NEAR_OPTIMAL
3549,Kendre Miller,RB,Chris Olave / Daniel Carlson / Drake London / Juwan Johnson / Michael Penix Jr.,49500,49500-49900,2-4,0,91.65,122.33,133.27,152.63,0.004,0,1,EXACT_OR_NEAR_OPTIMAL
3556,Kendre Miller,RB,Chris Olave / Drake London / Falcons / Juwan Johnson / Tyler Shough,48900,48000-48900,2-4,1,95.52,125.66,136.48,158.13,0.004,0,2,EXACT_OR_NEAR_OPTIMAL
3576,Kevin Austin Jr.,WR,Alvin Kamara / Bijan Robinson / Chris Olave / Devaughn Vele / Drake London,48600,48000-48900,2-4,0,98.12,125.57,133.74,151.18,0.004,0,0,EXACT_OR_NEAR_OPTIMAL
3588,Kevin Austin Jr.,WR,Alvin Kamara / Bijan Robinson / Devaughn Vele / Drake London / Tyler Shough,47400,<48000,2-4,1,94.67,121.73,129.85,148.1,0.004,0,1,EXACT_OR_NEAR_OPTIMAL
3655,Kevin Austin Jr.,WR,Bijan Robinson / Chris Olave / Juwan Johnson / Nick Folk / Tyler Shough,46200,<48000,2-4,1,99.47,130.06,140.09,160.68,0.004,0,2,EXACT_OR_NEAR_OPTIMAL
3657,Kevin Austin Jr.,WR,Bijan Robinson / Chris Olave / Kyle Pitts Sr. / Michael Penix Jr. / Tyler Shough,48200,48000-48900,3-3,1,96.11,126.79,136.89,156.37,0.004,0,2,EXACT_OR_NEAR_OPTIMAL
3708,Kyle Pitts Sr.,TE,Alvin Kamara / Bijan Robinson / Daniel Carlson / Devaughn Vele / Tyler Shough,49700,49500-49900,2-4,1,89.43,114.16,121.84,141.21,0.004,0,1,FORCED_CAPTAIN
3709,Kyle Pitts Sr.,TE,Alvin Kamara / Bijan Robinson / Daniel Carlson / Drake London / Juwan Johnson,49700,49500-49900,3-3,0,92.36,118.93,126.55,142.1,0.004,0,0,FORCED_CAPTAIN
3717,Kyle Pitts Sr.,TE,Alvin Kamara / Bijan Robinson / Falcons / Michael Penix Jr. / Tyler Shough,49700,49500-49900,4-2,1,91.13,116.13,124.64,141.1,0.004,0,1,FORCED_CAPTAIN
3723,Kyle Pitts Sr.,TE,Alvin Kamara / Chris Olave / Daniel Carlson / Drake London / Juwan Johnson,48700,48000-48900,2-4,0,91.97,118.93,128.99,143.76,0.004,0,0,FORCED_CAPTAIN
3725,Kyle Pitts Sr.,TE,Alvin Kamara / Chris Olave / Devaughn Vele / Saints / Tyler Shough,48100,48000-48900,1-5,1,87.17,114.8,124.35,144.53,0.004,0,2,FORCED_CAPTAIN
3726,Kyle Pitts Sr.,TE,Alvin Kamara / Chris Olave / Drake London / Falcons / Michael Penix Jr.,49100,49000-49400,4-2,1,88.7,117.81,125.38,143.95,0.004,0,1,FORCED_CAPTAIN
3728,Kyle Pitts Sr.,TE,Alvin Kamara / Chris Olave / Drake London / Michael Penix Jr. / Saints,49700,49500-49900,3-3,1,89.63,118.07,127.07,144.69,0.004,1,1,EXACT_OR_NEAR_OPTIMAL
3763,Kyle Pitts Sr.,TE,Bijan Robinson / Chris Olave / Devaughn Vele / Treyton Welch / Tyler Shough,48900,48000-48900,2-4,1,94.67,125.24,135.66,156.18,0.004,0,1,FORCED_CAPTAIN
3775,Kyle Pitts Sr.,TE,Bijan Robinson / Daniel Carlson / Devaughn Vele / Juwan Johnson / Michael Penix Jr.,49500,49500-49900,3-3,1,85.11,111.92,121.02,140.01,0.004,0,1,FORCED_CAPTAIN
3779,Kyle Pitts Sr.,TE,Bijan Robinson / Daniel Carlson / Michael Penix Jr. / Nick Folk / Tyler Shough,49300,49000-49400,4-2,1,88.29,113.86,122.85,138.71,0.004,0,1,FORCED_CAPTAIN
3785,Kyle Pitts Sr.,TE,Bijan Robinson / Juwan Johnson / Michael Penix Jr. / Olamide Zaccheaus / Tyler Shough,48500,48000-48900,4-2,1,90.29,119.39,130.32,150.94,0.004,0,2,FORCED_CAPTAIN
3794,Kyle Pitts Sr.,TE,Chris Olave / Daniel Carlson / Devaughn Vele / Juwan Johnson / Tyler Shough,49100,49000-49400,1-5,1,91.4,122.61,132.65,154.14,0.004,0,2,FORCED_CAPTAIN
3931,Michael Penix Jr.,QB,Bijan Robinson / Devaughn Vele / Jahan Dotson / Juwan Johnson / Kyle Pitts Sr.,49300,49000-49400,4-2,1,86.14,115.1,125.76,146.54,0.004,1,1,EXACT_OR_NEAR_OPTIMAL
4066,Nick Folk,K,Bijan Robinson / Chris Olave / Falcons / Treyton Welch / Tyler Shough,44100,<48000,3-3,1,93.52,122.04,129.06,146.36,0.004,0,1,FORCED_CAPTAIN
4205,Nick Muse,TE,Bijan Robinson / Devaughn Vele / Drake London / Juwan Johnson / Tyler Shough,46900,<48000,3-3,1,95.9,125.4,135.07,156.02,0.004,0,2,EXACT_OR_NEAR_OPTIMAL
4315,Olamide Zaccheaus,WR,Bijan Robinson / Chris Olave / Juwan Johnson / Saints / Tyler Shough,46800,<48000,2-4,1,100.42,129.85,139.13,162.03,0.004,0,2,FORCED_CAPTAIN
4325,Olamide Zaccheaus,WR,Bijan Robinson / Daniel Carlson / Juwan Johnson / Michael Penix Jr. / Tyler Shough,45600,<48000,3-3,1,92.15,121.81,130.55,148.93,0.004,0,2,FORCED_CAPTAIN
4444,Oscar Delp,TE,Bijan Robinson / Devaughn Vele / Drake London / Juwan Johnson / Tyler Shough,47200,<48000,2-4,1,95.9,125.4,135.07,156.02,0.004,0,2,FORCED_CAPTAIN
4502,Saints,DST,Alvin Kamara / Bijan Robinson / Kyle Pitts Sr. / Michael Penix Jr. / Tyler Shough,49500,49500-49900,3-3,1,92.75,116.18,124.3,140.72,0.004,0,1,FORCED_CAPTAIN
4560,Saints,DST,Bijan Robinson / Chris Olave / Kyle Pitts Sr. / Nick Folk / Tyler Shough,49700,49500-49900,3-3,0,97.23,122.98,131.13,150.5,0.004,0,0,FORCED_CAPTAIN
4563,Saints,DST,Bijan Robinson / Daniel Carlson / Devaughn Vele / Drake London / Nick Folk,46100,<48000,3-3,0,83.8,105.53,112.35,127.45,0.004,0,0,FORCED_CAPTAIN
5031,Tyler Shough,QB,Alvin Kamara / Bryce Lance / Devaughn Vele / Juwan Johnson / Nick Folk,43800,<48000,1-5,1,85.14,116.95,126.59,146.65,0.004,0,2,EXACT_OR_NEAR_OPTIMAL
5042,Tyler Shough,QB,Alvin Kamara / Chris Olave / Daniel Carlson / Kendre Miller / Kyle Pitts Sr.,47800,<48000,1-5,1,90.19,119.53,128.54,147.95,0.004,1,2,EXACT_OR_NEAR_OPTIMAL
5122,Tyler Shough,QB,Austin Hooper / Devaughn Vele / Drake London / Kendre Miller / Michael Penix Jr.,49000,49000-49400,3-3,1,87.83,121.25,130.74,151.01,0.004,0,1,EXACT_OR_NEAR_OPTIMAL
5204,Tyler Shough,QB,Brian Robinson Jr. / Chris Olave / Kyle Pitts Sr. / Michael Penix Jr. / Nick Folk,49200,49000-49400,4-2,1,92.93,124.32,135.14,155.42,0.004,1,1,EXACT_OR_NEAR_OPTIMAL
5459,Zachariah Branch,WR,Bijan Robinson / Brian Robinson Jr. / Chris Olave / Drake London / Michael Penix Jr.,49000,49000-49400,5-1,1,93.74,123.99,135.34,150.77,0.004,0,3,FORCED_CAPTAIN
5482,Zachariah Branch,WR,Bijan Robinson / Chris Olave / Drake London / Falcons / Michael Penix Jr.,48800,48000-48900,5-1,1,94.45,124.35,134.59,150.95,0.004,0,3,FORCED_CAPTAIN
5508,Zachariah Branch,WR,Bijan Robinson / Daniel Carlson / Drake London / Michael Penix Jr. / Tyler Shough,48800,48000-48900,4-2,1,93.81,123.92,133.41,149.04,0.004,0,2,FORCED_CAPTAIN
340,Barion Brown,WR,Alvin Kamara / Chris Olave / Drake London / Michael Penix Jr. / Tyler Shough,48200,48000-48900,2-4,1,98.01,130.77,141.67,160.06,0.0035,0,2,FORCED_CAPTAIN
376,Barion Brown,WR,Bijan Robinson / Chris Olave / Drake London / Falcons / Tyler Shough,47600,<48000,3-3,1,100.43,128.81,137.7,156.27,0.0035,0,2,FORCED_CAPTAIN
610,Bijan Robinson,RB,Brian Robinson Jr. / Drake London / Falcons / Juwan Johnson / Kendre Miller,47500,<48000,4-2,0,89.74,116.89,127.54,144.88,0.0035,1,1,EXACT_OR_NEAR_OPTIMAL
718,Bijan Robinson,RB,Devaughn Vele / Drake London / Falcons / Nick Folk / Olamide Zaccheaus,46500,<48000,5-1,0,86.66,113.68,121.1,138.37,0.0035,1,2,EXACT_OR_NEAR_OPTIMAL
735,Brian Robinson Jr.,RB,Alvin Kamara / Bijan Robinson / Bryce Lance / Drake London / Tyler Shough,45900,<48000,3-3,1,92.48,118.44,126.91,143.8,0.0035,0,1,FORCED_CAPTAIN
758,Brian Robinson Jr.,RB,Alvin Kamara / Bijan Robinson / Michael Penix Jr. / Nick Folk / Tyler Shough,48500,48000-48900,4-2,1,93.17,119.94,127.71,142.33,0.0035,0,1,FORCED_CAPTAIN
777,Brian Robinson Jr.,RB,Austin Hooper / Bijan Robinson / Juwan Johnson / Michael Penix Jr. / Tyler Shough,46300,<48000,4-2,1,91.18,121.27,130.6,151.3,0.0035,0,2,FORCED_CAPTAIN
785,Brian Robinson Jr.,RB,Bijan Robinson / Chris Olave / Daniel Carlson / Drake London / Kendre Miller,48100,48000-48900,3-3,0,91.6,118.94,128.31,142.32,0.0035,0,0,FORCED_CAPTAIN
789,Brian Robinson Jr.,RB,Bijan Robinson / Chris Olave / Daniel Carlson / Kyle Pitts Sr. / Michael Penix Jr.,47900,<48000,4-2,1,88.43,115.2,125.28,143.64,0.0035,0,1,FORCED_CAPTAIN
803,Brian Robinson Jr.,RB,Bijan Robinson / Chris Olave / Falcons / Juwan Johnson / Nick Folk,44700,<48000,4-2,0,88.98,115.36,121.5,140.77,0.0035,0,0,FORCED_CAPTAIN
819,Brian Robinson Jr.,RB,Bijan Robinson / Daniel Carlson / Juwan Johnson / Nick Folk / Tyler Shough,44700,<48000,3-3,0,88.34,114.81,123.81,136.81,0.0035,0,0,FORCED_CAPTAIN
838,Brian Robinson Jr.,RB,Chris Olave / Drake London / Falcons / Juwan Johnson / Michael Penix Jr.,46500,<48000,4-2,1,90.64,120.55,130.86,149.28,0.0035,0,2,FORCED_CAPTAIN
962,Bryce Lance,WR,Chris Olave / Devaughn Vele / Drake London / Nick Folk / Tyler Shough,46300,<48000,2-4,1,91.56,122.97,132.88,151.19,0.0035,0,1,FORCED_CAPTAIN
1001,CJ Donaldson,RB,Alvin Kamara / Bijan Robinson / Devaughn Vele / Drake London / Tyler Shough,48300,48000-48900,2-4,1,94.23,121.07,129.34,147.52,0.0035,0,1,EXACT_OR_NEAR_OPTIMAL
1010,CJ Donaldson,RB,Alvin Kamara / Chris Olave / Devaughn Vele / Drake London / Tyler Shough,47300,<48000,1-5,1,93.84,124.65,133.92,152.61,0.0035,0,2,EXACT_OR_NEAR_OPTIMAL
1042,CJ Donaldson,RB,Bijan Robinson / Chris Olave / Drake London / Falcons / Tyler Shough,47900,<48000,3-3,1,100.76,129.19,138.16,157.48,0.0035,0,2,EXACT_OR_NEAR_OPTIMAL
1047,CJ Donaldson,RB,Bijan Robinson / Chris Olave / Drake London / Michael Penix Jr. / Nick Folk,49100,49000-49400,4-2,1,96.54,126.14,136.15,152.87,0.0035,0,2,FORCED_CAPTAIN
1122,Cal Adomitis,TE,Alvin Kamara / Bijan Robinson / Drake London / Juwan Johnson / Tyler Shough,46100,<48000,2-4,1,98.99,128.4,136.47,153.61,0.0035,0,2,FORCED_CAPTAIN
1182,Cal Adomitis,TE,Bijan Robinson / Chris Olave / Michael Penix Jr. / Nick Folk / Tyler Shough,46900,<48000,3-3,1,98.36,128.35,137.39,154.44,0.0035,0,2,FORCED_CAPTAIN
1219,Charlie Woerner,TE,Alvin Kamara / Bijan Robinson / Chris Olave / Devaughn Vele / Drake London,48300,48000-48900,3-3,0,97.49,124.68,133.14,149.77,0.0035,0,0,FORCED_CAPTAIN
1260,Charlie Woerner,TE,Bijan Robinson / Brian Robinson Jr. / Chris Olave / Drake London / Tyler Shough,46900,<48000,4-2,0,99.86,129.65,138.79,158.23,0.0035,0,1,FORCED_CAPTAIN
1273,Charlie Woerner,TE,Bijan Robinson / Chris Olave / Daniel Carlson / Michael Penix Jr. / Tyler Shough,46900,<48000,3-3,1,98.73,128.86,137.38,155.08,0.0035,0,2,FORCED_CAPTAIN
2184,Devaughn Vele,WR,Alvin Kamara / Austin Hooper / Drake London / Juwan Johnson / Michael Penix Jr.,47900,<48000,3-3,1,86.04,115.47,126.78,147.04,0.0035,0,1,EXACT_OR_NEAR_OPTIMAL
2214,Devaughn Vele,WR,Alvin Kamara / Chris Olave / Drake London / Kendre Miller / Nick Folk,49900,49500-49900,2-4,0,88.15,115.65,123.52,139.59,0.0035,0,0,EXACT_OR_NEAR_OPTIMAL
2331,Devaughn Vele,WR,Daniel Carlson / Drake London / Falcons / Juwan Johnson / Michael Penix Jr.,46500,<48000,3-3,0,82.62,110.78,120.21,139.19,0.0035,0,0,EXACT_OR_NEAR_OPTIMAL
2493,Drake London,WR,Alvin Kamara / Devaughn Vele / Jahan Dotson / Michael Penix Jr. / Saints,46000,<48000,3-3,1,81.6,111.15,121.92,142.97,0.0035,0,1,EXACT_OR_NEAR_OPTIMAL
2673,Drake London,WR,Bryce Lance / Devaughn Vele / Falcons / Juwan Johnson / Tyler Shough,45200,<48000,2-4,1,88.2,118.89,129.85,149.15,0.0035,1,1,EXACT_OR_NEAR_OPTIMAL
2748,Drake London,WR,Daniel Carlson / Jahan Dotson / Juwan Johnson / Nick Folk / Tyler Shough,45200,<48000,3-3,0,89.47,119.15,127.85,148.22,0.0035,0,0,EXACT_OR_NEAR_OPTIMAL
2753,Drake London,WR,Devaughn Vele / Falcons / Jahan Dotson / Juwan Johnson / Michael Penix Jr.,45800,<48000,4-2,1,83.02,114.34,125.82,144.31,0.0035,0,1,EXACT_OR_NEAR_OPTIMAL
2796,Falcons,DST,Alvin Kamara / Bijan Robinson / Daniel Carlson / Juwan Johnson / Michael Penix Jr.,45400,<48000,3-3,0,88.37,112.51,120.81,134.71,0.0035,0,0,FORCED_CAPTAIN
2800,Falcons,DST,Alvin Kamara / Bijan Robinson / Drake London / Kendre Miller / Tyler Shough,48800,48000-48900,3-3,1,94.52,118.34,125.39,141.63,0.0035,0,1,FORCED_CAPTAIN
2820,Falcons,DST,Alvin Kamara / Devaughn Vele / Drake London / Michael Penix Jr. / Tyler Shough,48800,48000-48900,3-3,1,91.39,118.78,127.6,144.19,0.0035,0,1,EXACT_OR_NEAR_OPTIMAL
2822,Falcons,DST,Alvin Kamara / Drake London / Juwan Johnson / Saints / Tyler Shough,43600,<48000,2-4,1,87.3,111.21,119.58,134.35,0.0035,0,1,FORCED_CAPTAIN
3090,Jahan Dotson,WR,Bijan Robinson / Chris Olave / Devaughn Vele / Falcons / Michael Penix Jr.,47500,<48000,4-2,1,90.56,117.9,126.63,141.79,0.0035,0,1,FORCED_CAPTAIN
3113,Jahan Dotson,WR,Bijan Robinson / Devaughn Vele / Drake London / Falcons / Michael Penix Jr.,46700,<48000,5-1,1,85.07,113.92,122.56,139.02,0.0035,0,2,FORCED_CAPTAIN
3130,Jahan Dotson,WR,Chris Olave / Drake London / Falcons / Juwan Johnson / Tyler Shough,45900,<48000,3-3,1,96.33,126.21,138.09,159.32,0.0035,0,2,FORCED_CAPTAIN
3142,Jahan Dotson,WR,Daniel Carlson / Drake London / Juwan Johnson / Michael Penix Jr. / Tyler Shough,45300,<48000,3-3,1,89.0,120.17,130.67,151.65,0.0035,0,2,FORCED_CAPTAIN
3231,Juwan Johnson,TE,Alvin Kamara / Daniel Carlson / Kendre Miller / Michael Penix Jr. / Tyler Shough,46500,<48000,1-5,1,87.85,118.12,127.57,145.73,0.0035,0,2,EXACT_OR_NEAR_OPTIMAL
3352,Juwan Johnson,TE,Brian Robinson Jr. / Devaughn Vele / Michael Penix Jr. / Nick Folk / Tyler Shough,46700,<48000,3-3,1,86.09,117.33,128.86,149.38,0.0035,1,1,EXACT_OR_NEAR_OPTIMAL
3419,Kendre Miller,RB,Alvin Kamara / Austin Hooper / Bijan Robinson / Chris Olave / Drake London,49900,49500-49900,3-3,0,95.13,122.04,131.21,146.17,0.0035,0,0,FORCED_CAPTAIN
3429,Kendre Miller,RB,Alvin Kamara / Bijan Robinson / Chris Olave / Daniel Carlson / Juwan Johnson,49300,49000-49400,1-5,0,95.64,120.74,128.86,146.85,0.0035,0,1,EXACT_OR_NEAR_OPTIMAL
3432,Kendre Miller,RB,Alvin Kamara / Bijan Robinson / Chris Olave / Devaughn Vele / Saints,49100,49000-49400,1-5,0,88.8,111.88,118.42,134.31,0.0035,0,1,FORCED_CAPTAIN
3437,Kendre Miller,RB,Alvin Kamara / Bijan Robinson / Chris Olave / Treyton Welch / Tyler Shough,46900,<48000,1-5,1,95.07,122.7,132.42,151.85,0.0035,0,2,EXACT_OR_NEAR_OPTIMAL
3440,Kendre Miller,RB,Alvin Kamara / Bijan Robinson / Daniel Carlson / Juwan Johnson / Tyler Shough,48100,48000-48900,1-5,1,92.19,119.13,128.34,143.45,0.0035,0,2,EXACT_OR_NEAR_OPTIMAL
3443,Kendre Miller,RB,Alvin Kamara / Bijan Robinson / Devaughn Vele / Saints / Tyler Shough,47900,<48000,1-5,1,85.35,109.0,115.81,132.22,0.0035,0,2,EXACT_OR_NEAR_OPTIMAL
3455,Kendre Miller,RB,Alvin Kamara / Brian Robinson Jr. / Chris Olave / Drake London / Tyler Shough,48700,48000-48900,2-4,1,92.46,122.18,131.37,148.69,0.0035,0,1,EXACT_OR_NEAR_OPTIMAL
3464,Kendre Miller,RB,Alvin Kamara / Devaughn Vele / Drake London / Juwan Johnson / Tyler Shough,49300,49000-49400,1-5,1,89.0,119.35,128.61,147.0,0.0035,0,2,EXACT_OR_NEAR_OPTIMAL
3520,Kendre Miller,RB,Bijan Robinson / Chris Olave / Juwan Johnson / Treyton Welch / Tyler Shough,47300,<48000,1-5,1,97.43,127.86,138.51,159.79,0.0035,0,3,EXACT_OR_NEAR_OPTIMAL
3542,Kendre Miller,RB,Brian Robinson Jr. / Chris Olave / Devaughn Vele / Drake London / Tyler Shough,49500,49500-49900,2-4,1,89.84,121.19,130.1,149.68,0.0035,0,1,EXACT_OR_NEAR_OPTIMAL
3603,Kevin Austin Jr.,WR,Alvin Kamara / Chris Olave / Drake London / Juwan Johnson / Tyler Shough,46000,<48000,1-5,1,99.24,131.4,142.62,162.68,0.0035,0,3,EXACT_OR_NEAR_OPTIMAL
3647,Kevin Austin Jr.,WR,Bijan Robinson / Chris Olave / Drake London / Saints / Tyler Shough,47600,<48000,2-4,1,102.13,130.78,140.02,156.6,0.0035,0,2,EXACT_OR_NEAR_OPTIMAL
3681,Kevin Austin Jr.,WR,Chris Olave / Devaughn Vele / Drake London / Juwan Johnson / Tyler Shough,46800,<48000,1-5,1,96.63,130.2,141.99,164.16,0.0035,0,3,EXACT_OR_NEAR_OPTIMAL
3696,Kyle Pitts Sr.,TE,Alvin Kamara / Bijan Robinson / Brian Robinson Jr. / Michael Penix Jr. / Tyler Shough,49900,49500-49900,4-2,1,90.42,117.47,126.64,143.78,0.0035,0,1,FORCED_CAPTAIN
3713,Kyle Pitts Sr.,TE,Alvin Kamara / Bijan Robinson / Drake London / Jahan Dotson / Michael Penix Jr.,49500,49500-49900,5-1,1,87.72,117.38,127.15,142.33,0.0035,0,2,FORCED_CAPTAIN
3721,Kyle Pitts Sr.,TE,Alvin Kamara / Bryce Lance / Chris Olave / Drake London / Tyler Shough,47900,<48000,2-4,1,92.5,122.5,132.52,150.68,0.0035,0,1,FORCED_CAPTAIN
3733,Kyle Pitts Sr.,TE,Alvin Kamara / Daniel Carlson / Drake London / Michael Penix Jr. / Tyler Shough,49100,49000-49400,3-3,1,88.05,118.11,126.14,142.52,0.0035,0,1,FORCED_CAPTAIN
3781,Kyle Pitts Sr.,TE,Bijan Robinson / Drake London / Juwan Johnson / Olamide Zaccheaus / Tyler Shough,49500,49500-49900,4-2,0,94.93,123.86,133.53,153.84,0.0035,0,1,FORCED_CAPTAIN
3787,Kyle Pitts Sr.,TE,Brian Robinson Jr. / Chris Olave / Devaughn Vele / Michael Penix Jr. / Tyler Shough,49700,49500-49900,3-3,1,87.41,118.49,130.01,148.38,0.0035,0,1,FORCED_CAPTAIN
3789,Kyle Pitts Sr.,TE,Brian Robinson Jr. / Drake London / Juwan Johnson / Michael Penix Jr. / Tyler Shough,48500,48000-48900,4-2,1,86.89,118.29,129.21,147.34,0.0035,0,2,FORCED_CAPTAIN
3811,Kyle Pitts Sr.,TE,Devaughn Vele / Drake London / Michael Penix Jr. / Saints / Tyler Shough,49300,49000-49400,3-3,1,83.57,112.51,120.88,139.53,0.0035,0,1,FORCED_CAPTAIN
3815,Michael Penix Jr.,QB,Alvin Kamara / Austin Hooper / Bijan Robinson / Devaughn Vele / Jahan Dotson,45900,<48000,4-2,1,82.34,109.92,118.97,134.9,0.0035,0,1,FORCED_CAPTAIN
3822,Michael Penix Jr.,QB,Alvin Kamara / Austin Hooper / Drake London / Kyle Pitts Sr. / Tyler Shough,48700,48000-48900,4-2,1,88.58,121.34,130.9,149.13,0.0035,0,1,FORCED_CAPTAIN
3867,Michael Penix Jr.,QB,Alvin Kamara / Juwan Johnson / Kyle Pitts Sr. / Saints / Tyler Shough,47500,<48000,2-4,1,87.22,114.94,124.43,142.5,0.0035,0,1,EXACT_OR_NEAR_OPTIMAL
4168,Nick Muse,TE,Bijan Robinson / Chris Olave / Devaughn Vele / Drake London / Juwan Johnson,48100,48000-48900,3-3,0,99.35,128.13,138.33,158.29,0.0035,0,1,EXACT_OR_NEAR_OPTIMAL
4185,Nick Muse,TE,Bijan Robinson / Chris Olave / Drake London / Michael Penix Jr. / Nick Folk,47300,<48000,5-1,1,95.84,125.37,135.62,152.87,0.0035,0,3,EXACT_OR_NEAR_OPTIMAL
4244,Olamide Zaccheaus,WR,Alvin Kamara / Bijan Robinson / Chris Olave / Michael Penix Jr. / Nick Folk,47000,<48000,4-2,1,92.9,119.83,128.05,146.13,0.0035,0,1,FORCED_CAPTAIN
4251,Olamide Zaccheaus,WR,Alvin Kamara / Bijan Robinson / Devaughn Vele / Michael Penix Jr. / Tyler Shough,48200,48000-48900,3-3,1,92.49,121.35,129.43,147.15,0.0035,0,1,FORCED_CAPTAIN
4342,Olamide Zaccheaus,WR,Chris Olave / Devaughn Vele / Drake London / Juwan Johnson / Michael Penix Jr.,48000,48000-48900,3-3,1,92.41,123.92,134.26,158.32,0.0035,0,2,FORCED_CAPTAIN
4382,Oscar Delp,TE,Alvin Kamara / Chris Olave / Drake London / Michael Penix Jr. / Tyler Shough,47000,<48000,2-4,1,97.65,130.5,140.72,160.26,0.0035,0,2,EXACT_OR_NEAR_OPTIMAL
4404,Oscar Delp,TE,Bijan Robinson / Chris Olave / Devaughn Vele / Drake London / Juwan Johnson,48400,48000-48900,2-4,0,99.35,128.13,138.33,158.29,0.0035,0,1,FORCED_CAPTAIN
4423,Oscar Delp,TE,Bijan Robinson / Chris Olave / Drake London / Michael Penix Jr. / Nick Folk,47600,<48000,4-2,1,95.85,125.56,135.62,152.87,0.0035,0,2,FORCED_CAPTAIN
4599,Saints,DST,Devaughn Vele / Drake London / Kyle Pitts Sr. / Michael Penix Jr. / Tyler Shough,48500,48000-48900,3-3,1,84.25,112.5,121.2,140.46,0.0035,0,1,EXACT_OR_NEAR_OPTIMAL
4744,Treyton Welch,TE,Alvin Kamara / Bijan Robinson / Drake London / Juwan Johnson / Michael Penix Jr.,45500,<48000,3-3,1,94.23,123.4,133.01,151.74,0.0035,0,2,FORCED_CAPTAIN
4771,Treyton Welch,TE,Bijan Robinson / Chris Olave / Daniel Carlson / Devaughn Vele / Tyler Shough,45100,<48000,1-5,1,96.14,124.81,134.83,154.38,0.0035,0,2,FORCED_CAPTAIN
4795,Treyton Welch,TE,Bijan Robinson / Chris Olave / Drake London / Michael Penix Jr. / Saints,46100,<48000,3-3,1,96.73,124.92,135.38,151.43,0.0035,0,2,FORCED_CAPTAIN
4805,Treyton Welch,TE,Bijan Robinson / Chris Olave / Juwan Johnson / Saints / Tyler Shough,44100,<48000,1-5,1,99.23,128.62,137.85,158.7,0.0035,0,3,FORCED_CAPTAIN
4808,Treyton Welch,TE,Bijan Robinson / Chris Olave / Michael Penix Jr. / Saints / Tyler Shough,45700,<48000,2-4,1,98.77,126.48,136.95,155.59,0.0035,0,2,FORCED_CAPTAIN
5119,Tyler Shough,QB,Austin Hooper / Daniel Carlson / Devaughn Vele / Juwan Johnson / Michael Penix Jr.,46200,<48000,2-4,1,88.37,120.36,132.07,150.57,0.0035,0,1,EXACT_OR_NEAR_OPTIMAL
5191,Tyler Shough,QB,Brian Robinson Jr. / Bryce Lance / Devaughn Vele / Drake London / Juwan Johnson,45200,<48000,2-4,1,88.5,122.03,131.2,152.96,0.0035,0,1,EXACT_OR_NEAR_OPTIMAL
5426,Zachariah Branch,WR,Alvin Kamara / Bijan Robinson / Chris Olave / Juwan Johnson / Michael Penix Jr.,49600,49500-49900,3-3,1,98.38,126.32,135.93,154.3,0.0035,0,2,FORCED_CAPTAIN
5434,Zachariah Branch,WR,Alvin Kamara / Bijan Robinson / Devaughn Vele / Drake London / Tyler Shough,49800,49500-49900,3-3,1,94.61,122.12,130.22,148.17,0.0035,0,1,FORCED_CAPTAIN
5490,Zachariah Branch,WR,Bijan Robinson / Chris Olave / Drake London / Saints / Tyler Shough,50000,50000,3-3,0,102.07,130.65,139.77,156.6,0.0035,0,2,FORCED_CAPTAIN
19,Alvin Kamara,RB,Austin Hooper / Chris Olave / Drake London / Michael Penix Jr. / Saints,47300,<48000,3-3,1,92.45,120.59,130.99,147.06,0.003,0,1,FORCED_CAPTAIN
158,Alvin Kamara,RB,Daniel Carlson / Drake London / Falcons / Michael Penix Jr. / Tyler Shough,47500,<48000,3-3,0,92.76,120.15,128.37,143.67,0.003,0,0,EXACT_OR_NEAR_OPTIMAL
203,Austin Hooper,TE,Alvin Kamara / Bijan Robinson / Devaughn Vele / Juwan Johnson / Michael Penix Jr.,47200,<48000,3-3,1,88.23,116.13,124.09,143.47,0.003,0,1,FORCED_CAPTAIN
231,Austin Hooper,TE,Bijan Robinson / Brian Robinson Jr. / Drake London / Juwan Johnson / Michael Penix Jr.,46200,<48000,5-1,1,88.56,118.84,129.84,149.19,0.003,0,3,FORCED_CAPTAIN
268,Austin Hooper,TE,Bijan Robinson / Daniel Carlson / Devaughn Vele / Drake London / Michael Penix Jr.,47600,<48000,4-2,1,87.11,116.75,126.25,144.59,0.003,0,1,FORCED_CAPTAIN
275,Austin Hooper,TE,Bijan Robinson / Drake London / Falcons / Juwan Johnson / Tyler Shough,46600,<48000,4-2,0,95.95,123.94,131.81,150.05,0.003,0,1,FORCED_CAPTAIN
281,Austin Hooper,TE,Bijan Robinson / Drake London / Michael Penix Jr. / Olamide Zaccheaus / Tyler Shough,46600,<48000,5-1,1,92.29,123.17,132.26,151.38,0.003,0,3,FORCED_CAPTAIN
285,Austin Hooper,TE,Bijan Robinson / Juwan Johnson / Michael Penix Jr. / Saints / Tyler Shough,46200,<48000,3-3,1,92.24,120.44,130.28,145.68,0.003,0,2,FORCED_CAPTAIN
367,Barion Brown,WR,Bijan Robinson / Chris Olave / Daniel Carlson / Michael Penix Jr. / Tyler Shough,47800,<48000,2-4,1,98.59,128.79,137.07,154.54,0.003,0,2,FORCED_CAPTAIN
380,Barion Brown,WR,Bijan Robinson / Chris Olave / Drake London / Kyle Pitts Sr. / Tyler Shough,49800,49500-49900,3-3,1,99.99,129.97,140.43,157.72,0.003,0,2,FORCED_CAPTAIN
392,Barion Brown,WR,Bijan Robinson / Chris Olave / Michael Penix Jr. / Nick Folk / Tyler Shough,48400,48000-48900,3-3,1,98.24,128.16,137.08,155.28,0.003,0,2,EXACT_OR_NEAR_OPTIMAL
805,Brian Robinson Jr.,RB,Bijan Robinson / Chris Olave / Falcons / Michael Penix Jr. / Nick Folk,46300,<48000,5-1,1,88.52,114.27,122.33,138.17,0.003,0,2,FORCED_CAPTAIN
821,Brian Robinson Jr.,RB,Bijan Robinson / Drake London / Falcons / Juwan Johnson / Michael Penix Jr.,47500,<48000,5-1,1,91.03,120.31,130.2,147.94,0.003,0,3,FORCED_CAPTAIN
834,Brian Robinson Jr.,RB,Chris Olave / Devaughn Vele / Drake London / Kendre Miller / Tyler Shough,48900,48000-48900,2-4,1,90.44,121.96,130.82,150.55,0.003,1,1,EXACT_OR_NEAR_OPTIMAL
864,Bryce Lance,WR,Alvin Kamara / Bijan Robinson / Chris Olave / Falcons / Tyler Shough,45500,<48000,2-4,1,97.6,124.76,133.8,154.53,0.003,0,1,FORCED_CAPTAIN
887,Bryce Lance,WR,Alvin Kamara / Chris Olave / Juwan Johnson / Nick Folk / Tyler Shough,42900,<48000,1-5,1,90.0,120.27,131.07,152.72,0.003,0,2,FORCED_CAPTAIN
903,Bryce Lance,WR,Bijan Robinson / Chris Olave / Daniel Carlson / Drake London / Nick Folk,45500,<48000,3-3,0,92.72,119.36,126.86,146.05,0.003,0,0,FORCED_CAPTAIN
970,Bryce Lance,WR,Chris Olave / Drake London / Kyle Pitts Sr. / Michael Penix Jr. / Tyler Shough,47900,<48000,3-3,1,93.17,126.46,138.26,158.9,0.003,0,2,FORCED_CAPTAIN
1045,CJ Donaldson,RB,Bijan Robinson / Chris Olave / Drake London / Kendre Miller / Tyler Shough,49300,49000-49400,2-4,1,98.85,128.9,138.55,156.93,0.003,0,2,FORCED_CAPTAIN
1057,CJ Donaldson,RB,Bijan Robinson / Chris Olave / Juwan Johnson / Nick Folk / Tyler Shough,47100,<48000,2-4,1,99.04,129.67,139.35,158.54,0.003,0,2,EXACT_OR_NEAR_OPTIMAL
1162,Cal Adomitis,TE,Bijan Robinson / Chris Olave / Drake London / Falcons / Tyler Shough,46100,<48000,3-3,1,100.55,129.24,137.88,156.01,0.003,0,2,FORCED_CAPTAIN
1293,Charlie Woerner,TE,Bijan Robinson / Chris Olave / Juwan Johnson / Nick Folk / Tyler Shough,45900,<48000,3-3,1,98.85,129.68,138.84,159.73,0.003,0,2,FORCED_CAPTAIN
1295,Charlie Woerner,TE,Bijan Robinson / Chris Olave / Kyle Pitts Sr. / Michael Penix Jr. / Tyler Shough,47900,<48000,4-2,1,95.49,126.21,134.96,154.9,0.003,0,2,FORCED_CAPTAIN
1366,Chris Blair,WR,Alvin Kamara / Chris Olave / Drake London / Michael Penix Jr. / Tyler Shough,47900,<48000,3-3,1,97.8,130.95,140.77,160.06,0.003,0,2,FORCED_CAPTAIN
1418,Chris Blair,WR,Bijan Robinson / Chris Olave / Kyle Pitts Sr. / Michael Penix Jr. / Tyler Shough,48500,48000-48900,4-2,1,95.14,125.93,135.08,154.73,0.003,0,2,FORCED_CAPTAIN
2082,Daniel Carlson,K,Alvin Kamara / Chris Olave / Falcons / Juwan Johnson / Tyler Shough,45600,<48000,1-5,1,96.07,121.89,131.61,153.07,0.003,0,2,EXACT_OR_NEAR_OPTIMAL
2342,Devaughn Vele,WR,Drake London / Michael Penix Jr. / Nick Folk / Treyton Welch / Tyler Shough,45900,<48000,3-3,1,84.51,115.1,123.98,147.81,0.003,0,1,EXACT_OR_NEAR_OPTIMAL
2345,Drake London,WR,Alvin Kamara / Austin Hooper / Brian Robinson Jr. / Juwan Johnson / Michael Penix Jr.,45000,<48000,4-2,1,84.41,116.16,127.4,146.94,0.003,0,1,EXACT_OR_NEAR_OPTIMAL
2351,Drake London,WR,Alvin Kamara / Austin Hooper / Daniel Carlson / Devaughn Vele / Michael Penix Jr.,46400,<48000,3-3,1,82.96,113.61,124.04,145.79,0.003,1,1,EXACT_OR_NEAR_OPTIMAL
2358,Drake London,WR,Alvin Kamara / Austin Hooper / Juwan Johnson / Kyle Pitts Sr. / Michael Penix Jr.,47000,<48000,4-2,1,84.68,116.91,128.06,148.02,0.003,0,1,EXACT_OR_NEAR_OPTIMAL
2392,Drake London,WR,Alvin Kamara / Brian Robinson Jr. / Bryce Lance / Juwan Johnson / Michael Penix Jr.,44000,<48000,3-3,1,83.41,115.01,124.77,146.57,0.003,0,1,EXACT_OR_NEAR_OPTIMAL
2393,Drake London,WR,Alvin Kamara / Brian Robinson Jr. / Chris Olave / Daniel Carlson / Falcons,45000,<48000,3-3,0,88.77,116.48,125.59,141.88,0.003,0,0,EXACT_OR_NEAR_OPTIMAL
2401,Drake London,WR,Alvin Kamara / Brian Robinson Jr. / Daniel Carlson / Michael Penix Jr. / Nick Folk,45000,<48000,4-2,1,81.09,111.39,120.36,140.15,0.003,0,1,EXACT_OR_NEAR_OPTIMAL
2470,Drake London,WR,Alvin Kamara / Daniel Carlson / Falcons / Michael Penix Jr. / Saints,43600,<48000,3-3,0,80.28,108.3,117.21,136.32,0.003,0,0,EXACT_OR_NEAR_OPTIMAL
2496,Drake London,WR,Alvin Kamara / Devaughn Vele / Juwan Johnson / Nick Folk / Saints,46800,<48000,2-4,0,85.9,113.82,121.53,139.7,0.003,0,0,EXACT_OR_NEAR_OPTIMAL
2559,Drake London,WR,Austin Hooper / Daniel Carlson / Juwan Johnson / Michael Penix Jr. / Saints,43200,<48000,3-3,1,80.75,111.61,121.29,143.49,0.003,0,1,EXACT_OR_NEAR_OPTIMAL
2672,Drake London,WR,Bryce Lance / Devaughn Vele / Falcons / Juwan Johnson / Michael Penix Jr.,44600,<48000,3-3,0,81.51,112.24,123.28,144.13,0.003,0,0,EXACT_OR_NEAR_OPTIMAL
2903,Falcons,DST,Devaughn Vele / Drake London / Juwan Johnson / Nick Folk / Tyler Shough,45600,<48000,3-3,1,86.21,112.7,121.26,138.28,0.003,0,1,EXACT_OR_NEAR_OPTIMAL
3110,Jahan Dotson,WR,Bijan Robinson / Daniel Carlson / Drake London / Michael Penix Jr. / Nick Folk,45500,<48000,5-1,1,84.84,112.09,123.03,139.48,0.003,0,2,FORCED_CAPTAIN
3116,Jahan Dotson,WR,Bijan Robinson / Drake London / Juwan Johnson / Saints / Tyler Shough,47500,<48000,3-3,0,97.66,125.31,133.92,153.08,0.003,0,1,FORCED_CAPTAIN
3132,Jahan Dotson,WR,Chris Olave / Drake London / Juwan Johnson / Kyle Pitts Sr. / Tyler Shough,48100,48000-48900,3-3,1,95.89,127.53,140.78,159.74,0.003,0,2,FORCED_CAPTAIN
3155,Juwan Johnson,TE,Alvin Kamara / Austin Hooper / Drake London / Jahan Dotson / Michael Penix Jr.,42900,<48000,4-2,1,81.66,111.63,121.45,141.51,0.003,0,1,EXACT_OR_NEAR_OPTIMAL
3223,Juwan Johnson,TE,Alvin Kamara / Daniel Carlson / Drake London / Kendre Miller / Michael Penix Jr.,46900,<48000,2-4,0,85.81,114.76,126.05,145.7,0.003,0,0,EXACT_OR_NEAR_OPTIMAL
3234,Juwan Johnson,TE,Alvin Kamara / Daniel Carlson / Nick Folk / Saints / Tyler Shough,42100,<48000,1-5,1,83.16,111.08,119.38,136.54,0.003,0,2,EXACT_OR_NEAR_OPTIMAL
3239,Juwan Johnson,TE,Alvin Kamara / Devaughn Vele / Drake London / Nick Folk / Saints,45500,<48000,2-4,0,83.81,109.85,119.6,134.44,0.003,0,0,EXACT_OR_NEAR_OPTIMAL
3348,Juwan Johnson,TE,Brian Robinson Jr. / Devaughn Vele / Drake London / Michael Penix Jr. / Nick Folk,47100,<48000,4-2,1,84.05,113.18,124.8,146.98,0.003,0,1,EXACT_OR_NEAR_OPTIMAL
3389,Juwan Johnson,TE,Daniel Carlson / Devaughn Vele / Drake London / Jahan Dotson / Michael Penix Jr.,45700,<48000,3-3,1,83.73,114.1,125.78,144.7,0.003,0,1,EXACT_OR_NEAR_OPTIMAL
3390,Juwan Johnson,TE,Daniel Carlson / Devaughn Vele / Drake London / Kyle Pitts Sr. / Michael Penix Jr.,48500,48000-48900,3-3,1,84.67,115.73,126.89,145.73,0.003,0,1,EXACT_OR_NEAR_OPTIMAL
3396,Juwan Johnson,TE,Daniel Carlson / Devaughn Vele / Falcons / Michael Penix Jr. / Tyler Shough,45900,<48000,2-4,1,87.15,115.66,128.16,145.7,0.003,0,1,EXACT_OR_NEAR_OPTIMAL
3423,Kendre Miller,RB,Alvin Kamara / Bijan Robinson / Brian Robinson Jr. / Chris Olave / Michael Penix Jr.,49900,49500-49900,3-3,1,91.66,118.23,126.44,143.95,0.003,0,1,EXACT_OR_NEAR_OPTIMAL
3428,Kendre Miller,RB,Alvin Kamara / Bijan Robinson / Bryce Lance / Drake London / Tyler Shough,47700,<48000,2-4,1,90.69,117.39,125.63,143.84,0.003,0,1,EXACT_OR_NEAR_OPTIMAL
3433,Kendre Miller,RB,Alvin Kamara / Bijan Robinson / Chris Olave / Falcons / Michael Penix Jr.,49700,49500-49900,3-3,0,92.37,117.26,125.27,142.98,0.003,0,0,EXACT_OR_NEAR_OPTIMAL
3439,Kendre Miller,RB,Alvin Kamara / Bijan Robinson / Daniel Carlson / Drake London / Juwan Johnson,48500,48000-48900,2-4,0,90.15,115.58,123.91,139.18,0.003,0,0,EXACT_OR_NEAR_OPTIMAL
3481,Kendre Miller,RB,Bijan Robinson / Brian Robinson Jr. / Juwan Johnson / Michael Penix Jr. / Tyler Shough,49100,49000-49400,3-3,1,90.56,119.84,130.83,147.93,0.003,0,2,EXACT_OR_NEAR_OPTIMAL
3534,Kendre Miller,RB,Bijan Robinson / Drake London / Falcons / Juwan Johnson / Tyler Shough,49900,49500-49900,3-3,1,95.92,122.49,132.53,150.35,0.003,0,2,EXACT_OR_NEAR_OPTIMAL
3539,Kendre Miller,RB,Bijan Robinson / Juwan Johnson / Michael Penix Jr. / Saints / Tyler Shough,49500,49500-49900,2-4,1,92.21,119.05,129.17,144.53,0.003,0,2,FORCED_CAPTAIN
3564,Kendre Miller,RB,Daniel Carlson / Drake London / Juwan Johnson / Michael Penix Jr. / Tyler Shough,48300,48000-48900,2-4,1,88.2,118.01,128.45,149.52,0.003,0,2,EXACT_OR_NEAR_OPTIMAL
3628,Kevin Austin Jr.,WR,Bijan Robinson / Chris Olave / Daniel Carlson / Juwan Johnson / Tyler Shough,45600,<48000,1-5,1,99.82,129.77,140.85,158.6,0.003,0,3,EXACT_OR_NEAR_OPTIMAL
3692,Kyle Pitts Sr.,TE,Alvin Kamara / Austin Hooper / Bijan Robinson / Drake London / Tyler Shough,49900,49500-49900,4-2,0,93.89,120.9,128.96,145.22,0.003,0,0,FORCED_CAPTAIN
3699,Kyle Pitts Sr.,TE,Alvin Kamara / Bijan Robinson / Bryce Lance / Drake London / Tyler Shough,48900,48000-48900,3-3,1,92.9,119.73,127.5,143.79,0.003,0,1,FORCED_CAPTAIN
3712,Kyle Pitts Sr.,TE,Alvin Kamara / Bijan Robinson / Devaughn Vele / Saints / Tyler Shough,49100,49000-49400,2-4,1,87.56,110.67,118.86,137.59,0.003,0,1,FORCED_CAPTAIN
3745,Kyle Pitts Sr.,TE,Bijan Robinson / Brian Robinson Jr. / Chris Olave / Daniel Carlson / Michael Penix Jr.,48900,48000-48900,4-2,1,88.57,115.52,125.1,145.57,0.003,0,1,FORCED_CAPTAIN
3746,Kyle Pitts Sr.,TE,Bijan Robinson / Brian Robinson Jr. / Chris Olave / Daniel Carlson / Tyler Shough,49500,49500-49900,3-3,0,95.25,122.9,132.62,149.73,0.003,0,0,FORCED_CAPTAIN
3748,Kyle Pitts Sr.,TE,Bijan Robinson / Brian Robinson Jr. / Chris Olave / Michael Penix Jr. / Nick Folk,49500,49500-49900,5-1,1,88.22,115.67,123.56,141.61,0.003,0,2,FORCED_CAPTAIN
3751,Kyle Pitts Sr.,TE,Bijan Robinson / CJ Donaldson / Chris Olave / Juwan Johnson / Michael Penix Jr.,49100,49000-49400,3-3,1,91.81,120.86,130.77,148.63,0.003,0,2,FORCED_CAPTAIN
3756,Kyle Pitts Sr.,TE,Bijan Robinson / Chris Olave / Daniel Carlson / Falcons / Michael Penix Jr.,48700,48000-48900,4-2,1,89.28,115.19,123.62,140.31,0.003,0,1,FORCED_CAPTAIN
3757,Kyle Pitts Sr.,TE,Bijan Robinson / Chris Olave / Daniel Carlson / Jahan Dotson / Tyler Shough,48700,48000-48900,3-3,0,94.59,122.48,131.57,149.08,0.003,0,0,FORCED_CAPTAIN
3759,Kyle Pitts Sr.,TE,Bijan Robinson / Chris Olave / Daniel Carlson / Juwan Johnson / Nick Folk,48900,48000-48900,3-3,0,92.21,119.03,126.79,146.04,0.003,0,0,FORCED_CAPTAIN
3762,Kyle Pitts Sr.,TE,Bijan Robinson / Chris Olave / Devaughn Vele / Michael Penix Jr. / Treyton Welch,48300,48000-48900,3-3,1,87.98,115.54,125.65,142.78,0.003,0,1,FORCED_CAPTAIN
3778,Kyle Pitts Sr.,TE,Bijan Robinson / Daniel Carlson / Juwan Johnson / Nick Folk / Tyler Shough,47700,<48000,3-3,0,88.75,116.13,123.21,139.91,0.003,0,0,FORCED_CAPTAIN
3804,Kyle Pitts Sr.,TE,Chris Olave / Drake London / Juwan Johnson / Olamide Zaccheaus / Tyler Shough,48500,48000-48900,3-3,1,94.54,127.2,138.51,159.18,0.003,0,2,FORCED_CAPTAIN
3972,Michael Penix Jr.,QB,Devaughn Vele / Drake London / Falcons / Jahan Dotson / Tyler Shough,47500,<48000,4-2,1,86.91,117.73,127.54,148.08,0.003,0,1,EXACT_OR_NEAR_OPTIMAL
4116,Nick Muse,TE,Alvin Kamara / Bijan Robinson / Chris Olave / Devaughn Vele / Tyler Shough,47300,<48000,2-4,1,99.03,129.18,138.1,160.62,0.003,0,1,EXACT_OR_NEAR_OPTIMAL
4144,Nick Muse,TE,Alvin Kamara / Chris Olave / Drake London / Michael Penix Jr. / Tyler Shough,46700,<48000,3-3,1,97.65,130.5,140.75,160.06,0.003,0,2,EXACT_OR_NEAR_OPTIMAL
4184,Nick Muse,TE,Bijan Robinson / Chris Olave / Drake London / Kyle Pitts Sr. / Tyler Shough,48300,48000-48900,4-2,0,99.63,129.78,140.26,157.4,0.003,0,1,EXACT_OR_NEAR_OPTIMAL
4235,Olamide Zaccheaus,WR,Alvin Kamara / Bijan Robinson / Chris Olave / Daniel Carlson / Michael Penix Jr.,46400,<48000,3-3,1,93.25,119.87,129.15,145.75,0.003,0,1,FORCED_CAPTAIN
4246,Olamide Zaccheaus,WR,Alvin Kamara / Bijan Robinson / Chris Olave / Saints / Tyler Shough,46400,<48000,2-4,1,98.06,124.68,133.71,154.94,0.003,0,1,FORCED_CAPTAIN
4247,Olamide Zaccheaus,WR,Alvin Kamara / Bijan Robinson / Daniel Carlson / Drake London / Michael Penix Jr.,45600,<48000,4-2,1,87.76,116.4,125.66,142.73,0.003,0,1,FORCED_CAPTAIN
4248,Olamide Zaccheaus,WR,Alvin Kamara / Bijan Robinson / Daniel Carlson / Drake London / Tyler Shough,46200,<48000,3-3,0,94.44,120.39,129.32,142.36,0.003,0,0,FORCED_CAPTAIN
4260,Olamide Zaccheaus,WR,Alvin Kamara / Chris Olave / Devaughn Vele / Michael Penix Jr. / Tyler Shough,47200,<48000,2-4,1,92.09,122.99,133.63,153.78,0.003,0,1,FORCED_CAPTAIN
4268,Olamide Zaccheaus,WR,Alvin Kamara / Drake London / Juwan Johnson / Michael Penix Jr. / Tyler Shough,46000,<48000,3-3,1,91.57,123.94,133.96,154.46,0.003,0,2,FORCED_CAPTAIN
4356,Oscar Delp,TE,Alvin Kamara / Bijan Robinson / Chris Olave / Devaughn Vele / Tyler Shough,47600,<48000,1-5,1,99.03,129.18,138.03,160.62,0.003,0,2,FORCED_CAPTAIN
4422,Oscar Delp,TE,Bijan Robinson / Chris Olave / Drake London / Kyle Pitts Sr. / Tyler Shough,48600,48000-48900,3-3,1,99.64,129.78,140.26,157.4,0.003,0,2,FORCED_CAPTAIN
4580,Saints,DST,Chris Olave / Daniel Carlson / Drake London / Michael Penix Jr. / Nick Folk,46300,<48000,3-3,0,87.91,113.41,120.77,138.38,0.003,0,0,FORCED_CAPTAIN
4726,Treyton Welch,TE,Alvin Kamara / Bijan Robinson / Chris Olave / Daniel Carlson / Tyler Shough,44300,<48000,1-5,1,98.75,125.77,135.18,153.9,0.003,0,2,FORCED_CAPTAIN
4749,Treyton Welch,TE,Alvin Kamara / Bijan Robinson / Juwan Johnson / Michael Penix Jr. / Tyler Shough,45100,<48000,2-4,1,96.27,126.4,135.74,151.68,0.003,0,2,FORCED_CAPTAIN
4798,Treyton Welch,TE,Bijan Robinson / Chris Olave / Falcons / Juwan Johnson / Tyler Shough,43500,<48000,2-4,1,98.3,127.32,138.11,157.57,0.003,0,2,FORCED_CAPTAIN
5075,Tyler Shough,QB,Alvin Kamara / Daniel Carlson / Juwan Johnson / Nick Folk / Saints,43200,<48000,1-5,1,86.27,113.55,121.44,137.2,0.003,0,2,EXACT_OR_NEAR_OPTIMAL
5088,Tyler Shough,QB,Alvin Kamara / Devaughn Vele / Kendre Miller / Michael Penix Jr. / Saints,47400,<48000,1-5,1,84.12,110.98,119.46,135.86,0.003,0,2,EXACT_OR_NEAR_OPTIMAL
5089,Tyler Shough,QB,Alvin Kamara / Drake London / Falcons / Kendre Miller / Michael Penix Jr.,49000,49000-49400,3-3,1,92.33,121.75,129.09,149.4,0.003,0,1,EXACT_OR_NEAR_OPTIMAL
5100,Tyler Shough,QB,Alvin Kamara / Falcons / Juwan Johnson / Michael Penix Jr. / Saints,45600,<48000,2-4,1,91.0,117.67,126.74,146.09,0.003,0,1,EXACT_OR_NEAR_OPTIMAL
5129,Tyler Shough,QB,Barion Brown / Bijan Robinson / Devaughn Vele / Michael Penix Jr. / Saints,48400,48000-48900,2-4,1,93.1,120.52,129.58,147.65,0.003,1,1,EXACT_OR_NEAR_OPTIMAL
5288,Tyler Shough,QB,Devaughn Vele / Juwan Johnson / Kendre Miller / Kyle Pitts Sr. / Michael Penix Jr.,49400,49000-49400,2-4,1,85.1,117.24,127.48,150.78,0.003,0,1,EXACT_OR_NEAR_OPTIMAL
5440,Zachariah Branch,WR,Alvin Kamara / Bijan Robinson / Juwan Johnson / Michael Penix Jr. / Tyler Shough,48400,48000-48900,3-3,1,94.93,124.84,134.75,150.62,0.003,0,2,FORCED_CAPTAIN
5444,Zachariah Branch,WR,Alvin Kamara / Chris Olave / Devaughn Vele / Drake London / Tyler Shough,48800,48000-48900,2-4,1,94.21,125.14,134.72,152.61,0.003,0,1,FORCED_CAPTAIN
5486,Zachariah Branch,WR,Bijan Robinson / Chris Olave / Drake London / Jahan Dotson / Tyler Shough,48800,48000-48900,4-2,0,99.76,129.09,140.45,157.04,0.003,0,1,FORCED_CAPTAIN
5510,Zachariah Branch,WR,Bijan Robinson / Devaughn Vele / Drake London / Juwan Johnson / Michael Penix Jr.,49600,49500-49900,4-2,1,90.28,119.44,131.78,148.79,0.003,0,2,FORCED_CAPTAIN
5517,Zachariah Branch,WR,Bijan Robinson / Drake London / Michael Penix Jr. / Nick Folk / Tyler Shough,49400,49000-49400,5-1,1,93.46,123.21,132.01,147.53,0.003,0,3,FORCED_CAPTAIN
5521,Zachariah Branch,WR,Chris Olave / Devaughn Vele / Drake London / Juwan Johnson / Tyler Shough,49200,49000-49400,2-4,1,96.57,130.86,141.4,161.68,0.003,0,2,FORCED_CAPTAIN
14,Alvin Kamara,RB,Austin Hooper / Brian Robinson Jr. / Drake London / Michael Penix Jr. / Tyler Shough,45700,<48000,4-2,1,87.36,117.54,126.09,144.6,0.0025,0,1,EXACT_OR_NEAR_OPTIMAL
142,Alvin Kamara,RB,Chris Olave / Falcons / Kendre Miller / Michael Penix Jr. / Tyler Shough,48500,48000-48900,2-4,1,93.53,120.69,129.39,149.0,0.0025,0,1,EXACT_OR_NEAR_OPTIMAL
171,Alvin Kamara,RB,Devaughn Vele / Drake London / Juwan Johnson / Kendre Miller / Michael Penix Jr.,49700,49500-49900,2-4,0,87.32,116.92,127.07,142.03,0.0025,0,0,EXACT_OR_NEAR_OPTIMAL
328,Barion Brown,WR,Alvin Kamara / Bijan Robinson / Drake London / Juwan Johnson / Michael Penix Jr.,47000,<48000,3-3,1,92.19,121.28,130.05,147.35,0.0025,0,2,EXACT_OR_NEAR_OPTIMAL
329,Barion Brown,WR,Alvin Kamara / Bijan Robinson / Drake London / Juwan Johnson / Tyler Shough,47600,<48000,2-4,1,98.87,128.39,136.88,153.1,0.0025,0,2,EXACT_OR_NEAR_OPTIMAL
384,Barion Brown,WR,Bijan Robinson / Chris Olave / Drake London / Saints / Tyler Shough,48200,48000-48900,2-4,1,101.36,129.69,138.3,155.86,0.0025,0,2,FORCED_CAPTAIN
775,Brian Robinson Jr.,RB,Austin Hooper / Bijan Robinson / Drake London / Juwan Johnson / Michael Penix Jr.,46700,<48000,5-1,1,89.14,118.96,130.03,150.19,0.0025,0,3,FORCED_CAPTAIN
820,Brian Robinson Jr.,RB,Bijan Robinson / Daniel Carlson / Juwan Johnson / Saints / Tyler Shough,43500,<48000,2-4,0,86.81,111.33,119.01,134.5,0.0025,0,0,FORCED_CAPTAIN
831,Brian Robinson Jr.,RB,Chris Olave / Daniel Carlson / Drake London / Michael Penix Jr. / Nick Folk,45700,<48000,4-2,1,85.44,114.41,123.01,143.12,0.0025,0,1,FORCED_CAPTAIN
936,Bryce Lance,WR,Bijan Robinson / Chris Olave / Michael Penix Jr. / Olamide Zaccheaus / Tyler Shough,45900,<48000,3-3,1,96.29,126.95,138.49,157.6,0.0025,0,2,FORCED_CAPTAIN
1012,CJ Donaldson,RB,Alvin Kamara / Chris Olave / Drake London / Juwan Johnson / Tyler Shough,46900,<48000,1-5,1,98.81,130.77,141.96,161.9,0.0025,0,3,EXACT_OR_NEAR_OPTIMAL
1018,CJ Donaldson,RB,Bijan Robinson / Brian Robinson Jr. / Chris Olave / Drake London / Michael Penix Jr.,47500,<48000,4-2,1,93.37,123.1,134.83,150.76,0.0025,0,2,EXACT_OR_NEAR_OPTIMAL
1019,CJ Donaldson,RB,Bijan Robinson / Brian Robinson Jr. / Chris Olave / Drake London / Tyler Shough,48100,48000-48900,3-3,1,100.05,129.49,139.09,159.21,0.0025,0,2,FORCED_CAPTAIN
1059,CJ Donaldson,RB,Bijan Robinson / Chris Olave / Kyle Pitts Sr. / Michael Penix Jr. / Tyler Shough,49100,49000-49400,3-3,1,95.68,126.16,135.75,155.16,0.0025,0,2,FORCED_CAPTAIN
1060,CJ Donaldson,RB,Bijan Robinson / Chris Olave / Michael Penix Jr. / Nick Folk / Tyler Shough,48700,48000-48900,3-3,1,98.58,128.33,137.15,154.97,0.0025,0,2,EXACT_OR_NEAR_OPTIMAL
1076,CJ Donaldson,RB,Bijan Robinson / Drake London / Kyle Pitts Sr. / Michael Penix Jr. / Tyler Shough,48300,48000-48900,4-2,1,90.19,119.98,129.51,146.29,0.0025,0,2,FORCED_CAPTAIN
1180,Cal Adomitis,TE,Bijan Robinson / Chris Olave / Kyle Pitts Sr. / Michael Penix Jr. / Tyler Shough,47300,<48000,3-3,1,95.47,125.95,135.75,154.9,0.0025,0,2,FORCED_CAPTAIN
1236,Charlie Woerner,TE,Alvin Kamara / Bijan Robinson / Drake London / Juwan Johnson / Tyler Shough,46700,<48000,3-3,1,99.01,128.27,136.77,153.11,0.0025,0,2,FORCED_CAPTAIN
1363,Chris Blair,WR,Alvin Kamara / Chris Olave / Devaughn Vele / Drake London / Tyler Shough,46700,<48000,2-4,1,93.3,124.48,133.14,151.49,0.0025,0,1,FORCED_CAPTAIN
1411,Chris Blair,WR,Bijan Robinson / Chris Olave / Drake London / Saints / Tyler Shough,47900,<48000,3-3,0,101.15,129.43,138.24,156.02,0.0025,0,1,FORCED_CAPTAIN
2062,Daniel Carlson,K,Alvin Kamara / Bijan Robinson / Devaughn Vele / Kendre Miller / Tyler Shough,48400,48000-48900,1-5,1,89.58,114.33,121.34,138.77,0.0025,1,2,EXACT_OR_NEAR_OPTIMAL
2252,Devaughn Vele,WR,Austin Hooper / Drake London / Jahan Dotson / Michael Penix Jr. / Tyler Shough,46100,<48000,4-2,1,82.77,115.24,124.19,147.73,0.0025,1,1,EXACT_OR_NEAR_OPTIMAL
2301,Devaughn Vele,WR,Brian Robinson Jr. / Drake London / Falcons / Michael Penix Jr. / Tyler Shough,47700,<48000,4-2,1,85.32,114.44,124.19,144.12,0.0025,0,1,FORCED_CAPTAIN
2314,Devaughn Vele,WR,Chris Olave / Daniel Carlson / Kyle Pitts Sr. / Saints / Tyler Shough,46900,<48000,1-5,1,84.83,113.01,122.33,141.65,0.0025,0,2,EXACT_OR_NEAR_OPTIMAL
2514,Drake London,WR,Alvin Kamara / Falcons / Kyle Pitts Sr. / Michael Penix Jr. / Saints,44600,<48000,4-2,1,77.04,104.09,114.34,132.6,0.0025,0,1,EXACT_OR_NEAR_OPTIMAL
2754,Drake London,WR,Devaughn Vele / Falcons / Juwan Johnson / Kendre Miller / Michael Penix Jr.,47800,<48000,3-3,0,82.48,113.84,124.73,145.5,0.0025,0,0,EXACT_OR_NEAR_OPTIMAL
2770,Drake London,WR,Falcons / Juwan Johnson / Michael Penix Jr. / Nick Folk / Saints,44600,<48000,4-2,0,82.29,110.48,120.96,138.79,0.0025,0,0,EXACT_OR_NEAR_OPTIMAL
2848,Falcons,DST,Bijan Robinson / Chris Olave / Daniel Carlson / Kyle Pitts Sr. / Michael Penix Jr.,47600,<48000,4-2,1,89.5,114.45,123.4,136.72,0.0025,0,1,FORCED_CAPTAIN
2873,Falcons,DST,Bijan Robinson / Daniel Carlson / Devaughn Vele / Juwan Johnson / Michael Penix Jr.,46200,<48000,3-3,0,85.76,110.92,119.29,134.51,0.0025,0,0,FORCED_CAPTAIN
2877,Falcons,DST,Bijan Robinson / Devaughn Vele / Drake London / Jahan Dotson / Michael Penix Jr.,47000,<48000,5-1,1,85.76,114.07,124.43,138.55,0.0025,0,2,FORCED_CAPTAIN
2904,Falcons,DST,Drake London / Juwan Johnson / Michael Penix Jr. / Saints / Tyler Shough,45600,<48000,3-3,0,89.19,115.93,125.45,141.07,0.0025,0,1,FORCED_CAPTAIN
3059,Jahan Dotson,WR,Alvin Kamara / Chris Olave / Drake London / Falcons / Michael Penix Jr.,44900,<48000,4-2,1,87.29,116.43,124.68,140.38,0.0025,0,1,FORCED_CAPTAIN
3119,Jahan Dotson,WR,Bijan Robinson / Juwan Johnson / Michael Penix Jr. / Saints / Tyler Shough,46500,<48000,3-3,1,93.01,120.8,129.87,147.43,0.0025,0,2,FORCED_CAPTAIN
3219,Juwan Johnson,TE,Alvin Kamara / Daniel Carlson / Devaughn Vele / Drake London / Nick Folk,46100,<48000,2-4,0,85.68,113.45,122.17,137.74,0.0025,0,0,EXACT_OR_NEAR_OPTIMAL
3222,Juwan Johnson,TE,Alvin Kamara / Daniel Carlson / Drake London / Falcons / Saints,40700,<48000,2-4,0,78.66,102.82,110.28,125.13,0.0025,0,0,EXACT_OR_NEAR_OPTIMAL
3232,Juwan Johnson,TE,Alvin Kamara / Daniel Carlson / Kyle Pitts Sr. / Nick Folk / Tyler Shough,43700,<48000,2-4,1,81.79,110.4,120.11,136.88,0.0025,0,1,EXACT_OR_NEAR_OPTIMAL
3241,Juwan Johnson,TE,Alvin Kamara / Devaughn Vele / Falcons / Nick Folk / Tyler Shough,44500,<48000,2-4,1,84.91,112.82,121.93,143.94,0.0025,0,1,EXACT_OR_NEAR_OPTIMAL
3244,Juwan Johnson,TE,Alvin Kamara / Drake London / Falcons / Michael Penix Jr. / Saints,44900,<48000,3-3,0,85.85,112.6,121.65,138.1,0.0025,0,0,EXACT_OR_NEAR_OPTIMAL
3403,Juwan Johnson,TE,Daniel Carlson / Drake London / Kendre Miller / Nick Folk / Tyler Shough,45900,<48000,2-4,1,86.85,116.72,126.29,146.37,0.0025,0,1,EXACT_OR_NEAR_OPTIMAL
3407,Juwan Johnson,TE,Devaughn Vele / Drake London / Jahan Dotson / Michael Penix Jr. / Nick Folk,46300,<48000,4-2,1,83.39,113.27,124.15,143.81,0.0025,0,1,EXACT_OR_NEAR_OPTIMAL
3435,Kendre Miller,RB,Alvin Kamara / Bijan Robinson / Chris Olave / Juwan Johnson / Nick Folk,49900,49500-49900,2-4,0,95.3,120.81,128.87,148.11,0.0025,0,0,EXACT_OR_NEAR_OPTIMAL
3436,Kendre Miller,RB,Alvin Kamara / Bijan Robinson / Chris Olave / Juwan Johnson / Saints,48700,48000-48900,1-5,0,93.77,118.08,124.7,145.58,0.0025,0,1,EXACT_OR_NEAR_OPTIMAL
3445,Kendre Miller,RB,Alvin Kamara / Bijan Robinson / Drake London / Falcons / Tyler Shough,49500,49500-49900,3-3,1,93.56,118.11,126.12,144.84,0.0025,0,1,EXACT_OR_NEAR_OPTIMAL
3446,Kendre Miller,RB,Alvin Kamara / Bijan Robinson / Drake London / Jahan Dotson / Michael Penix Jr.,48300,48000-48900,4-2,1,85.51,114.25,123.73,137.92,0.0025,0,1,EXACT_OR_NEAR_OPTIMAL
3475,Kendre Miller,RB,Bijan Robinson / Brian Robinson Jr. / Chris Olave / Drake London / Nick Folk,49300,49000-49400,4-2,0,90.65,116.93,126.31,140.05,0.0025,0,0,EXACT_OR_NEAR_OPTIMAL
3482,Kendre Miller,RB,Bijan Robinson / Bryce Lance / Chris Olave / Devaughn Vele / Tyler Shough,49300,49000-49400,1-5,1,93.56,123.87,132.66,155.4,0.0025,0,2,EXACT_OR_NEAR_OPTIMAL
3488,Kendre Miller,RB,Bijan Robinson / Bryce Lance / Drake London / Juwan Johnson / Tyler Shough,48100,48000-48900,2-4,1,93.04,121.84,131.19,151.14,0.0025,0,2,EXACT_OR_NEAR_OPTIMAL
3492,Kendre Miller,RB,Bijan Robinson / Charlie Woerner / Chris Olave / Drake London / Michael Penix Jr.,49700,49500-49900,4-2,1,93.65,123.98,135.63,152.6,0.0025,0,2,EXACT_OR_NEAR_OPTIMAL
3505,Kendre Miller,RB,Bijan Robinson / Chris Olave / Devaughn Vele / Tyler Shough / Zachariah Branch,49900,49500-49900,2-4,1,91.56,121.4,130.26,150.16,0.0025,0,1,EXACT_OR_NEAR_OPTIMAL
3514,Kendre Miller,RB,Bijan Robinson / Chris Olave / Drake London / Nick Folk / Saints,49700,49500-49900,3-3,0,92.3,116.58,125.44,138.59,0.0025,0,0,FORCED_CAPTAIN
3544,Kendre Miller,RB,Brian Robinson Jr. / Drake London / Juwan Johnson / Michael Penix Jr. / Tyler Shough,47300,<48000,3-3,1,84.68,115.91,124.96,147.87,0.0025,0,2,EXACT_OR_NEAR_OPTIMAL
3545,Kendre Miller,RB,Bryce Lance / Chris Olave / Drake London / Juwan Johnson / Tyler Shough,47100,<48000,1-5,1,92.65,124.77,136.56,158.07,0.0025,0,3,EXACT_OR_NEAR_OPTIMAL
3557,Kendre Miller,RB,Chris Olave / Drake London / Jahan Dotson / Juwan Johnson / Tyler Shough,48300,48000-48900,2-4,1,94.15,125.87,137.79,159.09,0.0025,0,2,EXACT_OR_NEAR_OPTIMAL
3559,Kendre Miller,RB,Chris Olave / Drake London / Juwan Johnson / Michael Penix Jr. / Saints,48900,48000-48900,2-4,0,89.78,118.47,129.5,149.44,0.0025,0,1,EXACT_OR_NEAR_OPTIMAL
3561,Kendre Miller,RB,Chris Olave / Juwan Johnson / Michael Penix Jr. / Nick Folk / Tyler Shough,49700,49500-49900,2-4,1,93.34,123.45,133.84,158.29,0.0025,0,2,EXACT_OR_NEAR_OPTIMAL
3634,Kevin Austin Jr.,WR,Bijan Robinson / Chris Olave / Devaughn Vele / Nick Folk / Tyler Shough,46600,<48000,2-4,1,94.51,124.41,132.68,153.44,0.0025,0,1,EXACT_OR_NEAR_OPTIMAL
3661,Kevin Austin Jr.,WR,Bijan Robinson / Daniel Carlson / Drake London / Michael Penix Jr. / Tyler Shough,46400,<48000,3-3,1,93.86,124.0,132.99,149.65,0.0025,0,2,EXACT_OR_NEAR_OPTIMAL
3698,Kyle Pitts Sr.,TE,Alvin Kamara / Bijan Robinson / Bryce Lance / Drake London / Michael Penix Jr.,48300,48000-48900,4-2,1,86.21,115.37,125.04,137.68,0.0025,0,1,FORCED_CAPTAIN
3700,Kyle Pitts Sr.,TE,Alvin Kamara / Bijan Robinson / Cal Adomitis / Chris Olave / Drake London,48500,48000-48900,3-3,0,93.96,120.21,129.82,145.69,0.0025,0,0,FORCED_CAPTAIN
3702,Kyle Pitts Sr.,TE,Alvin Kamara / Bijan Robinson / Chris Olave / Falcons / Juwan Johnson,49300,49000-49400,3-3,0,95.05,120.42,128.42,146.95,0.0025,0,0,FORCED_CAPTAIN
3715,Kyle Pitts Sr.,TE,Alvin Kamara / Bijan Robinson / Falcons / Juwan Johnson / Tyler Shough,48100,48000-48900,3-3,1,91.6,116.7,126.66,141.82,0.0025,0,1,FORCED_CAPTAIN
3769,Kyle Pitts Sr.,TE,Bijan Robinson / Chris Olave / Jahan Dotson / Nick Folk / Tyler Shough,49300,49000-49400,4-2,0,94.24,123.28,132.06,150.68,0.0025,0,0,FORCED_CAPTAIN
3790,Kyle Pitts Sr.,TE,Bryce Lance / Chris Olave / Devaughn Vele / Michael Penix Jr. / Tyler Shough,47700,<48000,2-4,1,85.24,116.79,126.92,148.21,0.0025,0,1,FORCED_CAPTAIN
3793,Kyle Pitts Sr.,TE,Chris Olave / Daniel Carlson / Devaughn Vele / Drake London / Juwan Johnson,49500,49500-49900,2-4,0,89.36,117.15,126.25,144.11,0.0025,0,0,FORCED_CAPTAIN
3796,Kyle Pitts Sr.,TE,Chris Olave / Daniel Carlson / Drake London / Michael Penix Jr. / Saints,47500,<48000,3-3,1,84.33,111.82,121.2,139.29,0.0025,0,1,FORCED_CAPTAIN
3853,Michael Penix Jr.,QB,Alvin Kamara / Daniel Carlson / Drake London / Kevin Austin Jr. / Tyler Shough,45700,<48000,2-4,1,88.87,118.7,128.96,147.03,0.0025,0,1,EXACT_OR_NEAR_OPTIMAL
3858,Michael Penix Jr.,QB,Alvin Kamara / Drake London / Falcons / Juwan Johnson / Nick Folk,46900,<48000,4-2,0,87.14,114.42,125.34,141.23,0.0025,0,0,EXACT_OR_NEAR_OPTIMAL
3939,Michael Penix Jr.,QB,Brian Robinson Jr. / Devaughn Vele / Drake London / Falcons / Tyler Shough,48300,48000-48900,4-2,1,87.57,118.31,127.09,148.2,0.0025,0,1,FORCED_CAPTAIN
4017,Nick Folk,K,Alvin Kamara / Chris Olave / Devaughn Vele / Kendre Miller / Tyler Shough,48300,48000-48900,1-5,1,88.67,117.99,127.92,145.57,0.0025,0,2,FORCED_CAPTAIN
4283,Olamide Zaccheaus,WR,Bijan Robinson / Brian Robinson Jr. / Drake London / Michael Penix Jr. / Tyler Shough,47200,<48000,5-1,1,92.81,122.83,132.61,150.23,0.0025,0,3,FORCED_CAPTAIN
4286,Olamide Zaccheaus,WR,Bijan Robinson / Bryce Lance / Chris Olave / Juwan Johnson / Tyler Shough,44400,<48000,2-4,1,96.6,128.22,136.98,161.09,0.0025,0,2,FORCED_CAPTAIN
4298,Olamide Zaccheaus,WR,Bijan Robinson / Chris Olave / Devaughn Vele / Kyle Pitts Sr. / Tyler Shough,48800,48000-48900,3-3,1,94.08,124.11,135.04,152.94,0.0025,0,1,FORCED_CAPTAIN
4308,Olamide Zaccheaus,WR,Bijan Robinson / Chris Olave / Falcons / Juwan Johnson / Tyler Shough,46200,<48000,3-3,1,99.48,128.75,139.33,162.06,0.0025,0,2,FORCED_CAPTAIN
4349,Olamide Zaccheaus,WR,Chris Olave / Juwan Johnson / Michael Penix Jr. / Nick Folk / Tyler Shough,45200,<48000,3-3,1,91.41,121.98,133.46,152.72,0.0025,0,2,FORCED_CAPTAIN
4373,Oscar Delp,TE,Alvin Kamara / Bijan Robinson / Drake London / Juwan Johnson / Tyler Shough,46400,<48000,2-4,1,98.51,127.77,136.16,153.1,0.0025,0,2,EXACT_OR_NEAR_OPTIMAL
4584,Saints,DST,Chris Olave / Devaughn Vele / Drake London / Kyle Pitts Sr. / Michael Penix Jr.,49700,49500-49900,3-3,1,87.7,115.39,123.44,146.34,0.0025,1,1,EXACT_OR_NEAR_OPTIMAL
4800,Treyton Welch,TE,Bijan Robinson / Chris Olave / Falcons / Michael Penix Jr. / Tyler Shough,45100,<48000,3-3,1,97.83,125.72,134.93,154.96,0.0025,0,2,FORCED_CAPTAIN
4810,Treyton Welch,TE,Bijan Robinson / Daniel Carlson / Drake London / Michael Penix Jr. / Tyler Shough,45500,<48000,3-3,1,95.15,125.04,133.89,151.69,0.0025,0,2,FORCED_CAPTAIN
5029,Tyler Shough,QB,Alvin Kamara / Bryce Lance / Devaughn Vele / Drake London / Kyle Pitts Sr.,46800,<48000,2-4,1,86.42,116.47,125.79,143.89,0.0025,0,1,EXACT_OR_NEAR_OPTIMAL
5084,Tyler Shough,QB,Alvin Kamara / Devaughn Vele / Jahan Dotson / Michael Penix Jr. / Nick Folk,46600,<48000,3-3,1,86.18,115.37,124.65,142.44,0.0025,0,1,EXACT_OR_NEAR_OPTIMAL
5268,Tyler Shough,QB,Daniel Carlson / Devaughn Vele / Juwan Johnson / Nick Folk / Saints,44000,<48000,1-5,1,83.65,112.93,121.22,138.71,0.0025,0,2,EXACT_OR_NEAR_OPTIMAL
5422,Zachariah Branch,WR,Alvin Kamara / Bijan Robinson / Chris Olave / Daniel Carlson / Tyler Shough,47600,<48000,2-4,1,97.41,124.47,133.47,152.4,0.0025,0,1,FORCED_CAPTAIN
5469,Zachariah Branch,WR,Bijan Robinson / Chris Olave / Daniel Carlson / Drake London / Juwan Johnson,48400,48000-48900,3-3,0,97.72,125.97,136.05,151.99,0.0025,0,1,FORCED_CAPTAIN
5479,Zachariah Branch,WR,Bijan Robinson / Chris Olave / Devaughn Vele / Nick Folk / Tyler Shough,49000,49000-49400,3-3,1,94.45,124.53,132.82,152.54,0.0025,0,1,FORCED_CAPTAIN
5495,Zachariah Branch,WR,Bijan Robinson / Chris Olave / Jahan Dotson / Michael Penix Jr. / Tyler Shough,47800,<48000,4-2,1,95.11,125.82,135.44,152.67,0.0025,0,2,FORCED_CAPTAIN
5501,Zachariah Branch,WR,Bijan Robinson / Chris Olave / Michael Penix Jr. / Saints / Tyler Shough,49000,49000-49400,3-3,1,97.42,126.0,134.26,151.94,0.0025,0,2,FORCED_CAPTAIN
12,Alvin Kamara,RB,Austin Hooper / Bijan Robinson / Jahan Dotson / Juwan Johnson / Michael Penix Jr.,44500,<48000,4-2,1,86.36,113.05,122.38,141.09,0.002,0,1,FORCED_CAPTAIN
165,Alvin Kamara,RB,Daniel Carlson / Drake London / Nick Folk / Saints / Tyler Shough,44500,<48000,2-4,0,86.16,109.98,117.16,131.08,0.002,0,0,EXACT_OR_NEAR_OPTIMAL
176,Alvin Kamara,RB,Devaughn Vele / Drake London / Kyle Pitts Sr. / Michael Penix Jr. / Nick Folk,48500,48000-48900,4-2,1,80.79,108.36,116.58,132.7,0.002,0,1,EXACT_OR_NEAR_OPTIMAL
182,Alvin Kamara,RB,Drake London / Juwan Johnson / Kyle Pitts Sr. / Michael Penix Jr. / Nick Folk,48100,48000-48900,4-2,1,85.76,114.01,123.29,139.96,0.002,1,1,EXACT_OR_NEAR_OPTIMAL
205,Austin Hooper,TE,Alvin Kamara / Bijan Robinson / Devaughn Vele / Michael Penix Jr. / Nick Folk,45200,<48000,4-2,1,80.23,104.58,112.6,125.43,0.002,0,1,FORCED_CAPTAIN
218,Austin Hooper,TE,Alvin Kamara / Chris Olave / Drake London / Falcons / Michael Penix Jr.,44600,<48000,4-2,1,86.52,113.99,123.98,140.58,0.002,0,1,FORCED_CAPTAIN
223,Austin Hooper,TE,Alvin Kamara / Chris Olave / Juwan Johnson / Saints / Tyler Shough,43200,<48000,1-5,1,89.96,118.7,128.22,152.12,0.002,0,2,FORCED_CAPTAIN
297,Austin Hooper,TE,Chris Olave / Drake London / Juwan Johnson / Michael Penix Jr. / Nick Folk,46800,<48000,4-2,1,91.34,121.04,132.64,151.62,0.002,0,2,FORCED_CAPTAIN
305,Austin Hooper,TE,Drake London / Juwan Johnson / Michael Penix Jr. / Nick Folk / Tyler Shough,45600,<48000,4-2,1,87.89,117.88,128.3,147.41,0.002,0,2,FORCED_CAPTAIN
337,Barion Brown,WR,Alvin Kamara / Chris Olave / Devaughn Vele / Drake London / Tyler Shough,47000,<48000,1-5,1,93.51,124.53,133.68,151.49,0.002,0,2,FORCED_CAPTAIN
350,Barion Brown,WR,Bijan Robinson / Brian Robinson Jr. / Chris Olave / Drake London / Michael Penix Jr.,47200,<48000,4-2,1,93.03,122.82,134.6,151.28,0.002,0,2,FORCED_CAPTAIN
416,Barion Brown,WR,Chris Olave / Devaughn Vele / Drake London / Juwan Johnson / Tyler Shough,47400,<48000,1-5,1,95.86,129.38,140.95,160.95,0.002,0,3,FORCED_CAPTAIN
734,Brian Robinson Jr.,RB,Alvin Kamara / Austin Hooper / Bijan Robinson / Drake London / Michael Penix Jr.,46300,<48000,5-1,1,86.79,115.42,124.12,141.39,0.002,0,2,FORCED_CAPTAIN
737,Brian Robinson Jr.,RB,Alvin Kamara / Bijan Robinson / Chris Olave / Daniel Carlson / Devaughn Vele,47900,<48000,2-4,0,92.47,117.02,124.43,141.31,0.002,0,0,FORCED_CAPTAIN
755,Brian Robinson Jr.,RB,Alvin Kamara / Bijan Robinson / Falcons / Juwan Johnson / Tyler Shough,45100,<48000,3-3,1,91.18,116.74,125.27,138.41,0.002,0,1,FORCED_CAPTAIN
770,Brian Robinson Jr.,RB,Austin Hooper / Bijan Robinson / Chris Olave / Daniel Carlson / Michael Penix Jr.,44900,<48000,4-2,1,86.98,113.38,122.63,136.75,0.002,0,1,FORCED_CAPTAIN
836,Brian Robinson Jr.,RB,Chris Olave / Devaughn Vele / Juwan Johnson / Kyle Pitts Sr. / Tyler Shough,47100,<48000,2-4,1,87.74,118.73,130.3,152.34,0.002,0,1,FORCED_CAPTAIN
847,Brian Robinson Jr.,RB,Chris Olave / Drake London / Juwan Johnson / Treyton Welch / Tyler Shough,43700,<48000,2-4,1,93.34,124.92,134.92,155.58,0.002,0,2,FORCED_CAPTAIN
882,Bryce Lance,WR,Alvin Kamara / Chris Olave / Devaughn Vele / Michael Penix Jr. / Tyler Shough,46900,<48000,1-5,1,92.57,123.78,134.96,155.13,0.002,0,2,FORCED_CAPTAIN
888,Bryce Lance,WR,Alvin Kamara / Devaughn Vele / Drake London / Michael Penix Jr. / Tyler Shough,46100,<48000,2-4,1,87.08,118.1,126.99,144.77,0.002,0,1,FORCED_CAPTAIN
958,Bryce Lance,WR,Chris Olave / Daniel Carlson / Drake London / Juwan Johnson / Tyler Shough,45300,<48000,1-5,1,96.88,129.36,138.98,160.01,0.002,0,3,FORCED_CAPTAIN
966,Bryce Lance,WR,Chris Olave / Drake London / Jahan Dotson / Michael Penix Jr. / Tyler Shough,45100,<48000,3-3,1,92.23,125.64,136.85,158.49,0.002,0,2,FORCED_CAPTAIN
967,Bryce Lance,WR,Chris Olave / Drake London / Juwan Johnson / Kendre Miller / Tyler Shough,45500,<48000,1-5,1,92.16,124.72,135.09,158.35,0.002,0,3,FORCED_CAPTAIN
986,CJ Donaldson,RB,Alvin Kamara / Bijan Robinson / Chris Olave / Drake London / Nick Folk,47100,<48000,3-3,0,94.65,120.26,129.03,142.84,0.002,0,0,FORCED_CAPTAIN
996,CJ Donaldson,RB,Alvin Kamara / Bijan Robinson / Chris Olave / Nick Folk / Tyler Shough,46700,<48000,2-4,1,96.69,124.52,132.4,154.7,0.002,0,1,EXACT_OR_NEAR_OPTIMAL
1023,CJ Donaldson,RB,Bijan Robinson / Bryce Lance / Chris Olave / Drake London / Tyler Shough,46100,<48000,2-4,1,97.88,128.05,138.04,157.25,0.002,0,2,FORCED_CAPTAIN
1027,CJ Donaldson,RB,Bijan Robinson / Chris Olave / Daniel Carlson / Drake London / Juwan Johnson,46900,<48000,2-4,0,97.35,124.79,136.04,151.21,0.002,0,1,FORCED_CAPTAIN
1032,CJ Donaldson,RB,Bijan Robinson / Chris Olave / Daniel Carlson / Juwan Johnson / Tyler Shough,46500,<48000,1-5,1,99.39,129.01,139.8,158.36,0.002,0,3,FORCED_CAPTAIN
1068,CJ Donaldson,RB,Bijan Robinson / Devaughn Vele / Drake London / Juwan Johnson / Michael Penix Jr.,48100,48000-48900,3-3,1,89.91,118.72,130.51,147.86,0.002,0,2,EXACT_OR_NEAR_OPTIMAL
1080,CJ Donaldson,RB,Chris Olave / Devaughn Vele / Drake London / Juwan Johnson / Tyler Shough,47700,<48000,1-5,1,96.2,129.49,141.09,162.07,0.002,0,3,FORCED_CAPTAIN
1117,Cal Adomitis,TE,Alvin Kamara / Bijan Robinson / Devaughn Vele / Drake London / Tyler Shough,46500,<48000,2-4,1,94.02,121.58,129.52,146.8,0.002,0,1,FORCED_CAPTAIN
1129,Cal Adomitis,TE,Alvin Kamara / Chris Olave / Devaughn Vele / Drake London / Tyler Shough,45500,<48000,1-5,1,93.63,124.59,133.75,151.49,0.002,0,2,FORCED_CAPTAIN
1138,Cal Adomitis,TE,Bijan Robinson / Brian Robinson Jr. / Chris Olave / Drake London / Michael Penix Jr.,45700,<48000,4-2,1,93.15,123.27,134.6,150.77,0.002,0,2,FORCED_CAPTAIN
1165,Cal Adomitis,TE,Bijan Robinson / Chris Olave / Drake London / Kyle Pitts Sr. / Michael Penix Jr.,47700,<48000,4-2,1,93.43,124.52,134.53,151.08,0.002,0,2,FORCED_CAPTAIN
1170,Cal Adomitis,TE,Bijan Robinson / Chris Olave / Drake London / Saints / Tyler Shough,46700,<48000,2-4,1,101.48,130.29,138.48,155.72,0.002,0,2,FORCED_CAPTAIN
1178,Cal Adomitis,TE,Bijan Robinson / Chris Olave / Juwan Johnson / Nick Folk / Tyler Shough,45300,<48000,2-4,1,98.83,129.82,138.84,160.83,0.002,0,2,FORCED_CAPTAIN
1201,Cal Adomitis,TE,Chris Olave / Devaughn Vele / Drake London / Juwan Johnson / Tyler Shough,45900,<48000,1-5,1,95.98,129.37,140.74,162.07,0.002,0,3,FORCED_CAPTAIN
1234,Charlie Woerner,TE,Alvin Kamara / Bijan Robinson / Devaughn Vele / Drake London / Tyler Shough,47100,<48000,3-3,1,94.04,121.19,128.95,147.34,0.002,0,1,FORCED_CAPTAIN
1250,Charlie Woerner,TE,Alvin Kamara / Chris Olave / Drake London / Juwan Johnson / Tyler Shough,45700,<48000,2-4,1,98.62,129.94,142.41,160.99,0.002,0,2,FORCED_CAPTAIN
1259,Charlie Woerner,TE,Bijan Robinson / Brian Robinson Jr. / Chris Olave / Drake London / Michael Penix Jr.,46300,<48000,5-1,1,93.17,123.28,134.63,150.77,0.002,0,3,FORCED_CAPTAIN
1286,Charlie Woerner,TE,Bijan Robinson / Chris Olave / Drake London / Michael Penix Jr. / Saints,46700,<48000,4-2,1,94.82,122.87,133.35,148.56,0.002,0,2,FORCED_CAPTAIN
1297,Charlie Woerner,TE,Bijan Robinson / Chris Olave / Michael Penix Jr. / Saints / Tyler Shough,46300,<48000,3-3,1,96.86,124.37,133.16,150.76,0.002,0,2,FORCED_CAPTAIN
1320,Charlie Woerner,TE,Chris Olave / Devaughn Vele / Drake London / Juwan Johnson / Tyler Shough,46500,<48000,2-4,1,96.0,129.38,141.0,162.07,0.002,0,2,FORCED_CAPTAIN
1355,Chris Blair,WR,Alvin Kamara / Bijan Robinson / Drake London / Juwan Johnson / Tyler Shough,47300,<48000,3-3,1,98.66,127.91,136.36,153.12,0.002,0,2,EXACT_OR_NEAR_OPTIMAL
1365,Chris Blair,WR,Alvin Kamara / Chris Olave / Drake London / Juwan Johnson / Tyler Shough,46300,<48000,2-4,1,98.27,129.77,141.53,160.5,0.002,0,2,EXACT_OR_NEAR_OPTIMAL
1400,Chris Blair,WR,Bijan Robinson / Chris Olave / Drake London / Falcons / Tyler Shough,47300,<48000,4-2,0,100.22,128.83,137.6,156.23,0.002,0,1,FORCED_CAPTAIN
1405,Chris Blair,WR,Bijan Robinson / Chris Olave / Drake London / Kyle Pitts Sr. / Michael Penix Jr.,48900,48000-48900,5-1,1,93.1,124.4,134.45,150.86,0.002,0,3,EXACT_OR_NEAR_OPTIMAL
1420,Chris Blair,WR,Bijan Robinson / Chris Olave / Michael Penix Jr. / Nick Folk / Tyler Shough,48100,48000-48900,4-2,1,98.03,127.89,136.31,153.68,0.002,0,2,EXACT_OR_NEAR_OPTIMAL
1860,Chris Olave,WR,Daniel Carlson / Falcons / Kyle Pitts Sr. / Michael Penix Jr. / Nick Folk,44800,<48000,4-2,0,81.5,108.3,114.76,134.38,0.002,0,0,EXACT_OR_NEAR_OPTIMAL
2176,Daniel Carlson,K,Devaughn Vele / Juwan Johnson / Michael Penix Jr. / Nick Folk / Tyler Shough,46400,<48000,2-4,1,85.78,113.6,122.5,139.31,0.002,1,1,EXACT_OR_NEAR_OPTIMAL
2181,Devaughn Vele,WR,Alvin Kamara / Austin Hooper / Bijan Robinson / Jahan Dotson / Michael Penix Jr.,45300,<48000,4-2,1,80.09,106.61,113.76,132.06,0.002,0,1,FORCED_CAPTAIN
2334,Devaughn Vele,WR,Daniel Carlson / Jahan Dotson / Juwan Johnson / Michael Penix Jr. / Tyler Shough,45500,<48000,2-4,1,83.29,112.89,123.07,141.55,0.002,0,1,EXACT_OR_NEAR_OPTIMAL
2335,Devaughn Vele,WR,Drake London / Falcons / Kyle Pitts Sr. / Michael Penix Jr. / Tyler Shough,49700,49500-49900,4-2,1,85.6,115.55,124.71,145.12,0.002,0,1,EXACT_OR_NEAR_OPTIMAL
2352,Drake London,WR,Alvin Kamara / Austin Hooper / Daniel Carlson / Falcons / Michael Penix Jr.,42200,<48000,4-2,1,77.46,106.56,117.24,137.37,0.002,0,1,EXACT_OR_NEAR_OPTIMAL
2465,Drake London,WR,Alvin Kamara / Daniel Carlson / Devaughn Vele / Nick Folk / Saints,44200,<48000,2-4,0,78.24,103.57,111.46,127.11,0.002,0,0,EXACT_OR_NEAR_OPTIMAL
2474,Drake London,WR,Alvin Kamara / Daniel Carlson / Jahan Dotson / Michael Penix Jr. / Saints,43000,<48000,3-3,1,78.91,108.44,117.85,136.42,0.002,0,1,EXACT_OR_NEAR_OPTIMAL
2642,Drake London,WR,Brian Robinson Jr. / Daniel Carlson / Devaughn Vele / Juwan Johnson / Nick Folk,44200,<48000,3-3,0,78.95,106.08,115.58,135.08,0.002,0,0,EXACT_OR_NEAR_OPTIMAL
2764,Drake London,WR,Devaughn Vele / Juwan Johnson / Kendre Miller / Kyle Pitts Sr. / Michael Penix Jr.,50000,50000,3-3,1,82.04,114.66,126.4,149.95,0.002,0,2,EXACT_OR_NEAR_OPTIMAL
2808,Falcons,DST,Alvin Kamara / Bijan Robinson / Kendre Miller / Michael Penix Jr. / Tyler Shough,47800,<48000,3-3,1,89.87,113.92,120.59,133.79,0.002,0,1,FORCED_CAPTAIN
2901,Falcons,DST,Chris Olave / Juwan Johnson / Michael Penix Jr. / Saints / Tyler Shough,46400,<48000,2-4,1,94.68,120.41,132.42,155.63,0.002,0,2,FORCED_CAPTAIN
3046,Jahan Dotson,WR,Alvin Kamara / Bijan Robinson / Drake London / Falcons / Tyler Shough,46500,<48000,4-2,0,94.37,118.46,126.14,141.67,0.002,0,0,FORCED_CAPTAIN
3098,Jahan Dotson,WR,Bijan Robinson / Chris Olave / Falcons / Michael Penix Jr. / Nick Folk,45100,<48000,5-1,1,87.52,113.26,121.77,139.18,0.002,0,2,FORCED_CAPTAIN
3121,Jahan Dotson,WR,Brian Robinson Jr. / Chris Olave / Juwan Johnson / Michael Penix Jr. / Tyler Shough,45100,<48000,3-3,1,90.97,122.25,133.67,156.94,0.002,0,2,FORCED_CAPTAIN
3139,Jahan Dotson,WR,Chris Olave / Drake London / Michael Penix Jr. / Treyton Welch / Tyler Shough,44100,<48000,3-3,1,91.88,124.59,135.07,158.02,0.002,0,2,FORCED_CAPTAIN
3192,Juwan Johnson,TE,Alvin Kamara / Brian Robinson Jr. / Kyle Pitts Sr. / Michael Penix Jr. / Tyler Shough,46300,<48000,3-3,1,85.81,116.61,128.01,147.37,0.002,0,1,EXACT_OR_NEAR_OPTIMAL
3247,Juwan Johnson,TE,Alvin Kamara / Drake London / Jahan Dotson / Michael Penix Jr. / Saints,44300,<48000,3-3,1,84.48,112.21,123.29,140.62,0.002,0,1,EXACT_OR_NEAR_OPTIMAL
3257,Juwan Johnson,TE,Alvin Kamara / Michael Penix Jr. / Nick Folk / Olamide Zaccheaus / Tyler Shough,44100,<48000,3-3,1,86.22,116.29,127.46,145.15,0.002,0,1,EXACT_OR_NEAR_OPTIMAL
3408,Juwan Johnson,TE,Devaughn Vele / Drake London / Jahan Dotson / Michael Penix Jr. / Saints,45100,<48000,3-3,1,81.86,110.74,121.77,140.18,0.002,0,1,EXACT_OR_NEAR_OPTIMAL
3422,Kendre Miller,RB,Alvin Kamara / Austin Hooper / Bijan Robinson / Drake London / Michael Penix Jr.,48100,48000-48900,4-2,1,84.99,113.74,123.96,136.76,0.002,0,1,EXACT_OR_NEAR_OPTIMAL
3430,Kendre Miller,RB,Alvin Kamara / Bijan Robinson / Chris Olave / Daniel Carlson / Nick Folk,47300,<48000,2-4,0,87.64,110.89,118.0,134.87,0.002,0,0,EXACT_OR_NEAR_OPTIMAL
3438,Kendre Miller,RB,Alvin Kamara / Bijan Robinson / Daniel Carlson / Devaughn Vele / Tyler Shough,48500,48000-48900,1-5,1,87.22,111.55,119.09,135.8,0.002,0,2,EXACT_OR_NEAR_OPTIMAL
3456,Kendre Miller,RB,Alvin Kamara / Chris Olave / Daniel Carlson / Drake London / Michael Penix Jr.,49100,49000-49400,2-4,0,89.29,117.69,126.35,145.42,0.002,0,0,EXACT_OR_NEAR_OPTIMAL
3458,Kendre Miller,RB,Alvin Kamara / Chris Olave / Devaughn Vele / Drake London / Nick Folk,48500,48000-48900,2-4,0,84.44,110.37,118.11,134.26,0.002,0,0,EXACT_OR_NEAR_OPTIMAL
3460,Kendre Miller,RB,Alvin Kamara / Chris Olave / Drake London / Falcons / Tyler Shough,48500,48000-48900,2-4,1,93.17,120.62,130.19,147.46,0.002,0,1,EXACT_OR_NEAR_OPTIMAL
3465,Kendre Miller,RB,Alvin Kamara / Devaughn Vele / Drake London / Saints / Tyler Shough,46100,<48000,1-5,1,79.47,105.36,113.31,129.46,0.002,0,2,EXACT_OR_NEAR_OPTIMAL
3483,Kendre Miller,RB,Bijan Robinson / Bryce Lance / Chris Olave / Drake London / Juwan Johnson,49300,49000-49400,2-4,0,96.49,125.02,136.85,152.75,0.002,0,1,EXACT_OR_NEAR_OPTIMAL
3503,Kendre Miller,RB,Bijan Robinson / Chris Olave / Devaughn Vele / Juwan Johnson / Saints,49500,49500-49900,1-5,0,91.16,116.06,125.09,142.35,0.002,0,1,FORCED_CAPTAIN
3510,Kendre Miller,RB,Bijan Robinson / Chris Olave / Drake London / Juwan Johnson / Olamide Zaccheaus,49500,49500-49900,3-3,0,96.18,124.92,135.52,153.81,0.002,0,1,EXACT_OR_NEAR_OPTIMAL
3518,Kendre Miller,RB,Bijan Robinson / Chris Olave / Juwan Johnson / Kevin Austin Jr. / Tyler Shough,47900,<48000,1-5,1,96.57,127.47,137.82,159.79,0.002,0,3,FORCED_CAPTAIN
3523,Kendre Miller,RB,Bijan Robinson / Chris Olave / Kyle Pitts Sr. / Saints / Tyler Shough,49700,49500-49900,2-4,1,91.44,118.6,126.13,146.04,0.002,0,1,EXACT_OR_NEAR_OPTIMAL
3527,Kendre Miller,RB,Bijan Robinson / Daniel Carlson / Devaughn Vele / Juwan Johnson / Tyler Shough,48900,48000-48900,1-5,1,89.58,117.7,125.28,146.14,0.002,0,2,EXACT_OR_NEAR_OPTIMAL
3532,Kendre Miller,RB,Bijan Robinson / Devaughn Vele / Juwan Johnson / Saints / Tyler Shough,48300,48000-48900,1-5,1,87.71,114.81,123.19,140.9,0.002,0,2,EXACT_OR_NEAR_OPTIMAL
3535,Kendre Miller,RB,Bijan Robinson / Drake London / Juwan Johnson / Olamide Zaccheaus / Tyler Shough,48300,48000-48900,3-3,1,92.72,121.24,130.69,150.66,0.002,0,2,EXACT_OR_NEAR_OPTIMAL
3546,Kendre Miller,RB,Bryce Lance / Chris Olave / Drake London / Michael Penix Jr. / Tyler Shough,48700,48000-48900,2-4,1,92.18,124.96,135.41,155.51,0.002,0,2,FORCED_CAPTAIN
3555,Kendre Miller,RB,Chris Olave / Devaughn Vele / Juwan Johnson / Nick Folk / Tyler Shough,48500,48000-48900,1-5,1,88.84,120.28,128.95,152.43,0.002,0,2,FORCED_CAPTAIN
3569,Kendre Miller,RB,Drake London / Juwan Johnson / Michael Penix Jr. / Nick Folk / Tyler Shough,48900,48000-48900,3-3,1,87.85,117.33,128.16,149.24,0.002,0,2,EXACT_OR_NEAR_OPTIMAL
3597,Kevin Austin Jr.,WR,Alvin Kamara / Bijan Robinson / Juwan Johnson / Michael Penix Jr. / Tyler Shough,46000,<48000,2-4,1,94.99,124.72,134.28,149.71,0.002,0,2,EXACT_OR_NEAR_OPTIMAL
3617,Kevin Austin Jr.,WR,Bijan Robinson / Brian Robinson Jr. / Chris Olave / Drake London / Tyler Shough,47200,<48000,3-3,1,100.48,130.93,140.2,159.91,0.002,0,2,EXACT_OR_NEAR_OPTIMAL
3641,Kevin Austin Jr.,WR,Bijan Robinson / Chris Olave / Drake London / Juwan Johnson / Nick Folk,46600,<48000,3-3,0,97.44,125.83,134.58,150.11,0.002,0,1,EXACT_OR_NEAR_OPTIMAL
3650,Kevin Austin Jr.,WR,Bijan Robinson / Chris Olave / Falcons / Michael Penix Jr. / Tyler Shough,46000,<48000,3-3,1,96.55,124.81,133.93,154.14,0.002,0,2,EXACT_OR_NEAR_OPTIMAL
3656,Kevin Austin Jr.,WR,Bijan Robinson / Chris Olave / Juwan Johnson / Saints / Tyler Shough,45000,<48000,1-5,1,97.95,127.2,136.86,158.55,0.002,0,3,EXACT_OR_NEAR_OPTIMAL
3688,Kevin Austin Jr.,WR,Chris Olave / Drake London / Juwan Johnson / Saints / Tyler Shough,43200,<48000,1-5,1,92.07,122.07,132.47,152.15,0.002,0,3,FORCED_CAPTAIN
3729,Kyle Pitts Sr.,TE,Alvin Kamara / Chris Olave / Jahan Dotson / Michael Penix Jr. / Tyler Shough,48100,48000-48900,3-3,1,89.36,120.17,130.33,151.21,0.002,0,1,FORCED_CAPTAIN
3735,Kyle Pitts Sr.,TE,Alvin Kamara / Devaughn Vele / Juwan Johnson / Michael Penix Jr. / Tyler Shough,49500,49500-49900,2-4,1,86.56,116.5,127.59,147.48,0.002,0,1,FORCED_CAPTAIN
3738,Kyle Pitts Sr.,TE,Alvin Kamara / Drake London / Michael Penix Jr. / Saints / Tyler Shough,48500,48000-48900,3-3,1,86.18,113.98,123.37,141.52,0.002,0,1,EXACT_OR_NEAR_OPTIMAL
3744,Kyle Pitts Sr.,TE,Bijan Robinson / Brian Robinson Jr. / Chris Olave / Daniel Carlson / Drake London,49900,49500-49900,4-2,0,93.21,121.04,130.16,145.04,0.002,0,0,FORCED_CAPTAIN
3750,Kyle Pitts Sr.,TE,Bijan Robinson / Bryce Lance / Drake London / Juwan Johnson / Michael Penix Jr.,48700,48000-48900,4-2,1,88.57,119.39,129.82,145.38,0.002,0,2,FORCED_CAPTAIN
3766,Kyle Pitts Sr.,TE,Bijan Robinson / Chris Olave / Falcons / Michael Penix Jr. / Saints,48100,48000-48900,4-2,1,87.41,111.18,118.5,135.58,0.002,0,1,FORCED_CAPTAIN
3782,Kyle Pitts Sr.,TE,Bijan Robinson / Drake London / Kendre Miller / Saints / Tyler Shough,49300,49000-49400,3-3,0,86.69,110.73,119.44,132.23,0.002,0,0,FORCED_CAPTAIN
3798,Kyle Pitts Sr.,TE,Chris Olave / Devaughn Vele / Drake London / Treyton Welch / Tyler Shough,47100,<48000,2-4,1,88.78,119.64,128.45,149.82,0.002,0,1,FORCED_CAPTAIN
3817,Michael Penix Jr.,QB,Alvin Kamara / Austin Hooper / Bijan Robinson / Jahan Dotson / Juwan Johnson,45500,<48000,4-2,1,87.3,115.5,125.4,144.94,0.002,0,1,FORCED_CAPTAIN
3862,Michael Penix Jr.,QB,Alvin Kamara / Drake London / Juwan Johnson / Kyle Pitts Sr. / Saints,47900,<48000,3-3,1,85.18,113.45,125.08,140.81,0.002,0,1,EXACT_OR_NEAR_OPTIMAL
3968,Michael Penix Jr.,QB,Daniel Carlson / Drake London / Jahan Dotson / Juwan Johnson / Nick Folk,44100,<48000,4-2,1,80.47,109.52,120.24,138.74,0.002,0,1,EXACT_OR_NEAR_OPTIMAL
3984,Nick Folk,K,Alvin Kamara / Austin Hooper / Bijan Robinson / Devaughn Vele / Michael Penix Jr.,46500,<48000,4-2,1,82.4,107.65,114.46,125.53,0.002,0,1,FORCED_CAPTAIN
4026,Nick Folk,K,Alvin Kamara / Daniel Carlson / Devaughn Vele / Juwan Johnson / Tyler Shough,44700,<48000,1-5,1,83.72,110.88,120.09,134.65,0.002,0,2,EXACT_OR_NEAR_OPTIMAL
4140,Nick Muse,TE,Alvin Kamara / Chris Olave / Devaughn Vele / Drake London / Tyler Shough,45500,<48000,2-4,1,93.15,124.25,133.14,151.49,0.002,0,1,FORCED_CAPTAIN
4179,Nick Muse,TE,Bijan Robinson / Chris Olave / Drake London / Falcons / Tyler Shough,46100,<48000,4-2,0,100.07,128.71,137.69,155.83,0.002,0,1,FORCED_CAPTAIN
4255,Olamide Zaccheaus,WR,Alvin Kamara / Bijan Robinson / Drake London / Michael Penix Jr. / Nick Folk,46200,<48000,5-1,1,87.41,115.73,125.14,136.97,0.002,0,2,FORCED_CAPTAIN
4271,Olamide Zaccheaus,WR,Austin Hooper / Bijan Robinson / Drake London / Michael Penix Jr. / Tyler Shough,46200,<48000,5-1,1,91.64,121.75,131.49,151.1,0.002,0,3,FORCED_CAPTAIN
4312,Olamide Zaccheaus,WR,Bijan Robinson / Chris Olave / Juwan Johnson / Michael Penix Jr. / Nick Folk,47400,<48000,4-2,1,95.26,124.32,132.92,149.64,0.002,0,2,FORCED_CAPTAIN
4379,Oscar Delp,TE,Alvin Kamara / Chris Olave / Devaughn Vele / Drake London / Tyler Shough,45800,<48000,1-5,1,93.15,124.22,133.14,151.49,0.002,0,2,FORCED_CAPTAIN
4416,Oscar Delp,TE,Bijan Robinson / Chris Olave / Drake London / Falcons / Tyler Shough,46400,<48000,3-3,1,100.07,128.59,137.6,155.83,0.002,0,2,FORCED_CAPTAIN
4736,Treyton Welch,TE,Alvin Kamara / Bijan Robinson / Chris Olave / Saints / Tyler Shough,43700,<48000,1-5,1,96.88,122.24,132.28,151.86,0.002,0,2,FORCED_CAPTAIN
4787,Treyton Welch,TE,Bijan Robinson / Chris Olave / Drake London / Falcons / Juwan Johnson,43900,<48000,3-3,0,96.26,123.59,133.64,148.95,0.002,0,1,FORCED_CAPTAIN
4820,Treyton Welch,TE,Bijan Robinson / Drake London / Juwan Johnson / Saints / Tyler Shough,43300,<48000,2-4,1,93.74,120.94,128.56,145.81,0.002,0,2,FORCED_CAPTAIN
5121,Tyler Shough,QB,Austin Hooper / Daniel Carlson / Drake London / Michael Penix Jr. / Saints,45200,<48000,3-3,1,87.99,116.34,127.12,140.62,0.002,0,1,EXACT_OR_NEAR_OPTIMAL
5206,Tyler Shough,QB,Brian Robinson Jr. / Daniel Carlson / Drake London / Juwan Johnson / Saints,44600,<48000,2-4,0,89.63,118.05,127.0,144.16,0.002,0,0,EXACT_OR_NEAR_OPTIMAL
5286,Tyler Shough,QB,Devaughn Vele / Falcons / Juwan Johnson / Michael Penix Jr. / Nick Folk,47600,<48000,3-3,1,89.91,119.25,129.75,148.8,0.002,0,1,EXACT_OR_NEAR_OPTIMAL
5429,Zachariah Branch,WR,Alvin Kamara / Bijan Robinson / Chris Olave / Nick Folk / Tyler Shough,48200,48000-48900,3-3,1,97.06,125.06,132.77,153.44,0.002,0,1,FORCED_CAPTAIN
5471,Zachariah Branch,WR,Bijan Robinson / Chris Olave / Daniel Carlson / Juwan Johnson / Michael Penix Jr.,47400,<48000,3-3,1,93.08,120.97,130.53,146.91,0.002,0,2,FORCED_CAPTAIN
5488,Zachariah Branch,WR,Bijan Robinson / Chris Olave / Drake London / Juwan Johnson / Nick Folk,49000,49000-49400,4-2,0,97.38,125.66,134.58,150.34,0.002,0,1,FORCED_CAPTAIN
103,Alvin Kamara,RB,Brian Robinson Jr. / Daniel Carlson / Devaughn Vele / Juwan Johnson / Tyler Shough,43900,<48000,1-5,1,83.37,110.86,119.46,135.6,0.0015,0,2,EXACT_OR_NEAR_OPTIMAL
154,Alvin Kamara,RB,Daniel Carlson / Devaughn Vele / Drake London / Juwan Johnson / Saints,44700,<48000,1-5,0,82.98,108.04,114.85,131.28,0.0015,0,1,EXACT_OR_NEAR_OPTIMAL
159,Alvin Kamara,RB,Daniel Carlson / Drake London / Juwan Johnson / Kendre Miller / Michael Penix Jr.,46700,<48000,2-4,0,84.64,112.68,121.72,138.64,0.0015,0,0,EXACT_OR_NEAR_OPTIMAL
187,Austin Hooper,TE,Alvin Kamara / Bijan Robinson / Brian Robinson Jr. / Drake London / Michael Penix Jr.,45800,<48000,5-1,1,86.2,114.47,123.89,141.7,0.0015,0,2,FORCED_CAPTAIN
237,Austin Hooper,TE,Bijan Robinson / Chris Olave / Daniel Carlson / Drake London / Nick Folk,47000,<48000,4-2,0,94.21,120.51,128.93,145.35,0.0015,0,0,FORCED_CAPTAIN
240,Austin Hooper,TE,Bijan Robinson / Chris Olave / Daniel Carlson / Michael Penix Jr. / Nick Folk,46000,<48000,4-2,1,89.56,116.32,124.14,142.1,0.0015,0,1,FORCED_CAPTAIN
242,Austin Hooper,TE,Bijan Robinson / Chris Olave / Daniel Carlson / Nick Folk / Tyler Shough,46600,<48000,3-3,0,96.25,124.26,132.45,148.67,0.0015,0,0,FORCED_CAPTAIN
243,Austin Hooper,TE,Bijan Robinson / Chris Olave / Devaughn Vele / Drake London / Saints,48800,48000-48900,3-3,0,95.37,121.52,129.71,145.35,0.0015,0,0,FORCED_CAPTAIN
269,Austin Hooper,TE,Bijan Robinson / Daniel Carlson / Devaughn Vele / Juwan Johnson / Michael Penix Jr.,45000,<48000,3-3,1,82.93,109.12,118.34,137.9,0.0015,0,1,FORCED_CAPTAIN
303,Austin Hooper,TE,Daniel Carlson / Drake London / Juwan Johnson / Michael Penix Jr. / Tyler Shough,45000,<48000,3-3,1,88.23,118.68,129.84,149.9,0.0015,0,2,FORCED_CAPTAIN
313,Barion Brown,WR,Alvin Kamara / Bijan Robinson / Chris Olave / Devaughn Vele / Drake London,49200,49000-49400,2-4,0,97.35,124.62,132.64,149.77,0.0015,0,0,FORCED_CAPTAIN
325,Barion Brown,WR,Alvin Kamara / Bijan Robinson / Devaughn Vele / Drake London / Tyler Shough,48000,48000-48900,2-4,1,93.9,121.47,128.9,148.17,0.0015,0,1,EXACT_OR_NEAR_OPTIMAL
327,Barion Brown,WR,Alvin Kamara / Bijan Robinson / Devaughn Vele / Michael Penix Jr. / Tyler Shough,47000,<48000,2-4,1,89.26,117.1,123.34,141.31,0.0015,0,1,EXACT_OR_NEAR_OPTIMAL
351,Barion Brown,WR,Bijan Robinson / Brian Robinson Jr. / Chris Olave / Drake London / Tyler Shough,47800,<48000,3-3,1,99.71,129.65,138.88,158.24,0.0015,0,2,FORCED_CAPTAIN
372,Barion Brown,WR,Bijan Robinson / Chris Olave / Devaughn Vele / Nick Folk / Tyler Shough,47200,<48000,2-4,1,93.74,123.34,131.67,151.64,0.0015,0,1,FORCED_CAPTAIN
379,Barion Brown,WR,Bijan Robinson / Chris Olave / Drake London / Kyle Pitts Sr. / Michael Penix Jr.,49200,49000-49400,4-2,1,93.31,124.4,134.24,151.09,0.0015,0,2,FORCED_CAPTAIN
840,Brian Robinson Jr.,RB,Chris Olave / Drake London / Jahan Dotson / Juwan Johnson / Michael Penix Jr.,45900,<48000,4-2,1,89.26,121.23,131.8,149.96,0.0015,0,2,FORCED_CAPTAIN
842,Brian Robinson Jr.,RB,Chris Olave / Drake London / Juwan Johnson / Kyle Pitts Sr. / Michael Penix Jr.,48700,48000-48900,4-2,1,90.2,122.05,133.26,152.48,0.0015,0,2,FORCED_CAPTAIN
930,Bryce Lance,WR,Bijan Robinson / Chris Olave / Juwan Johnson / Michael Penix Jr. / Nick Folk,47100,<48000,3-3,0,95.73,124.61,133.76,149.59,0.0015,0,1,FORCED_CAPTAIN
943,Bryce Lance,WR,Bijan Robinson / Daniel Carlson / Juwan Johnson / Michael Penix Jr. / Tyler Shough,45300,<48000,2-4,1,92.63,121.9,130.94,149.25,0.0015,0,2,FORCED_CAPTAIN
955,Bryce Lance,WR,Brian Robinson Jr. / Chris Olave / Devaughn Vele / Juwan Johnson / Tyler Shough,42100,<48000,1-5,1,84.21,116.09,126.74,149.39,0.0015,0,2,FORCED_CAPTAIN
965,Bryce Lance,WR,Chris Olave / Drake London / Falcons / Juwan Johnson / Tyler Shough,44100,<48000,2-4,1,94.07,124.49,135.86,156.54,0.0015,0,2,FORCED_CAPTAIN
979,CJ Donaldson,RB,Alvin Kamara / Bijan Robinson / Chris Olave / Daniel Carlson / Drake London,46500,<48000,2-4,0,95.0,121.13,129.44,142.95,0.0015,0,0,EXACT_OR_NEAR_OPTIMAL
982,CJ Donaldson,RB,Alvin Kamara / Bijan Robinson / Chris Olave / Daniel Carlson / Tyler Shough,46100,<48000,1-5,1,97.04,123.83,132.2,151.81,0.0015,0,2,FORCED_CAPTAIN
1000,CJ Donaldson,RB,Alvin Kamara / Bijan Robinson / Devaughn Vele / Drake London / Michael Penix Jr.,47700,<48000,3-3,1,87.55,115.65,124.76,138.93,0.0015,0,1,EXACT_OR_NEAR_OPTIMAL
1065,CJ Donaldson,RB,Bijan Robinson / Daniel Carlson / Drake London / Michael Penix Jr. / Tyler Shough,47300,<48000,3-3,1,93.43,123.42,132.54,146.9,0.0015,0,2,FORCED_CAPTAIN
1112,Cal Adomitis,TE,Alvin Kamara / Bijan Robinson / Chris Olave / Nick Folk / Tyler Shough,44900,<48000,2-4,1,96.47,124.25,132.75,154.93,0.0015,0,1,FORCED_CAPTAIN
1121,Cal Adomitis,TE,Alvin Kamara / Bijan Robinson / Drake London / Juwan Johnson / Michael Penix Jr.,45500,<48000,3-3,1,92.31,121.68,130.47,146.61,0.0015,0,2,FORCED_CAPTAIN
1126,Cal Adomitis,TE,Alvin Kamara / Bijan Robinson / Juwan Johnson / Michael Penix Jr. / Tyler Shough,45100,<48000,2-4,1,94.34,123.97,133.52,150.82,0.0015,0,2,FORCED_CAPTAIN
1139,Cal Adomitis,TE,Bijan Robinson / Brian Robinson Jr. / Chris Olave / Drake London / Tyler Shough,46300,<48000,3-3,1,99.83,129.59,138.9,157.94,0.0015,0,2,FORCED_CAPTAIN
1157,Cal Adomitis,TE,Bijan Robinson / Chris Olave / Devaughn Vele / Nick Folk / Tyler Shough,45700,<48000,2-4,1,93.86,123.55,132.68,152.4,0.0015,0,1,FORCED_CAPTAIN
1278,Charlie Woerner,TE,Bijan Robinson / Chris Olave / Drake London / Falcons / Michael Penix Jr.,46100,<48000,5-1,1,93.89,123.47,133.3,150.95,0.0015,0,3,FORCED_CAPTAIN
1282,Charlie Woerner,TE,Bijan Robinson / Chris Olave / Drake London / Jahan Dotson / Michael Penix Jr.,45500,<48000,5-1,1,92.51,122.29,133.32,150.58,0.0015,0,3,FORCED_CAPTAIN
1296,Charlie Woerner,TE,Bijan Robinson / Chris Olave / Michael Penix Jr. / Nick Folk / Tyler Shough,47500,<48000,4-2,1,98.39,128.43,137.08,153.68,0.0015,0,2,FORCED_CAPTAIN
1305,Charlie Woerner,TE,Bijan Robinson / Devaughn Vele / Drake London / Juwan Johnson / Michael Penix Jr.,46900,<48000,4-2,1,89.72,118.92,129.53,146.76,0.0015,0,2,FORCED_CAPTAIN
1319,Charlie Woerner,TE,Chris Olave / Daniel Carlson / Drake London / Michael Penix Jr. / Tyler Shough,45100,<48000,3-3,1,92.85,123.93,133.18,154.11,0.0015,0,2,FORCED_CAPTAIN
1324,Charlie Woerner,TE,Chris Olave / Devaughn Vele / Juwan Johnson / Michael Penix Jr. / Tyler Shough,45500,<48000,2-4,1,91.36,123.54,134.86,157.38,0.0015,0,2,FORCED_CAPTAIN
1337,Chris Blair,WR,Alvin Kamara / Bijan Robinson / Chris Olave / Devaughn Vele / Drake London,48900,48000-48900,3-3,0,97.14,124.32,132.64,149.82,0.0015,0,0,FORCED_CAPTAIN
1338,Chris Blair,WR,Alvin Kamara / Bijan Robinson / Chris Olave / Devaughn Vele / Michael Penix Jr.,47900,<48000,3-3,1,92.5,118.54,127.84,144.43,0.0015,0,1,EXACT_OR_NEAR_OPTIMAL
1379,Chris Blair,WR,Bijan Robinson / Brian Robinson Jr. / Chris Olave / Drake London / Michael Penix Jr.,46900,<48000,5-1,1,92.82,123.02,134.42,150.37,0.0015,0,3,FORCED_CAPTAIN
1416,Chris Blair,WR,Bijan Robinson / Chris Olave / Juwan Johnson / Nick Folk / Tyler Shough,46500,<48000,3-3,1,98.5,129.57,138.72,158.26,0.0015,0,2,EXACT_OR_NEAR_OPTIMAL
1444,Chris Blair,WR,Chris Olave / Devaughn Vele / Drake London / Juwan Johnson / Tyler Shough,47100,<48000,2-4,1,95.65,129.3,140.95,160.49,0.0015,0,2,FORCED_CAPTAIN
1777,Chris Olave,WR,Brian Robinson Jr. / Daniel Carlson / Kyle Pitts Sr. / Michael Penix Jr. / Nick Folk,45000,<48000,4-2,1,80.78,108.42,117.63,133.73,0.0015,0,1,EXACT_OR_NEAR_OPTIMAL
1859,Chris Olave,WR,Daniel Carlson / Falcons / Juwan Johnson / Treyton Welch / Tyler Shough,41800,<48000,1-5,1,92.64,122.28,133.71,161.19,0.0015,0,2,EXACT_OR_NEAR_OPTIMAL
2081,Daniel Carlson,K,Alvin Kamara / Chris Olave / Falcons / Juwan Johnson / Saints,40200,<48000,1-5,0,80.32,100.3,106.98,121.82,0.0015,0,1,EXACT_OR_NEAR_OPTIMAL
2088,Daniel Carlson,K,Alvin Kamara / Drake London / Falcons / Juwan Johnson / Saints,39400,<48000,2-4,0,74.83,96.04,101.84,117.51,0.0015,0,0,EXACT_OR_NEAR_OPTIMAL
2225,Devaughn Vele,WR,Alvin Kamara / Daniel Carlson / Drake London / Kyle Pitts Sr. / Michael Penix Jr.,48300,48000-48900,3-3,1,79.83,108.01,116.84,132.65,0.0015,0,1,EXACT_OR_NEAR_OPTIMAL
2237,Devaughn Vele,WR,Alvin Kamara / Juwan Johnson / Kyle Pitts Sr. / Nick Folk / Tyler Shough,46900,<48000,2-4,1,81.99,111.4,120.01,140.59,0.0015,0,1,EXACT_OR_NEAR_OPTIMAL
2299,Devaughn Vele,WR,Brian Robinson Jr. / Drake London / Falcons / Juwan Johnson / Michael Penix Jr.,45500,<48000,4-2,1,79.1,106.29,117.23,138.13,0.0015,0,1,EXACT_OR_NEAR_OPTIMAL
2498,Drake London,WR,Alvin Kamara / Devaughn Vele / Kendre Miller / Michael Penix Jr. / Saints,48000,48000-48900,2-4,0,81.06,111.26,120.62,140.98,0.0015,0,0,EXACT_OR_NEAR_OPTIMAL
2510,Drake London,WR,Alvin Kamara / Falcons / Juwan Johnson / Michael Penix Jr. / Treyton Welch,42200,<48000,3-3,0,83.02,112.36,123.55,140.77,0.0015,0,0,EXACT_OR_NEAR_OPTIMAL
2678,Drake London,WR,CJ Donaldson / Daniel Carlson / Devaughn Vele / Juwan Johnson / Michael Penix Jr.,45400,<48000,2-4,0,82.07,113.98,124.84,145.96,0.0015,0,0,EXACT_OR_NEAR_OPTIMAL
2804,Falcons,DST,Alvin Kamara / Bijan Robinson / Juwan Johnson / Kyle Pitts Sr. / Michael Penix Jr.,46400,<48000,4-2,1,85.13,109.94,116.5,130.43,0.0015,0,1,FORCED_CAPTAIN
2821,Falcons,DST,Alvin Kamara / Drake London / Juwan Johnson / Nick Folk / Tyler Shough,44800,<48000,3-3,1,88.83,113.92,121.0,138.0,0.0015,0,1,EXACT_OR_NEAR_OPTIMAL
2875,Falcons,DST,Bijan Robinson / Daniel Carlson / Drake London / Kyle Pitts Sr. / Michael Penix Jr.,46800,<48000,5-1,1,84.01,113.08,120.73,136.96,0.0015,0,2,FORCED_CAPTAIN
3038,Jahan Dotson,WR,Alvin Kamara / Bijan Robinson / Chris Olave / Michael Penix Jr. / Olamide Zaccheaus,45100,<48000,4-2,1,89.98,117.53,127.13,144.54,0.0015,0,1,FORCED_CAPTAIN
3050,Jahan Dotson,WR,Alvin Kamara / Bijan Robinson / Falcons / Juwan Johnson / Michael Penix Jr.,43300,<48000,4-2,1,83.51,108.41,116.13,132.72,0.0015,0,1,FORCED_CAPTAIN
3070,Jahan Dotson,WR,Austin Hooper / Bijan Robinson / Chris Olave / Michael Penix Jr. / Nick Folk,44300,<48000,5-1,1,85.64,112.83,120.3,140.06,0.0015,0,2,FORCED_CAPTAIN
3114,Jahan Dotson,WR,Bijan Robinson / Devaughn Vele / Drake London / Michael Penix Jr. / Saints,47300,<48000,4-2,1,86.0,112.19,122.44,140.01,0.0015,0,1,FORCED_CAPTAIN
3131,Jahan Dotson,WR,Chris Olave / Drake London / Juwan Johnson / Kendre Miller / Tyler Shough,47300,<48000,2-4,1,94.42,126.1,137.53,160.37,0.0015,0,2,FORCED_CAPTAIN
3140,Jahan Dotson,WR,Chris Olave / Juwan Johnson / Kyle Pitts Sr. / Michael Penix Jr. / Tyler Shough,47100,<48000,3-3,1,91.25,123.8,134.13,156.77,0.0015,0,2,FORCED_CAPTAIN
3149,Juwan Johnson,TE,Alvin Kamara / Austin Hooper / Chris Olave / Falcons / Michael Penix Jr.,44300,<48000,3-3,0,88.52,115.89,124.16,145.12,0.0015,1,0,EXACT_OR_NEAR_OPTIMAL
3154,Juwan Johnson,TE,Alvin Kamara / Austin Hooper / Drake London / Falcons / Michael Penix Jr.,43500,<48000,4-2,1,83.03,111.14,121.2,138.85,0.0015,0,1,EXACT_OR_NEAR_OPTIMAL
3156,Juwan Johnson,TE,Alvin Kamara / Austin Hooper / Drake London / Kyle Pitts Sr. / Michael Penix Jr.,45700,<48000,4-2,1,82.59,112.91,124.72,143.04,0.0015,0,1,EXACT_OR_NEAR_OPTIMAL
3228,Juwan Johnson,TE,Alvin Kamara / Daniel Carlson / Drake London / Nick Folk / Saints,42500,<48000,2-4,0,81.12,106.63,114.13,128.9,0.0015,0,0,EXACT_OR_NEAR_OPTIMAL
3255,Juwan Johnson,TE,Alvin Kamara / Falcons / Kyle Pitts Sr. / Michael Penix Jr. / Tyler Shough,46100,<48000,3-3,1,86.52,114.55,125.36,144.74,0.0015,0,1,EXACT_OR_NEAR_OPTIMAL
3400,Juwan Johnson,TE,Daniel Carlson / Drake London / Falcons / Michael Penix Jr. / Nick Folk,43900,<48000,4-2,0,82.07,109.98,118.8,136.83,0.0015,0,0,EXACT_OR_NEAR_OPTIMAL
3426,Kendre Miller,RB,Alvin Kamara / Bijan Robinson / Bryce Lance / Drake London / Michael Penix Jr.,47100,<48000,3-3,1,84.0,111.77,120.97,139.07,0.0015,0,1,EXACT_OR_NEAR_OPTIMAL
3431,Kendre Miller,RB,Alvin Kamara / Bijan Robinson / Chris Olave / Daniel Carlson / Saints,46100,<48000,1-5,0,86.12,107.33,114.7,128.27,0.0015,0,1,EXACT_OR_NEAR_OPTIMAL
3444,Kendre Miller,RB,Alvin Kamara / Bijan Robinson / Drake London / Falcons / Michael Penix Jr.,48900,48000-48900,4-2,1,86.88,113.92,121.77,137.78,0.0015,0,1,EXACT_OR_NEAR_OPTIMAL
3451,Kendre Miller,RB,Alvin Kamara / Bijan Robinson / Falcons / Michael Penix Jr. / Tyler Shough,48500,48000-48900,3-3,1,88.92,113.01,120.74,134.41,0.0015,0,1,EXACT_OR_NEAR_OPTIMAL
3452,Kendre Miller,RB,Alvin Kamara / Bijan Robinson / Jahan Dotson / Michael Penix Jr. / Tyler Shough,47900,<48000,3-3,1,87.54,114.69,122.9,140.11,0.0015,0,1,EXACT_OR_NEAR_OPTIMAL
3459,Kendre Miller,RB,Alvin Kamara / Chris Olave / Devaughn Vele / Nick Folk / Tyler Shough,48100,48000-48900,1-5,1,86.48,115.47,124.76,142.39,0.0015,0,2,EXACT_OR_NEAR_OPTIMAL
3469,Kendre Miller,RB,Austin Hooper / Bijan Robinson / Drake London / Juwan Johnson / Michael Penix Jr.,48500,48000-48900,4-2,1,87.35,117.32,127.53,143.58,0.0015,0,2,EXACT_OR_NEAR_OPTIMAL
3471,Kendre Miller,RB,Austin Hooper / Chris Olave / Devaughn Vele / Drake London / Tyler Shough,48500,48000-48900,2-4,1,88.67,120.12,128.86,147.2,0.0015,0,1,EXACT_OR_NEAR_OPTIMAL
3487,Kendre Miller,RB,Bijan Robinson / Bryce Lance / Drake London / Juwan Johnson / Michael Penix Jr.,47500,<48000,3-3,1,86.36,116.14,126.39,142.53,0.0015,0,2,EXACT_OR_NEAR_OPTIMAL
3496,Kendre Miller,RB,Bijan Robinson / Chris Olave / Daniel Carlson / Juwan Johnson / Kyle Pitts Sr.,48100,48000-48900,2-4,0,87.1,111.87,121.34,138.36,0.0015,0,0,EXACT_OR_NEAR_OPTIMAL
3501,Kendre Miller,RB,Bijan Robinson / Chris Olave / Devaughn Vele / Falcons / Juwan Johnson,48900,48000-48900,2-4,0,90.22,116.15,125.2,144.03,0.0015,0,0,EXACT_OR_NEAR_OPTIMAL
3504,Kendre Miller,RB,Bijan Robinson / Chris Olave / Devaughn Vele / Kevin Austin Jr. / Tyler Shough,48300,48000-48900,1-5,1,91.6,121.57,130.15,150.16,0.0015,0,2,FORCED_CAPTAIN
3506,Kendre Miller,RB,Bijan Robinson / Chris Olave / Drake London / Falcons / Nick Folk,49100,49000-49400,4-2,0,91.37,116.57,125.72,140.65,0.0015,0,0,EXACT_OR_NEAR_OPTIMAL
3509,Kendre Miller,RB,Bijan Robinson / Chris Olave / Drake London / Juwan Johnson / Kevin Austin Jr.,48300,48000-48900,2-4,0,94.53,122.62,133.91,150.58,0.0015,0,1,FORCED_CAPTAIN
3517,Kendre Miller,RB,Bijan Robinson / Chris Olave / Jahan Dotson / Nick Folk / Tyler Shough,48100,48000-48900,3-3,1,92.03,119.87,127.5,146.61,0.0015,0,1,EXACT_OR_NEAR_OPTIMAL
3533,Kendre Miller,RB,Bijan Robinson / Devaughn Vele / Michael Penix Jr. / Saints / Tyler Shough,49900,49500-49900,2-4,1,87.24,111.97,121.69,135.92,0.0015,0,1,EXACT_OR_NEAR_OPTIMAL
3547,Kendre Miller,RB,Charlie Woerner / Chris Olave / Drake London / Michael Penix Jr. / Tyler Shough,47500,<48000,3-3,1,89.8,121.77,132.1,150.2,0.0015,0,2,EXACT_OR_NEAR_OPTIMAL
3548,Kendre Miller,RB,Chris Olave / Daniel Carlson / Devaughn Vele / Drake London / Nick Folk,46300,<48000,2-4,0,79.14,104.24,111.08,126.51,0.0015,0,0,EXACT_OR_NEAR_OPTIMAL
3550,Kendre Miller,RB,Chris Olave / Daniel Carlson / Drake London / Juwan Johnson / Saints,44700,<48000,1-5,0,82.59,107.8,118.08,132.08,0.0015,0,1,EXACT_OR_NEAR_OPTIMAL
3562,Kendre Miller,RB,Chris Olave / Juwan Johnson / Michael Penix Jr. / Saints / Tyler Shough,48500,48000-48900,1-5,1,91.81,120.42,131.27,156.19,0.0015,0,3,FORCED_CAPTAIN
3567,Kendre Miller,RB,Devaughn Vele / Drake London / Michael Penix Jr. / Nick Folk / Tyler Shough,49300,49000-49400,3-3,1,82.88,111.86,121.26,140.42,0.0015,0,1,EXACT_OR_NEAR_OPTIMAL
3586,Kevin Austin Jr.,WR,Alvin Kamara / Bijan Robinson / Chris Olave / Nick Folk / Tyler Shough,45800,<48000,2-4,1,97.12,124.73,133.85,155.2,0.0015,0,1,FORCED_CAPTAIN
3590,Kevin Austin Jr.,WR,Alvin Kamara / Bijan Robinson / Drake London / Juwan Johnson / Michael Penix Jr.,46400,<48000,3-3,1,92.95,122.64,130.85,146.85,0.0015,0,2,EXACT_OR_NEAR_OPTIMAL
3599,Kevin Austin Jr.,WR,Alvin Kamara / Chris Olave / Daniel Carlson / Drake London / Tyler Shough,43400,<48000,1-5,1,91.58,119.89,128.57,144.99,0.0015,0,2,EXACT_OR_NEAR_OPTIMAL
3610,Kevin Austin Jr.,WR,Austin Hooper / Bijan Robinson / Chris Olave / Drake London / Tyler Shough,46200,<48000,3-3,1,99.31,129.43,139.4,157.58,0.0015,0,2,EXACT_OR_NEAR_OPTIMAL
3616,Kevin Austin Jr.,WR,Bijan Robinson / Brian Robinson Jr. / Chris Olave / Drake London / Michael Penix Jr.,46600,<48000,4-2,1,93.8,124.0,135.33,151.37,0.0015,0,2,FORCED_CAPTAIN
3637,Kevin Austin Jr.,WR,Bijan Robinson / Chris Olave / Drake London / Falcons / Michael Penix Jr.,46400,<48000,4-2,1,94.51,123.86,134.32,151.69,0.0015,0,2,FORCED_CAPTAIN
3642,Kevin Austin Jr.,WR,Bijan Robinson / Chris Olave / Drake London / Kyle Pitts Sr. / Michael Penix Jr.,48600,48000-48900,4-2,1,94.07,125.74,134.75,153.03,0.0015,0,2,FORCED_CAPTAIN
3668,Kevin Austin Jr.,WR,Bijan Robinson / Devaughn Vele / Juwan Johnson / Michael Penix Jr. / Tyler Shough,46800,<48000,2-4,1,92.38,123.01,131.75,154.06,0.0015,0,2,EXACT_OR_NEAR_OPTIMAL
3674,Kevin Austin Jr.,WR,Bijan Robinson / Drake London / Kendre Miller / Michael Penix Jr. / Tyler Shough,46600,<48000,3-3,1,89.15,119.08,127.47,146.16,0.0015,0,2,FORCED_CAPTAIN
3701,Kyle Pitts Sr.,TE,Alvin Kamara / Bijan Robinson / Chris Olave / Devaughn Vele / Falcons,49700,49500-49900,3-3,0,90.08,114.41,122.58,139.8,0.0015,0,0,FORCED_CAPTAIN
3703,Kyle Pitts Sr.,TE,Alvin Kamara / Bijan Robinson / Chris Olave / Falcons / Nick Folk,47300,<48000,4-2,0,87.04,110.35,117.59,134.53,0.0015,0,0,FORCED_CAPTAIN
3714,Kyle Pitts Sr.,TE,Alvin Kamara / Bijan Robinson / Falcons / Juwan Johnson / Michael Penix Jr.,47500,<48000,4-2,1,84.91,109.35,117.67,134.49,0.0015,0,1,FORCED_CAPTAIN
3716,Kyle Pitts Sr.,TE,Alvin Kamara / Bijan Robinson / Falcons / Michael Penix Jr. / Nick Folk,45500,<48000,5-1,1,76.91,98.75,106.7,120.82,0.0015,0,2,FORCED_CAPTAIN
3722,Kyle Pitts Sr.,TE,Alvin Kamara / Chris Olave / Daniel Carlson / Devaughn Vele / Tyler Shough,48700,48000-48900,1-5,1,89.04,117.5,126.58,143.39,0.0015,0,2,FORCED_CAPTAIN
3734,Kyle Pitts Sr.,TE,Alvin Kamara / Devaughn Vele / Drake London / Juwan Johnson / Michael Penix Jr.,49900,49500-49900,3-3,1,84.52,113.1,126.02,140.94,0.0015,0,1,EXACT_OR_NEAR_OPTIMAL
3747,Kyle Pitts Sr.,TE,Bijan Robinson / Brian Robinson Jr. / Chris Olave / Kendre Miller / Tyler Shough,49700,49500-49900,3-3,1,90.53,118.75,128.37,148.23,0.0015,0,1,FORCED_CAPTAIN
3758,Kyle Pitts Sr.,TE,Bijan Robinson / Chris Olave / Daniel Carlson / Juwan Johnson / Kendre Miller,48500,48000-48900,2-4,0,87.84,112.86,122.18,139.9,0.0015,0,0,FORCED_CAPTAIN
3760,Kyle Pitts Sr.,TE,Bijan Robinson / Chris Olave / Daniel Carlson / Juwan Johnson / Saints,47700,<48000,2-4,0,90.68,114.92,123.57,139.58,0.0015,0,0,FORCED_CAPTAIN
3768,Kyle Pitts Sr.,TE,Bijan Robinson / Chris Olave / Jahan Dotson / Michael Penix Jr. / Nick Folk,48700,48000-48900,5-1,1,87.56,114.7,123.5,143.1,0.0015,0,2,FORCED_CAPTAIN
3773,Kyle Pitts Sr.,TE,Bijan Robinson / Chris Olave / Kevin Austin Jr. / Nick Folk / Tyler Shough,47100,<48000,3-3,1,90.78,119.18,127.89,147.89,0.0015,0,1,FORCED_CAPTAIN
3774,Kyle Pitts Sr.,TE,Bijan Robinson / Chris Olave / Kevin Austin Jr. / Saints / Tyler Shough,45900,<48000,2-4,1,89.25,114.94,124.21,141.64,0.0015,0,1,FORCED_CAPTAIN
3776,Kyle Pitts Sr.,TE,Bijan Robinson / Daniel Carlson / Devaughn Vele / Saints / Tyler Shough,46900,<48000,2-4,0,82.26,104.27,112.27,126.59,0.0015,0,0,FORCED_CAPTAIN
3786,Kyle Pitts Sr.,TE,Brian Robinson Jr. / Chris Olave / Devaughn Vele / Juwan Johnson / Tyler Shough,48100,48000-48900,2-4,1,87.88,119.17,131.06,151.19,0.0015,0,1,FORCED_CAPTAIN
3802,Kyle Pitts Sr.,TE,Chris Olave / Drake London / Falcons / Saints / Tyler Shough,46900,<48000,3-3,0,88.21,114.41,122.85,140.54,0.0015,0,0,FORCED_CAPTAIN
3810,Kyle Pitts Sr.,TE,Devaughn Vele / Drake London / Juwan Johnson / Nick Folk / Tyler Shough,48900,48000-48900,3-3,1,85.56,114.73,125.22,143.95,0.0015,0,1,FORCED_CAPTAIN
3849,Michael Penix Jr.,QB,Alvin Kamara / Daniel Carlson / Devaughn Vele / Drake London / Jahan Dotson,46100,<48000,3-3,1,81.15,110.69,119.37,137.77,0.0015,0,1,EXACT_OR_NEAR_OPTIMAL
3857,Michael Penix Jr.,QB,Alvin Kamara / Devaughn Vele / Kyle Pitts Sr. / Saints / Tyler Shough,47900,<48000,2-4,1,82.25,107.14,115.98,133.65,0.0015,0,1,EXACT_OR_NEAR_OPTIMAL
3959,Michael Penix Jr.,QB,Chris Olave / Drake London / Falcons / Jahan Dotson / Kyle Pitts Sr.,46700,<48000,5-1,1,84.43,115.31,126.12,142.86,0.0015,0,2,EXACT_OR_NEAR_OPTIMAL
3982,Michael Penix Jr.,QB,Drake London / Kendre Miller / Kyle Pitts Sr. / Nick Folk / Tyler Shough,49300,49000-49400,4-2,1,82.9,113.62,122.3,141.47,0.0015,1,1,EXACT_OR_NEAR_OPTIMAL
4091,Nick Folk,K,Chris Olave / Daniel Carlson / Drake London / Michael Penix Jr. / Saints,46900,<48000,3-3,0,88.67,114.94,122.24,138.49,0.0015,0,0,FORCED_CAPTAIN
4115,Nick Muse,TE,Alvin Kamara / Bijan Robinson / Chris Olave / Devaughn Vele / Drake London,47700,<48000,3-3,0,96.99,123.64,132.51,149.43,0.0015,0,0,EXACT_OR_NEAR_OPTIMAL
4129,Nick Muse,TE,Alvin Kamara / Bijan Robinson / Devaughn Vele / Drake London / Tyler Shough,46500,<48000,3-3,1,93.54,120.63,128.66,146.38,0.0015,0,1,FORCED_CAPTAIN
4132,Nick Muse,TE,Alvin Kamara / Bijan Robinson / Drake London / Juwan Johnson / Tyler Shough,46100,<48000,3-3,1,98.51,127.77,136.16,153.1,0.0015,0,2,FORCED_CAPTAIN
4167,Nick Muse,TE,Bijan Robinson / Chris Olave / Daniel Carlson / Michael Penix Jr. / Tyler Shough,46300,<48000,3-3,1,98.23,128.53,136.68,154.22,0.0015,0,2,FORCED_CAPTAIN
4177,Nick Muse,TE,Bijan Robinson / Chris Olave / Drake London / Falcons / Michael Penix Jr.,45500,<48000,5-1,1,93.38,122.87,133.01,150.95,0.0015,0,3,EXACT_OR_NEAR_OPTIMAL
4188,Nick Muse,TE,Bijan Robinson / Chris Olave / Drake London / Saints / Tyler Shough,46700,<48000,3-3,0,101.0,129.31,138.18,155.72,0.0015,0,1,FORCED_CAPTAIN
4198,Nick Muse,TE,Bijan Robinson / Chris Olave / Michael Penix Jr. / Nick Folk / Tyler Shough,46900,<48000,4-2,1,97.88,127.89,136.4,153.68,0.0015,0,2,FORCED_CAPTAIN
4232,Olamide Zaccheaus,WR,Alvin Kamara / Bijan Robinson / Brian Robinson Jr. / Chris Olave / Tyler Shough,46000,<48000,3-3,1,96.41,125.1,134.08,153.41,0.0015,0,1,FORCED_CAPTAIN
4242,Olamide Zaccheaus,WR,Alvin Kamara / Bijan Robinson / Chris Olave / Juwan Johnson / Nick Folk,45400,<48000,3-3,0,93.37,119.22,127.84,144.59,0.0015,0,0,FORCED_CAPTAIN
4265,Olamide Zaccheaus,WR,Alvin Kamara / Chris Olave / Juwan Johnson / Nick Folk / Tyler Shough,43200,<48000,2-4,1,89.53,119.85,128.7,152.04,0.0015,0,1,FORCED_CAPTAIN
4276,Olamide Zaccheaus,WR,Bijan Robinson / Brian Robinson Jr. / Chris Olave / Devaughn Vele / Tyler Shough,46800,<48000,3-3,1,93.8,123.45,134.52,153.82,0.0015,0,1,FORCED_CAPTAIN
4307,Olamide Zaccheaus,WR,Bijan Robinson / Chris Olave / Falcons / Juwan Johnson / Michael Penix Jr.,45600,<48000,4-2,1,92.8,120.93,129.99,149.52,0.0015,0,2,FORCED_CAPTAIN
4322,Olamide Zaccheaus,WR,Bijan Robinson / Daniel Carlson / Drake London / Juwan Johnson / Tyler Shough,46600,<48000,3-3,0,96.8,125.04,134.55,156.66,0.0015,0,1,FORCED_CAPTAIN
4348,Olamide Zaccheaus,WR,Chris Olave / Drake London / Michael Penix Jr. / Saints / Tyler Shough,46600,<48000,3-3,1,94.07,125.49,135.7,154.8,0.0015,0,2,FORCED_CAPTAIN
4403,Oscar Delp,TE,Bijan Robinson / Chris Olave / Daniel Carlson / Michael Penix Jr. / Tyler Shough,46600,<48000,2-4,1,98.23,128.46,136.68,154.22,0.0015,0,2,FORCED_CAPTAIN
4426,Oscar Delp,TE,Bijan Robinson / Chris Olave / Drake London / Saints / Tyler Shough,47000,<48000,2-4,1,101.01,129.32,138.18,155.72,0.0015,0,2,FORCED_CAPTAIN
4436,Oscar Delp,TE,Bijan Robinson / Chris Olave / Michael Penix Jr. / Nick Folk / Tyler Shough,47200,<48000,3-3,1,97.89,127.84,136.31,153.68,0.0015,0,2,FORCED_CAPTAIN
4504,Saints,DST,Alvin Kamara / Chris Olave / Daniel Carlson / Drake London / Falcons,42500,<48000,2-4,0,83.56,106.67,112.39,125.46,0.0015,0,0,EXACT_OR_NEAR_OPTIMAL
4514,Saints,DST,Alvin Kamara / Daniel Carlson / Drake London / Falcons / Juwan Johnson,39100,<48000,2-4,0,73.9,95.18,101.4,114.61,0.0015,0,0,EXACT_OR_NEAR_OPTIMAL
4537,Saints,DST,Bijan Robinson / Bryce Lance / Devaughn Vele / Juwan Johnson / Tyler Shough,44700,<48000,1-5,1,88.16,115.03,123.8,142.31,0.0015,0,2,FORCED_CAPTAIN
4755,Treyton Welch,TE,Alvin Kamara / Chris Olave / Juwan Johnson / Michael Penix Jr. / Tyler Shough,44100,<48000,1-5,1,95.88,127.34,137.34,159.96,0.0015,0,3,FORCED_CAPTAIN
4767,Treyton Welch,TE,Bijan Robinson / Brian Robinson Jr. / Chris Olave / Michael Penix Jr. / Tyler Shough,45300,<48000,3-3,1,97.12,126.62,136.89,158.05,0.0015,0,2,FORCED_CAPTAIN
4780,Treyton Welch,TE,Bijan Robinson / Chris Olave / Daniel Carlson / Nick Folk / Tyler Shough,42700,<48000,2-4,1,93.1,119.94,128.75,144.44,0.0015,0,1,FORCED_CAPTAIN
4783,Treyton Welch,TE,Bijan Robinson / Chris Olave / Devaughn Vele / Falcons / Tyler Shough,43900,<48000,2-4,1,93.33,121.24,130.11,152.19,0.0015,0,1,FORCED_CAPTAIN
4811,Treyton Welch,TE,Bijan Robinson / Daniel Carlson / Juwan Johnson / Michael Penix Jr. / Tyler Shough,42900,<48000,2-4,1,90.97,118.99,128.24,145.8,0.0015,0,2,FORCED_CAPTAIN
4823,Treyton Welch,TE,Chris Olave / Daniel Carlson / Devaughn Vele / Drake London / Tyler Shough,43300,<48000,1-5,1,90.25,119.82,129.2,147.17,0.0015,0,2,FORCED_CAPTAIN
4825,Treyton Welch,TE,Chris Olave / Daniel Carlson / Drake London / Michael Penix Jr. / Tyler Shough,44500,<48000,2-4,1,94.75,126.03,136.56,156.36,0.0015,0,2,FORCED_CAPTAIN
4829,Treyton Welch,TE,Chris Olave / Devaughn Vele / Drake London / Saints / Tyler Shough,42700,<48000,1-5,1,88.38,118.1,126.36,146.82,0.0015,0,2,FORCED_CAPTAIN
4834,Treyton Welch,TE,Chris Olave / Drake London / Juwan Johnson / Saints / Tyler Shough,42300,<48000,1-5,1,93.35,123.61,133.71,154.79,0.0015,0,3,FORCED_CAPTAIN
5294,Tyler Shough,QB,Drake London / Jahan Dotson / Kyle Pitts Sr. / Michael Penix Jr. / Nick Folk,47600,<48000,5-1,1,86.78,117.33,126.6,144.31,0.0015,0,2,EXACT_OR_NEAR_OPTIMAL
5421,Zachariah Branch,WR,Alvin Kamara / Bijan Robinson / Chris Olave / Daniel Carlson / Drake London,48000,48000-48900,3-3,0,95.37,122.06,130.08,143.82,0.0015,0,0,FORCED_CAPTAIN
5433,Zachariah Branch,WR,Alvin Kamara / Bijan Robinson / Devaughn Vele / Drake London / Michael Penix Jr.,49200,49000-49400,4-2,1,87.92,116.12,125.66,140.67,0.0015,0,1,FORCED_CAPTAIN
5436,Zachariah Branch,WR,Alvin Kamara / Bijan Robinson / Devaughn Vele / Michael Penix Jr. / Tyler Shough,48800,48000-48900,3-3,1,89.96,117.73,124.95,143.77,0.0015,0,1,FORCED_CAPTAIN
5437,Zachariah Branch,WR,Alvin Kamara / Bijan Robinson / Drake London / Juwan Johnson / Michael Penix Jr.,48800,48000-48900,4-2,1,92.89,122.46,130.88,147.73,0.0015,0,2,FORCED_CAPTAIN
5505,Zachariah Branch,WR,Bijan Robinson / Daniel Carlson / Drake London / Juwan Johnson / Michael Penix Jr.,46600,<48000,4-2,1,87.59,117.07,127.37,144.94,0.0015,0,2,FORCED_CAPTAIN
5506,Zachariah Branch,WR,Bijan Robinson / Daniel Carlson / Drake London / Juwan Johnson / Tyler Shough,47200,<48000,3-3,0,94.27,122.36,132.17,149.29,0.0015,0,1,FORCED_CAPTAIN
5513,Zachariah Branch,WR,Bijan Robinson / Devaughn Vele / Juwan Johnson / Michael Penix Jr. / Tyler Shough,49200,49000-49400,3-3,1,92.32,122.72,132.38,153.96,0.0015,0,2,FORCED_CAPTAIN
5523,Zachariah Branch,WR,Chris Olave / Devaughn Vele / Juwan Johnson / Michael Penix Jr. / Tyler Shough,48200,48000-48900,2-4,1,91.92,123.91,135.92,160.14,0.0015,0,2,FORCED_CAPTAIN
5534,Zachariah Branch,WR,Devaughn Vele / Drake London / Juwan Johnson / Michael Penix Jr. / Tyler Shough,47400,<48000,3-3,1,86.43,117.5,130.24,149.94,0.0015,0,2,FORCED_CAPTAIN
190,Austin Hooper,TE,Alvin Kamara / Bijan Robinson / Chris Olave / Daniel Carlson / Nick Folk,44000,<48000,3-3,0,87.68,111.49,118.05,135.88,0.001,0,0,FORCED_CAPTAIN
201,Austin Hooper,TE,Alvin Kamara / Bijan Robinson / Daniel Carlson / Devaughn Vele / Tyler Shough,45200,<48000,2-4,1,87.26,112.08,119.54,135.59,0.001,0,1,FORCED_CAPTAIN
220,Austin Hooper,TE,Alvin Kamara / Chris Olave / Drake London / Michael Penix Jr. / Saints,45200,<48000,3-3,1,87.46,115.41,124.19,140.39,0.001,0,1,FORCED_CAPTAIN
221,Austin Hooper,TE,Alvin Kamara / Chris Olave / Falcons / Juwan Johnson / Michael Penix Jr.,42000,<48000,3-3,0,82.34,106.41,114.9,134.5,0.001,0,0,FORCED_CAPTAIN
259,Austin Hooper,TE,Bijan Robinson / Chris Olave / Falcons / Michael Penix Jr. / Nick Folk,44800,<48000,5-1,1,86.76,112.36,120.76,137.61,0.001,0,2,FORCED_CAPTAIN
286,Austin Hooper,TE,Brian Robinson Jr. / Chris Olave / Juwan Johnson / Michael Penix Jr. / Tyler Shough,44800,<48000,3-3,1,90.2,121.59,132.86,158.87,0.001,0,2,FORCED_CAPTAIN
287,Austin Hooper,TE,Chris Olave / Daniel Carlson / Drake London / Juwan Johnson / Michael Penix Jr.,46200,<48000,3-3,1,91.68,122.02,133.16,152.41,0.001,0,2,FORCED_CAPTAIN
295,Austin Hooper,TE,Chris Olave / Devaughn Vele / Juwan Johnson / Nick Folk / Tyler Shough,45200,<48000,2-4,1,88.87,120.73,130.4,152.7,0.001,0,1,FORCED_CAPTAIN
321,Barion Brown,WR,Alvin Kamara / Bijan Robinson / Chris Olave / Nick Folk / Tyler Shough,46400,<48000,2-4,1,96.35,124.14,132.26,152.02,0.001,0,1,FORCED_CAPTAIN
353,Barion Brown,WR,Bijan Robinson / Brian Robinson Jr. / Chris Olave / Juwan Johnson / Tyler Shough,45200,<48000,2-4,1,95.54,126.04,135.09,156.02,0.001,0,2,FORCED_CAPTAIN
365,Barion Brown,WR,Bijan Robinson / Chris Olave / Daniel Carlson / Juwan Johnson / Tyler Shough,46200,<48000,1-5,1,99.06,128.72,139.65,158.1,0.001,0,3,FORCED_CAPTAIN
375,Barion Brown,WR,Bijan Robinson / Chris Olave / Drake London / Falcons / Michael Penix Jr.,47000,<48000,4-2,1,93.74,123.01,133.1,151.39,0.001,0,2,EXACT_OR_NEAR_OPTIMAL
382,Barion Brown,WR,Bijan Robinson / Chris Olave / Drake London / Michael Penix Jr. / Saints,47600,<48000,3-3,1,94.68,122.19,133.14,148.34,0.001,0,2,EXACT_OR_NEAR_OPTIMAL
389,Barion Brown,WR,Bijan Robinson / Chris Olave / Juwan Johnson / Nick Folk / Tyler Shough,46800,<48000,2-4,1,98.71,129.51,138.86,158.26,0.001,0,2,FORCED_CAPTAIN
411,Barion Brown,WR,Bijan Robinson / Drake London / Michael Penix Jr. / Nick Folk / Tyler Shough,47600,<48000,4-2,1,92.75,121.77,130.34,146.37,0.001,0,2,FORCED_CAPTAIN
412,Barion Brown,WR,Bijan Robinson / Drake London / Michael Penix Jr. / Saints / Tyler Shough,46400,<48000,3-3,1,91.23,118.34,127.08,143.45,0.001,0,2,FORCED_CAPTAIN
854,Bryce Lance,WR,Alvin Kamara / Bijan Robinson / Brian Robinson Jr. / Drake London / Michael Penix Jr.,44300,<48000,4-2,1,84.72,112.72,120.88,136.83,0.001,0,1,FORCED_CAPTAIN
892,Bryce Lance,WR,Austin Hooper / Bijan Robinson / Juwan Johnson / Michael Penix Jr. / Tyler Shough,43300,<48000,3-3,1,87.94,117.26,128.44,144.76,0.001,0,2,FORCED_CAPTAIN
907,Bryce Lance,WR,Bijan Robinson / Chris Olave / Daniel Carlson / Saints / Tyler Shough,43900,<48000,1-5,1,93.23,119.06,127.66,145.73,0.001,0,2,FORCED_CAPTAIN
910,Bryce Lance,WR,Bijan Robinson / Chris Olave / Devaughn Vele / Michael Penix Jr. / Nick Folk,47500,<48000,3-3,0,90.76,119.1,126.95,143.12,0.001,0,0,FORCED_CAPTAIN
927,Bryce Lance,WR,Bijan Robinson / Chris Olave / Falcons / Saints / Tyler Shough,42700,<48000,2-4,1,90.43,116.34,124.03,145.69,0.001,0,1,FORCED_CAPTAIN
938,Bryce Lance,WR,Bijan Robinson / Daniel Carlson / Devaughn Vele / Michael Penix Jr. / Tyler Shough,45700,<48000,2-4,1,87.66,114.57,124.4,139.91,0.001,0,1,FORCED_CAPTAIN
947,Bryce Lance,WR,Bijan Robinson / Devaughn Vele / Drake London / Saints / Tyler Shough,46100,<48000,2-4,1,90.43,116.85,124.85,142.33,0.001,0,1,FORCED_CAPTAIN
949,Bryce Lance,WR,Bijan Robinson / Devaughn Vele / Juwan Johnson / Saints / Tyler Shough,43500,<48000,1-5,1,86.26,113.71,122.81,141.37,0.001,0,2,FORCED_CAPTAIN
954,Bryce Lance,WR,Bijan Robinson / Juwan Johnson / Michael Penix Jr. / Olamide Zaccheaus / Tyler Shough,42500,<48000,3-3,1,86.63,115.63,125.49,143.51,0.001,0,2,FORCED_CAPTAIN
1009,CJ Donaldson,RB,Alvin Kamara / Bijan Robinson / Juwan Johnson / Michael Penix Jr. / Tyler Shough,46900,<48000,2-4,1,94.56,124.09,133.52,149.17,0.001,0,2,FORCED_CAPTAIN
1025,CJ Donaldson,RB,Bijan Robinson / Chris Olave / Daniel Carlson / Devaughn Vele / Tyler Shough,46900,<48000,1-5,1,94.42,122.95,132.16,151.55,0.001,0,2,EXACT_OR_NEAR_OPTIMAL
1036,CJ Donaldson,RB,Bijan Robinson / Chris Olave / Devaughn Vele / Juwan Johnson / Michael Penix Jr.,48900,48000-48900,2-4,0,95.4,124.11,133.65,155.51,0.001,0,1,FORCED_CAPTAIN
1039,CJ Donaldson,RB,Bijan Robinson / Chris Olave / Drake London / Falcons / Michael Penix Jr.,47300,<48000,4-2,1,94.08,123.53,133.55,151.54,0.001,0,2,FORCED_CAPTAIN
1046,CJ Donaldson,RB,Bijan Robinson / Chris Olave / Drake London / Kyle Pitts Sr. / Michael Penix Jr.,49500,49500-49900,4-2,1,93.64,125.25,135.03,151.09,0.001,0,2,FORCED_CAPTAIN
1072,CJ Donaldson,RB,Bijan Robinson / Devaughn Vele / Juwan Johnson / Michael Penix Jr. / Tyler Shough,47700,<48000,2-4,1,91.94,121.45,131.15,153.59,0.001,0,2,FORCED_CAPTAIN
1082,CJ Donaldson,RB,Chris Olave / Devaughn Vele / Juwan Johnson / Michael Penix Jr. / Tyler Shough,46700,<48000,1-5,1,91.55,123.46,134.86,158.71,0.001,0,3,EXACT_OR_NEAR_OPTIMAL
1114,Cal Adomitis,TE,Alvin Kamara / Bijan Robinson / Chris Olave / Saints / Tyler Shough,43700,<48000,1-5,1,94.95,120.68,129.2,150.27,0.001,0,2,FORCED_CAPTAIN
1116,Cal Adomitis,TE,Alvin Kamara / Bijan Robinson / Devaughn Vele / Drake London / Michael Penix Jr.,45900,<48000,3-3,1,87.34,115.56,125.02,138.85,0.001,0,1,FORCED_CAPTAIN
1137,Cal Adomitis,TE,Bijan Robinson / Brian Robinson Jr. / Chris Olave / Devaughn Vele / Drake London,44500,<48000,3-3,0,88.65,115.91,124.82,140.29,0.001,0,0,FORCED_CAPTAIN
1149,Cal Adomitis,TE,Bijan Robinson / Chris Olave / Daniel Carlson / Juwan Johnson / Tyler Shough,44700,<48000,1-5,1,99.18,129.05,139.62,158.1,0.001,0,3,FORCED_CAPTAIN
1159,Cal Adomitis,TE,Bijan Robinson / Chris Olave / Drake London / Falcons / Michael Penix Jr.,45500,<48000,4-2,1,93.86,123.06,133.44,151.14,0.001,0,2,FORCED_CAPTAIN
1179,Cal Adomitis,TE,Bijan Robinson / Chris Olave / Juwan Johnson / Saints / Tyler Shough,44100,<48000,1-5,1,97.3,126.18,134.97,157.59,0.001,0,3,FORCED_CAPTAIN
1187,Cal Adomitis,TE,Bijan Robinson / Daniel Carlson / Drake London / Michael Penix Jr. / Tyler Shough,45500,<48000,3-3,1,93.22,123.21,132.31,146.9,0.001,0,2,FORCED_CAPTAIN
1218,Charlie Woerner,TE,Alvin Kamara / Bijan Robinson / Chris Olave / Daniel Carlson / Tyler Shough,44900,<48000,2-4,1,96.85,123.78,131.96,151.82,0.001,0,1,FORCED_CAPTAIN
1253,Charlie Woerner,TE,Alvin Kamara / Chris Olave / Juwan Johnson / Michael Penix Jr. / Tyler Shough,44700,<48000,2-4,1,93.97,125.76,134.54,156.32,0.001,0,2,FORCED_CAPTAIN
1313,Charlie Woerner,TE,Bijan Robinson / Drake London / Kendre Miller / Michael Penix Jr. / Tyler Shough,46300,<48000,4-2,1,88.53,117.97,126.87,144.37,0.001,0,2,FORCED_CAPTAIN
1350,Chris Blair,WR,Alvin Kamara / Bijan Robinson / Devaughn Vele / Drake London / Tyler Shough,47700,<48000,3-3,1,93.69,120.66,129.06,146.38,0.001,0,1,FORCED_CAPTAIN
1354,Chris Blair,WR,Alvin Kamara / Bijan Robinson / Drake London / Juwan Johnson / Michael Penix Jr.,46700,<48000,4-2,1,91.98,121.14,130.29,146.16,0.001,0,2,EXACT_OR_NEAR_OPTIMAL
1408,Chris Blair,WR,Bijan Robinson / Chris Olave / Drake London / Michael Penix Jr. / Saints,47300,<48000,4-2,1,94.47,122.19,132.85,148.34,0.001,0,2,FORCED_CAPTAIN
1669,Chris Olave,WR,Bijan Robinson / Brian Robinson Jr. / Jahan Dotson / Michael Penix Jr. / Zachariah Branch,46200,<48000,5-1,1,90.23,120.75,130.18,149.46,0.001,1,2,EXACT_OR_NEAR_OPTIMAL
1792,Chris Olave,WR,Brian Robinson Jr. / Jahan Dotson / Michael Penix Jr. / Tyler Shough / Zachariah Branch,44000,<48000,4-2,1,86.38,118.86,128.98,153.56,0.001,0,1,EXACT_OR_NEAR_OPTIMAL
2206,Devaughn Vele,WR,Alvin Kamara / Brian Robinson Jr. / Daniel Carlson / Nick Folk / Tyler Shough,42300,<48000,2-4,1,74.06,98.84,106.35,121.26,0.001,0,1,EXACT_OR_NEAR_OPTIMAL
2224,Devaughn Vele,WR,Alvin Kamara / Daniel Carlson / Drake London / Juwan Johnson / Saints,45100,<48000,1-5,0,81.67,106.1,114.46,131.64,0.001,0,1,EXACT_OR_NEAR_OPTIMAL
2230,Devaughn Vele,WR,Alvin Kamara / Drake London / Falcons / Michael Penix Jr. / Nick Folk,46700,<48000,4-2,0,79.92,106.1,114.59,128.01,0.001,0,0,EXACT_OR_NEAR_OPTIMAL
2246,Devaughn Vele,WR,Austin Hooper / Chris Olave / Daniel Carlson / Juwan Johnson / Michael Penix Jr.,46500,<48000,2-4,0,86.23,114.58,123.65,142.87,0.001,0,0,EXACT_OR_NEAR_OPTIMAL
2300,Devaughn Vele,WR,Brian Robinson Jr. / Drake London / Falcons / Juwan Johnson / Tyler Shough,46100,<48000,3-3,1,85.79,114.0,124.11,145.64,0.001,0,1,FORCED_CAPTAIN
2341,Devaughn Vele,WR,Drake London / Juwan Johnson / Saints / Treyton Welch / Tyler Shough,43100,<48000,1-5,1,83.45,113.94,124.21,142.41,0.001,0,2,EXACT_OR_NEAR_OPTIMAL
2409,Drake London,WR,Alvin Kamara / Brian Robinson Jr. / Falcons / Michael Penix Jr. / Nick Folk,43800,<48000,5-1,1,78.29,106.67,115.95,133.36,0.001,0,2,EXACT_OR_NEAR_OPTIMAL
2428,Drake London,WR,Alvin Kamara / Bryce Lance / Kendre Miller / Nick Folk / Tyler Shough,43800,<48000,2-4,1,80.9,109.71,117.6,138.09,0.001,0,1,EXACT_OR_NEAR_OPTIMAL
2653,Drake London,WR,Brian Robinson Jr. / Devaughn Vele / Juwan Johnson / Michael Penix Jr. / Zachariah Branch,45400,<48000,4-2,1,78.8,110.42,122.39,143.4,0.001,0,1,EXACT_OR_NEAR_OPTIMAL
2818,Falcons,DST,Alvin Kamara / Chris Olave / Juwan Johnson / Nick Folk / Saints,40200,<48000,2-4,0,78.57,99.87,106.84,121.12,0.001,0,0,FORCED_CAPTAIN
3029,Jahan Dotson,WR,Alvin Kamara / Bijan Robinson / Chris Olave / Daniel Carlson / Nick Folk,44300,<48000,3-3,0,88.44,111.81,120.14,134.15,0.001,0,0,FORCED_CAPTAIN
3067,Jahan Dotson,WR,Alvin Kamara / Juwan Johnson / Michael Penix Jr. / Nick Folk / Tyler Shough,42900,<48000,3-3,1,82.12,110.1,119.24,137.33,0.001,0,1,FORCED_CAPTAIN
3072,Jahan Dotson,WR,Austin Hooper / Bijan Robinson / Drake London / Juwan Johnson / Michael Penix Jr.,45500,<48000,5-1,1,88.15,119.08,130.05,146.89,0.001,0,3,FORCED_CAPTAIN
3099,Jahan Dotson,WR,Bijan Robinson / Chris Olave / Falcons / Michael Penix Jr. / Saints,43900,<48000,4-2,1,86.0,109.74,117.18,131.89,0.001,0,1,FORCED_CAPTAIN
3394,Juwan Johnson,TE,Daniel Carlson / Devaughn Vele / Falcons / Kyle Pitts Sr. / Michael Penix Jr.,42100,<48000,3-3,0,70.03,93.82,103.16,119.28,0.001,0,0,EXACT_OR_NEAR_OPTIMAL
3395,Juwan Johnson,TE,Daniel Carlson / Devaughn Vele / Falcons / Michael Penix Jr. / Nick Folk,41700,<48000,3-3,0,72.93,96.51,105.41,121.61,0.001,0,0,EXACT_OR_NEAR_OPTIMAL
3406,Juwan Johnson,TE,Daniel Carlson / Kendre Miller / Kyle Pitts Sr. / Michael Penix Jr. / Tyler Shough,45300,<48000,2-4,1,79.31,107.84,119.01,139.23,0.001,0,1,EXACT_OR_NEAR_OPTIMAL
3442,Kendre Miller,RB,Alvin Kamara / Bijan Robinson / Devaughn Vele / Drake London / Saints,48300,48000-48900,2-4,0,83.31,107.14,114.45,127.1,0.001,0,0,FORCED_CAPTAIN
3448,Kendre Miller,RB,Alvin Kamara / Bijan Robinson / Drake London / Juwan Johnson / Nick Folk,49100,49000-49400,3-3,0,89.81,115.8,122.87,136.7,0.001,0,0,EXACT_OR_NEAR_OPTIMAL
3450,Kendre Miller,RB,Alvin Kamara / Bijan Robinson / Drake London / Olamide Zaccheaus / Tyler Shough,47900,<48000,3-3,1,90.37,116.5,125.65,142.14,0.001,0,1,EXACT_OR_NEAR_OPTIMAL
3467,Kendre Miller,RB,Austin Hooper / Bijan Robinson / Chris Olave / Devaughn Vele / Michael Penix Jr.,49700,49500-49900,3-3,1,87.87,115.79,124.83,142.12,0.001,0,1,EXACT_OR_NEAR_OPTIMAL
3473,Kendre Miller,RB,Bijan Robinson / Brian Robinson Jr. / Chris Olave / Daniel Carlson / Drake London,48700,48000-48900,3-3,0,91.0,117.91,128.38,142.6,0.001,0,0,EXACT_OR_NEAR_OPTIMAL
3474,Kendre Miller,RB,Bijan Robinson / Brian Robinson Jr. / Chris Olave / Drake London / Falcons,47500,<48000,4-2,0,88.19,113.13,123.28,137.72,0.001,0,0,EXACT_OR_NEAR_OPTIMAL
3476,Kendre Miller,RB,Bijan Robinson / Brian Robinson Jr. / Chris Olave / Jahan Dotson / Tyler Shough,46500,<48000,3-3,1,88.86,116.29,126.22,144.49,0.001,0,1,EXACT_OR_NEAR_OPTIMAL
3478,Kendre Miller,RB,Bijan Robinson / Brian Robinson Jr. / Chris Olave / Saints / Tyler Shough,47700,<48000,2-4,1,91.17,116.76,125.81,147.11,0.001,0,1,EXACT_OR_NEAR_OPTIMAL
3480,Kendre Miller,RB,Bijan Robinson / Brian Robinson Jr. / Devaughn Vele / Drake London / Michael Penix Jr.,49900,49500-49900,4-2,1,83.55,112.42,122.23,139.37,0.001,0,1,EXACT_OR_NEAR_OPTIMAL
3485,Kendre Miller,RB,Bijan Robinson / Bryce Lance / Chris Olave / Nick Folk / Tyler Shough,46900,<48000,2-4,1,90.53,119.43,127.29,149.58,0.001,0,1,EXACT_OR_NEAR_OPTIMAL
3497,Kendre Miller,RB,Bijan Robinson / Chris Olave / Daniel Carlson / Kyle Pitts Sr. / Michael Penix Jr.,49700,49500-49900,3-3,1,86.63,112.44,122.4,138.48,0.001,0,1,EXACT_OR_NEAR_OPTIMAL
3507,Kendre Miller,RB,Bijan Robinson / Chris Olave / Drake London / Falcons / Saints,47900,<48000,3-3,0,89.84,114.05,122.2,135.72,0.001,0,0,FORCED_CAPTAIN
3508,Kendre Miller,RB,Bijan Robinson / Chris Olave / Drake London / Jahan Dotson / Nick Folk,48500,48000-48900,4-2,0,89.99,115.45,125.51,139.18,0.001,0,0,EXACT_OR_NEAR_OPTIMAL
3511,Kendre Miller,RB,Bijan Robinson / Chris Olave / Drake London / Juwan Johnson / Zachariah Branch,49900,49500-49900,3-3,0,94.49,122.37,133.92,149.4,0.001,0,1,EXACT_OR_NEAR_OPTIMAL
3516,Kendre Miller,RB,Bijan Robinson / Chris Olave / Jahan Dotson / Michael Penix Jr. / Nick Folk,47500,<48000,4-2,1,85.35,111.06,118.85,137.98,0.001,0,1,EXACT_OR_NEAR_OPTIMAL
3528,Kendre Miller,RB,Bijan Robinson / Daniel Carlson / Devaughn Vele / Saints / Tyler Shough,45700,<48000,1-5,1,80.05,101.52,108.9,123.74,0.001,0,2,EXACT_OR_NEAR_OPTIMAL
3530,Kendre Miller,RB,Bijan Robinson / Daniel Carlson / Drake London / Saints / Tyler Shough,47900,<48000,2-4,0,89.2,112.72,122.31,135.4,0.001,0,0,EXACT_OR_NEAR_OPTIMAL
3538,Kendre Miller,RB,Bijan Robinson / Jahan Dotson / Juwan Johnson / Michael Penix Jr. / Tyler Shough,48300,48000-48900,3-3,1,89.9,119.26,129.8,146.27,0.001,0,2,FORCED_CAPTAIN
3541,Kendre Miller,RB,Bijan Robinson / Kyle Pitts Sr. / Michael Penix Jr. / Saints / Tyler Shough,47900,<48000,3-3,1,81.31,104.6,112.81,127.14,0.001,0,1,EXACT_OR_NEAR_OPTIMAL
3552,Kendre Miller,RB,Chris Olave / Devaughn Vele / Drake London / Falcons / Tyler Shough,49300,49000-49400,2-4,1,90.56,120.62,127.6,148.44,0.001,0,1,EXACT_OR_NEAR_OPTIMAL
3553,Kendre Miller,RB,Chris Olave / Devaughn Vele / Drake London / Kevin Austin Jr. / Tyler Shough,46500,<48000,1-5,1,85.72,115.68,125.44,143.52,0.001,0,2,EXACT_OR_NEAR_OPTIMAL
3565,Kendre Miller,RB,Devaughn Vele / Drake London / Jahan Dotson / Michael Penix Jr. / Tyler Shough,46900,<48000,3-3,1,79.05,108.3,118.6,138.2,0.001,0,1,EXACT_OR_NEAR_OPTIMAL
3566,Kendre Miller,RB,Devaughn Vele / Drake London / Juwan Johnson / Nick Folk / Tyler Shough,47700,<48000,2-4,1,83.35,112.24,120.83,140.82,0.001,0,1,EXACT_OR_NEAR_OPTIMAL
3574,Kevin Austin Jr.,WR,Alvin Kamara / Bijan Robinson / Chris Olave / Daniel Carlson / Drake London,45600,<48000,2-4,0,95.43,121.35,130.23,143.82,0.001,0,0,FORCED_CAPTAIN
3619,Kevin Austin Jr.,WR,Bijan Robinson / Brian Robinson Jr. / Chris Olave / Michael Penix Jr. / Tyler Shough,46200,<48000,3-3,1,95.83,125.6,135.81,155.38,0.001,0,2,FORCED_CAPTAIN
3623,Kevin Austin Jr.,WR,Bijan Robinson / Chris Olave / Daniel Carlson / Drake London / Juwan Johnson,46000,<48000,2-4,0,97.78,125.61,137.05,150.69,0.001,0,1,EXACT_OR_NEAR_OPTIMAL
3645,Kevin Austin Jr.,WR,Bijan Robinson / Chris Olave / Drake London / Michael Penix Jr. / Saints,47000,<48000,3-3,1,95.44,123.21,133.41,148.36,0.001,0,2,FORCED_CAPTAIN
3649,Kevin Austin Jr.,WR,Bijan Robinson / Chris Olave / Falcons / Juwan Johnson / Tyler Shough,44400,<48000,2-4,1,97.01,126.25,136.62,157.22,0.001,0,2,EXACT_OR_NEAR_OPTIMAL
3672,Kevin Austin Jr.,WR,Bijan Robinson / Drake London / Juwan Johnson / Nick Folk / Tyler Shough,45400,<48000,3-3,1,93.99,122.24,130.53,147.7,0.001,0,2,FORCED_CAPTAIN
3673,Kevin Austin Jr.,WR,Bijan Robinson / Drake London / Juwan Johnson / Saints / Tyler Shough,44200,<48000,2-4,1,92.46,119.33,127.51,144.18,0.001,0,2,FORCED_CAPTAIN
3685,Kevin Austin Jr.,WR,Chris Olave / Devaughn Vele / Juwan Johnson / Michael Penix Jr. / Tyler Shough,45800,<48000,1-5,1,91.98,124.43,136.34,157.54,0.001,0,3,FORCED_CAPTAIN
3695,Kyle Pitts Sr.,TE,Alvin Kamara / Bijan Robinson / Brian Robinson Jr. / Chris Olave / Nick Folk,47500,<48000,4-2,0,86.33,111.19,118.68,132.78,0.001,0,0,FORCED_CAPTAIN
3704,Kyle Pitts Sr.,TE,Alvin Kamara / Bijan Robinson / Chris Olave / Jahan Dotson / Juwan Johnson,48700,48000-48900,3-3,0,93.67,120.76,128.68,146.82,0.001,0,0,FORCED_CAPTAIN
3736,Kyle Pitts Sr.,TE,Alvin Kamara / Drake London / Juwan Johnson / Michael Penix Jr. / Nick Folk,47500,<48000,4-2,1,81.49,109.39,117.79,134.93,0.001,0,1,FORCED_CAPTAIN
3740,Kyle Pitts Sr.,TE,Austin Hooper / Bijan Robinson / Chris Olave / Nick Folk / Tyler Shough,49100,49000-49400,4-2,0,93.73,122.7,132.17,149.54,0.001,0,0,FORCED_CAPTAIN
3837,Michael Penix Jr.,QB,Alvin Kamara / Brian Robinson Jr. / Daniel Carlson / Juwan Johnson / Tyler Shough,46100,<48000,2-4,1,88.81,116.81,126.48,143.8,0.001,0,1,EXACT_OR_NEAR_OPTIMAL
3838,Michael Penix Jr.,QB,Alvin Kamara / Brian Robinson Jr. / Drake London / Jahan Dotson / Juwan Johnson,44700,<48000,4-2,1,82.59,112.7,123.03,142.47,0.001,0,1,EXACT_OR_NEAR_OPTIMAL
3855,Michael Penix Jr.,QB,Alvin Kamara / Devaughn Vele / Drake London / Kyle Pitts Sr. / Saints,48300,48000-48900,3-3,1,80.21,107.62,116.89,134.26,0.001,0,1,EXACT_OR_NEAR_OPTIMAL
3861,Michael Penix Jr.,QB,Alvin Kamara / Drake London / Juwan Johnson / Kendre Miller / Nick Folk,48300,48000-48900,3-3,0,85.23,114.43,125.09,141.73,0.001,0,0,EXACT_OR_NEAR_OPTIMAL
3863,Michael Penix Jr.,QB,Alvin Kamara / Drake London / Juwan Johnson / Nick Folk / Olamide Zaccheaus,45300,<48000,4-2,1,83.95,112.99,123.96,140.9,0.001,0,1,EXACT_OR_NEAR_OPTIMAL
3967,Michael Penix Jr.,QB,Daniel Carlson / Drake London / Falcons / Juwan Johnson / Nick Folk,44700,<48000,4-2,0,81.84,109.82,119.32,134.96,0.001,0,0,EXACT_OR_NEAR_OPTIMAL
3974,Michael Penix Jr.,QB,Devaughn Vele / Drake London / Jahan Dotson / Juwan Johnson / Kyle Pitts Sr.,47500,<48000,4-2,1,80.26,112.49,122.66,141.66,0.001,0,1,EXACT_OR_NEAR_OPTIMAL
4156,Nick Muse,TE,Bijan Robinson / Brian Robinson Jr. / Chris Olave / Drake London / Michael Penix Jr.,45700,<48000,5-1,1,92.67,122.74,134.41,150.37,0.001,0,3,FORCED_CAPTAIN
4183,Nick Muse,TE,Bijan Robinson / Chris Olave / Drake London / Kyle Pitts Sr. / Michael Penix Jr.,47700,<48000,5-1,1,92.95,124.19,134.13,150.86,0.001,0,3,EXACT_OR_NEAR_OPTIMAL
4221,Nick Muse,TE,Chris Olave / Devaughn Vele / Drake London / Juwan Johnson / Tyler Shough,45900,<48000,2-4,1,95.5,128.98,140.54,160.49,0.001,0,2,FORCED_CAPTAIN
4240,Olamide Zaccheaus,WR,Alvin Kamara / Bijan Robinson / Chris Olave / Jahan Dotson / Michael Penix Jr.,44600,<48000,4-2,1,89.07,116.77,125.64,141.77,0.001,0,1,FORCED_CAPTAIN
4266,Olamide Zaccheaus,WR,Alvin Kamara / Chris Olave / Juwan Johnson / Saints / Tyler Shough,42000,<48000,1-5,1,88.0,116.7,125.44,149.36,0.001,0,2,FORCED_CAPTAIN
4269,Olamide Zaccheaus,WR,Austin Hooper / Bijan Robinson / Chris Olave / Juwan Johnson / Tyler Shough,45400,<48000,3-3,1,97.6,128.87,139.43,162.89,0.001,0,2,FORCED_CAPTAIN
4277,Olamide Zaccheaus,WR,Bijan Robinson / Brian Robinson Jr. / Chris Olave / Drake London / Juwan Johnson,46800,<48000,4-2,0,96.73,125.87,136.1,153.22,0.001,0,1,FORCED_CAPTAIN
4284,Olamide Zaccheaus,WR,Bijan Robinson / Brian Robinson Jr. / Juwan Johnson / Michael Penix Jr. / Tyler Shough,44600,<48000,4-2,1,88.63,117.94,128.36,147.37,0.001,0,2,FORCED_CAPTAIN
4294,Olamide Zaccheaus,WR,Bijan Robinson / Chris Olave / Daniel Carlson / Kyle Pitts Sr. / Michael Penix Jr.,45200,<48000,4-2,1,84.71,111.18,120.8,137.8,0.001,0,1,FORCED_CAPTAIN
4296,Olamide Zaccheaus,WR,Bijan Robinson / Chris Olave / Daniel Carlson / Nick Folk / Tyler Shough,45400,<48000,3-3,0,94.28,122.06,130.85,146.54,0.001,0,0,FORCED_CAPTAIN
4331,Olamide Zaccheaus,WR,Bijan Robinson / Devaughn Vele / Michael Penix Jr. / Saints / Tyler Shough,45400,<48000,3-3,1,85.31,109.72,119.71,135.33,0.001,0,1,FORCED_CAPTAIN
4332,Olamide Zaccheaus,WR,Bijan Robinson / Drake London / Falcons / Juwan Johnson / Michael Penix Jr.,44800,<48000,5-1,1,87.31,116.57,125.21,141.35,0.001,0,3,FORCED_CAPTAIN
4339,Olamide Zaccheaus,WR,Brian Robinson Jr. / Chris Olave / Drake London / Juwan Johnson / Tyler Shough,44600,<48000,3-3,1,92.89,124.56,136.22,156.42,0.001,0,2,FORCED_CAPTAIN
4345,Olamide Zaccheaus,WR,Chris Olave / Drake London / Juwan Johnson / Michael Penix Jr. / Nick Folk,45600,<48000,4-2,1,89.37,118.97,129.61,150.85,0.001,0,2,FORCED_CAPTAIN
4350,Olamide Zaccheaus,WR,Devaughn Vele / Drake London / Juwan Johnson / Michael Penix Jr. / Tyler Shough,46800,<48000,3-3,1,88.96,120.95,133.37,155.88,0.001,0,2,FORCED_CAPTAIN
4369,Oscar Delp,TE,Alvin Kamara / Bijan Robinson / Devaughn Vele / Drake London / Tyler Shough,46800,<48000,2-4,1,93.55,120.66,128.66,146.38,0.001,0,1,FORCED_CAPTAIN
4393,Oscar Delp,TE,Bijan Robinson / Brian Robinson Jr. / Chris Olave / Drake London / Michael Penix Jr.,46000,<48000,4-2,1,92.68,122.82,134.41,150.37,0.001,0,2,FORCED_CAPTAIN
4421,Oscar Delp,TE,Bijan Robinson / Chris Olave / Drake London / Kyle Pitts Sr. / Michael Penix Jr.,48000,48000-48900,4-2,1,92.95,124.26,134.13,150.86,0.001,0,2,FORCED_CAPTAIN
4433,Oscar Delp,TE,Bijan Robinson / Chris Olave / Juwan Johnson / Nick Folk / Tyler Shough,45600,<48000,2-4,1,98.35,129.25,138.67,158.26,0.001,0,2,FORCED_CAPTAIN
4460,Oscar Delp,TE,Chris Olave / Devaughn Vele / Drake London / Juwan Johnson / Tyler Shough,46200,<48000,1-5,1,95.51,128.98,140.54,160.49,0.001,0,3,FORCED_CAPTAIN
4511,Saints,DST,Alvin Kamara / Chris Olave / Falcons / Juwan Johnson / Nick Folk,40500,<48000,2-4,0,79.04,100.02,107.47,121.13,0.001,0,0,FORCED_CAPTAIN
4597,Saints,DST,Devaughn Vele / Drake London / Jahan Dotson / Juwan Johnson / Tyler Shough,44100,<48000,2-4,1,83.78,111.26,121.43,139.74,0.001,0,1,FORCED_CAPTAIN
4598,Saints,DST,Devaughn Vele / Drake London / Juwan Johnson / Kyle Pitts Sr. / Michael Penix Jr.,46300,<48000,3-3,1,78.04,104.25,113.89,132.57,0.001,0,1,FORCED_CAPTAIN
4724,Treyton Welch,TE,Alvin Kamara / Bijan Robinson / Chris Olave / Daniel Carlson / Michael Penix Jr.,43700,<48000,2-4,0,92.07,118.16,126.13,142.59,0.001,0,0,FORCED_CAPTAIN
4732,Treyton Welch,TE,Alvin Kamara / Bijan Robinson / Chris Olave / Falcons / Tyler Shough,43100,<48000,2-4,1,95.94,121.69,130.33,152.17,0.001,0,1,FORCED_CAPTAIN
4738,Treyton Welch,TE,Alvin Kamara / Bijan Robinson / Daniel Carlson / Drake London / Michael Penix Jr.,42900,<48000,3-3,1,86.58,114.06,122.08,139.47,0.001,0,1,FORCED_CAPTAIN
4741,Treyton Welch,TE,Alvin Kamara / Bijan Robinson / Devaughn Vele / Juwan Johnson / Tyler Shough,43900,<48000,1-5,1,91.77,119.42,128.28,149.86,0.001,0,2,FORCED_CAPTAIN
4742,Treyton Welch,TE,Alvin Kamara / Bijan Robinson / Devaughn Vele / Michael Penix Jr. / Tyler Shough,45500,<48000,2-4,1,91.3,118.87,126.68,146.18,0.001,0,1,FORCED_CAPTAIN
4774,Treyton Welch,TE,Bijan Robinson / Chris Olave / Daniel Carlson / Drake London / Nick Folk,43100,<48000,3-3,0,91.06,117.15,125.38,141.67,0.001,0,0,FORCED_CAPTAIN
4802,Treyton Welch,TE,Bijan Robinson / Chris Olave / Juwan Johnson / Michael Penix Jr. / Nick Folk,44700,<48000,3-3,0,94.08,121.57,129.74,146.47,0.001,0,1,FORCED_CAPTAIN
4816,Treyton Welch,TE,Bijan Robinson / Devaughn Vele / Drake London / Saints / Tyler Shough,43700,<48000,2-4,1,88.78,114.47,121.73,139.66,0.001,0,1,FORCED_CAPTAIN
4824,Treyton Welch,TE,Chris Olave / Daniel Carlson / Drake London / Juwan Johnson / Tyler Shough,42900,<48000,1-5,1,95.22,126.41,137.13,154.83,0.001,0,3,FORCED_CAPTAIN
4835,Treyton Welch,TE,Chris Olave / Drake London / Michael Penix Jr. / Nick Folk / Tyler Shough,45100,<48000,3-3,1,94.41,125.01,135.92,155.88,0.001,0,2,FORCED_CAPTAIN
5020,Tyler Shough,QB,Alvin Kamara / Brian Robinson Jr. / Juwan Johnson / Michael Penix Jr. / Olamide Zaccheaus,43600,<48000,3-3,1,86.16,117.18,126.92,146.04,0.001,0,1,EXACT_OR_NEAR_OPTIMAL
5423,Zachariah Branch,WR,Alvin Kamara / Bijan Robinson / Chris Olave / Drake London / Nick Folk,48600,48000-48900,4-2,0,95.02,121.24,129.47,144.27,0.001,0,0,FORCED_CAPTAIN
5447,Zachariah Branch,WR,Alvin Kamara / Chris Olave / Drake London / Juwan Johnson / Michael Penix Jr.,47800,<48000,3-3,1,92.5,123.11,133.32,152.32,0.001,0,2,FORCED_CAPTAIN
5455,Zachariah Branch,WR,Austin Hooper / Bijan Robinson / Chris Olave / Drake London / Michael Penix Jr.,48000,48000-48900,5-1,1,92.56,122.82,134.55,149.83,0.001,0,3,FORCED_CAPTAIN
5462,Zachariah Branch,WR,Bijan Robinson / Brian Robinson Jr. / Chris Olave / Michael Penix Jr. / Tyler Shough,48600,48000-48900,4-2,1,95.78,125.9,135.15,154.34,0.001,0,2,FORCED_CAPTAIN
5464,Zachariah Branch,WR,Bijan Robinson / Bryce Lance / Chris Olave / Drake London / Tyler Shough,47600,<48000,3-3,1,98.26,128.94,138.49,156.07,0.001,0,2,FORCED_CAPTAIN
5475,Zachariah Branch,WR,Bijan Robinson / Chris Olave / Devaughn Vele / Drake London / Kendre Miller,49000,49000-49400,3-3,0,88.04,115.17,124.12,140.05,0.001,0,0,FORCED_CAPTAIN
5477,Zachariah Branch,WR,Bijan Robinson / Chris Olave / Devaughn Vele / Falcons / Tyler Shough,47200,<48000,3-3,1,91.99,120.29,129.57,147.91,0.001,0,1,FORCED_CAPTAIN
5493,Zachariah Branch,WR,Bijan Robinson / Chris Olave / Falcons / Michael Penix Jr. / Tyler Shough,48400,48000-48900,4-2,1,96.49,124.79,133.66,152.81,0.001,0,2,FORCED_CAPTAIN
5500,Zachariah Branch,WR,Bijan Robinson / Chris Olave / Michael Penix Jr. / Olamide Zaccheaus / Tyler Shough,46800,<48000,4-2,1,93.29,123.67,132.96,151.98,0.001,0,2,FORCED_CAPTAIN
5515,Zachariah Branch,WR,Bijan Robinson / Drake London / Jahan Dotson / Michael Penix Jr. / Tyler Shough,47000,<48000,5-1,1,89.62,119.94,128.24,145.57,0.001,0,3,FORCED_CAPTAIN
5520,Zachariah Branch,WR,Chris Olave / Daniel Carlson / Drake London / Michael Penix Jr. / Tyler Shough,47800,<48000,3-3,1,93.41,124.76,134.78,154.97,0.001,0,2,FORCED_CAPTAIN
13,Alvin Kamara,RB,Austin Hooper / Brian Robinson Jr. / Devaughn Vele / Drake London / Michael Penix Jr.,43900,<48000,4-2,1,76.17,103.85,112.86,127.59,0.0005,0,1,EXACT_OR_NEAR_OPTIMAL
23,Alvin Kamara,RB,Austin Hooper / Devaughn Vele / Drake London / Jahan Dotson / Michael Penix Jr.,43100,<48000,4-2,1,75.51,103.4,113.27,127.15,0.0005,0,1,EXACT_OR_NEAR_OPTIMAL
95,Alvin Kamara,RB,Brian Robinson Jr. / Bryce Lance / Devaughn Vele / Drake London / Michael Penix Jr.,42900,<48000,3-3,1,75.18,102.29,110.8,124.4,0.0005,0,1,EXACT_OR_NEAR_OPTIMAL
177,Alvin Kamara,RB,Devaughn Vele / Falcons / Jahan Dotson / Juwan Johnson / Michael Penix Jr.,41300,<48000,3-3,0,73.22,95.57,105.18,118.91,0.0005,0,0,EXACT_OR_NEAR_OPTIMAL
179,Alvin Kamara,RB,Devaughn Vele / Juwan Johnson / Kyle Pitts Sr. / Michael Penix Jr. / Nick Folk,45900,<48000,3-3,0,76.62,101.46,109.11,126.34,0.0005,0,0,EXACT_OR_NEAR_OPTIMAL
191,Austin Hooper,TE,Alvin Kamara / Bijan Robinson / Chris Olave / Daniel Carlson / Saints,42800,<48000,2-4,0,86.15,107.56,114.3,130.04,0.0005,0,0,FORCED_CAPTAIN
207,Austin Hooper,TE,Alvin Kamara / Bijan Robinson / Drake London / Falcons / Juwan Johnson,44000,<48000,4-2,0,87.38,112.34,119.16,134.82,0.0005,0,0,FORCED_CAPTAIN
212,Austin Hooper,TE,Alvin Kamara / Bijan Robinson / Juwan Johnson / Michael Penix Jr. / Olamide Zaccheaus,41400,<48000,4-2,1,79.55,105.55,114.51,131.6,0.0005,0,1,FORCED_CAPTAIN
226,Austin Hooper,TE,Bijan Robinson / Brian Robinson Jr. / Chris Olave / Daniel Carlson / Michael Penix Jr.,44400,<48000,4-2,1,86.39,112.65,120.63,137.01,0.0005,0,1,FORCED_CAPTAIN
241,Austin Hooper,TE,Bijan Robinson / Chris Olave / Daniel Carlson / Nick Folk / Saints,41200,<48000,3-3,0,80.5,102.45,108.26,120.4,0.0005,0,0,FORCED_CAPTAIN
291,Austin Hooper,TE,Chris Olave / Daniel Carlson / Kendre Miller / Michael Penix Jr. / Tyler Shough,43400,<48000,2-4,1,81.35,108.26,117.12,137.21,0.0005,0,1,FORCED_CAPTAIN
293,Austin Hooper,TE,Chris Olave / Devaughn Vele / Drake London / Kendre Miller / Tyler Shough,47400,<48000,2-4,1,88.68,120.26,129.76,147.49,0.0005,0,1,FORCED_CAPTAIN
307,Barion Brown,WR,Alvin Kamara / Bijan Robinson / Brian Robinson Jr. / Chris Olave / Tyler Shough,44800,<48000,2-4,1,93.18,120.76,129.06,149.14,0.0005,0,1,EXACT_OR_NEAR_OPTIMAL
312,Barion Brown,WR,Alvin Kamara / Bijan Robinson / Chris Olave / Daniel Carlson / Tyler Shough,45800,<48000,1-5,1,96.7,123.79,132.2,151.82,0.0005,0,2,FORCED_CAPTAIN
318,Barion Brown,WR,Alvin Kamara / Bijan Robinson / Chris Olave / Falcons / Tyler Shough,44600,<48000,2-4,1,93.89,119.13,126.99,148.92,0.0005,0,1,EXACT_OR_NEAR_OPTIMAL
339,Barion Brown,WR,Alvin Kamara / Chris Olave / Drake London / Juwan Johnson / Tyler Shough,46600,<48000,1-5,1,98.47,130.28,141.61,160.93,0.0005,0,3,FORCED_CAPTAIN
345,Barion Brown,WR,Austin Hooper / Bijan Robinson / Chris Olave / Drake London / Tyler Shough,46800,<48000,3-3,1,98.54,128.56,138.63,155.14,0.0005,0,2,FORCED_CAPTAIN
354,Barion Brown,WR,Bijan Robinson / Brian Robinson Jr. / Chris Olave / Michael Penix Jr. / Tyler Shough,46800,<48000,3-3,1,95.07,124.95,134.67,154.18,0.0005,0,2,FORCED_CAPTAIN
358,Barion Brown,WR,Bijan Robinson / Chris Olave / Daniel Carlson / Devaughn Vele / Tyler Shough,46600,<48000,1-5,1,94.09,122.79,131.67,148.76,0.0005,0,2,EXACT_OR_NEAR_OPTIMAL
359,Barion Brown,WR,Bijan Robinson / Chris Olave / Daniel Carlson / Drake London / Juwan Johnson,46600,<48000,2-4,0,97.02,124.92,135.23,150.84,0.0005,0,1,FORCED_CAPTAIN
369,Barion Brown,WR,Bijan Robinson / Chris Olave / Devaughn Vele / Drake London / Nick Folk,47600,<48000,3-3,0,91.7,119.12,125.69,141.67,0.0005,0,0,EXACT_OR_NEAR_OPTIMAL
370,Barion Brown,WR,Bijan Robinson / Chris Olave / Devaughn Vele / Juwan Johnson / Michael Penix Jr.,48600,48000-48900,2-4,0,95.06,123.99,133.7,154.5,0.0005,0,1,FORCED_CAPTAIN
373,Barion Brown,WR,Bijan Robinson / Chris Olave / Devaughn Vele / Saints / Tyler Shough,46000,<48000,1-5,1,92.22,119.22,128.47,148.11,0.0005,0,2,FORCED_CAPTAIN
385,Barion Brown,WR,Bijan Robinson / Chris Olave / Falcons / Juwan Johnson / Tyler Shough,45000,<48000,2-4,1,96.25,124.71,134.93,156.14,0.0005,0,2,FORCED_CAPTAIN
390,Barion Brown,WR,Bijan Robinson / Chris Olave / Juwan Johnson / Saints / Tyler Shough,45600,<48000,1-5,1,97.18,125.99,134.9,157.96,0.0005,0,3,FORCED_CAPTAIN
393,Barion Brown,WR,Bijan Robinson / Chris Olave / Michael Penix Jr. / Saints / Tyler Shough,47200,<48000,2-4,1,96.72,124.09,132.96,150.88,0.0005,0,2,FORCED_CAPTAIN
399,Barion Brown,WR,Bijan Robinson / Daniel Carlson / Drake London / Michael Penix Jr. / Tyler Shough,47000,<48000,3-3,1,93.1,122.69,132.36,147.36,0.0005,0,2,FORCED_CAPTAIN
407,Barion Brown,WR,Bijan Robinson / Drake London / Falcons / Juwan Johnson / Tyler Shough,44200,<48000,3-3,1,90.76,117.63,124.87,140.76,0.0005,0,2,FORCED_CAPTAIN
419,Barion Brown,WR,Chris Olave / Devaughn Vele / Juwan Johnson / Michael Penix Jr. / Tyler Shough,46400,<48000,1-5,1,91.22,123.27,134.89,157.28,0.0005,0,3,FORCED_CAPTAIN
424,Barion Brown,WR,Chris Olave / Drake London / Michael Penix Jr. / Saints / Tyler Shough,45400,<48000,2-4,1,90.83,120.23,131.69,147.92,0.0005,0,2,EXACT_OR_NEAR_OPTIMAL
736,Brian Robinson Jr.,RB,Alvin Kamara / Bijan Robinson / Bryce Lance / Michael Penix Jr. / Tyler Shough,44900,<48000,3-3,1,87.84,113.81,122.56,140.52,0.0005,0,1,FORCED_CAPTAIN
849,Brian Robinson Jr.,RB,Chris Olave / Falcons / Juwan Johnson / Nick Folk / Saints,37100,<48000,3-3,0,69.39,90.88,97.65,112.85,0.0005,0,0,FORCED_CAPTAIN
855,Bryce Lance,WR,Alvin Kamara / Bijan Robinson / Brian Robinson Jr. / Michael Penix Jr. / Tyler Shough,43900,<48000,3-3,1,86.75,113.24,121.15,138.23,0.0005,0,1,FORCED_CAPTAIN
873,Bryce Lance,WR,Alvin Kamara / Bijan Robinson / Drake London / Jahan Dotson / Michael Penix Jr.,43500,<48000,4-2,1,84.05,112.69,121.99,135.54,0.0005,0,1,FORCED_CAPTAIN
890,Bryce Lance,WR,Alvin Kamara / Drake London / Michael Penix Jr. / Nick Folk / Tyler Shough,43700,<48000,3-3,1,84.04,112.27,121.17,137.69,0.0005,0,1,FORCED_CAPTAIN
895,Bryce Lance,WR,Bijan Robinson / Brian Robinson Jr. / Chris Olave / Juwan Johnson / Michael Penix Jr.,45500,<48000,3-3,1,92.56,121.18,131.83,147.86,0.0005,0,2,FORCED_CAPTAIN
899,Bryce Lance,WR,Bijan Robinson / Brian Robinson Jr. / Drake London / Juwan Johnson / Michael Penix Jr.,44700,<48000,4-2,1,87.07,116.75,127.02,143.12,0.0005,0,2,FORCED_CAPTAIN
939,Bryce Lance,WR,Bijan Robinson / Daniel Carlson / Devaughn Vele / Saints / Tyler Shough,40900,<48000,1-5,1,78.6,100.74,108.72,123.91,0.0005,0,2,FORCED_CAPTAIN
941,Bryce Lance,WR,Bijan Robinson / Daniel Carlson / Drake London / Saints / Tyler Shough,43100,<48000,2-4,0,87.75,111.0,119.25,131.98,0.0005,0,0,FORCED_CAPTAIN
956,Bryce Lance,WR,Brian Robinson Jr. / Chris Olave / Drake London / Nick Folk / Tyler Shough,42300,<48000,3-3,1,85.36,114.16,122.43,143.38,0.0005,0,1,FORCED_CAPTAIN
957,Bryce Lance,WR,Brian Robinson Jr. / Chris Olave / Juwan Johnson / Michael Penix Jr. / Tyler Shough,43300,<48000,2-4,1,88.72,119.64,130.48,152.92,0.0005,0,2,FORCED_CAPTAIN
987,CJ Donaldson,RB,Alvin Kamara / Bijan Robinson / Chris Olave / Drake London / Saints,45900,<48000,2-4,0,93.13,117.89,125.59,137.84,0.0005,0,0,FORCED_CAPTAIN
994,CJ Donaldson,RB,Alvin Kamara / Bijan Robinson / Chris Olave / Juwan Johnson / Michael Penix Jr.,48100,48000-48900,2-4,0,98.01,125.63,135.84,153.54,0.0005,0,1,FORCED_CAPTAIN
997,CJ Donaldson,RB,Alvin Kamara / Bijan Robinson / Chris Olave / Saints / Tyler Shough,45500,<48000,1-5,1,95.16,120.81,128.95,149.68,0.0005,0,2,FORCED_CAPTAIN
1029,CJ Donaldson,RB,Bijan Robinson / Chris Olave / Daniel Carlson / Drake London / Nick Folk,44900,<48000,3-3,0,89.35,115.81,122.54,137.93,0.0005,0,0,FORCED_CAPTAIN
1030,CJ Donaldson,RB,Bijan Robinson / Chris Olave / Daniel Carlson / Drake London / Saints,43700,<48000,2-4,0,87.82,111.94,119.89,133.74,0.0005,0,0,FORCED_CAPTAIN
1044,CJ Donaldson,RB,Bijan Robinson / Chris Olave / Drake London / Kendre Miller / Michael Penix Jr.,48700,48000-48900,3-3,1,92.17,122.4,133.4,149.73,0.0005,0,2,FORCED_CAPTAIN
1048,CJ Donaldson,RB,Bijan Robinson / Chris Olave / Drake London / Michael Penix Jr. / Saints,47900,<48000,3-3,1,95.01,122.86,133.29,147.95,0.0005,0,2,FORCED_CAPTAIN
1055,CJ Donaldson,RB,Bijan Robinson / Chris Olave / Jahan Dotson / Michael Penix Jr. / Tyler Shough,46300,<48000,3-3,1,94.74,124.8,135.33,152.67,0.0005,0,2,FORCED_CAPTAIN
1056,CJ Donaldson,RB,Bijan Robinson / Chris Olave / Juwan Johnson / Kyle Pitts Sr. / Michael Penix Jr.,46900,<48000,3-3,1,89.46,117.72,127.09,144.22,0.0005,0,2,FORCED_CAPTAIN
1058,CJ Donaldson,RB,Bijan Robinson / Chris Olave / Juwan Johnson / Saints / Tyler Shough,45900,<48000,1-5,1,97.52,126.58,135.33,158.03,0.0005,0,3,FORCED_CAPTAIN
1064,CJ Donaldson,RB,Bijan Robinson / Daniel Carlson / Drake London / Juwan Johnson / Tyler Shough,45700,<48000,2-4,1,93.9,121.51,130.6,149.4,0.0005,0,2,EXACT_OR_NEAR_OPTIMAL
1078,CJ Donaldson,RB,Chris Olave / Daniel Carlson / Drake London / Michael Penix Jr. / Tyler Shough,46300,<48000,2-4,1,93.04,124.44,133.33,154.85,0.0005,0,2,FORCED_CAPTAIN
1079,CJ Donaldson,RB,Chris Olave / Devaughn Vele / Drake London / Juwan Johnson / Michael Penix Jr.,47100,<48000,2-4,0,89.51,119.76,131.08,150.84,0.0005,0,1,FORCED_CAPTAIN
1088,CJ Donaldson,RB,Chris Olave / Drake London / Kyle Pitts Sr. / Michael Penix Jr. / Tyler Shough,47300,<48000,3-3,1,89.8,122.04,131.68,151.48,0.0005,0,2,FORCED_CAPTAIN
1090,CJ Donaldson,RB,Chris Olave / Drake London / Michael Penix Jr. / Saints / Tyler Shough,45700,<48000,2-4,1,91.17,121.38,131.42,147.77,0.0005,0,2,FORCED_CAPTAIN
1101,Cal Adomitis,TE,Alvin Kamara / Bijan Robinson / Chris Olave / Drake London / Nick Folk,45300,<48000,3-3,0,94.44,120.33,129.18,142.98,0.0005,0,0,FORCED_CAPTAIN
1110,Cal Adomitis,TE,Alvin Kamara / Bijan Robinson / Chris Olave / Michael Penix Jr. / Nick Folk,44300,<48000,3-3,0,89.79,115.32,123.77,139.6,0.0005,0,0,FORCED_CAPTAIN
1128,Cal Adomitis,TE,Alvin Kamara / Bijan Robinson / Juwan Johnson / Saints / Tyler Shough,40300,<48000,1-5,1,85.28,110.73,117.31,134.81,0.0005,0,2,FORCED_CAPTAIN
1131,Cal Adomitis,TE,Alvin Kamara / Chris Olave / Drake London / Juwan Johnson / Tyler Shough,45100,<48000,1-5,1,98.59,130.51,141.61,160.98,0.0005,0,3,FORCED_CAPTAIN
1168,Cal Adomitis,TE,Bijan Robinson / Chris Olave / Drake London / Michael Penix Jr. / Saints,46100,<48000,3-3,1,94.8,122.37,133.34,148.89,0.0005,0,2,FORCED_CAPTAIN
1176,Cal Adomitis,TE,Bijan Robinson / Chris Olave / Jahan Dotson / Michael Penix Jr. / Tyler Shough,44500,<48000,3-3,1,94.53,124.9,134.8,152.89,0.0005,0,2,FORCED_CAPTAIN
1183,Cal Adomitis,TE,Bijan Robinson / Chris Olave / Michael Penix Jr. / Saints / Tyler Shough,45700,<48000,2-4,1,96.84,124.63,133.62,151.54,0.0005,0,2,FORCED_CAPTAIN
1185,Cal Adomitis,TE,Bijan Robinson / Daniel Carlson / Devaughn Vele / Michael Penix Jr. / Tyler Shough,43300,<48000,2-4,1,84.07,109.57,118.33,133.16,0.0005,0,1,FORCED_CAPTAIN
1205,Cal Adomitis,TE,Chris Olave / Devaughn Vele / Juwan Johnson / Michael Penix Jr. / Tyler Shough,44900,<48000,1-5,1,91.34,123.26,134.89,157.54,0.0005,0,3,FORCED_CAPTAIN
1215,Charlie Woerner,TE,Alvin Kamara / Bijan Robinson / Chris Olave / Daniel Carlson / Drake London,45300,<48000,3-3,0,94.81,120.94,129.22,142.98,0.0005,0,0,FORCED_CAPTAIN
1229,Charlie Woerner,TE,Alvin Kamara / Bijan Robinson / Chris Olave / Nick Folk / Tyler Shough,45500,<48000,3-3,1,96.5,124.14,132.38,153.43,0.0005,0,1,FORCED_CAPTAIN
1230,Charlie Woerner,TE,Alvin Kamara / Bijan Robinson / Chris Olave / Saints / Tyler Shough,44300,<48000,2-4,1,94.97,120.81,129.0,150.27,0.0005,0,1,FORCED_CAPTAIN
1235,Charlie Woerner,TE,Alvin Kamara / Bijan Robinson / Devaughn Vele / Michael Penix Jr. / Tyler Shough,46100,<48000,3-3,1,89.4,116.78,124.15,143.81,0.0005,0,1,FORCED_CAPTAIN
1237,Charlie Woerner,TE,Alvin Kamara / Bijan Robinson / Drake London / Michael Penix Jr. / Nick Folk,44100,<48000,5-1,1,84.33,111.66,119.23,131.96,0.0005,0,2,FORCED_CAPTAIN
1239,Charlie Woerner,TE,Alvin Kamara / Bijan Robinson / Drake London / Nick Folk / Tyler Shough,44700,<48000,4-2,0,91.01,117.11,123.69,136.03,0.0005,0,0,FORCED_CAPTAIN
1243,Charlie Woerner,TE,Alvin Kamara / Bijan Robinson / Juwan Johnson / Michael Penix Jr. / Tyler Shough,45700,<48000,3-3,1,94.37,123.64,133.65,150.42,0.0005,0,2,FORCED_CAPTAIN
1248,Charlie Woerner,TE,Alvin Kamara / Chris Olave / Devaughn Vele / Michael Penix Jr. / Tyler Shough,45100,<48000,2-4,1,89.01,119.25,128.51,145.8,0.0005,0,1,FORCED_CAPTAIN
1252,Charlie Woerner,TE,Alvin Kamara / Chris Olave / Drake London / Nick Folk / Tyler Shough,43700,<48000,3-3,1,90.62,119.33,128.24,145.11,0.0005,0,1,FORCED_CAPTAIN
1257,Charlie Woerner,TE,Bijan Robinson / Brian Robinson Jr. / Chris Olave / Devaughn Vele / Tyler Shough,44700,<48000,3-3,1,90.71,119.87,129.2,148.6,0.0005,0,1,FORCED_CAPTAIN
1258,Charlie Woerner,TE,Bijan Robinson / Brian Robinson Jr. / Chris Olave / Drake London / Juwan Johnson,44700,<48000,4-2,0,93.64,121.16,131.27,148.29,0.0005,0,1,FORCED_CAPTAIN
1264,Charlie Woerner,TE,Bijan Robinson / Bryce Lance / Chris Olave / Drake London / Tyler Shough,44900,<48000,3-3,1,97.69,127.74,137.87,155.93,0.0005,0,2,FORCED_CAPTAIN
1265,Charlie Woerner,TE,Bijan Robinson / Chris Olave / Daniel Carlson / Devaughn Vele / Tyler Shough,45700,<48000,2-4,1,94.23,122.91,131.65,150.28,0.0005,0,1,FORCED_CAPTAIN
1294,Charlie Woerner,TE,Bijan Robinson / Chris Olave / Juwan Johnson / Saints / Tyler Shough,44700,<48000,2-4,1,97.33,126.35,135.48,157.59,0.0005,0,2,FORCED_CAPTAIN
1309,Charlie Woerner,TE,Bijan Robinson / Devaughn Vele / Juwan Johnson / Michael Penix Jr. / Tyler Shough,46500,<48000,3-3,1,91.75,121.87,131.02,153.04,0.0005,0,2,FORCED_CAPTAIN
1317,Charlie Woerner,TE,Bryce Lance / Chris Olave / Drake London / Michael Penix Jr. / Tyler Shough,42100,<48000,3-3,1,87.17,117.71,129.54,148.0,0.0005,0,2,FORCED_CAPTAIN
1322,Charlie Woerner,TE,Chris Olave / Devaughn Vele / Drake London / Nick Folk / Tyler Shough,44500,<48000,3-3,1,88.0,118.28,126.02,145.09,0.0005,0,1,FORCED_CAPTAIN
1327,Charlie Woerner,TE,Chris Olave / Drake London / Juwan Johnson / Nick Folk / Tyler Shough,44100,<48000,3-3,1,92.97,123.77,135.33,153.63,0.0005,0,2,FORCED_CAPTAIN
1336,Chris Blair,WR,Alvin Kamara / Bijan Robinson / Chris Olave / Daniel Carlson / Tyler Shough,45500,<48000,2-4,1,96.49,123.29,131.96,151.02,0.0005,0,1,FORCED_CAPTAIN
1358,Chris Blair,WR,Alvin Kamara / Bijan Robinson / Juwan Johnson / Michael Penix Jr. / Tyler Shough,46300,<48000,3-3,1,94.02,123.5,133.12,149.91,0.0005,0,2,FORCED_CAPTAIN
1380,Chris Blair,WR,Bijan Robinson / Brian Robinson Jr. / Chris Olave / Drake London / Tyler Shough,47500,<48000,4-2,0,99.51,129.15,138.79,158.23,0.0005,0,1,FORCED_CAPTAIN
1387,Chris Blair,WR,Bijan Robinson / Chris Olave / Daniel Carlson / Drake London / Juwan Johnson,46300,<48000,3-3,0,96.81,124.64,135.23,149.66,0.0005,0,1,FORCED_CAPTAIN
1396,Chris Blair,WR,Bijan Robinson / Chris Olave / Devaughn Vele / Nick Folk / Tyler Shough,46900,<48000,3-3,1,93.53,123.36,131.67,150.73,0.0005,0,1,FORCED_CAPTAIN
1398,Chris Blair,WR,Bijan Robinson / Chris Olave / Drake London / Falcons / Michael Penix Jr.,46700,<48000,5-1,1,93.54,123.01,133.02,150.95,0.0005,0,3,FORCED_CAPTAIN
1403,Chris Blair,WR,Bijan Robinson / Chris Olave / Drake London / Juwan Johnson / Nick Folk,46900,<48000,4-2,0,96.46,124.45,133.93,149.35,0.0005,0,1,FORCED_CAPTAIN
1431,Chris Blair,WR,Bijan Robinson / Devaughn Vele / Juwan Johnson / Michael Penix Jr. / Tyler Shough,47100,<48000,3-3,1,91.4,121.0,131.02,153.04,0.0005,0,2,FORCED_CAPTAIN
1448,Chris Blair,WR,Chris Olave / Devaughn Vele / Juwan Johnson / Michael Penix Jr. / Tyler Shough,46100,<48000,2-4,1,91.01,122.88,134.88,157.28,0.0005,0,2,FORCED_CAPTAIN
2087,Daniel Carlson,K,Alvin Kamara / Devaughn Vele / Juwan Johnson / Michael Penix Jr. / Nick Folk,43800,<48000,2-4,0,77.21,100.59,107.3,120.87,0.0005,0,0,EXACT_OR_NEAR_OPTIMAL
2091,Daniel Carlson,K,Alvin Kamara / Falcons / Juwan Johnson / Nick Folk / Tyler Shough,40200,<48000,2-4,1,78.4,100.99,107.83,120.2,0.0005,0,1,EXACT_OR_NEAR_OPTIMAL
2228,Devaughn Vele,WR,Alvin Kamara / Daniel Carlson / Kyle Pitts Sr. / Michael Penix Jr. / Tyler Shough,47900,<48000,2-4,1,81.87,108.0,117.6,134.6,0.0005,0,1,EXACT_OR_NEAR_OPTIMAL
2234,Devaughn Vele,WR,Alvin Kamara / Drake London / Michael Penix Jr. / Nick Folk / Saints,47300,<48000,3-3,0,80.86,106.45,114.92,131.62,0.0005,0,0,EXACT_OR_NEAR_OPTIMAL
2251,Devaughn Vele,WR,Austin Hooper / Daniel Carlson / Falcons / Juwan Johnson / Michael Penix Jr.,39300,<48000,3-3,0,66.1,88.19,96.31,114.29,0.0005,0,0,EXACT_OR_NEAR_OPTIMAL
2371,Drake London,WR,Alvin Kamara / Bijan Robinson / Bryce Lance / Kendre Miller / Nick Folk,46000,<48000,3-3,0,84.74,111.77,120.07,138.28,0.0005,1,0,EXACT_OR_NEAR_OPTIMAL
2404,Drake London,WR,Alvin Kamara / Brian Robinson Jr. / Devaughn Vele / Falcons / Saints,41400,<48000,3-3,0,72.26,97.57,103.74,118.65,0.0005,0,0,EXACT_OR_NEAR_OPTIMAL
2423,Drake London,WR,Alvin Kamara / Bryce Lance / Daniel Carlson / Devaughn Vele / Saints,40600,<48000,1-5,0,72.9,98.35,106.32,122.33,0.0005,0,1,EXACT_OR_NEAR_OPTIMAL
2477,Drake London,WR,Alvin Kamara / Daniel Carlson / Juwan Johnson / Kendre Miller / Saints,43400,<48000,1-5,0,78.84,105.5,115.38,131.71,0.0005,0,1,EXACT_OR_NEAR_OPTIMAL
2645,Drake London,WR,Brian Robinson Jr. / Daniel Carlson / Jahan Dotson / Kyle Pitts Sr. / Michael Penix Jr.,41400,<48000,5-1,1,68.72,99.09,107.97,129.17,0.0005,0,2,EXACT_OR_NEAR_OPTIMAL
2656,Drake London,WR,Brian Robinson Jr. / Falcons / Jahan Dotson / Juwan Johnson / Michael Penix Jr.,41800,<48000,5-1,1,76.81,106.98,118.14,136.93,0.0005,0,2,EXACT_OR_NEAR_OPTIMAL
3026,Jahan Dotson,WR,Alvin Kamara / Austin Hooper / Bijan Robinson / Devaughn Vele / Michael Penix Jr.,42900,<48000,4-2,1,76.65,101.71,110.33,125.55,0.0005,0,1,FORCED_CAPTAIN
3064,Jahan Dotson,WR,Alvin Kamara / Chris Olave / Juwan Johnson / Nick Folk / Tyler Shough,44700,<48000,2-4,1,92.25,122.24,133.08,155.44,0.0005,0,1,FORCED_CAPTAIN
3073,Jahan Dotson,WR,Austin Hooper / Bijan Robinson / Drake London / Juwan Johnson / Tyler Shough,46100,<48000,4-2,0,94.83,124.29,133.9,151.93,0.0005,0,1,FORCED_CAPTAIN
3115,Jahan Dotson,WR,Bijan Robinson / Drake London / Falcons / Juwan Johnson / Nick Folk,42700,<48000,5-1,0,82.5,106.89,113.63,127.85,0.0005,0,1,FORCED_CAPTAIN
3122,Jahan Dotson,WR,Bryce Lance / Chris Olave / Drake London / Juwan Johnson / Tyler Shough,44100,<48000,2-4,1,93.45,125.58,137.51,159.62,0.0005,0,2,FORCED_CAPTAIN
3125,Jahan Dotson,WR,Chris Olave / Daniel Carlson / Drake London / Kyle Pitts Sr. / Michael Penix Jr.,44900,<48000,4-2,1,81.55,111.37,120.43,139.39,0.0005,0,1,FORCED_CAPTAIN
3136,Jahan Dotson,WR,Chris Olave / Drake London / Michael Penix Jr. / Nick Folk / Saints,43900,<48000,4-2,1,82.57,108.59,117.85,134.36,0.0005,0,1,FORCED_CAPTAIN
3144,Jahan Dotson,WR,Devaughn Vele / Drake London / Juwan Johnson / Saints / Tyler Shough,43500,<48000,2-4,1,82.63,111.34,120.75,139.29,0.0005,0,1,FORCED_CAPTAIN
3152,Juwan Johnson,TE,Alvin Kamara / Austin Hooper / Devaughn Vele / Falcons / Michael Penix Jr.,41300,<48000,3-3,0,73.88,98.36,106.54,126.08,0.0005,0,0,EXACT_OR_NEAR_OPTIMAL
3184,Juwan Johnson,TE,Alvin Kamara / Brian Robinson Jr. / Daniel Carlson / Devaughn Vele / Nick Folk,39900,<48000,2-4,0,70.33,94.49,102.05,116.02,0.0005,0,0,EXACT_OR_NEAR_OPTIMAL
3188,Juwan Johnson,TE,Alvin Kamara / Brian Robinson Jr. / Devaughn Vele / Kendre Miller / Michael Penix Jr.,43700,<48000,2-4,0,73.15,98.89,108.44,125.01,0.0005,0,0,EXACT_OR_NEAR_OPTIMAL
3191,Juwan Johnson,TE,Alvin Kamara / Brian Robinson Jr. / Falcons / Nick Folk / Saints,35100,<48000,3-3,0,62.96,83.36,90.56,103.54,0.0005,0,0,EXACT_OR_NEAR_OPTIMAL
3338,Juwan Johnson,TE,Brian Robinson Jr. / Bryce Lance / Drake London / Falcons / Tyler Shough,39900,<48000,3-3,1,79.9,107.96,117.11,135.51,0.0005,0,1,EXACT_OR_NEAR_OPTIMAL
3349,Juwan Johnson,TE,Brian Robinson Jr. / Devaughn Vele / Drake London / Nick Folk / Saints,42300,<48000,3-3,0,74.99,99.82,108.6,127.54,0.0005,0,0,EXACT_OR_NEAR_OPTIMAL
3351,Juwan Johnson,TE,Brian Robinson Jr. / Devaughn Vele / Jahan Dotson / Michael Penix Jr. / Nick Folk,40100,<48000,4-2,1,68.03,93.5,103.7,120.49,0.0005,0,1,EXACT_OR_NEAR_OPTIMAL
3369,Juwan Johnson,TE,Chris Olave / Daniel Carlson / Kendre Miller / Kyle Pitts Sr. / Michael Penix Jr.,46500,<48000,2-4,0,82.76,110.59,121.31,141.04,0.0005,0,0,EXACT_OR_NEAR_OPTIMAL
3414,Juwan Johnson,TE,Devaughn Vele / Jahan Dotson / Kyle Pitts Sr. / Michael Penix Jr. / Saints,40900,<48000,3-3,1,66.79,91.08,101.26,117.5,0.0005,0,1,EXACT_OR_NEAR_OPTIMAL
3421,Kendre Miller,RB,Alvin Kamara / Austin Hooper / Bijan Robinson / Devaughn Vele / Tyler Shough,46500,<48000,2-4,1,82.53,107.98,115.6,133.12,0.0005,0,1,EXACT_OR_NEAR_OPTIMAL
3427,Kendre Miller,RB,Alvin Kamara / Bijan Robinson / Bryce Lance / Drake London / Nick Folk,43500,<48000,3-3,0,76.47,99.45,107.09,120.28,0.0005,0,0,EXACT_OR_NEAR_OPTIMAL
3462,Kendre Miller,RB,Alvin Kamara / Chris Olave / Falcons / Saints / Tyler Shough,42700,<48000,1-5,1,79.46,102.79,110.99,129.99,0.0005,0,2,EXACT_OR_NEAR_OPTIMAL
3466,Kendre Miller,RB,Alvin Kamara / Drake London / Juwan Johnson / Saints / Tyler Shough,45700,<48000,1-5,1,84.44,111.4,119.93,136.77,0.0005,0,2,FORCED_CAPTAIN
3470,Kendre Miller,RB,Austin Hooper / Chris Olave / Daniel Carlson / Michael Penix Jr. / Tyler Shough,44500,<48000,2-4,1,81.34,108.11,116.71,135.91,0.0005,0,1,EXACT_OR_NEAR_OPTIMAL
3479,Kendre Miller,RB,Bijan Robinson / Brian Robinson Jr. / Daniel Carlson / Juwan Johnson / Tyler Shough,44900,<48000,2-4,1,83.37,109.21,117.58,133.06,0.0005,0,1,EXACT_OR_NEAR_OPTIMAL
3486,Kendre Miller,RB,Bijan Robinson / Bryce Lance / Daniel Carlson / Drake London / Michael Penix Jr.,44900,<48000,3-3,1,78.7,106.34,116.6,131.88,0.0005,0,1,EXACT_OR_NEAR_OPTIMAL
3493,Kendre Miller,RB,Bijan Robinson / Chris Olave / Daniel Carlson / Drake London / Falcons,48500,48000-48900,3-3,0,91.71,117.01,127.08,141.49,0.0005,0,0,EXACT_OR_NEAR_OPTIMAL
3495,Kendre Miller,RB,Bijan Robinson / Chris Olave / Daniel Carlson / Jahan Dotson / Michael Penix Jr.,46900,<48000,3-3,1,85.69,112.07,120.69,136.37,0.0005,0,1,EXACT_OR_NEAR_OPTIMAL
3498,Kendre Miller,RB,Bijan Robinson / Chris Olave / Daniel Carlson / Michael Penix Jr. / Olamide Zaccheaus,45900,<48000,3-3,1,83.87,109.57,117.77,134.69,0.0005,0,1,EXACT_OR_NEAR_OPTIMAL
3502,Kendre Miller,RB,Bijan Robinson / Chris Olave / Devaughn Vele / Falcons / Nick Folk,46900,<48000,3-3,0,82.22,105.97,113.43,126.78,0.0005,0,0,EXACT_OR_NEAR_OPTIMAL
3522,Kendre Miller,RB,Bijan Robinson / Chris Olave / Kyle Pitts Sr. / Michael Penix Jr. / Saints,49100,49000-49400,3-3,1,84.76,109.06,117.32,133.12,0.0005,0,1,EXACT_OR_NEAR_OPTIMAL
3529,Kendre Miller,RB,Bijan Robinson / Daniel Carlson / Drake London / Michael Penix Jr. / Nick Folk,48500,48000-48900,4-2,1,84.04,111.38,120.62,135.36,0.0005,0,1,FORCED_CAPTAIN
3531,Kendre Miller,RB,Bijan Robinson / Devaughn Vele / Drake London / Treyton Welch / Tyler Shough,46900,<48000,2-4,1,86.97,113.3,122.47,142.9,0.0005,0,1,FORCED_CAPTAIN
3540,Kendre Miller,RB,Bijan Robinson / Kyle Pitts Sr. / Michael Penix Jr. / Nick Folk / Tyler Shough,49100,49000-49400,4-2,1,82.83,108.16,116.13,132.66,0.0005,0,1,EXACT_OR_NEAR_OPTIMAL
3551,Kendre Miller,RB,Chris Olave / Devaughn Vele / Drake London / Falcons / Michael Penix Jr.,48700,48000-48900,3-3,0,83.87,112.13,120.63,139.28,0.0005,0,0,EXACT_OR_NEAR_OPTIMAL
3563,Kendre Miller,RB,Daniel Carlson / Devaughn Vele / Drake London / Nick Folk / Tyler Shough,45100,<48000,2-4,1,75.69,100.33,107.48,123.89,0.0005,0,1,EXACT_OR_NEAR_OPTIMAL
3571,Kevin Austin Jr.,WR,Alvin Kamara / Bijan Robinson / Brian Robinson Jr. / Chris Olave / Tyler Shough,44200,<48000,2-4,1,93.95,122.35,130.41,150.26,0.0005,0,1,FORCED_CAPTAIN
3575,Kevin Austin Jr.,WR,Alvin Kamara / Bijan Robinson / Chris Olave / Daniel Carlson / Tyler Shough,45200,<48000,1-5,1,97.47,124.48,133.52,152.98,0.0005,0,2,FORCED_CAPTAIN
3587,Kevin Austin Jr.,WR,Alvin Kamara / Bijan Robinson / Daniel Carlson / Juwan Johnson / Tyler Shough,41800,<48000,1-5,1,87.8,113.99,122.55,137.29,0.0005,0,2,FORCED_CAPTAIN
3594,Kevin Austin Jr.,WR,Alvin Kamara / Bijan Robinson / Drake London / Nick Folk / Tyler Shough,45000,<48000,3-3,1,91.63,117.84,124.76,138.24,0.0005,0,1,EXACT_OR_NEAR_OPTIMAL
3595,Kevin Austin Jr.,WR,Alvin Kamara / Bijan Robinson / Drake London / Saints / Tyler Shough,43800,<48000,2-4,1,90.11,113.49,122.09,137.97,0.0005,0,1,FORCED_CAPTAIN
3602,Kevin Austin Jr.,WR,Alvin Kamara / Chris Olave / Drake London / Falcons / Tyler Shough,42200,<48000,2-4,1,88.78,115.53,123.7,142.38,0.0005,0,1,FORCED_CAPTAIN
3605,Kevin Austin Jr.,WR,Alvin Kamara / Chris Olave / Juwan Johnson / Michael Penix Jr. / Tyler Shough,45000,<48000,1-5,1,94.6,126.86,135.3,159.53,0.0005,0,3,FORCED_CAPTAIN
3618,Kevin Austin Jr.,WR,Bijan Robinson / Brian Robinson Jr. / Chris Olave / Juwan Johnson / Tyler Shough,44600,<48000,2-4,1,96.3,127.11,136.98,156.02,0.0005,0,2,FORCED_CAPTAIN
3620,Kevin Austin Jr.,WR,Bijan Robinson / Bryce Lance / Chris Olave / Drake London / Tyler Shough,45200,<48000,2-4,1,98.31,129.2,138.53,156.24,0.0005,0,2,FORCED_CAPTAIN
3640,Kevin Austin Jr.,WR,Bijan Robinson / Chris Olave / Drake London / Jahan Dotson / Michael Penix Jr.,45800,<48000,4-2,1,93.13,123.19,133.54,152.01,0.0005,0,2,FORCED_CAPTAIN
3658,Kevin Austin Jr.,WR,Bijan Robinson / Chris Olave / Kyle Pitts Sr. / Saints / Tyler Shough,43400,<48000,2-4,1,87.05,112.64,121.24,137.12,0.0005,0,1,EXACT_OR_NEAR_OPTIMAL
3660,Kevin Austin Jr.,WR,Bijan Robinson / Daniel Carlson / Drake London / Juwan Johnson / Michael Penix Jr.,44200,<48000,3-3,1,87.65,117.09,126.42,144.14,0.0005,0,2,FORCED_CAPTAIN
3667,Kevin Austin Jr.,WR,Bijan Robinson / Devaughn Vele / Drake London / Saints / Tyler Shough,44600,<48000,2-4,1,87.49,112.09,119.16,137.81,0.0005,0,1,FORCED_CAPTAIN
3684,Kevin Austin Jr.,WR,Chris Olave / Devaughn Vele / Drake London / Nick Folk / Tyler Shough,44800,<48000,2-4,1,88.62,119.27,127.31,145.1,0.0005,0,1,FORCED_CAPTAIN
3739,Kyle Pitts Sr.,TE,Alvin Kamara / Juwan Johnson / Michael Penix Jr. / Nick Folk / Tyler Shough,47100,<48000,3-3,1,83.53,111.72,121.33,138.36,0.0005,0,1,FORCED_CAPTAIN
3754,Kyle Pitts Sr.,TE,Bijan Robinson / Chris Blair / Chris Olave / Daniel Carlson / Drake London,47100,<48000,4-2,0,88.44,115.28,123.97,139.71,0.0005,0,0,FORCED_CAPTAIN
3795,Kyle Pitts Sr.,TE,Chris Olave / Daniel Carlson / Drake London / Jahan Dotson / Michael Penix Jr.,46300,<48000,4-2,1,82.02,112.24,121.33,139.86,0.0005,0,1,FORCED_CAPTAIN
3797,Kyle Pitts Sr.,TE,Chris Olave / Daniel Carlson / Juwan Johnson / Nick Folk / Tyler Shough,46700,<48000,2-4,1,88.36,118.38,125.98,146.88,0.0005,0,1,FORCED_CAPTAIN
3839,Michael Penix Jr.,QB,Alvin Kamara / Brian Robinson Jr. / Juwan Johnson / Kyle Pitts Sr. / Tyler Shough,47100,<48000,3-3,1,85.57,114.82,125.48,144.79,0.0005,0,1,EXACT_OR_NEAR_OPTIMAL
3866,Michael Penix Jr.,QB,Alvin Kamara / Drake London / Kendre Miller / Kyle Pitts Sr. / Nick Folk,46700,<48000,4-2,1,74.33,103.32,110.54,127.26,0.0005,0,1,EXACT_OR_NEAR_OPTIMAL
3947,Michael Penix Jr.,QB,Bryce Lance / Daniel Carlson / Drake London / Juwan Johnson / Kendre Miller,42500,<48000,2-4,0,74.59,104.6,113.4,130.31,0.0005,0,0,EXACT_OR_NEAR_OPTIMAL
3971,Michael Penix Jr.,QB,Daniel Carlson / Falcons / Juwan Johnson / Kyle Pitts Sr. / Tyler Shough,44700,<48000,3-3,0,80.98,106.07,115.7,132.84,0.0005,0,0,EXACT_OR_NEAR_OPTIMAL
4012,Nick Folk,K,Alvin Kamara / Bryce Lance / Falcons / Juwan Johnson / Tyler Shough,37500,<48000,2-4,1,72.54,95.97,103.56,119.7,0.0005,0,1,EXACT_OR_NEAR_OPTIMAL
4106,Nick Folk,K,Daniel Carlson / Drake London / Juwan Johnson / Kyle Pitts Sr. / Michael Penix Jr.,45100,<48000,4-2,1,77.64,104.72,113.81,131.72,0.0005,0,1,EXACT_OR_NEAR_OPTIMAL
4107,Nick Folk,K,Daniel Carlson / Drake London / Juwan Johnson / Kyle Pitts Sr. / Tyler Shough,45700,<48000,3-3,0,84.32,111.23,119.5,135.82,0.0005,0,0,EXACT_OR_NEAR_OPTIMAL
4120,Nick Muse,TE,Alvin Kamara / Bijan Robinson / Chris Olave / Drake London / Nick Folk,45300,<48000,4-2,0,93.96,119.66,128.08,142.7,0.0005,0,0,FORCED_CAPTAIN
4131,Nick Muse,TE,Alvin Kamara / Bijan Robinson / Drake London / Juwan Johnson / Michael Penix Jr.,45500,<48000,4-2,1,91.83,120.91,129.84,146.16,0.0005,0,2,EXACT_OR_NEAR_OPTIMAL
4143,Nick Muse,TE,Alvin Kamara / Chris Olave / Drake London / Juwan Johnson / Tyler Shough,45100,<48000,2-4,1,98.12,129.71,141.53,160.5,0.0005,0,2,FORCED_CAPTAIN
4157,Nick Muse,TE,Bijan Robinson / Brian Robinson Jr. / Chris Olave / Drake London / Tyler Shough,46300,<48000,4-2,0,99.35,129.1,138.79,157.94,0.0005,0,1,FORCED_CAPTAIN
4160,Nick Muse,TE,Bijan Robinson / Bryce Lance / Chris Olave / Drake London / Tyler Shough,44300,<48000,3-3,1,97.19,127.51,137.33,154.97,0.0005,0,2,FORCED_CAPTAIN
4166,Nick Muse,TE,Bijan Robinson / Chris Olave / Daniel Carlson / Juwan Johnson / Tyler Shough,44700,<48000,2-4,1,98.7,128.55,138.69,158.1,0.0005,0,2,FORCED_CAPTAIN
4174,Nick Muse,TE,Bijan Robinson / Chris Olave / Devaughn Vele / Nick Folk / Tyler Shough,45700,<48000,3-3,1,93.38,123.13,131.5,150.73,0.0005,0,1,FORCED_CAPTAIN
4195,Nick Muse,TE,Bijan Robinson / Chris Olave / Juwan Johnson / Nick Folk / Tyler Shough,45300,<48000,3-3,1,98.35,129.24,138.67,158.26,0.0005,0,2,FORCED_CAPTAIN
4224,Nick Muse,TE,Chris Olave / Devaughn Vele / Juwan Johnson / Michael Penix Jr. / Tyler Shough,44900,<48000,2-4,1,90.86,122.78,134.27,157.28,0.0005,0,2,FORCED_CAPTAIN
4233,Olamide Zaccheaus,WR,Alvin Kamara / Bijan Robinson / Brian Robinson Jr. / Drake London / Michael Penix Jr.,44600,<48000,5-1,1,84.24,113.17,121.68,136.95,0.0005,0,2,FORCED_CAPTAIN
4236,Olamide Zaccheaus,WR,Alvin Kamara / Bijan Robinson / Chris Olave / Daniel Carlson / Saints,41600,<48000,2-4,0,84.19,105.07,111.86,127.11,0.0005,0,0,FORCED_CAPTAIN
4254,Olamide Zaccheaus,WR,Alvin Kamara / Bijan Robinson / Drake London / Kendre Miller / Tyler Shough,46400,<48000,3-3,1,89.73,115.62,124.7,139.15,0.0005,0,1,FORCED_CAPTAIN
4256,Olamide Zaccheaus,WR,Alvin Kamara / Bijan Robinson / Falcons / Juwan Johnson / Tyler Shough,42400,<48000,3-3,1,87.46,112.67,122.06,137.86,0.0005,0,1,FORCED_CAPTAIN
4273,Olamide Zaccheaus,WR,Austin Hooper / Bijan Robinson / Juwan Johnson / Michael Penix Jr. / Tyler Shough,43600,<48000,4-2,1,87.46,117.65,127.5,145.32,0.0005,0,2,FORCED_CAPTAIN
4290,Olamide Zaccheaus,WR,Bijan Robinson / Chris Olave / Daniel Carlson / Drake London / Nick Folk,45800,<48000,4-2,0,92.25,119.45,126.46,143.19,0.0005,0,0,FORCED_CAPTAIN
4313,Olamide Zaccheaus,WR,Bijan Robinson / Chris Olave / Juwan Johnson / Michael Penix Jr. / Saints,46200,<48000,3-3,1,93.73,119.93,128.61,146.32,0.0005,0,2,FORCED_CAPTAIN
4316,Olamide Zaccheaus,WR,Bijan Robinson / Chris Olave / Kyle Pitts Sr. / Michael Penix Jr. / Nick Folk,45800,<48000,5-1,1,84.36,110.9,119.38,135.78,0.0005,0,2,FORCED_CAPTAIN
4324,Olamide Zaccheaus,WR,Bijan Robinson / Daniel Carlson / Falcons / Juwan Johnson / Nick Folk,36000,<48000,4-2,0,67.94,89.4,95.67,106.51,0.0005,0,0,FORCED_CAPTAIN
4330,Olamide Zaccheaus,WR,Bijan Robinson / Devaughn Vele / Juwan Johnson / Nick Folk / Tyler Shough,45000,<48000,3-3,1,87.31,114.62,124.26,143.97,0.0005,0,1,FORCED_CAPTAIN
4334,Olamide Zaccheaus,WR,Bijan Robinson / Drake London / Juwan Johnson / Saints / Tyler Shough,46000,<48000,3-3,0,94.93,122.08,129.67,150.15,0.0005,0,1,FORCED_CAPTAIN
4351,Olamide Zaccheaus,WR,Drake London / Juwan Johnson / Michael Penix Jr. / Nick Folk / Tyler Shough,44400,<48000,4-2,1,85.92,115.13,126.79,146.42,0.0005,0,2,FORCED_CAPTAIN
4360,Oscar Delp,TE,Alvin Kamara / Bijan Robinson / Chris Olave / Drake London / Nick Folk,45600,<48000,3-3,0,93.96,119.52,128.45,142.79,0.0005,0,0,FORCED_CAPTAIN
4372,Oscar Delp,TE,Alvin Kamara / Bijan Robinson / Drake London / Juwan Johnson / Michael Penix Jr.,45800,<48000,3-3,1,91.83,120.91,129.84,146.16,0.0005,0,2,FORCED_CAPTAIN
4377,Oscar Delp,TE,Alvin Kamara / Bijan Robinson / Juwan Johnson / Michael Penix Jr. / Tyler Shough,45400,<48000,2-4,1,93.87,123.22,133.31,148.96,0.0005,0,2,FORCED_CAPTAIN
4378,Oscar Delp,TE,Alvin Kamara / Bijan Robinson / Juwan Johnson / Saints / Tyler Shough,40600,<48000,1-5,1,84.81,109.71,116.64,133.87,0.0005,0,2,FORCED_CAPTAIN
4381,Oscar Delp,TE,Alvin Kamara / Chris Olave / Drake London / Juwan Johnson / Tyler Shough,45400,<48000,1-5,1,98.12,129.89,141.53,160.5,0.0005,0,3,FORCED_CAPTAIN
4394,Oscar Delp,TE,Bijan Robinson / Brian Robinson Jr. / Chris Olave / Drake London / Tyler Shough,46600,<48000,3-3,1,99.36,129.1,138.79,157.94,0.0005,0,2,FORCED_CAPTAIN
4411,Oscar Delp,TE,Bijan Robinson / Chris Olave / Devaughn Vele / Nick Folk / Tyler Shough,46000,<48000,2-4,1,93.39,123.13,131.33,150.73,0.0005,0,1,FORCED_CAPTAIN
4414,Oscar Delp,TE,Bijan Robinson / Chris Olave / Drake London / Falcons / Michael Penix Jr.,45800,<48000,4-2,1,93.39,122.79,133.01,150.95,0.0005,0,2,FORCED_CAPTAIN
4420,Oscar Delp,TE,Bijan Robinson / Chris Olave / Drake London / Juwan Johnson / Nick Folk,46000,<48000,3-3,0,96.32,124.22,133.58,149.35,0.0005,0,1,FORCED_CAPTAIN
4464,Oscar Delp,TE,Chris Olave / Devaughn Vele / Juwan Johnson / Michael Penix Jr. / Tyler Shough,45200,<48000,1-5,1,90.86,122.78,134.27,157.28,0.0005,0,3,FORCED_CAPTAIN
4516,Saints,DST,Alvin Kamara / Daniel Carlson / Falcons / Juwan Johnson / Michael Penix Jr.,38100,<48000,2-4,0,69.25,86.64,93.2,103.44,0.0005,0,0,EXACT_OR_NEAR_OPTIMAL
4517,Saints,DST,Alvin Kamara / Devaughn Vele / Drake London / Juwan Johnson / Kevin Austin Jr.,39300,<48000,1-5,0,71.75,94.39,102.76,117.47,0.0005,0,1,EXACT_OR_NEAR_OPTIMAL
4519,Saints,DST,Alvin Kamara / Devaughn Vele / Drake London / Kendre Miller / Kyle Pitts Sr.,41900,<48000,2-4,0,63.78,85.46,92.1,104.18,0.0005,0,0,EXACT_OR_NEAR_OPTIMAL
4676,Spencer Rattler,QB,Bijan Robinson / Chris Olave / Drake London / Juwan Johnson / Kevin Austin Jr.,49800,49500-49900,2-4,1,89.13,116.77,126.04,141.4,0.0005,0,2,FORCED_CAPTAIN
4677,Spencer Rattler,QB,Bijan Robinson / Chris Olave / Drake London / Juwan Johnson / Treyton Welch,49200,49000-49400,2-4,1,89.98,117.21,126.93,143.84,0.0005,0,2,FORCED_CAPTAIN
4720,Treyton Welch,TE,Alvin Kamara / Bijan Robinson / Brian Robinson Jr. / Chris Olave / Drake London,43700,<48000,3-3,0,93.19,119.38,127.78,143.87,0.0005,0,0,FORCED_CAPTAIN
4746,Treyton Welch,TE,Alvin Kamara / Bijan Robinson / Drake London / Michael Penix Jr. / Nick Folk,43500,<48000,4-2,1,86.23,113.35,120.99,135.26,0.0005,0,1,FORCED_CAPTAIN
4756,Treyton Welch,TE,Alvin Kamara / Chris Olave / Juwan Johnson / Nick Folk / Tyler Shough,40500,<48000,1-5,1,88.34,117.52,126.86,150.35,0.0005,0,2,FORCED_CAPTAIN
4761,Treyton Welch,TE,Austin Hooper / Bijan Robinson / Chris Olave / Juwan Johnson / Tyler Shough,42700,<48000,2-4,1,96.41,127.14,137.49,159.86,0.0005,0,2,FORCED_CAPTAIN
4762,Treyton Welch,TE,Austin Hooper / Bijan Robinson / Chris Olave / Michael Penix Jr. / Nick Folk,40100,<48000,4-2,1,81.73,107.23,115.27,130.25,0.0005,0,1,FORCED_CAPTAIN
4764,Treyton Welch,TE,Austin Hooper / Bijan Robinson / Juwan Johnson / Michael Penix Jr. / Tyler Shough,40900,<48000,3-3,1,86.28,115.2,124.31,141.47,0.0005,0,2,FORCED_CAPTAIN
4777,Treyton Welch,TE,Bijan Robinson / Chris Olave / Daniel Carlson / Juwan Johnson / Michael Penix Jr.,44100,<48000,2-4,0,94.42,122.83,131.82,147.69,0.0005,0,1,FORCED_CAPTAIN
4789,Treyton Welch,TE,Bijan Robinson / Chris Olave / Drake London / Falcons / Saints,40700,<48000,3-3,0,86.73,111.04,117.94,131.93,0.0005,0,0,FORCED_CAPTAIN
4801,Treyton Welch,TE,Bijan Robinson / Chris Olave / Falcons / Nick Folk / Tyler Shough,41500,<48000,3-3,1,90.29,117.72,124.17,145.39,0.0005,0,1,FORCED_CAPTAIN
4818,Treyton Welch,TE,Bijan Robinson / Drake London / Jahan Dotson / Michael Penix Jr. / Tyler Shough,43700,<48000,4-2,1,90.97,120.95,129.67,145.79,0.0005,0,2,FORCED_CAPTAIN
4821,Treyton Welch,TE,Bijan Robinson / Juwan Johnson / Michael Penix Jr. / Nick Folk / Tyler Shough,43500,<48000,3-3,1,90.62,118.65,127.56,144.27,0.0005,0,2,FORCED_CAPTAIN
4827,Treyton Welch,TE,Chris Olave / Devaughn Vele / Drake London / Kendre Miller / Tyler Shough,43500,<48000,1-5,1,85.54,115.94,124.74,147.76,0.0005,0,2,FORCED_CAPTAIN
4830,Treyton Welch,TE,Chris Olave / Drake London / Falcons / Juwan Johnson / Michael Penix Jr.,41100,<48000,3-3,0,85.73,114.09,123.92,143.15,0.0005,0,1,FORCED_CAPTAIN
4831,Treyton Welch,TE,Chris Olave / Drake London / Jahan Dotson / Michael Penix Jr. / Tyler Shough,42700,<48000,3-3,1,90.57,122.93,132.64,156.23,0.0005,0,2,FORCED_CAPTAIN
4838,Treyton Welch,TE,Devaughn Vele / Drake London / Juwan Johnson / Saints / Tyler Shough,39300,<48000,1-5,1,78.72,105.84,117.57,132.45,0.0005,0,2,FORCED_CAPTAIN
5239,Tyler Shough,QB,Chris Olave / Daniel Carlson / Michael Penix Jr. / Saints / Treyton Welch,43400,<48000,1-5,1,91.38,119.4,128.34,149.76,0.0005,0,2,EXACT_OR_NEAR_OPTIMAL
5419,Zachariah Branch,WR,Alvin Kamara / Bijan Robinson / Brian Robinson Jr. / Chris Olave / Tyler Shough,46600,<48000,3-3,1,93.89,122.01,130.32,150.19,0.0005,0,1,FORCED_CAPTAIN
5428,Zachariah Branch,WR,Alvin Kamara / Bijan Robinson / Chris Olave / Kyle Pitts Sr. / Tyler Shough,48600,48000-48900,3-3,1,94.17,122.3,131.41,151.15,0.0005,0,1,FORCED_CAPTAIN
5432,Zachariah Branch,WR,Alvin Kamara / Bijan Robinson / Devaughn Vele / Drake London / Juwan Johnson,47600,<48000,3-3,0,88.39,114.6,121.84,138.28,0.0005,0,0,FORCED_CAPTAIN
5435,Zachariah Branch,WR,Alvin Kamara / Bijan Robinson / Devaughn Vele / Juwan Johnson / Tyler Shough,47200,<48000,2-4,1,90.43,118.23,127.21,149.3,0.0005,0,1,FORCED_CAPTAIN
5439,Zachariah Branch,WR,Alvin Kamara / Bijan Robinson / Drake London / Michael Penix Jr. / Nick Folk,46800,<48000,5-1,1,84.89,112.15,121.01,133.96,0.0005,0,2,FORCED_CAPTAIN
5441,Zachariah Branch,WR,Alvin Kamara / Bijan Robinson / Michael Penix Jr. / Nick Folk / Tyler Shough,46400,<48000,4-2,1,86.93,113.19,120.57,131.46,0.0005,0,1,FORCED_CAPTAIN
5450,Zachariah Branch,WR,Alvin Kamara / Chris Olave / Juwan Johnson / Michael Penix Jr. / Tyler Shough,47400,<48000,2-4,1,94.54,126.4,135.28,159.24,0.0005,0,2,FORCED_CAPTAIN
5452,Zachariah Branch,WR,Alvin Kamara / Devaughn Vele / Drake London / Michael Penix Jr. / Tyler Shough,47000,<48000,3-3,1,84.08,113.66,123.55,139.93,0.0005,0,1,FORCED_CAPTAIN
5453,Zachariah Branch,WR,Alvin Kamara / Drake London / Juwan Johnson / Michael Penix Jr. / Tyler Shough,46600,<48000,3-3,1,89.05,120.21,130.34,148.21,0.0005,0,2,FORCED_CAPTAIN
5463,Zachariah Branch,WR,Bijan Robinson / Brian Robinson Jr. / Juwan Johnson / Michael Penix Jr. / Tyler Shough,45200,<48000,4-2,1,86.11,114.42,123.19,141.74,0.0005,0,2,FORCED_CAPTAIN
5467,Zachariah Branch,WR,Bijan Robinson / Chris Olave / Daniel Carlson / Devaughn Vele / Tyler Shough,48400,48000-48900,2-4,1,94.79,124.1,133.46,150.54,0.0005,0,1,FORCED_CAPTAIN
5474,Zachariah Branch,WR,Bijan Robinson / Chris Olave / Devaughn Vele / Drake London / Falcons,47600,<48000,4-2,0,89.95,116.33,125.6,140.12,0.0005,0,0,FORCED_CAPTAIN
5476,Zachariah Branch,WR,Bijan Robinson / Chris Olave / Devaughn Vele / Falcons / Juwan Johnson,45000,<48000,3-3,0,85.77,110.67,121.04,136.29,0.0005,0,0,FORCED_CAPTAIN
5481,Zachariah Branch,WR,Bijan Robinson / Chris Olave / Drake London / Falcons / Juwan Johnson,47200,<48000,4-2,0,94.92,122.18,131.69,147.82,0.0005,0,1,FORCED_CAPTAIN
5487,Zachariah Branch,WR,Bijan Robinson / Chris Olave / Drake London / Juwan Johnson / Kendre Miller,48600,48000-48900,3-3,0,93.01,121.01,131.18,146.41,0.0005,0,1,FORCED_CAPTAIN
5491,Zachariah Branch,WR,Bijan Robinson / Chris Olave / Falcons / Juwan Johnson / Michael Penix Jr.,46200,<48000,4-2,1,90.27,116.81,126.54,143.7,0.0005,0,2,FORCED_CAPTAIN
5496,Zachariah Branch,WR,Bijan Robinson / Chris Olave / Juwan Johnson / Kyle Pitts Sr. / Tyler Shough,49000,49000-49400,3-3,1,96.52,127.28,136.33,159.39,0.0005,0,2,FORCED_CAPTAIN
5502,Zachariah Branch,WR,Bijan Robinson / Daniel Carlson / Devaughn Vele / Drake London / Michael Penix Jr.,47000,<48000,4-2,1,82.62,110.31,120.63,138.58,0.0005,0,1,FORCED_CAPTAIN
5507,Zachariah Branch,WR,Bijan Robinson / Daniel Carlson / Drake London / Michael Penix Jr. / Saints,43400,<48000,4-2,1,78.06,103.13,111.82,130.83,0.0005,0,1,FORCED_CAPTAIN
5511,Zachariah Branch,WR,Bijan Robinson / Devaughn Vele / Drake London / Michael Penix Jr. / Nick Folk,47600,<48000,5-1,1,82.27,109.83,118.84,133.53,0.0005,0,2,FORCED_CAPTAIN
5512,Zachariah Branch,WR,Bijan Robinson / Devaughn Vele / Drake London / Nick Folk / Tyler Shough,48200,48000-48900,4-2,0,88.96,115.53,122.99,141.3,0.0005,0,0,FORCED_CAPTAIN
5514,Zachariah Branch,WR,Bijan Robinson / Drake London / Falcons / Michael Penix Jr. / Tyler Shough,47600,<48000,5-1,1,91.0,118.76,127.76,142.7,0.0005,0,3,FORCED_CAPTAIN
5519,Zachariah Branch,WR,Chris Olave / Daniel Carlson / Drake London / Juwan Johnson / Tyler Shough,46200,<48000,2-4,1,93.88,124.32,136.86,152.57,0.0005,0,2,FORCED_CAPTAIN
5525,Zachariah Branch,WR,Chris Olave / Drake London / Jahan Dotson / Michael Penix Jr. / Tyler Shough,46000,<48000,4-2,1,89.23,121.59,131.98,153.85,0.0005,0,2,FORCED_CAPTAIN
5526,Zachariah Branch,WR,Chris Olave / Drake London / Juwan Johnson / Kyle Pitts Sr. / Michael Penix Jr.,46600,<48000,4-2,1,83.95,114.26,124.82,142.09,0.0005,0,2,FORCED_CAPTAIN
5527,Zachariah Branch,WR,Chris Olave / Drake London / Juwan Johnson / Kyle Pitts Sr. / Tyler Shough,47200,<48000,3-3,1,90.64,122.25,133.01,153.79,0.0005,0,2,FORCED_CAPTAIN
5528,Zachariah Branch,WR,Chris Olave / Drake London / Juwan Johnson / Saints / Tyler Shough,45600,<48000,2-4,1,92.01,122.49,132.04,152.14,0.0005,0,2,FORCED_CAPTAIN
211,Austin Hooper,TE,Alvin Kamara / Bijan Robinson / Falcons / Michael Penix Jr. / Nick Folk,41000,<48000,5-1,1,74.73,97.0,103.73,118.5,0.0,0,2,FORCED_CAPTAIN
302,Austin Hooper,TE,Daniel Carlson / Devaughn Vele / Drake London / Nick Folk / Tyler Shough,41800,<48000,3-3,0,75.73,100.44,108.18,121.92,0.0,0,0,FORCED_CAPTAIN
306,Barion Brown,WR,Alvin Kamara / Austin Hooper / Bijan Robinson / Michael Penix Jr. / Nick Folk,37800,<48000,4-2,1,67.66,89.16,96.18,108.79,0.0,0,1,FORCED_CAPTAIN
308,Barion Brown,WR,Alvin Kamara / Bijan Robinson / Brian Robinson Jr. / Michael Penix Jr. / Tyler Shough,43000,<48000,3-3,1,83.05,107.93,116.88,128.88,0.0,0,1,FORCED_CAPTAIN
309,Barion Brown,WR,Alvin Kamara / Bijan Robinson / Bryce Lance / Chris Olave / Tyler Shough,42800,<48000,1-5,1,91.02,118.81,127.21,147.87,0.0,0,2,FORCED_CAPTAIN
310,Barion Brown,WR,Alvin Kamara / Bijan Robinson / Chris Olave / Daniel Carlson / Drake London,46200,<48000,2-4,0,94.66,120.58,129.13,142.95,0.0,0,0,FORCED_CAPTAIN
311,Barion Brown,WR,Alvin Kamara / Bijan Robinson / Chris Olave / Daniel Carlson / Michael Penix Jr.,45200,<48000,2-4,0,90.02,115.31,123.67,140.36,0.0,0,0,FORCED_CAPTAIN
316,Barion Brown,WR,Alvin Kamara / Bijan Robinson / Chris Olave / Drake London / Saints,45600,<48000,2-4,0,92.79,117.13,124.48,137.78,0.0,0,0,FORCED_CAPTAIN
317,Barion Brown,WR,Alvin Kamara / Bijan Robinson / Chris Olave / Falcons / Saints,39200,<48000,2-4,0,78.15,98.4,103.83,120.24,0.0,0,0,FORCED_CAPTAIN
322,Barion Brown,WR,Alvin Kamara / Bijan Robinson / Chris Olave / Saints / Tyler Shough,45200,<48000,1-5,1,94.83,120.75,128.79,150.28,0.0,0,2,FORCED_CAPTAIN
323,Barion Brown,WR,Alvin Kamara / Bijan Robinson / Daniel Carlson / Drake London / Michael Penix Jr.,44400,<48000,3-3,1,84.53,112.16,119.78,136.91,0.0,0,1,FORCED_CAPTAIN
324,Barion Brown,WR,Alvin Kamara / Bijan Robinson / Daniel Carlson / Juwan Johnson / Saints,37000,<48000,1-5,0,71.29,90.44,96.51,110.11,0.0,0,1,FORCED_CAPTAIN
326,Barion Brown,WR,Alvin Kamara / Bijan Robinson / Devaughn Vele / Juwan Johnson / Tyler Shough,45400,<48000,1-5,1,89.72,117.47,126.11,147.97,0.0,0,2,FORCED_CAPTAIN
330,Barion Brown,WR,Alvin Kamara / Bijan Robinson / Drake London / Michael Penix Jr. / Nick Folk,45000,<48000,4-2,1,84.18,111.29,119.23,133.39,0.0,0,1,FORCED_CAPTAIN
331,Barion Brown,WR,Alvin Kamara / Bijan Robinson / Drake London / Michael Penix Jr. / Saints,43800,<48000,3-3,1,82.66,106.9,115.8,129.52,0.0,0,1,FORCED_CAPTAIN
333,Barion Brown,WR,Alvin Kamara / Bijan Robinson / Juwan Johnson / Michael Penix Jr. / Tyler Shough,46600,<48000,2-4,1,94.22,123.6,133.12,149.17,0.0,0,2,FORCED_CAPTAIN
334,Barion Brown,WR,Alvin Kamara / Bijan Robinson / Juwan Johnson / Saints / Tyler Shough,41800,<48000,1-5,1,85.16,109.93,117.09,134.02,0.0,0,2,FORCED_CAPTAIN
335,Barion Brown,WR,Alvin Kamara / Bijan Robinson / Michael Penix Jr. / Saints / Tyler Shough,43400,<48000,2-4,1,84.7,107.24,114.21,127.62,0.0,0,1,FORCED_CAPTAIN
336,Barion Brown,WR,Alvin Kamara / Chris Olave / Daniel Carlson / Juwan Johnson / Nick Folk,37200,<48000,1-5,0,72.42,93.96,101.38,116.58,0.0,0,1,FORCED_CAPTAIN
338,Barion Brown,WR,Alvin Kamara / Chris Olave / Devaughn Vele / Michael Penix Jr. / Tyler Shough,46000,<48000,1-5,1,88.86,118.98,128.83,144.99,0.0,0,2,FORCED_CAPTAIN
341,Barion Brown,WR,Alvin Kamara / Chris Olave / Drake London / Saints / Tyler Shough,43400,<48000,1-5,1,88.95,116.42,125.93,142.37,0.0,0,2,FORCED_CAPTAIN
342,Barion Brown,WR,Alvin Kamara / Chris Olave / Juwan Johnson / Michael Penix Jr. / Tyler Shough,45600,<48000,1-5,1,93.83,125.77,134.43,157.5,0.0,0,3,FORCED_CAPTAIN
343,Barion Brown,WR,Alvin Kamara / Chris Olave / Juwan Johnson / Nick Folk / Tyler Shough,42000,<48000,1-5,1,86.29,114.58,124.77,148.15,0.0,0,2,FORCED_CAPTAIN
344,Barion Brown,WR,Alvin Kamara / Drake London / Falcons / Saints / Tyler Shough,36200,<48000,2-4,1,68.82,88.31,94.63,107.74,0.0,0,1,FORCED_CAPTAIN
346,Barion Brown,WR,Austin Hooper / Bijan Robinson / Chris Olave / Michael Penix Jr. / Tyler Shough,45800,<48000,3-3,1,93.9,124.6,133.03,152.45,0.0,0,2,FORCED_CAPTAIN
347,Barion Brown,WR,Austin Hooper / Bijan Robinson / Falcons / Juwan Johnson / Michael Penix Jr.,36400,<48000,4-2,1,67.55,90.29,97.39,113.97,0.0,0,1,FORCED_CAPTAIN
348,Barion Brown,WR,Bijan Robinson / Brian Robinson Jr. / Chris Olave / Devaughn Vele / Tyler Shough,45600,<48000,2-4,1,90.57,119.79,129.13,148.6,0.0,0,1,FORCED_CAPTAIN
349,Barion Brown,WR,Bijan Robinson / Brian Robinson Jr. / Chris Olave / Drake London / Juwan Johnson,45600,<48000,3-3,0,93.5,121.16,131.18,147.81,0.0,0,1,FORCED_CAPTAIN
352,Barion Brown,WR,Bijan Robinson / Brian Robinson Jr. / Chris Olave / Juwan Johnson / Michael Penix Jr.,44600,<48000,3-3,1,88.85,116.27,125.88,142.89,0.0,0,2,FORCED_CAPTAIN
355,Barion Brown,WR,Bijan Robinson / Brian Robinson Jr. / Juwan Johnson / Michael Penix Jr. / Tyler Shough,43400,<48000,3-3,1,85.4,113.2,121.62,141.66,0.0,0,2,FORCED_CAPTAIN
356,Barion Brown,WR,Bijan Robinson / Bryce Lance / Chris Olave / Drake London / Tyler Shough,45800,<48000,2-4,1,97.55,128.12,137.87,154.97,0.0,0,2,FORCED_CAPTAIN
357,Barion Brown,WR,Bijan Robinson / Bryce Lance / Chris Olave / Michael Penix Jr. / Tyler Shough,44800,<48000,2-4,1,92.9,122.79,133.75,151.3,0.0,0,2,FORCED_CAPTAIN
361,Barion Brown,WR,Bijan Robinson / Chris Olave / Daniel Carlson / Drake London / Nick Folk,44600,<48000,3-3,0,89.01,115.3,122.23,137.78,0.0,0,0,FORCED_CAPTAIN
362,Barion Brown,WR,Bijan Robinson / Chris Olave / Daniel Carlson / Drake London / Saints,43400,<48000,2-4,0,87.49,111.75,119.72,133.5,0.0,0,0,FORCED_CAPTAIN
364,Barion Brown,WR,Bijan Robinson / Chris Olave / Daniel Carlson / Falcons / Saints,37000,<48000,2-4,0,72.85,93.36,98.71,109.31,0.0,0,0,FORCED_CAPTAIN
366,Barion Brown,WR,Bijan Robinson / Chris Olave / Daniel Carlson / Kyle Pitts Sr. / Michael Penix Jr.,44000,<48000,3-3,1,81.47,106.36,116.03,131.3,0.0,0,1,FORCED_CAPTAIN
374,Barion Brown,WR,Bijan Robinson / Chris Olave / Drake London / Falcons / Juwan Johnson,45400,<48000,3-3,0,94.21,121.34,130.66,147.74,0.0,0,1,FORCED_CAPTAIN
377,Barion Brown,WR,Bijan Robinson / Chris Olave / Drake London / Jahan Dotson / Michael Penix Jr.,46400,<48000,4-2,1,92.37,122.31,133.17,150.65,0.0,0,2,FORCED_CAPTAIN
378,Barion Brown,WR,Bijan Robinson / Chris Olave / Drake London / Kendre Miller / Michael Penix Jr.,48400,48000-48900,3-3,1,91.83,122.12,132.57,150.2,0.0,0,2,FORCED_CAPTAIN
386,Barion Brown,WR,Bijan Robinson / Chris Olave / Falcons / Nick Folk / Tyler Shough,43000,<48000,3-3,1,88.25,114.86,121.26,138.2,0.0,0,1,FORCED_CAPTAIN
387,Barion Brown,WR,Bijan Robinson / Chris Olave / Jahan Dotson / Juwan Johnson / Tyler Shough,44400,<48000,2-4,1,94.88,125.72,134.6,155.58,0.0,0,2,FORCED_CAPTAIN
388,Barion Brown,WR,Bijan Robinson / Chris Olave / Juwan Johnson / Kendre Miller / Tyler Shough,46400,<48000,1-5,1,94.34,124.96,134.16,156.92,0.0,0,3,FORCED_CAPTAIN
391,Barion Brown,WR,Bijan Robinson / Chris Olave / Kyle Pitts Sr. / Michael Penix Jr. / Nick Folk,44600,<48000,4-2,1,81.13,106.34,114.38,130.45,0.0,0,1,FORCED_CAPTAIN
394,Barion Brown,WR,Bijan Robinson / Daniel Carlson / Devaughn Vele / Drake London / Juwan Johnson,43600,<48000,2-4,0,82.38,106.94,115.94,132.55,0.0,0,0,FORCED_CAPTAIN
395,Barion Brown,WR,Bijan Robinson / Daniel Carlson / Devaughn Vele / Juwan Johnson / Michael Penix Jr.,42600,<48000,2-4,0,77.74,102.19,110.29,129.0,0.0,0,0,FORCED_CAPTAIN
396,Barion Brown,WR,Bijan Robinson / Daniel Carlson / Devaughn Vele / Michael Penix Jr. / Tyler Shough,44800,<48000,2-4,1,83.95,109.29,117.92,133.1,0.0,0,1,FORCED_CAPTAIN
397,Barion Brown,WR,Bijan Robinson / Daniel Carlson / Drake London / Juwan Johnson / Michael Penix Jr.,44800,<48000,3-3,1,86.88,116.17,125.93,143.51,0.0,0,2,FORCED_CAPTAIN
398,Barion Brown,WR,Bijan Robinson / Daniel Carlson / Drake London / Juwan Johnson / Tyler Shough,45400,<48000,2-4,1,93.57,121.56,130.31,148.8,0.0,0,2,FORCED_CAPTAIN
400,Barion Brown,WR,Bijan Robinson / Daniel Carlson / Falcons / Juwan Johnson / Nick Folk,34800,<48000,3-3,0,64.71,85.19,92.54,101.73,0.0,0,0,FORCED_CAPTAIN
402,Barion Brown,WR,Bijan Robinson / Devaughn Vele / Drake London / Michael Penix Jr. / Nick Folk,45800,<48000,4-2,1,81.57,108.05,117.93,132.62,0.0,0,1,FORCED_CAPTAIN
404,Barion Brown,WR,Bijan Robinson / Devaughn Vele / Drake London / Treyton Welch / Tyler Shough,41200,<48000,2-4,1,81.81,107.07,114.67,132.76,0.0,0,1,FORCED_CAPTAIN
405,Barion Brown,WR,Bijan Robinson / Devaughn Vele / Juwan Johnson / Nick Folk / Tyler Shough,43800,<48000,2-4,1,84.07,111.8,120.24,138.84,0.0,0,1,FORCED_CAPTAIN
406,Barion Brown,WR,Bijan Robinson / Devaughn Vele / Juwan Johnson / Saints / Tyler Shough,42600,<48000,1-5,1,82.55,108.34,117.33,136.83,0.0,0,2,FORCED_CAPTAIN
408,Barion Brown,WR,Bijan Robinson / Drake London / Falcons / Michael Penix Jr. / Nick Folk,41600,<48000,5-1,1,76.07,101.42,109.22,123.9,0.0,0,2,FORCED_CAPTAIN
410,Barion Brown,WR,Bijan Robinson / Drake London / Juwan Johnson / Saints / Tyler Shough,44800,<48000,2-4,1,91.7,118.62,125.82,143.31,0.0,0,2,FORCED_CAPTAIN
413,Barion Brown,WR,Bijan Robinson / Juwan Johnson / Michael Penix Jr. / Saints / Tyler Shough,43800,<48000,2-4,1,87.05,112.47,121.56,137.71,0.0,0,2,FORCED_CAPTAIN
414,Barion Brown,WR,Brian Robinson Jr. / Chris Olave / Daniel Carlson / Drake London / Nick Folk,36600,<48000,3-3,0,67.78,89.87,96.78,109.98,0.0,0,0,FORCED_CAPTAIN
415,Barion Brown,WR,Chris Olave / Daniel Carlson / Drake London / Juwan Johnson / Tyler Shough,44400,<48000,1-5,1,93.17,123.29,135.29,152.5,0.0,0,3,FORCED_CAPTAIN
418,Barion Brown,WR,Chris Olave / Devaughn Vele / Drake London / Nick Folk / Tyler Shough,45400,<48000,2-4,1,87.86,118.18,125.89,144.97,0.0,0,1,FORCED_CAPTAIN
420,Barion Brown,WR,Chris Olave / Drake London / Juwan Johnson / Michael Penix Jr. / Nick Folk,44400,<48000,3-3,0,86.14,114.93,124.85,142.87,0.0,0,1,FORCED_CAPTAIN
422,Barion Brown,WR,Chris Olave / Drake London / Juwan Johnson / Nick Folk / Tyler Shough,45000,<48000,2-4,1,92.83,123.73,134.36,154.17,0.0,0,2,FORCED_CAPTAIN
423,Barion Brown,WR,Chris Olave / Drake London / Juwan Johnson / Saints / Tyler Shough,43800,<48000,1-5,1,91.3,121.23,131.4,151.42,0.0,0,3,FORCED_CAPTAIN
425,Barion Brown,WR,Daniel Carlson / Drake London / Juwan Johnson / Michael Penix Jr. / Tyler Shough,42600,<48000,2-4,1,83.04,111.65,122.67,140.6,0.0,0,2,FORCED_CAPTAIN
856,Bryce Lance,WR,Alvin Kamara / Bijan Robinson / Brian Robinson Jr. / Saints / Tyler Shough,39100,<48000,2-4,1,77.69,98.39,105.62,120.23,0.0,0,1,FORCED_CAPTAIN
859,Bryce Lance,WR,Alvin Kamara / Bijan Robinson / Chris Olave / Devaughn Vele / Falcons,43700,<48000,2-4,0,86.42,110.73,118.74,134.03,0.0,0,0,FORCED_CAPTAIN
863,Bryce Lance,WR,Alvin Kamara / Bijan Robinson / Chris Olave / Falcons / Juwan Johnson,43300,<48000,2-4,0,91.38,116.21,124.21,143.34,0.0,0,0,FORCED_CAPTAIN
869,Bryce Lance,WR,Alvin Kamara / Bijan Robinson / Daniel Carlson / Juwan Johnson / Tyler Shough,43300,<48000,1-5,1,90.74,117.64,126.92,141.26,0.0,0,2,FORCED_CAPTAIN
878,Bryce Lance,WR,Alvin Kamara / Bijan Robinson / Falcons / Juwan Johnson / Tyler Shough,42100,<48000,2-4,1,87.93,113.53,122.79,136.61,0.0,0,1,FORCED_CAPTAIN
879,Bryce Lance,WR,Alvin Kamara / Bijan Robinson / Falcons / Michael Penix Jr. / Tyler Shough,43700,<48000,3-3,1,87.47,112.12,119.32,134.69,0.0,0,1,FORCED_CAPTAIN
891,Bryce Lance,WR,Austin Hooper / Bijan Robinson / Drake London / Juwan Johnson / Michael Penix Jr.,43700,<48000,4-2,1,85.9,116.66,125.83,140.82,0.0,0,2,FORCED_CAPTAIN
898,Bryce Lance,WR,Bijan Robinson / Brian Robinson Jr. / Daniel Carlson / Juwan Johnson / Tyler Shough,40100,<48000,2-4,1,81.92,108.46,115.97,133.87,0.0,0,1,FORCED_CAPTAIN
923,Bryce Lance,WR,Bijan Robinson / Chris Olave / Falcons / Juwan Johnson / Saints,40500,<48000,2-4,0,84.21,108.07,115.0,130.76,0.0,0,0,FORCED_CAPTAIN
925,Bryce Lance,WR,Bijan Robinson / Chris Olave / Falcons / Michael Penix Jr. / Saints,42100,<48000,3-3,0,83.74,107.17,113.81,129.44,0.0,0,0,FORCED_CAPTAIN
942,Bryce Lance,WR,Bijan Robinson / Daniel Carlson / Falcons / Juwan Johnson / Nick Folk,35700,<48000,3-3,0,68.41,90.22,97.28,106.37,0.0,0,0,FORCED_CAPTAIN
944,Bryce Lance,WR,Bijan Robinson / Devaughn Vele / Drake London / Falcons / Nick Folk,41300,<48000,4-2,0,75.28,98.49,106.29,119.45,0.0,0,0,FORCED_CAPTAIN
950,Bryce Lance,WR,Bijan Robinson / Devaughn Vele / Michael Penix Jr. / Saints / Tyler Shough,45100,<48000,2-4,1,85.79,111.07,120.28,136.07,0.0,0,1,FORCED_CAPTAIN
964,Bryce Lance,WR,Chris Olave / Devaughn Vele / Nick Folk / Saints / Tyler Shough,40500,<48000,1-5,1,77.86,105.02,115.21,132.9,0.0,0,2,FORCED_CAPTAIN
971,Bryce Lance,WR,Chris Olave / Drake London / Michael Penix Jr. / Nick Folk / Saints,42100,<48000,3-3,0,80.32,105.96,114.66,130.84,0.0,0,0,FORCED_CAPTAIN
973,Bryce Lance,WR,Devaughn Vele / Drake London / Kyle Pitts Sr. / Michael Penix Jr. / Saints,39500,<48000,3-3,1,62.79,86.81,93.5,111.15,0.0,0,1,FORCED_CAPTAIN
974,CJ Donaldson,RB,Alvin Kamara / Austin Hooper / Bijan Robinson / Devaughn Vele / Michael Penix Jr.,40500,<48000,3-3,1,71.03,93.82,100.77,115.39,0.0,0,1,FORCED_CAPTAIN
975,CJ Donaldson,RB,Alvin Kamara / Austin Hooper / Bijan Robinson / Devaughn Vele / Tyler Shough,41100,<48000,2-4,1,77.71,101.62,108.4,125.37,0.0,0,1,FORCED_CAPTAIN
976,CJ Donaldson,RB,Alvin Kamara / Bijan Robinson / Brian Robinson Jr. / Drake London / Tyler Shough,44300,<48000,3-3,1,88.03,112.9,120.86,135.87,0.0,0,1,FORCED_CAPTAIN
977,CJ Donaldson,RB,Alvin Kamara / Bijan Robinson / Brian Robinson Jr. / Saints / Tyler Shough,38500,<48000,2-4,1,74.32,93.41,99.67,112.92,0.0,0,1,FORCED_CAPTAIN
978,CJ Donaldson,RB,Alvin Kamara / Bijan Robinson / Bryce Lance / Nick Folk / Tyler Shough,37700,<48000,2-4,1,73.68,95.68,102.67,117.15,0.0,0,1,FORCED_CAPTAIN
980,CJ Donaldson,RB,Alvin Kamara / Bijan Robinson / Chris Olave / Daniel Carlson / Juwan Johnson,43900,<48000,1-5,0,90.82,115.45,123.34,140.68,0.0,0,1,FORCED_CAPTAIN
981,CJ Donaldson,RB,Alvin Kamara / Bijan Robinson / Chris Olave / Daniel Carlson / Michael Penix Jr.,45500,<48000,2-4,0,90.35,115.48,123.85,140.9,0.0,0,0,FORCED_CAPTAIN
988,CJ Donaldson,RB,Alvin Kamara / Bijan Robinson / Chris Olave / Falcons / Juwan Johnson,42700,<48000,2-4,0,88.01,111.75,118.99,138.66,0.0,0,0,FORCED_CAPTAIN
989,CJ Donaldson,RB,Alvin Kamara / Bijan Robinson / Chris Olave / Falcons / Michael Penix Jr.,44300,<48000,3-3,0,87.55,111.64,118.97,135.47,0.0,0,0,FORCED_CAPTAIN
990,CJ Donaldson,RB,Alvin Kamara / Bijan Robinson / Chris Olave / Falcons / Nick Folk,40700,<48000,3-3,0,80.01,101.96,108.91,123.08,0.0,0,0,FORCED_CAPTAIN
991,CJ Donaldson,RB,Alvin Kamara / Bijan Robinson / Chris Olave / Falcons / Saints,39500,<48000,2-4,0,78.49,98.96,104.2,120.25,0.0,0,0,FORCED_CAPTAIN
992,CJ Donaldson,RB,Alvin Kamara / Bijan Robinson / Chris Olave / Falcons / Tyler Shough,44900,<48000,2-4,1,94.23,119.36,127.85,149.91,0.0,0,1,FORCED_CAPTAIN
993,CJ Donaldson,RB,Alvin Kamara / Bijan Robinson / Chris Olave / Jahan Dotson / Michael Penix Jr.,43700,<48000,3-3,1,86.17,110.98,122.33,136.26,0.0,0,1,FORCED_CAPTAIN
998,CJ Donaldson,RB,Alvin Kamara / Bijan Robinson / Daniel Carlson / Drake London / Michael Penix Jr.,44700,<48000,3-3,1,84.86,112.45,120.08,137.44,0.0,0,1,FORCED_CAPTAIN
999,CJ Donaldson,RB,Alvin Kamara / Bijan Robinson / Daniel Carlson / Juwan Johnson / Tyler Shough,42700,<48000,1-5,1,87.37,113.21,121.93,135.38,0.0,0,2,FORCED_CAPTAIN
1002,CJ Donaldson,RB,Alvin Kamara / Bijan Robinson / Devaughn Vele / Michael Penix Jr. / Tyler Shough,47300,<48000,2-4,1,89.59,117.0,123.85,142.39,0.0,0,1,FORCED_CAPTAIN
1003,CJ Donaldson,RB,Alvin Kamara / Bijan Robinson / Drake London / Falcons / Juwan Johnson,41900,<48000,3-3,0,82.52,105.74,113.15,126.4,0.0,0,0,FORCED_CAPTAIN
1004,CJ Donaldson,RB,Alvin Kamara / Bijan Robinson / Drake London / Juwan Johnson / Nick Folk,43700,<48000,3-3,0,84.98,109.92,116.66,129.63,0.0,0,0,FORCED_CAPTAIN
1007,CJ Donaldson,RB,Alvin Kamara / Bijan Robinson / Falcons / Juwan Johnson / Kyle Pitts Sr.,37700,<48000,3-3,0,67.45,87.68,93.31,105.53,0.0,0,0,FORCED_CAPTAIN
1008,CJ Donaldson,RB,Alvin Kamara / Bijan Robinson / Juwan Johnson / Michael Penix Jr. / Olamide Zaccheaus,39300,<48000,3-3,1,74.69,98.61,106.67,121.07,0.0,0,1,FORCED_CAPTAIN
1011,CJ Donaldson,RB,Alvin Kamara / Chris Olave / Devaughn Vele / Michael Penix Jr. / Tyler Shough,46300,<48000,1-5,1,89.2,119.27,129.01,145.34,0.0,0,2,FORCED_CAPTAIN
1014,CJ Donaldson,RB,Alvin Kamara / Chris Olave / Juwan Johnson / Nick Folk / Tyler Shough,42300,<48000,1-5,1,86.63,114.72,124.78,148.27,0.0,0,2,FORCED_CAPTAIN
1015,CJ Donaldson,RB,Alvin Kamara / Devaughn Vele / Drake London / Michael Penix Jr. / Tyler Shough,45500,<48000,2-4,1,83.71,112.59,122.19,140.63,0.0,0,1,FORCED_CAPTAIN
1016,CJ Donaldson,RB,Alvin Kamara / Drake London / Juwan Johnson / Michael Penix Jr. / Nick Folk,40900,<48000,3-3,0,74.46,100.18,108.98,123.64,0.0,0,0,FORCED_CAPTAIN
1017,CJ Donaldson,RB,Austin Hooper / Brian Robinson Jr. / Chris Olave / Daniel Carlson / Michael Penix Jr.,33300,<48000,3-3,1,59.12,79.85,85.78,99.87,0.0,0,1,FORCED_CAPTAIN
1020,CJ Donaldson,RB,Bijan Robinson / Brian Robinson Jr. / Chris Olave / Juwan Johnson / Michael Penix Jr.,44900,<48000,3-3,1,89.19,116.96,126.37,142.89,0.0,0,2,FORCED_CAPTAIN
1021,CJ Donaldson,RB,Bijan Robinson / Brian Robinson Jr. / Chris Olave / Juwan Johnson / Tyler Shough,45500,<48000,2-4,1,95.87,126.5,135.57,155.21,0.0,0,2,FORCED_CAPTAIN
1022,CJ Donaldson,RB,Bijan Robinson / Brian Robinson Jr. / Drake London / Juwan Johnson / Michael Penix Jr.,44100,<48000,4-2,1,83.7,112.11,122.88,140.46,0.0,0,2,FORCED_CAPTAIN
1024,CJ Donaldson,RB,Bijan Robinson / Bryce Lance / Devaughn Vele / Juwan Johnson / Tyler Shough,40500,<48000,1-5,1,79.07,106.62,115.0,133.78,0.0,0,2,FORCED_CAPTAIN
1026,CJ Donaldson,RB,Bijan Robinson / Chris Olave / Daniel Carlson / Drake London / Falcons,43100,<48000,3-3,0,86.89,112.1,120.78,133.52,0.0,0,0,FORCED_CAPTAIN
1035,CJ Donaldson,RB,Bijan Robinson / Chris Olave / Devaughn Vele / Falcons / Juwan Johnson,43500,<48000,2-4,0,85.4,109.92,119.57,137.52,0.0,0,0,FORCED_CAPTAIN
1038,CJ Donaldson,RB,Bijan Robinson / Chris Olave / Drake London / Falcons / Juwan Johnson,45700,<48000,3-3,0,94.55,121.74,131.37,147.51,0.0,0,1,FORCED_CAPTAIN
1040,CJ Donaldson,RB,Bijan Robinson / Chris Olave / Drake London / Falcons / Nick Folk,43700,<48000,4-2,0,86.54,111.69,119.83,134.01,0.0,0,0,FORCED_CAPTAIN
1041,CJ Donaldson,RB,Bijan Robinson / Chris Olave / Drake London / Falcons / Saints,42500,<48000,3-3,0,85.02,108.88,115.97,128.73,0.0,0,0,FORCED_CAPTAIN
1043,CJ Donaldson,RB,Bijan Robinson / Chris Olave / Drake London / Juwan Johnson / Kendre Miller,47100,<48000,2-4,0,92.64,119.97,130.95,148.19,0.0,0,1,FORCED_CAPTAIN
1051,CJ Donaldson,RB,Bijan Robinson / Chris Olave / Falcons / Juwan Johnson / Saints,39900,<48000,2-4,0,80.84,103.19,110.58,126.07,0.0,0,0,FORCED_CAPTAIN
1052,CJ Donaldson,RB,Bijan Robinson / Chris Olave / Falcons / Juwan Johnson / Tyler Shough,45300,<48000,2-4,1,96.58,125.17,135.22,157.2,0.0,0,2,FORCED_CAPTAIN
1053,CJ Donaldson,RB,Bijan Robinson / Chris Olave / Falcons / Michael Penix Jr. / Tyler Shough,46900,<48000,3-3,1,96.12,123.77,132.82,153.22,0.0,0,2,FORCED_CAPTAIN
1054,CJ Donaldson,RB,Bijan Robinson / Chris Olave / Falcons / Saints / Tyler Shough,42100,<48000,2-4,1,87.06,111.15,118.25,138.74,0.0,0,1,FORCED_CAPTAIN
1061,CJ Donaldson,RB,Bijan Robinson / Chris Olave / Michael Penix Jr. / Olamide Zaccheaus / Tyler Shough,45300,<48000,3-3,1,92.92,122.98,131.8,151.22,0.0,0,2,FORCED_CAPTAIN
1062,CJ Donaldson,RB,Bijan Robinson / Chris Olave / Michael Penix Jr. / Saints / Tyler Shough,47500,<48000,2-4,1,97.05,124.3,133.3,151.91,0.0,0,2,FORCED_CAPTAIN
1063,CJ Donaldson,RB,Bijan Robinson / Daniel Carlson / Devaughn Vele / Michael Penix Jr. / Tyler Shough,45100,<48000,2-4,1,84.29,109.68,118.26,133.11,0.0,0,1,FORCED_CAPTAIN
1066,CJ Donaldson,RB,Bijan Robinson / Daniel Carlson / Juwan Johnson / Michael Penix Jr. / Tyler Shough,44700,<48000,2-4,1,89.26,116.07,126.29,144.37,0.0,0,2,FORCED_CAPTAIN
1067,CJ Donaldson,RB,Bijan Robinson / Devaughn Vele / Drake London / Jahan Dotson / Michael Penix Jr.,43700,<48000,4-2,1,78.07,105.74,115.51,131.23,0.0,0,1,FORCED_CAPTAIN
1070,CJ Donaldson,RB,Bijan Robinson / Devaughn Vele / Drake London / Saints / Tyler Shough,45500,<48000,2-4,1,87.06,111.78,119.16,137.41,0.0,0,1,FORCED_CAPTAIN
1071,CJ Donaldson,RB,Bijan Robinson / Devaughn Vele / Falcons / Juwan Johnson / Tyler Shough,42300,<48000,2-4,1,81.95,107.92,115.5,132.55,0.0,0,1,FORCED_CAPTAIN
1074,CJ Donaldson,RB,Bijan Robinson / Drake London / Juwan Johnson / Nick Folk / Tyler Shough,46300,<48000,3-3,1,93.55,120.82,129.02,147.85,0.0,0,2,FORCED_CAPTAIN
1075,CJ Donaldson,RB,Bijan Robinson / Drake London / Juwan Johnson / Saints / Tyler Shough,45100,<48000,2-4,1,92.03,119.02,126.79,144.07,0.0,0,2,FORCED_CAPTAIN
1077,CJ Donaldson,RB,Chris Olave / Daniel Carlson / Drake London / Juwan Johnson / Tyler Shough,44700,<48000,1-5,1,93.51,123.51,135.29,153.85,0.0,0,3,FORCED_CAPTAIN
1083,CJ Donaldson,RB,Chris Olave / Drake London / Falcons / Juwan Johnson / Tyler Shough,43500,<48000,2-4,1,90.7,118.99,129.67,150.35,0.0,0,2,FORCED_CAPTAIN
1084,CJ Donaldson,RB,Chris Olave / Drake London / Falcons / Michael Penix Jr. / Nick Folk,40900,<48000,4-2,0,76.01,101.57,109.46,125.84,0.0,0,0,FORCED_CAPTAIN
1085,CJ Donaldson,RB,Chris Olave / Drake London / Falcons / Saints / Tyler Shough,40300,<48000,2-4,1,81.17,106.24,113.72,130.29,0.0,0,1,FORCED_CAPTAIN
1087,CJ Donaldson,RB,Chris Olave / Drake London / Juwan Johnson / Nick Folk / Tyler Shough,45300,<48000,2-4,1,93.16,124.04,135.16,154.83,0.0,0,2,FORCED_CAPTAIN
1089,CJ Donaldson,RB,Chris Olave / Drake London / Michael Penix Jr. / Olamide Zaccheaus / Tyler Shough,43500,<48000,3-3,1,87.04,118.03,128.15,148.42,0.0,0,2,FORCED_CAPTAIN
1091,CJ Donaldson,RB,Daniel Carlson / Devaughn Vele / Drake London / Nick Folk / Tyler Shough,39700,<48000,2-4,1,70.87,94.15,101.14,115.93,0.0,0,1,FORCED_CAPTAIN
1092,CJ Donaldson,RB,Drake London / Falcons / Juwan Johnson / Michael Penix Jr. / Tyler Shough,41700,<48000,3-3,1,80.57,107.64,116.53,134.13,0.0,0,2,FORCED_CAPTAIN
1093,CJ Donaldson,RB,Drake London / Juwan Johnson / Kendre Miller / Michael Penix Jr. / Tyler Shough,43100,<48000,2-4,1,78.66,107.48,117.23,139.79,0.0,0,2,FORCED_CAPTAIN
1094,Cal Adomitis,TE,Alvin Kamara / Austin Hooper / Bijan Robinson / Michael Penix Jr. / Nick Folk,36300,<48000,4-2,1,67.78,89.27,96.25,109.37,0.0,0,1,FORCED_CAPTAIN
1095,Cal Adomitis,TE,Alvin Kamara / Bijan Robinson / Chris Olave / Daniel Carlson / Drake London,44700,<48000,2-4,0,94.78,121.27,129.44,142.95,0.0,0,0,FORCED_CAPTAIN
1096,Cal Adomitis,TE,Alvin Kamara / Bijan Robinson / Chris Olave / Daniel Carlson / Tyler Shough,44300,<48000,1-5,1,96.82,123.74,132.38,151.37,0.0,0,2,FORCED_CAPTAIN
1102,Cal Adomitis,TE,Alvin Kamara / Bijan Robinson / Chris Olave / Drake London / Saints,44100,<48000,2-4,0,92.91,117.57,124.72,137.26,0.0,0,0,FORCED_CAPTAIN
1104,Cal Adomitis,TE,Alvin Kamara / Bijan Robinson / Chris Olave / Falcons / Juwan Johnson,40900,<48000,2-4,0,87.8,111.75,119.12,138.27,0.0,0,0,FORCED_CAPTAIN
1105,Cal Adomitis,TE,Alvin Kamara / Bijan Robinson / Chris Olave / Falcons / Nick Folk,38900,<48000,3-3,0,79.8,101.85,108.83,123.41,0.0,0,0,FORCED_CAPTAIN
1106,Cal Adomitis,TE,Alvin Kamara / Bijan Robinson / Chris Olave / Falcons / Saints,37700,<48000,2-4,0,78.27,98.72,104.03,120.24,0.0,0,0,FORCED_CAPTAIN
1107,Cal Adomitis,TE,Alvin Kamara / Bijan Robinson / Chris Olave / Falcons / Tyler Shough,43100,<48000,2-4,1,94.01,119.46,127.9,150.64,0.0,0,1,FORCED_CAPTAIN
1109,Cal Adomitis,TE,Alvin Kamara / Bijan Robinson / Chris Olave / Kyle Pitts Sr. / Nick Folk,41100,<48000,3-3,0,79.36,102.43,109.72,127.61,0.0,0,0,FORCED_CAPTAIN
1113,Cal Adomitis,TE,Alvin Kamara / Bijan Robinson / Chris Olave / Olamide Zaccheaus / Tyler Shough,41500,<48000,2-4,1,90.82,118.21,127.66,148.05,0.0,0,1,FORCED_CAPTAIN
1115,Cal Adomitis,TE,Alvin Kamara / Bijan Robinson / Daniel Carlson / Drake London / Tyler Shough,43500,<48000,2-4,1,91.33,116.1,124.72,138.38,0.0,0,1,FORCED_CAPTAIN
1118,Cal Adomitis,TE,Alvin Kamara / Bijan Robinson / Devaughn Vele / Juwan Johnson / Tyler Shough,43900,<48000,1-5,1,89.84,117.91,126.62,147.71,0.0,0,2,FORCED_CAPTAIN
1119,Cal Adomitis,TE,Alvin Kamara / Bijan Robinson / Devaughn Vele / Saints / Tyler Shough,40700,<48000,1-5,1,80.32,102.57,109.73,125.83,0.0,0,2,FORCED_CAPTAIN
1120,Cal Adomitis,TE,Alvin Kamara / Bijan Robinson / Drake London / Falcons / Michael Penix Jr.,41700,<48000,4-2,1,81.84,108.0,115.95,130.88,0.0,0,1,FORCED_CAPTAIN
1123,Cal Adomitis,TE,Alvin Kamara / Bijan Robinson / Drake London / Michael Penix Jr. / Nick Folk,43500,<48000,4-2,1,84.3,111.74,119.75,133.39,0.0,0,1,FORCED_CAPTAIN
1125,Cal Adomitis,TE,Alvin Kamara / Bijan Robinson / Falcons / Juwan Johnson / Michael Penix Jr.,39100,<48000,3-3,0,77.67,101.2,107.02,122.69,0.0,0,0,FORCED_CAPTAIN
1127,Cal Adomitis,TE,Alvin Kamara / Bijan Robinson / Juwan Johnson / Nick Folk / Tyler Shough,41500,<48000,2-4,1,86.81,113.36,121.83,138.86,0.0,0,1,FORCED_CAPTAIN
1130,Cal Adomitis,TE,Alvin Kamara / Chris Olave / Devaughn Vele / Michael Penix Jr. / Tyler Shough,44500,<48000,1-5,1,88.98,119.07,129.24,145.89,0.0,0,2,FORCED_CAPTAIN
1133,Cal Adomitis,TE,Alvin Kamara / Chris Olave / Falcons / Saints / Tyler Shough,35500,<48000,1-5,1,74.43,96.63,103.99,122.49,0.0,0,2,FORCED_CAPTAIN
1134,Cal Adomitis,TE,Alvin Kamara / Chris Olave / Juwan Johnson / Nick Folk / Tyler Shough,40500,<48000,1-5,1,86.41,114.63,124.82,148.15,0.0,0,2,FORCED_CAPTAIN
1135,Cal Adomitis,TE,Austin Hooper / Bijan Robinson / Drake London / Juwan Johnson / Michael Penix Jr.,41300,<48000,4-2,1,82.31,111.29,120.76,137.69,0.0,0,2,FORCED_CAPTAIN
1136,Cal Adomitis,TE,Austin Hooper / Bijan Robinson / Falcons / Juwan Johnson / Michael Penix Jr.,34900,<48000,4-2,1,67.67,90.82,96.96,114.44,0.0,0,1,FORCED_CAPTAIN
1140,Cal Adomitis,TE,Bijan Robinson / Brian Robinson Jr. / Chris Olave / Nick Folk / Tyler Shough,41700,<48000,3-3,1,87.65,115.71,123.08,141.21,0.0,0,1,FORCED_CAPTAIN
1141,Cal Adomitis,TE,Bijan Robinson / Brian Robinson Jr. / Drake London / Falcons / Juwan Johnson,36900,<48000,4-2,0,73.49,96.6,104.97,118.69,0.0,0,0,FORCED_CAPTAIN
1142,Cal Adomitis,TE,Bijan Robinson / Bryce Lance / Chris Olave / Daniel Carlson / Tyler Shough,39100,<48000,1-5,1,85.84,112.38,120.82,138.36,0.0,0,2,FORCED_CAPTAIN
1143,Cal Adomitis,TE,Bijan Robinson / Bryce Lance / Chris Olave / Devaughn Vele / Tyler Shough,42100,<48000,1-5,1,88.52,117.93,128.05,147.87,0.0,0,2,FORCED_CAPTAIN
1144,Cal Adomitis,TE,Bijan Robinson / Bryce Lance / Devaughn Vele / Juwan Johnson / Tyler Shough,38700,<48000,1-5,1,78.86,106.65,115.49,132.95,0.0,0,2,FORCED_CAPTAIN
1145,Cal Adomitis,TE,Bijan Robinson / Chris Olave / Daniel Carlson / Devaughn Vele / Tyler Shough,45100,<48000,1-5,1,94.21,123.27,131.67,149.0,0.0,0,2,FORCED_CAPTAIN
1147,Cal Adomitis,TE,Bijan Robinson / Chris Olave / Daniel Carlson / Drake London / Nick Folk,43100,<48000,3-3,0,89.13,115.33,122.62,137.75,0.0,0,0,FORCED_CAPTAIN
1151,Cal Adomitis,TE,Bijan Robinson / Chris Olave / Daniel Carlson / Nick Folk / Saints,37300,<48000,2-4,0,75.43,96.21,101.67,113.47,0.0,0,0,FORCED_CAPTAIN
1152,Cal Adomitis,TE,Bijan Robinson / Chris Olave / Daniel Carlson / Nick Folk / Tyler Shough,42700,<48000,2-4,1,91.17,117.84,126.15,141.78,0.0,0,1,FORCED_CAPTAIN
1153,Cal Adomitis,TE,Bijan Robinson / Chris Olave / Devaughn Vele / Drake London / Kendre Miller,45700,<48000,2-4,0,87.45,114.7,122.8,139.28,0.0,0,0,FORCED_CAPTAIN
1158,Cal Adomitis,TE,Bijan Robinson / Chris Olave / Drake London / Falcons / Juwan Johnson,43900,<48000,3-3,0,94.33,121.39,130.67,148.36,0.0,0,1,FORCED_CAPTAIN
1160,Cal Adomitis,TE,Bijan Robinson / Chris Olave / Drake London / Falcons / Nick Folk,41900,<48000,4-2,0,86.33,111.65,119.54,134.02,0.0,0,0,FORCED_CAPTAIN
1161,Cal Adomitis,TE,Bijan Robinson / Chris Olave / Drake London / Falcons / Saints,40700,<48000,3-3,0,84.8,109.17,115.87,127.96,0.0,0,0,FORCED_CAPTAIN
1171,Cal Adomitis,TE,Bijan Robinson / Chris Olave / Falcons / Juwan Johnson / Michael Penix Jr.,42900,<48000,3-3,0,89.69,116.11,125.07,142.25,0.0,0,1,FORCED_CAPTAIN
1172,Cal Adomitis,TE,Bijan Robinson / Chris Olave / Falcons / Juwan Johnson / Saints,38100,<48000,2-4,0,80.63,103.12,110.24,126.24,0.0,0,0,FORCED_CAPTAIN
1173,Cal Adomitis,TE,Bijan Robinson / Chris Olave / Falcons / Juwan Johnson / Tyler Shough,43500,<48000,2-4,1,96.37,124.93,135.04,157.55,0.0,0,2,FORCED_CAPTAIN
1174,Cal Adomitis,TE,Bijan Robinson / Chris Olave / Falcons / Nick Folk / Tyler Shough,41500,<48000,3-3,1,88.37,115.0,121.92,139.89,0.0,0,1,FORCED_CAPTAIN
1175,Cal Adomitis,TE,Bijan Robinson / Chris Olave / Jahan Dotson / Juwan Johnson / Tyler Shough,42900,<48000,2-4,1,95.0,126.05,134.78,155.54,0.0,0,2,FORCED_CAPTAIN
1181,Cal Adomitis,TE,Bijan Robinson / Chris Olave / Kyle Pitts Sr. / Saints / Tyler Shough,42500,<48000,2-4,1,86.41,111.33,120.04,136.6,0.0,0,1,FORCED_CAPTAIN
1184,Cal Adomitis,TE,Bijan Robinson / Chris Olave / Nick Folk / Saints / Tyler Shough,42100,<48000,2-4,1,89.3,114.57,122.2,139.33,0.0,0,1,FORCED_CAPTAIN
1186,Cal Adomitis,TE,Bijan Robinson / Daniel Carlson / Drake London / Juwan Johnson / Michael Penix Jr.,43300,<48000,3-3,1,87.0,116.13,126.15,143.27,0.0,0,2,FORCED_CAPTAIN
1188,Cal Adomitis,TE,Bijan Robinson / Devaughn Vele / Drake London / Falcons / Michael Penix Jr.,42500,<48000,4-2,1,79.23,106.51,114.59,131.47,0.0,0,1,FORCED_CAPTAIN
1189,Cal Adomitis,TE,Bijan Robinson / Devaughn Vele / Drake London / Falcons / Nick Folk,38900,<48000,4-2,0,71.69,93.72,101.26,113.47,0.0,0,0,FORCED_CAPTAIN
1192,Cal Adomitis,TE,Bijan Robinson / Devaughn Vele / Drake London / Saints / Tyler Shough,43700,<48000,2-4,1,86.85,111.81,118.87,136.53,0.0,0,1,FORCED_CAPTAIN
1193,Cal Adomitis,TE,Bijan Robinson / Drake London / Falcons / Michael Penix Jr. / Tyler Shough,44300,<48000,4-2,1,90.41,117.62,126.42,142.3,0.0,0,2,FORCED_CAPTAIN
1194,Cal Adomitis,TE,Bijan Robinson / Drake London / Jahan Dotson / Michael Penix Jr. / Tyler Shough,43700,<48000,4-2,1,89.04,118.93,128.12,145.02,0.0,0,2,FORCED_CAPTAIN
1195,Cal Adomitis,TE,Bijan Robinson / Drake London / Juwan Johnson / Michael Penix Jr. / Nick Folk,43900,<48000,4-2,1,86.66,114.31,123.96,140.31,0.0,0,2,FORCED_CAPTAIN
1197,Cal Adomitis,TE,Bijan Robinson / Drake London / Juwan Johnson / Saints / Tyler Shough,43300,<48000,2-4,1,91.82,118.41,126.27,144.07,0.0,0,2,FORCED_CAPTAIN
1198,Cal Adomitis,TE,Brian Robinson Jr. / Chris Olave / Drake London / Nick Folk / Tyler Shough,39900,<48000,3-3,1,81.77,109.32,117.44,133.25,0.0,0,1,FORCED_CAPTAIN
1199,Cal Adomitis,TE,Chris Olave / Daniel Carlson / Devaughn Vele / Drake London / Tyler Shough,43300,<48000,1-5,1,88.32,117.91,126.28,144.1,0.0,0,2,FORCED_CAPTAIN
1200,Cal Adomitis,TE,Chris Olave / Daniel Carlson / Drake London / Juwan Johnson / Tyler Shough,42900,<48000,1-5,1,93.29,123.45,135.29,152.12,0.0,0,3,FORCED_CAPTAIN
1202,Cal Adomitis,TE,Chris Olave / Devaughn Vele / Drake London / Kendre Miller / Tyler Shough,43500,<48000,1-5,1,83.61,113.77,123.01,141.12,0.0,0,2,FORCED_CAPTAIN
1204,Cal Adomitis,TE,Chris Olave / Devaughn Vele / Drake London / Nick Folk / Tyler Shough,43900,<48000,2-4,1,87.98,118.25,126.65,143.95,0.0,0,1,FORCED_CAPTAIN
1206,Cal Adomitis,TE,Chris Olave / Devaughn Vele / Juwan Johnson / Nick Folk / Tyler Shough,41300,<48000,1-5,1,83.8,114.67,124.71,147.75,0.0,0,2,FORCED_CAPTAIN
1207,Cal Adomitis,TE,Chris Olave / Drake London / Falcons / Juwan Johnson / Tyler Shough,41700,<48000,2-4,1,90.49,118.85,129.39,150.36,0.0,0,2,FORCED_CAPTAIN
1208,Cal Adomitis,TE,Chris Olave / Drake London / Falcons / Michael Penix Jr. / Nick Folk,39100,<48000,4-2,0,75.8,101.56,109.4,124.92,0.0,0,0,FORCED_CAPTAIN
1210,Cal Adomitis,TE,Chris Olave / Drake London / Juwan Johnson / Nick Folk / Tyler Shough,43500,<48000,2-4,1,92.95,124.04,134.37,155.18,0.0,0,2,FORCED_CAPTAIN
1211,Cal Adomitis,TE,Chris Olave / Drake London / Michael Penix Jr. / Nick Folk / Tyler Shough,45100,<48000,3-3,1,92.48,123.51,132.61,152.01,0.0,0,2,FORCED_CAPTAIN
1212,Cal Adomitis,TE,Chris Olave / Drake London / Michael Penix Jr. / Saints / Tyler Shough,43900,<48000,2-4,1,90.95,120.27,131.4,147.73,0.0,0,2,FORCED_CAPTAIN
1213,Cal Adomitis,TE,Devaughn Vele / Drake London / Kyle Pitts Sr. / Michael Penix Jr. / Saints,37100,<48000,3-3,1,59.2,81.53,89.59,107.64,0.0,0,1,FORCED_CAPTAIN
1214,Charlie Woerner,TE,Alvin Kamara / Bijan Robinson / Brian Robinson Jr. / Drake London / Tyler Shough,43100,<48000,4-2,0,87.84,112.61,121.12,136.11,0.0,0,0,FORCED_CAPTAIN
1216,Charlie Woerner,TE,Alvin Kamara / Bijan Robinson / Chris Olave / Daniel Carlson / Michael Penix Jr.,44300,<48000,3-3,1,90.16,115.54,123.58,140.79,0.0,0,1,FORCED_CAPTAIN
1217,Charlie Woerner,TE,Alvin Kamara / Bijan Robinson / Chris Olave / Daniel Carlson / Saints,39500,<48000,2-4,0,81.1,101.58,107.48,121.72,0.0,0,0,FORCED_CAPTAIN
1220,Charlie Woerner,TE,Alvin Kamara / Bijan Robinson / Chris Olave / Devaughn Vele / Falcons,41900,<48000,3-3,0,82.85,105.97,112.51,127.19,0.0,0,0,FORCED_CAPTAIN
1224,Charlie Woerner,TE,Alvin Kamara / Bijan Robinson / Chris Olave / Drake London / Saints,44700,<48000,3-3,0,92.94,117.48,124.48,137.19,0.0,0,0,FORCED_CAPTAIN
1226,Charlie Woerner,TE,Alvin Kamara / Bijan Robinson / Chris Olave / Kendre Miller / Tyler Shough,45100,<48000,2-4,1,92.13,119.4,128.25,149.64,0.0,0,1,FORCED_CAPTAIN
1227,Charlie Woerner,TE,Alvin Kamara / Bijan Robinson / Chris Olave / Michael Penix Jr. / Nick Folk,44900,<48000,4-2,1,89.82,115.32,122.88,138.4,0.0,0,1,FORCED_CAPTAIN
1231,Charlie Woerner,TE,Alvin Kamara / Bijan Robinson / Daniel Carlson / Drake London / Michael Penix Jr.,43500,<48000,4-2,1,84.67,112.84,120.39,136.71,0.0,0,1,FORCED_CAPTAIN
1232,Charlie Woerner,TE,Alvin Kamara / Bijan Robinson / Daniel Carlson / Drake London / Tyler Shough,44100,<48000,3-3,0,91.36,116.11,124.53,138.44,0.0,0,0,FORCED_CAPTAIN
1233,Charlie Woerner,TE,Alvin Kamara / Bijan Robinson / Daniel Carlson / Saints / Tyler Shough,38300,<48000,2-4,0,77.65,96.37,102.76,116.61,0.0,0,0,FORCED_CAPTAIN
1240,Charlie Woerner,TE,Alvin Kamara / Bijan Robinson / Falcons / Michael Penix Jr. / Nick Folk,37700,<48000,5-1,1,69.69,90.47,97.31,107.11,0.0,0,2,FORCED_CAPTAIN
1241,Charlie Woerner,TE,Alvin Kamara / Bijan Robinson / Falcons / Michael Penix Jr. / Tyler Shough,41900,<48000,4-2,1,83.9,107.06,114.78,126.12,0.0,0,1,FORCED_CAPTAIN
1242,Charlie Woerner,TE,Alvin Kamara / Bijan Robinson / Juwan Johnson / Kendre Miller / Tyler Shough,41700,<48000,2-4,1,82.46,108.55,117.3,133.09,0.0,0,1,FORCED_CAPTAIN
1244,Charlie Woerner,TE,Alvin Kamara / Bijan Robinson / Juwan Johnson / Saints / Tyler Shough,40900,<48000,2-4,1,85.31,110.27,117.41,135.68,0.0,0,1,FORCED_CAPTAIN
1245,Charlie Woerner,TE,Alvin Kamara / Chris Olave / Daniel Carlson / Devaughn Vele / Tyler Shough,40900,<48000,1-5,1,81.82,108.49,117.74,132.77,0.0,0,2,FORCED_CAPTAIN
1247,Charlie Woerner,TE,Alvin Kamara / Chris Olave / Devaughn Vele / Juwan Johnson / Tyler Shough,43500,<48000,1-5,1,89.47,120.51,130.41,155.7,0.0,0,2,FORCED_CAPTAIN
1249,Charlie Woerner,TE,Alvin Kamara / Chris Olave / Devaughn Vele / Treyton Welch / Tyler Shough,36300,<48000,1-5,1,75.03,102.0,110.47,131.3,0.0,0,2,FORCED_CAPTAIN
1254,Charlie Woerner,TE,Alvin Kamara / Devaughn Vele / Drake London / Juwan Johnson / Tyler Shough,42700,<48000,2-4,1,83.98,113.02,122.83,139.43,0.0,0,1,FORCED_CAPTAIN
1255,Charlie Woerner,TE,Alvin Kamara / Drake London / Juwan Johnson / Michael Penix Jr. / Tyler Shough,43900,<48000,3-3,1,88.48,119.48,129.43,148.55,0.0,0,2,FORCED_CAPTAIN
1256,Charlie Woerner,TE,Austin Hooper / Bijan Robinson / Falcons / Juwan Johnson / Michael Penix Jr.,35500,<48000,5-1,1,67.7,90.66,97.28,114.5,0.0,0,2,FORCED_CAPTAIN
1261,Charlie Woerner,TE,Bijan Robinson / Brian Robinson Jr. / Chris Olave / Juwan Johnson / Tyler Shough,44300,<48000,3-3,1,95.68,126.31,135.09,155.44,0.0,0,2,FORCED_CAPTAIN
1262,Charlie Woerner,TE,Bijan Robinson / Brian Robinson Jr. / Chris Olave / Michael Penix Jr. / Tyler Shough,45900,<48000,4-2,1,95.21,125.01,134.65,154.19,0.0,0,2,FORCED_CAPTAIN
1263,Charlie Woerner,TE,Bijan Robinson / Brian Robinson Jr. / Drake London / Falcons / Juwan Johnson,37500,<48000,5-1,0,73.51,96.89,104.73,118.69,0.0,0,1,FORCED_CAPTAIN
1266,Charlie Woerner,TE,Bijan Robinson / Chris Olave / Daniel Carlson / Drake London / Falcons,41900,<48000,4-2,0,86.7,112.12,120.36,133.01,0.0,0,0,FORCED_CAPTAIN
1268,Charlie Woerner,TE,Bijan Robinson / Chris Olave / Daniel Carlson / Drake London / Nick Folk,43700,<48000,4-2,0,89.16,115.31,122.35,138.16,0.0,0,0,FORCED_CAPTAIN
1269,Charlie Woerner,TE,Bijan Robinson / Chris Olave / Daniel Carlson / Drake London / Saints,42500,<48000,3-3,0,87.63,111.59,119.76,133.5,0.0,0,0,FORCED_CAPTAIN
1271,Charlie Woerner,TE,Bijan Robinson / Chris Olave / Daniel Carlson / Falcons / Tyler Shough,41500,<48000,3-3,0,88.74,113.68,120.6,138.59,0.0,0,0,FORCED_CAPTAIN
1272,Charlie Woerner,TE,Bijan Robinson / Chris Olave / Daniel Carlson / Juwan Johnson / Tyler Shough,45300,<48000,2-4,1,99.2,128.88,139.48,158.59,0.0,0,2,FORCED_CAPTAIN
1275,Charlie Woerner,TE,Bijan Robinson / Chris Olave / Devaughn Vele / Drake London / Kendre Miller,46300,<48000,3-3,0,87.48,114.97,122.66,138.43,0.0,0,0,FORCED_CAPTAIN
1279,Charlie Woerner,TE,Bijan Robinson / Chris Olave / Drake London / Falcons / Nick Folk,42500,<48000,5-1,0,86.35,111.67,119.19,134.22,0.0,0,1,FORCED_CAPTAIN
1280,Charlie Woerner,TE,Bijan Robinson / Chris Olave / Drake London / Falcons / Saints,41300,<48000,4-2,0,84.83,108.95,115.72,127.96,0.0,0,0,FORCED_CAPTAIN
1289,Charlie Woerner,TE,Bijan Robinson / Chris Olave / Falcons / Juwan Johnson / Nick Folk,39900,<48000,4-2,0,82.17,106.6,114.0,129.95,0.0,0,0,FORCED_CAPTAIN
1290,Charlie Woerner,TE,Bijan Robinson / Chris Olave / Falcons / Juwan Johnson / Tyler Shough,44100,<48000,3-3,1,96.39,124.71,134.93,156.53,0.0,0,2,FORCED_CAPTAIN
1291,Charlie Woerner,TE,Bijan Robinson / Chris Olave / Falcons / Nick Folk / Tyler Shough,42100,<48000,4-2,0,88.39,115.2,121.44,138.13,0.0,0,0,FORCED_CAPTAIN
1298,Charlie Woerner,TE,Bijan Robinson / Chris Olave / Nick Folk / Saints / Tyler Shough,42700,<48000,3-3,0,89.33,114.54,121.79,139.02,0.0,0,0,FORCED_CAPTAIN
1299,Charlie Woerner,TE,Bijan Robinson / Daniel Carlson / Devaughn Vele / Drake London / Michael Penix Jr.,44300,<48000,4-2,1,82.06,109.75,119.72,136.09,0.0,0,1,FORCED_CAPTAIN
1300,Charlie Woerner,TE,Bijan Robinson / Daniel Carlson / Devaughn Vele / Michael Penix Jr. / Tyler Shough,43900,<48000,3-3,1,84.1,109.43,117.98,134.2,0.0,0,1,FORCED_CAPTAIN
1301,Charlie Woerner,TE,Bijan Robinson / Daniel Carlson / Drake London / Juwan Johnson / Michael Penix Jr.,43900,<48000,4-2,1,87.03,116.2,126.36,143.26,0.0,0,2,FORCED_CAPTAIN
1302,Charlie Woerner,TE,Bijan Robinson / Daniel Carlson / Drake London / Juwan Johnson / Saints,39100,<48000,3-3,0,77.97,99.75,107.91,122.95,0.0,0,0,FORCED_CAPTAIN
1303,Charlie Woerner,TE,Bijan Robinson / Daniel Carlson / Drake London / Michael Penix Jr. / Tyler Shough,46100,<48000,4-2,1,93.24,123.16,132.54,146.9,0.0,0,2,FORCED_CAPTAIN
1304,Charlie Woerner,TE,Bijan Robinson / Devaughn Vele / Drake London / Falcons / Juwan Johnson,41500,<48000,4-2,0,79.72,103.68,112.64,127.63,0.0,0,0,FORCED_CAPTAIN
1308,Charlie Woerner,TE,Bijan Robinson / Devaughn Vele / Falcons / Juwan Johnson / Tyler Shough,41100,<48000,3-3,1,81.76,107.62,115.54,133.57,0.0,0,1,FORCED_CAPTAIN
1311,Charlie Woerner,TE,Bijan Robinson / Drake London / Juwan Johnson / Nick Folk / Tyler Shough,45100,<48000,4-2,0,93.36,120.99,128.71,147.7,0.0,0,1,FORCED_CAPTAIN
1312,Charlie Woerner,TE,Bijan Robinson / Drake London / Juwan Johnson / Saints / Tyler Shough,43900,<48000,3-3,0,91.84,118.63,125.89,144.16,0.0,0,1,FORCED_CAPTAIN
1314,Charlie Woerner,TE,Bijan Robinson / Drake London / Michael Penix Jr. / Saints / Tyler Shough,45500,<48000,4-2,1,91.37,118.54,127.06,143.23,0.0,0,2,FORCED_CAPTAIN
1315,Charlie Woerner,TE,Bijan Robinson / Juwan Johnson / Michael Penix Jr. / Nick Folk / Tyler Shough,44100,<48000,4-2,1,88.72,116.19,124.62,142.37,0.0,0,2,FORCED_CAPTAIN
1316,Charlie Woerner,TE,Brian Robinson Jr. / Chris Olave / Drake London / Juwan Johnson / Tyler Shough,42500,<48000,3-3,1,89.8,120.02,131.16,150.49,0.0,0,2,FORCED_CAPTAIN
1318,Charlie Woerner,TE,Chris Olave / Daniel Carlson / Drake London / Juwan Johnson / Tyler Shough,43500,<48000,2-4,1,93.32,123.38,135.29,152.18,0.0,0,2,FORCED_CAPTAIN
1323,Charlie Woerner,TE,Chris Olave / Devaughn Vele / Drake London / Treyton Welch / Tyler Shough,39300,<48000,2-4,1,81.56,110.68,119.31,138.68,0.0,0,1,FORCED_CAPTAIN
1325,Charlie Woerner,TE,Chris Olave / Drake London / Falcons / Michael Penix Jr. / Nick Folk,39700,<48000,5-1,1,75.82,101.51,109.83,125.84,0.0,0,2,FORCED_CAPTAIN
1328,Charlie Woerner,TE,Chris Olave / Drake London / Juwan Johnson / Saints / Tyler Shough,42900,<48000,2-4,1,91.45,121.29,131.42,151.42,0.0,0,2,FORCED_CAPTAIN
1329,Charlie Woerner,TE,Chris Olave / Drake London / Michael Penix Jr. / Nick Folk / Saints,40300,<48000,4-2,1,76.76,101.36,109.37,126.88,0.0,0,1,FORCED_CAPTAIN
1330,Charlie Woerner,TE,Daniel Carlson / Devaughn Vele / Juwan Johnson / Michael Penix Jr. / Tyler Shough,39500,<48000,2-4,1,74.04,100.24,109.58,126.38,0.0,0,1,FORCED_CAPTAIN
1331,Charlie Woerner,TE,Daniel Carlson / Drake London / Juwan Johnson / Michael Penix Jr. / Tyler Shough,41700,<48000,3-3,1,83.18,111.7,123.79,140.65,0.0,0,2,FORCED_CAPTAIN
1332,Charlie Woerner,TE,Devaughn Vele / Drake London / Juwan Johnson / Saints / Tyler Shough,39900,<48000,2-4,1,76.81,103.96,113.45,130.14,0.0,0,1,FORCED_CAPTAIN
1333,Charlie Woerner,TE,Devaughn Vele / Drake London / Kyle Pitts Sr. / Michael Penix Jr. / Saints,37700,<48000,4-2,1,59.23,81.74,89.38,106.51,0.0,0,1,FORCED_CAPTAIN
1334,Chris Blair,WR,Alvin Kamara / Bijan Robinson / Brian Robinson Jr. / Chris Olave / Tyler Shough,44500,<48000,3-3,1,92.97,120.63,128.86,149.75,0.0,0,1,FORCED_CAPTAIN
1335,Chris Blair,WR,Alvin Kamara / Bijan Robinson / Chris Olave / Daniel Carlson / Drake London,45900,<48000,3-3,0,94.45,120.61,128.7,142.15,0.0,0,0,FORCED_CAPTAIN
1341,Chris Blair,WR,Alvin Kamara / Bijan Robinson / Chris Olave / Falcons / Juwan Johnson,42100,<48000,3-3,0,87.47,111.36,118.59,138.21,0.0,0,0,FORCED_CAPTAIN
1343,Chris Blair,WR,Alvin Kamara / Bijan Robinson / Chris Olave / Kyle Pitts Sr. / Nick Folk,42300,<48000,4-2,0,79.03,101.95,109.56,125.65,0.0,0,0,FORCED_CAPTAIN
1344,Chris Blair,WR,Alvin Kamara / Bijan Robinson / Chris Olave / Michael Penix Jr. / Nick Folk,45500,<48000,4-2,1,89.46,115.21,122.83,138.4,0.0,0,1,FORCED_CAPTAIN
1346,Chris Blair,WR,Alvin Kamara / Bijan Robinson / Chris Olave / Nick Folk / Tyler Shough,46100,<48000,3-3,1,96.15,123.74,132.27,152.02,0.0,0,1,FORCED_CAPTAIN
1347,Chris Blair,WR,Alvin Kamara / Bijan Robinson / Chris Olave / Saints / Tyler Shough,44900,<48000,2-4,1,94.62,120.51,128.57,150.39,0.0,0,1,FORCED_CAPTAIN
1348,Chris Blair,WR,Alvin Kamara / Bijan Robinson / Daniel Carlson / Juwan Johnson / Tyler Shough,42100,<48000,2-4,1,86.83,112.77,121.34,135.37,0.0,0,1,FORCED_CAPTAIN
1349,Chris Blair,WR,Alvin Kamara / Bijan Robinson / Daniel Carlson / Saints / Tyler Shough,38900,<48000,2-4,0,77.3,95.93,102.25,116.61,0.0,0,0,FORCED_CAPTAIN
1351,Chris Blair,WR,Alvin Kamara / Bijan Robinson / Devaughn Vele / Juwan Johnson / Michael Penix Jr.,44500,<48000,3-3,1,82.83,108.85,116.74,131.45,0.0,0,1,FORCED_CAPTAIN
1352,Chris Blair,WR,Alvin Kamara / Bijan Robinson / Devaughn Vele / Juwan Johnson / Tyler Shough,45100,<48000,2-4,1,89.52,117.26,125.88,148.08,0.0,0,1,FORCED_CAPTAIN
1353,Chris Blair,WR,Alvin Kamara / Bijan Robinson / Devaughn Vele / Michael Penix Jr. / Tyler Shough,46700,<48000,3-3,1,89.05,116.39,123.05,140.67,0.0,0,1,FORCED_CAPTAIN
1356,Chris Blair,WR,Alvin Kamara / Bijan Robinson / Drake London / Michael Penix Jr. / Saints,43500,<48000,4-2,1,82.45,106.44,115.49,129.47,0.0,0,1,FORCED_CAPTAIN
1359,Chris Blair,WR,Alvin Kamara / Bijan Robinson / Juwan Johnson / Nick Folk / Tyler Shough,42700,<48000,3-3,1,86.48,112.83,121.1,136.94,0.0,0,1,FORCED_CAPTAIN
1360,Chris Blair,WR,Alvin Kamara / Bijan Robinson / Juwan Johnson / Saints / Tyler Shough,41500,<48000,2-4,1,84.96,109.74,117.09,133.87,0.0,0,1,FORCED_CAPTAIN
1361,Chris Blair,WR,Alvin Kamara / Bijan Robinson / Michael Penix Jr. / Saints / Tyler Shough,43100,<48000,3-3,1,84.49,106.93,114.12,127.44,0.0,0,1,FORCED_CAPTAIN
1362,Chris Blair,WR,Alvin Kamara / Chris Olave / Devaughn Vele / Drake London / Michael Penix Jr.,46100,<48000,3-3,1,86.61,116.22,123.58,143.13,0.0,0,1,FORCED_CAPTAIN
1364,Chris Blair,WR,Alvin Kamara / Chris Olave / Devaughn Vele / Juwan Johnson / Tyler Shough,44100,<48000,1-5,1,89.12,120.17,130.31,155.7,0.0,0,2,FORCED_CAPTAIN
1367,Chris Blair,WR,Alvin Kamara / Chris Olave / Falcons / Juwan Johnson / Tyler Shough,39900,<48000,2-4,1,83.63,109.48,118.74,142.3,0.0,0,1,FORCED_CAPTAIN
1368,Chris Blair,WR,Alvin Kamara / Chris Olave / Juwan Johnson / Michael Penix Jr. / Tyler Shough,45300,<48000,2-4,1,93.62,125.6,133.51,157.21,0.0,0,2,FORCED_CAPTAIN
1369,Chris Blair,WR,Alvin Kamara / Chris Olave / Juwan Johnson / Nick Folk / Tyler Shough,41700,<48000,2-4,1,86.09,114.28,124.67,149.31,0.0,0,1,FORCED_CAPTAIN
1370,Chris Blair,WR,Alvin Kamara / Chris Olave / Juwan Johnson / Saints / Tyler Shough,40500,<48000,1-5,1,84.56,112.35,120.82,143.43,0.0,0,2,FORCED_CAPTAIN
1371,Chris Blair,WR,Alvin Kamara / Drake London / Juwan Johnson / Michael Penix Jr. / Tyler Shough,44500,<48000,3-3,1,88.13,119.31,129.2,147.27,0.0,0,2,FORCED_CAPTAIN
1372,Chris Blair,WR,Alvin Kamara / Drake London / Juwan Johnson / Nick Folk / Tyler Shough,40900,<48000,3-3,1,80.6,107.43,115.75,129.97,0.0,0,1,FORCED_CAPTAIN
1373,Chris Blair,WR,Alvin Kamara / Drake London / Juwan Johnson / Saints / Tyler Shough,39700,<48000,2-4,1,79.07,105.12,113.24,129.04,0.0,0,1,FORCED_CAPTAIN
1374,Chris Blair,WR,Alvin Kamara / Juwan Johnson / Michael Penix Jr. / Nick Folk / Tyler Shough,39900,<48000,3-3,1,75.95,101.74,110.34,125.17,0.0,0,1,FORCED_CAPTAIN
1375,Chris Blair,WR,Austin Hooper / Bijan Robinson / Chris Olave / Drake London / Michael Penix Jr.,45900,<48000,5-1,1,91.65,121.48,133.05,149.79,0.0,0,3,FORCED_CAPTAIN
1376,Chris Blair,WR,Austin Hooper / Bijan Robinson / Chris Olave / Juwan Johnson / Tyler Shough,43900,<48000,3-3,1,94.16,125.15,133.66,155.04,0.0,0,2,FORCED_CAPTAIN
1377,Chris Blair,WR,Austin Hooper / Bijan Robinson / Drake London / Juwan Johnson / Michael Penix Jr.,42500,<48000,5-1,1,81.98,110.73,120.75,137.69,0.0,0,3,FORCED_CAPTAIN
1378,Chris Blair,WR,Austin Hooper / Bijan Robinson / Falcons / Juwan Johnson / Michael Penix Jr.,36100,<48000,5-1,1,67.34,89.77,97.28,113.12,0.0,0,2,FORCED_CAPTAIN
1381,Chris Blair,WR,Bijan Robinson / Brian Robinson Jr. / Chris Olave / Michael Penix Jr. / Tyler Shough,46500,<48000,4-2,1,94.86,124.86,134.5,154.34,0.0,0,2,FORCED_CAPTAIN
1382,Chris Blair,WR,Bijan Robinson / Bryce Lance / Chris Olave / Drake London / Tyler Shough,45500,<48000,3-3,1,97.34,127.75,137.33,155.93,0.0,0,2,FORCED_CAPTAIN
1383,Chris Blair,WR,Bijan Robinson / Bryce Lance / Chris Olave / Michael Penix Jr. / Tyler Shough,44500,<48000,3-3,1,92.7,122.7,133.08,151.8,0.0,0,2,FORCED_CAPTAIN
1384,Chris Blair,WR,Bijan Robinson / Bryce Lance / Devaughn Vele / Juwan Johnson / Tyler Shough,39900,<48000,2-4,1,78.53,106.2,114.77,133.78,0.0,0,1,FORCED_CAPTAIN
1385,Chris Blair,WR,Bijan Robinson / Chris Olave / Daniel Carlson / Devaughn Vele / Tyler Shough,46300,<48000,2-4,1,93.88,122.47,131.65,150.29,0.0,0,1,FORCED_CAPTAIN
1386,Chris Blair,WR,Bijan Robinson / Chris Olave / Daniel Carlson / Drake London / Falcons,42500,<48000,4-2,0,86.35,111.69,120.64,132.71,0.0,0,0,FORCED_CAPTAIN
1389,Chris Blair,WR,Bijan Robinson / Chris Olave / Daniel Carlson / Drake London / Nick Folk,44300,<48000,4-2,0,88.81,114.94,122.23,138.16,0.0,0,0,FORCED_CAPTAIN
1390,Chris Blair,WR,Bijan Robinson / Chris Olave / Daniel Carlson / Drake London / Saints,43100,<48000,3-3,0,87.28,111.31,119.72,133.5,0.0,0,0,FORCED_CAPTAIN
1392,Chris Blair,WR,Bijan Robinson / Chris Olave / Daniel Carlson / Juwan Johnson / Tyler Shough,45900,<48000,2-4,1,98.85,128.6,138.69,158.1,0.0,0,2,FORCED_CAPTAIN
1393,Chris Blair,WR,Bijan Robinson / Chris Olave / Daniel Carlson / Nick Folk / Tyler Shough,43900,<48000,3-3,0,90.84,117.53,125.45,141.05,0.0,0,0,FORCED_CAPTAIN
1394,Chris Blair,WR,Bijan Robinson / Chris Olave / Devaughn Vele / Falcons / Tyler Shough,45100,<48000,3-3,1,91.07,118.77,128.73,147.91,0.0,0,1,FORCED_CAPTAIN
1397,Chris Blair,WR,Bijan Robinson / Chris Olave / Drake London / Falcons / Juwan Johnson,45100,<48000,4-2,0,94.0,121.35,130.5,147.47,0.0,0,1,FORCED_CAPTAIN
1399,Chris Blair,WR,Bijan Robinson / Chris Olave / Drake London / Falcons / Saints,41900,<48000,4-2,0,84.47,108.59,115.52,127.89,0.0,0,0,FORCED_CAPTAIN
1401,Chris Blair,WR,Bijan Robinson / Chris Olave / Drake London / Jahan Dotson / Michael Penix Jr.,46100,<48000,5-1,1,92.16,121.95,133.37,150.58,0.0,0,3,FORCED_CAPTAIN
1402,Chris Blair,WR,Bijan Robinson / Chris Olave / Drake London / Jahan Dotson / Tyler Shough,46700,<48000,4-2,0,98.84,128.61,138.89,157.04,0.0,0,1,FORCED_CAPTAIN
1404,Chris Blair,WR,Bijan Robinson / Chris Olave / Drake London / Kendre Miller / Michael Penix Jr.,48100,48000-48900,4-2,1,91.63,121.91,132.57,148.96,0.0,0,2,FORCED_CAPTAIN
1409,Chris Blair,WR,Bijan Robinson / Chris Olave / Drake London / Nick Folk / Saints,43700,<48000,4-2,0,86.93,110.9,117.75,131.51,0.0,0,0,FORCED_CAPTAIN
1412,Chris Blair,WR,Bijan Robinson / Chris Olave / Falcons / Juwan Johnson / Tyler Shough,44700,<48000,3-3,1,96.04,124.71,134.8,156.14,0.0,0,2,FORCED_CAPTAIN
1413,Chris Blair,WR,Bijan Robinson / Chris Olave / Falcons / Michael Penix Jr. / Tyler Shough,46300,<48000,4-2,1,95.57,123.12,131.89,152.81,0.0,0,2,FORCED_CAPTAIN
1414,Chris Blair,WR,Bijan Robinson / Chris Olave / Falcons / Nick Folk / Tyler Shough,42700,<48000,4-2,0,88.04,114.77,121.26,138.13,0.0,0,0,FORCED_CAPTAIN
1415,Chris Blair,WR,Bijan Robinson / Chris Olave / Juwan Johnson / Michael Penix Jr. / Nick Folk,45900,<48000,4-2,1,91.82,119.16,127.51,144.34,0.0,0,2,FORCED_CAPTAIN
1417,Chris Blair,WR,Bijan Robinson / Chris Olave / Juwan Johnson / Saints / Tyler Shough,45300,<48000,2-4,1,96.98,125.94,134.52,157.59,0.0,0,2,FORCED_CAPTAIN
1419,Chris Blair,WR,Bijan Robinson / Chris Olave / Michael Penix Jr. / Nick Folk / Saints,42700,<48000,4-2,1,82.29,104.13,111.22,126.08,0.0,0,1,FORCED_CAPTAIN
1421,Chris Blair,WR,Bijan Robinson / Chris Olave / Michael Penix Jr. / Olamide Zaccheaus / Tyler Shough,44700,<48000,4-2,1,92.38,122.43,131.39,151.98,0.0,0,2,FORCED_CAPTAIN
1422,Chris Blair,WR,Bijan Robinson / Chris Olave / Michael Penix Jr. / Saints / Tyler Shough,46900,<48000,3-3,1,96.51,124.09,132.8,150.87,0.0,0,2,FORCED_CAPTAIN
1423,Chris Blair,WR,Bijan Robinson / Daniel Carlson / Devaughn Vele / Juwan Johnson / Michael Penix Jr.,42300,<48000,3-3,1,77.53,101.94,110.33,129.0,0.0,0,1,FORCED_CAPTAIN
1424,Chris Blair,WR,Bijan Robinson / Daniel Carlson / Devaughn Vele / Saints / Tyler Shough,39700,<48000,2-4,0,74.69,94.65,101.55,114.66,0.0,0,0,FORCED_CAPTAIN
1425,Chris Blair,WR,Bijan Robinson / Daniel Carlson / Drake London / Juwan Johnson / Michael Penix Jr.,44500,<48000,4-2,1,86.68,116.13,125.7,143.08,0.0,0,2,FORCED_CAPTAIN
1426,Chris Blair,WR,Bijan Robinson / Daniel Carlson / Drake London / Juwan Johnson / Nick Folk,40900,<48000,4-2,0,79.14,103.69,111.29,125.97,0.0,0,0,FORCED_CAPTAIN
1427,Chris Blair,WR,Bijan Robinson / Daniel Carlson / Drake London / Michael Penix Jr. / Tyler Shough,46700,<48000,4-2,1,92.89,122.58,132.11,146.9,0.0,0,2,FORCED_CAPTAIN
1430,Chris Blair,WR,Bijan Robinson / Devaughn Vele / Drake London / Treyton Welch / Tyler Shough,40900,<48000,3-3,1,81.6,107.11,114.5,132.66,0.0,0,1,FORCED_CAPTAIN
1432,Chris Blair,WR,Bijan Robinson / Drake London / Juwan Johnson / Michael Penix Jr. / Nick Folk,45100,<48000,5-1,1,86.33,114.14,123.81,139.84,0.0,0,3,FORCED_CAPTAIN
1434,Chris Blair,WR,Bijan Robinson / Drake London / Juwan Johnson / Nick Folk / Tyler Shough,45700,<48000,4-2,0,93.01,120.84,128.38,146.65,0.0,0,1,FORCED_CAPTAIN
1435,Chris Blair,WR,Bijan Robinson / Drake London / Juwan Johnson / Saints / Tyler Shough,44500,<48000,3-3,0,91.49,118.36,125.69,143.96,0.0,0,1,FORCED_CAPTAIN
1436,Chris Blair,WR,Bijan Robinson / Drake London / Michael Penix Jr. / Saints / Tyler Shough,46100,<48000,4-2,1,91.02,117.81,126.95,143.23,0.0,0,2,FORCED_CAPTAIN
1437,Chris Blair,WR,Bijan Robinson / Falcons / Juwan Johnson / Michael Penix Jr. / Nick Folk,38700,<48000,5-1,1,71.69,94.44,100.6,114.87,0.0,0,2,FORCED_CAPTAIN
1438,Chris Blair,WR,Brian Robinson Jr. / Chris Olave / Devaughn Vele / Juwan Johnson / Tyler Shough,40900,<48000,2-4,1,80.3,110.39,120.47,140.55,0.0,0,1,FORCED_CAPTAIN
1439,Chris Blair,WR,Brian Robinson Jr. / Chris Olave / Drake London / Juwan Johnson / Tyler Shough,43100,<48000,3-3,1,89.45,119.7,130.57,150.48,0.0,0,2,FORCED_CAPTAIN
1440,Chris Blair,WR,Brian Robinson Jr. / Chris Olave / Drake London / Nick Folk / Tyler Shough,41100,<48000,4-2,0,81.44,108.74,116.09,133.25,0.0,0,0,FORCED_CAPTAIN
1441,Chris Blair,WR,Chris Olave / Daniel Carlson / Devaughn Vele / Drake London / Tyler Shough,44500,<48000,2-4,1,88.0,117.64,126.26,144.1,0.0,0,1,FORCED_CAPTAIN
1442,Chris Blair,WR,Chris Olave / Daniel Carlson / Drake London / Juwan Johnson / Michael Penix Jr.,43500,<48000,3-3,1,86.28,115.02,126.34,144.25,0.0,0,2,FORCED_CAPTAIN
1443,Chris Blair,WR,Chris Olave / Daniel Carlson / Drake London / Juwan Johnson / Tyler Shough,44100,<48000,2-4,1,92.97,123.28,134.94,151.9,0.0,0,2,FORCED_CAPTAIN
1445,Chris Blair,WR,Chris Olave / Devaughn Vele / Drake London / Kendre Miller / Tyler Shough,44700,<48000,2-4,1,83.28,113.38,122.94,141.12,0.0,0,1,FORCED_CAPTAIN
1447,Chris Blair,WR,Chris Olave / Devaughn Vele / Drake London / Nick Folk / Tyler Shough,45100,<48000,3-3,1,87.65,118.04,126.02,143.11,0.0,0,1,FORCED_CAPTAIN
1449,Chris Blair,WR,Chris Olave / Drake London / Falcons / Juwan Johnson / Tyler Shough,42900,<48000,3-3,1,90.16,118.85,129.1,149.41,0.0,0,2,FORCED_CAPTAIN
1451,Chris Blair,WR,Chris Olave / Drake London / Juwan Johnson / Nick Folk / Tyler Shough,44700,<48000,3-3,1,92.62,123.72,134.15,154.39,0.0,0,2,FORCED_CAPTAIN
1452,Chris Blair,WR,Chris Olave / Drake London / Michael Penix Jr. / Olamide Zaccheaus / Tyler Shough,42900,<48000,4-2,1,86.5,116.97,127.95,146.95,0.0,0,2,FORCED_CAPTAIN
1453,Chris Blair,WR,Daniel Carlson / Drake London / Juwan Johnson / Michael Penix Jr. / Tyler Shough,42300,<48000,3-3,1,82.83,111.7,122.64,140.32,0.0,0,2,FORCED_CAPTAIN
1927,Cooper Rush,QB,Alvin Kamara / Austin Hooper / Bijan Robinson / Chris Olave / Devaughn Vele,49200,49000-49400,3-3,1,80.43,103.92,111.15,127.04,0.0,0,1,FORCED_CAPTAIN
1928,Cooper Rush,QB,Alvin Kamara / Austin Hooper / Bijan Robinson / Chris Olave / Juwan Johnson,48800,48000-48900,3-3,1,85.4,109.99,118.18,138.3,0.0,0,1,FORCED_CAPTAIN
1929,Cooper Rush,QB,Alvin Kamara / Austin Hooper / Bijan Robinson / Drake London / Michael Penix Jr.,49600,49500-49900,5-1,1,79.44,106.39,115.69,129.64,0.0,0,2,FORCED_CAPTAIN
1930,Cooper Rush,QB,Alvin Kamara / Austin Hooper / Chris Olave / Drake London / Tyler Shough,49200,49000-49400,3-3,1,85.73,114.25,124.17,139.66,0.0,0,1,FORCED_CAPTAIN
1931,Cooper Rush,QB,Alvin Kamara / Bijan Robinson / Bryce Lance / Chris Olave / Tyler Shough,50000,50000,2-4,1,90.62,118.44,126.86,147.31,0.0,0,2,FORCED_CAPTAIN
1932,Cooper Rush,QB,Alvin Kamara / Bijan Robinson / Bryce Lance / Drake London / Tyler Shough,49200,49000-49400,3-3,1,85.13,110.37,118.14,133.27,0.0,0,1,FORCED_CAPTAIN
1933,Cooper Rush,QB,Alvin Kamara / Bijan Robinson / CJ Donaldson / Chris Olave / Drake London,50000,50000,3-3,1,86.34,111.63,120.35,133.16,0.0,0,2,FORCED_CAPTAIN
1934,Cooper Rush,QB,Alvin Kamara / Bijan Robinson / Chris Olave / Daniel Carlson / Kyle Pitts Sr.,49200,49000-49400,3-3,1,79.19,100.83,108.77,123.71,0.0,0,1,FORCED_CAPTAIN
1935,Cooper Rush,QB,Alvin Kamara / Bijan Robinson / Chris Olave / Daniel Carlson / Nick Folk,48800,48000-48900,3-3,0,82.09,104.6,111.54,127.31,0.0,0,0,FORCED_CAPTAIN
1936,Cooper Rush,QB,Alvin Kamara / Bijan Robinson / Chris Olave / Devaughn Vele / Falcons,50000,50000,3-3,0,82.31,105.2,112.28,127.12,0.0,0,1,FORCED_CAPTAIN
1937,Cooper Rush,QB,Alvin Kamara / Bijan Robinson / Chris Olave / Drake London / Treyton Welch,48800,48000-48900,3-3,1,87.48,112.75,121.66,135.02,0.0,0,1,FORCED_CAPTAIN
1938,Cooper Rush,QB,Alvin Kamara / Bijan Robinson / Chris Olave / Falcons / Juwan Johnson,49600,49500-49900,3-3,0,87.28,111.14,118.56,138.16,0.0,0,0,FORCED_CAPTAIN
1939,Cooper Rush,QB,Alvin Kamara / Bijan Robinson / Chris Olave / Kyle Pitts Sr. / Nick Folk,49800,49500-49900,4-2,1,78.84,101.85,109.12,124.81,0.0,0,1,FORCED_CAPTAIN
1940,Cooper Rush,QB,Alvin Kamara / Bijan Robinson / Chris Olave / Nick Folk / Saints,48200,48000-48900,3-3,0,80.21,101.12,108.4,121.8,0.0,0,0,FORCED_CAPTAIN
1941,Cooper Rush,QB,Alvin Kamara / Bijan Robinson / Chris Olave / Treyton Welch / Tyler Shough,48400,48000-48900,2-4,1,89.52,116.04,125.89,147.19,0.0,0,1,FORCED_CAPTAIN
1942,Cooper Rush,QB,Alvin Kamara / Bijan Robinson / Daniel Carlson / Devaughn Vele / Tyler Shough,50000,50000,2-4,1,81.67,105.12,111.48,127.78,0.0,0,2,FORCED_CAPTAIN
1943,Cooper Rush,QB,Alvin Kamara / Bijan Robinson / Daniel Carlson / Drake London / Juwan Johnson,50000,50000,3-3,1,84.6,108.63,116.5,131.77,0.0,0,2,FORCED_CAPTAIN
1944,Cooper Rush,QB,Alvin Kamara / Bijan Robinson / Daniel Carlson / Drake London / Saints,46800,<48000,3-3,1,75.07,94.69,102.07,116.99,0.0,0,1,FORCED_CAPTAIN
1945,Cooper Rush,QB,Alvin Kamara / Bijan Robinson / Daniel Carlson / Juwan Johnson / Tyler Shough,49600,49500-49900,2-4,1,86.64,112.77,121.28,135.34,0.0,0,1,FORCED_CAPTAIN
1946,Cooper Rush,QB,Alvin Kamara / Bijan Robinson / Daniel Carlson / Nick Folk / Tyler Shough,47600,<48000,3-3,0,78.64,99.96,105.8,119.86,0.0,0,0,FORCED_CAPTAIN
1947,Cooper Rush,QB,Alvin Kamara / Bijan Robinson / Devaughn Vele / Jahan Dotson / Tyler Shough,48200,48000-48900,3-3,1,77.49,101.54,108.57,126.51,0.0,0,1,FORCED_CAPTAIN
1948,Cooper Rush,QB,Alvin Kamara / Bijan Robinson / Drake London / Falcons / Juwan Johnson,48800,48000-48900,4-2,1,81.79,104.96,112.43,125.66,0.0,0,1,FORCED_CAPTAIN
1949,Cooper Rush,QB,Alvin Kamara / Bijan Robinson / Drake London / Falcons / Nick Folk,46800,<48000,5-1,1,73.79,94.75,101.71,113.32,0.0,0,2,FORCED_CAPTAIN
1950,Cooper Rush,QB,Alvin Kamara / Bijan Robinson / Drake London / Jahan Dotson / Michael Penix Jr.,49800,49500-49900,5-1,1,79.95,107.57,116.42,130.73,0.0,0,2,FORCED_CAPTAIN
1951,Cooper Rush,QB,Alvin Kamara / Bijan Robinson / Falcons / Juwan Johnson / Tyler Shough,48400,48000-48900,3-3,1,83.83,108.35,116.2,132.13,0.0,0,1,FORCED_CAPTAIN
1952,Cooper Rush,QB,Alvin Kamara / Bijan Robinson / Falcons / Michael Penix Jr. / Tyler Shough,50000,50000,4-2,0,83.36,106.22,113.63,124.99,0.0,0,1,FORCED_CAPTAIN
1953,Cooper Rush,QB,Alvin Kamara / Bijan Robinson / Jahan Dotson / Juwan Johnson / Tyler Shough,47800,<48000,3-3,1,82.46,108.94,117.39,132.18,0.0,0,1,FORCED_CAPTAIN
1954,Cooper Rush,QB,Alvin Kamara / Bijan Robinson / Juwan Johnson / Saints / Tyler Shough,49000,49000-49400,2-4,1,84.77,109.7,116.62,133.87,0.0,0,1,FORCED_CAPTAIN
1955,Cooper Rush,QB,Alvin Kamara / Chris Olave / Daniel Carlson / Devaughn Vele / Tyler Shough,49000,49000-49400,1-5,1,81.28,107.9,116.31,131.62,0.0,0,2,FORCED_CAPTAIN
1956,Cooper Rush,QB,Alvin Kamara / Chris Olave / Daniel Carlson / Juwan Johnson / Tyler Shough,48600,48000-48900,1-5,1,86.25,114.0,123.05,147.03,0.0,0,2,FORCED_CAPTAIN
1957,Cooper Rush,QB,Alvin Kamara / Chris Olave / Devaughn Vele / Saints / Tyler Shough,48400,48000-48900,1-5,1,79.4,106.42,114.56,135.63,0.0,0,2,FORCED_CAPTAIN
1958,Cooper Rush,QB,Alvin Kamara / Chris Olave / Drake London / Falcons / Juwan Johnson,47800,<48000,3-3,0,81.4,106.03,114.07,130.22,0.0,0,0,FORCED_CAPTAIN
1959,Cooper Rush,QB,Alvin Kamara / Chris Olave / Drake London / Falcons / Michael Penix Jr.,49400,49000-49400,4-2,0,80.93,107.56,116.03,131.8,0.0,0,0,FORCED_CAPTAIN
1960,Cooper Rush,QB,Alvin Kamara / Chris Olave / Drake London / Falcons / Tyler Shough,50000,50000,3-3,1,87.62,114.01,122.39,140.25,0.0,0,2,FORCED_CAPTAIN
1961,Cooper Rush,QB,Alvin Kamara / Chris Olave / Drake London / Juwan Johnson / Nick Folk,49600,49500-49900,3-3,0,83.86,109.57,119.25,133.04,0.0,0,0,FORCED_CAPTAIN
1962,Cooper Rush,QB,Alvin Kamara / Chris Olave / Falcons / Juwan Johnson / Tyler Shough,47400,<48000,2-4,1,83.44,109.35,118.74,142.3,0.0,0,1,FORCED_CAPTAIN
1963,Cooper Rush,QB,Alvin Kamara / Chris Olave / Falcons / Michael Penix Jr. / Tyler Shough,49000,49000-49400,3-3,1,82.97,107.03,116.02,136.73,0.0,0,1,FORCED_CAPTAIN
1964,Cooper Rush,QB,Alvin Kamara / Chris Olave / Juwan Johnson / Nick Folk / Tyler Shough,49200,49000-49400,2-4,1,85.9,114.17,124.59,148.15,0.0,0,1,FORCED_CAPTAIN
1965,Cooper Rush,QB,Alvin Kamara / Chris Olave / Juwan Johnson / Saints / Tyler Shough,48000,48000-48900,1-5,1,84.37,112.19,120.82,143.43,0.0,0,2,FORCED_CAPTAIN
1966,Cooper Rush,QB,Alvin Kamara / Chris Olave / Michael Penix Jr. / Nick Folk / Saints,45400,<48000,3-3,0,69.69,88.72,95.44,108.18,0.0,0,0,FORCED_CAPTAIN
1967,Cooper Rush,QB,Alvin Kamara / Chris Olave / Michael Penix Jr. / Saints / Tyler Shough,49600,49500-49900,2-4,1,83.91,109.57,117.89,136.74,0.0,0,1,FORCED_CAPTAIN
1968,Cooper Rush,QB,Alvin Kamara / Devaughn Vele / Drake London / Saints / Tyler Shough,47600,<48000,2-4,1,73.92,98.67,105.8,121.28,0.0,0,1,FORCED_CAPTAIN
1969,Cooper Rush,QB,Alvin Kamara / Drake London / Juwan Johnson / Nick Folk / Tyler Shough,48400,48000-48900,3-3,1,80.41,107.24,115.69,129.97,0.0,0,1,FORCED_CAPTAIN
1970,Cooper Rush,QB,Alvin Kamara / Drake London / Juwan Johnson / Saints / Tyler Shough,47200,<48000,2-4,1,78.88,104.77,112.71,128.2,0.0,0,1,FORCED_CAPTAIN
1971,Cooper Rush,QB,Alvin Kamara / Drake London / Michael Penix Jr. / Saints / Tyler Shough,48800,48000-48900,3-3,0,78.42,104.43,112.3,127.16,0.0,0,0,FORCED_CAPTAIN
1972,Cooper Rush,QB,Austin Hooper / Bijan Robinson / Brian Robinson Jr. / Chris Olave / Drake London,48200,48000-48900,5-1,1,80.75,106.44,114.46,128.14,0.0,0,2,FORCED_CAPTAIN
1973,Cooper Rush,QB,Austin Hooper / Bijan Robinson / Chris Olave / Nick Folk / Tyler Shough,49400,49000-49400,4-2,1,85.96,113.03,121.11,139.5,0.0,0,1,FORCED_CAPTAIN
1974,Cooper Rush,QB,Austin Hooper / Bijan Robinson / Drake London / Juwan Johnson / Michael Penix Jr.,50000,50000,5-1,1,81.8,110.55,120.43,137.69,0.0,0,4,FORCED_CAPTAIN
1975,Cooper Rush,QB,Austin Hooper / Bijan Robinson / Juwan Johnson / Michael Penix Jr. / Tyler Shough,49600,49500-49900,4-2,1,83.83,112.12,120.95,138.26,0.0,0,2,FORCED_CAPTAIN
1976,Cooper Rush,QB,Austin Hooper / Chris Olave / Devaughn Vele / Drake London / Tyler Shough,50000,50000,3-3,1,83.12,113.21,122.16,139.6,0.0,0,2,FORCED_CAPTAIN
1977,Cooper Rush,QB,Austin Hooper / Chris Olave / Drake London / Juwan Johnson / Tyler Shough,49600,49500-49900,3-3,1,88.08,118.78,130.03,150.39,0.0,0,2,FORCED_CAPTAIN
1978,Cooper Rush,QB,Austin Hooper / Chris Olave / Juwan Johnson / Michael Penix Jr. / Tyler Shough,48600,48000-48900,3-3,1,83.44,113.6,124.49,146.51,0.0,0,2,FORCED_CAPTAIN
1979,Cooper Rush,QB,Barion Brown / Bijan Robinson / Chris Olave / Juwan Johnson / Tyler Shough,49800,49500-49900,2-4,1,90.51,120.4,129.13,152.19,0.0,0,2,FORCED_CAPTAIN
1980,Cooper Rush,QB,Bijan Robinson / Brian Robinson Jr. / Chris Olave / Daniel Carlson / Tyler Shough,49800,49500-49900,3-3,1,87.48,113.58,121.51,140.35,0.0,0,1,FORCED_CAPTAIN
1981,Cooper Rush,QB,Bijan Robinson / Brian Robinson Jr. / Chris Olave / Falcons / Tyler Shough,48600,48000-48900,4-2,1,84.68,110.57,117.07,140.74,0.0,0,1,FORCED_CAPTAIN
1982,Cooper Rush,QB,Bijan Robinson / Brian Robinson Jr. / Daniel Carlson / Drake London / Juwan Johnson,46800,<48000,4-2,1,75.78,99.95,107.55,123.68,0.0,0,1,FORCED_CAPTAIN
1983,Cooper Rush,QB,Bijan Robinson / Bryce Lance / Chris Olave / Daniel Carlson / Drake London,48200,48000-48900,3-3,1,83.28,108.66,117.22,134.02,0.0,0,1,FORCED_CAPTAIN
1984,Cooper Rush,QB,Bijan Robinson / Bryce Lance / Chris Olave / Jahan Dotson / Tyler Shough,46000,<48000,3-3,1,81.14,107.67,116.75,138.07,0.0,0,1,FORCED_CAPTAIN
1985,Cooper Rush,QB,Bijan Robinson / Bryce Lance / Chris Olave / Juwan Johnson / Michael Penix Jr.,49800,49500-49900,3-3,0,86.29,114.12,122.74,139.81,0.0,0,1,FORCED_CAPTAIN
1986,Cooper Rush,QB,Bijan Robinson / Bryce Lance / Chris Olave / Kyle Pitts Sr. / Tyler Shough,48800,48000-48900,3-3,1,82.08,109.38,119.13,137.21,0.0,0,1,FORCED_CAPTAIN
1987,Cooper Rush,QB,Bijan Robinson / Bryce Lance / Devaughn Vele / Drake London / Tyler Shough,50000,50000,3-3,1,82.52,108.48,116.11,136.89,0.0,0,2,FORCED_CAPTAIN
1988,Cooper Rush,QB,Bijan Robinson / Bryce Lance / Drake London / Juwan Johnson / Tyler Shough,49600,49500-49900,3-3,1,87.49,115.49,123.87,142.18,0.0,0,2,FORCED_CAPTAIN
1989,Cooper Rush,QB,Bijan Robinson / CJ Donaldson / Chris Olave / Juwan Johnson / Tyler Shough,50000,50000,2-4,1,90.73,120.38,129.38,152.26,0.0,0,3,FORCED_CAPTAIN
1990,Cooper Rush,QB,Bijan Robinson / Cal Adomitis / Chris Olave / Juwan Johnson / Tyler Shough,48800,48000-48900,2-4,1,90.59,120.37,129.49,152.18,0.0,0,2,FORCED_CAPTAIN
1991,Cooper Rush,QB,Bijan Robinson / Chris Blair / Chris Olave / Drake London / Juwan Johnson,50000,50000,4-2,1,88.33,115.37,125.01,140.64,0.0,0,3,FORCED_CAPTAIN
1992,Cooper Rush,QB,Bijan Robinson / Chris Blair / Chris Olave / Drake London / Kyle Pitts Sr.,48400,48000-48900,5-1,1,77.43,102.27,111.54,125.24,0.0,0,2,FORCED_CAPTAIN
1993,Cooper Rush,QB,Bijan Robinson / Chris Olave / Daniel Carlson / Drake London / Falcons,50000,50000,4-2,1,86.16,111.59,120.23,132.71,0.0,0,2,FORCED_CAPTAIN
1994,Cooper Rush,QB,Bijan Robinson / Chris Olave / Daniel Carlson / Drake London / Jahan Dotson,49400,49000-49400,4-2,1,84.78,110.12,119.34,134.13,0.0,0,1,FORCED_CAPTAIN
1995,Cooper Rush,QB,Bijan Robinson / Chris Olave / Daniel Carlson / Falcons / Tyler Shough,49600,49500-49900,3-3,0,88.2,113.25,120.32,138.27,0.0,0,0,FORCED_CAPTAIN
1996,Cooper Rush,QB,Bijan Robinson / Chris Olave / Daniel Carlson / Jahan Dotson / Tyler Shough,49000,49000-49400,3-3,1,86.82,113.2,121.34,138.3,0.0,0,1,FORCED_CAPTAIN
1997,Cooper Rush,QB,Bijan Robinson / Chris Olave / Daniel Carlson / Juwan Johnson / Nick Folk,49200,49000-49400,3-3,0,84.44,109.19,117.53,130.73,0.0,0,0,FORCED_CAPTAIN
1998,Cooper Rush,QB,Bijan Robinson / Chris Olave / Devaughn Vele / Treyton Welch / Tyler Shough,49200,49000-49400,2-4,1,86.9,115.51,125.33,144.68,0.0,0,1,FORCED_CAPTAIN
1999,Cooper Rush,QB,Bijan Robinson / Chris Olave / Drake London / Falcons / Saints,49400,49000-49400,4-2,1,84.29,108.23,115.34,127.89,0.0,0,1,FORCED_CAPTAIN
2000,Cooper Rush,QB,Bijan Robinson / Chris Olave / Drake London / Jahan Dotson / Nick Folk,50000,50000,5-1,1,84.44,109.79,117.77,132.14,0.0,0,3,FORCED_CAPTAIN
2001,Cooper Rush,QB,Bijan Robinson / Chris Olave / Drake London / Juwan Johnson / Kevin Austin Jr.,49800,49500-49900,3-3,1,88.98,116.48,125.85,140.89,0.0,0,2,FORCED_CAPTAIN
2002,Cooper Rush,QB,Bijan Robinson / Chris Olave / Drake London / Juwan Johnson / Treyton Welch,49200,49000-49400,3-3,1,89.83,117.1,126.29,142.59,0.0,0,2,FORCED_CAPTAIN
2003,Cooper Rush,QB,Bijan Robinson / Chris Olave / Falcons / Juwan Johnson / Nick Folk,48000,48000-48900,4-2,0,81.63,106.25,113.96,129.82,0.0,0,0,FORCED_CAPTAIN
2004,Cooper Rush,QB,Bijan Robinson / Chris Olave / Falcons / Saints / Tyler Shough,49000,49000-49400,3-3,0,86.33,110.49,117.65,137.32,0.0,0,0,FORCED_CAPTAIN
2005,Cooper Rush,QB,Bijan Robinson / Chris Olave / Jahan Dotson / Nick Folk / Tyler Shough,49600,49500-49900,4-2,1,86.48,114.04,121.68,139.42,0.0,0,1,FORCED_CAPTAIN
2006,Cooper Rush,QB,Bijan Robinson / Chris Olave / Juwan Johnson / Kevin Austin Jr. / Tyler Shough,49400,49000-49400,2-4,1,91.02,121.04,130.67,153.02,0.0,0,2,FORCED_CAPTAIN
2007,Cooper Rush,QB,Bijan Robinson / Chris Olave / Juwan Johnson / Treyton Welch / Tyler Shough,48800,48000-48900,2-4,1,91.87,121.74,131.28,152.22,0.0,0,2,FORCED_CAPTAIN
2008,Cooper Rush,QB,Bijan Robinson / Chris Olave / Nick Folk / Olamide Zaccheaus / Tyler Shough,48600,48000-48900,4-2,1,84.66,111.78,120.12,136.45,0.0,0,1,FORCED_CAPTAIN
2009,Cooper Rush,QB,Bijan Robinson / Daniel Carlson / Devaughn Vele / Juwan Johnson / Michael Penix Jr.,49800,49500-49900,3-3,0,77.34,101.7,110.05,129.0,0.0,0,0,FORCED_CAPTAIN
2010,Cooper Rush,QB,Bijan Robinson / Daniel Carlson / Drake London / Juwan Johnson / Nick Folk,48400,48000-48900,4-2,1,78.95,103.56,110.83,124.96,0.0,0,1,FORCED_CAPTAIN
2011,Cooper Rush,QB,Bijan Robinson / Daniel Carlson / Drake London / Michael Penix Jr. / Nick Folk,50000,50000,5-1,1,78.48,104.56,114.21,128.82,0.0,0,3,FORCED_CAPTAIN
2012,Cooper Rush,QB,Bijan Robinson / Daniel Carlson / Juwan Johnson / Nick Folk / Tyler Shough,48000,48000-48900,3-3,0,80.99,106.43,113.87,126.31,0.0,0,0,FORCED_CAPTAIN
2013,Cooper Rush,QB,Bijan Robinson / Daniel Carlson / Juwan Johnson / Saints / Tyler Shough,46800,<48000,2-4,0,79.47,103.0,109.94,124.07,0.0,0,0,FORCED_CAPTAIN
2014,Cooper Rush,QB,Bijan Robinson / Daniel Carlson / Michael Penix Jr. / Saints / Tyler Shough,48400,48000-48900,3-3,0,79.0,100.0,107.49,119.56,0.0,0,0,FORCED_CAPTAIN
2015,Cooper Rush,QB,Bijan Robinson / Devaughn Vele / Drake London / Treyton Welch / Tyler Shough,48400,48000-48900,3-3,1,81.41,106.67,114.48,132.64,0.0,0,1,FORCED_CAPTAIN
2016,Cooper Rush,QB,Bijan Robinson / Devaughn Vele / Falcons / Juwan Johnson / Tyler Shough,49200,49000-49400,3-3,1,81.22,107.43,115.33,131.38,0.0,0,1,FORCED_CAPTAIN
2017,Cooper Rush,QB,Bijan Robinson / Devaughn Vele / Juwan Johnson / Saints / Tyler Shough,49800,49500-49900,2-4,1,82.15,108.05,116.77,135.92,0.0,0,1,FORCED_CAPTAIN
2018,Cooper Rush,QB,Bijan Robinson / Drake London / Juwan Johnson / Olamide Zaccheaus / Tyler Shough,49800,49500-49900,4-2,1,87.17,114.49,123.34,143.87,0.0,0,2,FORCED_CAPTAIN
2019,Cooper Rush,QB,Bijan Robinson / Drake London / Juwan Johnson / Treyton Welch / Tyler Shough,48000,48000-48900,3-3,1,86.38,114.36,121.8,140.68,0.0,0,2,FORCED_CAPTAIN
2020,Cooper Rush,QB,Bijan Robinson / Drake London / Kendre Miller / Saints / Tyler Shough,49600,49500-49900,3-3,1,78.93,101.87,109.37,122.45,0.0,0,1,FORCED_CAPTAIN
2021,Cooper Rush,QB,Bijan Robinson / Drake London / Michael Penix Jr. / Treyton Welch / Tyler Shough,49600,49500-49900,4-2,1,85.92,114.59,123.43,139.87,0.0,0,2,FORCED_CAPTAIN
2022,Cooper Rush,QB,Bijan Robinson / Drake London / Nick Folk / Saints / Tyler Shough,50000,50000,4-2,1,83.3,105.03,111.99,125.1,0.0,0,2,FORCED_CAPTAIN
2023,Cooper Rush,QB,Bijan Robinson / Jahan Dotson / Juwan Johnson / Michael Penix Jr. / Tyler Shough,49800,49500-49900,4-2,1,84.35,112.4,122.13,140.8,0.0,0,2,FORCED_CAPTAIN
2024,Cooper Rush,QB,Bijan Robinson / Juwan Johnson / Michael Penix Jr. / Olamide Zaccheaus / Tyler Shough,48800,48000-48900,4-2,1,82.53,110.45,119.66,138.72,0.0,0,2,FORCED_CAPTAIN
2025,Cooper Rush,QB,Brian Robinson Jr. / Chris Olave / Devaughn Vele / Juwan Johnson / Tyler Shough,48400,48000-48900,2-4,1,80.11,109.7,120.35,140.55,0.0,0,1,FORCED_CAPTAIN
2026,Cooper Rush,QB,Brian Robinson Jr. / Chris Olave / Drake London / Juwan Johnson / Michael Penix Jr.,50000,50000,4-2,1,82.57,111.54,122.52,141.28,0.0,0,3,FORCED_CAPTAIN
2027,Cooper Rush,QB,Bryce Lance / Chris Olave / Drake London / Juwan Johnson / Tyler Shough,48600,48000-48900,2-4,1,87.09,118.73,128.51,149.29,0.0,0,2,FORCED_CAPTAIN
2028,Cooper Rush,QB,Chris Olave / Daniel Carlson / Devaughn Vele / Drake London / Juwan Johnson,49800,49500-49900,2-4,0,81.59,108.61,116.92,133.31,0.0,0,0,FORCED_CAPTAIN
2029,Cooper Rush,QB,Chris Olave / Daniel Carlson / Devaughn Vele / Juwan Johnson / Tyler Shough,49400,49000-49400,1-5,1,83.63,112.4,123.26,142.25,0.0,0,2,FORCED_CAPTAIN
2030,Cooper Rush,QB,Chris Olave / Daniel Carlson / Drake London / Michael Penix Jr. / Nick Folk,49000,49000-49400,4-2,0,78.09,104.55,113.11,129.37,0.0,0,0,FORCED_CAPTAIN
2031,Cooper Rush,QB,Chris Olave / Daniel Carlson / Drake London / Saints / Tyler Shough,48400,48000-48900,2-4,0,83.25,108.8,117.57,133.45,0.0,0,0,FORCED_CAPTAIN
2032,Cooper Rush,QB,Chris Olave / Devaughn Vele / Drake London / Olamide Zaccheaus / Tyler Shough,49200,49000-49400,3-3,1,81.81,111.3,121.39,138.69,0.0,0,1,FORCED_CAPTAIN
2033,Cooper Rush,QB,Chris Olave / Devaughn Vele / Juwan Johnson / Nick Folk / Tyler Shough,50000,50000,2-4,1,83.28,114.13,124.37,145.65,0.0,0,2,FORCED_CAPTAIN
2034,Cooper Rush,QB,Chris Olave / Devaughn Vele / Juwan Johnson / Saints / Tyler Shough,48800,48000-48900,1-5,1,81.76,110.57,121.1,143.32,0.0,0,2,FORCED_CAPTAIN
2035,Cooper Rush,QB,Chris Olave / Devaughn Vele / Michael Penix Jr. / Olamide Zaccheaus / Tyler Shough,48200,48000-48900,3-3,1,77.16,105.13,115.5,135.24,0.0,0,1,FORCED_CAPTAIN
2036,Cooper Rush,QB,Chris Olave / Drake London / Falcons / Juwan Johnson / Michael Penix Jr.,49800,49500-49900,4-2,0,83.29,111.56,120.83,139.89,0.0,0,1,FORCED_CAPTAIN
2037,Cooper Rush,QB,Chris Olave / Drake London / Jahan Dotson / Juwan Johnson / Michael Penix Jr.,49200,49000-49400,4-2,1,81.91,111.31,122.58,141.99,0.0,0,2,FORCED_CAPTAIN
2038,Cooper Rush,QB,Chris Olave / Drake London / Jahan Dotson / Juwan Johnson / Tyler Shough,49800,49500-49900,3-3,1,88.6,118.99,131.51,150.71,0.0,0,2,FORCED_CAPTAIN
2039,Cooper Rush,QB,Chris Olave / Drake London / Juwan Johnson / Olamide Zaccheaus / Tyler Shough,48800,48000-48900,3-3,1,86.78,117.02,128.58,148.22,0.0,0,2,FORCED_CAPTAIN
2040,Cooper Rush,QB,Chris Olave / Drake London / Juwan Johnson / Treyton Welch / Tyler Shough,47000,<48000,2-4,1,85.99,116.29,127.08,147.82,0.0,0,2,FORCED_CAPTAIN
2041,Cooper Rush,QB,Chris Olave / Drake London / Kevin Austin Jr. / Michael Penix Jr. / Tyler Shough,49200,49000-49400,3-3,1,84.67,115.16,125.56,143.59,0.0,0,2,FORCED_CAPTAIN
2042,Cooper Rush,QB,Chris Olave / Drake London / Michael Penix Jr. / Treyton Welch / Tyler Shough,48600,48000-48900,3-3,1,85.52,116.09,126.3,144.75,0.0,0,2,FORCED_CAPTAIN
2043,Cooper Rush,QB,Chris Olave / Jahan Dotson / Juwan Johnson / Michael Penix Jr. / Tyler Shough,48800,48000-48900,3-3,1,83.95,114.59,124.5,147.71,0.0,0,2,FORCED_CAPTAIN
2044,Cooper Rush,QB,Daniel Carlson / Drake London / Juwan Johnson / Michael Penix Jr. / Tyler Shough,49800,49500-49900,3-3,0,82.64,111.38,122.64,140.32,0.0,0,1,FORCED_CAPTAIN
2045,Cooper Rush,QB,Devaughn Vele / Drake London / Juwan Johnson / Nick Folk / Tyler Shough,49200,49000-49400,3-3,1,77.8,105.91,114.18,132.22,0.0,0,1,FORCED_CAPTAIN
2046,Cooper Rush,QB,Drake London / Juwan Johnson / Michael Penix Jr. / Saints / Tyler Shough,49200,49000-49400,3-3,0,80.77,108.52,118.87,136.67,0.0,0,1,FORCED_CAPTAIN
2905,Jack Strand,QB,Alvin Kamara / Austin Hooper / Bijan Robinson / Chris Olave / Devaughn Vele,49200,49000-49400,3-3,1,80.43,103.92,111.15,127.04,0.0,0,1,FORCED_CAPTAIN
2906,Jack Strand,QB,Alvin Kamara / Austin Hooper / Bijan Robinson / Chris Olave / Juwan Johnson,48800,48000-48900,3-3,1,85.4,109.99,118.18,138.3,0.0,0,1,FORCED_CAPTAIN
2907,Jack Strand,QB,Alvin Kamara / Austin Hooper / Bijan Robinson / Drake London / Michael Penix Jr.,49600,49500-49900,5-1,1,79.44,106.39,115.69,129.64,0.0,0,2,FORCED_CAPTAIN
2908,Jack Strand,QB,Alvin Kamara / Austin Hooper / Chris Olave / Drake London / Tyler Shough,49200,49000-49400,3-3,1,85.73,114.25,124.17,139.66,0.0,0,1,FORCED_CAPTAIN
2909,Jack Strand,QB,Alvin Kamara / Bijan Robinson / Bryce Lance / Chris Olave / Tyler Shough,50000,50000,2-4,1,90.62,118.44,126.86,147.31,0.0,0,2,FORCED_CAPTAIN
2910,Jack Strand,QB,Alvin Kamara / Bijan Robinson / Bryce Lance / Drake London / Tyler Shough,49200,49000-49400,3-3,1,85.13,110.37,118.14,133.27,0.0,0,1,FORCED_CAPTAIN
2911,Jack Strand,QB,Alvin Kamara / Bijan Robinson / CJ Donaldson / Chris Olave / Drake London,50000,50000,3-3,1,86.34,111.63,120.35,133.16,0.0,0,2,FORCED_CAPTAIN
2912,Jack Strand,QB,Alvin Kamara / Bijan Robinson / Chris Olave / Daniel Carlson / Kyle Pitts Sr.,49200,49000-49400,3-3,1,79.19,100.83,108.77,123.71,0.0,0,1,FORCED_CAPTAIN
2913,Jack Strand,QB,Alvin Kamara / Bijan Robinson / Chris Olave / Daniel Carlson / Nick Folk,48800,48000-48900,3-3,0,82.09,104.6,111.54,127.31,0.0,0,0,FORCED_CAPTAIN
2914,Jack Strand,QB,Alvin Kamara / Bijan Robinson / Chris Olave / Devaughn Vele / Falcons,50000,50000,3-3,0,82.31,105.2,112.28,127.12,0.0,0,1,FORCED_CAPTAIN
2915,Jack Strand,QB,Alvin Kamara / Bijan Robinson / Chris Olave / Drake London / Treyton Welch,48800,48000-48900,3-3,1,87.48,112.75,121.66,135.02,0.0,0,1,FORCED_CAPTAIN
2916,Jack Strand,QB,Alvin Kamara / Bijan Robinson / Chris Olave / Falcons / Juwan Johnson,49600,49500-49900,3-3,0,87.28,111.14,118.56,138.16,0.0,0,0,FORCED_CAPTAIN
2917,Jack Strand,QB,Alvin Kamara / Bijan Robinson / Chris Olave / Kyle Pitts Sr. / Nick Folk,49800,49500-49900,4-2,1,78.84,101.85,109.12,124.81,0.0,0,1,FORCED_CAPTAIN
2918,Jack Strand,QB,Alvin Kamara / Bijan Robinson / Chris Olave / Nick Folk / Saints,48200,48000-48900,3-3,0,80.21,101.12,108.4,121.8,0.0,0,0,FORCED_CAPTAIN
2919,Jack Strand,QB,Alvin Kamara / Bijan Robinson / Chris Olave / Treyton Welch / Tyler Shough,48400,48000-48900,2-4,1,89.52,116.04,125.89,147.19,0.0,0,1,FORCED_CAPTAIN
2920,Jack Strand,QB,Alvin Kamara / Bijan Robinson / Daniel Carlson / Devaughn Vele / Tyler Shough,50000,50000,2-4,1,81.67,105.12,111.48,127.78,0.0,0,2,FORCED_CAPTAIN
2921,Jack Strand,QB,Alvin Kamara / Bijan Robinson / Daniel Carlson / Drake London / Juwan Johnson,50000,50000,3-3,1,84.6,108.63,116.5,131.77,0.0,0,2,FORCED_CAPTAIN
2922,Jack Strand,QB,Alvin Kamara / Bijan Robinson / Daniel Carlson / Drake London / Saints,46800,<48000,3-3,1,75.07,94.69,102.07,116.99,0.0,0,1,FORCED_CAPTAIN
2923,Jack Strand,QB,Alvin Kamara / Bijan Robinson / Daniel Carlson / Juwan Johnson / Tyler Shough,49600,49500-49900,2-4,1,86.64,112.77,121.28,135.34,0.0,0,1,FORCED_CAPTAIN
2924,Jack Strand,QB,Alvin Kamara / Bijan Robinson / Daniel Carlson / Nick Folk / Tyler Shough,47600,<48000,3-3,0,78.64,99.96,105.8,119.86,0.0,0,0,FORCED_CAPTAIN
2925,Jack Strand,QB,Alvin Kamara / Bijan Robinson / Devaughn Vele / Jahan Dotson / Tyler Shough,48200,48000-48900,3-3,1,77.49,101.54,108.57,126.51,0.0,0,1,FORCED_CAPTAIN
2926,Jack Strand,QB,Alvin Kamara / Bijan Robinson / Drake London / Falcons / Juwan Johnson,48800,48000-48900,4-2,1,81.79,104.96,112.43,125.66,0.0,0,1,FORCED_CAPTAIN
2927,Jack Strand,QB,Alvin Kamara / Bijan Robinson / Drake London / Falcons / Nick Folk,46800,<48000,5-1,1,73.79,94.75,101.71,113.32,0.0,0,2,FORCED_CAPTAIN
2928,Jack Strand,QB,Alvin Kamara / Bijan Robinson / Drake London / Jahan Dotson / Michael Penix Jr.,49800,49500-49900,5-1,1,79.95,107.57,116.42,130.73,0.0,0,2,FORCED_CAPTAIN
2929,Jack Strand,QB,Alvin Kamara / Bijan Robinson / Falcons / Juwan Johnson / Tyler Shough,48400,48000-48900,3-3,1,83.83,108.35,116.2,132.13,0.0,0,1,FORCED_CAPTAIN
2930,Jack Strand,QB,Alvin Kamara / Bijan Robinson / Jahan Dotson / Juwan Johnson / Tyler Shough,47800,<48000,3-3,1,82.46,108.94,117.39,132.18,0.0,0,1,FORCED_CAPTAIN
2931,Jack Strand,QB,Alvin Kamara / Bijan Robinson / Juwan Johnson / Saints / Tyler Shough,49000,49000-49400,2-4,1,84.77,109.7,116.62,133.87,0.0,0,1,FORCED_CAPTAIN
2932,Jack Strand,QB,Alvin Kamara / Chris Olave / Daniel Carlson / Devaughn Vele / Tyler Shough,49000,49000-49400,1-5,1,81.28,107.9,116.31,131.62,0.0,0,2,FORCED_CAPTAIN
2933,Jack Strand,QB,Alvin Kamara / Chris Olave / Daniel Carlson / Juwan Johnson / Tyler Shough,48600,48000-48900,1-5,1,86.25,114.0,123.05,147.03,0.0,0,2,FORCED_CAPTAIN
2934,Jack Strand,QB,Alvin Kamara / Chris Olave / Devaughn Vele / Saints / Tyler Shough,48400,48000-48900,1-5,1,79.4,106.42,114.56,135.63,0.0,0,2,FORCED_CAPTAIN
2935,Jack Strand,QB,Alvin Kamara / Chris Olave / Drake London / Falcons / Juwan Johnson,47800,<48000,3-3,0,81.4,106.03,114.07,130.22,0.0,0,0,FORCED_CAPTAIN
2936,Jack Strand,QB,Alvin Kamara / Chris Olave / Drake London / Falcons / Michael Penix Jr.,49400,49000-49400,4-2,0,80.93,107.56,116.03,131.8,0.0,0,0,FORCED_CAPTAIN
2937,Jack Strand,QB,Alvin Kamara / Chris Olave / Drake London / Falcons / Tyler Shough,50000,50000,3-3,1,87.62,114.01,122.39,140.25,0.0,0,2,FORCED_CAPTAIN
2938,Jack Strand,QB,Alvin Kamara / Chris Olave / Drake London / Juwan Johnson / Nick Folk,49600,49500-49900,3-3,0,83.86,109.57,119.25,133.04,0.0,0,0,FORCED_CAPTAIN
2939,Jack Strand,QB,Alvin Kamara / Chris Olave / Falcons / Juwan Johnson / Tyler Shough,47400,<48000,2-4,1,83.44,109.35,118.74,142.3,0.0,0,1,FORCED_CAPTAIN
2940,Jack Strand,QB,Alvin Kamara / Chris Olave / Falcons / Michael Penix Jr. / Tyler Shough,49000,49000-49400,3-3,1,82.97,107.03,116.02,136.73,0.0,0,1,FORCED_CAPTAIN
2941,Jack Strand,QB,Alvin Kamara / Chris Olave / Juwan Johnson / Nick Folk / Tyler Shough,49200,49000-49400,2-4,1,85.9,114.17,124.59,148.15,0.0,0,1,FORCED_CAPTAIN
2942,Jack Strand,QB,Alvin Kamara / Chris Olave / Juwan Johnson / Saints / Tyler Shough,48000,48000-48900,1-5,1,84.37,112.19,120.82,143.43,0.0,0,2,FORCED_CAPTAIN
2943,Jack Strand,QB,Alvin Kamara / Chris Olave / Michael Penix Jr. / Nick Folk / Saints,45400,<48000,3-3,0,69.69,88.72,95.44,108.18,0.0,0,0,FORCED_CAPTAIN
2944,Jack Strand,QB,Alvin Kamara / Chris Olave / Michael Penix Jr. / Saints / Tyler Shough,49600,49500-49900,2-4,1,83.91,109.57,117.89,136.74,0.0,0,1,FORCED_CAPTAIN
2945,Jack Strand,QB,Alvin Kamara / Devaughn Vele / Drake London / Saints / Tyler Shough,47600,<48000,2-4,1,73.92,98.67,105.8,121.28,0.0,0,1,FORCED_CAPTAIN
2946,Jack Strand,QB,Alvin Kamara / Drake London / Juwan Johnson / Nick Folk / Tyler Shough,48400,48000-48900,3-3,1,80.41,107.24,115.69,129.97,0.0,0,1,FORCED_CAPTAIN
2947,Jack Strand,QB,Alvin Kamara / Drake London / Juwan Johnson / Saints / Tyler Shough,47200,<48000,2-4,1,78.88,104.77,112.71,128.2,0.0,0,1,FORCED_CAPTAIN
2948,Jack Strand,QB,Alvin Kamara / Drake London / Michael Penix Jr. / Saints / Tyler Shough,48800,48000-48900,3-3,0,78.42,104.43,112.3,127.16,0.0,0,0,FORCED_CAPTAIN
2949,Jack Strand,QB,Austin Hooper / Bijan Robinson / Brian Robinson Jr. / Chris Olave / Drake London,48200,48000-48900,5-1,1,80.75,106.44,114.46,128.14,0.0,0,2,FORCED_CAPTAIN
2950,Jack Strand,QB,Austin Hooper / Bijan Robinson / Chris Olave / Nick Folk / Tyler Shough,49400,49000-49400,4-2,1,85.96,113.03,121.11,139.5,0.0,0,1,FORCED_CAPTAIN
2951,Jack Strand,QB,Austin Hooper / Bijan Robinson / Drake London / Juwan Johnson / Michael Penix Jr.,50000,50000,5-1,1,81.8,110.55,120.43,137.69,0.0,0,4,FORCED_CAPTAIN
2952,Jack Strand,QB,Austin Hooper / Bijan Robinson / Juwan Johnson / Michael Penix Jr. / Tyler Shough,49600,49500-49900,4-2,1,83.83,112.12,120.95,138.26,0.0,0,2,FORCED_CAPTAIN
2953,Jack Strand,QB,Austin Hooper / Chris Olave / Devaughn Vele / Drake London / Tyler Shough,50000,50000,3-3,1,83.12,113.21,122.16,139.6,0.0,0,2,FORCED_CAPTAIN
2954,Jack Strand,QB,Austin Hooper / Chris Olave / Drake London / Juwan Johnson / Tyler Shough,49600,49500-49900,3-3,1,88.08,118.78,130.03,150.39,0.0,0,2,FORCED_CAPTAIN
2955,Jack Strand,QB,Austin Hooper / Chris Olave / Juwan Johnson / Michael Penix Jr. / Tyler Shough,48600,48000-48900,3-3,1,83.44,113.6,124.49,146.51,0.0,0,2,FORCED_CAPTAIN
2956,Jack Strand,QB,Barion Brown / Bijan Robinson / Chris Olave / Juwan Johnson / Tyler Shough,49800,49500-49900,2-4,1,90.51,120.4,129.13,152.19,0.0,0,2,FORCED_CAPTAIN
2957,Jack Strand,QB,Bijan Robinson / Brian Robinson Jr. / Chris Olave / Daniel Carlson / Tyler Shough,49800,49500-49900,3-3,1,87.48,113.58,121.51,140.35,0.0,0,1,FORCED_CAPTAIN
2958,Jack Strand,QB,Bijan Robinson / Brian Robinson Jr. / Chris Olave / Falcons / Tyler Shough,48600,48000-48900,4-2,1,84.68,110.57,117.07,140.74,0.0,0,1,FORCED_CAPTAIN
2959,Jack Strand,QB,Bijan Robinson / Brian Robinson Jr. / Daniel Carlson / Drake London / Juwan Johnson,46800,<48000,4-2,1,75.78,99.95,107.55,123.68,0.0,0,1,FORCED_CAPTAIN
2960,Jack Strand,QB,Bijan Robinson / Bryce Lance / Chris Olave / Daniel Carlson / Drake London,48200,48000-48900,3-3,1,83.28,108.66,117.22,134.02,0.0,0,1,FORCED_CAPTAIN
2961,Jack Strand,QB,Bijan Robinson / Bryce Lance / Chris Olave / Jahan Dotson / Tyler Shough,46000,<48000,3-3,1,81.14,107.67,116.75,138.07,0.0,0,1,FORCED_CAPTAIN
2962,Jack Strand,QB,Bijan Robinson / Bryce Lance / Chris Olave / Juwan Johnson / Michael Penix Jr.,49800,49500-49900,3-3,0,86.29,114.12,122.74,139.81,0.0,0,1,FORCED_CAPTAIN
2963,Jack Strand,QB,Bijan Robinson / Bryce Lance / Chris Olave / Kyle Pitts Sr. / Tyler Shough,48800,48000-48900,3-3,1,82.08,109.38,119.13,137.21,0.0,0,1,FORCED_CAPTAIN
2964,Jack Strand,QB,Bijan Robinson / Bryce Lance / Devaughn Vele / Drake London / Tyler Shough,50000,50000,3-3,1,82.52,108.48,116.11,136.89,0.0,0,2,FORCED_CAPTAIN
2965,Jack Strand,QB,Bijan Robinson / Bryce Lance / Drake London / Juwan Johnson / Tyler Shough,49600,49500-49900,3-3,1,87.49,115.49,123.87,142.18,0.0,0,2,FORCED_CAPTAIN
2966,Jack Strand,QB,Bijan Robinson / CJ Donaldson / Chris Olave / Juwan Johnson / Tyler Shough,50000,50000,2-4,1,90.73,120.38,129.38,152.26,0.0,0,3,FORCED_CAPTAIN
2967,Jack Strand,QB,Bijan Robinson / Cal Adomitis / Chris Olave / Juwan Johnson / Tyler Shough,48800,48000-48900,2-4,1,90.59,120.37,129.49,152.18,0.0,0,2,FORCED_CAPTAIN
2968,Jack Strand,QB,Bijan Robinson / Chris Blair / Chris Olave / Drake London / Juwan Johnson,50000,50000,4-2,1,88.33,115.37,125.01,140.64,0.0,0,3,FORCED_CAPTAIN
2969,Jack Strand,QB,Bijan Robinson / Chris Blair / Chris Olave / Drake London / Kyle Pitts Sr.,48400,48000-48900,5-1,1,77.43,102.27,111.54,125.24,0.0,0,2,FORCED_CAPTAIN
2970,Jack Strand,QB,Bijan Robinson / Chris Olave / Daniel Carlson / Drake London / Falcons,50000,50000,4-2,1,86.16,111.59,120.23,132.71,0.0,0,2,FORCED_CAPTAIN
2971,Jack Strand,QB,Bijan Robinson / Chris Olave / Daniel Carlson / Drake London / Jahan Dotson,49400,49000-49400,4-2,1,84.78,110.12,119.34,134.13,0.0,0,1,FORCED_CAPTAIN
2972,Jack Strand,QB,Bijan Robinson / Chris Olave / Daniel Carlson / Falcons / Tyler Shough,49600,49500-49900,3-3,0,88.2,113.25,120.32,138.27,0.0,0,0,FORCED_CAPTAIN
2973,Jack Strand,QB,Bijan Robinson / Chris Olave / Daniel Carlson / Jahan Dotson / Tyler Shough,49000,49000-49400,3-3,1,86.82,113.2,121.34,138.3,0.0,0,1,FORCED_CAPTAIN
2974,Jack Strand,QB,Bijan Robinson / Chris Olave / Daniel Carlson / Juwan Johnson / Nick Folk,49200,49000-49400,3-3,0,84.44,109.19,117.53,130.73,0.0,0,0,FORCED_CAPTAIN
2975,Jack Strand,QB,Bijan Robinson / Chris Olave / Devaughn Vele / Treyton Welch / Tyler Shough,49200,49000-49400,2-4,1,86.9,115.51,125.33,144.68,0.0,0,1,FORCED_CAPTAIN
2976,Jack Strand,QB,Bijan Robinson / Chris Olave / Drake London / Falcons / Saints,49400,49000-49400,4-2,1,84.29,108.23,115.34,127.89,0.0,0,1,FORCED_CAPTAIN
2977,Jack Strand,QB,Bijan Robinson / Chris Olave / Drake London / Jahan Dotson / Nick Folk,50000,50000,5-1,1,84.44,109.79,117.77,132.14,0.0,0,3,FORCED_CAPTAIN
2978,Jack Strand,QB,Bijan Robinson / Chris Olave / Drake London / Juwan Johnson / Kevin Austin Jr.,49800,49500-49900,3-3,1,88.98,116.48,125.85,140.89,0.0,0,2,FORCED_CAPTAIN
2979,Jack Strand,QB,Bijan Robinson / Chris Olave / Drake London / Juwan Johnson / Treyton Welch,49200,49000-49400,3-3,1,89.83,117.1,126.29,142.59,0.0,0,2,FORCED_CAPTAIN
2980,Jack Strand,QB,Bijan Robinson / Chris Olave / Falcons / Juwan Johnson / Nick Folk,48000,48000-48900,4-2,0,81.63,106.25,113.96,129.82,0.0,0,0,FORCED_CAPTAIN
2981,Jack Strand,QB,Bijan Robinson / Chris Olave / Falcons / Saints / Tyler Shough,49000,49000-49400,3-3,0,86.33,110.49,117.65,137.32,0.0,0,0,FORCED_CAPTAIN
2982,Jack Strand,QB,Bijan Robinson / Chris Olave / Jahan Dotson / Nick Folk / Tyler Shough,49600,49500-49900,4-2,1,86.48,114.04,121.68,139.42,0.0,0,1,FORCED_CAPTAIN
2983,Jack Strand,QB,Bijan Robinson / Chris Olave / Juwan Johnson / Kevin Austin Jr. / Tyler Shough,49400,49000-49400,2-4,1,91.02,121.04,130.67,153.02,0.0,0,2,FORCED_CAPTAIN
2984,Jack Strand,QB,Bijan Robinson / Chris Olave / Juwan Johnson / Treyton Welch / Tyler Shough,48800,48000-48900,2-4,1,91.87,121.74,131.28,152.22,0.0,0,2,FORCED_CAPTAIN
2985,Jack Strand,QB,Bijan Robinson / Chris Olave / Nick Folk / Olamide Zaccheaus / Tyler Shough,48600,48000-48900,4-2,1,84.66,111.78,120.12,136.45,0.0,0,1,FORCED_CAPTAIN
2986,Jack Strand,QB,Bijan Robinson / Daniel Carlson / Devaughn Vele / Juwan Johnson / Michael Penix Jr.,49800,49500-49900,3-3,0,77.34,101.7,110.05,129.0,0.0,0,0,FORCED_CAPTAIN
2987,Jack Strand,QB,Bijan Robinson / Daniel Carlson / Drake London / Juwan Johnson / Nick Folk,48400,48000-48900,4-2,1,78.95,103.56,110.83,124.96,0.0,0,1,FORCED_CAPTAIN
2988,Jack Strand,QB,Bijan Robinson / Daniel Carlson / Drake London / Michael Penix Jr. / Nick Folk,50000,50000,5-1,1,78.48,104.56,114.21,128.82,0.0,0,3,FORCED_CAPTAIN
2989,Jack Strand,QB,Bijan Robinson / Daniel Carlson / Juwan Johnson / Nick Folk / Tyler Shough,48000,48000-48900,3-3,0,80.99,106.43,113.87,126.31,0.0,0,0,FORCED_CAPTAIN
2990,Jack Strand,QB,Bijan Robinson / Daniel Carlson / Juwan Johnson / Saints / Tyler Shough,46800,<48000,2-4,0,79.47,103.0,109.94,124.07,0.0,0,0,FORCED_CAPTAIN
2991,Jack Strand,QB,Bijan Robinson / Daniel Carlson / Juwan Johnson / Treyton Welch / Tyler Shough,42800,<48000,2-4,1,74.55,99.22,106.57,120.12,0.0,0,1,FORCED_CAPTAIN
2992,Jack Strand,QB,Bijan Robinson / Daniel Carlson / Michael Penix Jr. / Saints / Tyler Shough,48400,48000-48900,3-3,0,79.0,100.0,107.49,119.56,0.0,0,0,FORCED_CAPTAIN
2993,Jack Strand,QB,Bijan Robinson / Devaughn Vele / Drake London / Treyton Welch / Tyler Shough,48400,48000-48900,3-3,1,81.41,106.67,114.48,132.64,0.0,0,1,FORCED_CAPTAIN
2994,Jack Strand,QB,Bijan Robinson / Devaughn Vele / Falcons / Juwan Johnson / Tyler Shough,49200,49000-49400,3-3,1,81.22,107.43,115.33,131.38,0.0,0,1,FORCED_CAPTAIN
2995,Jack Strand,QB,Bijan Robinson / Devaughn Vele / Juwan Johnson / Saints / Tyler Shough,49800,49500-49900,2-4,1,82.15,108.05,116.77,135.92,0.0,0,1,FORCED_CAPTAIN
2996,Jack Strand,QB,Bijan Robinson / Drake London / Juwan Johnson / Olamide Zaccheaus / Tyler Shough,49800,49500-49900,4-2,1,87.17,114.49,123.34,143.87,0.0,0,2,FORCED_CAPTAIN
2997,Jack Strand,QB,Bijan Robinson / Drake London / Juwan Johnson / Treyton Welch / Tyler Shough,48000,48000-48900,3-3,1,86.38,114.36,121.8,140.68,0.0,0,2,FORCED_CAPTAIN
2998,Jack Strand,QB,Bijan Robinson / Drake London / Kendre Miller / Saints / Tyler Shough,49600,49500-49900,3-3,1,78.93,101.87,109.37,122.45,0.0,0,1,FORCED_CAPTAIN
2999,Jack Strand,QB,Bijan Robinson / Drake London / Michael Penix Jr. / Treyton Welch / Tyler Shough,49600,49500-49900,4-2,1,85.92,114.59,123.43,139.87,0.0,0,2,FORCED_CAPTAIN
3000,Jack Strand,QB,Bijan Robinson / Drake London / Nick Folk / Saints / Tyler Shough,50000,50000,4-2,1,83.3,105.03,111.99,125.1,0.0,0,2,FORCED_CAPTAIN
3001,Jack Strand,QB,Bijan Robinson / Jahan Dotson / Juwan Johnson / Michael Penix Jr. / Tyler Shough,49800,49500-49900,4-2,1,84.35,112.4,122.13,140.8,0.0,0,2,FORCED_CAPTAIN
3002,Jack Strand,QB,Bijan Robinson / Juwan Johnson / Michael Penix Jr. / Olamide Zaccheaus / Tyler Shough,48800,48000-48900,4-2,1,82.53,110.45,119.66,138.72,0.0,0,2,FORCED_CAPTAIN
3003,Jack Strand,QB,Brian Robinson Jr. / Chris Olave / Devaughn Vele / Juwan Johnson / Tyler Shough,48400,48000-48900,2-4,1,80.11,109.7,120.35,140.55,0.0,0,1,FORCED_CAPTAIN
3004,Jack Strand,QB,Brian Robinson Jr. / Chris Olave / Drake London / Juwan Johnson / Michael Penix Jr.,50000,50000,4-2,1,82.57,111.54,122.52,141.28,0.0,0,3,FORCED_CAPTAIN
3005,Jack Strand,QB,Bryce Lance / Chris Olave / Drake London / Juwan Johnson / Tyler Shough,48600,48000-48900,2-4,1,87.09,118.73,128.51,149.29,0.0,0,2,FORCED_CAPTAIN
3006,Jack Strand,QB,Chris Olave / Daniel Carlson / Devaughn Vele / Drake London / Juwan Johnson,49800,49500-49900,2-4,0,81.59,108.61,116.92,133.31,0.0,0,0,FORCED_CAPTAIN
3007,Jack Strand,QB,Chris Olave / Daniel Carlson / Devaughn Vele / Juwan Johnson / Tyler Shough,49400,49000-49400,1-5,1,83.63,112.4,123.26,142.25,0.0,0,2,FORCED_CAPTAIN
3008,Jack Strand,QB,Chris Olave / Daniel Carlson / Drake London / Michael Penix Jr. / Nick Folk,49000,49000-49400,4-2,0,78.09,104.55,113.11,129.37,0.0,0,0,FORCED_CAPTAIN
3009,Jack Strand,QB,Chris Olave / Daniel Carlson / Drake London / Saints / Tyler Shough,48400,48000-48900,2-4,0,83.25,108.8,117.57,133.45,0.0,0,0,FORCED_CAPTAIN
3010,Jack Strand,QB,Chris Olave / Devaughn Vele / Drake London / Olamide Zaccheaus / Tyler Shough,49200,49000-49400,3-3,1,81.81,111.3,121.39,138.69,0.0,0,1,FORCED_CAPTAIN
3011,Jack Strand,QB,Chris Olave / Devaughn Vele / Juwan Johnson / Nick Folk / Tyler Shough,50000,50000,2-4,1,83.28,114.13,124.37,145.65,0.0,0,2,FORCED_CAPTAIN
3012,Jack Strand,QB,Chris Olave / Devaughn Vele / Juwan Johnson / Saints / Tyler Shough,48800,48000-48900,1-5,1,81.76,110.57,121.1,143.32,0.0,0,2,FORCED_CAPTAIN
3013,Jack Strand,QB,Chris Olave / Devaughn Vele / Michael Penix Jr. / Olamide Zaccheaus / Tyler Shough,48200,48000-48900,3-3,1,77.16,105.13,115.5,135.24,0.0,0,1,FORCED_CAPTAIN
3014,Jack Strand,QB,Chris Olave / Drake London / Falcons / Juwan Johnson / Michael Penix Jr.,49800,49500-49900,4-2,0,83.29,111.56,120.83,139.89,0.0,0,1,FORCED_CAPTAIN
3015,Jack Strand,QB,Chris Olave / Drake London / Jahan Dotson / Juwan Johnson / Michael Penix Jr.,49200,49000-49400,4-2,1,81.91,111.31,122.58,141.99,0.0,0,2,FORCED_CAPTAIN
3016,Jack Strand,QB,Chris Olave / Drake London / Jahan Dotson / Juwan Johnson / Tyler Shough,49800,49500-49900,3-3,1,88.6,118.99,131.51,150.71,0.0,0,2,FORCED_CAPTAIN
3017,Jack Strand,QB,Chris Olave / Drake London / Juwan Johnson / Olamide Zaccheaus / Tyler Shough,48800,48000-48900,3-3,1,86.78,117.02,128.58,148.22,0.0,0,2,FORCED_CAPTAIN
3018,Jack Strand,QB,Chris Olave / Drake London / Juwan Johnson / Treyton Welch / Tyler Shough,47000,<48000,2-4,1,85.99,116.29,127.08,147.82,0.0,0,2,FORCED_CAPTAIN
3019,Jack Strand,QB,Chris Olave / Drake London / Kevin Austin Jr. / Michael Penix Jr. / Tyler Shough,49200,49000-49400,3-3,1,84.67,115.16,125.56,143.59,0.0,0,2,FORCED_CAPTAIN
3020,Jack Strand,QB,Chris Olave / Drake London / Michael Penix Jr. / Treyton Welch / Tyler Shough,48600,48000-48900,3-3,1,85.52,116.09,126.3,144.75,0.0,0,2,FORCED_CAPTAIN
3021,Jack Strand,QB,Chris Olave / Jahan Dotson / Juwan Johnson / Michael Penix Jr. / Tyler Shough,48800,48000-48900,3-3,1,83.95,114.59,124.5,147.71,0.0,0,2,FORCED_CAPTAIN
3022,Jack Strand,QB,Daniel Carlson / Drake London / Juwan Johnson / Michael Penix Jr. / Tyler Shough,49800,49500-49900,3-3,0,82.64,111.38,122.64,140.32,0.0,0,1,FORCED_CAPTAIN
3023,Jack Strand,QB,Devaughn Vele / Drake London / Juwan Johnson / Nick Folk / Tyler Shough,49200,49000-49400,3-3,1,77.8,105.91,114.18,132.22,0.0,0,1,FORCED_CAPTAIN
3024,Jack Strand,QB,Drake London / Juwan Johnson / Michael Penix Jr. / Saints / Tyler Shough,49200,49000-49400,3-3,0,80.77,108.52,118.87,136.67,0.0,0,1,FORCED_CAPTAIN
3051,Jahan Dotson,WR,Alvin Kamara / Bijan Robinson / Juwan Johnson / Kendre Miller / Tyler Shough,45300,<48000,2-4,1,88.28,116.16,125.45,140.99,0.0,0,1,FORCED_CAPTAIN
3526,Kendre Miller,RB,Bijan Robinson / Daniel Carlson / Devaughn Vele / Juwan Johnson / Michael Penix Jr.,48300,48000-48900,2-4,0,82.9,108.49,117.34,136.09,0.0,0,0,FORCED_CAPTAIN
3568,Kendre Miller,RB,Devaughn Vele / Drake London / Michael Penix Jr. / Saints / Tyler Shough,48100,48000-48900,2-4,1,81.36,110.1,118.0,138.46,0.0,0,1,FORCED_CAPTAIN
3570,Kevin Austin Jr.,WR,Alvin Kamara / Austin Hooper / Bijan Robinson / Devaughn Vele / Tyler Shough,40200,<48000,2-4,1,78.14,102.32,108.99,125.93,0.0,0,1,FORCED_CAPTAIN
3572,Kevin Austin Jr.,WR,Alvin Kamara / Bijan Robinson / Brian Robinson Jr. / Drake London / Michael Penix Jr.,42800,<48000,4-2,1,81.78,109.74,117.28,132.45,0.0,0,1,FORCED_CAPTAIN
3573,Kevin Austin Jr.,WR,Alvin Kamara / Bijan Robinson / Bryce Lance / Chris Olave / Tyler Shough,42200,<48000,1-5,1,91.78,119.89,128.6,148.6,0.0,0,2,FORCED_CAPTAIN
3577,Kevin Austin Jr.,WR,Alvin Kamara / Bijan Robinson / Chris Olave / Devaughn Vele / Saints,42800,<48000,1-5,0,84.41,106.59,113.89,128.71,0.0,0,1,FORCED_CAPTAIN
3579,Kevin Austin Jr.,WR,Alvin Kamara / Bijan Robinson / Chris Olave / Drake London / Falcons,44400,<48000,3-3,0,92.62,118.04,126.89,140.06,0.0,0,0,FORCED_CAPTAIN
3582,Kevin Austin Jr.,WR,Alvin Kamara / Bijan Robinson / Chris Olave / Falcons / Nick Folk,39800,<48000,3-3,0,80.44,102.7,109.57,122.23,0.0,0,0,FORCED_CAPTAIN
3583,Kevin Austin Jr.,WR,Alvin Kamara / Bijan Robinson / Chris Olave / Falcons / Saints,38600,<48000,2-4,0,78.92,99.34,104.84,120.25,0.0,0,0,FORCED_CAPTAIN
3589,Kevin Austin Jr.,WR,Alvin Kamara / Bijan Robinson / Devaughn Vele / Saints / Tyler Shough,41600,<48000,1-5,1,80.96,102.88,110.49,127.17,0.0,0,2,FORCED_CAPTAIN
3592,Kevin Austin Jr.,WR,Alvin Kamara / Bijan Robinson / Drake London / Michael Penix Jr. / Nick Folk,44400,<48000,4-2,1,84.95,112.3,119.78,133.5,0.0,0,1,FORCED_CAPTAIN
3596,Kevin Austin Jr.,WR,Alvin Kamara / Bijan Robinson / Juwan Johnson / Kyle Pitts Sr. / Tyler Shough,42800,<48000,2-4,1,84.56,111.1,120.33,135.98,0.0,0,1,FORCED_CAPTAIN
3598,Kevin Austin Jr.,WR,Alvin Kamara / Bijan Robinson / Michael Penix Jr. / Saints / Tyler Shough,42800,<48000,2-4,1,85.46,108.19,115.48,128.04,0.0,0,1,FORCED_CAPTAIN
3601,Kevin Austin Jr.,WR,Alvin Kamara / Chris Olave / Devaughn Vele / Michael Penix Jr. / Tyler Shough,45400,<48000,1-5,1,89.63,119.88,129.24,146.66,0.0,0,2,FORCED_CAPTAIN
3606,Kevin Austin Jr.,WR,Alvin Kamara / Chris Olave / Juwan Johnson / Nick Folk / Tyler Shough,41400,<48000,1-5,1,87.06,115.4,125.47,149.55,0.0,0,2,FORCED_CAPTAIN
3607,Kevin Austin Jr.,WR,Alvin Kamara / Drake London / Falcons / Saints / Tyler Shough,35600,<48000,2-4,1,69.58,89.2,96.48,109.61,0.0,0,1,FORCED_CAPTAIN
3608,Kevin Austin Jr.,WR,Alvin Kamara / Drake London / Juwan Johnson / Michael Penix Jr. / Tyler Shough,44200,<48000,2-4,1,89.11,119.92,129.91,149.64,0.0,0,2,FORCED_CAPTAIN
3609,Kevin Austin Jr.,WR,Alvin Kamara / Drake London / Juwan Johnson / Saints / Tyler Shough,39400,<48000,1-5,1,80.05,106.53,115.16,132.79,0.0,0,2,FORCED_CAPTAIN
3611,Kevin Austin Jr.,WR,Austin Hooper / Bijan Robinson / Juwan Johnson / Michael Penix Jr. / Tyler Shough,41800,<48000,3-3,1,85.0,113.16,123.53,141.23,0.0,0,2,FORCED_CAPTAIN
3612,Kevin Austin Jr.,WR,Austin Hooper / Brian Robinson Jr. / Chris Olave / Daniel Carlson / Michael Penix Jr.,32400,<48000,3-3,1,59.55,80.58,86.75,100.74,0.0,0,1,FORCED_CAPTAIN
3613,Kevin Austin Jr.,WR,Austin Hooper / Chris Olave / Kendre Miller / Michael Penix Jr. / Tyler Shough,38400,<48000,2-4,1,72.23,98.62,107.17,128.11,0.0,0,1,FORCED_CAPTAIN
3614,Kevin Austin Jr.,WR,Bijan Robinson / Brian Robinson Jr. / Chris Olave / Daniel Carlson / Drake London,42400,<48000,3-3,0,86.61,112.83,121.06,134.86,0.0,0,0,FORCED_CAPTAIN
3615,Kevin Austin Jr.,WR,Bijan Robinson / Brian Robinson Jr. / Chris Olave / Devaughn Vele / Tyler Shough,45000,<48000,2-4,1,91.33,120.9,129.95,150.1,0.0,0,1,FORCED_CAPTAIN
3621,Kevin Austin Jr.,WR,Bijan Robinson / Bryce Lance / Devaughn Vele / Juwan Johnson / Tyler Shough,39600,<48000,1-5,1,79.5,107.51,116.22,134.47,0.0,0,2,FORCED_CAPTAIN
3622,Kevin Austin Jr.,WR,Bijan Robinson / Chris Olave / Daniel Carlson / Drake London / Falcons,42200,<48000,3-3,0,87.32,112.9,121.16,135.1,0.0,0,0,FORCED_CAPTAIN
3625,Kevin Austin Jr.,WR,Bijan Robinson / Chris Olave / Daniel Carlson / Drake London / Nick Folk,44000,<48000,3-3,0,89.78,115.73,123.17,139.2,0.0,0,0,FORCED_CAPTAIN
3627,Kevin Austin Jr.,WR,Bijan Robinson / Chris Olave / Daniel Carlson / Juwan Johnson / Saints,40200,<48000,1-5,0,84.08,106.98,115.46,127.83,0.0,0,1,FORCED_CAPTAIN
3629,Kevin Austin Jr.,WR,Bijan Robinson / Chris Olave / Daniel Carlson / Kyle Pitts Sr. / Michael Penix Jr.,43400,<48000,3-3,1,82.24,107.64,116.77,131.47,0.0,0,1,FORCED_CAPTAIN
3631,Kevin Austin Jr.,WR,Bijan Robinson / Chris Olave / Devaughn Vele / Falcons / Tyler Shough,44800,<48000,2-4,1,92.05,120.19,129.41,147.91,0.0,0,1,FORCED_CAPTAIN
3632,Kevin Austin Jr.,WR,Bijan Robinson / Chris Olave / Devaughn Vele / Juwan Johnson / Nick Folk,44400,<48000,2-4,0,88.29,114.11,124.23,139.5,0.0,0,0,FORCED_CAPTAIN
3635,Kevin Austin Jr.,WR,Bijan Robinson / Chris Olave / Devaughn Vele / Saints / Tyler Shough,45400,<48000,1-5,1,92.98,120.16,129.88,148.37,0.0,0,2,FORCED_CAPTAIN
3636,Kevin Austin Jr.,WR,Bijan Robinson / Chris Olave / Drake London / Falcons / Juwan Johnson,44800,<48000,3-3,0,94.98,122.64,131.69,147.82,0.0,0,1,FORCED_CAPTAIN
3638,Kevin Austin Jr.,WR,Bijan Robinson / Chris Olave / Drake London / Falcons / Nick Folk,42800,<48000,4-2,0,86.97,112.39,120.08,134.01,0.0,0,0,FORCED_CAPTAIN
3648,Kevin Austin Jr.,WR,Bijan Robinson / Chris Olave / Drake London / Treyton Welch / Tyler Shough,43600,<48000,2-4,1,97.21,127.13,136.66,155.04,0.0,0,2,FORCED_CAPTAIN
3651,Kevin Austin Jr.,WR,Bijan Robinson / Chris Olave / Falcons / Saints / Tyler Shough,41200,<48000,2-4,1,87.49,111.74,119.02,138.53,0.0,0,1,FORCED_CAPTAIN
3652,Kevin Austin Jr.,WR,Bijan Robinson / Chris Olave / Jahan Dotson / Michael Penix Jr. / Tyler Shough,45400,<48000,3-3,1,95.17,126.13,135.46,154.07,0.0,0,2,FORCED_CAPTAIN
3653,Kevin Austin Jr.,WR,Bijan Robinson / Chris Olave / Juwan Johnson / Michael Penix Jr. / Saints,44400,<48000,2-4,0,91.27,116.8,125.72,143.16,0.0,0,1,FORCED_CAPTAIN
3662,Kevin Austin Jr.,WR,Bijan Robinson / Daniel Carlson / Falcons / Juwan Johnson / Nick Folk,34200,<48000,3-3,0,65.47,86.0,92.85,102.35,0.0,0,0,FORCED_CAPTAIN
3663,Kevin Austin Jr.,WR,Bijan Robinson / Daniel Carlson / Juwan Johnson / Michael Penix Jr. / Tyler Shough,43800,<48000,2-4,1,89.69,117.58,126.9,144.65,0.0,0,2,FORCED_CAPTAIN
3664,Kevin Austin Jr.,WR,Bijan Robinson / Daniel Carlson / Michael Penix Jr. / Saints / Tyler Shough,40600,<48000,2-4,0,80.16,101.8,109.17,120.9,0.0,0,0,FORCED_CAPTAIN
3669,Kevin Austin Jr.,WR,Bijan Robinson / Drake London / Falcons / Juwan Johnson / Michael Penix Jr.,43000,<48000,4-2,1,84.84,113.11,122.98,136.98,0.0,0,2,FORCED_CAPTAIN
3670,Kevin Austin Jr.,WR,Bijan Robinson / Drake London / Falcons / Michael Penix Jr. / Nick Folk,41000,<48000,5-1,1,76.84,102.43,110.2,125.03,0.0,0,2,FORCED_CAPTAIN
3675,Kevin Austin Jr.,WR,Brian Robinson Jr. / Chris Olave / Daniel Carlson / Drake London / Nick Folk,36000,<48000,3-3,0,68.54,91.14,97.51,111.8,0.0,0,0,FORCED_CAPTAIN
3676,Kevin Austin Jr.,WR,Brian Robinson Jr. / Chris Olave / Devaughn Vele / Drake London / Tyler Shough,43200,<48000,2-4,1,85.45,116.62,124.98,145.48,0.0,0,1,FORCED_CAPTAIN
3677,Kevin Austin Jr.,WR,Brian Robinson Jr. / Chris Olave / Drake London / Falcons / Michael Penix Jr.,38400,<48000,4-2,1,73.27,99.63,108.27,124.52,0.0,0,1,FORCED_CAPTAIN
3678,Kevin Austin Jr.,WR,Brian Robinson Jr. / Chris Olave / Drake London / Nick Folk / Tyler Shough,40800,<48000,3-3,1,82.42,110.38,117.58,134.58,0.0,0,1,FORCED_CAPTAIN
3679,Kevin Austin Jr.,WR,Brian Robinson Jr. / Chris Olave / Juwan Johnson / Michael Penix Jr. / Tyler Shough,41800,<48000,2-4,1,85.77,115.58,126.58,147.49,0.0,0,2,FORCED_CAPTAIN
3680,Kevin Austin Jr.,WR,Chris Olave / Daniel Carlson / Drake London / Saints / Tyler Shough,40600,<48000,1-5,1,84.41,110.42,119.6,134.92,0.0,0,2,FORCED_CAPTAIN
3682,Kevin Austin Jr.,WR,Chris Olave / Devaughn Vele / Drake London / Kendre Miller / Tyler Shough,44400,<48000,1-5,1,84.25,114.22,124.25,141.38,0.0,0,2,FORCED_CAPTAIN
3686,Kevin Austin Jr.,WR,Chris Olave / Drake London / Falcons / Michael Penix Jr. / Nick Folk,40000,<48000,4-2,0,76.44,102.59,109.97,127.09,0.0,0,0,FORCED_CAPTAIN
3689,Kevin Austin Jr.,WR,Daniel Carlson / Drake London / Juwan Johnson / Michael Penix Jr. / Tyler Shough,42000,<48000,2-4,1,83.8,112.87,124.56,144.05,0.0,0,2,FORCED_CAPTAIN
3690,Kevin Austin Jr.,WR,Drake London / Juwan Johnson / Kendre Miller / Michael Penix Jr. / Tyler Shough,42200,<48000,2-4,1,79.09,108.67,117.4,142.8,0.0,0,2,FORCED_CAPTAIN
4111,Nick Muse,TE,Alvin Kamara / Austin Hooper / Bijan Robinson / Michael Penix Jr. / Nick Folk,36300,<48000,5-1,1,67.3,88.51,95.95,107.91,0.0,0,2,FORCED_CAPTAIN
4112,Nick Muse,TE,Alvin Kamara / Bijan Robinson / Chris Olave / Daniel Carlson / Drake London,44700,<48000,3-3,0,94.3,120.24,128.41,142.95,0.0,0,0,FORCED_CAPTAIN
4113,Nick Muse,TE,Alvin Kamara / Bijan Robinson / Chris Olave / Daniel Carlson / Michael Penix Jr.,43700,<48000,3-3,1,89.66,115.06,123.22,140.21,0.0,0,1,FORCED_CAPTAIN
4114,Nick Muse,TE,Alvin Kamara / Bijan Robinson / Chris Olave / Daniel Carlson / Tyler Shough,44300,<48000,2-4,1,96.34,123.08,131.96,151.02,0.0,0,1,FORCED_CAPTAIN
4117,Nick Muse,TE,Alvin Kamara / Bijan Robinson / Chris Olave / Drake London / Falcons,43500,<48000,4-2,0,91.5,116.45,125.31,138.83,0.0,0,0,FORCED_CAPTAIN
4122,Nick Muse,TE,Alvin Kamara / Bijan Robinson / Chris Olave / Falcons / Tyler Shough,43100,<48000,3-3,1,93.53,118.93,126.9,148.92,0.0,0,1,FORCED_CAPTAIN
4124,Nick Muse,TE,Alvin Kamara / Bijan Robinson / Chris Olave / Kyle Pitts Sr. / Nick Folk,41100,<48000,4-2,0,78.88,101.87,109.32,124.81,0.0,0,0,FORCED_CAPTAIN
4125,Nick Muse,TE,Alvin Kamara / Bijan Robinson / Chris Olave / Michael Penix Jr. / Nick Folk,44300,<48000,4-2,1,89.31,114.9,122.8,138.4,0.0,0,1,FORCED_CAPTAIN
4127,Nick Muse,TE,Alvin Kamara / Bijan Robinson / Chris Olave / Nick Folk / Tyler Shough,44900,<48000,3-3,1,95.99,123.69,132.24,152.02,0.0,0,1,FORCED_CAPTAIN
4128,Nick Muse,TE,Alvin Kamara / Bijan Robinson / Daniel Carlson / Juwan Johnson / Tyler Shough,40900,<48000,2-4,1,86.68,112.77,121.34,135.37,0.0,0,1,FORCED_CAPTAIN
4130,Nick Muse,TE,Alvin Kamara / Bijan Robinson / Drake London / Falcons / Nick Folk,38100,<48000,5-1,0,73.83,94.75,101.77,113.32,0.0,0,1,FORCED_CAPTAIN
4133,Nick Muse,TE,Alvin Kamara / Bijan Robinson / Drake London / Michael Penix Jr. / Saints,42300,<48000,4-2,1,82.3,106.34,115.15,129.47,0.0,0,1,FORCED_CAPTAIN
4135,Nick Muse,TE,Alvin Kamara / Bijan Robinson / Falcons / Juwan Johnson / Michael Penix Jr.,39100,<48000,4-2,1,77.19,100.57,106.92,121.97,0.0,0,1,FORCED_CAPTAIN
4136,Nick Muse,TE,Alvin Kamara / Bijan Robinson / Juwan Johnson / Michael Penix Jr. / Tyler Shough,45100,<48000,3-3,1,93.86,123.27,133.12,148.96,0.0,0,2,FORCED_CAPTAIN
4137,Nick Muse,TE,Alvin Kamara / Bijan Robinson / Juwan Johnson / Saints / Tyler Shough,40300,<48000,2-4,1,84.8,109.7,116.64,133.87,0.0,0,1,FORCED_CAPTAIN
4138,Nick Muse,TE,Alvin Kamara / Chris Olave / Daniel Carlson / Devaughn Vele / Tyler Shough,40300,<48000,1-5,1,81.31,107.92,116.31,131.62,0.0,0,2,FORCED_CAPTAIN
4139,Nick Muse,TE,Alvin Kamara / Chris Olave / Daniel Carlson / Juwan Johnson / Tyler Shough,39900,<48000,1-5,1,86.28,114.0,123.05,147.03,0.0,0,2,FORCED_CAPTAIN
4141,Nick Muse,TE,Alvin Kamara / Chris Olave / Devaughn Vele / Juwan Johnson / Tyler Shough,42900,<48000,1-5,1,88.97,119.88,130.28,155.7,0.0,0,2,FORCED_CAPTAIN
4142,Nick Muse,TE,Alvin Kamara / Chris Olave / Devaughn Vele / Michael Penix Jr. / Tyler Shough,44500,<48000,2-4,1,88.5,118.17,128.24,144.92,0.0,0,1,FORCED_CAPTAIN
4145,Nick Muse,TE,Alvin Kamara / Chris Olave / Falcons / Juwan Johnson / Tyler Shough,38700,<48000,2-4,1,83.47,109.43,118.74,142.3,0.0,0,1,FORCED_CAPTAIN
4146,Nick Muse,TE,Alvin Kamara / Chris Olave / Juwan Johnson / Nick Folk / Tyler Shough,40500,<48000,2-4,1,85.93,114.21,124.59,148.15,0.0,0,1,FORCED_CAPTAIN
4147,Nick Muse,TE,Alvin Kamara / Chris Olave / Juwan Johnson / Saints / Tyler Shough,39300,<48000,1-5,1,84.41,112.19,120.82,143.43,0.0,0,2,FORCED_CAPTAIN
4148,Nick Muse,TE,Alvin Kamara / Drake London / Juwan Johnson / Michael Penix Jr. / Tyler Shough,43300,<48000,3-3,1,87.98,119.0,128.81,146.64,0.0,0,2,FORCED_CAPTAIN
4149,Nick Muse,TE,Alvin Kamara / Drake London / Juwan Johnson / Nick Folk / Tyler Shough,39700,<48000,3-3,1,80.45,107.24,115.69,129.97,0.0,0,1,FORCED_CAPTAIN
4150,Nick Muse,TE,Alvin Kamara / Drake London / Juwan Johnson / Saints / Tyler Shough,38500,<48000,2-4,1,78.92,104.77,112.71,128.2,0.0,0,1,FORCED_CAPTAIN
4151,Nick Muse,TE,Austin Hooper / Bijan Robinson / Chris Olave / Drake London / Michael Penix Jr.,44700,<48000,5-1,1,91.5,121.07,133.05,149.79,0.0,0,3,FORCED_CAPTAIN
4152,Nick Muse,TE,Austin Hooper / Bijan Robinson / Drake London / Juwan Johnson / Michael Penix Jr.,41300,<48000,5-1,1,81.83,110.57,120.43,137.69,0.0,0,3,FORCED_CAPTAIN
4153,Nick Muse,TE,Austin Hooper / Bijan Robinson / Falcons / Juwan Johnson / Michael Penix Jr.,34900,<48000,5-1,1,67.19,89.72,96.76,113.12,0.0,0,2,FORCED_CAPTAIN
4154,Nick Muse,TE,Austin Hooper / Drake London / Juwan Johnson / Michael Penix Jr. / Tyler Shough,39100,<48000,4-2,1,77.99,107.18,117.63,137.71,0.0,0,2,FORCED_CAPTAIN
4155,Nick Muse,TE,Bijan Robinson / Brian Robinson Jr. / Chris Olave / Devaughn Vele / Tyler Shough,44100,<48000,3-3,1,90.21,119.54,128.87,148.6,0.0,0,1,FORCED_CAPTAIN
4158,Nick Muse,TE,Bijan Robinson / Brian Robinson Jr. / Chris Olave / Juwan Johnson / Tyler Shough,43700,<48000,3-3,1,95.18,125.8,135.01,154.91,0.0,0,2,FORCED_CAPTAIN
4159,Nick Muse,TE,Bijan Robinson / Brian Robinson Jr. / Chris Olave / Michael Penix Jr. / Tyler Shough,45300,<48000,4-2,1,94.71,124.76,134.5,154.18,0.0,0,2,FORCED_CAPTAIN
4161,Nick Muse,TE,Bijan Robinson / Chris Olave / Daniel Carlson / Drake London / Falcons,41300,<48000,4-2,0,86.19,111.59,120.23,132.71,0.0,0,0,FORCED_CAPTAIN
4163,Nick Muse,TE,Bijan Robinson / Chris Olave / Daniel Carlson / Drake London / Nick Folk,43100,<48000,4-2,0,88.65,114.96,122.09,137.71,0.0,0,0,FORCED_CAPTAIN
4165,Nick Muse,TE,Bijan Robinson / Chris Olave / Daniel Carlson / Falcons / Saints,35500,<48000,3-3,0,72.49,93.08,98.55,109.31,0.0,0,0,FORCED_CAPTAIN
4170,Nick Muse,TE,Bijan Robinson / Chris Olave / Devaughn Vele / Drake London / Saints,44900,<48000,3-3,0,89.82,115.27,123.21,137.46,0.0,0,0,FORCED_CAPTAIN
4171,Nick Muse,TE,Bijan Robinson / Chris Olave / Devaughn Vele / Falcons / Michael Penix Jr.,43300,<48000,4-2,1,84.24,109.64,117.67,131.91,0.0,0,1,FORCED_CAPTAIN
4175,Nick Muse,TE,Bijan Robinson / Chris Olave / Devaughn Vele / Saints / Tyler Shough,44500,<48000,2-4,1,91.86,119.14,128.18,147.85,0.0,0,1,FORCED_CAPTAIN
4176,Nick Muse,TE,Bijan Robinson / Chris Olave / Drake London / Falcons / Juwan Johnson,43900,<48000,4-2,0,93.85,121.34,130.31,147.39,0.0,0,1,FORCED_CAPTAIN
4178,Nick Muse,TE,Bijan Robinson / Chris Olave / Drake London / Falcons / Saints,40700,<48000,4-2,0,84.32,108.3,115.49,127.89,0.0,0,0,FORCED_CAPTAIN
4180,Nick Muse,TE,Bijan Robinson / Chris Olave / Drake London / Jahan Dotson / Tyler Shough,45500,<48000,4-2,0,98.69,128.07,138.89,156.44,0.0,0,1,FORCED_CAPTAIN
4186,Nick Muse,TE,Bijan Robinson / Chris Olave / Drake London / Michael Penix Jr. / Saints,46100,<48000,4-2,1,94.32,122.09,132.78,147.95,0.0,0,2,FORCED_CAPTAIN
4189,Nick Muse,TE,Bijan Robinson / Chris Olave / Falcons / Juwan Johnson / Saints,38100,<48000,3-3,0,80.15,102.62,109.69,126.05,0.0,0,0,FORCED_CAPTAIN
4190,Nick Muse,TE,Bijan Robinson / Chris Olave / Falcons / Juwan Johnson / Tyler Shough,43500,<48000,3-3,1,95.89,124.42,134.8,156.14,0.0,0,2,FORCED_CAPTAIN
4191,Nick Muse,TE,Bijan Robinson / Chris Olave / Falcons / Nick Folk / Tyler Shough,41500,<48000,4-2,0,87.89,114.7,120.78,138.13,0.0,0,0,FORCED_CAPTAIN
4192,Nick Muse,TE,Bijan Robinson / Chris Olave / Jahan Dotson / Juwan Johnson / Tyler Shough,42900,<48000,3-3,1,94.52,125.56,133.54,155.54,0.0,0,2,FORCED_CAPTAIN
4193,Nick Muse,TE,Bijan Robinson / Chris Olave / Juwan Johnson / Michael Penix Jr. / Nick Folk,44700,<48000,4-2,1,91.67,118.97,127.4,143.63,0.0,0,2,FORCED_CAPTAIN
4196,Nick Muse,TE,Bijan Robinson / Chris Olave / Juwan Johnson / Saints / Tyler Shough,44100,<48000,2-4,1,96.82,125.89,134.52,157.59,0.0,0,2,FORCED_CAPTAIN
4197,Nick Muse,TE,Bijan Robinson / Chris Olave / Kevin Austin Jr. / Kyle Pitts Sr. / Tyler Shough,39100,<48000,3-3,1,80.15,106.57,115.26,132.64,0.0,0,1,FORCED_CAPTAIN
4199,Nick Muse,TE,Bijan Robinson / Chris Olave / Michael Penix Jr. / Saints / Tyler Shough,45700,<48000,3-3,1,96.36,123.89,132.8,150.75,0.0,0,2,FORCED_CAPTAIN
4200,Nick Muse,TE,Bijan Robinson / Daniel Carlson / Devaughn Vele / Drake London / Michael Penix Jr.,43700,<48000,4-2,1,81.56,109.17,119.4,135.83,0.0,0,1,FORCED_CAPTAIN
4201,Nick Muse,TE,Bijan Robinson / Daniel Carlson / Devaughn Vele / Juwan Johnson / Michael Penix Jr.,41100,<48000,3-3,1,77.38,101.72,110.05,129.0,0.0,0,1,FORCED_CAPTAIN
4202,Nick Muse,TE,Bijan Robinson / Daniel Carlson / Drake London / Michael Penix Jr. / Tyler Shough,45500,<48000,4-2,1,92.74,122.56,131.83,146.9,0.0,0,2,FORCED_CAPTAIN
4203,Nick Muse,TE,Bijan Robinson / Daniel Carlson / Falcons / Juwan Johnson / Nick Folk,33300,<48000,4-2,0,64.35,84.72,91.98,101.69,0.0,0,0,FORCED_CAPTAIN
4204,Nick Muse,TE,Bijan Robinson / Devaughn Vele / Drake London / Falcons / Nick Folk,38900,<48000,5-1,0,71.21,93.35,100.18,112.39,0.0,0,1,FORCED_CAPTAIN
4207,Nick Muse,TE,Bijan Robinson / Devaughn Vele / Drake London / Treyton Welch / Tyler Shough,39700,<48000,3-3,1,81.45,106.67,114.5,132.64,0.0,0,1,FORCED_CAPTAIN
4208,Nick Muse,TE,Bijan Robinson / Devaughn Vele / Falcons / Juwan Johnson / Tyler Shough,40500,<48000,3-3,1,81.25,107.43,115.5,131.38,0.0,0,1,FORCED_CAPTAIN
4209,Nick Muse,TE,Bijan Robinson / Devaughn Vele / Juwan Johnson / Michael Penix Jr. / Tyler Shough,45900,<48000,3-3,1,91.25,121.0,130.86,153.04,0.0,0,2,FORCED_CAPTAIN
4210,Nick Muse,TE,Bijan Robinson / Devaughn Vele / Juwan Johnson / Saints / Tyler Shough,41100,<48000,2-4,1,82.19,108.05,116.77,135.92,0.0,0,1,FORCED_CAPTAIN
4211,Nick Muse,TE,Bijan Robinson / Drake London / Falcons / Juwan Johnson / Tyler Shough,42700,<48000,4-2,0,90.4,117.07,124.45,140.76,0.0,0,1,FORCED_CAPTAIN
4212,Nick Muse,TE,Bijan Robinson / Drake London / Juwan Johnson / Michael Penix Jr. / Nick Folk,43900,<48000,5-1,1,86.18,113.59,123.81,139.84,0.0,0,3,FORCED_CAPTAIN
4214,Nick Muse,TE,Bijan Robinson / Drake London / Juwan Johnson / Saints / Tyler Shough,43300,<48000,3-3,0,91.34,118.21,125.5,142.88,0.0,0,1,FORCED_CAPTAIN
4215,Nick Muse,TE,Bijan Robinson / Drake London / Michael Penix Jr. / Saints / Tyler Shough,44900,<48000,4-2,1,90.87,117.78,126.93,143.23,0.0,0,2,FORCED_CAPTAIN
4216,Nick Muse,TE,Bijan Robinson / Falcons / Juwan Johnson / Michael Penix Jr. / Nick Folk,37500,<48000,5-1,1,71.54,94.23,100.57,114.87,0.0,0,2,FORCED_CAPTAIN
4217,Nick Muse,TE,Bryce Lance / Chris Olave / Drake London / Michael Penix Jr. / Tyler Shough,41500,<48000,3-3,1,86.66,117.43,129.34,145.94,0.0,0,2,FORCED_CAPTAIN
4218,Nick Muse,TE,Chris Olave / Daniel Carlson / Devaughn Vele / Drake London / Tyler Shough,43300,<48000,2-4,1,87.84,117.35,126.08,144.1,0.0,0,1,FORCED_CAPTAIN
4219,Nick Muse,TE,Chris Olave / Daniel Carlson / Drake London / Juwan Johnson / Tyler Shough,42900,<48000,2-4,1,92.81,123.09,134.74,151.88,0.0,0,2,FORCED_CAPTAIN
4220,Nick Muse,TE,Chris Olave / Daniel Carlson / Drake London / Michael Penix Jr. / Tyler Shough,44500,<48000,3-3,1,92.35,123.42,133.12,153.75,0.0,0,2,FORCED_CAPTAIN
4223,Nick Muse,TE,Chris Olave / Devaughn Vele / Drake London / Nick Folk / Tyler Shough,43900,<48000,3-3,1,87.5,117.9,125.83,143.11,0.0,0,1,FORCED_CAPTAIN
4225,Nick Muse,TE,Chris Olave / Drake London / Falcons / Juwan Johnson / Michael Penix Jr.,41100,<48000,4-2,1,83.32,111.56,120.83,139.89,0.0,0,2,FORCED_CAPTAIN
4226,Nick Muse,TE,Chris Olave / Drake London / Falcons / Michael Penix Jr. / Nick Folk,39100,<48000,5-1,1,75.32,100.98,108.77,124.78,0.0,0,2,FORCED_CAPTAIN
4227,Nick Muse,TE,Chris Olave / Drake London / Juwan Johnson / Michael Penix Jr. / Nick Folk,42900,<48000,4-2,1,85.78,114.7,124.77,142.87,0.0,0,2,FORCED_CAPTAIN
4229,Nick Muse,TE,Chris Olave / Drake London / Juwan Johnson / Nick Folk / Tyler Shough,43500,<48000,3-3,1,92.47,123.58,134.15,153.62,0.0,0,2,FORCED_CAPTAIN
4230,Nick Muse,TE,Chris Olave / Drake London / Michael Penix Jr. / Nick Folk / Saints,39700,<48000,4-2,1,76.26,100.56,109.12,125.8,0.0,0,1,FORCED_CAPTAIN
4231,Nick Muse,TE,Chris Olave / Falcons / Juwan Johnson / Nick Folk / Saints,31700,<48000,3-3,0,62.08,81.33,88.43,100.71,0.0,0,0,FORCED_CAPTAIN
4257,Olamide Zaccheaus,WR,Alvin Kamara / Bijan Robinson / Juwan Johnson / Kyle Pitts Sr. / Tyler Shough,44600,<48000,3-3,1,87.02,114.17,124.79,142.19,0.0,0,1,FORCED_CAPTAIN
4261,Olamide Zaccheaus,WR,Alvin Kamara / Chris Olave / Devaughn Vele / Saints / Tyler Shough,42400,<48000,1-5,1,83.03,111.12,119.25,140.99,0.0,0,2,FORCED_CAPTAIN
4267,Olamide Zaccheaus,WR,Alvin Kamara / Drake London / Juwan Johnson / Michael Penix Jr. / Nick Folk,41800,<48000,4-2,1,77.35,103.45,112.89,130.89,0.0,0,1,FORCED_CAPTAIN
4272,Olamide Zaccheaus,WR,Austin Hooper / Bijan Robinson / Falcons / Juwan Johnson / Michael Penix Jr.,37600,<48000,5-1,1,70.78,95.34,103.38,117.18,0.0,0,2,FORCED_CAPTAIN
4274,Olamide Zaccheaus,WR,Austin Hooper / Drake London / Juwan Johnson / Michael Penix Jr. / Tyler Shough,41800,<48000,4-2,1,81.58,112.28,123.65,145.72,0.0,0,2,FORCED_CAPTAIN
4275,Olamide Zaccheaus,WR,Bijan Robinson / Brian Robinson Jr. / Chris Olave / Daniel Carlson / Drake London,44200,<48000,4-2,0,89.07,116.71,124.83,138.46,0.0,0,0,FORCED_CAPTAIN
4282,Olamide Zaccheaus,WR,Bijan Robinson / Brian Robinson Jr. / Chris Olave / Nick Folk / Tyler Shough,44400,<48000,4-2,0,90.77,118.8,127.82,146.86,0.0,0,0,FORCED_CAPTAIN
4287,Olamide Zaccheaus,WR,Bijan Robinson / Bryce Lance / Devaughn Vele / Juwan Johnson / Tyler Shough,41400,<48000,2-4,1,81.97,109.75,120.06,138.67,0.0,0,1,FORCED_CAPTAIN
4310,Olamide Zaccheaus,WR,Bijan Robinson / Chris Olave / Falcons / Nick Folk / Tyler Shough,44200,<48000,4-2,0,91.48,118.46,126.06,143.16,0.0,0,0,FORCED_CAPTAIN
4321,Olamide Zaccheaus,WR,Bijan Robinson / Daniel Carlson / Drake London / Juwan Johnson / Nick Folk,42400,<48000,4-2,0,82.58,107.92,115.64,130.1,0.0,0,0,FORCED_CAPTAIN
4326,Olamide Zaccheaus,WR,Bijan Robinson / Devaughn Vele / Drake London / Falcons / Michael Penix Jr.,45200,<48000,5-1,1,82.34,110.16,118.92,135.96,0.0,0,2,FORCED_CAPTAIN
4327,Olamide Zaccheaus,WR,Bijan Robinson / Devaughn Vele / Drake London / Falcons / Nick Folk,41600,<48000,5-1,0,74.8,97.04,104.63,118.31,0.0,0,1,FORCED_CAPTAIN
4338,Olamide Zaccheaus,WR,Bijan Robinson / Falcons / Juwan Johnson / Michael Penix Jr. / Nick Folk,40200,<48000,5-1,1,75.13,99.17,105.63,121.04,0.0,0,2,FORCED_CAPTAIN
4347,Olamide Zaccheaus,WR,Chris Olave / Drake London / Juwan Johnson / Saints / Tyler Shough,45000,<48000,2-4,1,94.53,125.01,135.14,156.12,0.0,0,2,FORCED_CAPTAIN
4352,Oscar Delp,TE,Alvin Kamara / Bijan Robinson / Chris Olave / Daniel Carlson / Drake London,45000,<48000,2-4,0,94.31,120.24,128.41,142.15,0.0,0,0,FORCED_CAPTAIN
4353,Oscar Delp,TE,Alvin Kamara / Bijan Robinson / Chris Olave / Daniel Carlson / Michael Penix Jr.,44000,<48000,2-4,0,89.66,115.0,123.31,140.36,0.0,0,0,FORCED_CAPTAIN
4354,Oscar Delp,TE,Alvin Kamara / Bijan Robinson / Chris Olave / Daniel Carlson / Nick Folk,40400,<48000,2-4,0,82.13,104.6,111.54,127.5,0.0,0,0,FORCED_CAPTAIN
4355,Oscar Delp,TE,Alvin Kamara / Bijan Robinson / Chris Olave / Daniel Carlson / Tyler Shough,44600,<48000,1-5,1,96.35,123.08,131.67,151.02,0.0,0,2,FORCED_CAPTAIN
4357,Oscar Delp,TE,Alvin Kamara / Bijan Robinson / Chris Olave / Drake London / Falcons,43800,<48000,3-3,0,91.5,116.45,125.31,138.83,0.0,0,0,FORCED_CAPTAIN
4362,Oscar Delp,TE,Alvin Kamara / Bijan Robinson / Chris Olave / Falcons / Tyler Shough,43400,<48000,2-4,1,93.54,118.93,126.98,148.92,0.0,0,1,FORCED_CAPTAIN
4364,Oscar Delp,TE,Alvin Kamara / Bijan Robinson / Chris Olave / Kyle Pitts Sr. / Nick Folk,41400,<48000,3-3,0,78.89,101.91,109.12,124.81,0.0,0,0,FORCED_CAPTAIN
4365,Oscar Delp,TE,Alvin Kamara / Bijan Robinson / Chris Olave / Michael Penix Jr. / Nick Folk,44600,<48000,3-3,0,89.32,114.84,122.8,138.32,0.0,0,0,FORCED_CAPTAIN
4367,Oscar Delp,TE,Alvin Kamara / Bijan Robinson / Chris Olave / Nick Folk / Tyler Shough,45200,<48000,2-4,1,96.0,123.66,132.2,152.27,0.0,0,1,FORCED_CAPTAIN
4368,Oscar Delp,TE,Alvin Kamara / Bijan Robinson / Daniel Carlson / Juwan Johnson / Tyler Shough,41200,<48000,1-5,1,86.68,112.8,121.28,135.34,0.0,0,2,FORCED_CAPTAIN
4370,Oscar Delp,TE,Alvin Kamara / Bijan Robinson / Devaughn Vele / Juwan Johnson / Tyler Shough,44200,<48000,1-5,1,89.37,117.24,125.88,147.51,0.0,0,2,FORCED_CAPTAIN
4371,Oscar Delp,TE,Alvin Kamara / Bijan Robinson / Drake London / Falcons / Nick Folk,38400,<48000,4-2,0,73.83,94.75,101.77,113.32,0.0,0,0,FORCED_CAPTAIN
4374,Oscar Delp,TE,Alvin Kamara / Bijan Robinson / Drake London / Michael Penix Jr. / Saints,42600,<48000,3-3,1,82.3,106.34,115.64,129.47,0.0,0,1,FORCED_CAPTAIN
4376,Oscar Delp,TE,Alvin Kamara / Bijan Robinson / Falcons / Juwan Johnson / Michael Penix Jr.,39400,<48000,3-3,0,77.19,100.57,106.96,121.97,0.0,0,0,FORCED_CAPTAIN
4380,Oscar Delp,TE,Alvin Kamara / Chris Olave / Devaughn Vele / Michael Penix Jr. / Tyler Shough,44800,<48000,1-5,1,88.51,118.37,128.24,145.05,0.0,0,2,FORCED_CAPTAIN
4383,Oscar Delp,TE,Alvin Kamara / Chris Olave / Drake London / Saints / Tyler Shough,42200,<48000,1-5,1,88.59,116.18,125.73,140.78,0.0,0,2,FORCED_CAPTAIN
4384,Oscar Delp,TE,Alvin Kamara / Chris Olave / Falcons / Juwan Johnson / Tyler Shough,39000,<48000,1-5,1,83.48,109.35,118.74,142.3,0.0,0,2,FORCED_CAPTAIN
4385,Oscar Delp,TE,Alvin Kamara / Chris Olave / Juwan Johnson / Nick Folk / Tyler Shough,40800,<48000,1-5,1,85.94,114.21,124.59,148.15,0.0,0,2,FORCED_CAPTAIN
4386,Oscar Delp,TE,Alvin Kamara / Drake London / Juwan Johnson / Michael Penix Jr. / Tyler Shough,43600,<48000,2-4,1,87.99,119.0,129.16,146.64,0.0,0,2,FORCED_CAPTAIN
4387,Oscar Delp,TE,Alvin Kamara / Drake London / Juwan Johnson / Saints / Tyler Shough,38800,<48000,1-5,1,78.93,104.8,112.71,128.2,0.0,0,2,FORCED_CAPTAIN
4388,Oscar Delp,TE,Austin Hooper / Bijan Robinson / Chris Olave / Drake London / Michael Penix Jr.,45000,<48000,4-2,1,91.5,121.24,132.7,149.79,0.0,0,2,FORCED_CAPTAIN
4389,Oscar Delp,TE,Austin Hooper / Bijan Robinson / Drake London / Juwan Johnson / Michael Penix Jr.,41600,<48000,4-2,1,81.84,110.57,120.43,137.69,0.0,0,2,FORCED_CAPTAIN
4390,Oscar Delp,TE,Austin Hooper / Bijan Robinson / Falcons / Juwan Johnson / Michael Penix Jr.,35200,<48000,4-2,1,67.2,89.77,96.94,113.12,0.0,0,1,FORCED_CAPTAIN
4391,Oscar Delp,TE,Austin Hooper / Drake London / Juwan Johnson / Michael Penix Jr. / Tyler Shough,39400,<48000,3-3,1,77.99,107.18,117.63,137.71,0.0,0,2,FORCED_CAPTAIN
4392,Oscar Delp,TE,Bijan Robinson / Brian Robinson Jr. / Chris Olave / Devaughn Vele / Tyler Shough,44400,<48000,2-4,1,90.21,119.51,128.87,148.6,0.0,0,1,FORCED_CAPTAIN
4395,Oscar Delp,TE,Bijan Robinson / Brian Robinson Jr. / Chris Olave / Juwan Johnson / Tyler Shough,44000,<48000,2-4,1,95.18,125.77,135.07,154.91,0.0,0,2,FORCED_CAPTAIN
4396,Oscar Delp,TE,Bijan Robinson / Brian Robinson Jr. / Chris Olave / Michael Penix Jr. / Tyler Shough,45600,<48000,3-3,1,94.71,124.75,134.5,154.18,0.0,0,2,FORCED_CAPTAIN
4397,Oscar Delp,TE,Bijan Robinson / Bryce Lance / Chris Olave / Drake London / Tyler Shough,44600,<48000,2-4,1,97.19,127.5,137.33,154.97,0.0,0,2,FORCED_CAPTAIN
4398,Oscar Delp,TE,Bijan Robinson / Chris Olave / Daniel Carlson / Drake London / Falcons,41600,<48000,3-3,0,86.2,111.59,120.23,132.71,0.0,0,0,FORCED_CAPTAIN
4400,Oscar Delp,TE,Bijan Robinson / Chris Olave / Daniel Carlson / Drake London / Nick Folk,43400,<48000,3-3,0,88.66,114.94,122.09,137.71,0.0,0,0,FORCED_CAPTAIN
4402,Oscar Delp,TE,Bijan Robinson / Chris Olave / Daniel Carlson / Juwan Johnson / Tyler Shough,45000,<48000,1-5,1,98.7,128.6,138.69,158.1,0.0,0,3,FORCED_CAPTAIN
4406,Oscar Delp,TE,Bijan Robinson / Chris Olave / Devaughn Vele / Drake London / Saints,45200,<48000,2-4,0,89.82,115.27,123.15,137.46,0.0,0,0,FORCED_CAPTAIN
4407,Oscar Delp,TE,Bijan Robinson / Chris Olave / Devaughn Vele / Falcons / Michael Penix Jr.,43600,<48000,3-3,0,84.24,109.64,117.67,131.91,0.0,0,0,FORCED_CAPTAIN
4408,Oscar Delp,TE,Bijan Robinson / Chris Olave / Devaughn Vele / Falcons / Nick Folk,40000,<48000,3-3,0,76.71,100.25,107.49,121.35,0.0,0,0,FORCED_CAPTAIN
4412,Oscar Delp,TE,Bijan Robinson / Chris Olave / Devaughn Vele / Saints / Tyler Shough,44800,<48000,1-5,1,91.86,119.07,128.18,147.85,0.0,0,2,FORCED_CAPTAIN
4413,Oscar Delp,TE,Bijan Robinson / Chris Olave / Drake London / Falcons / Juwan Johnson,44200,<48000,3-3,0,93.86,121.23,130.31,147.39,0.0,0,1,FORCED_CAPTAIN
4415,Oscar Delp,TE,Bijan Robinson / Chris Olave / Drake London / Falcons / Saints,41000,<48000,3-3,0,84.33,108.23,115.49,127.89,0.0,0,0,FORCED_CAPTAIN
4417,Oscar Delp,TE,Bijan Robinson / Chris Olave / Drake London / Jahan Dotson / Tyler Shough,45800,<48000,3-3,1,98.7,128.0,138.89,156.44,0.0,0,2,FORCED_CAPTAIN
4418,Oscar Delp,TE,Bijan Robinson / Chris Olave / Drake London / Juwan Johnson / Kendre Miller,45600,<48000,2-4,0,91.95,119.59,130.31,146.4,0.0,0,1,FORCED_CAPTAIN
4424,Oscar Delp,TE,Bijan Robinson / Chris Olave / Drake London / Michael Penix Jr. / Saints,46400,<48000,3-3,1,94.32,121.92,132.78,147.95,0.0,0,2,FORCED_CAPTAIN
4427,Oscar Delp,TE,Bijan Robinson / Chris Olave / Falcons / Juwan Johnson / Saints,38400,<48000,2-4,0,80.15,102.61,109.69,126.05,0.0,0,0,FORCED_CAPTAIN
4428,Oscar Delp,TE,Bijan Robinson / Chris Olave / Falcons / Juwan Johnson / Tyler Shough,43800,<48000,2-4,1,95.89,124.42,134.82,156.14,0.0,0,2,FORCED_CAPTAIN
4429,Oscar Delp,TE,Bijan Robinson / Chris Olave / Falcons / Nick Folk / Tyler Shough,41800,<48000,3-3,1,87.89,114.7,120.78,138.13,0.0,0,1,FORCED_CAPTAIN
4430,Oscar Delp,TE,Bijan Robinson / Chris Olave / Jahan Dotson / Juwan Johnson / Tyler Shough,43200,<48000,2-4,1,94.52,125.34,133.54,155.54,0.0,0,2,FORCED_CAPTAIN
4431,Oscar Delp,TE,Bijan Robinson / Chris Olave / Juwan Johnson / Michael Penix Jr. / Nick Folk,45000,<48000,3-3,0,91.67,119.26,127.4,143.63,0.0,0,1,FORCED_CAPTAIN
4434,Oscar Delp,TE,Bijan Robinson / Chris Olave / Juwan Johnson / Saints / Tyler Shough,44400,<48000,1-5,1,96.83,125.85,134.52,157.59,0.0,0,3,FORCED_CAPTAIN
4435,Oscar Delp,TE,Bijan Robinson / Chris Olave / Kevin Austin Jr. / Kyle Pitts Sr. / Tyler Shough,39400,<48000,2-4,1,80.16,106.6,115.26,132.64,0.0,0,1,FORCED_CAPTAIN
4437,Oscar Delp,TE,Bijan Robinson / Chris Olave / Michael Penix Jr. / Saints / Tyler Shough,46000,<48000,2-4,1,96.36,123.86,132.9,150.75,0.0,0,2,FORCED_CAPTAIN
4438,Oscar Delp,TE,Bijan Robinson / Daniel Carlson / Devaughn Vele / Drake London / Michael Penix Jr.,44000,<48000,3-3,1,81.56,109.14,119.5,135.76,0.0,0,1,FORCED_CAPTAIN
4439,Oscar Delp,TE,Bijan Robinson / Daniel Carlson / Devaughn Vele / Juwan Johnson / Michael Penix Jr.,41400,<48000,2-4,0,77.38,101.77,110.05,129.0,0.0,0,0,FORCED_CAPTAIN
4440,Oscar Delp,TE,Bijan Robinson / Daniel Carlson / Drake London / Juwan Johnson / Tyler Shough,44200,<48000,2-4,1,93.21,121.14,129.73,148.8,0.0,0,2,FORCED_CAPTAIN
4441,Oscar Delp,TE,Bijan Robinson / Daniel Carlson / Drake London / Michael Penix Jr. / Tyler Shough,45800,<48000,3-3,1,92.74,122.56,131.83,146.9,0.0,0,2,FORCED_CAPTAIN
4442,Oscar Delp,TE,Bijan Robinson / Daniel Carlson / Falcons / Juwan Johnson / Nick Folk,33600,<48000,3-3,0,64.35,84.72,91.98,101.69,0.0,0,0,FORCED_CAPTAIN
4443,Oscar Delp,TE,Bijan Robinson / Devaughn Vele / Drake London / Falcons / Nick Folk,39200,<48000,4-2,0,71.22,93.31,100.14,112.39,0.0,0,0,FORCED_CAPTAIN
4446,Oscar Delp,TE,Bijan Robinson / Devaughn Vele / Drake London / Treyton Welch / Tyler Shough,40000,<48000,2-4,1,81.46,106.67,114.48,132.64,0.0,0,1,FORCED_CAPTAIN
4447,Oscar Delp,TE,Bijan Robinson / Devaughn Vele / Falcons / Juwan Johnson / Tyler Shough,40800,<48000,2-4,1,81.26,107.43,115.33,131.38,0.0,0,1,FORCED_CAPTAIN
4448,Oscar Delp,TE,Bijan Robinson / Devaughn Vele / Juwan Johnson / Michael Penix Jr. / Tyler Shough,46200,<48000,2-4,1,91.26,120.8,130.86,153.04,0.0,0,2,FORCED_CAPTAIN
4449,Oscar Delp,TE,Bijan Robinson / Devaughn Vele / Juwan Johnson / Saints / Tyler Shough,41400,<48000,1-5,1,82.2,108.15,116.77,135.92,0.0,0,2,FORCED_CAPTAIN
4450,Oscar Delp,TE,Bijan Robinson / Drake London / Falcons / Juwan Johnson / Tyler Shough,43000,<48000,3-3,1,90.41,117.08,124.45,140.76,0.0,0,2,FORCED_CAPTAIN
4451,Oscar Delp,TE,Bijan Robinson / Drake London / Juwan Johnson / Michael Penix Jr. / Nick Folk,44200,<48000,4-2,1,86.18,113.49,123.79,139.84,0.0,0,2,FORCED_CAPTAIN
4453,Oscar Delp,TE,Bijan Robinson / Drake London / Juwan Johnson / Saints / Tyler Shough,43600,<48000,2-4,1,91.34,118.21,125.54,142.51,0.0,0,2,FORCED_CAPTAIN
4454,Oscar Delp,TE,Bijan Robinson / Drake London / Michael Penix Jr. / Saints / Tyler Shough,45200,<48000,3-3,1,90.87,117.76,126.92,143.23,0.0,0,2,FORCED_CAPTAIN
4455,Oscar Delp,TE,Bijan Robinson / Falcons / Juwan Johnson / Michael Penix Jr. / Nick Folk,37800,<48000,4-2,0,71.54,94.23,100.38,114.87,0.0,0,0,FORCED_CAPTAIN
4456,Oscar Delp,TE,Brian Robinson Jr. / Chris Olave / Drake London / Juwan Johnson / Tyler Shough,42200,<48000,2-4,1,89.3,119.6,130.57,150.34,0.0,0,2,FORCED_CAPTAIN
4457,Oscar Delp,TE,Bryce Lance / Chris Olave / Drake London / Michael Penix Jr. / Tyler Shough,41800,<48000,2-4,1,86.67,117.43,129.39,145.94,0.0,0,2,FORCED_CAPTAIN
4458,Oscar Delp,TE,Chris Olave / Daniel Carlson / Devaughn Vele / Drake London / Tyler Shough,43600,<48000,1-5,1,87.85,117.23,126.08,144.1,0.0,0,2,FORCED_CAPTAIN
4459,Oscar Delp,TE,Chris Olave / Daniel Carlson / Drake London / Juwan Johnson / Tyler Shough,43200,<48000,1-5,1,92.82,122.93,134.74,151.88,0.0,0,3,FORCED_CAPTAIN
4462,Oscar Delp,TE,Chris Olave / Devaughn Vele / Drake London / Nick Folk / Tyler Shough,44200,<48000,2-4,1,87.5,117.9,125.83,143.11,0.0,0,1,FORCED_CAPTAIN
4463,Oscar Delp,TE,Chris Olave / Devaughn Vele / Falcons / Juwan Johnson / Tyler Shough,39800,<48000,1-5,1,80.87,109.67,119.81,138.27,0.0,0,2,FORCED_CAPTAIN
4465,Oscar Delp,TE,Chris Olave / Drake London / Falcons / Juwan Johnson / Michael Penix Jr.,41400,<48000,3-3,0,83.33,111.56,120.83,139.89,0.0,0,1,FORCED_CAPTAIN
4466,Oscar Delp,TE,Chris Olave / Drake London / Falcons / Michael Penix Jr. / Nick Folk,39400,<48000,4-2,0,75.32,101.03,108.77,124.78,0.0,0,0,FORCED_CAPTAIN
4467,Oscar Delp,TE,Chris Olave / Drake London / Juwan Johnson / Michael Penix Jr. / Nick Folk,43200,<48000,3-3,0,85.79,114.85,124.77,142.87,0.0,0,1,FORCED_CAPTAIN
4469,Oscar Delp,TE,Chris Olave / Drake London / Juwan Johnson / Nick Folk / Tyler Shough,43800,<48000,2-4,1,92.47,123.58,134.15,153.62,0.0,0,2,FORCED_CAPTAIN
4470,Oscar Delp,TE,Chris Olave / Drake London / Michael Penix Jr. / Nick Folk / Saints,40000,<48000,3-3,0,76.26,100.58,108.72,125.8,0.0,0,0,FORCED_CAPTAIN
4471,Oscar Delp,TE,Chris Olave / Falcons / Juwan Johnson / Nick Folk / Saints,32000,<48000,2-4,0,62.09,81.3,88.43,100.71,0.0,0,0,FORCED_CAPTAIN
4600,Spencer Rattler,QB,Alvin Kamara / Austin Hooper / Bijan Robinson / Chris Olave / Juwan Johnson,48800,48000-48900,2-4,1,85.55,110.27,118.67,138.3,0.0,0,1,FORCED_CAPTAIN
4601,Spencer Rattler,QB,Alvin Kamara / Austin Hooper / Bijan Robinson / Drake London / Michael Penix Jr.,49600,49500-49900,4-2,1,79.59,106.57,115.92,129.84,0.0,0,1,FORCED_CAPTAIN
4602,Spencer Rattler,QB,Alvin Kamara / Austin Hooper / Bijan Robinson / Michael Penix Jr. / Tyler Shough,49200,49000-49400,3-3,1,81.63,107.39,115.02,129.07,0.0,0,1,FORCED_CAPTAIN
4603,Spencer Rattler,QB,Alvin Kamara / Austin Hooper / Chris Olave / Drake London / Tyler Shough,49200,49000-49400,2-4,1,85.88,114.51,124.18,140.8,0.0,0,1,FORCED_CAPTAIN
4604,Spencer Rattler,QB,Alvin Kamara / Bijan Robinson / Bryce Lance / Chris Olave / Tyler Shough,50000,50000,1-5,1,90.77,118.56,127.0,147.87,0.0,0,3,FORCED_CAPTAIN
4605,Spencer Rattler,QB,Alvin Kamara / Bijan Robinson / Bryce Lance / Drake London / Tyler Shough,49200,49000-49400,2-4,1,85.28,110.45,118.14,133.53,0.0,0,1,FORCED_CAPTAIN
4606,Spencer Rattler,QB,Alvin Kamara / Bijan Robinson / CJ Donaldson / Chris Olave / Drake London,50000,50000,2-4,1,86.48,111.66,120.63,133.23,0.0,0,2,FORCED_CAPTAIN
4607,Spencer Rattler,QB,Alvin Kamara / Bijan Robinson / Cal Adomitis / Chris Olave / Tyler Shough,48400,48000-48900,1-5,1,88.38,115.01,123.29,144.94,0.0,0,2,FORCED_CAPTAIN
4608,Spencer Rattler,QB,Alvin Kamara / Bijan Robinson / Chris Olave / Daniel Carlson / Saints,47600,<48000,1-5,1,80.71,101.03,107.33,121.49,0.0,0,2,FORCED_CAPTAIN
4609,Spencer Rattler,QB,Alvin Kamara / Bijan Robinson / Chris Olave / Devaughn Vele / Falcons,50000,50000,2-4,1,82.46,105.59,112.46,127.12,0.0,0,2,FORCED_CAPTAIN
4610,Spencer Rattler,QB,Alvin Kamara / Bijan Robinson / Chris Olave / Falcons / Nick Folk,47600,<48000,3-3,1,79.43,101.35,108.74,122.23,0.0,0,1,FORCED_CAPTAIN
4611,Spencer Rattler,QB,Alvin Kamara / Bijan Robinson / Chris Olave / Kyle Pitts Sr. / Nick Folk,49800,49500-49900,3-3,1,78.99,102.27,109.47,124.9,0.0,0,1,FORCED_CAPTAIN
4612,Spencer Rattler,QB,Alvin Kamara / Bijan Robinson / Chris Olave / Michael Penix Jr. / Olamide Zaccheaus,49600,49500-49900,3-3,1,83.77,109.46,117.5,134.17,0.0,0,1,FORCED_CAPTAIN
4613,Spencer Rattler,QB,Alvin Kamara / Bijan Robinson / Chris Olave / Treyton Welch / Tyler Shough,48400,48000-48900,1-5,1,89.67,116.17,125.95,147.36,0.0,0,2,FORCED_CAPTAIN
4614,Spencer Rattler,QB,Alvin Kamara / Bijan Robinson / Daniel Carlson / Devaughn Vele / Tyler Shough,50000,50000,1-5,1,81.82,105.4,111.85,127.78,0.0,0,3,FORCED_CAPTAIN
4615,Spencer Rattler,QB,Alvin Kamara / Bijan Robinson / Daniel Carlson / Drake London / Juwan Johnson,50000,50000,2-4,1,84.75,108.81,116.97,131.89,0.0,0,2,FORCED_CAPTAIN
4616,Spencer Rattler,QB,Alvin Kamara / Bijan Robinson / Daniel Carlson / Drake London / Saints,46800,<48000,2-4,0,75.22,94.95,102.09,116.99,0.0,0,0,FORCED_CAPTAIN
4617,Spencer Rattler,QB,Alvin Kamara / Bijan Robinson / Daniel Carlson / Juwan Johnson / Tyler Shough,49600,49500-49900,1-5,1,86.79,112.83,121.34,135.34,0.0,0,2,FORCED_CAPTAIN
4618,Spencer Rattler,QB,Alvin Kamara / Bijan Robinson / Devaughn Vele / Drake London / Falcons,49200,49000-49400,3-3,1,76.97,99.51,106.32,119.7,0.0,0,1,FORCED_CAPTAIN
4619,Spencer Rattler,QB,Alvin Kamara / Bijan Robinson / Drake London / Falcons / Juwan Johnson,48800,48000-48900,3-3,1,81.94,105.15,112.43,126.03,0.0,0,1,FORCED_CAPTAIN
4620,Spencer Rattler,QB,Alvin Kamara / Bijan Robinson / Drake London / Jahan Dotson / Michael Penix Jr.,49800,49500-49900,4-2,1,80.1,107.67,116.6,130.73,0.0,0,1,FORCED_CAPTAIN
4621,Spencer Rattler,QB,Alvin Kamara / Bijan Robinson / Drake London / Juwan Johnson / Saints,49400,49000-49400,2-4,1,82.88,105.51,112.64,127.08,0.0,0,1,FORCED_CAPTAIN
4622,Spencer Rattler,QB,Alvin Kamara / Bijan Robinson / Falcons / Juwan Johnson / Michael Penix Jr.,47800,<48000,3-3,1,77.3,100.62,106.92,121.97,0.0,0,1,FORCED_CAPTAIN
4623,Spencer Rattler,QB,Alvin Kamara / Bijan Robinson / Falcons / Juwan Johnson / Tyler Shough,48400,48000-48900,2-4,1,83.98,108.48,116.2,132.13,0.0,0,1,FORCED_CAPTAIN
4624,Spencer Rattler,QB,Alvin Kamara / Bijan Robinson / Jahan Dotson / Michael Penix Jr. / Tyler Shough,49400,49000-49400,3-3,1,82.14,107.49,116.63,130.33,0.0,0,1,FORCED_CAPTAIN
4625,Spencer Rattler,QB,Alvin Kamara / Bijan Robinson / Juwan Johnson / Kendre Miller / Tyler Shough,49800,49500-49900,1-5,1,82.07,108.17,116.77,132.69,0.0,0,2,FORCED_CAPTAIN
4626,Spencer Rattler,QB,Alvin Kamara / Bijan Robinson / Juwan Johnson / Saints / Tyler Shough,49000,49000-49400,1-5,1,84.92,109.7,117.09,133.87,0.0,0,2,FORCED_CAPTAIN
4627,Spencer Rattler,QB,Alvin Kamara / Brian Robinson Jr. / Chris Olave / Michael Penix Jr. / Tyler Shough,49200,49000-49400,2-4,1,82.41,110.0,117.35,136.61,0.0,0,1,FORCED_CAPTAIN
4628,Spencer Rattler,QB,Alvin Kamara / Chris Olave / Devaughn Vele / Falcons / Tyler Shough,47800,<48000,1-5,1,78.62,104.28,112.9,130.87,0.0,0,2,FORCED_CAPTAIN
4629,Spencer Rattler,QB,Alvin Kamara / Chris Olave / Devaughn Vele / Nick Folk / Tyler Shough,49600,49500-49900,1-5,1,81.08,109.25,118.38,135.97,0.0,0,2,FORCED_CAPTAIN
4630,Spencer Rattler,QB,Alvin Kamara / Chris Olave / Drake London / Falcons / Michael Penix Jr.,49400,49000-49400,3-3,1,81.08,107.65,116.52,131.8,0.0,0,1,FORCED_CAPTAIN
4631,Spencer Rattler,QB,Alvin Kamara / Chris Olave / Drake London / Falcons / Tyler Shough,50000,50000,2-4,1,87.76,114.38,122.7,140.25,0.0,0,2,FORCED_CAPTAIN
4632,Spencer Rattler,QB,Alvin Kamara / Chris Olave / Drake London / Jahan Dotson / Tyler Shough,49400,49000-49400,2-4,1,86.39,114.98,124.64,142.27,0.0,0,1,FORCED_CAPTAIN
4633,Spencer Rattler,QB,Alvin Kamara / Chris Olave / Drake London / Michael Penix Jr. / Olamide Zaccheaus,47800,<48000,3-3,1,77.89,105.42,114.48,131.1,0.0,0,1,FORCED_CAPTAIN
4634,Spencer Rattler,QB,Alvin Kamara / Chris Olave / Drake London / Olamide Zaccheaus / Tyler Shough,48400,48000-48900,2-4,1,84.57,113.27,122.99,138.72,0.0,0,1,FORCED_CAPTAIN
4635,Spencer Rattler,QB,Alvin Kamara / Chris Olave / Falcons / Juwan Johnson / Tyler Shough,47400,<48000,1-5,1,83.59,109.81,118.74,142.3,0.0,0,2,FORCED_CAPTAIN
4636,Spencer Rattler,QB,Alvin Kamara / Chris Olave / Juwan Johnson / Kyle Pitts Sr. / Tyler Shough,49600,49500-49900,1-5,1,83.15,112.03,121.49,143.67,0.0,0,2,FORCED_CAPTAIN
4637,Spencer Rattler,QB,Alvin Kamara / Chris Olave / Juwan Johnson / Nick Folk / Tyler Shough,49200,49000-49400,1-5,1,86.05,114.22,124.59,148.15,0.0,0,2,FORCED_CAPTAIN
4638,Spencer Rattler,QB,Alvin Kamara / Chris Olave / Michael Penix Jr. / Saints / Tyler Shough,49600,49500-49900,1-5,1,84.06,109.65,117.89,136.74,0.0,0,2,FORCED_CAPTAIN
4639,Spencer Rattler,QB,Alvin Kamara / Daniel Carlson / Drake London / Michael Penix Jr. / Tyler Shough,49400,49000-49400,2-4,0,80.44,106.77,116.01,130.89,0.0,0,0,FORCED_CAPTAIN
4640,Spencer Rattler,QB,Alvin Kamara / Devaughn Vele / Drake London / Saints / Tyler Shough,47600,<48000,1-5,1,74.06,98.79,105.82,121.46,0.0,0,2,FORCED_CAPTAIN
4641,Spencer Rattler,QB,Alvin Kamara / Devaughn Vele / Juwan Johnson / Michael Penix Jr. / Tyler Shough,49800,49500-49900,1-5,1,78.95,106.84,116.76,132.35,0.0,0,2,FORCED_CAPTAIN
4642,Spencer Rattler,QB,Alvin Kamara / Drake London / Juwan Johnson / Saints / Tyler Shough,47200,<48000,1-5,1,79.03,104.77,113.24,128.2,0.0,0,2,FORCED_CAPTAIN
4643,Spencer Rattler,QB,Alvin Kamara / Drake London / Michael Penix Jr. / Nick Folk / Tyler Shough,50000,50000,3-3,0,80.09,106.88,114.54,130.97,0.0,0,1,FORCED_CAPTAIN
4644,Spencer Rattler,QB,Alvin Kamara / Drake London / Michael Penix Jr. / Saints / Tyler Shough,48800,48000-48900,2-4,0,78.57,104.45,112.32,127.3,0.0,0,0,FORCED_CAPTAIN
4645,Spencer Rattler,QB,Austin Hooper / Bijan Robinson / Chris Olave / Nick Folk / Tyler Shough,49400,49000-49400,3-3,0,86.11,113.26,121.15,139.59,0.0,0,0,FORCED_CAPTAIN
4646,Spencer Rattler,QB,Austin Hooper / Bijan Robinson / Drake London / Juwan Johnson / Michael Penix Jr.,50000,50000,4-2,1,81.94,110.62,120.75,137.69,0.0,0,3,FORCED_CAPTAIN
4647,Spencer Rattler,QB,Austin Hooper / Bijan Robinson / Juwan Johnson / Michael Penix Jr. / Tyler Shough,49600,49500-49900,3-3,1,83.98,112.18,120.95,138.62,0.0,0,2,FORCED_CAPTAIN
4648,Spencer Rattler,QB,Austin Hooper / Chris Olave / Devaughn Vele / Juwan Johnson / Tyler Shough,47400,<48000,1-5,1,79.09,109.44,119.84,140.71,0.0,0,2,FORCED_CAPTAIN
4649,Spencer Rattler,QB,Austin Hooper / Chris Olave / Drake London / Juwan Johnson / Tyler Shough,49600,49500-49900,2-4,1,88.23,119.14,130.23,150.52,0.0,0,2,FORCED_CAPTAIN
4650,Spencer Rattler,QB,Austin Hooper / Chris Olave / Juwan Johnson / Michael Penix Jr. / Tyler Shough,48600,48000-48900,2-4,1,83.59,113.86,124.49,147.09,0.0,0,2,FORCED_CAPTAIN
4651,Spencer Rattler,QB,Barion Brown / Bijan Robinson / Chris Olave / Juwan Johnson / Tyler Shough,49800,49500-49900,1-5,1,90.66,120.52,129.81,152.19,0.0,0,3,FORCED_CAPTAIN
4652,Spencer Rattler,QB,Bijan Robinson / Brian Robinson Jr. / Chris Olave / Daniel Carlson / Tyler Shough,49800,49500-49900,2-4,0,87.63,113.71,121.51,141.02,0.0,0,0,FORCED_CAPTAIN
4653,Spencer Rattler,QB,Bijan Robinson / Brian Robinson Jr. / Chris Olave / Falcons / Tyler Shough,48600,48000-48900,3-3,0,84.83,110.57,117.02,140.74,0.0,0,0,FORCED_CAPTAIN
4654,Spencer Rattler,QB,Bijan Robinson / Brian Robinson Jr. / Chris Olave / Juwan Johnson / Nick Folk,48200,48000-48900,3-3,1,81.07,106.32,114.21,129.25,0.0,0,1,FORCED_CAPTAIN
4655,Spencer Rattler,QB,Bijan Robinson / Brian Robinson Jr. / Daniel Carlson / Drake London / Juwan Johnson,46800,<48000,3-3,0,75.93,100.1,107.78,123.68,0.0,0,0,FORCED_CAPTAIN
4656,Spencer Rattler,QB,Bijan Robinson / Bryce Lance / Chris Olave / Daniel Carlson / Drake London,48200,48000-48900,2-4,1,83.43,108.76,117.29,134.04,0.0,0,1,FORCED_CAPTAIN
4657,Spencer Rattler,QB,Bijan Robinson / Bryce Lance / Devaughn Vele / Juwan Johnson / Tyler Shough,47400,<48000,1-5,1,78.49,106.07,115.06,132.95,0.0,0,2,FORCED_CAPTAIN
4658,Spencer Rattler,QB,Bijan Robinson / Bryce Lance / Drake London / Juwan Johnson / Tyler Shough,49600,49500-49900,2-4,1,87.64,115.65,124.03,141.24,0.0,0,2,FORCED_CAPTAIN
4659,Spencer Rattler,QB,Bijan Robinson / Cal Adomitis / Chris Olave / Devaughn Vele / Tyler Shough,49200,49000-49400,1-5,1,85.77,114.59,123.64,141.74,0.0,0,2,FORCED_CAPTAIN
4660,Spencer Rattler,QB,Bijan Robinson / Cal Adomitis / Chris Olave / Juwan Johnson / Tyler Shough,48800,48000-48900,1-5,1,90.74,120.55,129.84,152.18,0.0,0,3,FORCED_CAPTAIN
4661,Spencer Rattler,QB,Bijan Robinson / Cal Adomitis / Drake London / Michael Penix Jr. / Tyler Shough,49600,49500-49900,3-3,1,84.78,113.37,122.07,138.36,0.0,0,2,FORCED_CAPTAIN
4662,Spencer Rattler,QB,Bijan Robinson / Charlie Woerner / Chris Olave / Devaughn Vele / Drake London,50000,50000,3-3,1,83.74,109.82,118.12,135.01,0.0,0,2,FORCED_CAPTAIN
4663,Spencer Rattler,QB,Bijan Robinson / Charlie Woerner / Chris Olave / Juwan Johnson / Tyler Shough,49200,49000-49400,2-4,1,90.75,120.55,129.68,152.18,0.0,0,2,FORCED_CAPTAIN
4664,Spencer Rattler,QB,Bijan Robinson / Chris Olave / Daniel Carlson / Devaughn Vele / Nick Folk,49600,49500-49900,2-4,1,79.62,103.33,110.14,125.4,0.0,0,1,FORCED_CAPTAIN
4665,Spencer Rattler,QB,Bijan Robinson / Chris Olave / Daniel Carlson / Drake London / Falcons,50000,50000,3-3,0,86.31,111.87,120.34,133.58,0.0,0,1,FORCED_CAPTAIN
4666,Spencer Rattler,QB,Bijan Robinson / Chris Olave / Daniel Carlson / Drake London / Jahan Dotson,49400,49000-49400,3-3,0,84.93,110.18,119.51,134.13,0.0,0,0,FORCED_CAPTAIN
4667,Spencer Rattler,QB,Bijan Robinson / Chris Olave / Daniel Carlson / Falcons / Michael Penix Jr.,49000,49000-49400,3-3,0,81.66,105.62,113.32,126.03,0.0,0,0,FORCED_CAPTAIN
4668,Spencer Rattler,QB,Bijan Robinson / Chris Olave / Daniel Carlson / Falcons / Nick Folk,45400,<48000,3-3,0,74.13,96.51,102.78,113.76,0.0,0,0,FORCED_CAPTAIN
4669,Spencer Rattler,QB,Bijan Robinson / Chris Olave / Daniel Carlson / Falcons / Tyler Shough,49600,49500-49900,2-4,0,88.35,113.51,120.41,138.47,0.0,0,0,FORCED_CAPTAIN
4670,Spencer Rattler,QB,Bijan Robinson / Chris Olave / Daniel Carlson / Jahan Dotson / Tyler Shough,49000,49000-49400,2-4,0,86.97,113.23,121.38,138.85,0.0,0,0,FORCED_CAPTAIN
4671,Spencer Rattler,QB,Bijan Robinson / Chris Olave / Daniel Carlson / Juwan Johnson / Nick Folk,49200,49000-49400,2-4,1,84.59,109.45,117.91,130.73,0.0,0,1,FORCED_CAPTAIN
4672,Spencer Rattler,QB,Bijan Robinson / Chris Olave / Daniel Carlson / Michael Penix Jr. / Saints,49600,49500-49900,2-4,0,82.6,105.05,113.14,124.94,0.0,0,0,FORCED_CAPTAIN
4673,Spencer Rattler,QB,Bijan Robinson / Chris Olave / Devaughn Vele / Kevin Austin Jr. / Tyler Shough,49800,49500-49900,1-5,1,86.2,115.11,123.72,142.53,0.0,0,2,FORCED_CAPTAIN
4674,Spencer Rattler,QB,Bijan Robinson / Chris Olave / Devaughn Vele / Treyton Welch / Tyler Shough,49200,49000-49400,1-5,1,87.05,115.69,125.9,144.92,0.0,0,2,FORCED_CAPTAIN
4675,Spencer Rattler,QB,Bijan Robinson / Chris Olave / Drake London / Falcons / Saints,49400,49000-49400,3-3,0,84.44,108.51,115.34,129.26,0.0,0,0,FORCED_CAPTAIN
4678,Spencer Rattler,QB,Bijan Robinson / Chris Olave / Falcons / Juwan Johnson / Nick Folk,48000,48000-48900,3-3,1,81.78,106.5,114.39,129.82,0.0,0,1,FORCED_CAPTAIN
4679,Spencer Rattler,QB,Bijan Robinson / Chris Olave / Falcons / Saints / Tyler Shough,49000,49000-49400,2-4,0,86.47,110.53,117.67,137.32,0.0,0,0,FORCED_CAPTAIN
4680,Spencer Rattler,QB,Bijan Robinson / Chris Olave / Jahan Dotson / Nick Folk / Tyler Shough,49600,49500-49900,3-3,0,86.62,114.09,121.71,140.29,0.0,0,0,FORCED_CAPTAIN
4681,Spencer Rattler,QB,Bijan Robinson / Chris Olave / Juwan Johnson / Kevin Austin Jr. / Tyler Shough,49400,49000-49400,1-5,1,91.17,121.16,131.08,153.02,0.0,0,3,FORCED_CAPTAIN
4682,Spencer Rattler,QB,Bijan Robinson / Chris Olave / Juwan Johnson / Treyton Welch / Tyler Shough,48800,48000-48900,1-5,1,92.02,122.25,131.31,152.57,0.0,0,3,FORCED_CAPTAIN
4683,Spencer Rattler,QB,Bijan Robinson / Chris Olave / Nick Folk / Olamide Zaccheaus / Tyler Shough,48600,48000-48900,3-3,0,84.81,111.87,120.25,136.58,0.0,0,0,FORCED_CAPTAIN
4684,Spencer Rattler,QB,Bijan Robinson / Daniel Carlson / Devaughn Vele / Juwan Johnson / Michael Penix Jr.,49800,49500-49900,2-4,1,77.49,101.77,110.36,129.0,0.0,0,1,FORCED_CAPTAIN
4685,Spencer Rattler,QB,Bijan Robinson / Daniel Carlson / Drake London / Falcons / Michael Penix Jr.,48200,48000-48900,4-2,1,76.17,102.65,110.82,124.92,0.0,0,1,FORCED_CAPTAIN
4686,Spencer Rattler,QB,Bijan Robinson / Daniel Carlson / Drake London / Juwan Johnson / Nick Folk,48400,48000-48900,3-3,0,79.1,103.58,111.29,126.16,0.0,0,0,FORCED_CAPTAIN
4687,Spencer Rattler,QB,Bijan Robinson / Daniel Carlson / Drake London / Michael Penix Jr. / Nick Folk,50000,50000,4-2,1,78.63,104.75,114.9,129.49,0.0,0,2,FORCED_CAPTAIN
4688,Spencer Rattler,QB,Bijan Robinson / Daniel Carlson / Drake London / Saints / Tyler Shough,49400,49000-49400,2-4,0,83.79,105.87,113.3,127.08,0.0,0,0,FORCED_CAPTAIN
4689,Spencer Rattler,QB,Bijan Robinson / Daniel Carlson / Juwan Johnson / Saints / Tyler Shough,46800,<48000,1-5,0,79.62,103.17,110.14,124.07,0.0,0,1,FORCED_CAPTAIN
4690,Spencer Rattler,QB,Bijan Robinson / Devaughn Vele / Drake London / Treyton Welch / Tyler Shough,48400,48000-48900,2-4,1,81.56,107.07,114.48,132.64,0.0,0,1,FORCED_CAPTAIN
4691,Spencer Rattler,QB,Bijan Robinson / Devaughn Vele / Juwan Johnson / Saints / Tyler Shough,49800,49500-49900,1-5,1,82.3,108.34,117.14,135.92,0.0,0,2,FORCED_CAPTAIN
4692,Spencer Rattler,QB,Bijan Robinson / Drake London / Juwan Johnson / Olamide Zaccheaus / Tyler Shough,49800,49500-49900,3-3,0,87.32,114.6,123.47,143.95,0.0,0,1,FORCED_CAPTAIN
4693,Spencer Rattler,QB,Bijan Robinson / Drake London / Juwan Johnson / Treyton Welch / Tyler Shough,48000,48000-48900,2-4,1,86.53,114.46,121.89,141.05,0.0,0,2,FORCED_CAPTAIN
4694,Spencer Rattler,QB,Bijan Robinson / Drake London / Michael Penix Jr. / Treyton Welch / Tyler Shough,49600,49500-49900,3-3,1,86.06,114.77,123.53,139.87,0.0,0,2,FORCED_CAPTAIN
4695,Spencer Rattler,QB,Bijan Robinson / Juwan Johnson / Michael Penix Jr. / Olamide Zaccheaus / Tyler Shough,48800,48000-48900,3-3,1,82.68,110.69,119.66,138.83,0.0,0,2,FORCED_CAPTAIN
4696,Spencer Rattler,QB,Brian Robinson Jr. / Chris Olave / Daniel Carlson / Drake London / Tyler Shough,48000,48000-48900,2-4,0,81.75,108.73,116.55,134.12,0.0,0,0,FORCED_CAPTAIN
4697,Spencer Rattler,QB,Brian Robinson Jr. / Chris Olave / Devaughn Vele / Juwan Johnson / Tyler Shough,48400,48000-48900,1-5,1,80.26,110.18,120.54,140.55,0.0,0,2,FORCED_CAPTAIN
4698,Spencer Rattler,QB,Brian Robinson Jr. / Chris Olave / Drake London / Jahan Dotson / Tyler Shough,46200,<48000,3-3,0,77.57,104.94,113.68,130.15,0.0,0,0,FORCED_CAPTAIN
4699,Spencer Rattler,QB,Brian Robinson Jr. / Chris Olave / Juwan Johnson / Michael Penix Jr. / Tyler Shough,49600,49500-49900,2-4,1,84.76,114.57,124.77,146.8,0.0,0,2,FORCED_CAPTAIN
4700,Spencer Rattler,QB,Bryce Lance / Chris Olave / Drake London / Juwan Johnson / Tyler Shough,48600,48000-48900,1-5,1,87.24,118.81,128.94,149.29,0.0,0,3,FORCED_CAPTAIN
4701,Spencer Rattler,QB,Bryce Lance / Chris Olave / Juwan Johnson / Michael Penix Jr. / Tyler Shough,47600,<48000,1-5,1,82.6,112.79,123.39,145.66,0.0,0,3,FORCED_CAPTAIN
4702,Spencer Rattler,QB,Charlie Woerner / Chris Olave / Drake London / Michael Penix Jr. / Tyler Shough,49000,49000-49400,3-3,1,84.4,114.7,125.25,143.53,0.0,0,2,FORCED_CAPTAIN
4703,Spencer Rattler,QB,Chris Olave / Daniel Carlson / Devaughn Vele / Drake London / Juwan Johnson,49800,49500-49900,1-5,1,81.74,108.74,117.15,134.4,0.0,0,2,FORCED_CAPTAIN
4704,Spencer Rattler,QB,Chris Olave / Daniel Carlson / Drake London / Michael Penix Jr. / Nick Folk,49000,49000-49400,3-3,0,78.24,104.67,113.33,129.38,0.0,0,0,FORCED_CAPTAIN
4705,Spencer Rattler,QB,Chris Olave / Daniel Carlson / Drake London / Saints / Tyler Shough,48400,48000-48900,1-5,0,83.4,108.82,117.7,133.64,0.0,0,1,FORCED_CAPTAIN
4706,Spencer Rattler,QB,Chris Olave / Devaughn Vele / Juwan Johnson / Nick Folk / Tyler Shough,50000,50000,1-5,1,83.43,114.21,124.41,145.71,0.0,0,3,FORCED_CAPTAIN
4707,Spencer Rattler,QB,Chris Olave / Drake London / Falcons / Juwan Johnson / Michael Penix Jr.,49800,49500-49900,3-3,1,83.44,112.08,121.13,139.89,0.0,0,2,FORCED_CAPTAIN
4708,Spencer Rattler,QB,Chris Olave / Drake London / Falcons / Michael Penix Jr. / Nick Folk,47800,<48000,4-2,0,75.43,101.15,109.26,125.34,0.0,0,0,FORCED_CAPTAIN
4709,Spencer Rattler,QB,Chris Olave / Drake London / Jahan Dotson / Juwan Johnson / Michael Penix Jr.,49200,49000-49400,3-3,1,82.06,111.38,122.62,141.99,0.0,0,2,FORCED_CAPTAIN
4710,Spencer Rattler,QB,Chris Olave / Drake London / Jahan Dotson / Juwan Johnson / Tyler Shough,49800,49500-49900,2-4,1,88.75,119.1,131.6,150.71,0.0,0,2,FORCED_CAPTAIN
4711,Spencer Rattler,QB,Chris Olave / Drake London / Juwan Johnson / Olamide Zaccheaus / Tyler Shough,48800,48000-48900,2-4,1,86.93,117.44,128.82,148.22,0.0,0,2,FORCED_CAPTAIN
4712,Spencer Rattler,QB,Chris Olave / Drake London / Juwan Johnson / Treyton Welch / Tyler Shough,47000,<48000,1-5,1,86.14,116.49,127.35,147.82,0.0,0,3,FORCED_CAPTAIN
4713,Spencer Rattler,QB,Chris Olave / Drake London / Michael Penix Jr. / Treyton Welch / Tyler Shough,48600,48000-48900,2-4,1,85.67,116.16,126.33,145.45,0.0,0,2,FORCED_CAPTAIN
4714,Spencer Rattler,QB,Chris Olave / Drake London / Nick Folk / Saints / Tyler Shough,49000,49000-49400,2-4,0,83.05,109.22,117.22,133.98,0.0,0,0,FORCED_CAPTAIN
4715,Spencer Rattler,QB,Chris Olave / Jahan Dotson / Juwan Johnson / Michael Penix Jr. / Tyler Shough,48800,48000-48900,2-4,1,84.1,114.62,124.58,147.71,0.0,0,2,FORCED_CAPTAIN
4716,Spencer Rattler,QB,Chris Olave / Juwan Johnson / Michael Penix Jr. / Saints / Tyler Shough,50000,50000,1-5,1,86.41,114.79,124.73,147.63,0.0,0,4,FORCED_CAPTAIN
4717,Spencer Rattler,QB,Daniel Carlson / Drake London / Juwan Johnson / Michael Penix Jr. / Tyler Shough,49800,49500-49900,2-4,0,82.79,111.6,123.02,140.42,0.0,0,1,FORCED_CAPTAIN
4718,Spencer Rattler,QB,Devaughn Vele / Drake London / Juwan Johnson / Nick Folk / Tyler Shough,49200,49000-49400,2-4,1,77.94,105.96,114.35,132.46,0.0,0,1,FORCED_CAPTAIN
4719,Spencer Rattler,QB,Drake London / Juwan Johnson / Michael Penix Jr. / Saints / Tyler Shough,49200,49000-49400,2-4,0,80.92,108.52,118.95,137.74,0.0,0,1,FORCED_CAPTAIN
4721,Treyton Welch,TE,Alvin Kamara / Bijan Robinson / Brian Robinson Jr. / Michael Penix Jr. / Tyler Shough,41500,<48000,3-3,1,85.1,110.28,119.24,131.51,0.0,0,1,FORCED_CAPTAIN
4722,Treyton Welch,TE,Alvin Kamara / Bijan Robinson / Brian Robinson Jr. / Saints / Tyler Shough,36700,<48000,2-4,1,76.04,95.22,102.17,116.41,0.0,0,1,FORCED_CAPTAIN
4723,Treyton Welch,TE,Alvin Kamara / Bijan Robinson / Chris Olave / Daniel Carlson / Falcons,38300,<48000,2-4,0,82.07,103.0,109.85,124.71,0.0,0,0,FORCED_CAPTAIN
4725,Treyton Welch,TE,Alvin Kamara / Bijan Robinson / Chris Olave / Daniel Carlson / Nick Folk,40100,<48000,2-4,0,84.53,107.38,114.61,131.62,0.0,0,0,FORCED_CAPTAIN
4727,Treyton Welch,TE,Alvin Kamara / Bijan Robinson / Chris Olave / Devaughn Vele / Saints,41900,<48000,1-5,0,85.69,108.27,115.11,130.54,0.0,0,1,FORCED_CAPTAIN
4737,Treyton Welch,TE,Alvin Kamara / Bijan Robinson / Daniel Carlson / Devaughn Vele / Tyler Shough,41300,<48000,1-5,1,84.12,107.92,114.77,132.5,0.0,0,2,FORCED_CAPTAIN
4739,Treyton Welch,TE,Alvin Kamara / Bijan Robinson / Daniel Carlson / Juwan Johnson / Saints,35500,<48000,1-5,0,73.34,93.06,98.67,111.88,0.0,0,1,FORCED_CAPTAIN
4743,Treyton Welch,TE,Alvin Kamara / Bijan Robinson / Drake London / Falcons / Michael Penix Jr.,41700,<48000,4-2,1,83.77,110.3,118.27,132.65,0.0,0,1,FORCED_CAPTAIN
4748,Treyton Welch,TE,Alvin Kamara / Bijan Robinson / Falcons / Juwan Johnson / Tyler Shough,39700,<48000,2-4,1,86.28,111.49,119.78,133.59,0.0,0,1,FORCED_CAPTAIN
4750,Treyton Welch,TE,Alvin Kamara / Chris Olave / Daniel Carlson / Juwan Johnson / Nick Folk,35700,<48000,1-5,0,74.47,96.63,103.57,119.0,0.0,0,1,FORCED_CAPTAIN
4754,Treyton Welch,TE,Alvin Kamara / Chris Olave / Falcons / Juwan Johnson / Michael Penix Jr.,38100,<48000,2-4,0,79.2,101.82,110.46,125.58,0.0,0,0,FORCED_CAPTAIN
4757,Treyton Welch,TE,Alvin Kamara / Devaughn Vele / Drake London / Juwan Johnson / Tyler Shough,42100,<48000,1-5,1,85.89,115.71,125.41,142.98,0.0,0,2,FORCED_CAPTAIN
4758,Treyton Welch,TE,Alvin Kamara / Drake London / Juwan Johnson / Michael Penix Jr. / Tyler Shough,43300,<48000,2-4,1,90.39,121.44,132.7,149.02,0.0,0,2,FORCED_CAPTAIN
4759,Treyton Welch,TE,Alvin Kamara / Drake London / Juwan Johnson / Saints / Tyler Shough,38500,<48000,1-5,1,81.33,107.72,116.87,131.6,0.0,0,2,FORCED_CAPTAIN
4760,Treyton Welch,TE,Alvin Kamara / Juwan Johnson / Michael Penix Jr. / Nick Folk / Tyler Shough,38700,<48000,2-4,1,78.21,104.05,113.75,128.08,0.0,0,1,FORCED_CAPTAIN
4763,Treyton Welch,TE,Austin Hooper / Bijan Robinson / Falcons / Juwan Johnson / Michael Penix Jr.,34900,<48000,4-2,1,69.6,92.46,100.61,115.72,0.0,0,1,FORCED_CAPTAIN
4768,Treyton Welch,TE,Bijan Robinson / Brian Robinson Jr. / Daniel Carlson / Juwan Johnson / Tyler Shough,37700,<48000,2-4,1,80.26,105.39,113.58,128.14,0.0,0,1,FORCED_CAPTAIN
4769,Treyton Welch,TE,Bijan Robinson / Bryce Lance / Chris Olave / Daniel Carlson / Tyler Shough,39100,<48000,1-5,1,87.76,114.13,123.56,143.23,0.0,0,2,FORCED_CAPTAIN
4770,Treyton Welch,TE,Bijan Robinson / Bryce Lance / Chris Olave / Michael Penix Jr. / Tyler Shough,43300,<48000,2-4,1,94.95,124.39,135.94,155.86,0.0,0,2,FORCED_CAPTAIN
4772,Treyton Welch,TE,Bijan Robinson / Chris Olave / Daniel Carlson / Drake London / Falcons,41300,<48000,3-3,0,88.6,114.65,122.8,136.13,0.0,0,0,FORCED_CAPTAIN
4775,Treyton Welch,TE,Bijan Robinson / Chris Olave / Daniel Carlson / Drake London / Saints,41900,<48000,2-4,0,89.54,114.4,122.69,137.06,0.0,0,0,FORCED_CAPTAIN
4799,Treyton Welch,TE,Bijan Robinson / Chris Olave / Falcons / Michael Penix Jr. / Saints,39700,<48000,3-3,0,82.09,104.65,111.94,123.49,0.0,0,0,FORCED_CAPTAIN
4806,Treyton Welch,TE,Bijan Robinson / Chris Olave / Michael Penix Jr. / Nick Folk / Saints,41500,<48000,3-3,0,84.55,106.72,114.15,128.84,0.0,0,0,FORCED_CAPTAIN
4809,Treyton Welch,TE,Bijan Robinson / Chris Olave / Nick Folk / Saints / Tyler Shough,42100,<48000,2-4,1,91.23,116.71,124.99,144.5,0.0,0,1,FORCED_CAPTAIN
4812,Treyton Welch,TE,Bijan Robinson / Daniel Carlson / Juwan Johnson / Saints / Tyler Shough,38100,<48000,1-5,1,81.91,105.68,114.26,127.15,0.0,0,2,FORCED_CAPTAIN
4813,Treyton Welch,TE,Bijan Robinson / Devaughn Vele / Drake London / Falcons / Michael Penix Jr.,42500,<48000,4-2,1,81.16,108.72,117.4,132.86,0.0,0,1,FORCED_CAPTAIN
4814,Treyton Welch,TE,Bijan Robinson / Devaughn Vele / Drake London / Falcons / Tyler Shough,43100,<48000,3-3,1,87.84,112.67,121.47,137.05,0.0,0,1,FORCED_CAPTAIN
4817,Treyton Welch,TE,Bijan Robinson / Devaughn Vele / Falcons / Juwan Johnson / Tyler Shough,40500,<48000,2-4,1,83.66,109.29,118.63,136.94,0.0,0,1,FORCED_CAPTAIN
4822,Treyton Welch,TE,Bijan Robinson / Juwan Johnson / Michael Penix Jr. / Saints / Tyler Shough,42300,<48000,2-4,1,89.1,115.23,124.52,138.59,0.0,0,2,FORCED_CAPTAIN
4832,Treyton Welch,TE,Chris Olave / Drake London / Juwan Johnson / Kevin Austin Jr. / Tyler Shough,38900,<48000,1-5,1,87.58,118.77,128.42,151.34,0.0,0,3,FORCED_CAPTAIN
4836,Treyton Welch,TE,Chris Olave / Falcons / Juwan Johnson / Michael Penix Jr. / Tyler Shough,40700,<48000,2-4,1,87.77,116.05,126.95,149.7,0.0,0,2,FORCED_CAPTAIN
4837,Treyton Welch,TE,Daniel Carlson / Drake London / Juwan Johnson / Michael Penix Jr. / Tyler Shough,41100,<48000,2-4,1,85.09,113.95,124.99,144.27,0.0,0,2,FORCED_CAPTAIN
4839,Treyton Welch,TE,Drake London / Falcons / Juwan Johnson / Michael Penix Jr. / Tyler Shough,39900,<48000,3-3,1,82.28,109.59,119.82,138.16,0.0,0,2,FORCED_CAPTAIN
4840,Tua Tagovailoa,QB,Alvin Kamara / Austin Hooper / Bijan Robinson / Chris Olave / Devaughn Vele,49200,49000-49400,3-3,1,80.49,104.15,111.2,127.77,0.0,0,1,FORCED_CAPTAIN
4841,Tua Tagovailoa,QB,Alvin Kamara / Austin Hooper / Bijan Robinson / Chris Olave / Juwan Johnson,48800,48000-48900,3-3,1,85.46,110.05,118.18,138.3,0.0,0,1,FORCED_CAPTAIN
4842,Tua Tagovailoa,QB,Alvin Kamara / Austin Hooper / Bijan Robinson / Drake London / Michael Penix Jr.,49600,49500-49900,5-1,1,79.5,106.57,115.8,129.64,0.0,0,2,FORCED_CAPTAIN
4843,Tua Tagovailoa,QB,Alvin Kamara / Austin Hooper / Bijan Robinson / Michael Penix Jr. / Tyler Shough,49200,49000-49400,4-2,1,81.54,107.39,115.02,129.22,0.0,0,1,FORCED_CAPTAIN
4844,Tua Tagovailoa,QB,Alvin Kamara / Austin Hooper / Chris Olave / Drake London / Tyler Shough,49200,49000-49400,3-3,1,85.79,114.31,124.86,139.66,0.0,0,1,FORCED_CAPTAIN
4845,Tua Tagovailoa,QB,Alvin Kamara / Bijan Robinson / Brian Robinson Jr. / Bryce Lance / Tyler Shough,43000,<48000,3-3,1,69.84,91.23,97.67,112.45,0.0,0,1,FORCED_CAPTAIN
4846,Tua Tagovailoa,QB,Alvin Kamara / Bijan Robinson / Brian Robinson Jr. / Chris Olave / Nick Folk,47800,<48000,4-2,1,78.63,101.39,108.31,123.77,0.0,0,1,FORCED_CAPTAIN
4847,Tua Tagovailoa,QB,Alvin Kamara / Bijan Robinson / Bryce Lance / Chris Olave / Tyler Shough,50000,50000,2-4,1,90.69,118.44,127.0,147.31,0.0,0,2,FORCED_CAPTAIN
4848,Tua Tagovailoa,QB,Alvin Kamara / Bijan Robinson / Bryce Lance / Drake London / Tyler Shough,49200,49000-49400,3-3,1,85.2,110.6,118.23,133.27,0.0,0,1,FORCED_CAPTAIN
4849,Tua Tagovailoa,QB,Alvin Kamara / Bijan Robinson / Cal Adomitis / Chris Olave / Drake London,48800,48000-48900,3-3,1,86.26,111.61,120.34,133.42,0.0,0,1,FORCED_CAPTAIN
4850,Tua Tagovailoa,QB,Alvin Kamara / Bijan Robinson / Cal Adomitis / Drake London / Michael Penix Jr.,47000,<48000,4-2,1,76.12,102.54,111.15,124.75,0.0,0,1,FORCED_CAPTAIN
4851,Tua Tagovailoa,QB,Alvin Kamara / Bijan Robinson / Chris Olave / Daniel Carlson / Nick Folk,48800,48000-48900,3-3,0,82.15,104.69,111.54,127.31,0.0,0,0,FORCED_CAPTAIN
4852,Tua Tagovailoa,QB,Alvin Kamara / Bijan Robinson / Chris Olave / Devaughn Vele / Falcons,50000,50000,3-3,0,82.38,105.43,112.28,127.12,0.0,0,1,FORCED_CAPTAIN
4853,Tua Tagovailoa,QB,Alvin Kamara / Bijan Robinson / Chris Olave / Falcons / Juwan Johnson,49600,49500-49900,3-3,0,87.35,111.14,118.56,138.21,0.0,0,0,FORCED_CAPTAIN
4854,Tua Tagovailoa,QB,Alvin Kamara / Bijan Robinson / Chris Olave / Falcons / Nick Folk,47600,<48000,4-2,0,79.34,101.41,108.74,123.07,0.0,0,0,FORCED_CAPTAIN
4855,Tua Tagovailoa,QB,Alvin Kamara / Bijan Robinson / Chris Olave / Falcons / Saints,46400,<48000,3-3,0,77.82,98.28,103.65,119.68,0.0,0,0,FORCED_CAPTAIN
4856,Tua Tagovailoa,QB,Alvin Kamara / Bijan Robinson / Chris Olave / Kyle Pitts Sr. / Nick Folk,49800,49500-49900,4-2,1,78.91,101.89,109.32,125.65,0.0,0,1,FORCED_CAPTAIN
4857,Tua Tagovailoa,QB,Alvin Kamara / Bijan Robinson / Chris Olave / Treyton Welch / Tyler Shough,48400,48000-48900,2-4,1,89.58,116.13,125.89,147.19,0.0,0,1,FORCED_CAPTAIN
4858,Tua Tagovailoa,QB,Alvin Kamara / Bijan Robinson / Daniel Carlson / Devaughn Vele / Tyler Shough,50000,50000,2-4,1,81.73,105.19,111.48,127.78,0.0,0,2,FORCED_CAPTAIN
4859,Tua Tagovailoa,QB,Alvin Kamara / Bijan Robinson / Daniel Carlson / Drake London / Juwan Johnson,50000,50000,3-3,1,84.66,108.73,116.5,131.77,0.0,0,2,FORCED_CAPTAIN
4860,Tua Tagovailoa,QB,Alvin Kamara / Bijan Robinson / Daniel Carlson / Falcons / Saints,40400,<48000,3-3,0,60.5,76.89,81.72,91.48,0.0,0,0,FORCED_CAPTAIN
4861,Tua Tagovailoa,QB,Alvin Kamara / Bijan Robinson / Daniel Carlson / Juwan Johnson / Tyler Shough,49600,49500-49900,2-4,1,86.7,112.8,121.28,135.34,0.0,0,1,FORCED_CAPTAIN
4862,Tua Tagovailoa,QB,Alvin Kamara / Bijan Robinson / Drake London / Falcons / Juwan Johnson,48800,48000-48900,4-2,1,81.86,104.96,112.43,125.66,0.0,0,1,FORCED_CAPTAIN
4863,Tua Tagovailoa,QB,Alvin Kamara / Bijan Robinson / Drake London / Falcons / Nick Folk,46800,<48000,5-1,1,73.85,94.76,101.86,113.32,0.0,0,2,FORCED_CAPTAIN
4864,Tua Tagovailoa,QB,Alvin Kamara / Bijan Robinson / Drake London / Jahan Dotson / Michael Penix Jr.,49800,49500-49900,5-1,1,80.02,107.67,116.42,130.73,0.0,0,2,FORCED_CAPTAIN
4865,Tua Tagovailoa,QB,Alvin Kamara / Bijan Robinson / Falcons / Michael Penix Jr. / Tyler Shough,50000,50000,4-2,0,83.43,106.22,113.8,124.99,0.0,0,1,FORCED_CAPTAIN
4866,Tua Tagovailoa,QB,Alvin Kamara / Bijan Robinson / Jahan Dotson / Juwan Johnson / Tyler Shough,47800,<48000,3-3,1,82.52,108.94,117.55,132.18,0.0,0,1,FORCED_CAPTAIN
4867,Tua Tagovailoa,QB,Alvin Kamara / Bijan Robinson / Jahan Dotson / Michael Penix Jr. / Tyler Shough,49400,49000-49400,4-2,1,82.05,107.36,116.68,130.27,0.0,0,1,FORCED_CAPTAIN
4868,Tua Tagovailoa,QB,Alvin Kamara / Bijan Robinson / Juwan Johnson / Saints / Tyler Shough,49000,49000-49400,2-4,1,84.83,109.7,116.62,133.87,0.0,0,1,FORCED_CAPTAIN
4869,Tua Tagovailoa,QB,Alvin Kamara / Chris Olave / Daniel Carlson / Devaughn Vele / Tyler Shough,49000,49000-49400,1-5,1,81.34,107.92,116.31,131.98,0.0,0,2,FORCED_CAPTAIN
4870,Tua Tagovailoa,QB,Alvin Kamara / Chris Olave / Daniel Carlson / Kyle Pitts Sr. / Tyler Shough,47000,<48000,2-4,1,75.41,99.59,107.21,126.14,0.0,0,1,FORCED_CAPTAIN
4871,Tua Tagovailoa,QB,Alvin Kamara / Chris Olave / Drake London / Falcons / Tyler Shough,50000,50000,3-3,1,87.68,114.13,122.43,140.25,0.0,0,2,FORCED_CAPTAIN
4872,Tua Tagovailoa,QB,Alvin Kamara / Chris Olave / Drake London / Juwan Johnson / Nick Folk,49600,49500-49900,3-3,0,83.92,109.57,119.26,133.04,0.0,0,0,FORCED_CAPTAIN
4873,Tua Tagovailoa,QB,Alvin Kamara / Chris Olave / Drake London / Michael Penix Jr. / Olamide Zaccheaus,47800,<48000,4-2,1,77.8,104.95,114.56,130.83,0.0,0,1,FORCED_CAPTAIN
4874,Tua Tagovailoa,QB,Alvin Kamara / Chris Olave / Drake London / Michael Penix Jr. / Saints,50000,50000,3-3,0,81.93,107.38,117.2,130.88,0.0,0,1,FORCED_CAPTAIN
4875,Tua Tagovailoa,QB,Alvin Kamara / Chris Olave / Falcons / Juwan Johnson / Tyler Shough,47400,<48000,2-4,1,83.5,109.43,118.74,142.3,0.0,0,1,FORCED_CAPTAIN
4876,Tua Tagovailoa,QB,Alvin Kamara / Chris Olave / Juwan Johnson / Nick Folk / Tyler Shough,49200,49000-49400,2-4,1,85.96,114.21,124.61,148.15,0.0,0,1,FORCED_CAPTAIN
4877,Tua Tagovailoa,QB,Alvin Kamara / Chris Olave / Juwan Johnson / Saints / Tyler Shough,48000,48000-48900,1-5,1,84.44,112.19,120.82,143.43,0.0,0,2,FORCED_CAPTAIN
4878,Tua Tagovailoa,QB,Alvin Kamara / Drake London / Juwan Johnson / Saints / Tyler Shough,47200,<48000,2-4,1,78.95,104.8,112.71,128.2,0.0,0,1,FORCED_CAPTAIN
4879,Tua Tagovailoa,QB,Alvin Kamara / Drake London / Michael Penix Jr. / Saints / Tyler Shough,48800,48000-48900,3-3,0,78.48,104.46,112.3,127.16,0.0,0,0,FORCED_CAPTAIN
4880,Tua Tagovailoa,QB,Austin Hooper / Bijan Robinson / Chris Olave / Drake London / Saints,48600,48000-48900,4-2,1,82.46,106.32,113.9,126.5,0.0,0,1,FORCED_CAPTAIN
4881,Tua Tagovailoa,QB,Austin Hooper / Bijan Robinson / Chris Olave / Nick Folk / Tyler Shough,49400,49000-49400,4-2,1,86.03,113.32,121.11,139.5,0.0,0,1,FORCED_CAPTAIN
4882,Tua Tagovailoa,QB,Austin Hooper / Bijan Robinson / Drake London / Juwan Johnson / Michael Penix Jr.,50000,50000,5-1,1,81.86,110.55,120.75,137.69,0.0,0,4,FORCED_CAPTAIN
4883,Tua Tagovailoa,QB,Austin Hooper / Bijan Robinson / Drake London / Nick Folk / Tyler Shough,48600,48000-48900,5-1,1,80.54,104.69,110.9,123.72,0.0,0,2,FORCED_CAPTAIN
4884,Tua Tagovailoa,QB,Austin Hooper / Bijan Robinson / Juwan Johnson / Michael Penix Jr. / Tyler Shough,49600,49500-49900,4-2,1,83.9,112.18,120.95,138.62,0.0,0,2,FORCED_CAPTAIN
4885,Tua Tagovailoa,QB,Austin Hooper / Chris Olave / Devaughn Vele / Drake London / Tyler Shough,50000,50000,3-3,1,83.18,113.3,122.16,139.91,0.0,0,2,FORCED_CAPTAIN
4886,Tua Tagovailoa,QB,Austin Hooper / Chris Olave / Drake London / Juwan Johnson / Tyler Shough,49600,49500-49900,3-3,1,88.15,118.8,130.03,150.6,0.0,0,2,FORCED_CAPTAIN
4887,Tua Tagovailoa,QB,Austin Hooper / Chris Olave / Juwan Johnson / Michael Penix Jr. / Tyler Shough,48600,48000-48900,3-3,1,83.5,113.84,124.49,146.51,0.0,0,2,FORCED_CAPTAIN
4888,Tua Tagovailoa,QB,Austin Hooper / Devaughn Vele / Drake London / Michael Penix Jr. / Tyler Shough,48200,48000-48900,4-2,1,73.05,101.81,109.87,127.6,0.0,0,1,FORCED_CAPTAIN
4889,Tua Tagovailoa,QB,Austin Hooper / Drake London / Juwan Johnson / Saints / Tyler Shough,43000,<48000,3-3,1,68.95,93.26,102.43,115.79,0.0,0,1,FORCED_CAPTAIN
4890,Tua Tagovailoa,QB,Barion Brown / Bijan Robinson / Devaughn Vele / Michael Penix Jr. / Tyler Shough,48400,48000-48900,3-3,1,75.47,100.55,108.51,124.93,0.0,0,1,FORCED_CAPTAIN
4891,Tua Tagovailoa,QB,Bijan Robinson / Brian Robinson Jr. / Bryce Lance / Chris Olave / Tyler Shough,46800,<48000,3-3,1,81.86,108.71,117.58,137.37,0.0,0,1,FORCED_CAPTAIN
4892,Tua Tagovailoa,QB,Bijan Robinson / Brian Robinson Jr. / Chris Olave / Daniel Carlson / Tyler Shough,49800,49500-49900,3-3,1,87.55,113.71,121.8,140.35,0.0,0,1,FORCED_CAPTAIN
4893,Tua Tagovailoa,QB,Bijan Robinson / Brian Robinson Jr. / Chris Olave / Falcons / Tyler Shough,48600,48000-48900,4-2,1,84.74,110.6,117.18,140.74,0.0,0,1,FORCED_CAPTAIN
4894,Tua Tagovailoa,QB,Bijan Robinson / Brian Robinson Jr. / Chris Olave / Jahan Dotson / Tyler Shough,48000,48000-48900,4-2,1,83.37,110.62,117.86,138.36,0.0,0,1,FORCED_CAPTAIN
4895,Tua Tagovailoa,QB,Bijan Robinson / Brian Robinson Jr. / Chris Olave / Michael Penix Jr. / Nick Folk,49800,49500-49900,5-1,1,80.52,105.59,113.29,126.87,0.0,0,2,FORCED_CAPTAIN
4896,Tua Tagovailoa,QB,Bijan Robinson / Bryce Lance / Chris Olave / Juwan Johnson / Michael Penix Jr.,49800,49500-49900,3-3,0,86.36,114.12,122.77,139.89,0.0,0,1,FORCED_CAPTAIN
4897,Tua Tagovailoa,QB,Bijan Robinson / Bryce Lance / Chris Olave / Nick Folk / Tyler Shough,48400,48000-48900,3-3,1,85.04,112.69,120.94,140.32,0.0,0,1,FORCED_CAPTAIN
4898,Tua Tagovailoa,QB,Bijan Robinson / CJ Donaldson / Chris Olave / Juwan Johnson / Tyler Shough,50000,50000,2-4,1,90.79,120.5,129.41,152.26,0.0,0,3,FORCED_CAPTAIN
4899,Tua Tagovailoa,QB,Bijan Robinson / Cal Adomitis / Chris Olave / Juwan Johnson / Tyler Shough,48800,48000-48900,2-4,1,90.65,120.47,129.71,152.18,0.0,0,2,FORCED_CAPTAIN
4900,Tua Tagovailoa,QB,Bijan Robinson / Charlie Woerner / Chris Olave / Juwan Johnson / Tyler Shough,49200,49000-49400,3-3,1,90.67,120.52,128.87,152.18,0.0,0,2,FORCED_CAPTAIN
4901,Tua Tagovailoa,QB,Bijan Robinson / Chris Blair / Chris Olave / Drake London / Kyle Pitts Sr.,48400,48000-48900,5-1,1,77.49,102.42,111.48,125.75,0.0,0,2,FORCED_CAPTAIN
4902,Tua Tagovailoa,QB,Bijan Robinson / Chris Olave / Daniel Carlson / Drake London / Falcons,50000,50000,4-2,1,86.22,111.6,120.35,132.71,0.0,0,2,FORCED_CAPTAIN
4903,Tua Tagovailoa,QB,Bijan Robinson / Chris Olave / Daniel Carlson / Drake London / Jahan Dotson,49400,49000-49400,4-2,1,84.85,110.19,119.51,134.13,0.0,0,1,FORCED_CAPTAIN
4904,Tua Tagovailoa,QB,Bijan Robinson / Chris Olave / Daniel Carlson / Falcons / Michael Penix Jr.,49000,49000-49400,4-2,0,81.58,105.62,113.14,126.03,0.0,0,0,FORCED_CAPTAIN
4905,Tua Tagovailoa,QB,Bijan Robinson / Chris Olave / Daniel Carlson / Falcons / Tyler Shough,49600,49500-49900,3-3,0,88.26,113.54,120.51,138.27,0.0,0,0,FORCED_CAPTAIN
4906,Tua Tagovailoa,QB,Bijan Robinson / Chris Olave / Daniel Carlson / Juwan Johnson / Nick Folk,49200,49000-49400,3-3,0,84.5,109.34,117.12,130.73,0.0,0,0,FORCED_CAPTAIN
4907,Tua Tagovailoa,QB,Bijan Robinson / Chris Olave / Daniel Carlson / Michael Penix Jr. / Saints,49600,49500-49900,3-3,0,82.51,105.05,113.02,124.66,0.0,0,0,FORCED_CAPTAIN
4908,Tua Tagovailoa,QB,Bijan Robinson / Chris Olave / Devaughn Vele / Treyton Welch / Tyler Shough,49200,49000-49400,2-4,1,86.97,115.72,125.33,144.68,0.0,0,1,FORCED_CAPTAIN
4909,Tua Tagovailoa,QB,Bijan Robinson / Chris Olave / Drake London / Falcons / Jahan Dotson,48200,48000-48900,5-1,1,82.04,107.06,115.7,128.15,0.0,0,2,FORCED_CAPTAIN
4910,Tua Tagovailoa,QB,Bijan Robinson / Chris Olave / Drake London / Falcons / Saints,49400,49000-49400,4-2,1,84.35,108.23,115.49,127.89,0.0,0,1,FORCED_CAPTAIN
4911,Tua Tagovailoa,QB,Bijan Robinson / Chris Olave / Drake London / Juwan Johnson / Kevin Austin Jr.,49800,49500-49900,3-3,1,89.04,116.51,125.85,141.48,0.0,0,2,FORCED_CAPTAIN
4912,Tua Tagovailoa,QB,Bijan Robinson / Chris Olave / Falcons / Juwan Johnson / Nick Folk,48000,48000-48900,4-2,0,81.7,106.26,113.96,129.82,0.0,0,0,FORCED_CAPTAIN
4913,Tua Tagovailoa,QB,Bijan Robinson / Chris Olave / Falcons / Juwan Johnson / Saints,46800,<48000,3-3,0,80.17,102.62,109.69,126.23,0.0,0,0,FORCED_CAPTAIN
4914,Tua Tagovailoa,QB,Bijan Robinson / Chris Olave / Falcons / Saints / Tyler Shough,49000,49000-49400,3-3,0,86.39,110.49,117.77,137.91,0.0,0,0,FORCED_CAPTAIN
4915,Tua Tagovailoa,QB,Bijan Robinson / Chris Olave / Jahan Dotson / Nick Folk / Tyler Shough,49600,49500-49900,4-2,1,86.54,114.05,121.71,139.42,0.0,0,1,FORCED_CAPTAIN
4916,Tua Tagovailoa,QB,Bijan Robinson / Chris Olave / Juwan Johnson / Kendre Miller / Kyle Pitts Sr.,49800,49500-49900,3-3,1,76.89,101.46,111.02,123.41,0.0,0,1,FORCED_CAPTAIN
4917,Tua Tagovailoa,QB,Bijan Robinson / Chris Olave / Juwan Johnson / Kevin Austin Jr. / Tyler Shough,49400,49000-49400,2-4,1,91.08,121.16,130.75,153.02,0.0,0,2,FORCED_CAPTAIN
4918,Tua Tagovailoa,QB,Bijan Robinson / Chris Olave / Juwan Johnson / Michael Penix Jr. / Olamide Zaccheaus,50000,50000,4-2,1,86.04,113.79,122.85,140.36,0.0,0,3,FORCED_CAPTAIN
4919,Tua Tagovailoa,QB,Bijan Robinson / Chris Olave / Juwan Johnson / Treyton Welch / Tyler Shough,48800,48000-48900,2-4,1,91.94,122.14,131.52,152.22,0.0,0,2,FORCED_CAPTAIN
4920,Tua Tagovailoa,QB,Bijan Robinson / Chris Olave / Nick Folk / Olamide Zaccheaus / Tyler Shough,48600,48000-48900,4-2,1,84.72,111.87,120.21,136.45,0.0,0,1,FORCED_CAPTAIN
4921,Tua Tagovailoa,QB,Bijan Robinson / Daniel Carlson / Devaughn Vele / Juwan Johnson / Michael Penix Jr.,49800,49500-49900,3-3,0,77.41,101.7,110.2,129.0,0.0,0,0,FORCED_CAPTAIN
4922,Tua Tagovailoa,QB,Bijan Robinson / Daniel Carlson / Drake London / Juwan Johnson / Nick Folk,48400,48000-48900,4-2,1,79.02,103.58,111.14,124.93,0.0,0,1,FORCED_CAPTAIN
4923,Tua Tagovailoa,QB,Bijan Robinson / Daniel Carlson / Juwan Johnson / Nick Folk / Tyler Shough,48000,48000-48900,3-3,0,81.05,106.55,113.87,126.98,0.0,0,0,FORCED_CAPTAIN
4924,Tua Tagovailoa,QB,Bijan Robinson / Daniel Carlson / Michael Penix Jr. / Saints / Tyler Shough,48400,48000-48900,3-3,0,79.06,100.0,107.91,119.56,0.0,0,0,FORCED_CAPTAIN
4925,Tua Tagovailoa,QB,Bijan Robinson / Devaughn Vele / Drake London / Treyton Welch / Tyler Shough,48400,48000-48900,3-3,1,81.48,107.07,114.48,132.76,0.0,0,1,FORCED_CAPTAIN
4926,Tua Tagovailoa,QB,Bijan Robinson / Devaughn Vele / Falcons / Juwan Johnson / Tyler Shough,49200,49000-49400,3-3,1,81.28,107.53,115.33,131.38,0.0,0,1,FORCED_CAPTAIN
4927,Tua Tagovailoa,QB,Bijan Robinson / Devaughn Vele / Juwan Johnson / Saints / Tyler Shough,49800,49500-49900,2-4,1,82.22,108.17,116.79,135.92,0.0,0,1,FORCED_CAPTAIN
4928,Tua Tagovailoa,QB,Bijan Robinson / Drake London / Falcons / Kyle Pitts Sr. / Tyler Shough,49800,49500-49900,5-1,1,79.53,102.18,108.83,122.9,0.0,0,2,FORCED_CAPTAIN
4929,Tua Tagovailoa,QB,Bijan Robinson / Drake London / Falcons / Saints / Tyler Shough,48200,48000-48900,4-2,1,80.9,102.24,108.48,118.96,0.0,0,1,FORCED_CAPTAIN
4930,Tua Tagovailoa,QB,Bijan Robinson / Drake London / Juwan Johnson / Kevin Austin Jr. / Tyler Shough,48600,48000-48900,3-3,1,85.59,113.75,120.89,139.68,0.0,0,2,FORCED_CAPTAIN
4931,Tua Tagovailoa,QB,Bijan Robinson / Drake London / Juwan Johnson / Olamide Zaccheaus / Tyler Shough,49800,49500-49900,4-2,1,87.23,114.62,123.34,143.87,0.0,0,2,FORCED_CAPTAIN
4932,Tua Tagovailoa,QB,Bijan Robinson / Drake London / Juwan Johnson / Treyton Welch / Tyler Shough,48000,48000-48900,3-3,1,86.45,114.38,121.8,141.05,0.0,0,2,FORCED_CAPTAIN
4933,Tua Tagovailoa,QB,Bijan Robinson / Drake London / Michael Penix Jr. / Treyton Welch / Tyler Shough,49600,49500-49900,4-2,1,85.98,114.64,123.43,139.87,0.0,0,2,FORCED_CAPTAIN
4934,Tua Tagovailoa,QB,Bijan Robinson / Jahan Dotson / Juwan Johnson / Michael Penix Jr. / Tyler Shough,49800,49500-49900,4-2,1,84.41,112.4,122.27,140.8,0.0,0,2,FORCED_CAPTAIN
4935,Tua Tagovailoa,QB,Bijan Robinson / Juwan Johnson / Michael Penix Jr. / Olamide Zaccheaus / Tyler Shough,48800,48000-48900,4-2,1,82.59,110.7,119.66,138.72,0.0,0,2,FORCED_CAPTAIN
4936,Tua Tagovailoa,QB,Brian Robinson Jr. / Chris Olave / Devaughn Vele / Juwan Johnson / Tyler Shough,48400,48000-48900,2-4,1,80.18,109.89,120.0,141.67,0.0,0,1,FORCED_CAPTAIN
4937,Tua Tagovailoa,QB,Brian Robinson Jr. / Chris Olave / Drake London / Juwan Johnson / Michael Penix Jr.,50000,50000,4-2,1,82.64,111.61,122.55,141.28,0.0,0,3,FORCED_CAPTAIN
4938,Tua Tagovailoa,QB,Brian Robinson Jr. / Chris Olave / Drake London / Nick Folk / Tyler Shough,48600,48000-48900,4-2,1,81.32,108.72,115.89,133.25,0.0,0,1,FORCED_CAPTAIN
4939,Tua Tagovailoa,QB,Bryce Lance / Chris Olave / Drake London / Juwan Johnson / Tyler Shough,48600,48000-48900,2-4,1,87.16,118.73,128.51,149.29,0.0,0,2,FORCED_CAPTAIN
4940,Tua Tagovailoa,QB,Chris Olave / Daniel Carlson / Devaughn Vele / Drake London / Juwan Johnson,49800,49500-49900,2-4,0,81.66,108.64,116.92,133.44,0.0,0,0,FORCED_CAPTAIN
4941,Tua Tagovailoa,QB,Chris Olave / Daniel Carlson / Devaughn Vele / Juwan Johnson / Tyler Shough,49400,49000-49400,1-5,1,83.7,112.4,123.26,142.25,0.0,0,2,FORCED_CAPTAIN
4942,Tua Tagovailoa,QB,Chris Olave / Daniel Carlson / Drake London / Kendre Miller / Tyler Shough,49200,49000-49400,2-4,1,80.47,107.13,116.6,131.4,0.0,0,1,FORCED_CAPTAIN
4943,Tua Tagovailoa,QB,Chris Olave / Daniel Carlson / Drake London / Kyle Pitts Sr. / Tyler Shough,50000,50000,3-3,1,81.94,109.55,116.98,134.05,0.0,0,2,FORCED_CAPTAIN
4944,Tua Tagovailoa,QB,Chris Olave / Daniel Carlson / Drake London / Michael Penix Jr. / Nick Folk,49000,49000-49400,4-2,0,78.15,104.89,113.25,129.37,0.0,0,0,FORCED_CAPTAIN
4945,Tua Tagovailoa,QB,Chris Olave / Daniel Carlson / Drake London / Saints / Tyler Shough,48400,48000-48900,2-4,0,83.31,108.85,117.68,133.45,0.0,0,0,FORCED_CAPTAIN
4946,Tua Tagovailoa,QB,Chris Olave / Devaughn Vele / Drake London / Olamide Zaccheaus / Tyler Shough,49200,49000-49400,3-3,1,81.87,111.32,121.39,138.69,0.0,0,1,FORCED_CAPTAIN
4947,Tua Tagovailoa,QB,Chris Olave / Devaughn Vele / Jahan Dotson / Michael Penix Jr. / Tyler Shough,49200,49000-49400,3-3,1,79.05,108.56,118.27,137.16,0.0,0,1,FORCED_CAPTAIN
4948,Tua Tagovailoa,QB,Chris Olave / Devaughn Vele / Juwan Johnson / Nick Folk / Tyler Shough,50000,50000,2-4,1,83.35,114.13,124.37,145.65,0.0,0,2,FORCED_CAPTAIN
4949,Tua Tagovailoa,QB,Chris Olave / Devaughn Vele / Juwan Johnson / Saints / Tyler Shough,48800,48000-48900,1-5,1,81.82,110.57,121.1,143.69,0.0,0,2,FORCED_CAPTAIN
4950,Tua Tagovailoa,QB,Chris Olave / Drake London / Falcons / Juwan Johnson / Michael Penix Jr.,49800,49500-49900,4-2,0,83.35,111.76,120.83,139.89,0.0,0,1,FORCED_CAPTAIN
4951,Tua Tagovailoa,QB,Chris Olave / Drake London / Jahan Dotson / Juwan Johnson / Tyler Shough,49800,49500-49900,3-3,1,88.66,118.99,131.51,150.71,0.0,0,2,FORCED_CAPTAIN
4952,Tua Tagovailoa,QB,Chris Olave / Drake London / Juwan Johnson / Olamide Zaccheaus / Tyler Shough,48800,48000-48900,3-3,1,86.84,117.02,128.58,148.22,0.0,0,2,FORCED_CAPTAIN
4953,Tua Tagovailoa,QB,Chris Olave / Drake London / Juwan Johnson / Treyton Welch / Tyler Shough,47000,<48000,2-4,1,86.05,116.34,127.08,147.82,0.0,0,2,FORCED_CAPTAIN
4954,Tua Tagovailoa,QB,Chris Olave / Drake London / Kyle Pitts Sr. / Michael Penix Jr. / Saints,48800,48000-48900,4-2,1,73.39,98.73,107.31,124.56,0.0,0,1,FORCED_CAPTAIN
4955,Tua Tagovailoa,QB,Chris Olave / Jahan Dotson / Juwan Johnson / Michael Penix Jr. / Tyler Shough,48800,48000-48900,3-3,1,84.01,114.62,124.5,147.71,0.0,0,2,FORCED_CAPTAIN
4956,Tua Tagovailoa,QB,Chris Olave / Juwan Johnson / Michael Penix Jr. / Saints / Tyler Shough,50000,50000,2-4,1,86.32,114.79,124.8,147.25,0.0,0,3,FORCED_CAPTAIN
4957,Tua Tagovailoa,QB,Daniel Carlson / Drake London / Juwan Johnson / Michael Penix Jr. / Tyler Shough,49800,49500-49900,3-3,0,82.71,111.38,122.64,140.32,0.0,0,1,FORCED_CAPTAIN
4958,Tua Tagovailoa,QB,Devaughn Vele / Drake London / Juwan Johnson / Nick Folk / Tyler Shough,49200,49000-49400,3-3,1,77.86,105.95,114.18,132.22,0.0,0,1,FORCED_CAPTAIN
4959,Tua Tagovailoa,QB,Drake London / Juwan Johnson / Michael Penix Jr. / Saints / Tyler Shough,49200,49000-49400,3-3,0,80.84,108.52,118.95,136.67,0.0,0,1,FORCED_CAPTAIN
5297,Zach Wilson,QB,Alvin Kamara / Austin Hooper / Bijan Robinson / Chris Olave / Devaughn Vele,49200,49000-49400,2-4,1,80.43,103.92,111.15,127.04,0.0,0,1,FORCED_CAPTAIN
5298,Zach Wilson,QB,Alvin Kamara / Austin Hooper / Bijan Robinson / Chris Olave / Juwan Johnson,48800,48000-48900,2-4,1,85.4,109.99,118.18,138.3,0.0,0,1,FORCED_CAPTAIN
5299,Zach Wilson,QB,Alvin Kamara / Austin Hooper / Bijan Robinson / Drake London / Michael Penix Jr.,49600,49500-49900,4-2,1,79.44,106.39,115.69,129.64,0.0,0,1,FORCED_CAPTAIN
5300,Zach Wilson,QB,Alvin Kamara / Austin Hooper / Chris Olave / Drake London / Tyler Shough,49200,49000-49400,2-4,1,85.73,114.25,124.17,139.66,0.0,0,1,FORCED_CAPTAIN
5301,Zach Wilson,QB,Alvin Kamara / Bijan Robinson / Bryce Lance / Chris Olave / Tyler Shough,50000,50000,1-5,1,90.62,118.44,126.86,147.31,0.0,0,3,FORCED_CAPTAIN
5302,Zach Wilson,QB,Alvin Kamara / Bijan Robinson / Bryce Lance / Drake London / Tyler Shough,49200,49000-49400,2-4,1,85.13,110.37,118.14,133.27,0.0,0,1,FORCED_CAPTAIN
5303,Zach Wilson,QB,Alvin Kamara / Bijan Robinson / CJ Donaldson / Chris Olave / Drake London,50000,50000,2-4,1,86.34,111.63,120.35,133.16,0.0,0,2,FORCED_CAPTAIN
5304,Zach Wilson,QB,Alvin Kamara / Bijan Robinson / Chris Olave / Daniel Carlson / Kyle Pitts Sr.,49200,49000-49400,2-4,1,79.19,100.83,108.77,123.71,0.0,0,1,FORCED_CAPTAIN
5305,Zach Wilson,QB,Alvin Kamara / Bijan Robinson / Chris Olave / Daniel Carlson / Nick Folk,48800,48000-48900,2-4,1,82.09,104.6,111.54,127.31,0.0,0,1,FORCED_CAPTAIN
5306,Zach Wilson,QB,Alvin Kamara / Bijan Robinson / Chris Olave / Devaughn Vele / Falcons,50000,50000,2-4,1,82.31,105.2,112.28,127.12,0.0,0,2,FORCED_CAPTAIN
5307,Zach Wilson,QB,Alvin Kamara / Bijan Robinson / Chris Olave / Drake London / Treyton Welch,48800,48000-48900,2-4,1,87.48,112.75,121.66,135.02,0.0,0,1,FORCED_CAPTAIN
5308,Zach Wilson,QB,Alvin Kamara / Bijan Robinson / Chris Olave / Falcons / Juwan Johnson,49600,49500-49900,2-4,1,87.28,111.14,118.56,138.16,0.0,0,1,FORCED_CAPTAIN
5309,Zach Wilson,QB,Alvin Kamara / Bijan Robinson / Chris Olave / Kyle Pitts Sr. / Nick Folk,49800,49500-49900,3-3,1,78.84,101.85,109.12,124.81,0.0,0,1,FORCED_CAPTAIN
5310,Zach Wilson,QB,Alvin Kamara / Bijan Robinson / Chris Olave / Nick Folk / Saints,48200,48000-48900,2-4,1,80.21,101.12,108.4,121.8,0.0,0,1,FORCED_CAPTAIN
5311,Zach Wilson,QB,Alvin Kamara / Bijan Robinson / Chris Olave / Treyton Welch / Tyler Shough,48400,48000-48900,1-5,1,89.52,116.04,125.89,147.19,0.0,0,2,FORCED_CAPTAIN
5312,Zach Wilson,QB,Alvin Kamara / Bijan Robinson / Daniel Carlson / Devaughn Vele / Tyler Shough,50000,50000,1-5,1,81.67,105.12,111.48,127.78,0.0,0,3,FORCED_CAPTAIN
5313,Zach Wilson,QB,Alvin Kamara / Bijan Robinson / Daniel Carlson / Drake London / Juwan Johnson,50000,50000,2-4,1,84.6,108.63,116.5,131.77,0.0,0,2,FORCED_CAPTAIN
5314,Zach Wilson,QB,Alvin Kamara / Bijan Robinson / Daniel Carlson / Drake London / Saints,46800,<48000,2-4,0,75.07,94.69,102.07,116.99,0.0,0,0,FORCED_CAPTAIN
5315,Zach Wilson,QB,Alvin Kamara / Bijan Robinson / Daniel Carlson / Juwan Johnson / Tyler Shough,49600,49500-49900,1-5,1,86.64,112.77,121.28,135.34,0.0,0,2,FORCED_CAPTAIN
5316,Zach Wilson,QB,Alvin Kamara / Bijan Robinson / Daniel Carlson / Nick Folk / Tyler Shough,47600,<48000,2-4,0,78.64,99.96,105.8,119.86,0.0,0,0,FORCED_CAPTAIN
5317,Zach Wilson,QB,Alvin Kamara / Bijan Robinson / Devaughn Vele / Jahan Dotson / Tyler Shough,48200,48000-48900,2-4,1,77.49,101.54,108.57,126.51,0.0,0,1,FORCED_CAPTAIN
5318,Zach Wilson,QB,Alvin Kamara / Bijan Robinson / Drake London / Falcons / Juwan Johnson,48800,48000-48900,3-3,1,81.79,104.96,112.43,125.66,0.0,0,1,FORCED_CAPTAIN
5319,Zach Wilson,QB,Alvin Kamara / Bijan Robinson / Drake London / Falcons / Nick Folk,46800,<48000,4-2,0,73.79,94.75,101.71,113.32,0.0,0,0,FORCED_CAPTAIN
5320,Zach Wilson,QB,Alvin Kamara / Bijan Robinson / Drake London / Jahan Dotson / Michael Penix Jr.,49800,49500-49900,4-2,1,79.95,107.57,116.42,130.73,0.0,0,1,FORCED_CAPTAIN
5321,Zach Wilson,QB,Alvin Kamara / Bijan Robinson / Falcons / Juwan Johnson / Tyler Shough,48400,48000-48900,2-4,1,83.83,108.35,116.2,132.13,0.0,0,1,FORCED_CAPTAIN
5322,Zach Wilson,QB,Alvin Kamara / Bijan Robinson / Jahan Dotson / Juwan Johnson / Tyler Shough,47800,<48000,2-4,1,82.46,108.94,117.39,132.18,0.0,0,1,FORCED_CAPTAIN
5323,Zach Wilson,QB,Alvin Kamara / Bijan Robinson / Juwan Johnson / Saints / Tyler Shough,49000,49000-49400,1-5,1,84.77,109.7,116.62,133.87,0.0,0,2,FORCED_CAPTAIN
5324,Zach Wilson,QB,Alvin Kamara / Chris Olave / Devaughn Vele / Kyle Pitts Sr. / Tyler Shough,50000,50000,1-5,1,78.03,105.77,114.31,133.22,0.0,0,3,FORCED_CAPTAIN
5325,Zach Wilson,QB,Alvin Kamara / Chris Olave / Devaughn Vele / Nick Folk / Tyler Shough,49600,49500-49900,1-5,1,80.93,108.77,118.24,135.58,0.0,0,2,FORCED_CAPTAIN
5326,Zach Wilson,QB,Alvin Kamara / Chris Olave / Drake London / Falcons / Juwan Johnson,47800,<48000,2-4,1,81.4,106.03,114.07,130.22,0.0,0,1,FORCED_CAPTAIN
5327,Zach Wilson,QB,Alvin Kamara / Chris Olave / Drake London / Falcons / Michael Penix Jr.,49400,49000-49400,3-3,1,80.93,107.56,116.03,131.8,0.0,0,1,FORCED_CAPTAIN
5328,Zach Wilson,QB,Alvin Kamara / Chris Olave / Drake London / Falcons / Tyler Shough,50000,50000,2-4,1,87.62,114.01,122.39,140.25,0.0,0,2,FORCED_CAPTAIN
5329,Zach Wilson,QB,Alvin Kamara / Chris Olave / Drake London / Juwan Johnson / Nick Folk,49600,49500-49900,2-4,1,83.86,109.57,119.25,133.04,0.0,0,1,FORCED_CAPTAIN
5330,Zach Wilson,QB,Alvin Kamara / Chris Olave / Falcons / Juwan Johnson / Tyler Shough,47400,<48000,1-5,1,83.44,109.35,118.74,142.3,0.0,0,2,FORCED_CAPTAIN
5331,Zach Wilson,QB,Alvin Kamara / Chris Olave / Falcons / Michael Penix Jr. / Tyler Shough,49000,49000-49400,2-4,1,82.97,107.03,116.02,136.73,0.0,0,1,FORCED_CAPTAIN
5332,Zach Wilson,QB,Alvin Kamara / Chris Olave / Juwan Johnson / Nick Folk / Tyler Shough,49200,49000-49400,1-5,1,85.9,114.17,124.59,148.15,0.0,0,2,FORCED_CAPTAIN
5333,Zach Wilson,QB,Alvin Kamara / Chris Olave / Michael Penix Jr. / Nick Folk / Saints,45400,<48000,2-4,1,69.69,88.72,95.44,108.18,0.0,0,1,FORCED_CAPTAIN
5334,Zach Wilson,QB,Alvin Kamara / Chris Olave / Michael Penix Jr. / Saints / Tyler Shough,49600,49500-49900,1-5,1,83.91,109.57,117.89,136.74,0.0,0,2,FORCED_CAPTAIN
5335,Zach Wilson,QB,Alvin Kamara / Daniel Carlson / Drake London / Juwan Johnson / Tyler Shough,47800,<48000,1-5,1,80.76,107.45,115.59,129.89,0.0,0,2,FORCED_CAPTAIN
5336,Zach Wilson,QB,Alvin Kamara / Devaughn Vele / Drake London / Saints / Tyler Shough,47600,<48000,1-5,1,73.92,98.67,105.8,121.28,0.0,0,2,FORCED_CAPTAIN
5337,Zach Wilson,QB,Alvin Kamara / Devaughn Vele / Juwan Johnson / Michael Penix Jr. / Tyler Shough,49800,49500-49900,1-5,1,78.8,106.64,116.66,132.35,0.0,0,2,FORCED_CAPTAIN
5338,Zach Wilson,QB,Alvin Kamara / Drake London / Juwan Johnson / Nick Folk / Tyler Shough,48400,48000-48900,2-4,1,80.41,107.24,115.69,129.97,0.0,0,1,FORCED_CAPTAIN
5339,Zach Wilson,QB,Alvin Kamara / Drake London / Juwan Johnson / Saints / Tyler Shough,47200,<48000,1-5,1,78.88,104.77,112.71,128.2,0.0,0,2,FORCED_CAPTAIN
5340,Zach Wilson,QB,Alvin Kamara / Drake London / Michael Penix Jr. / Saints / Tyler Shough,48800,48000-48900,2-4,0,78.42,104.43,112.3,127.16,0.0,0,0,FORCED_CAPTAIN
5341,Zach Wilson,QB,Austin Hooper / Bijan Robinson / Brian Robinson Jr. / Drake London / Michael Penix Jr.,46400,<48000,5-1,1,70.62,96.86,105.79,123.55,0.0,0,2,FORCED_CAPTAIN
5342,Zach Wilson,QB,Austin Hooper / Bijan Robinson / Chris Olave / Nick Folk / Tyler Shough,49400,49000-49400,3-3,0,85.96,113.03,121.11,139.5,0.0,0,0,FORCED_CAPTAIN
5343,Zach Wilson,QB,Austin Hooper / Bijan Robinson / Drake London / Juwan Johnson / Michael Penix Jr.,50000,50000,4-2,1,81.8,110.55,120.43,137.69,0.0,0,3,FORCED_CAPTAIN
5344,Zach Wilson,QB,Austin Hooper / Bijan Robinson / Juwan Johnson / Michael Penix Jr. / Tyler Shough,49600,49500-49900,3-3,1,83.83,112.12,120.95,138.26,0.0,0,2,FORCED_CAPTAIN
5345,Zach Wilson,QB,Austin Hooper / Chris Olave / Devaughn Vele / Drake London / Tyler Shough,50000,50000,2-4,1,83.12,113.21,122.16,139.6,0.0,0,2,FORCED_CAPTAIN
5346,Zach Wilson,QB,Austin Hooper / Chris Olave / Drake London / Juwan Johnson / Tyler Shough,49600,49500-49900,2-4,1,88.08,118.78,130.03,150.39,0.0,0,2,FORCED_CAPTAIN
5347,Zach Wilson,QB,Austin Hooper / Chris Olave / Juwan Johnson / Michael Penix Jr. / Tyler Shough,48600,48000-48900,2-4,1,83.44,113.6,124.49,146.51,0.0,0,2,FORCED_CAPTAIN
5348,Zach Wilson,QB,Barion Brown / Bijan Robinson / Chris Olave / Juwan Johnson / Tyler Shough,49800,49500-49900,1-5,1,90.51,120.4,129.13,152.19,0.0,0,3,FORCED_CAPTAIN
5349,Zach Wilson,QB,Bijan Robinson / Brian Robinson Jr. / Chris Olave / Daniel Carlson / Tyler Shough,49800,49500-49900,2-4,0,87.48,113.58,121.51,140.35,0.0,0,0,FORCED_CAPTAIN
5350,Zach Wilson,QB,Bijan Robinson / Brian Robinson Jr. / Chris Olave / Falcons / Tyler Shough,48600,48000-48900,3-3,0,84.68,110.57,117.07,140.74,0.0,0,0,FORCED_CAPTAIN
5351,Zach Wilson,QB,Bijan Robinson / Brian Robinson Jr. / Daniel Carlson / Drake London / Juwan Johnson,46800,<48000,3-3,0,75.78,99.95,107.55,123.68,0.0,0,0,FORCED_CAPTAIN
5352,Zach Wilson,QB,Bijan Robinson / Bryce Lance / Chris Olave / Daniel Carlson / Drake London,48200,48000-48900,2-4,1,83.28,108.66,117.22,134.02,0.0,0,1,FORCED_CAPTAIN
5353,Zach Wilson,QB,Bijan Robinson / Bryce Lance / Chris Olave / Jahan Dotson / Tyler Shough,46000,<48000,2-4,1,81.14,107.67,116.75,138.07,0.0,0,1,FORCED_CAPTAIN
5354,Zach Wilson,QB,Bijan Robinson / Bryce Lance / Chris Olave / Juwan Johnson / Michael Penix Jr.,49800,49500-49900,2-4,1,86.29,114.12,122.74,139.81,0.0,0,2,FORCED_CAPTAIN
5355,Zach Wilson,QB,Bijan Robinson / Bryce Lance / Chris Olave / Kyle Pitts Sr. / Tyler Shough,48800,48000-48900,2-4,1,82.08,109.38,119.13,137.21,0.0,0,1,FORCED_CAPTAIN
5356,Zach Wilson,QB,Bijan Robinson / Bryce Lance / Devaughn Vele / Drake London / Tyler Shough,50000,50000,2-4,1,82.52,108.48,116.11,136.89,0.0,0,2,FORCED_CAPTAIN
5357,Zach Wilson,QB,Bijan Robinson / Bryce Lance / Drake London / Juwan Johnson / Tyler Shough,49600,49500-49900,2-4,1,87.49,115.49,123.87,142.18,0.0,0,2,FORCED_CAPTAIN
5358,Zach Wilson,QB,Bijan Robinson / CJ Donaldson / Chris Olave / Juwan Johnson / Tyler Shough,50000,50000,1-5,1,90.73,120.38,129.38,152.26,0.0,0,4,FORCED_CAPTAIN
5359,Zach Wilson,QB,Bijan Robinson / Cal Adomitis / Chris Olave / Juwan Johnson / Tyler Shough,48800,48000-48900,1-5,1,90.59,120.37,129.49,152.18,0.0,0,3,FORCED_CAPTAIN
5360,Zach Wilson,QB,Bijan Robinson / Chris Blair / Chris Olave / Drake London / Juwan Johnson,50000,50000,3-3,1,88.33,115.37,125.01,140.64,0.0,0,3,FORCED_CAPTAIN
5361,Zach Wilson,QB,Bijan Robinson / Chris Blair / Chris Olave / Drake London / Kyle Pitts Sr.,48400,48000-48900,4-2,0,77.43,102.27,111.54,125.24,0.0,0,0,FORCED_CAPTAIN
5362,Zach Wilson,QB,Bijan Robinson / Chris Olave / Daniel Carlson / Drake London / Falcons,50000,50000,3-3,0,86.16,111.59,120.23,132.71,0.0,0,1,FORCED_CAPTAIN
5363,Zach Wilson,QB,Bijan Robinson / Chris Olave / Daniel Carlson / Drake London / Jahan Dotson,49400,49000-49400,3-3,0,84.78,110.12,119.34,134.13,0.0,0,0,FORCED_CAPTAIN
5364,Zach Wilson,QB,Bijan Robinson / Chris Olave / Daniel Carlson / Falcons / Tyler Shough,49600,49500-49900,2-4,0,88.2,113.25,120.32,138.27,0.0,0,0,FORCED_CAPTAIN
5365,Zach Wilson,QB,Bijan Robinson / Chris Olave / Daniel Carlson / Jahan Dotson / Tyler Shough,49000,49000-49400,2-4,0,86.82,113.2,121.34,138.3,0.0,0,0,FORCED_CAPTAIN
5366,Zach Wilson,QB,Bijan Robinson / Chris Olave / Daniel Carlson / Juwan Johnson / Nick Folk,49200,49000-49400,2-4,1,84.44,109.19,117.53,130.73,0.0,0,1,FORCED_CAPTAIN
5367,Zach Wilson,QB,Bijan Robinson / Chris Olave / Daniel Carlson / Juwan Johnson / Saints,48000,48000-48900,1-5,1,82.92,105.58,114.12,127.59,0.0,0,2,FORCED_CAPTAIN
5368,Zach Wilson,QB,Bijan Robinson / Chris Olave / Devaughn Vele / Treyton Welch / Tyler Shough,49200,49000-49400,1-5,1,86.9,115.51,125.33,144.68,0.0,0,2,FORCED_CAPTAIN
5369,Zach Wilson,QB,Bijan Robinson / Chris Olave / Drake London / Falcons / Saints,49400,49000-49400,3-3,0,84.29,108.23,115.34,127.89,0.0,0,0,FORCED_CAPTAIN
5370,Zach Wilson,QB,Bijan Robinson / Chris Olave / Drake London / Jahan Dotson / Nick Folk,50000,50000,4-2,0,84.44,109.79,117.77,132.14,0.0,0,1,FORCED_CAPTAIN
5371,Zach Wilson,QB,Bijan Robinson / Chris Olave / Drake London / Juwan Johnson / Kevin Austin Jr.,49800,49500-49900,2-4,1,88.98,116.48,125.85,140.89,0.0,0,2,FORCED_CAPTAIN
5372,Zach Wilson,QB,Bijan Robinson / Chris Olave / Drake London / Juwan Johnson / Treyton Welch,49200,49000-49400,2-4,1,89.83,117.1,126.29,142.59,0.0,0,2,FORCED_CAPTAIN
5373,Zach Wilson,QB,Bijan Robinson / Chris Olave / Falcons / Juwan Johnson / Nick Folk,48000,48000-48900,3-3,1,81.63,106.25,113.96,129.82,0.0,0,1,FORCED_CAPTAIN
5374,Zach Wilson,QB,Bijan Robinson / Chris Olave / Falcons / Saints / Tyler Shough,49000,49000-49400,2-4,0,86.33,110.49,117.65,137.32,0.0,0,0,FORCED_CAPTAIN
5375,Zach Wilson,QB,Bijan Robinson / Chris Olave / Jahan Dotson / Nick Folk / Tyler Shough,49600,49500-49900,3-3,0,86.48,114.04,121.68,139.42,0.0,0,0,FORCED_CAPTAIN
5376,Zach Wilson,QB,Bijan Robinson / Chris Olave / Juwan Johnson / Kevin Austin Jr. / Tyler Shough,49400,49000-49400,1-5,1,91.02,121.04,130.67,153.02,0.0,0,3,FORCED_CAPTAIN
5377,Zach Wilson,QB,Bijan Robinson / Chris Olave / Juwan Johnson / Treyton Welch / Tyler Shough,48800,48000-48900,1-5,1,91.87,121.74,131.28,152.22,0.0,0,3,FORCED_CAPTAIN
5378,Zach Wilson,QB,Bijan Robinson / Chris Olave / Nick Folk / Olamide Zaccheaus / Tyler Shough,48600,48000-48900,3-3,0,84.66,111.78,120.12,136.45,0.0,0,0,FORCED_CAPTAIN
5379,Zach Wilson,QB,Bijan Robinson / Daniel Carlson / Devaughn Vele / Juwan Johnson / Michael Penix Jr.,49800,49500-49900,2-4,1,77.34,101.7,110.05,129.0,0.0,0,1,FORCED_CAPTAIN
5380,Zach Wilson,QB,Bijan Robinson / Daniel Carlson / Drake London / Juwan Johnson / Nick Folk,48400,48000-48900,3-3,0,78.95,103.56,110.83,124.96,0.0,0,0,FORCED_CAPTAIN
5381,Zach Wilson,QB,Bijan Robinson / Daniel Carlson / Drake London / Michael Penix Jr. / Nick Folk,50000,50000,4-2,1,78.48,104.56,114.21,128.82,0.0,0,2,FORCED_CAPTAIN
5382,Zach Wilson,QB,Bijan Robinson / Daniel Carlson / Juwan Johnson / Nick Folk / Tyler Shough,48000,48000-48900,2-4,0,80.99,106.43,113.87,126.31,0.0,0,0,FORCED_CAPTAIN
5383,Zach Wilson,QB,Bijan Robinson / Daniel Carlson / Juwan Johnson / Saints / Tyler Shough,46800,<48000,1-5,0,79.47,103.0,109.94,124.07,0.0,0,1,FORCED_CAPTAIN
5384,Zach Wilson,QB,Bijan Robinson / Daniel Carlson / Michael Penix Jr. / Saints / Tyler Shough,48400,48000-48900,2-4,0,79.0,100.0,107.49,119.56,0.0,0,0,FORCED_CAPTAIN
5385,Zach Wilson,QB,Bijan Robinson / Devaughn Vele / Drake London / Treyton Welch / Tyler Shough,48400,48000-48900,2-4,1,81.41,106.67,114.48,132.64,0.0,0,1,FORCED_CAPTAIN
5386,Zach Wilson,QB,Bijan Robinson / Devaughn Vele / Falcons / Juwan Johnson / Tyler Shough,49200,49000-49400,2-4,1,81.22,107.43,115.33,131.38,0.0,0,1,FORCED_CAPTAIN
5387,Zach Wilson,QB,Bijan Robinson / Devaughn Vele / Juwan Johnson / Saints / Tyler Shough,49800,49500-49900,1-5,1,82.15,108.05,116.77,135.92,0.0,0,2,FORCED_CAPTAIN
5388,Zach Wilson,QB,Bijan Robinson / Drake London / Juwan Johnson / Olamide Zaccheaus / Tyler Shough,49800,49500-49900,3-3,0,87.17,114.49,123.34,143.87,0.0,0,1,FORCED_CAPTAIN
5389,Zach Wilson,QB,Bijan Robinson / Drake London / Juwan Johnson / Treyton Welch / Tyler Shough,48000,48000-48900,2-4,1,86.38,114.36,121.8,140.68,0.0,0,2,FORCED_CAPTAIN
5390,Zach Wilson,QB,Bijan Robinson / Drake London / Kendre Miller / Saints / Tyler Shough,49600,49500-49900,2-4,0,78.93,101.87,109.37,122.45,0.0,0,0,FORCED_CAPTAIN
5391,Zach Wilson,QB,Bijan Robinson / Drake London / Michael Penix Jr. / Treyton Welch / Tyler Shough,49600,49500-49900,3-3,1,85.92,114.59,123.43,139.87,0.0,0,2,FORCED_CAPTAIN
5392,Zach Wilson,QB,Bijan Robinson / Drake London / Nick Folk / Saints / Tyler Shough,50000,50000,3-3,0,83.3,105.03,111.99,125.1,0.0,0,1,FORCED_CAPTAIN
5393,Zach Wilson,QB,Bijan Robinson / Jahan Dotson / Juwan Johnson / Michael Penix Jr. / Tyler Shough,49800,49500-49900,3-3,1,84.35,112.4,122.13,140.8,0.0,0,2,FORCED_CAPTAIN
5394,Zach Wilson,QB,Bijan Robinson / Juwan Johnson / Michael Penix Jr. / Olamide Zaccheaus / Tyler Shough,48800,48000-48900,3-3,1,82.53,110.45,119.66,138.72,0.0,0,2,FORCED_CAPTAIN
5395,Zach Wilson,QB,Brian Robinson Jr. / Chris Olave / Devaughn Vele / Juwan Johnson / Tyler Shough,48400,48000-48900,1-5,1,80.11,109.7,120.35,140.55,0.0,0,2,FORCED_CAPTAIN
5396,Zach Wilson,QB,Brian Robinson Jr. / Chris Olave / Drake London / Juwan Johnson / Michael Penix Jr.,50000,50000,3-3,1,82.57,111.54,122.52,141.28,0.0,0,3,FORCED_CAPTAIN
5397,Zach Wilson,QB,Bryce Lance / Chris Olave / Drake London / Juwan Johnson / Tyler Shough,48600,48000-48900,1-5,1,87.09,118.73,128.51,149.29,0.0,0,3,FORCED_CAPTAIN
5398,Zach Wilson,QB,Bryce Lance / Chris Olave / Juwan Johnson / Michael Penix Jr. / Tyler Shough,47600,<48000,1-5,1,82.45,112.77,123.17,145.5,0.0,0,3,FORCED_CAPTAIN
5399,Zach Wilson,QB,Chris Olave / Daniel Carlson / Devaughn Vele / Drake London / Juwan Johnson,49800,49500-49900,1-5,1,81.59,108.61,116.92,133.31,0.0,0,2,FORCED_CAPTAIN
5400,Zach Wilson,QB,Chris Olave / Daniel Carlson / Drake London / Michael Penix Jr. / Nick Folk,49000,49000-49400,3-3,0,78.09,104.55,113.11,129.37,0.0,0,0,FORCED_CAPTAIN
5401,Zach Wilson,QB,Chris Olave / Daniel Carlson / Drake London / Saints / Tyler Shough,48400,48000-48900,1-5,0,83.25,108.8,117.57,133.45,0.0,0,1,FORCED_CAPTAIN
5402,Zach Wilson,QB,Chris Olave / Devaughn Vele / Drake London / Olamide Zaccheaus / Tyler Shough,49200,49000-49400,2-4,1,81.81,111.3,121.39,138.69,0.0,0,1,FORCED_CAPTAIN
5403,Zach Wilson,QB,Chris Olave / Devaughn Vele / Juwan Johnson / Nick Folk / Tyler Shough,50000,50000,1-5,1,83.28,114.13,124.37,145.65,0.0,0,3,FORCED_CAPTAIN
5404,Zach Wilson,QB,Chris Olave / Devaughn Vele / Michael Penix Jr. / Olamide Zaccheaus / Tyler Shough,48200,48000-48900,2-4,1,77.16,105.13,115.5,135.24,0.0,0,1,FORCED_CAPTAIN
5405,Zach Wilson,QB,Chris Olave / Drake London / Falcons / Juwan Johnson / Michael Penix Jr.,49800,49500-49900,3-3,1,83.29,111.56,120.83,139.89,0.0,0,2,FORCED_CAPTAIN
5406,Zach Wilson,QB,Chris Olave / Drake London / Jahan Dotson / Juwan Johnson / Michael Penix Jr.,49200,49000-49400,3-3,1,81.91,111.31,122.58,141.99,0.0,0,2,FORCED_CAPTAIN
5407,Zach Wilson,QB,Chris Olave / Drake London / Jahan Dotson / Juwan Johnson / Tyler Shough,49800,49500-49900,2-4,1,88.6,118.99,131.51,150.71,0.0,0,2,FORCED_CAPTAIN
5408,Zach Wilson,QB,Chris Olave / Drake London / Juwan Johnson / Olamide Zaccheaus / Tyler Shough,48800,48000-48900,2-4,1,86.78,117.02,128.58,148.22,0.0,0,2,FORCED_CAPTAIN
5409,Zach Wilson,QB,Chris Olave / Drake London / Juwan Johnson / Treyton Welch / Tyler Shough,47000,<48000,1-5,1,85.99,116.29,127.08,147.82,0.0,0,3,FORCED_CAPTAIN
5410,Zach Wilson,QB,Chris Olave / Drake London / Kevin Austin Jr. / Michael Penix Jr. / Tyler Shough,49200,49000-49400,2-4,1,84.67,115.16,125.56,143.59,0.0,0,2,FORCED_CAPTAIN
5411,Zach Wilson,QB,Chris Olave / Drake London / Michael Penix Jr. / Treyton Welch / Tyler Shough,48600,48000-48900,2-4,1,85.52,116.09,126.3,144.75,0.0,0,2,FORCED_CAPTAIN
5412,Zach Wilson,QB,Chris Olave / Jahan Dotson / Juwan Johnson / Michael Penix Jr. / Tyler Shough,48800,48000-48900,2-4,1,83.95,114.59,124.5,147.71,0.0,0,2,FORCED_CAPTAIN
5413,Zach Wilson,QB,Chris Olave / Juwan Johnson / Michael Penix Jr. / Saints / Tyler Shough,50000,50000,1-5,1,86.26,114.65,124.76,147.25,0.0,0,4,FORCED_CAPTAIN
5414,Zach Wilson,QB,Daniel Carlson / Drake London / Juwan Johnson / Michael Penix Jr. / Tyler Shough,49800,49500-49900,2-4,0,82.64,111.38,122.64,140.32,0.0,0,1,FORCED_CAPTAIN
5415,Zach Wilson,QB,Devaughn Vele / Drake London / Juwan Johnson / Nick Folk / Tyler Shough,49200,49000-49400,2-4,1,77.8,105.91,114.18,132.22,0.0,0,1,FORCED_CAPTAIN
5416,Zach Wilson,QB,Drake London / Juwan Johnson / Michael Penix Jr. / Saints / Tyler Shough,49200,49000-49400,2-4,0,80.77,108.52,118.87,136.67,0.0,0,1,FORCED_CAPTAIN
5417,Zachariah Branch,WR,Alvin Kamara / Austin Hooper / Bijan Robinson / Devaughn Vele / Michael Penix Jr.,42000,<48000,4-2,1,71.4,94.79,101.9,115.37,0.0,0,1,FORCED_CAPTAIN
5418,Zachariah Branch,WR,Alvin Kamara / Bijan Robinson / Brian Robinson Jr. / Chris Olave / Drake London,47000,<48000,4-2,0,91.85,118.21,126.99,141.44,0.0,0,0,FORCED_CAPTAIN
5420,Zachariah Branch,WR,Alvin Kamara / Bijan Robinson / Brian Robinson Jr. / Drake London / Michael Penix Jr.,45200,<48000,5-1,1,81.72,109.43,117.62,133.29,0.0,0,2,FORCED_CAPTAIN
5424,Zachariah Branch,WR,Alvin Kamara / Bijan Robinson / Chris Olave / Falcons / Tyler Shough,46400,<48000,3-3,1,94.6,120.29,128.72,151.02,0.0,0,1,FORCED_CAPTAIN
5425,Zachariah Branch,WR,Alvin Kamara / Bijan Robinson / Chris Olave / Jahan Dotson / Michael Penix Jr.,45200,<48000,4-2,1,86.54,112.57,122.61,135.93,0.0,0,1,FORCED_CAPTAIN
5427,Zachariah Branch,WR,Alvin Kamara / Bijan Robinson / Chris Olave / Kendre Miller / Tyler Shough,47800,<48000,2-4,1,92.69,119.73,129.48,149.78,0.0,0,1,FORCED_CAPTAIN
5430,Zachariah Branch,WR,Alvin Kamara / Bijan Robinson / Chris Olave / Saints / Tyler Shough,47000,<48000,2-4,1,95.54,121.27,129.83,150.39,0.0,0,1,FORCED_CAPTAIN
5431,Zachariah Branch,WR,Alvin Kamara / Bijan Robinson / Daniel Carlson / Drake London / Michael Penix Jr.,46200,<48000,4-2,1,85.24,113.05,121.72,138.41,0.0,0,1,FORCED_CAPTAIN
5442,Zachariah Branch,WR,Alvin Kamara / Chris Olave / Daniel Carlson / Devaughn Vele / Tyler Shough,43600,<48000,1-5,1,82.38,109.56,118.35,132.58,0.0,0,2,FORCED_CAPTAIN
5443,Zachariah Branch,WR,Alvin Kamara / Chris Olave / Daniel Carlson / Drake London / Michael Penix Jr.,45200,<48000,3-3,1,84.84,112.1,121.41,139.13,0.0,0,1,FORCED_CAPTAIN
5445,Zachariah Branch,WR,Alvin Kamara / Chris Olave / Devaughn Vele / Juwan Johnson / Tyler Shough,46200,<48000,1-5,1,90.04,121.2,131.47,156.03,0.0,0,2,FORCED_CAPTAIN
5446,Zachariah Branch,WR,Alvin Kamara / Chris Olave / Drake London / Falcons / Tyler Shough,44600,<48000,3-3,1,88.72,115.64,124.16,141.31,0.0,0,1,FORCED_CAPTAIN
5451,Zachariah Branch,WR,Alvin Kamara / Chris Olave / Juwan Johnson / Nick Folk / Tyler Shough,43800,<48000,2-4,1,87.0,116.42,125.59,149.31,0.0,0,1,FORCED_CAPTAIN
5454,Zachariah Branch,WR,Alvin Kamara / Drake London / Michael Penix Jr. / Nick Folk / Tyler Shough,44600,<48000,4-2,1,81.04,107.74,116.58,132.49,0.0,0,1,FORCED_CAPTAIN
5456,Zachariah Branch,WR,Austin Hooper / Bijan Robinson / Chris Olave / Juwan Johnson / Michael Penix Jr.,45400,<48000,4-2,1,88.39,116.78,125.5,143.78,0.0,0,2,FORCED_CAPTAIN
5457,Zachariah Branch,WR,Austin Hooper / Chris Olave / Drake London / Michael Penix Jr. / Tyler Shough,45800,<48000,4-2,1,88.72,120.52,130.8,150.16,0.0,0,2,FORCED_CAPTAIN
5458,Zachariah Branch,WR,Bijan Robinson / Brian Robinson Jr. / Chris Olave / Devaughn Vele / Tyler Shough,47400,<48000,3-3,1,91.27,120.65,129.81,150.1,0.0,0,1,FORCED_CAPTAIN
5461,Zachariah Branch,WR,Bijan Robinson / Brian Robinson Jr. / Chris Olave / Juwan Johnson / Tyler Shough,47000,<48000,3-3,1,96.24,126.41,136.54,155.21,0.0,0,2,FORCED_CAPTAIN
5465,Zachariah Branch,WR,Bijan Robinson / Bryce Lance / Chris Olave / Juwan Johnson / Tyler Shough,45000,<48000,2-4,1,94.08,125.41,133.5,156.53,0.0,0,2,FORCED_CAPTAIN
5466,Zachariah Branch,WR,Bijan Robinson / Charlie Woerner / Chris Olave / Michael Penix Jr. / Tyler Shough,45400,<48000,4-2,1,91.24,120.97,129.49,147.06,0.0,0,2,FORCED_CAPTAIN
5468,Zachariah Branch,WR,Bijan Robinson / Chris Olave / Daniel Carlson / Drake London / Falcons,44600,<48000,4-2,0,87.26,113.05,120.73,134.55,0.0,0,0,FORCED_CAPTAIN
5478,Zachariah Branch,WR,Bijan Robinson / Chris Olave / Devaughn Vele / Kyle Pitts Sr. / Tyler Shough,49400,49000-49400,3-3,1,91.55,121.34,130.7,149.31,0.0,0,1,FORCED_CAPTAIN
5480,Zachariah Branch,WR,Bijan Robinson / Chris Olave / Devaughn Vele / Saints / Tyler Shough,47800,<48000,2-4,1,92.92,120.33,128.95,148.53,0.0,0,1,FORCED_CAPTAIN
5483,Zachariah Branch,WR,Bijan Robinson / Chris Olave / Drake London / Falcons / Nick Folk,45200,<48000,5-1,0,86.91,112.28,120.22,133.52,0.0,0,1,FORCED_CAPTAIN
5484,Zachariah Branch,WR,Bijan Robinson / Chris Olave / Drake London / Falcons / Saints,44000,<48000,4-2,0,85.39,109.29,116.06,128.69,0.0,0,0,FORCED_CAPTAIN
5489,Zachariah Branch,WR,Bijan Robinson / Chris Olave / Drake London / Michael Penix Jr. / Treyton Welch,45400,<48000,4-2,1,90.47,120.08,130.94,146.79,0.0,0,2,FORCED_CAPTAIN
5492,Zachariah Branch,WR,Bijan Robinson / Chris Olave / Falcons / Juwan Johnson / Tyler Shough,46800,<48000,3-3,1,96.96,125.8,136.35,156.83,0.0,0,2,FORCED_CAPTAIN
5494,Zachariah Branch,WR,Bijan Robinson / Chris Olave / Jahan Dotson / Juwan Johnson / Tyler Shough,46200,<48000,3-3,1,95.58,126.56,135.69,157.52,0.0,0,2,FORCED_CAPTAIN
5498,Zachariah Branch,WR,Bijan Robinson / Chris Olave / Juwan Johnson / Saints / Tyler Shough,47400,<48000,2-4,1,97.89,127.4,136.26,158.03,0.0,0,2,FORCED_CAPTAIN
5499,Zachariah Branch,WR,Bijan Robinson / Chris Olave / Kyle Pitts Sr. / Michael Penix Jr. / Nick Folk,46400,<48000,5-1,1,81.83,108.01,115.46,132.17,0.0,0,2,FORCED_CAPTAIN
5503,Zachariah Branch,WR,Bijan Robinson / Daniel Carlson / Devaughn Vele / Juwan Johnson / Michael Penix Jr.,44400,<48000,3-3,1,78.44,103.27,111.8,129.71,0.0,0,1,FORCED_CAPTAIN
5504,Zachariah Branch,WR,Bijan Robinson / Daniel Carlson / Devaughn Vele / Michael Penix Jr. / Tyler Shough,46600,<48000,3-3,1,84.66,109.82,120.03,136.52,0.0,0,1,FORCED_CAPTAIN
5509,Zachariah Branch,WR,Bijan Robinson / Devaughn Vele / Drake London / Falcons / Juwan Johnson,44200,<48000,4-2,0,80.28,104.52,113.59,127.63,0.0,0,0,FORCED_CAPTAIN
5516,Zachariah Branch,WR,Bijan Robinson / Drake London / Juwan Johnson / Michael Penix Jr. / Nick Folk,47200,<48000,5-1,1,87.24,115.52,124.82,141.16,0.0,0,3,FORCED_CAPTAIN
5518,Zachariah Branch,WR,Bijan Robinson / Drake London / Michael Penix Jr. / Saints / Tyler Shough,48200,48000-48900,4-2,1,91.93,119.37,128.67,143.73,0.0,0,2,FORCED_CAPTAIN
5522,Zachariah Branch,WR,Chris Olave / Devaughn Vele / Drake London / Kendre Miller / Tyler Shough,46800,<48000,2-4,1,84.19,114.45,123.5,141.36,0.0,0,1,FORCED_CAPTAIN
5524,Zachariah Branch,WR,Chris Olave / Devaughn Vele / Juwan Johnson / Nick Folk / Tyler Shough,44600,<48000,2-4,1,84.39,115.38,125.5,146.32,0.0,0,1,FORCED_CAPTAIN
5529,Zachariah Branch,WR,Chris Olave / Drake London / Michael Penix Jr. / Nick Folk / Saints,43000,<48000,4-2,1,77.32,102.24,110.35,126.02,0.0,0,1,FORCED_CAPTAIN
5530,Zachariah Branch,WR,Chris Olave / Drake London / Michael Penix Jr. / Saints / Tyler Shough,47200,<48000,3-3,1,91.54,122.31,131.82,149.42,0.0,0,2,FORCED_CAPTAIN
5531,Zachariah Branch,WR,Chris Olave / Falcons / Juwan Johnson / Michael Penix Jr. / Tyler Shough,44000,<48000,3-3,1,86.43,114.63,124.48,147.81,0.0,0,2,FORCED_CAPTAIN
5532,Zachariah Branch,WR,Chris Olave / Juwan Johnson / Kyle Pitts Sr. / Michael Penix Jr. / Tyler Shough,46200,<48000,3-3,1,85.99,117.13,127.52,148.97,0.0,0,2,FORCED_CAPTAIN
5533,Zachariah Branch,WR,Daniel Carlson / Drake London / Juwan Johnson / Michael Penix Jr. / Tyler Shough,44400,<48000,3-3,1,83.75,112.41,124.04,141.88,0.0,0,2,FORCED_CAPTAIN
5535,Zachariah Branch,WR,Drake London / Falcons / Juwan Johnson / Michael Penix Jr. / Tyler Shough,43200,<48000,4-2,1,80.94,108.4,118.41,134.54,0.0,0,2,FORCED_CAPTAIN
5536,Zachariah Branch,WR,Drake London / Juwan Johnson / Michael Penix Jr. / Nick Folk / Tyler Shough,45000,<48000,4-2,1,83.4,112.48,122.1,141.09,0.0,0,2,FORCED_CAPTAIN
