claim_id,topic,source,video,timestamp,url,takeaway,tags,tagging,status,DIRECT_USE
EX001,1. Showdown historical strategy and winning lineup construction,Adam Newman,NFL DFS Showdown Research - Results From 50 Winning Milli-Maker Lineups in 2021,5:40,https://www.youtube.com/watch?v=HfQcvFwIECA&t=340s,"Quarterbacks were captain in 12 of 50 winning lineups (24%), despite the speaker having played no quarterback captains the prior year.",EMPIRICAL_HISTORICAL_EVIDENCE,AUTO_TAGGED,UNVERIFIED_EXTERNAL,NOT_A_HARD_LINEUP_RULE
EX002,1. Showdown historical strategy and winning lineup construction,Adam Newman,NFL DFS Showdown Research - Results From 50 Winning Milli-Maker Lineups in 2021,6:24,https://www.youtube.com/watch?v=HfQcvFwIECA&t=384s,"Running backs were captain in 16 of 50 winners (32%), while core pass catchers were captain in about 18 of 50 (36%).",EMPIRICAL_HISTORICAL_EVIDENCE,AUTO_TAGGED,UNVERIFIED_EXTERNAL,NOT_A_HARD_LINEUP_RULE
EX003,1. Showdown historical strategy and winning lineup construction,Adam Newman,NFL DFS Showdown Research - Results From 50 Winning Milli-Maker Lineups in 2021,6:58,https://www.youtube.com/watch?v=HfQcvFwIECA&t=418s,"Only seven winning lineups used a 1-5 build, with the captain as the sole player from one team and five players from the opponent.",EMPIRICAL_HISTORICAL_EVIDENCE|EXPERT_OPINION,AUTO_TAGGED,UNVERIFIED_EXTERNAL,NOT_A_HARD_LINEUP_RULE
EX004,1. Showdown historical strategy and winning lineup construction,Adam Newman,NFL DFS Showdown Research - Results From 50 Winning Milli-Maker Lineups in 2021,7:51,https://www.youtube.com/watch?v=HfQcvFwIECA&t=471s,The speaker planned to use rules favoring 3-3 and 4-2 lineup constructions.,EXPERT_OPINION,AUTO_TAGGED,UNVERIFIED_EXTERNAL,NOT_A_HARD_LINEUP_RULE
EX005,1. Showdown historical strategy and winning lineup construction,Adam Newman,NFL DFS Showdown Research - Results From 50 Winning Milli-Maker Lineups in 2021,7:57,https://www.youtube.com/watch?v=HfQcvFwIECA&t=477s,"Eight winning lineups were onslaughts, defined here as the captain plus four teammates against one player from the other team.",EXPERT_OPINION,AUTO_TAGGED,UNVERIFIED_EXTERNAL,NOT_A_HARD_LINEUP_RULE
EX006,1. Showdown historical strategy and winning lineup construction,Adam Newman,NFL DFS Showdown Research - Results From 50 Winning Milli-Maker Lineups in 2021,8:23,https://www.youtube.com/watch?v=HfQcvFwIECA&t=503s,"Every winning lineup included at least one quarterback, and 26% included both quarterbacks.",EMPIRICAL_HISTORICAL_EVIDENCE|EXPERT_OPINION,AUTO_TAGGED,UNVERIFIED_EXTERNAL,NOT_A_HARD_LINEUP_RULE
EX007,1. Showdown historical strategy and winning lineup construction,Adam Newman,NFL DFS Showdown Research - Results From 50 Winning Milli-Maker Lineups in 2021,10:41,https://www.youtube.com/watch?v=HfQcvFwIECA&t=641s,Winning lineups had zero kickers and defenses 44% of the time; the speaker considered a rule allowing at most one kicker or defense.,EMPIRICAL_HISTORICAL_EVIDENCE|EXPERT_OPINION|PROHIBITED_DIRECT_INPUT,AUTO_TAGGED,UNVERIFIED_EXTERNAL,NOT_A_HARD_LINEUP_RULE
EX008,1. Showdown historical strategy and winning lineup construction,Adam Newman,NFL DFS Showdown Research - Results From 50 Winning Milli-Maker Lineups in 2021,11:38,https://www.youtube.com/watch?v=HfQcvFwIECA&t=698s,More than half of the winning Million Maker lineups had zero fringe plays.,EMPIRICAL_HISTORICAL_EVIDENCE,AUTO_TAGGED,UNVERIFIED_EXTERNAL,NOT_A_HARD_LINEUP_RULE
EX009,1. Showdown historical strategy and winning lineup construction,925 Sports,How to be Profitable Playing NFL DFS Showdown Slates,3:29,https://www.youtube.com/watch?v=kVhN3OfbEBs&t=209s,"The transcript gives running backs an approximately 28% share of captain selections and quarterbacks approximately 21%, while saying tight ends, DSTs, and kickers appear much less often.",EMPIRICAL_HISTORICAL_EVIDENCE,AUTO_TAGGED,UNVERIFIED_EXTERNAL,NOT_A_HARD_LINEUP_RULE
EX010,1. Showdown historical strategy and winning lineup construction,925 Sports,How to be Profitable Playing NFL DFS Showdown Slates,7:31,https://www.youtube.com/watch?v=kVhN3OfbEBs&t=451s,"For a pass-heavy quarterback Captain, the transcript recommends including two of that quarterback’s pass catchers.",EXPERT_OPINION,AUTO_TAGGED,UNVERIFIED_EXTERNAL,NOT_A_HARD_LINEUP_RULE
EX011,1. Showdown historical strategy and winning lineup construction,925 Sports,How to be Profitable Playing NFL DFS Showdown Slates,9:51,https://www.youtube.com/watch?v=kVhN3OfbEBs&t=591s,"The recommended roster split is 3-3, with the Captain’s team represented by the Captain and two other players, plus three opponents.",EXPERT_OPINION,AUTO_TAGGED,UNVERIFIED_EXTERNAL,NOT_A_HARD_LINEUP_RULE
EX012,1. Showdown historical strategy and winning lineup construction,925 Sports,How to be Profitable Playing NFL DFS Showdown Slates,10:33,https://www.youtube.com/watch?v=kVhN3OfbEBs&t=633s,The transcript says 5-1 builds occur infrequently but can offer a substantial edge because few entrants use them.,EXPERT_OPINION,AUTO_TAGGED,UNVERIFIED_EXTERNAL,NOT_A_HARD_LINEUP_RULE
EX013,1. Showdown historical strategy and winning lineup construction,925 Sports,How to be Profitable Playing NFL DFS Showdown Slates,13:47,https://www.youtube.com/watch?v=kVhN3OfbEBs&t=827s,Optimal winning lineups included a kicker about 40% of the time and a DST about 31% of the time.,EMPIRICAL_HISTORICAL_EVIDENCE,AUTO_TAGGED,UNVERIFIED_EXTERNAL,NOT_A_HARD_LINEUP_RULE
EX014,1. Showdown historical strategy and winning lineup construction,925 Sports,How to be Profitable Playing NFL DFS Showdown Slates,15:34,https://www.youtube.com/watch?v=kVhN3OfbEBs&t=934s,A sample common winning GPP build is a somewhat chalky 4-2 favorite stack with a receiver at Captain and that player’s quarterback.,FIELD_BEHAVIOR_HYPOTHESIS,AUTO_TAGGED,UNVERIFIED_EXTERNAL,NOT_A_HARD_LINEUP_RULE
EX015,1. Showdown historical strategy and winning lineup construction,DraftKings,"NFL DraftKings Showdown Contest Strategy, Captain's Slot and Tips",2:00,https://www.youtube.com/watch?v=iEGNBY_zeSc&t=120s,"Raybon recommends considering both quarterbacks, avoiding overspending at captain, and arranging passing-game stacks.",FIELD_BEHAVIOR_HYPOTHESIS|EXPERT_OPINION,AUTO_TAGGED,UNVERIFIED_EXTERNAL,NOT_A_HARD_LINEUP_RULE
EX016,1. Showdown historical strategy and winning lineup construction,DraftKings,"NFL DraftKings Showdown Contest Strategy, Captain's Slot and Tips",2:57,https://www.youtube.com/watch?v=iEGNBY_zeSc&t=177s,"Opposing quarterbacks are stated to have a 0.59 correlation, and Raybon recommends rostering both more often than the field does.",FIELD_BEHAVIOR_HYPOTHESIS|EXPERT_OPINION|PROHIBITED_DIRECT_INPUT,AUTO_TAGGED,UNVERIFIED_EXTERNAL,NOT_A_HARD_LINEUP_RULE
EX017,1. Showdown historical strategy and winning lineup construction,DraftKings,"NFL DraftKings Showdown Contest Strategy, Captain's Slot and Tips",4:32,https://www.youtube.com/watch?v=iEGNBY_zeSc&t=272s,Defenses are described as more viable than kickers in tournaments because they can score one or multiple touchdowns; both are more viable in cash games.,EXPERT_OPINION,AUTO_TAGGED,UNVERIFIED_EXTERNAL,NOT_A_HARD_LINEUP_RULE
EX018,1. Showdown historical strategy and winning lineup construction,DraftKings,"NFL DraftKings Showdown Contest Strategy, Captain's Slot and Tips",7:16,https://www.youtube.com/watch?v=iEGNBY_zeSc&t=436s,Raybon says not to force a low-cost dart throw into every lineup and to assess each case based on its slate-specific upside.,EXPERT_OPINION|PROHIBITED_DIRECT_INPUT,AUTO_TAGGED,UNVERIFIED_EXTERNAL,NOT_A_HARD_LINEUP_RULE
EX019,1. Showdown historical strategy and winning lineup construction,DraftKings,"NFL DraftKings Showdown Contest Strategy, Captain's Slot and Tips",9:15,https://www.youtube.com/watch?v=iEGNBY_zeSc&t=555s,He recommends building a coherent game story in which all six players fit together and can produce a winning score.,EXPERT_OPINION,AUTO_TAGGED,UNVERIFIED_EXTERNAL,NOT_A_HARD_LINEUP_RULE
EX020,1. Showdown historical strategy and winning lineup construction,DFS Army - Daily Fantasy Sports,I Cracked the Code on NFL Showdown Lineups (Do This to Win),2:02,https://www.youtube.com/watch?v=65HDqKemR88&t=122s,"The transcript says winning lineups hit the perfect lineup about 66% of the time overall on DraftKings and almost 80% in fields of 100,000 or more.",EMPIRICAL_HISTORICAL_EVIDENCE|FIELD_BEHAVIOR_HYPOTHESIS,AUTO_TAGGED,UNVERIFIED_EXTERNAL,NOT_A_HARD_LINEUP_RULE
EX021,1. Showdown historical strategy and winning lineup construction,DFS Army - Daily Fantasy Sports,I Cracked the Code on NFL Showdown Lineups (Do This to Win),4:15,https://www.youtube.com/watch?v=65HDqKemR88&t=255s,"Wide receivers are described as the most common captain in all three game archetypes, while running-back captain frequency falls to 18% in shootouts versus 29% in slower games.",EMPIRICAL_HISTORICAL_EVIDENCE|EXPERT_OPINION,AUTO_TAGGED,UNVERIFIED_EXTERNAL,NOT_A_HARD_LINEUP_RULE
EX022,1. Showdown historical strategy and winning lineup construction,DFS Army - Daily Fantasy Sports,I Cracked the Code on NFL Showdown Lineups (Do This to Win),5:37,https://www.youtube.com/watch?v=65HDqKemR88&t=337s,"The transcript reports at least one flex kicker in 41–46% of winning lineups across game types, with two kickers described as rare.",EMPIRICAL_HISTORICAL_EVIDENCE|FIELD_BEHAVIOR_HYPOTHESIS,AUTO_TAGGED,UNVERIFIED_EXTERNAL,NOT_A_HARD_LINEUP_RULE
EX023,1. Showdown historical strategy and winning lineup construction,DFS Army - Daily Fantasy Sports,I Cracked the Code on NFL Showdown Lineups (Do This to Win),5:59,https://www.youtube.com/watch?v=65HDqKemR88&t=359s,"Winning-lineup defense usage is stated as 47% in games projected at 42 points or lower, 38% in the average-total zone, and 21% in totals of 49 or more.",EMPIRICAL_HISTORICAL_EVIDENCE|EXTERNAL_MODEL_OUTPUT|FIELD_BEHAVIOR_HYPOTHESIS,AUTO_TAGGED,UNVERIFIED_EXTERNAL,NOT_A_HARD_LINEUP_RULE
EX024,1. Showdown historical strategy and winning lineup construction,DFS Army - Daily Fantasy Sports,I Cracked the Code on NFL Showdown Lineups (Do This to Win),20:21,https://www.youtube.com/watch?v=65HDqKemR88&t=1221s,"The speaker reports an average of seven ties for lineups spending roughly $49,000–$50,000 and around five ties when capping salary at 49,400, with the $48,500–$50,000 range described as a large tie group.",EXPERT_OPINION,AUTO_TAGGED,UNVERIFIED_EXTERNAL,NOT_A_HARD_LINEUP_RULE
EX025,1. Showdown historical strategy and winning lineup construction,Ibe's DFS Sports Betting,I Gave the DFS Army Optimizer the SHOWDOWN CODE… Here’s What It Built!,0:06,https://www.youtube.com/watch?v=sBOEt7d3dM4&t=6s,The Showdown Codex is described as reviewing more than 350 real contests and examining winning captain and flex-position construction.,EXPERT_OPINION,AUTO_TAGGED,UNVERIFIED_EXTERNAL,NOT_A_HARD_LINEUP_RULE
EX026,1. Showdown historical strategy and winning lineup construction,Ibe's DFS Sports Betting,I Gave the DFS Army Optimizer the SHOWDOWN CODE… Here’s What It Built!,0:20,https://www.youtube.com/watch?v=sBOEt7d3dM4&t=20s,He applies settings from a showdown-stacking book in the optimizer to build his lineups.,EXTERNAL_MODEL_OUTPUT|EXPERT_OPINION,AUTO_TAGGED,UNVERIFIED_EXTERNAL,NOT_A_HARD_LINEUP_RULE
EX027,1. Showdown historical strategy and winning lineup construction,Ibe's DFS Sports Betting,I Gave the DFS Army Optimizer the SHOWDOWN CODE… Here’s What It Built!,0:55,https://www.youtube.com/watch?v=sBOEt7d3dM4&t=55s,His stated captain rules favor quarterbacks unless they are more than three-point underdogs and exclude kickers and defenses.,EXPERT_OPINION,AUTO_TAGGED,UNVERIFIED_EXTERNAL,NOT_A_HARD_LINEUP_RULE
EX028,1. Showdown historical strategy and winning lineup construction,Ibe's DFS Sports Betting,I Gave the DFS Army Optimizer the SHOWDOWN CODE… Here’s What It Built!,1:14,https://www.youtube.com/watch?v=sBOEt7d3dM4&t=74s,"He also excludes backup running backs, backup tight ends, and players projected for under 7.5 points from captain, then adjusts exposures.",EXTERNAL_MODEL_OUTPUT|PROHIBITED_DIRECT_INPUT,AUTO_TAGGED,UNVERIFIED_EXTERNAL,NOT_A_HARD_LINEUP_RULE
EX029,1. Showdown historical strategy and winning lineup construction,Ibe's DFS Sports Betting,I Gave the DFS Army Optimizer the SHOWDOWN CODE… Here’s What It Built!,7:10,https://www.youtube.com/watch?v=sBOEt7d3dM4&t=430s,"In the displayed optimizer results, a Jaylen Warren captain lineup includes both quarterbacks, a kicker, a defense, and Raheem Sanders.",EXTERNAL_MODEL_OUTPUT,AUTO_TAGGED,UNVERIFIED_EXTERNAL,NOT_A_HARD_LINEUP_RULE
EX030,1. Showdown historical strategy and winning lineup construction,DFS Army - Daily Fantasy Sports,How to Crush NFL Showdowns on Fanduel and Draftkings Using the DFS Army Domination Station Optimizer,8:46,https://www.youtube.com/watch?v=ehza4xs_VSc&t=526s,"The speaker says winning lineups spend $55,000 or less close to 20% of the time.",EMPIRICAL_HISTORICAL_EVIDENCE,AUTO_TAGGED,UNVERIFIED_EXTERNAL,NOT_A_HARD_LINEUP_RULE
EX031,1. Showdown historical strategy and winning lineup construction,DFS Army - Daily Fantasy Sports,How to Crush NFL Showdowns on Fanduel and Draftkings Using the DFS Army Domination Station Optimizer,12:09,https://www.youtube.com/watch?v=ehza4xs_VSc&t=729s,"The speaker recommends excluding lineups with two kickers, saying their study found that such lineups do not win tournaments.",EXPERT_OPINION,AUTO_TAGGED,UNVERIFIED_EXTERNAL,NOT_A_HARD_LINEUP_RULE
EX032,1. Showdown historical strategy and winning lineup construction,DFS Army - Daily Fantasy Sports,How to Crush NFL Showdowns on Fanduel and Draftkings Using the DFS Army Domination Station Optimizer,24:14,https://www.youtube.com/watch?v=ehza4xs_VSc&t=1454s,"The speaker reports that optimal MVPs were past catchers about 18% of the time, running backs about 38%, quarterbacks about 42%, and tight ends about 3%.",EMPIRICAL_HISTORICAL_EVIDENCE,AUTO_TAGGED,UNVERIFIED_EXTERNAL,NOT_A_HARD_LINEUP_RULE
EX033,1. Showdown historical strategy and winning lineup construction,DFS Army - Daily Fantasy Sports,How to Crush NFL Showdowns on Fanduel and Draftkings Using the DFS Army Domination Station Optimizer,46:30,https://www.youtube.com/watch?v=ehza4xs_VSc&t=2790s,The speaker describes a 4-1 onslaught stack and says the standard construction is usually three players from the favorite and two from the underdog.,EXPERT_OPINION,AUTO_TAGGED,UNVERIFIED_EXTERNAL,NOT_A_HARD_LINEUP_RULE
EX034,1. Showdown historical strategy and winning lineup construction,Fantasy Six Pack,NFL DFS Strategy - Winning Showdowns | How To Make More Money,1:33,https://www.youtube.com/watch?v=KKUUjA6MV38&t=93s,"The speaker generally prefers a wide receiver in the captain spot, with running back, quarterback, or tight end as situation-dependent alternatives.",EXPERT_OPINION,AUTO_TAGGED,UNVERIFIED_EXTERNAL,NOT_A_HARD_LINEUP_RULE
EX035,1. Showdown historical strategy and winning lineup construction,Fantasy Six Pack,NFL DFS Strategy - Winning Showdowns | How To Make More Money,2:06,https://www.youtube.com/watch?v=KKUUjA6MV38&t=126s,A wide receiver captain should be paired with that player's quarterback in the flex.,EXPERT_OPINION,AUTO_TAGGED,UNVERIFIED_EXTERNAL,NOT_A_HARD_LINEUP_RULE
EX036,1. Showdown historical strategy and winning lineup construction,Fantasy Six Pack,NFL DFS Strategy - Winning Showdowns | How To Make More Money,5:58,https://www.youtube.com/watch?v=KKUUjA6MV38&t=358s,"At least two flex players, potentially three, should correlate with the captain.",EXPERT_OPINION|PROHIBITED_DIRECT_INPUT,AUTO_TAGGED,UNVERIFIED_EXTERNAL,NOT_A_HARD_LINEUP_RULE
EX037,1. Showdown historical strategy and winning lineup construction,Fantasy Six Pack,NFL DFS Strategy - Winning Showdowns | How To Make More Money,7:07,https://www.youtube.com/watch?v=KKUUjA6MV38&t=427s,"The speaker recommends using no more than one defense/special-teams unit or one kicker, avoiding both kickers, both defenses, and usually a defense plus a kicker.",EXPERT_OPINION,AUTO_TAGGED,UNVERIFIED_EXTERNAL,NOT_A_HARD_LINEUP_RULE
EX038,1. Showdown historical strategy and winning lineup construction,FTA Sports,The DraftKings Showdown Rule That Deletes Your Winning Lineup,1:34,https://www.youtube.com/watch?v=1X6cgvJxsqQ&t=94s,"Across 163 slates, WRs were optimal captain 33.1% of the time, RBs 28%, and QBs 20.9%.",EMPIRICAL_HISTORICAL_EVIDENCE|EXPERT_OPINION,AUTO_TAGGED,UNVERIFIED_EXTERNAL,NOT_A_HARD_LINEUP_RULE
EX039,1. Showdown historical strategy and winning lineup construction,FTA Sports,The DraftKings Showdown Rule That Deletes Your Winning Lineup,6:13,https://www.youtube.com/watch?v=1X6cgvJxsqQ&t=373s,"Winning lineups most often used three or four players from the favorite, while one-player and five-player favorite builds were less common.",EMPIRICAL_HISTORICAL_EVIDENCE,AUTO_TAGGED,UNVERIFIED_EXTERNAL,NOT_A_HARD_LINEUP_RULE
EX040,1. Showdown historical strategy and winning lineup construction,FTA Sports,The DraftKings Showdown Rule That Deletes Your Winning Lineup,7:13,https://www.youtube.com/watch?v=1X6cgvJxsqQ&t=433s,"Kickers appeared in 40.5% of winning lineups and defenses in 31%, while a kicker or defense was captain 8.6% of the time.",EMPIRICAL_HISTORICAL_EVIDENCE,AUTO_TAGGED,UNVERIFIED_EXTERNAL,NOT_A_HARD_LINEUP_RULE
EX041,1. Showdown historical strategy and winning lineup construction,FTA Sports,The DraftKings Showdown Rule That Deletes Your Winning Lineup,8:23,https://www.youtube.com/watch?v=1X6cgvJxsqQ&t=503s,"Only 7.4% of winning lineups spent the full salary cap; 31.3% left up to $900 and 22.7% left $1,000–$1,900.",EMPIRICAL_HISTORICAL_EVIDENCE,AUTO_TAGGED,UNVERIFIED_EXTERNAL,NOT_A_HARD_LINEUP_RULE
EX042,1. Showdown historical strategy and winning lineup construction,Alvin Zeidenfeld,HOW TO WIN ON DRAFTKINGS NFL SHOWDOWN: LINEUP BUILDING TIPS,6:15,https://www.youtube.com/watch?v=lyaKCYf1LrQ&t=375s,A low-projection player can be a viable captain when the salary savings let the lineup afford other desired skill-position players.,EXTERNAL_MODEL_OUTPUT,AUTO_TAGGED,UNVERIFIED_EXTERNAL,NOT_A_HARD_LINEUP_RULE
EX043,1. Showdown historical strategy and winning lineup construction,Alvin Zeidenfeld,HOW TO WIN ON DRAFTKINGS NFL SHOWDOWN: LINEUP BUILDING TIPS,7:24,https://www.youtube.com/watch?v=lyaKCYf1LrQ&t=444s,The speaker estimates that running backs or wide receivers occupied the captain spot in about 71% of winning lineups.,EMPIRICAL_HISTORICAL_EVIDENCE|EXTERNAL_MODEL_OUTPUT|EXPERT_OPINION,AUTO_TAGGED,UNVERIFIED_EXTERNAL,NOT_A_HARD_LINEUP_RULE
EX044,1. Showdown historical strategy and winning lineup construction,Alvin Zeidenfeld,HOW TO WIN ON DRAFTKINGS NFL SHOWDOWN: LINEUP BUILDING TIPS,11:58,https://www.youtube.com/watch?v=lyaKCYf1LrQ&t=718s,"Running backs and wide receivers typically win at captain, but the speaker notes that kickers and quarterbacks can also be the best captain in a given week.",EXPERT_OPINION,AUTO_TAGGED,UNVERIFIED_EXTERNAL,NOT_A_HARD_LINEUP_RULE
EX045,1. Showdown historical strategy and winning lineup construction,Alvin Zeidenfeld,HOW TO WIN ON DRAFTKINGS NFL SHOWDOWN: LINEUP BUILDING TIPS,12:10,https://www.youtube.com/watch?v=lyaKCYf1LrQ&t=730s,The speaker puts quarterback captain wins at about 15–16% and also names defenses and tight ends as possible winning captains.,EMPIRICAL_HISTORICAL_EVIDENCE,AUTO_TAGGED,UNVERIFIED_EXTERNAL,NOT_A_HARD_LINEUP_RULE
EX046,1. Showdown historical strategy and winning lineup construction,One Week Season,DraftKings Showdown Strategy for Seahawks vs Lions | JSN Captain + Game Theory Breakdown,16:29,https://www.youtube.com/watch?v=OTvIy-Jk96U&t=989s,"For a low-scoring Showdown build, prioritize players who can produce without touchdowns and recognize that lower-scoring plays may appear in winning lineups.",EXPERT_OPINION,AUTO_TAGGED,UNVERIFIED_EXTERNAL,NOT_A_HARD_LINEUP_RULE
EX047,1. Showdown historical strategy and winning lineup construction,One Week Season,DraftKings Showdown Strategy for Seahawks vs Lions | JSN Captain + Game Theory Breakdown,16:57,https://www.youtube.com/watch?v=OTvIy-Jk96U&t=1017s,The speaker says kickers and defenses are more likely to be optimal in lower-scoring games.,FIELD_BEHAVIOR_HYPOTHESIS,AUTO_TAGGED,UNVERIFIED_EXTERNAL,NOT_A_HARD_LINEUP_RULE
EX048,1. Showdown historical strategy and winning lineup construction,One Week Season,DraftKings Showdown Strategy for Seahawks vs Lions | JSN Captain + Game Theory Breakdown,19:16,https://www.youtube.com/watch?v=OTvIy-Jk96U&t=1156s,The speaker estimates that roughly 80% of Showdown lineups include at least one quarterback.,EMPIRICAL_HISTORICAL_EVIDENCE|FIELD_BEHAVIOR_HYPOTHESIS,AUTO_TAGGED,UNVERIFIED_EXTERNAL,NOT_A_HARD_LINEUP_RULE
EX049,1. Showdown historical strategy and winning lineup construction,One Week Season,DraftKings Showdown Strategy for Seahawks vs Lions | JSN Captain + Game Theory Breakdown,39:38,https://www.youtube.com/watch?v=OTvIy-Jk96U&t=2378s,"In this lineup example, the speaker chooses a 3-3 build and prefers the kicker to come from a team other than the Captain's team.",FIELD_BEHAVIOR_HYPOTHESIS|EXPERT_OPINION,AUTO_TAGGED,UNVERIFIED_EXTERNAL,NOT_A_HARD_LINEUP_RULE
EX050,1. Showdown historical strategy and winning lineup construction,Occupy Fantasy,How to Build Winning NFL DFS Showdown Lineups on DraftKings & FanDuel (2024),18:17,https://www.youtube.com/watch?v=W9FWB82PwNs&t=1097s,The transcript says historical data favors exactly one quarterback in smaller FanDuel GPPs.,EXPERT_OPINION,AUTO_TAGGED,UNVERIFIED_EXTERNAL,NOT_A_HARD_LINEUP_RULE
EX051,1. Showdown historical strategy and winning lineup construction,Occupy Fantasy,How to Build Winning NFL DFS Showdown Lineups on DraftKings & FanDuel (2024),18:28,https://www.youtube.com/watch?v=W9FWB82PwNs&t=1108s,"For FanDuel small-field GPPs, the guidance permits using the full salary with a low-owned player and suggests leaving $500–$1,000 when all five players are popular.",EMPIRICAL_HISTORICAL_EVIDENCE|FIELD_BEHAVIOR_HYPOTHESIS,AUTO_TAGGED,UNVERIFIED_EXTERNAL,NOT_A_HARD_LINEUP_RULE
EX052,1. Showdown historical strategy and winning lineup construction,Occupy Fantasy,How to Build Winning NFL DFS Showdown Lineups on DraftKings & FanDuel (2024),31:53,https://www.youtube.com/watch?v=W9FWB82PwNs&t=1913s,"The speaker describes a build with one team supplying two players, including the captain, and the other supplying four as historically profitable for wide-receiver captains.",EXPERT_OPINION,AUTO_TAGGED,UNVERIFIED_EXTERNAL,NOT_A_HARD_LINEUP_RULE
EX053,1. Showdown historical strategy and winning lineup construction,Occupy Fantasy,How to Build Winning NFL DFS Showdown Lineups on DraftKings & FanDuel (2024),52:18,https://www.youtube.com/watch?v=W9FWB82PwNs&t=3138s,The speaker recommends at most one defense on FanDuel and says to allow two kickers.,EXPERT_OPINION,AUTO_TAGGED,UNVERIFIED_EXTERNAL,NOT_A_HARD_LINEUP_RULE
EX054,1. Showdown historical strategy and winning lineup construction,Establish The Run,High Level Showdown Strategy + Super Bowl Stuff with Cody Main and Colin Drew,12:44,https://www.youtube.com/watch?v=i98ljRFANdA&t=764s,"In games with spreads between 3.5 and 5.5 points, five-one builds were positively leveraged in top-one-percent lineups whether the onslaught was built around the underdog or favorite.",FIELD_BEHAVIOR_HYPOTHESIS,AUTO_TAGGED,UNVERIFIED_EXTERNAL,NOT_A_HARD_LINEUP_RULE
EX055,1. Showdown historical strategy and winning lineup construction,Establish The Run,High Level Showdown Strategy + Super Bowl Stuff with Cody Main and Colin Drew,13:57,https://www.youtube.com/watch?v=i98ljRFANdA&t=837s,"The speakers said the field favors three-three builds, while onslaughts are underused and may be missed by optimizer-generated 150-lineup sets.",EXTERNAL_MODEL_OUTPUT|FIELD_BEHAVIOR_HYPOTHESIS,AUTO_TAGGED,UNVERIFIED_EXTERNAL,NOT_A_HARD_LINEUP_RULE
EX056,1. Showdown historical strategy and winning lineup construction,Establish The Run,High Level Showdown Strategy + Super Bowl Stuff with Cody Main and Colin Drew,21:30,https://www.youtube.com/watch?v=i98ljRFANdA&t=1290s,"Kickers and defenses were described as more commonly used by the field than found in top-one-percent lineups, though the gap was said to be fairly close.",FIELD_BEHAVIOR_HYPOTHESIS|EXPERT_OPINION,AUTO_TAGGED,UNVERIFIED_EXTERNAL,NOT_A_HARD_LINEUP_RULE
EX057,1. Showdown historical strategy and winning lineup construction,Establish The Run,High Level Showdown Strategy + Super Bowl Stuff with Cody Main and Colin Drew,47:47,https://www.youtube.com/watch?v=i98ljRFANdA&t=2867s,The speakers cited a past solo-winning lineup with no quarterback and described a Cooper Kupp lineup with no quarterback as an analogous extreme-game-script construction.,EXPERT_OPINION,AUTO_TAGGED,UNVERIFIED_EXTERNAL,NOT_A_HARD_LINEUP_RULE
EX058,1. Showdown historical strategy and winning lineup construction,Ship It Nation,"Lions vs Panthers - SNF Sunday Sweatdown | NFL Week 4 | DFS Picks, Plays & Process",26:09,https://www.youtube.com/watch?v=xJlvummhIfI&t=1569s,One speaker expected 60–70% of lineups to use both quarterbacks in this high-total game.,EMPIRICAL_HISTORICAL_EVIDENCE|FIELD_BEHAVIOR_HYPOTHESIS|EXPERT_OPINION,AUTO_TAGGED,UNVERIFIED_EXTERNAL,NOT_A_HARD_LINEUP_RULE
EX059,1. Showdown historical strategy and winning lineup construction,Ship It Nation,"Lions vs Panthers - SNF Sunday Sweatdown | NFL Week 4 | DFS Picks, Plays & Process",26:57,https://www.youtube.com/watch?v=xJlvummhIfI&t=1617s,The other speaker estimated that roughly 30–40% of lineups would use both quarterbacks.,EMPIRICAL_HISTORICAL_EVIDENCE|FIELD_BEHAVIOR_HYPOTHESIS|EXPERT_OPINION,AUTO_TAGGED,UNVERIFIED_EXTERNAL,NOT_A_HARD_LINEUP_RULE
EX060,1. Showdown historical strategy and winning lineup construction,Ship It Nation,"Lions vs Panthers - SNF Sunday Sweatdown | NFL Week 4 | DFS Picks, Plays & Process",33:00,https://www.youtube.com/watch?v=xJlvummhIfI&t=1980s,"The speakers anticipated common lineups with both quarterbacks, Gibbs, LaPorta, and Tmaine, leaving the sixth slot as the remaining construction decision.",EXPERT_OPINION,AUTO_TAGGED,UNVERIFIED_EXTERNAL,NOT_A_HARD_LINEUP_RULE
EX061,1. Showdown historical strategy and winning lineup construction,Ship It Nation,"Lions vs Panthers - SNF Sunday Sweatdown | NFL Week 4 | DFS Picks, Plays & Process",45:24,https://www.youtube.com/watch?v=xJlvummhIfI&t=2724s,"The speaker expected kickers and defenses to be underplayed because the field would spend up to LaPorta or down to Tmaine, and planned to use all four.",FIELD_BEHAVIOR_HYPOTHESIS|EXPERT_OPINION,AUTO_TAGGED,UNVERIFIED_EXTERNAL,NOT_A_HARD_LINEUP_RULE
EX062,1. Showdown historical strategy and winning lineup construction,DFS Army - Daily Fantasy Sports,2025 HOW TO PLAY NFL DRAFTKINGS SHOWDOWN,3:55,https://www.youtube.com/watch?v=-ZBpaHty068&t=235s,The transcript recommends captains from favored teams and avoiding defense or kicker at captain in games with totals above 47 points.,EMPIRICAL_HISTORICAL_EVIDENCE,AUTO_TAGGED,UNVERIFIED_EXTERNAL,NOT_A_HARD_LINEUP_RULE
EX063,1. Showdown historical strategy and winning lineup construction,DFS Army - Daily Fantasy Sports,2025 HOW TO PLAY NFL DRAFTKINGS SHOWDOWN,4:24,https://www.youtube.com/watch?v=-ZBpaHty068&t=264s,"For a pocket-passer captain, the transcript recommends including at least two of that quarterback’s pass catchers.",EXPERT_OPINION,AUTO_TAGGED,UNVERIFIED_EXTERNAL,NOT_A_HARD_LINEUP_RULE
EX064,1. Showdown historical strategy and winning lineup construction,DFS Army - Daily Fantasy Sports,2025 HOW TO PLAY NFL DRAFTKINGS SHOWDOWN,8:01,https://www.youtube.com/watch?v=-ZBpaHty068&t=481s,"For a very low-total game, the transcript describes combining a running-back captain with that team’s defense in the flex.",EXTERNAL_MODEL_OUTPUT,AUTO_TAGGED,UNVERIFIED_EXTERNAL,NOT_A_HARD_LINEUP_RULE
EX065,1. Showdown historical strategy and winning lineup construction,SaberSim DFS - Daily Fantasy Sports Strategy,DFS Q&A: What is a self-sim?,33:39,https://www.youtube.com/watch?v=JjEqfaORNpA&t=2019s,"The transcript gives a showdown example of a low-projected, 42,000-salary lineup described as profitable because nobody else played it.",EXTERNAL_MODEL_OUTPUT|FIELD_BEHAVIOR_HYPOTHESIS,AUTO_TAGGED,UNVERIFIED_EXTERNAL,NOT_A_HARD_LINEUP_RULE
EX066,1. Showdown historical strategy and winning lineup construction,SaberSim DFS - Daily Fantasy Sports Strategy,How to Beat NFL DFS Showdowns,6:32,https://www.youtube.com/watch?v=iE36sFpjaVw&t=392s,"The described method finds the best six-man lineup for each of 5,000 simulated game scripts.",EXTERNAL_MODEL_OUTPUT,AUTO_TAGGED,UNVERIFIED_EXTERNAL,NOT_A_HARD_LINEUP_RULE
EX067,1. Showdown historical strategy and winning lineup construction,SaberSim DFS - Daily Fantasy Sports Strategy,The 3 Rules for Beating NFL Showdown and Single Game GPPs,55:00,https://www.youtube.com/watch?v=7T2VrpJIN1M&t=3300s,The speakers say two same-team running backs can be viable in showdown and caution against applying a blanket lineup rule.,EXPERT_OPINION|PROHIBITED_DIRECT_INPUT,AUTO_TAGGED,UNVERIFIED_EXTERNAL,NOT_A_HARD_LINEUP_RULE
EX068,1. Showdown historical strategy and winning lineup construction,SaberSim DFS - Daily Fantasy Sports Strategy,DFS Q&A: How do I best utilize the dupe metric in the contest sims?,1:15:50,https://www.youtube.com/watch?v=ETNpMZGSNCs&t=4550s,"Jordan gives an optimal-simulation lineup example with two Seattle running backs, DK Metcalf at captain, no Geno Smith, and low salary, but does not present historical winning-lineup rates.",EXTERNAL_MODEL_OUTPUT|FIELD_BEHAVIOR_HYPOTHESIS,AUTO_TAGGED,UNVERIFIED_EXTERNAL,NOT_A_HARD_LINEUP_RULE
EX069,1. Showdown historical strategy and winning lineup construction,SaberSim DFS - Daily Fantasy Sports Strategy,NFL Office Hours - Showdown Q&A,23:14,https://www.youtube.com/watch?v=Re6X-sC0P7A&t=1394s,"The transcript describes checking field lineup frequencies for 4-2, 5-1, and 3-3 stacks, but provides no historical winning-lineup rates or CPT/QB/kicker/DST/salary-left comparisons.",FIELD_BEHAVIOR_HYPOTHESIS,AUTO_TAGGED,UNVERIFIED_EXTERNAL,NOT_A_HARD_LINEUP_RULE
EX070,1. Showdown historical strategy and winning lineup construction,Stokastic DFS - Daily Fantasy Sports Advice,How To Use The Stokastic NFL DFS Contest Generator Tool | NFL DFS Contest Simulations,3:19,https://www.youtube.com/watch?v=QX-prNRoIuA&t=199s,"The generated lineup pool is reported as 33 unstacked, 49.4% with a QB and one pass catcher, and 15.4 qb2 pass catchers; these are not identified as historical or winning Showdown lineup rates.",EMPIRICAL_HISTORICAL_EVIDENCE,AUTO_TAGGED,UNVERIFIED_EXTERNAL,NOT_A_HARD_LINEUP_RULE
EX071,1. Showdown historical strategy and winning lineup construction,SaberSim DFS - Daily Fantasy Sports Strategy,SaberSim's Unique Approach to Projecting Ownership,32:40,https://www.youtube.com/watch?v=zMdDPCaxXjg&t=1960s,"For showdown, the builder uses single-game simulations and can select lineups that are optimal in those simulations; the transcript does not state historical captain rates, 5-1/4-2/3-3 rates, QB counts, kicker/DST usage, or how winners differ from the field.",EXTERNAL_MODEL_OUTPUT|FIELD_BEHAVIOR_HYPOTHESIS,AUTO_TAGGED,UNVERIFIED_EXTERNAL,NOT_A_HARD_LINEUP_RULE
EX072,1. Showdown historical strategy and winning lineup construction,SaberSim DFS - Daily Fantasy Sports Strategy,DFS Q&A: How do I navigate NFL late swap?,21:43,https://www.youtube.com/watch?v=uvDTL8e6Ipo&t=1303s,"The speaker gives quarterback-at-captain with the opposing defense, and multiple same-team running backs, as lineup constructions that may be less likely to be duplicated.",FIELD_BEHAVIOR_HYPOTHESIS|EXPERT_OPINION,AUTO_TAGGED,UNVERIFIED_EXTERNAL,NOT_A_HARD_LINEUP_RULE
EX073,1. Showdown historical strategy and winning lineup construction,SaberSim DFS - Daily Fantasy Sports Strategy,DFS Q&A: How Do You Filter NFL Lineups to Avoid Dupes While Staying +EV?,13:08,https://www.youtube.com/watch?v=wdjc-z_h8m4&t=788s,"For a heavily favored team, the speaker describes average-projection optimization producing many 5-1 lineups and suggests limiting how many of those lineups are included.",EMPIRICAL_HISTORICAL_EVIDENCE|EXTERNAL_MODEL_OUTPUT,AUTO_TAGGED,UNVERIFIED_EXTERNAL,NOT_A_HARD_LINEUP_RULE
EX074,2. Duplication prediction and lineup duplication modeling,SaberSim DFS - Daily Fantasy Sports Strategy,DFS Q&A: Product Ownership and Geometric Mean,3:09,https://www.youtube.com/watch?v=eVWhJ0Cy2FY&t=189s,The speaker uses ownership product multiplied by contest size as an approximation of the expected number of duplicates.,FIELD_BEHAVIOR_HYPOTHESIS,AUTO_TAGGED,UNVERIFIED_EXTERNAL,NOT_A_HARD_LINEUP_RULE
EX075,2. Duplication prediction and lineup duplication modeling,SaberSim DFS - Daily Fantasy Sports Strategy,DFS Q&A: Product Ownership and Geometric Mean,6:47,https://www.youtube.com/watch?v=eVWhJ0Cy2FY&t=407s,The geometric mean is defined as the ownership product raised to the power of one divided by the number of lineup players.,FIELD_BEHAVIOR_HYPOTHESIS|PRODUCTION_CANDIDATE,AUTO_TAGGED,UNVERIFIED_EXTERNAL,NOT_A_HARD_LINEUP_RULE
EX076,2. Duplication prediction and lineup duplication modeling,SaberSim DFS - Daily Fantasy Sports Strategy,DFS Q&A: Product Ownership and Geometric Mean,7:14,https://www.youtube.com/watch?v=eVWhJ0Cy2FY&t=434s,"In the hypothetical six-player Showdown example, the stated geometric mean is 20.1 when ownership is entered as whole-number percentages.",EMPIRICAL_HISTORICAL_EVIDENCE|EXTERNAL_MODEL_OUTPUT|FIELD_BEHAVIOR_HYPOTHESIS|PRODUCTION_CANDIDATE|EXPERT_OPINION,AUTO_TAGGED,UNVERIFIED_EXTERNAL,NOT_A_HARD_LINEUP_RULE
EX077,2. Duplication prediction and lineup duplication modeling,SaberSim DFS - Daily Fantasy Sports Strategy,DFS Q&A: Product Ownership and Geometric Mean,18:39,https://www.youtube.com/watch?v=eVWhJ0Cy2FY&t=1119s,"The ownership-product approximation assumes player selections are independent, although the speaker notes that Captain Mahomes and Flex Kelce are correlated.",FIELD_BEHAVIOR_HYPOTHESIS,AUTO_TAGGED,UNVERIFIED_EXTERNAL,NOT_A_HARD_LINEUP_RULE
EX078,2. Duplication prediction and lineup duplication modeling,SaberSim DFS - Daily Fantasy Sports Strategy,DFS Q&A: Product Ownership and Geometric Mean,19:12,https://www.youtube.com/watch?v=eVWhJ0Cy2FY&t=1152s,"The equation can overestimate duplicates for a $33,000-salary lineup because people are unlikely to play salaries that low.",FIELD_BEHAVIOR_HYPOTHESIS,AUTO_TAGGED,UNVERIFIED_EXTERNAL,NOT_A_HARD_LINEUP_RULE
EX079,2. Duplication prediction and lineup duplication modeling,SaberSim DFS - Daily Fantasy Sports Strategy,DFS Q&A: Product Ownership and Geometric Mean,21:12,https://www.youtube.com/watch?v=eVWhJ0Cy2FY&t=1272s,"The speaker recommends using the rule as a guardrail against extremely duplicated builds, suggesting a 20- or 25-dupe limit rather than insisting on five or fewer.",FIELD_BEHAVIOR_HYPOTHESIS|PRODUCTION_CANDIDATE|EXPERT_OPINION|PROHIBITED_DIRECT_INPUT,AUTO_TAGGED,UNVERIFIED_EXTERNAL,NOT_A_HARD_LINEUP_RULE
EX080,2. Duplication prediction and lineup duplication modeling,SaberSim DFS - Daily Fantasy Sports Strategy,DFS Office Hours 7/29/21: Why avoiding duplication is important in DFS,7:10,https://www.youtube.com/watch?v=U13Q_op4i-g&t=430s,"When lineups tie, the prizes for the tied positions are combined and split equally among the tied entries.",EXPERT_OPINION,AUTO_TAGGED,UNVERIFIED_EXTERNAL,NOT_A_HARD_LINEUP_RULE
EX081,2. Duplication prediction and lineup duplication modeling,SaberSim DFS - Daily Fantasy Sports Strategy,DFS Office Hours 7/29/21: Why avoiding duplication is important in DFS,8:39,https://www.youtube.com/watch?v=U13Q_op4i-g&t=519s,"In the hypothetical contest, expected value falls from $240 to $178 when the lineup is guaranteed to be duplicated once.",FIELD_BEHAVIOR_HYPOTHESIS|PROHIBITED_DIRECT_INPUT,AUTO_TAGGED,UNVERIFIED_EXTERNAL,NOT_A_HARD_LINEUP_RULE
EX082,2. Duplication prediction and lineup duplication modeling,SaberSim DFS - Daily Fantasy Sports Strategy,DFS Office Hours 7/29/21: Why avoiding duplication is important in DFS,9:03,https://www.youtube.com/watch?v=U13Q_op4i-g&t=543s,"Duplication reduces a lineup’s expected value and overall ROI, with the impact worsening as the number of duplicates increases.",FIELD_BEHAVIOR_HYPOTHESIS,AUTO_TAGGED,UNVERIFIED_EXTERNAL,NOT_A_HARD_LINEUP_RULE
EX083,2. Duplication prediction and lineup duplication modeling,SaberSim DFS - Daily Fantasy Sports Strategy,DFS Office Hours 7/29/21: Why avoiding duplication is important in DFS,9:18,https://www.youtube.com/watch?v=U13Q_op4i-g&t=558s,Entering the same lineup repeatedly lowers its expected value and requires paying additional entry fees.,FIELD_BEHAVIOR_HYPOTHESIS,AUTO_TAGGED,UNVERIFIED_EXTERNAL,NOT_A_HARD_LINEUP_RULE
EX084,2. Duplication prediction and lineup duplication modeling,SaberSim DFS - Daily Fantasy Sports Strategy,DFS Office Hours 7/29/21: Why avoiding duplication is important in DFS,11:22,https://www.youtube.com/watch?v=U13Q_op4i-g&t=682s,"In very large NFL Showdown contests, avoiding duplicated lineups may matter more than fading ownership for leverage.",FIELD_BEHAVIOR_HYPOTHESIS|EXPERT_OPINION|PROHIBITED_DIRECT_INPUT,AUTO_TAGGED,UNVERIFIED_EXTERNAL,NOT_A_HARD_LINEUP_RULE
EX085,2. Duplication prediction and lineup duplication modeling,SaberSim DFS - Daily Fantasy Sports Strategy,DFS Q&A: Avoiding Dupes on Small NFL Slates,3:19,https://www.youtube.com/watch?v=KDQWYsMCP8w&t=199s,The suggested method for assessing whether duplication matters is to find a comparable past slate and examine its results.,FIELD_BEHAVIOR_HYPOTHESIS|EXPERT_OPINION|PROHIBITED_DIRECT_INPUT,AUTO_TAGGED,UNVERIFIED_EXTERNAL,NOT_A_HARD_LINEUP_RULE
EX086,2. Duplication prediction and lineup duplication modeling,SaberSim DFS - Daily Fantasy Sports Strategy,DFS Q&A: Avoiding Dupes on Small NFL Slates,5:21,https://www.youtube.com/watch?v=KDQWYsMCP8w&t=321s,The presenter checks average duplicate counts among 150-max entries after sorting by SIM ROI.,EXTERNAL_MODEL_OUTPUT|FIELD_BEHAVIOR_HYPOTHESIS|EXPERT_OPINION,AUTO_TAGGED,UNVERIFIED_EXTERNAL,NOT_A_HARD_LINEUP_RULE
EX087,2. Duplication prediction and lineup duplication modeling,SaberSim DFS - Daily Fantasy Sports Strategy,DFS Q&A: Avoiding Dupes on Small NFL Slates,7:47,https://www.youtube.com/watch?v=KDQWYsMCP8w&t=467s,"The presenter identifies salary, ownership, and lineup construction as different factors related to how likely a lineup is to be played.",FIELD_BEHAVIOR_HYPOTHESIS,AUTO_TAGGED,UNVERIFIED_EXTERNAL,NOT_A_HARD_LINEUP_RULE
EX088,2. Duplication prediction and lineup duplication modeling,SaberSim DFS - Daily Fantasy Sports Strategy,DFS Q&A: Avoiding Dupes on Small NFL Slates,9:10,https://www.youtube.com/watch?v=KDQWYsMCP8w&t=550s,The example filters out roughly the highest 10% of Geomine lineups as those considered most likely to be duplicated.,EMPIRICAL_HISTORICAL_EVIDENCE|FIELD_BEHAVIOR_HYPOTHESIS|EXPERT_OPINION|PROHIBITED_DIRECT_INPUT,AUTO_TAGGED,UNVERIFIED_EXTERNAL,NOT_A_HARD_LINEUP_RULE
EX089,2. Duplication prediction and lineup duplication modeling,SaberSim DFS - Daily Fantasy Sports Strategy,DFS Q&A: How Do You Reduce Dupes in Showdown?,14:57,https://www.youtube.com/watch?v=JuOzj5ZOQHk&t=897s,"One suggested way to reduce showdown duplication is to experiment with a maximum salary below the $50,000 cap.",FIELD_BEHAVIOR_HYPOTHESIS|EXPERT_OPINION,AUTO_TAGGED,UNVERIFIED_EXTERNAL,NOT_A_HARD_LINEUP_RULE
EX090,2. Duplication prediction and lineup duplication modeling,SaberSim DFS - Daily Fantasy Sports Strategy,DFS Q&A: How Do You Reduce Dupes in Showdown?,23:46,https://www.youtube.com/watch?v=JuOzj5ZOQHk&t=1426s,The speaker distinguishes sum-ownership filters from product/geometric-mean ownership filters and notes that they work differently.,FIELD_BEHAVIOR_HYPOTHESIS|PRODUCTION_CANDIDATE,AUTO_TAGGED,UNVERIFIED_EXTERNAL,NOT_A_HARD_LINEUP_RULE
EX091,2. Duplication prediction and lineup duplication modeling,SaberSim DFS - Daily Fantasy Sports Strategy,DFS Q&A: How Do You Reduce Dupes in Showdown?,25:22,https://www.youtube.com/watch?v=JuOzj5ZOQHk&t=1522s,"In the demonstrated 500-lineup pool, a sum-ownership threshold of 200 removed 68 lineups, within the suggested 10–20% filtering range.",EMPIRICAL_HISTORICAL_EVIDENCE|FIELD_BEHAVIOR_HYPOTHESIS|EXPERT_OPINION,AUTO_TAGGED,UNVERIFIED_EXTERNAL,NOT_A_HARD_LINEUP_RULE
EX092,2. Duplication prediction and lineup duplication modeling,SaberSim DFS - Daily Fantasy Sports Strategy,DFS Q&A: How Do You Reduce Dupes in Showdown?,25:43,https://www.youtube.com/watch?v=JuOzj5ZOQHk&t=1543s,The speaker says geometric-mean ownership is more accurate than sum ownership for projecting duplication and requires a custom metric.,FIELD_BEHAVIOR_HYPOTHESIS|PRODUCTION_CANDIDATE,AUTO_TAGGED,UNVERIFIED_EXTERNAL,NOT_A_HARD_LINEUP_RULE
EX093,2. Duplication prediction and lineup duplication modeling,SaberSim DFS - Daily Fantasy Sports Strategy,DFS Q&A: What is the best way to reduce dupes in Showdown?,5:45,https://www.youtube.com/watch?v=eWWw-7T2YLk&t=345s,"The ownership build retains repeated lineups to account for duplication, and the contest sim compares a lineup against a theoretical field.",EXTERNAL_MODEL_OUTPUT|FIELD_BEHAVIOR_HYPOTHESIS|PRODUCTION_CANDIDATE|EXPERT_OPINION,AUTO_TAGGED,UNVERIFIED_EXTERNAL,NOT_A_HARD_LINEUP_RULE
EX094,2. Duplication prediction and lineup duplication modeling,SaberSim DFS - Daily Fantasy Sports Strategy,DFS Q&A: What is the best way to reduce dupes in Showdown?,6:43,https://www.youtube.com/watch?v=eWWw-7T2YLk&t=403s,"To select lineups with no simulated duplicates, set a filter for contest-sim dupes less than one.",EXTERNAL_MODEL_OUTPUT|FIELD_BEHAVIOR_HYPOTHESIS|PRODUCTION_CANDIDATE|EXPERT_OPINION,AUTO_TAGGED,UNVERIFIED_EXTERNAL,NOT_A_HARD_LINEUP_RULE
EX095,2. Duplication prediction and lineup duplication modeling,SaberSim DFS - Daily Fantasy Sports Strategy,DFS Q&A: What is the best way to reduce dupes in Showdown?,8:15,https://www.youtube.com/watch?v=eWWw-7T2YLk&t=495s,"Geometric mean uses actual contest size as a variable, which the speaker says makes it more accurate as the number of simulated field lineups grows.",EXTERNAL_MODEL_OUTPUT|FIELD_BEHAVIOR_HYPOTHESIS|PRODUCTION_CANDIDATE|EXPERT_OPINION,AUTO_TAGGED,UNVERIFIED_EXTERNAL,NOT_A_HARD_LINEUP_RULE
EX096,2. Duplication prediction and lineup duplication modeling,SaberSim DFS - Daily Fantasy Sports Strategy,DFS Q&A: What is the best way to reduce dupes in Showdown?,8:38,https://www.youtube.com/watch?v=eWWw-7T2YLk&t=518s,The speaker prefers geometric mean over the contest-sim dupe count as a directional guide for reducing duplication.,EMPIRICAL_HISTORICAL_EVIDENCE|EXTERNAL_MODEL_OUTPUT|FIELD_BEHAVIOR_HYPOTHESIS|PRODUCTION_CANDIDATE|EXPERT_OPINION,AUTO_TAGGED,UNVERIFIED_EXTERNAL,NOT_A_HARD_LINEUP_RULE
EX097,2. Duplication prediction and lineup duplication modeling,SaberSim DFS - Daily Fantasy Sports Strategy,The 3 Rules for Beating NFL Showdown and Single Game GPPs,43:00,https://www.youtube.com/watch?v=7T2VrpJIN1M&t=2580s,Duplication reduces a lineup’s expected value because the payout for that outcome is divided among duplicate entries.,FIELD_BEHAVIOR_HYPOTHESIS,AUTO_TAGGED,UNVERIFIED_EXTERNAL,NOT_A_HARD_LINEUP_RULE
EX098,2. Duplication prediction and lineup duplication modeling,SaberSim DFS - Daily Fantasy Sports Strategy,The 3 Rules for Beating NFL Showdown and Single Game GPPs,44:18,https://www.youtube.com/watch?v=7T2VrpJIN1M&t=2658s,The default showdown build lowers the maximum salary by $100 from DraftKings’ salary cap as a way to reduce duplication.,FIELD_BEHAVIOR_HYPOTHESIS,AUTO_TAGGED,UNVERIFIED_EXTERNAL,NOT_A_HARD_LINEUP_RULE
EX099,2. Duplication prediction and lineup duplication modeling,SaberSim DFS - Daily Fantasy Sports Strategy,The 3 Rules for Beating NFL Showdown and Single Game GPPs,46:26,https://www.youtube.com/watch?v=7T2VrpJIN1M&t=2786s,"The speakers warn that full-salary lineups in large contests are likely to be duplicated, potentially many times.",FIELD_BEHAVIOR_HYPOTHESIS,AUTO_TAGGED,UNVERIFIED_EXTERNAL,NOT_A_HARD_LINEUP_RULE
EX100,2. Duplication prediction and lineup duplication modeling,SaberSim DFS - Daily Fantasy Sports Strategy,Master The Art of NFL DFS Showdowns,2:05,https://www.youtube.com/watch?v=Fr2FxzlztT4&t=125s,Ties caused by duplicated first-place lineups split the advertised top prize among the tied entries and reduce each lineup’s payout.,FIELD_BEHAVIOR_HYPOTHESIS,AUTO_TAGGED,UNVERIFIED_EXTERNAL,NOT_A_HARD_LINEUP_RULE
EX101,2. Duplication prediction and lineup duplication modeling,SaberSim DFS - Daily Fantasy Sports Strategy,Master The Art of NFL DFS Showdowns,32:00,https://www.youtube.com/watch?v=Fr2FxzlztT4&t=1920s,The ownership-product estimate assumes player selections are independent and estimates expected duplicates by multiplying lineup ownership product by contest entries.,FIELD_BEHAVIOR_HYPOTHESIS,AUTO_TAGGED,UNVERIFIED_EXTERNAL,NOT_A_HARD_LINEUP_RULE
EX102,2. Duplication prediction and lineup duplication modeling,SaberSim DFS - Daily Fantasy Sports Strategy,Master The Art of NFL DFS Showdowns,33:05,https://www.youtube.com/watch?v=Fr2FxzlztT4&t=1985s,"A relatively high geometric-mean cap can help avoid unexpectedly duplicated lineups, while an extremely low cap used alone to force uniqueness can be harmful.",EXTERNAL_MODEL_OUTPUT|FIELD_BEHAVIOR_HYPOTHESIS|PRODUCTION_CANDIDATE,AUTO_TAGGED,UNVERIFIED_EXTERNAL,NOT_A_HARD_LINEUP_RULE
EX103,2. Duplication prediction and lineup duplication modeling,SaberSim DFS - Daily Fantasy Sports Strategy,DFS Q&A: Simulations can help you avoid duplication in DFS,33:38,https://www.youtube.com/watch?v=PSqHBQYbYqE&t=2018s,"Each lineup uses a randomly sampled subset of the game simulations, making repeated lineups less likely to use the same simulation set.",EXTERNAL_MODEL_OUTPUT,AUTO_TAGGED,UNVERIFIED_EXTERNAL,NOT_A_HARD_LINEUP_RULE
EX104,2. Duplication prediction and lineup duplication modeling,SaberSim DFS - Daily Fantasy Sports Strategy,DFS Q&A: Simulations can help you avoid duplication in DFS,35:46,https://www.youtube.com/watch?v=PSqHBQYbYqE&t=2146s,Increasing sim variance reduces the likelihood of duplication with other builds or SaberSim users.,EXTERNAL_MODEL_OUTPUT|FIELD_BEHAVIOR_HYPOTHESIS,AUTO_TAGGED,UNVERIFIED_EXTERNAL,NOT_A_HARD_LINEUP_RULE
EX105,2. Duplication prediction and lineup duplication modeling,SaberSim DFS - Daily Fantasy Sports Strategy,DFS Q&A: Simulations can help you avoid duplication in DFS,36:23,https://www.youtube.com/watch?v=PSqHBQYbYqE&t=2183s,The speaker recommends focusing on duplication across the whole contest rather than specifically avoiding SaberSim users.,EXTERNAL_MODEL_OUTPUT|FIELD_BEHAVIOR_HYPOTHESIS,AUTO_TAGGED,UNVERIFIED_EXTERNAL,NOT_A_HARD_LINEUP_RULE
EX106,2. Duplication prediction and lineup duplication modeling,DFS Army - Daily Fantasy Sports,2025 HOW TO PLAY NFL DRAFTKINGS SHOWDOWN,5:26,https://www.youtube.com/watch?v=-ZBpaHty068&t=326s,"The transcript warns that lineups with many highly owned players, especially a highly owned captain, are likely to land in a large tie group.",FIELD_BEHAVIOR_HYPOTHESIS,AUTO_TAGGED,UNVERIFIED_EXTERNAL,NOT_A_HARD_LINEUP_RULE
EX107,2. Duplication prediction and lineup duplication modeling,DFS Army - Daily Fantasy Sports,2025 HOW TO PLAY NFL DRAFTKINGS SHOWDOWN,5:59,https://www.youtube.com/watch?v=-ZBpaHty068&t=359s,"The transcript recommends leaving salary unused to avoid common DraftKings lineups that spend exactly $50,000.",EXTERNAL_MODEL_OUTPUT|FIELD_BEHAVIOR_HYPOTHESIS|EXPERT_OPINION,AUTO_TAGGED,UNVERIFIED_EXTERNAL,NOT_A_HARD_LINEUP_RULE
EX108,2. Duplication prediction and lineup duplication modeling,DFS Army - Daily Fantasy Sports,2025 HOW TO PLAY NFL DRAFTKINGS SHOWDOWN,6:38,https://www.youtube.com/watch?v=-ZBpaHty068&t=398s,The transcript recommends setting an optimizer ownership cap to limit overly chalky lineups and hopefully avoid duplication.,EXTERNAL_MODEL_OUTPUT|FIELD_BEHAVIOR_HYPOTHESIS,AUTO_TAGGED,UNVERIFIED_EXTERNAL,NOT_A_HARD_LINEUP_RULE
EX109,2. Duplication prediction and lineup duplication modeling,SaberSim DFS - Daily Fantasy Sports Strategy,Why is avoiding duplication important in DFS?,2:56,https://www.youtube.com/watch?v=MCss_MdowIc&t=176s,"When two lineups tie for first, the site combines the first- and second-place prizes and splits them equally between the tied players.",FIELD_BEHAVIOR_HYPOTHESIS,AUTO_TAGGED,UNVERIFIED_EXTERNAL,NOT_A_HARD_LINEUP_RULE
EX110,2. Duplication prediction and lineup duplication modeling,SaberSim DFS - Daily Fantasy Sports Strategy,Why is avoiding duplication important in DFS?,4:31,https://www.youtube.com/watch?v=MCss_MdowIc&t=271s,"In the hypothetical contest, expected value falls from 240 to 178 when the lineup is guaranteed to be duplicated once.",FIELD_BEHAVIOR_HYPOTHESIS|PROHIBITED_DIRECT_INPUT,AUTO_TAGGED,UNVERIFIED_EXTERNAL,NOT_A_HARD_LINEUP_RULE
EX111,2. Duplication prediction and lineup duplication modeling,SaberSim DFS - Daily Fantasy Sports Strategy,Why is avoiding duplication important in DFS?,6:24,https://www.youtube.com/watch?v=MCss_MdowIc&t=384s,"Fading ownership can help avoid duplicated lineups, while also providing leverage when a low-owned player performs well.",FIELD_BEHAVIOR_HYPOTHESIS|EXPERT_OPINION|PROHIBITED_DIRECT_INPUT,AUTO_TAGGED,UNVERIFIED_EXTERNAL,NOT_A_HARD_LINEUP_RULE
EX112,2. Duplication prediction and lineup duplication modeling,Establish The Run,DFS Tournament Strategy - How to Beat Small Field & Single Entry GPPs,17:13,https://www.youtube.com/watch?v=Z79IcL2Cruk&t=1033s,"Cumulative or product ownership can be a general check against building a cash lineup, but the transcript cautions that ownership percentages are not interchangeable.",FIELD_BEHAVIOR_HYPOTHESIS|PRODUCTION_CANDIDATE|EXPERT_OPINION,AUTO_TAGGED,UNVERIFIED_EXTERNAL,NOT_A_HARD_LINEUP_RULE
EX113,2. Duplication prediction and lineup duplication modeling,Establish The Run,DFS Tournament Strategy - How to Beat Small Field & Single Entry GPPs,22:14,https://www.youtube.com/watch?v=Z79IcL2Cruk&t=1334s,"The transcript warns that duplicate lineups are undesirable and notes that identical lineups appeared in smaller-field contests, including the Thunderdome.",FIELD_BEHAVIOR_HYPOTHESIS,AUTO_TAGGED,UNVERIFIED_EXTERNAL,NOT_A_HARD_LINEUP_RULE
EX114,2. Duplication prediction and lineup duplication modeling,Establish The Run,DFS Tournament Strategy - How to Beat Small Field & Single Entry GPPs,22:34,https://www.youtube.com/watch?v=Z79IcL2Cruk&t=1354s,The speakers say NFL's nine roster spots make duplication difficult and that the math does not necessarily support leaving a lot of salary unused.,FIELD_BEHAVIOR_HYPOTHESIS,AUTO_TAGGED,UNVERIFIED_EXTERNAL,NOT_A_HARD_LINEUP_RULE
EX115,2. Duplication prediction and lineup duplication modeling,SaberSim DFS - Daily Fantasy Sports Strategy,DFS Q&A: How Do You Use Geomean to Reduce Dupes in NFL Showdown?,13:05,https://www.youtube.com/watch?v=UTQzHyEzDEw&t=785s,The speaker cautions that Geomean or product ownership alone does not determine duplication and advises against overly aggressive filtering.,FIELD_BEHAVIOR_HYPOTHESIS|PRODUCTION_CANDIDATE|EXPERT_OPINION,AUTO_TAGGED,UNVERIFIED_EXTERNAL,NOT_A_HARD_LINEUP_RULE
EX116,2. Duplication prediction and lineup duplication modeling,SaberSim DFS - Daily Fantasy Sports Strategy,DFS Q&A: How Do You Use Geomean to Reduce Dupes in NFL Showdown?,15:44,https://www.youtube.com/watch?v=UTQzHyEzDEw&t=944s,The suggested Geomean method is to set a threshold and check how many high-Geomean lineups it removes.,PRODUCTION_CANDIDATE|EXPERT_OPINION,AUTO_TAGGED,UNVERIFIED_EXTERNAL,NOT_A_HARD_LINEUP_RULE
EX117,2. Duplication prediction and lineup duplication modeling,SaberSim DFS - Daily Fantasy Sports Strategy,DFS Q&A: How Do You Use Geomean to Reduce Dupes in NFL Showdown?,16:04,https://www.youtube.com/watch?v=UTQzHyEzDEw&t=964s,"For a 500-lineup pool, the speaker recommends trimming roughly 50 to 100 lineups, or 10 to 20%.",EMPIRICAL_HISTORICAL_EVIDENCE,AUTO_TAGGED,UNVERIFIED_EXTERNAL,NOT_A_HARD_LINEUP_RULE
EX118,2. Duplication prediction and lineup duplication modeling,SaberSim DFS - Daily Fantasy Sports Strategy,How to Beat NFL DFS Showdowns,2:51,https://www.youtube.com/watch?v=iE36sFpjaVw&t=171s,The speaker says duplicated lineups divide first-place winnings and that shared game expectations can lead many entrants to the same lineup.,FIELD_BEHAVIOR_HYPOTHESIS,AUTO_TAGGED,UNVERIFIED_EXTERNAL,NOT_A_HARD_LINEUP_RULE
EX119,2. Duplication prediction and lineup duplication modeling,SaberSim DFS - Daily Fantasy Sports Strategy,How to Beat NFL DFS Showdowns,9:23,https://www.youtube.com/watch?v=iE36sFpjaVw&t=563s,The lineup evaluation accounts for expected duplication by reflecting the reduced payout when a lineup is shared.,FIELD_BEHAVIOR_HYPOTHESIS,AUTO_TAGGED,UNVERIFIED_EXTERNAL,NOT_A_HARD_LINEUP_RULE
EX120,2. Duplication prediction and lineup duplication modeling,SaberSim DFS - Daily Fantasy Sports Strategy,DFS Q&A: How do I best utilize the dupe metric in the contest sims?,1:03:10,https://www.youtube.com/watch?v=ETNpMZGSNCs&t=3790s,"The dupe metric counts appearances in the contest-simulation field, capped at 5,000 lineups, rather than predicting the exact duplication count in the entered contest.",EMPIRICAL_HISTORICAL_EVIDENCE|EXTERNAL_MODEL_OUTPUT|FIELD_BEHAVIOR_HYPOTHESIS|PRODUCTION_CANDIDATE,AUTO_TAGGED,UNVERIFIED_EXTERNAL,NOT_A_HARD_LINEUP_RULE
EX121,2. Duplication prediction and lineup duplication modeling,SaberSim DFS - Daily Fantasy Sports Strategy,DFS Q&A: How do I best utilize the dupe metric in the contest sims?,1:21:22,https://www.youtube.com/watch?v=ETNpMZGSNCs&t=4882s,"Jordan's process combines risk-adjusted ROI sorting with dupe, salary, and geometric-mean ownership filters to remove lineups he expects to be exceptionally duplicated.",EXTERNAL_MODEL_OUTPUT|FIELD_BEHAVIOR_HYPOTHESIS|PRODUCTION_CANDIDATE|EXPERT_OPINION,AUTO_TAGGED,UNVERIFIED_EXTERNAL,NOT_A_HARD_LINEUP_RULE
EX122,2. Duplication prediction and lineup duplication modeling,SaberSim DFS - Daily Fantasy Sports Strategy,NFL Office Hours - Showdown Q&A,30:54,https://www.youtube.com/watch?v=Re6X-sC0P7A&t=1854s,"The geometric mean is presented as a way to estimate lineup duplication; a larger geometric mean indicates a lineup is more likely to be duplicated, and a smaller one indicates it is less likely.",FIELD_BEHAVIOR_HYPOTHESIS|PRODUCTION_CANDIDATE|EXPERT_OPINION|PROHIBITED_DIRECT_INPUT,AUTO_TAGGED,UNVERIFIED_EXTERNAL,NOT_A_HARD_LINEUP_RULE
EX123,2. Duplication prediction and lineup duplication modeling,SaberSim DFS - Daily Fantasy Sports Strategy,NFL Office Hours - Showdown Q&A,31:51,https://www.youtube.com/watch?v=Re6X-sC0P7A&t=1911s,"The demonstrated geometric-mean calculation uses an estimated 20 dupes, 158,000 contest entries, and six players in a Showdown lineup.",FIELD_BEHAVIOR_HYPOTHESIS|PRODUCTION_CANDIDATE|EXPERT_OPINION,AUTO_TAGGED,UNVERIFIED_EXTERNAL,NOT_A_HARD_LINEUP_RULE
EX124,2. Duplication prediction and lineup duplication modeling,One Week Season,DraftKings Showdown Strategy for Seahawks vs Lions | JSN Captain + Game Theory Breakdown,28:53,https://www.youtube.com/watch?v=OTvIy-Jk96U&t=1733s,"To anticipate duplicated lineups, the speaker recommends considering salary left, player names, likely ownership, and common constructions.",FIELD_BEHAVIOR_HYPOTHESIS,AUTO_TAGGED,UNVERIFIED_EXTERNAL,NOT_A_HARD_LINEUP_RULE
EX125,2. Duplication prediction and lineup duplication modeling,One Week Season,DraftKings Showdown Strategy for Seahawks vs Lions | JSN Captain + Game Theory Breakdown,29:12,https://www.youtube.com/watch?v=OTvIy-Jk96U&t=1752s,The speaker says duplicated lineups can sharply reduce expected value by splitting first-place winnings among many entrants.,FIELD_BEHAVIOR_HYPOTHESIS|EXPERT_OPINION,AUTO_TAGGED,UNVERIFIED_EXTERNAL,NOT_A_HARD_LINEUP_RULE
EX126,2. Duplication prediction and lineup duplication modeling,Establish The Run,High Level Showdown Strategy + Super Bowl Stuff with Cody Main and Colin Drew,43:54,https://www.youtube.com/watch?v=i98ljRFANdA&t=2634s,"Their duplication estimate starts with the product of projected ownerships for the captain and flex players, adjusted with a correlation coefficient.",EXTERNAL_MODEL_OUTPUT|FIELD_BEHAVIOR_HYPOTHESIS,AUTO_TAGGED,UNVERIFIED_EXTERNAL,NOT_A_HARD_LINEUP_RULE
EX127,2. Duplication prediction and lineup duplication modeling,Establish The Run,High Level Showdown Strategy + Super Bowl Stuff with Cody Main and Colin Drew,45:41,https://www.youtube.com/watch?v=i98ljRFANdA&t=2741s,"Product ownership had an R-squared of 0.55 with lineup duplication, compared with 0.26 for total ownership.",FIELD_BEHAVIOR_HYPOTHESIS|PRODUCTION_CANDIDATE,AUTO_TAGGED,UNVERIFIED_EXTERNAL,NOT_A_HARD_LINEUP_RULE
EX128,2. Duplication prediction and lineup duplication modeling,SaberSim DFS - Daily Fantasy Sports Strategy,DFS Q&A: How Do You Filter NFL Lineups to Avoid Dupes While Staying +EV?,12:46,https://www.youtube.com/watch?v=wdjc-z_h8m4&t=766s,Lowering the maximum salary and leaving salary unused is presented as a way to reduce lineup duplication.,FIELD_BEHAVIOR_HYPOTHESIS|EXPERT_OPINION,AUTO_TAGGED,UNVERIFIED_EXTERNAL,NOT_A_HARD_LINEUP_RULE
EX129,2. Duplication prediction and lineup duplication modeling,SaberSim DFS - Daily Fantasy Sports Strategy,DFS Q&A: How Do You Filter NFL Lineups to Avoid Dupes While Staying +EV?,13:46,https://www.youtube.com/watch?v=wdjc-z_h8m4&t=826s,The speaker recommends an ownership filter and specifically names geometric mean as an option for managing duplication.,FIELD_BEHAVIOR_HYPOTHESIS|PRODUCTION_CANDIDATE,AUTO_TAGGED,UNVERIFIED_EXTERNAL,NOT_A_HARD_LINEUP_RULE
EX130,2. Duplication prediction and lineup duplication modeling,SaberSim DFS - Daily Fantasy Sports Strategy,DFS Q&A: For the 20-Max and 150-Max contest do you use the same pool?,26:41,https://www.youtube.com/watch?v=PRtm5_i9qqQ&t=1601s,Contest simulations account for duplication by simulating each lineup against an expected field that includes duplicated lineups.,EXTERNAL_MODEL_OUTPUT|FIELD_BEHAVIOR_HYPOTHESIS|PRODUCTION_CANDIDATE,AUTO_TAGGED,UNVERIFIED_EXTERNAL,NOT_A_HARD_LINEUP_RULE
EX131,2. Duplication prediction and lineup duplication modeling,SaberSim DFS - Daily Fantasy Sports Strategy,DFS Q&A: For the 20-Max and 150-Max contest do you use the same pool?,29:44,https://www.youtube.com/watch?v=PRtm5_i9qqQ&t=1784s,Filtering out lineups projected to be duplicated reduced the available set while making the remaining lineups less duplicated and safer in projected ROI in this example.,EXTERNAL_MODEL_OUTPUT|FIELD_BEHAVIOR_HYPOTHESIS,AUTO_TAGGED,UNVERIFIED_EXTERNAL,NOT_A_HARD_LINEUP_RULE
EX132,2. Duplication prediction and lineup duplication modeling,SaberSim DFS - Daily Fantasy Sports Strategy,"DFS Office Hours 10/5: Different build settings for different contests, impact of pool size on build",43:16,https://www.youtube.com/watch?v=7yKBIoYboE8&t=2596s,The speaker uses the product of lineup ownerships as an indicator of relative duplication risk.,FIELD_BEHAVIOR_HYPOTHESIS,AUTO_TAGGED,UNVERIFIED_EXTERNAL,NOT_A_HARD_LINEUP_RULE
EX133,2. Duplication prediction and lineup duplication modeling,DFS Army - Daily Fantasy Sports,How to Crush NFL Showdowns on Fanduel and Draftkings Using the DFS Army Domination Station Optimizer,7:39,https://www.youtube.com/watch?v=ehza4xs_VSc&t=459s,"The speaker warns that full-cap lineups in a 150,000-entry tournament can tie with hundreds of other lineups.",EXTERNAL_MODEL_OUTPUT,AUTO_TAGGED,UNVERIFIED_EXTERNAL,NOT_A_HARD_LINEUP_RULE
EX134,2. Duplication prediction and lineup duplication modeling,SaberSim DFS - Daily Fantasy Sports Strategy,DFS Q&A: How Do Contest Sims Work for Small vs. Large-Field Contests?,12:39,https://www.youtube.com/watch?v=h9O1DRC4ABo&t=759s,"The lineup pool counts repeated lineups as Sim optimals without inserting duplicates, while the ownership build retains repeated lineups to represent duplication.",EXTERNAL_MODEL_OUTPUT|FIELD_BEHAVIOR_HYPOTHESIS,AUTO_TAGGED,UNVERIFIED_EXTERNAL,NOT_A_HARD_LINEUP_RULE
EX135,2. Duplication prediction and lineup duplication modeling,925 Sports,How to be Profitable Playing NFL DFS Showdown Slates,11:19,https://www.youtube.com/watch?v=kVhN3OfbEBs&t=679s,"The transcript says overly chalky builds that leave little salary unused are likely to be duplicated, limiting the payoff even when they hit.",FIELD_BEHAVIOR_HYPOTHESIS,AUTO_TAGGED,UNVERIFIED_EXTERNAL,NOT_A_HARD_LINEUP_RULE
EX136,2. Duplication prediction and lineup duplication modeling,Mayo Media Network,"NFL DFS Strategy Masterclass: Game Theory, Stacking & How to Actually Win",35:39,https://www.youtube.com/watch?v=oj36e7aIMHc&t=2139s,A shared three-player core can make a lineup combination highly chalky in a particular contest even when only 10% of the field has that core.,EMPIRICAL_HISTORICAL_EVIDENCE|FIELD_BEHAVIOR_HYPOTHESIS,AUTO_TAGGED,UNVERIFIED_EXTERNAL,NOT_A_HARD_LINEUP_RULE
EX137,2. Duplication prediction and lineup duplication modeling,Stokastic DFS - Daily Fantasy Sports Advice,How To Use The Stokastic NFL DFS Contest Generator Tool | NFL DFS Contest Simulations,4:00,https://www.youtube.com/watch?v=QX-prNRoIuA&t=240s,"The tool flags single-game lineups expected to be duplicated by the field, with 30–40 duplicates given as an example to avoid.",FIELD_BEHAVIOR_HYPOTHESIS,AUTO_TAGGED,UNVERIFIED_EXTERNAL,NOT_A_HARD_LINEUP_RULE
EX138,2. Duplication prediction and lineup duplication modeling,DFS Army - Daily Fantasy Sports,I Cracked the Code on NFL Showdown Lineups (Do This to Win),19:10,https://www.youtube.com/watch?v=65HDqKemR88&t=1150s,The transcript connects lower total lineup ownership with fewer ties and reports 33 wins in its under-140%-ownership band across 350 lineups.,EMPIRICAL_HISTORICAL_EVIDENCE|FIELD_BEHAVIOR_HYPOTHESIS,AUTO_TAGGED,UNVERIFIED_EXTERNAL,NOT_A_HARD_LINEUP_RULE
EX139,2. Duplication prediction and lineup duplication modeling,SaberSim DFS - Daily Fantasy Sports Strategy,SaberSim's Unique Approach to Projecting Ownership,1:17:56,https://www.youtube.com/watch?v=zMdDPCaxXjg&t=4676s,"The speaker favors a salary setting of 49.5 as a balance between raw expectation and reducing duplication, while noting that chalky lineups can still be built at that level.",FIELD_BEHAVIOR_HYPOTHESIS|EXPERT_OPINION,AUTO_TAGGED,UNVERIFIED_EXTERNAL,NOT_A_HARD_LINEUP_RULE
EX140,2. Duplication prediction and lineup duplication modeling,SaberSim DFS - Daily Fantasy Sports Strategy,DFS Q&A: How Should You Handle NFL Late Swap Between Builds?,23:29,https://www.youtube.com/watch?v=QJ4wmImXx5M&t=1409s,"To assess overlap between separate builds, test them and count overlapping lineups; the speaker says there is no way to guarantee no cross-build overlap.",EXPERT_OPINION,AUTO_TAGGED,UNVERIFIED_EXTERNAL,NOT_A_HARD_LINEUP_RULE
EX141,2. Duplication prediction and lineup duplication modeling,Establish The Run,How to Win NFL DFS Tournaments in 2026,49:53,https://www.youtube.com/watch?v=A-PD6sZhvvY&t=2993s,"A 45%-owned running back can be played, but the combinations of players paired with him can narrow the lineup's path to winning.",EMPIRICAL_HISTORICAL_EVIDENCE|FIELD_BEHAVIOR_HYPOTHESIS,AUTO_TAGGED,UNVERIFIED_EXTERNAL,NOT_A_HARD_LINEUP_RULE
EX142,2. Duplication prediction and lineup duplication modeling,RotoGrinders - Daily Fantasy Sports Advice,DRAFTKINGS & FANDUEL DFS STRATEGY REVIEW: PROJECTION VS OWNERSHIP EXPLOIT (1/4/23),14:07,https://www.youtube.com/watch?v=x2vfd9rf5S8&t=847s,The speaker discusses ownership sum and ownership product as blunt measures rather than treating either as a precise duplication metric.,FIELD_BEHAVIOR_HYPOTHESIS,AUTO_TAGGED,UNVERIFIED_EXTERNAL,NOT_A_HARD_LINEUP_RULE
EX143,2. Duplication prediction and lineup duplication modeling,Adam Newman,NFL DFS Showdown Research - Results From 50 Winning Milli-Maker Lineups in 2021,7:45,https://www.youtube.com/watch?v=HfQcvFwIECA&t=465s,"The speaker observed that a winning lineup had more than 100, or about 100, duplicates.",FIELD_BEHAVIOR_HYPOTHESIS,AUTO_TAGGED,UNVERIFIED_EXTERNAL,NOT_A_HARD_LINEUP_RULE
EX144,2. Duplication prediction and lineup duplication modeling,SaberSim DFS - Daily Fantasy Sports Strategy,DFS Q&A: How do I navigate NFL late swap?,20:49,https://www.youtube.com/watch?v=uvDTL8e6Ipo&t=1249s,The speaker says using all available salary is often overvalued by traditional optimizers and recommends considering duplication when building showdown lineups.,EXTERNAL_MODEL_OUTPUT|FIELD_BEHAVIOR_HYPOTHESIS,AUTO_TAGGED,UNVERIFIED_EXTERNAL,NOT_A_HARD_LINEUP_RULE
EX145,2. Duplication prediction and lineup duplication modeling,Occupy Fantasy,How to Build Winning NFL DFS Showdown Lineups on DraftKings & FanDuel (2024),50:10,https://www.youtube.com/watch?v=W9FWB82PwNs&t=3010s,"The transcript ties FanDuel salary limits for popular quarterback MVPs to duplication and historical results, with a stated 585 limit when MVP percentages exceed 40%.",EMPIRICAL_HISTORICAL_EVIDENCE|FIELD_BEHAVIOR_HYPOTHESIS,AUTO_TAGGED,UNVERIFIED_EXTERNAL,NOT_A_HARD_LINEUP_RULE
EX146,2. Duplication prediction and lineup duplication modeling,Mayo Media Network,2026 NFL DraftKings Strategy: Stop Making These Costly DFS Mistakes,36:07,https://www.youtube.com/watch?v=SPjmh9bxUF4&t=2167s,"He argues that a one-lineup player can be covered by multiple similar entries in a 150-lineup portfolio, and frames the larger concern on classic slates as being boxed into common lineup choices rather than duplicate counts.",EMPIRICAL_HISTORICAL_EVIDENCE|EXTERNAL_MODEL_OUTPUT|FIELD_BEHAVIOR_HYPOTHESIS|PROHIBITED_DIRECT_INPUT,AUTO_TAGGED,UNVERIFIED_EXTERNAL,NOT_A_HARD_LINEUP_RULE
EX147,2. Duplication prediction and lineup duplication modeling,SaberSim DFS - Daily Fantasy Sports Strategy,Learn How Maximize SaberSim's New Contest Sims,35:59,https://www.youtube.com/watch?v=mZzskOQAz2k&t=2159s,"To avoid reusing lineups across contests, fill contests from most expensive to cheapest and remove each filled set before moving on.",FIELD_BEHAVIOR_HYPOTHESIS,AUTO_TAGGED,UNVERIFIED_EXTERNAL,NOT_A_HARD_LINEUP_RULE
EX148,2. Duplication prediction and lineup duplication modeling,Stokastic DFS - Daily Fantasy Sports Advice,How To Use The Stokastic NFL DFS Pre-Contest Sims Tool | NFL DFS Contest Simulations,4:49,https://www.youtube.com/watch?v=4PFRCiUGPec&t=289s,"The transcript says duplication is more consequential in DraftKings Showdown and single-game contests, and a lineup duplicated 40 times can have a different expected payout from an unduplicated lineup.",FIELD_BEHAVIOR_HYPOTHESIS,AUTO_TAGGED,UNVERIFIED_EXTERNAL,NOT_A_HARD_LINEUP_RULE
EX149,2. Duplication prediction and lineup duplication modeling,Ship It Nation,"Lions vs Panthers - SNF Sunday Sweatdown | NFL Week 4 | DFS Picks, Plays & Process",47:16,https://www.youtube.com/watch?v=xJlvummhIfI&t=2836s,"The speaker suggested leaving $2,200 in salary as a way to reduce duplicated lineups.",FIELD_BEHAVIOR_HYPOTHESIS,AUTO_TAGGED,UNVERIFIED_EXTERNAL,NOT_A_HARD_LINEUP_RULE
EX150,3. 150-max portfolio construction,DFS Hero,How to Use PortfolioIQ for Portfolio Management,2:57,https://www.youtube.com/watch?v=A06udLfR1Oc&t=177s,"PortfolioIQ is intended to diversify pools of 20, 150, or other numbers of lineups by reducing correlation among them.",EXTERNAL_MODEL_OUTPUT,AUTO_TAGGED,UNVERIFIED_EXTERNAL,NOT_A_HARD_LINEUP_RULE
EX151,3. 150-max portfolio construction,DFS Hero,How to Use PortfolioIQ for Portfolio Management,3:44,https://www.youtube.com/watch?v=A06udLfR1Oc&t=224s,The tool considers which players appear in which lineups and combines lineups to balance upside and protection.,EXPERT_OPINION,AUTO_TAGGED,UNVERIFIED_EXTERNAL,NOT_A_HARD_LINEUP_RULE
EX152,3. 150-max portfolio construction,DFS Hero,How to Use PortfolioIQ for Portfolio Management,4:22,https://www.youtube.com/watch?v=A06udLfR1Oc&t=262s,Portfolio construction may select lower-quality individual lineups to reduce correlation and account for variance.,EXPERT_OPINION,AUTO_TAGGED,UNVERIFIED_EXTERNAL,NOT_A_HARD_LINEUP_RULE
EX153,3. 150-max portfolio construction,DFS Hero,How to Use PortfolioIQ for Portfolio Management,7:00,https://www.youtube.com/watch?v=A06udLfR1Oc&t=420s,"PortfolioIQ offers Contest Optimized, Steady, and Max Win strategies, with Contest Optimized balancing upside and protection.",EXPERT_OPINION,AUTO_TAGGED,UNVERIFIED_EXTERNAL,NOT_A_HARD_LINEUP_RULE
EX154,3. 150-max portfolio construction,DFS Hero,How to Use PortfolioIQ for Portfolio Management,7:43,https://www.youtube.com/watch?v=A06udLfR1Oc&t=463s,The Steady strategy seeks a wide range of players and maximum decorrelation for protection.,EXPERT_OPINION,AUTO_TAGGED,UNVERIFIED_EXTERNAL,NOT_A_HARD_LINEUP_RULE
EX155,3. 150-max portfolio construction,DFS Hero,How to Use PortfolioIQ for Portfolio Management,10:13,https://www.youtube.com/watch?v=A06udLfR1Oc&t=613s,"The results view compares the top 20 ranked lineups' projection, average ROI, and risk-adjusted ROI with the 20 lineups selected for the optimized portfolio.",EMPIRICAL_HISTORICAL_EVIDENCE|EXTERNAL_MODEL_OUTPUT,AUTO_TAGGED,UNVERIFIED_EXTERNAL,NOT_A_HARD_LINEUP_RULE
EX156,3. 150-max portfolio construction,DFS Hero,How to Use PortfolioIQ for Portfolio Management,10:38,https://www.youtube.com/watch?v=A06udLfR1Oc&t=638s,"In the demonstrated optimization, projection and ROI were traded off for 66% decorrelation and 61% diversification.",EMPIRICAL_HISTORICAL_EVIDENCE|EXTERNAL_MODEL_OUTPUT,AUTO_TAGGED,UNVERIFIED_EXTERNAL,NOT_A_HARD_LINEUP_RULE
EX157,3. 150-max portfolio construction,DFS Hero,How to Use PortfolioIQ for Portfolio Management,11:23,https://www.youtube.com/watch?v=A06udLfR1Oc&t=683s,The example shows player exposures changing from 70% to 40% for Tyler O'Neal and from 80% to 40% for Westber.,EMPIRICAL_HISTORICAL_EVIDENCE|FIELD_BEHAVIOR_HYPOTHESIS,AUTO_TAGGED,UNVERIFIED_EXTERNAL,NOT_A_HARD_LINEUP_RULE
EX158,3. 150-max portfolio construction,DFS Hero,How to Use PortfolioIQ for Portfolio Management,12:40,https://www.youtube.com/watch?v=A06udLfR1Oc&t=760s,The stated objective is to maximize the performance of the lineup portfolio as a whole rather than focus on one lineup.,EXPERT_OPINION,AUTO_TAGGED,UNVERIFIED_EXTERNAL,NOT_A_HARD_LINEUP_RULE
EX159,3. 150-max portfolio construction,Compounding Edges,DFS Portfolio Diversification: Build Smarter Lineups with Efficient Frontier Strategy,0:30,https://www.youtube.com/watch?v=sJNfa7WuAL8&t=30s,"A recipe must include a simulating step before diversification, but the two steps do not need to be adjacent.",EXTERNAL_MODEL_OUTPUT|EXPERT_OPINION|PROHIBITED_DIRECT_INPUT,AUTO_TAGGED,UNVERIFIED_EXTERNAL,NOT_A_HARD_LINEUP_RULE
EX160,3. 150-max portfolio construction,Compounding Edges,DFS Portfolio Diversification: Build Smarter Lineups with Efficient Frontier Strategy,1:01,https://www.youtube.com/watch?v=sJNfa7WuAL8&t=61s,The demonstrated portfolio-diversification workflow selects the top 150 lineups.,EMPIRICAL_HISTORICAL_EVIDENCE|EXPERT_OPINION,AUTO_TAGGED,UNVERIFIED_EXTERNAL,NOT_A_HARD_LINEUP_RULE
EX161,3. 150-max portfolio construction,Compounding Edges,DFS Portfolio Diversification: Build Smarter Lineups with Efficient Frontier Strategy,1:39,https://www.youtube.com/watch?v=sJNfa7WuAL8&t=99s,The video describes DFS risk as lineups moving in the same direction and often finishing well or poorly together.,EXPERT_OPINION,AUTO_TAGGED,UNVERIFIED_EXTERNAL,NOT_A_HARD_LINEUP_RULE
EX162,3. 150-max portfolio construction,Compounding Edges,DFS Portfolio Diversification: Build Smarter Lineups with Efficient Frontier Strategy,2:12,https://www.youtube.com/watch?v=sJNfa7WuAL8&t=132s,The efficient-frontier strategy selects lineups from the cloud that move in the most opposite directions.,EXPERT_OPINION,AUTO_TAGGED,UNVERIFIED_EXTERNAL,NOT_A_HARD_LINEUP_RULE
EX163,3. 150-max portfolio construction,Compounding Edges,DFS Portfolio Diversification: Build Smarter Lineups with Efficient Frontier Strategy,2:53,https://www.youtube.com/watch?v=sJNfa7WuAL8&t=173s,The selected lineups show diversification by both team and stack.,EXPERT_OPINION,AUTO_TAGGED,UNVERIFIED_EXTERNAL,NOT_A_HARD_LINEUP_RULE
EX164,3. 150-max portfolio construction,Neil Orfield,NFL DFS Week 1 DraftKings Strategy And Picks  Run The Sims With A Milly Maker Winner,1:23,https://www.youtube.com/watch?v=MhwZlTi-eJw&t=83s,He generates a large lineup set and uses the Shady Portfolio Optimizer as a portfolio optimization tool.,EMPIRICAL_HISTORICAL_EVIDENCE|EXTERNAL_MODEL_OUTPUT|EXPERT_OPINION,AUTO_TAGGED,UNVERIFIED_EXTERNAL,NOT_A_HARD_LINEUP_RULE
EX165,3. 150-max portfolio construction,Neil Orfield,NFL DFS Week 1 DraftKings Strategy And Picks  Run The Sims With A Milly Maker Winner,1:38,https://www.youtube.com/watch?v=MhwZlTi-eJw&t=98s,"His portfolio setup uses 150 lineups, risk zero, a 15,000-entry field, and a top-heavy payout structure.",EMPIRICAL_HISTORICAL_EVIDENCE|EXTERNAL_MODEL_OUTPUT|FIELD_BEHAVIOR_HYPOTHESIS|EXPERT_OPINION,AUTO_TAGGED,UNVERIFIED_EXTERNAL,NOT_A_HARD_LINEUP_RULE
EX166,3. 150-max portfolio construction,Neil Orfield,NFL DFS Week 1 DraftKings Strategy And Picks  Run The Sims With A Milly Maker Winner,3:23,https://www.youtube.com/watch?v=MhwZlTi-eJw&t=203s,He describes the lack of repeated quarterbacks among the first eight simulated lineups as lineup diversification.,EXTERNAL_MODEL_OUTPUT,AUTO_TAGGED,UNVERIFIED_EXTERNAL,NOT_A_HARD_LINEUP_RULE
EX167,3. 150-max portfolio construction,Neil Orfield,NFL DFS Week 1 DraftKings Strategy And Picks  Run The Sims With A Milly Maker Winner,3:47,https://www.youtube.com/watch?v=MhwZlTi-eJw&t=227s,He evaluates player exposure by how often each player appears in the top 150 optimized lineups.,EMPIRICAL_HISTORICAL_EVIDENCE|EXTERNAL_MODEL_OUTPUT|EXPERT_OPINION,AUTO_TAGGED,UNVERIFIED_EXTERNAL,NOT_A_HARD_LINEUP_RULE
EX168,3. 150-max portfolio construction,Neil Orfield,NFL DFS Week 1 DraftKings Strategy And Picks  Run The Sims With A Milly Maker Winner,26:36,https://www.youtube.com/watch?v=MhwZlTi-eJw&t=1596s,"His portfolio-adjustment process is incremental, with repeated runs until lineups and exposures meet his preferences.",EXPERT_OPINION,AUTO_TAGGED,UNVERIFIED_EXTERNAL,NOT_A_HARD_LINEUP_RULE
EX169,3. 150-max portfolio construction,DFS Army - Daily Fantasy Sports,DFS Army's Strategy Series MME Podcast   50 is the New 150,8:37,https://www.youtube.com/watch?v=CPsg0CX4_eU&t=517s,The speaker says entering 50 rather than 150 lineups reduces the amount invested and makes heavier exposure to a particular player psychologically easier.,EMPIRICAL_HISTORICAL_EVIDENCE|EXPERT_OPINION,AUTO_TAGGED,UNVERIFIED_EXTERNAL,NOT_A_HARD_LINEUP_RULE
EX170,3. 150-max portfolio construction,DFS Army - Daily Fantasy Sports,DFS Army's Strategy Series MME Podcast   50 is the New 150,9:11,https://www.youtube.com/watch?v=CPsg0CX4_eU&t=551s,The speaker describes putting 80–100 lineups on each of two players as a concentrated approach that can produce especially good or bad results.,EMPIRICAL_HISTORICAL_EVIDENCE|EXPERT_OPINION,AUTO_TAGGED,UNVERIFIED_EXTERNAL,NOT_A_HARD_LINEUP_RULE
EX171,3. 150-max portfolio construction,DFS Army - Daily Fantasy Sports,DFS Army's Strategy Series MME Podcast   50 is the New 150,11:18,https://www.youtube.com/watch?v=CPsg0CX4_eU&t=678s,"The speaker identifies 30–60 entries, with a preference for about 50, as the lineup-count range he sees as a sweet spot in top-heavy 150-max contests.",EXPERT_OPINION,AUTO_TAGGED,UNVERIFIED_EXTERNAL,NOT_A_HARD_LINEUP_RULE
EX172,3. 150-max portfolio construction,DFS Army - Daily Fantasy Sports,DFS Army's Strategy Series MME Podcast   50 is the New 150,17:30,https://www.youtube.com/watch?v=CPsg0CX4_eU&t=1050s,"When playing 150 lineups, the speaker describes a core of four players with exposure as high as 70–100 lineups, while noting that heavy exposure hurts more when those picks are wrong.",EMPIRICAL_HISTORICAL_EVIDENCE|EXPERT_OPINION,AUTO_TAGGED,UNVERIFIED_EXTERNAL,NOT_A_HARD_LINEUP_RULE
EX173,3. 150-max portfolio construction,SaberSim DFS - Daily Fantasy Sports Strategy,DFS Q&A: How Does the Portfolio Diversifier Work?,15:08,https://www.youtube.com/watch?v=iM5sS24JCSc&t=908s,The speaker suggests safeguards such as filters and rules when managing 150 or more lineups because handling every micro-decision can be difficult.,EMPIRICAL_HISTORICAL_EVIDENCE|EXPERT_OPINION,AUTO_TAGGED,UNVERIFIED_EXTERNAL,NOT_A_HARD_LINEUP_RULE
EX174,3. 150-max portfolio construction,SaberSim DFS - Daily Fantasy Sports Strategy,DFS Q&A: How Does the Portfolio Diversifier Work?,22:04,https://www.youtube.com/watch?v=iM5sS24JCSc&t=1324s,Portfolio sorting considers how lineups complement one another instead of simply ranking them by raw Saber Score.,EXTERNAL_MODEL_OUTPUT,AUTO_TAGGED,UNVERIFIED_EXTERNAL,NOT_A_HARD_LINEUP_RULE
EX175,3. 150-max portfolio construction,SaberSim DFS - Daily Fantasy Sports Strategy,DFS Q&A: How Does the Portfolio Diversifier Work?,24:05,https://www.youtube.com/watch?v=iM5sS24JCSc&t=1445s,"After a 50% exposure cap is requested, the portfolio diversifier reselects lineups while still trying to choose lineups that fit together.",EMPIRICAL_HISTORICAL_EVIDENCE,AUTO_TAGGED,UNVERIFIED_EXTERNAL,NOT_A_HARD_LINEUP_RULE
EX176,3. 150-max portfolio construction,RotoGrinders - Daily Fantasy Sports Advice,DRAFTKINGS & FANDUEL DFS STRATEGY REVIEW: PROJECTION VS OWNERSHIP EXPLOIT (1/4/23),1:08:52,https://www.youtube.com/watch?v=x2vfd9rf5S8&t=4132s,The speaker frames diversification and risk allocation in relation to bankroll and other slates.,EXPERT_OPINION,AUTO_TAGGED,UNVERIFIED_EXTERNAL,NOT_A_HARD_LINEUP_RULE
EX177,3. 150-max portfolio construction,RotoGrinders - Daily Fantasy Sports Advice,DRAFTKINGS & FANDUEL DFS STRATEGY REVIEW: PROJECTION VS OWNERSHIP EXPLOIT (1/4/23),1:11:39,https://www.youtube.com/watch?v=x2vfd9rf5S8&t=4299s,The speaker describes building and trimming a large lineup set using multiple criteria as a portfolio workflow.,EMPIRICAL_HISTORICAL_EVIDENCE|EXPERT_OPINION,AUTO_TAGGED,UNVERIFIED_EXTERNAL,NOT_A_HARD_LINEUP_RULE
EX178,3. 150-max portfolio construction,RotoGrinders - Daily Fantasy Sports Advice,DRAFTKINGS & FANDUEL DFS STRATEGY REVIEW: PROJECTION VS OWNERSHIP EXPLOIT (1/4/23),1:12:04,https://www.youtube.com/watch?v=x2vfd9rf5S8&t=4324s,"The portfolio trimmer can reduce 3,000 lineups to 57 based on projection versus ownership and show player exposures.",EMPIRICAL_HISTORICAL_EVIDENCE|EXTERNAL_MODEL_OUTPUT|FIELD_BEHAVIOR_HYPOTHESIS,AUTO_TAGGED,UNVERIFIED_EXTERNAL,NOT_A_HARD_LINEUP_RULE
EX179,3. 150-max portfolio construction,SaberSim DFS - Daily Fantasy Sports Strategy,DFS Q&A: How Do You Filter NFL Lineups to Avoid Dupes While Staying +EV?,10:00,https://www.youtube.com/watch?v=wdjc-z_h8m4&t=600s,"For the avoid-duplicates-across-lineup-groups setting, the speaker suggests leaving it on at 50 entries or fewer and considers turning it off for hundreds of lineups.",FIELD_BEHAVIOR_HYPOTHESIS|EXPERT_OPINION,AUTO_TAGGED,UNVERIFIED_EXTERNAL,NOT_A_HARD_LINEUP_RULE
EX180,3. 150-max portfolio construction,SaberSim DFS - Daily Fantasy Sports Strategy,DFS Q&A: How Do You Filter NFL Lineups to Avoid Dupes While Staying +EV?,10:21,https://www.youtube.com/watch?v=wdjc-z_h8m4&t=621s,"The speaker groups similar contest types together, including satellites, rather than grouping every contest individually.",EXTERNAL_MODEL_OUTPUT|EXPERT_OPINION,AUTO_TAGGED,UNVERIFIED_EXTERNAL,NOT_A_HARD_LINEUP_RULE
EX181,3. 150-max portfolio construction,SaberSim DFS - Daily Fantasy Sports Strategy,DFS Q&A: How Do You Filter NFL Lineups to Avoid Dupes While Staying +EV?,10:35,https://www.youtube.com/watch?v=wdjc-z_h8m4&t=635s,The speaker says similar contests can be grouped together with duplicates allowed across lineup groups without harming the other contests.,EXTERNAL_MODEL_OUTPUT|FIELD_BEHAVIOR_HYPOTHESIS|EXPERT_OPINION,AUTO_TAGGED,UNVERIFIED_EXTERNAL,NOT_A_HARD_LINEUP_RULE
EX182,3. 150-max portfolio construction,SaberSim DFS - Daily Fantasy Sports Strategy,DFS Q&A: For the 20-Max and 150-Max contest do you use the same pool?,21:25,https://www.youtube.com/watch?v=PRtm5_i9qqQ&t=1285s,Spreading lineups across as many entries as possible increases exposure to the lineup pool and the chance of entering any particular lineup.,EXPERT_OPINION,AUTO_TAGGED,UNVERIFIED_EXTERNAL,NOT_A_HARD_LINEUP_RULE
EX183,3. 150-max portfolio construction,SaberSim DFS - Daily Fantasy Sports Strategy,DFS Q&A: For the 20-Max and 150-Max contest do you use the same pool?,35:28,https://www.youtube.com/watch?v=PRtm5_i9qqQ&t=2128s,"His general approach is to build one portfolio pool, run contest simulations for the different contests, and fill lineups from those results.",EXTERNAL_MODEL_OUTPUT|EXPERT_OPINION,AUTO_TAGGED,UNVERIFIED_EXTERNAL,NOT_A_HARD_LINEUP_RULE
EX184,3. 150-max portfolio construction,SaberSim DFS - Daily Fantasy Sports Strategy,DFS Q&A: For the 20-Max and 150-Max contest do you use the same pool?,44:12,https://www.youtube.com/watch?v=PRtm5_i9qqQ&t=2652s,"For a 150-lineup portfolio, he prefers diversified, broadly spread team-stack exposures and wants a compelling reason for any unusually high exposure.",EXPERT_OPINION,AUTO_TAGGED,UNVERIFIED_EXTERNAL,NOT_A_HARD_LINEUP_RULE
EX185,3. 150-max portfolio construction,SaberSim DFS - Daily Fantasy Sports Strategy,Beat DFS Using The SaberSystem: 5 Principles for Maximum Profitability,3:20,https://www.youtube.com/watch?v=4jONT961JrM&t=200s,"The transcript frames all DFS entries across contests, slates, sports, and days as an investment portfolio whose variance can be managed.",EXPERT_OPINION,AUTO_TAGGED,UNVERIFIED_EXTERNAL,NOT_A_HARD_LINEUP_RULE
EX186,3. 150-max portfolio construction,SaberSim DFS - Daily Fantasy Sports Strategy,Beat DFS Using The SaberSystem: 5 Principles for Maximum Profitability,6:31,https://www.youtube.com/watch?v=4jONT961JrM&t=391s,Portfolio lineups should be intentionally diversified; 150 similar lineups do not provide as many distinct chances.,EMPIRICAL_HISTORICAL_EVIDENCE|EXTERNAL_MODEL_OUTPUT,AUTO_TAGGED,UNVERIFIED_EXTERNAL,NOT_A_HARD_LINEUP_RULE
EX187,3. 150-max portfolio construction,SaberSim DFS - Daily Fantasy Sports Strategy,Beat DFS Using The SaberSystem: 5 Principles for Maximum Profitability,6:42,https://www.youtube.com/watch?v=4jONT961JrM&t=402s,"The transcript advises against overly restrictive player pools and excessive exposure to core plays, and recommends Min uniques to diversify lineups.",EXPERT_OPINION,AUTO_TAGGED,UNVERIFIED_EXTERNAL,NOT_A_HARD_LINEUP_RULE
EX188,3. 150-max portfolio construction,SaberSim DFS - Daily Fantasy Sports Strategy,DFS Q&A: How Do You Use Geomean to Reduce Dupes in NFL Showdown?,4:06,https://www.youtube.com/watch?v=UTQzHyEzDEw&t=246s,The speaker recommends avoiding the added variance and correlated results that come from entering the same lineup in multiple contests.,EXPERT_OPINION,AUTO_TAGGED,UNVERIFIED_EXTERNAL,NOT_A_HARD_LINEUP_RULE
EX189,3. 150-max portfolio construction,SaberSim DFS - Daily Fantasy Sports Strategy,DFS Q&A: How Do You Use Geomean to Reduce Dupes in NFL Showdown?,4:30,https://www.youtube.com/watch?v=UTQzHyEzDEw&t=270s,Using a unique lineup for each entry is described as spreading risk and smoothing results.,EXPERT_OPINION,AUTO_TAGGED,UNVERIFIED_EXTERNAL,NOT_A_HARD_LINEUP_RULE
EX190,3. 150-max portfolio construction,SaberSim DFS - Daily Fantasy Sports Strategy,DFS Q&A: How Do You Use Geomean to Reduce Dupes in NFL Showdown?,9:21,https://www.youtube.com/watch?v=UTQzHyEzDEw&t=561s,The cross-group duplicate toggle controls whether lineups must be unique or may be reused across contest groups.,EXTERNAL_MODEL_OUTPUT|FIELD_BEHAVIOR_HYPOTHESIS|PRODUCTION_CANDIDATE|PROHIBITED_DIRECT_INPUT,AUTO_TAGGED,UNVERIFIED_EXTERNAL,NOT_A_HARD_LINEUP_RULE
EX191,3. 150-max portfolio construction,DFS Army - Daily Fantasy Sports,How to Crush NFL Showdowns on Fanduel and Draftkings Using the DFS Army Domination Station Optimizer,10:04,https://www.youtube.com/watch?v=ehza4xs_VSc&t=604s,"The speaker says one unique produces a tighter lineup distribution, while two uniques spread exposure across more players.",EXPERT_OPINION,AUTO_TAGGED,UNVERIFIED_EXTERNAL,NOT_A_HARD_LINEUP_RULE
EX192,3. 150-max portfolio construction,DFS Army - Daily Fantasy Sports,How to Crush NFL Showdowns on Fanduel and Draftkings Using the DFS Army Domination Station Optimizer,36:26,https://www.youtube.com/watch?v=ehza4xs_VSc&t=2186s,The speaker uses minimum exposure to force MVP selections and primarily maximum exposure limits to control FLEX exposure.,EXPERT_OPINION,AUTO_TAGGED,UNVERIFIED_EXTERNAL,NOT_A_HARD_LINEUP_RULE
EX193,3. 150-max portfolio construction,Stokastic DFS - Daily Fantasy Sports Advice,NFL DFS Sims Tournament Strategy Week 1 | NFL DFS Strategy,20:56,https://www.youtube.com/watch?v=uMa9MQhf0fU&t=1256s,"He describes portfolio exposures in relation to projected field ownership, including being nearly twice the field on Ashton Genty.",EMPIRICAL_HISTORICAL_EVIDENCE|EXTERNAL_MODEL_OUTPUT|FIELD_BEHAVIOR_HYPOTHESIS,AUTO_TAGGED,UNVERIFIED_EXTERNAL,NOT_A_HARD_LINEUP_RULE
EX194,3. 150-max portfolio construction,Stokastic DFS - Daily Fantasy Sports Advice,NFL DFS Sims Tournament Strategy Week 1 | NFL DFS Strategy,51:31,https://www.youtube.com/watch?v=uMa9MQhf0fU&t=3091s,He favors diversifying lineup exposures across Tucker-and-Mayer and Naylor-and-Mayer combinations rather than using the same pair in all 26 lineups.,EMPIRICAL_HISTORICAL_EVIDENCE|EXPERT_OPINION,AUTO_TAGGED,UNVERIFIED_EXTERNAL,NOT_A_HARD_LINEUP_RULE
EX195,3. 150-max portfolio construction,SaberSim DFS - Daily Fantasy Sports Strategy,DFS Q&A: How Do Contest Sims Work for Small vs. Large-Field Contests?,6:17,https://www.youtube.com/watch?v=h9O1DRC4ABo&t=377s,Andrew recommends managing lineup risk according to personal risk tolerance rather than accepting the tool’s exposures without review.,EXPERT_OPINION,AUTO_TAGGED,UNVERIFIED_EXTERNAL,NOT_A_HARD_LINEUP_RULE
EX196,3. 150-max portfolio construction,SaberSim DFS - Daily Fantasy Sports Strategy,DFS Q&A: How Do Contest Sims Work for Small vs. Large-Field Contests?,7:07,https://www.youtube.com/watch?v=h9O1DRC4ABo&t=427s,He describes building a large lineup pool to provide options for post-build game-theory and risk adjustments.,EMPIRICAL_HISTORICAL_EVIDENCE,AUTO_TAGGED,UNVERIFIED_EXTERNAL,NOT_A_HARD_LINEUP_RULE
EX197,3. 150-max portfolio construction,SaberSim DFS - Daily Fantasy Sports Strategy,DFS Q&A: What is a self-sim?,8:16,https://www.youtube.com/watch?v=JjEqfaORNpA&t=496s,"The described portfolio process sorts using the self-sim, then diversifies with minimum uniques set one below the maximum, using five as the maximum and four as the selected setting.",EXTERNAL_MODEL_OUTPUT|EXPERT_OPINION,AUTO_TAGGED,UNVERIFIED_EXTERNAL,NOT_A_HARD_LINEUP_RULE
EX198,3. 150-max portfolio construction,SaberSim DFS - Daily Fantasy Sports Strategy,DFS Q&A: What is a self-sim?,13:43,https://www.youtube.com/watch?v=JjEqfaORNpA&t=823s,"In this example, the speaker describes getting about 18% exposure to a team and building a balanced portfolio around the three teams with the highest run totals.",EMPIRICAL_HISTORICAL_EVIDENCE|EXTERNAL_MODEL_OUTPUT,AUTO_TAGGED,UNVERIFIED_EXTERNAL,NOT_A_HARD_LINEUP_RULE
EX199,3. 150-max portfolio construction,SaberSim DFS - Daily Fantasy Sports Strategy,The 3 Rules for Beating NFL Showdown and Single Game GPPs,25:54,https://www.youtube.com/watch?v=7T2VrpJIN1M&t=1554s,They advise entering multiple lineups to cover different possible game outcomes rather than concentrating the portfolio on one script.,EXPERT_OPINION,AUTO_TAGGED,UNVERIFIED_EXTERNAL,NOT_A_HARD_LINEUP_RULE
EX200,3. 150-max portfolio construction,SaberSim DFS - Daily Fantasy Sports Strategy,The 3 Rules for Beating NFL Showdown and Single Game GPPs,36:34,https://www.youtube.com/watch?v=7T2VrpJIN1M&t=2194s,"They recommend building at least 150 lineups when following their approach, with some manual review.",EMPIRICAL_HISTORICAL_EVIDENCE|EXPERT_OPINION,AUTO_TAGGED,UNVERIFIED_EXTERNAL,NOT_A_HARD_LINEUP_RULE
EX201,3. 150-max portfolio construction,SaberSim DFS - Daily Fantasy Sports Strategy,DFS Q&A: Walking Through the NFL Late Swap Process,13:51,https://www.youtube.com/watch?v=CgfglAjd2ys&t=831s,The demonstration maintains 10% minimum exposure to Hertz in a 150-lineup set and uses the player filter to inspect exposures.,EMPIRICAL_HISTORICAL_EVIDENCE,AUTO_TAGGED,UNVERIFIED_EXTERNAL,NOT_A_HARD_LINEUP_RULE
EX202,3. 150-max portfolio construction,SaberSim DFS - Daily Fantasy Sports Strategy,DFS Q&A: Walking Through the NFL Late Swap Process,16:19,https://www.youtube.com/watch?v=CgfglAjd2ys&t=979s,The demonstrated way to adjust a player-pair combination is to remove lineups with the duo and repeat the process until its exposure reaches the desired level.,EMPIRICAL_HISTORICAL_EVIDENCE,AUTO_TAGGED,UNVERIFIED_EXTERNAL,NOT_A_HARD_LINEUP_RULE
EX203,3. 150-max portfolio construction,Alvin Zeidenfeld,HOW TO WIN ON DRAFTKINGS NFL SHOWDOWN: LINEUP BUILDING TIPS,10:00,https://www.youtube.com/watch?v=lyaKCYf1LrQ&t=600s,"The speaker builds optimizer groups around possible captains, then adds groups to restrict combinations of players who may compete for playing time.",EXTERNAL_MODEL_OUTPUT|EXPERT_OPINION,AUTO_TAGGED,UNVERIFIED_EXTERNAL,NOT_A_HARD_LINEUP_RULE
EX204,3. 150-max portfolio construction,Alvin Zeidenfeld,HOW TO WIN ON DRAFTKINGS NFL SHOWDOWN: LINEUP BUILDING TIPS,11:20,https://www.youtube.com/watch?v=lyaKCYf1LrQ&t=680s,"Captain exposure can be reduced—for example, from 30% quarterback captains to under 5% or 10%—depending on the player's tolerance for risk.",EMPIRICAL_HISTORICAL_EVIDENCE,AUTO_TAGGED,UNVERIFIED_EXTERNAL,NOT_A_HARD_LINEUP_RULE
EX205,3. 150-max portfolio construction,Stokastic DFS - Daily Fantasy Sports Advice,How To Use The Stokastic NFL DFS Contest Generator Tool | NFL DFS Contest Simulations,2:01,https://www.youtube.com/watch?v=QX-prNRoIuA&t=121s,"Pool exposure measures how often a player appears across the 10,000 generated lineups and is compared with that player's projected ownership.",EMPIRICAL_HISTORICAL_EVIDENCE|EXTERNAL_MODEL_OUTPUT|FIELD_BEHAVIOR_HYPOTHESIS,AUTO_TAGGED,UNVERIFIED_EXTERNAL,NOT_A_HARD_LINEUP_RULE
EX206,3. 150-max portfolio construction,Stokastic DFS - Daily Fantasy Sports Advice,How To Use The Stokastic NFL DFS Contest Generator Tool | NFL DFS Contest Simulations,2:54,https://www.youtube.com/watch?v=QX-prNRoIuA&t=174s,The tool displays the lineup pool's exposure to different stack types and lets users set stack exposure targets.,EXPERT_OPINION,AUTO_TAGGED,UNVERIFIED_EXTERNAL,NOT_A_HARD_LINEUP_RULE
EX207,3. 150-max portfolio construction,SaberSim DFS - Daily Fantasy Sports Strategy,DFS Q&A: How Should You Handle NFL Late Swap Between Builds?,12:47,https://www.youtube.com/watch?v=QJ4wmImXx5M&t=767s,The speaker recommends using the portfolio diversifier when building a 150-lineup set.,EMPIRICAL_HISTORICAL_EVIDENCE,AUTO_TAGGED,UNVERIFIED_EXTERNAL,NOT_A_HARD_LINEUP_RULE
EX208,3. 150-max portfolio construction,SaberSim DFS - Daily Fantasy Sports Strategy,DFS Q&A: How Should You Handle NFL Late Swap Between Builds?,21:41,https://www.youtube.com/watch?v=QJ4wmImXx5M&t=1301s,"Before submitting, the speaker reviews leverage and identifies players with greater lineup exposure than the field.",FIELD_BEHAVIOR_HYPOTHESIS|EXPERT_OPINION|PROHIBITED_DIRECT_INPUT,AUTO_TAGGED,UNVERIFIED_EXTERNAL,NOT_A_HARD_LINEUP_RULE
EX209,3. 150-max portfolio construction,DraftKings,Studying the Sharps: Constructing DFS Lineups with Jordan Cooper,12:12,https://www.youtube.com/watch?v=1qKHG9mSEfI&t=732s,Cooper describes diversifying across the season rather than spreading exposures across players in a 20- or 150-lineup portfolio.,EMPIRICAL_HISTORICAL_EVIDENCE,AUTO_TAGGED,UNVERIFIED_EXTERNAL,NOT_A_HARD_LINEUP_RULE
EX210,3. 150-max portfolio construction,DraftKings,Studying the Sharps: Constructing DFS Lineups with Jordan Cooper,21:22,https://www.youtube.com/watch?v=1qKHG9mSEfI&t=1282s,"The example builds different lineups around alternate production outcomes, including pairing Dalvin Cook lineups with Bengals and diversifying with lineups that benefit if Cook fails.",EXPERT_OPINION,AUTO_TAGGED,UNVERIFIED_EXTERNAL,NOT_A_HARD_LINEUP_RULE
EX211,3. 150-max portfolio construction,Ibe's DFS Sports Betting,I Gave the DFS Army Optimizer the SHOWDOWN CODE… Here’s What It Built!,1:49,https://www.youtube.com/watch?v=sBOEt7d3dM4&t=109s,He generates 165 lineups and says he will choose 150 from them.,EMPIRICAL_HISTORICAL_EVIDENCE|EXPERT_OPINION,AUTO_TAGGED,UNVERIFIED_EXTERNAL,NOT_A_HARD_LINEUP_RULE
EX212,3. 150-max portfolio construction,Ibe's DFS Sports Betting,I Gave the DFS Army Optimizer the SHOWDOWN CODE… Here’s What It Built!,4:17,https://www.youtube.com/watch?v=sBOEt7d3dM4&t=257s,"He interprets one lineup as a Cleveland-win game script, with Jaylen Warren as its only Steelers player.",EXPERT_OPINION,AUTO_TAGGED,UNVERIFIED_EXTERNAL,NOT_A_HARD_LINEUP_RULE
EX213,3. 150-max portfolio construction,SaberSim DFS - Daily Fantasy Sports Strategy,DFS Office Hours 7/29/21: Why avoiding duplication is important in DFS,15:32,https://www.youtube.com/watch?v=U13Q_op4i-g&t=932s,"He combines his contests into one 150-lineup build using settings for the 150-max contest, then fills entries using the ranked-fill method.",EMPIRICAL_HISTORICAL_EVIDENCE|EXPERT_OPINION,AUTO_TAGGED,UNVERIFIED_EXTERNAL,NOT_A_HARD_LINEUP_RULE
EX214,3. 150-max portfolio construction,SaberSim DFS - Daily Fantasy Sports Strategy,DFS Office Hours 7/29/21: Why avoiding duplication is important in DFS,17:13,https://www.youtube.com/watch?v=U13Q_op4i-g&t=1033s,He typically increases the smart-diversity setting as a counterbalance to his other build choices.,EXPERT_OPINION,AUTO_TAGGED,UNVERIFIED_EXTERNAL,NOT_A_HARD_LINEUP_RULE
EX215,3. 150-max portfolio construction,SaberSim DFS - Daily Fantasy Sports Strategy,Learn How Maximize SaberSim's New Contest Sims,25:50,https://www.youtube.com/watch?v=mZzskOQAz2k&t=1550s,The speakers recommend using MME and uniques to get more shots on goal and reduce lineup correlation.,EXPERT_OPINION|PROHIBITED_DIRECT_INPUT,AUTO_TAGGED,UNVERIFIED_EXTERNAL,NOT_A_HARD_LINEUP_RULE
EX216,3. 150-max portfolio construction,SaberSim DFS - Daily Fantasy Sports Strategy,Learn How Maximize SaberSim's New Contest Sims,36:19,https://www.youtube.com/watch?v=mZzskOQAz2k&t=2179s,"Group similar contests by size, stakes, and payout structure because their best lineups are more likely to resemble one another.",EXTERNAL_MODEL_OUTPUT|PRODUCTION_CANDIDATE,AUTO_TAGGED,UNVERIFIED_EXTERNAL,NOT_A_HARD_LINEUP_RULE
EX217,3. 150-max portfolio construction,Stokastic DFS - Daily Fantasy Sports Advice,How To Use The Stokastic NFL DFS Pre-Contest Sims Tool | NFL DFS Contest Simulations,6:57,https://www.youtube.com/watch?v=4PFRCiUGPec&t=417s,The tool lets users increase or decrease a team's stack boost to change their exposure to that team's stacks.,EXPERT_OPINION,AUTO_TAGGED,UNVERIFIED_EXTERNAL,NOT_A_HARD_LINEUP_RULE
EX218,3. 150-max portfolio construction,Stokastic DFS - Daily Fantasy Sports Advice,How To Use The Stokastic NFL DFS Pre-Contest Sims Tool | NFL DFS Contest Simulations,9:03,https://www.youtube.com/watch?v=4PFRCiUGPec&t=543s,"The exposure view shows player exposure, projected ownership, and leverage, which the transcript defines as the difference between projected ownership and the amount of the player in your lineups.",EMPIRICAL_HISTORICAL_EVIDENCE|EXTERNAL_MODEL_OUTPUT|FIELD_BEHAVIOR_HYPOTHESIS,AUTO_TAGGED,UNVERIFIED_EXTERNAL,NOT_A_HARD_LINEUP_RULE
EX219,3. 150-max portfolio construction,RotoGrinders - Daily Fantasy Sports Advice,DRAFTKINGS & FANDUEL DFS STRATEGY REVIEW: Large-Field GPP Lineup Simulations (1/18/23),42:54,https://www.youtube.com/watch?v=pakvRcKsnXQ&t=2574s,"The process can create multiple lineup slices by ownership range, with 300 lineups in each slice, and select entries from those slices.",EMPIRICAL_HISTORICAL_EVIDENCE|FIELD_BEHAVIOR_HYPOTHESIS,AUTO_TAGGED,UNVERIFIED_EXTERNAL,NOT_A_HARD_LINEUP_RULE
EX220,3. 150-max portfolio construction,RotoGrinders - Daily Fantasy Sports Advice,DRAFTKINGS & FANDUEL DFS STRATEGY REVIEW: Large-Field GPP Lineup Simulations (1/18/23),46:32,https://www.youtube.com/watch?v=pakvRcKsnXQ&t=2792s,"After narrowing 3,000 lineups to 88 candidates, randomly choosing 20 is described as having expected value not much different; portfolio selection is framed as risk management.",EMPIRICAL_HISTORICAL_EVIDENCE,AUTO_TAGGED,UNVERIFIED_EXTERNAL,NOT_A_HARD_LINEUP_RULE
EX221,3. 150-max portfolio construction,SaberSim DFS - Daily Fantasy Sports Strategy,"DFS Office Hours 10/5: Different build settings for different contests, impact of pool size on build",1:06:42,https://www.youtube.com/watch?v=7yKBIoYboE8&t=4002s,"The speaker says larger lineup pools allow more precise exposure control, while pools of 10, 6, or around 20 lineups offer less room for nuanced exposure adjustments.",EMPIRICAL_HISTORICAL_EVIDENCE,AUTO_TAGGED,UNVERIFIED_EXTERNAL,NOT_A_HARD_LINEUP_RULE
EX222,3. 150-max portfolio construction,SaberSim DFS - Daily Fantasy Sports Strategy,How to Beat NFL DFS Showdowns,9:55,https://www.youtube.com/watch?v=iE36sFpjaVw&t=595s,The portfolio approach diversifies lineups across different game-script outcomes rather than repeating one script.,EXPERT_OPINION,AUTO_TAGGED,UNVERIFIED_EXTERNAL,NOT_A_HARD_LINEUP_RULE
EX223,3. 150-max portfolio construction,SaberSim DFS - Daily Fantasy Sports Strategy,DFS Q&A: Avoiding Dupes on Small NFL Slates,2:03,https://www.youtube.com/watch?v=KDQWYsMCP8w&t=123s,The presenter advises avoiding wasted pool entries by preventing unwanted lineup types up front.,EXPERT_OPINION|PROHIBITED_DIRECT_INPUT,AUTO_TAGGED,UNVERIFIED_EXTERNAL,NOT_A_HARD_LINEUP_RULE
EX224,3. 150-max portfolio construction,FTA Sports,The DraftKings Showdown Rule That Deletes Your Winning Lineup,16:04,https://www.youtube.com/watch?v=1X6cgvJxsqQ&t=964s,"For a 150-lineup set, the speaker suggests mostly using three-four or four-three team splits and reserving some lineups for a five-one split.",EMPIRICAL_HISTORICAL_EVIDENCE,AUTO_TAGGED,UNVERIFIED_EXTERNAL,NOT_A_HARD_LINEUP_RULE
EX225,3. 150-max portfolio construction,SaberSim DFS - Daily Fantasy Sports Strategy,Master The Art of NFL DFS Showdowns,23:55,https://www.youtube.com/watch?v=Fr2FxzlztT4&t=1435s,"Projection adjustments can change player exposure across a 5,000-lineup pool and make the portfolio differ from other players’ lineups.",EXTERNAL_MODEL_OUTPUT,AUTO_TAGGED,UNVERIFIED_EXTERNAL,NOT_A_HARD_LINEUP_RULE
EX226,3. 150-max portfolio construction,SaberSim DFS - Daily Fantasy Sports Strategy,DFS Q&A: How do I best utilize the dupe metric in the contest sims?,1:17:04,https://www.youtube.com/watch?v=ETNpMZGSNCs&t=4624s,"A second contest simulation can evaluate a subset of good lineups against one another, exposing overrepresented lineup clusters such as Bills stacks.",EMPIRICAL_HISTORICAL_EVIDENCE|EXTERNAL_MODEL_OUTPUT|FIELD_BEHAVIOR_HYPOTHESIS|PRODUCTION_CANDIDATE,AUTO_TAGGED,UNVERIFIED_EXTERNAL,NOT_A_HARD_LINEUP_RULE
EX227,3. 150-max portfolio construction,SaberSim DFS - Daily Fantasy Sports Strategy,DFS Q&A: Simulations can help you avoid duplication in DFS,54:24,https://www.youtube.com/watch?v=PSqHBQYbYqE&t=3264s,"For identical contests, the speaker recommends building the desired lineups together so they can be reviewed and their exposures managed as a set.",EXPERT_OPINION,AUTO_TAGGED,UNVERIFIED_EXTERNAL,NOT_A_HARD_LINEUP_RULE
EX228,3. 150-max portfolio construction,SaberSim DFS - Daily Fantasy Sports Strategy,DFS Q&A: How Do You Reduce Dupes in Showdown?,49:39,https://www.youtube.com/watch?v=JuOzj5ZOQHk&t=2979s,"Portfolio sorting prioritizes how lineups complement one another, rather than selecting solely by each lineup's ROI.",EXPERT_OPINION,AUTO_TAGGED,UNVERIFIED_EXTERNAL,NOT_A_HARD_LINEUP_RULE
EX229,3. 150-max portfolio construction,DFS Army - Daily Fantasy Sports,2025 HOW TO PLAY NFL DRAFTKINGS SHOWDOWN,9:06,https://www.youtube.com/watch?v=-ZBpaHty068&t=546s,"The speaker says about 20% of his lineups faded Christian McCaffrey, and those lineups made him money on that slate.",EMPIRICAL_HISTORICAL_EVIDENCE|EXPERT_OPINION,AUTO_TAGGED,UNVERIFIED_EXTERNAL,NOT_A_HARD_LINEUP_RULE
EX230,3. 150-max portfolio construction,DFS Army - Daily Fantasy Sports,I Cracked the Code on NFL Showdown Lineups (Do This to Win),10:10,https://www.youtube.com/watch?v=65HDqKemR88&t=610s,"The speaker says he uses correlation findings while optimizing 150 lineups, including pairing a wide-receiver captain with that player's quarterback; exposure targets, diversification, and game-script portfolio clusters are not specified here.",EMPIRICAL_HISTORICAL_EVIDENCE|FIELD_BEHAVIOR_HYPOTHESIS|EXPERT_OPINION,AUTO_TAGGED,UNVERIFIED_EXTERNAL,NOT_A_HARD_LINEUP_RULE
EX231,3. 150-max portfolio construction,SaberSim DFS - Daily Fantasy Sports Strategy,SaberSim's Unique Approach to Projecting Ownership,1:05:42,https://www.youtube.com/watch?v=zMdDPCaxXjg&t=3942s,"When setting portfolio exposures, consider both exposure percentages and the actual number of lineups containing a player.",EMPIRICAL_HISTORICAL_EVIDENCE|FIELD_BEHAVIOR_HYPOTHESIS|PROHIBITED_DIRECT_INPUT,AUTO_TAGGED,UNVERIFIED_EXTERNAL,NOT_A_HARD_LINEUP_RULE
EX232,3. 150-max portfolio construction,SaberSim DFS - Daily Fantasy Sports Strategy,DFS Q&A: Navigating NFL Late Swap,29:17,https://www.youtube.com/watch?v=8qVskFOoEGE&t=1757s,The Favorites feature can help create and combine groups of lineups built around different game scripts and quarterback-captain constructions.,EXPERT_OPINION,AUTO_TAGGED,UNVERIFIED_EXTERNAL,NOT_A_HARD_LINEUP_RULE
EX233,3. 150-max portfolio construction,SaberSim DFS - Daily Fantasy Sports Strategy,Why is avoiding duplication important in DFS?,5:10,https://www.youtube.com/watch?v=MCss_MdowIc&t=310s,Entering the same lineup 150 times is described as reducing that lineup's expected value.,FIELD_BEHAVIOR_HYPOTHESIS,AUTO_TAGGED,UNVERIFIED_EXTERNAL,NOT_A_HARD_LINEUP_RULE
EX234,3. 150-max portfolio construction,SaberSim DFS - Daily Fantasy Sports Strategy,DFS Q&A: How SaberSim Creates Its Ownership Projections,10:50,https://www.youtube.com/watch?v=JnVogCYAHgY&t=650s,"The speaker reports having four Highsmith-Captain lineups in a 2,500-lineup portfolio, including the winning lineup.",EMPIRICAL_HISTORICAL_EVIDENCE,AUTO_TAGGED,UNVERIFIED_EXTERNAL,NOT_A_HARD_LINEUP_RULE
EX235,3. 150-max portfolio construction,DFS Army - Daily Fantasy Sports,"I Studied 230,000 NFL DFS Lineups; Here's What Will Win in 2026",16:33,https://www.youtube.com/watch?v=rz2HFI7diGY&t=993s,"The transcript says top-finishing lineups commonly used a primary cluster of two to four players and a separate secondary stack, which appeared in almost 70% of top-finishing lineups.",EMPIRICAL_HISTORICAL_EVIDENCE,AUTO_TAGGED,UNVERIFIED_EXTERNAL,NOT_A_HARD_LINEUP_RULE
EX236,3. 150-max portfolio construction,SaberSim DFS - Daily Fantasy Sports Strategy,DFS Q&A: How do I navigate NFL late swap?,7:27,https://www.youtube.com/watch?v=uvDTL8e6Ipo&t=447s,The build process creates a pool of lineups and selects the best; late swapping slightly increases lineup variance.,EXTERNAL_MODEL_OUTPUT|PRODUCTION_CANDIDATE|PROHIBITED_DIRECT_INPUT,AUTO_TAGGED,UNVERIFIED_EXTERNAL,NOT_A_HARD_LINEUP_RULE
EX237,3. 150-max portfolio construction,Occupy Fantasy,How to Build Winning NFL DFS Showdown Lineups on DraftKings & FanDuel (2024),53:33,https://www.youtube.com/watch?v=W9FWB82PwNs&t=3213s,"For a portfolio of lineups, the speaker suggests targeting roughly twice the field's exposure to favored less-popular MVP choices.",FIELD_BEHAVIOR_HYPOTHESIS,AUTO_TAGGED,UNVERIFIED_EXTERNAL,NOT_A_HARD_LINEUP_RULE
EX238,3. 150-max portfolio construction,SaberSim DFS - Daily Fantasy Sports Strategy,DFS Q&A: How Do Custom Projections and Ownership Affect Sims and Lineup Building?,2:36,https://www.youtube.com/watch?v=t0YPdy7wOuk&t=156s,"When contests are grouped, the diversifier averages a lineup’s ROI across the contests in that group.",EMPIRICAL_HISTORICAL_EVIDENCE|EXTERNAL_MODEL_OUTPUT,AUTO_TAGGED,UNVERIFIED_EXTERNAL,NOT_A_HARD_LINEUP_RULE
EX239,3. 150-max portfolio construction,Establish The Run,High Level Showdown Strategy + Super Bowl Stuff with Cody Main and Colin Drew,10:00,https://www.youtube.com/watch?v=i98ljRFANdA&t=600s,Cody described spreading exposure across possible game scripts so a lineup matching a script has a chance to win outright in large-field multi-entry contests.,FIELD_BEHAVIOR_HYPOTHESIS|EXPERT_OPINION,AUTO_TAGGED,UNVERIFIED_EXTERNAL,NOT_A_HARD_LINEUP_RULE
EX240,3. 150-max portfolio construction,Mayo Media Network,2026 NFL DraftKings Strategy: Stop Making These Costly DFS Mistakes,5:20,https://www.youtube.com/watch?v=SPjmh9bxUF4&t=320s,"When moving from a few entries to 150, he recommends balancing lineups, attacking from different angles, and building distinct lineups that can still share an overall theme.",EXPERT_OPINION,AUTO_TAGGED,UNVERIFIED_EXTERNAL,NOT_A_HARD_LINEUP_RULE
EX241,3. 150-max portfolio construction,SaberSim DFS - Daily Fantasy Sports Strategy,"If you’re not late-swapping in NFL DFS, you’re leaving money on the table",17:31,https://www.youtube.com/watch?v=S2p7LVEeXy4&t=1051s,"The late-swap builder allows a user to set a minimum player exposure, such as at least 30% Alexander Madison.",EMPIRICAL_HISTORICAL_EVIDENCE|PRODUCTION_CANDIDATE,AUTO_TAGGED,UNVERIFIED_EXTERNAL,NOT_A_HARD_LINEUP_RULE
EX242,3. 150-max portfolio construction,SaberSim DFS - Daily Fantasy Sports Strategy,DFS Q&A: How are SaberSim's ownership projections calculated?,23:15,https://www.youtube.com/watch?v=MGO5rVk8I7M&t=1395s,"For a multi-entry process, Jordan describes building a 1,500-lineup research pool at 0-0-10 to assess which players may be over- or under-owned.",EXTERNAL_MODEL_OUTPUT|FIELD_BEHAVIOR_HYPOTHESIS|EXPERT_OPINION,AUTO_TAGGED,UNVERIFIED_EXTERNAL,NOT_A_HARD_LINEUP_RULE
EX243,3. 150-max portfolio construction,,Field Lineups Explained,4:37,https://www.youtube.com/watch?v=DHKY694-I_M&t=277s,The post-contest tool evaluates a user's lineups together as a portfolio against the actual lineups played.,EXPERT_OPINION,AUTO_TAGGED,UNVERIFIED_EXTERNAL,NOT_A_HARD_LINEUP_RULE
EX244,3. 150-max portfolio construction,SaberSim DFS - Daily Fantasy Sports Strategy,DFS Q&A: Product Ownership and Geometric Mean,47:21,https://www.youtube.com/watch?v=eVWhJ0Cy2FY&t=2841s,"When making exposure edits, the speaker recommends applying all changes that fit the intended slate strategy rather than making only a subset.",EXPERT_OPINION,AUTO_TAGGED,UNVERIFIED_EXTERNAL,NOT_A_HARD_LINEUP_RULE
EX245,3. 150-max portfolio construction,SaberSim DFS - Daily Fantasy Sports Strategy,How to Late Swap in NFL DFS: A Real-Time Tutorial,6:06,https://www.youtube.com/watch?v=IAt9PW8j75M&t=366s,The speaker reviews player exposures and stack types after generating late swaps and may adjust exposure levels.,EXPERT_OPINION,AUTO_TAGGED,UNVERIFIED_EXTERNAL,NOT_A_HARD_LINEUP_RULE
EX246,3. 150-max portfolio construction,Ship It Nation,"Lions vs Panthers - SNF Sunday Sweatdown | NFL Week 4 | DFS Picks, Plays & Process",19:14,https://www.youtube.com/watch?v=xJlvummhIfI&t=1154s,"The speaker discussed a roughly 30% Gibbs-captain target versus an 81% Gibbs-captain dry-run result, with the latter yielding cheaper flex plays.",EMPIRICAL_HISTORICAL_EVIDENCE|FIELD_BEHAVIOR_HYPOTHESIS,AUTO_TAGGED,UNVERIFIED_EXTERNAL,NOT_A_HARD_LINEUP_RULE
EX247,4. Ownership projection methodology,Kev's Picks,How To Project Ownership % in DFS (DraftKings),0:32,https://www.youtube.com/watch?v=BToDGUdOhkU&t=32s,"The transcript lists prior ownership, price movement, matchup, recent performance, and FanDuel Thursday ownership as inputs to an ownership projection.",EXTERNAL_MODEL_OUTPUT|FIELD_BEHAVIOR_HYPOTHESIS,AUTO_TAGGED,UNVERIFIED_EXTERNAL,NOT_A_HARD_LINEUP_RULE
EX248,4. Ownership projection methodology,Kev's Picks,How To Project Ownership % in DFS (DraftKings),1:09,https://www.youtube.com/watch?v=BToDGUdOhkU&t=69s,The example uses a player's ownership over the previous three weeks to estimate a 23% projection.,EMPIRICAL_HISTORICAL_EVIDENCE|EXTERNAL_MODEL_OUTPUT|FIELD_BEHAVIOR_HYPOTHESIS|EXPERT_OPINION,AUTO_TAGGED,UNVERIFIED_EXTERNAL,NOT_A_HARD_LINEUP_RULE
EX249,4. Ownership projection methodology,Kev's Picks,How To Project Ownership % in DFS (DraftKings),1:22,https://www.youtube.com/watch?v=BToDGUdOhkU&t=82s,The method compares the player's current salary with his recent average and with the salaries of other players at the position.,EXPERT_OPINION,AUTO_TAGGED,UNVERIFIED_EXTERNAL,NOT_A_HARD_LINEUP_RULE
EX250,4. Ownership projection methodology,Kev's Picks,How To Project Ownership % in DFS (DraftKings),1:36,https://www.youtube.com/watch?v=BToDGUdOhkU&t=96s,A salary increase relative to other quarterbacks lowers the example ownership projection to 19%.,EMPIRICAL_HISTORICAL_EVIDENCE|EXTERNAL_MODEL_OUTPUT|FIELD_BEHAVIOR_HYPOTHESIS|EXPERT_OPINION,AUTO_TAGGED,UNVERIFIED_EXTERNAL,NOT_A_HARD_LINEUP_RULE
EX251,4. Ownership projection methodology,Kev's Picks,How To Project Ownership % in DFS (DraftKings),1:53,https://www.youtube.com/watch?v=BToDGUdOhkU&t=113s,"A difficult matchup and playing on the road lead to a further reduction in the example projection, to 12%.",EMPIRICAL_HISTORICAL_EVIDENCE|EXTERNAL_MODEL_OUTPUT|EXPERT_OPINION,AUTO_TAGGED,UNVERIFIED_EXTERNAL,NOT_A_HARD_LINEUP_RULE
EX252,4. Ownership projection methodology,Kev's Picks,How To Project Ownership % in DFS (DraftKings),2:11,https://www.youtube.com/watch?v=BToDGUdOhkU&t=131s,"A highly visible recent performance can increase projected ownership, with the example moving back up to 20%.",EMPIRICAL_HISTORICAL_EVIDENCE|EXTERNAL_MODEL_OUTPUT|FIELD_BEHAVIOR_HYPOTHESIS,AUTO_TAGGED,UNVERIFIED_EXTERNAL,NOT_A_HARD_LINEUP_RULE
EX253,4. Ownership projection methodology,Kev's Picks,How To Project Ownership % in DFS (DraftKings),3:11,https://www.youtube.com/watch?v=BToDGUdOhkU&t=191s,FanDuel Thursday ownership can inform a DraftKings projection when player pricing is similar across the two sites.,EMPIRICAL_HISTORICAL_EVIDENCE|EXTERNAL_MODEL_OUTPUT|FIELD_BEHAVIOR_HYPOTHESIS,AUTO_TAGGED,UNVERIFIED_EXTERNAL,NOT_A_HARD_LINEUP_RULE
EX254,4. Ownership projection methodology,Kev's Picks,How To Project Ownership % in DFS (DraftKings),3:35,https://www.youtube.com/watch?v=BToDGUdOhkU&t=215s,"In the example, 29% FanDuel ownership and slightly cheaper FanDuel pricing produce a slight increase to a 23% DraftKings projection.",EMPIRICAL_HISTORICAL_EVIDENCE|EXTERNAL_MODEL_OUTPUT|FIELD_BEHAVIOR_HYPOTHESIS,AUTO_TAGGED,UNVERIFIED_EXTERNAL,NOT_A_HARD_LINEUP_RULE
EX255,4. Ownership projection methodology,SaberSim DFS - Daily Fantasy Sports Strategy,DFS Q&A: What is a self-sim?,3:43,https://www.youtube.com/watch?v=JjEqfaORNpA&t=223s,"The speaker says a contest sim uses the same field in every iteration, with contest-specific ownership models and field lineups, while acknowledging ownership variance.",EXTERNAL_MODEL_OUTPUT|FIELD_BEHAVIOR_HYPOTHESIS|PRODUCTION_CANDIDATE,AUTO_TAGGED,UNVERIFIED_EXTERNAL,NOT_A_HARD_LINEUP_RULE
EX256,4. Ownership projection methodology,SaberSim DFS - Daily Fantasy Sports Strategy,DFS Q&A: What is a self-sim?,9:16,https://www.youtube.com/watch?v=JjEqfaORNpA&t=556s,The field lineups for different contest types use an industry aggregate projection to estimate what the opposing field will do.,EXTERNAL_MODEL_OUTPUT|FIELD_BEHAVIOR_HYPOTHESIS,AUTO_TAGGED,UNVERIFIED_EXTERNAL,NOT_A_HARD_LINEUP_RULE
EX257,4. Ownership projection methodology,SaberSim DFS - Daily Fantasy Sports Strategy,DFS Q&A: Simulations can help you avoid duplication in DFS,11:49,https://www.youtube.com/watch?v=PSqHBQYbYqE&t=709s,"The speaker says ownership fade is adjusted according to contest context, with less impact for a 5,000-person single-entry contest and more for a 50,000-person 150-max contest.",FIELD_BEHAVIOR_HYPOTHESIS|EXPERT_OPINION|PROHIBITED_DIRECT_INPUT,AUTO_TAGGED,UNVERIFIED_EXTERNAL,NOT_A_HARD_LINEUP_RULE
EX258,4. Ownership projection methodology,SaberSim DFS - Daily Fantasy Sports Strategy,DFS Q&A: Simulations can help you avoid duplication in DFS,56:35,https://www.youtube.com/watch?v=PSqHBQYbYqE&t=3395s,The speaker says SaberSim's ownership model uses projections and salaries to estimate how the slate would be played.,EXTERNAL_MODEL_OUTPUT|FIELD_BEHAVIOR_HYPOTHESIS,AUTO_TAGGED,UNVERIFIED_EXTERNAL,NOT_A_HARD_LINEUP_RULE
EX259,4. Ownership projection methodology,SaberSim DFS - Daily Fantasy Sports Strategy,SaberSim's Unique Approach to Projecting Ownership,3:38,https://www.youtube.com/watch?v=zMdDPCaxXjg&t=218s,The speaker says the ownership projections cover every slate and game and can be regenerated almost immediately after news breaks.,EXTERNAL_MODEL_OUTPUT|FIELD_BEHAVIOR_HYPOTHESIS,AUTO_TAGGED,UNVERIFIED_EXTERNAL,NOT_A_HARD_LINEUP_RULE
EX260,4. Ownership projection methodology,SaberSim DFS - Daily Fantasy Sports Strategy,SaberSim's Unique Approach to Projecting Ownership,3:49,https://www.youtube.com/watch?v=zMdDPCaxXjg&t=229s,SaberSim derives ownership from player exposure in thousands of high-variance lineups built from aggregate projections.,EXTERNAL_MODEL_OUTPUT|FIELD_BEHAVIOR_HYPOTHESIS,AUTO_TAGGED,UNVERIFIED_EXTERNAL,NOT_A_HARD_LINEUP_RULE
EX261,4. Ownership projection methodology,SaberSim DFS - Daily Fantasy Sports Strategy,DFS Q&A: Navigating NFL Late Swap,27:03,https://www.youtube.com/watch?v=8qVskFOoEGE&t=1623s,"As games unlock, live ownership uses observed ownership for players already in the field rather than their projected ownership.",EXTERNAL_MODEL_OUTPUT|FIELD_BEHAVIOR_HYPOTHESIS|EXPERT_OPINION,AUTO_TAGGED,UNVERIFIED_EXTERNAL,NOT_A_HARD_LINEUP_RULE
EX262,4. Ownership projection methodology,SaberSim DFS - Daily Fantasy Sports Strategy,DFS Q&A: Navigating NFL Late Swap,27:44,https://www.youtube.com/watch?v=8qVskFOoEGE&t=1664s,The speaker says ownership projections become more accurate as more actual player ownership becomes available.,EXTERNAL_MODEL_OUTPUT|FIELD_BEHAVIOR_HYPOTHESIS|EXPERT_OPINION,AUTO_TAGGED,UNVERIFIED_EXTERNAL,NOT_A_HARD_LINEUP_RULE
EX263,4. Ownership projection methodology,SaberSim DFS - Daily Fantasy Sports Strategy,DFS Q&A: How SaberSim Creates Its Ownership Projections,3:30,https://www.youtube.com/watch?v=JnVogCYAHgY&t=210s,SaberSim says ownership projections are derived from player exposures across builds run with very high Sim diversity.,EXTERNAL_MODEL_OUTPUT|FIELD_BEHAVIOR_HYPOTHESIS,AUTO_TAGGED,UNVERIFIED_EXTERNAL,NOT_A_HARD_LINEUP_RULE
EX264,4. Ownership projection methodology,SaberSim DFS - Daily Fantasy Sports Strategy,DFS Q&A: How SaberSim Creates Its Ownership Projections,5:22,https://www.youtube.com/watch?v=JnVogCYAHgY&t=322s,The Builder can incorporate news inputs and redistribute ownership without manually rerunning ownership.,FIELD_BEHAVIOR_HYPOTHESIS,AUTO_TAGGED,UNVERIFIED_EXTERNAL,NOT_A_HARD_LINEUP_RULE
EX265,4. Ownership projection methodology,,Field Lineups Explained,0:52,https://www.youtube.com/watch?v=DHKY694-I_M&t=52s,Ownership projections are based on exposures from ownership builds created with specified inputs and rules.,EXTERNAL_MODEL_OUTPUT|FIELD_BEHAVIOR_HYPOTHESIS,AUTO_TAGGED,UNVERIFIED_EXTERNAL,NOT_A_HARD_LINEUP_RULE
EX266,4. Ownership projection methodology,,Field Lineups Explained,0:52,https://www.youtube.com/watch?v=DHKY694-I_M&t=52s,"The site provides 13 ownership sets intended to reflect differences in contest stakes, size, and entry limits.",FIELD_BEHAVIOR_HYPOTHESIS|PRODUCTION_CANDIDATE,AUTO_TAGGED,UNVERIFIED_EXTERNAL,NOT_A_HARD_LINEUP_RULE
EX267,4. Ownership projection methodology,SaberSim DFS - Daily Fantasy Sports Strategy,DFS Q&A: How Do Contest Sims Work for Small vs. Large-Field Contests?,4:40,https://www.youtube.com/watch?v=h9O1DRC4ABo&t=280s,Andrew describes manually increasing a player’s ownership when expecting it to be higher and also considering relevant narratives.,FIELD_BEHAVIOR_HYPOTHESIS|EXPERT_OPINION,AUTO_TAGGED,UNVERIFIED_EXTERNAL,NOT_A_HARD_LINEUP_RULE
EX268,4. Ownership projection methodology,DraftKings,Studying the Sharps: Constructing DFS Lineups with Jordan Cooper,28:17,https://www.youtube.com/watch?v=1qKHG9mSEfI&t=1697s,"Meiselman describes combining ownership projections, another projection source, salary, and position-specific standard deviations to rate players.",EXTERNAL_MODEL_OUTPUT|FIELD_BEHAVIOR_HYPOTHESIS,AUTO_TAGGED,UNVERIFIED_EXTERNAL,NOT_A_HARD_LINEUP_RULE
EX269,4. Ownership projection methodology,RotoGrinders - Daily Fantasy Sports Advice,DRAFTKINGS & FANDUEL DFS STRATEGY REVIEW: PROJECTION VS OWNERSHIP EXPLOIT (1/4/23),44:35,https://www.youtube.com/watch?v=x2vfd9rf5S8&t=2675s,"The projection-versus-ownership approach depends on accurate ownership and player projections, including projected minutes.",EXTERNAL_MODEL_OUTPUT|FIELD_BEHAVIOR_HYPOTHESIS|PROHIBITED_DIRECT_INPUT,AUTO_TAGGED,UNVERIFIED_EXTERNAL,NOT_A_HARD_LINEUP_RULE
EX270,4. Ownership projection methodology,SaberSim DFS - Daily Fantasy Sports Strategy,DFS Q&A: How do I navigate NFL late swap?,16:10,https://www.youtube.com/watch?v=uvDTL8e6Ipo&t=970s,"The speaker expected Wan'Dale Robinson's ownership to rise toward 10%, citing his minimum salary, expected role, and likelihood of attracting lineups.",EMPIRICAL_HISTORICAL_EVIDENCE|FIELD_BEHAVIOR_HYPOTHESIS|EXPERT_OPINION,AUTO_TAGGED,UNVERIFIED_EXTERNAL,NOT_A_HARD_LINEUP_RULE
EX271,4. Ownership projection methodology,SaberSim DFS - Daily Fantasy Sports Strategy,DFS Q&A: What is the best way to reduce dupes in Showdown?,12:49,https://www.youtube.com/watch?v=eWWw-7T2YLk&t=769s,"The builder uses what has happened so far, while live sims run during games and projections are updated for inactives before the next game.",EXTERNAL_MODEL_OUTPUT|PRODUCTION_CANDIDATE|EXPERT_OPINION,AUTO_TAGGED,UNVERIFIED_EXTERNAL,NOT_A_HARD_LINEUP_RULE
EX272,4. Ownership projection methodology,Occupy Fantasy,How to Build Winning NFL DFS Showdown Lineups on DraftKings & FanDuel (2024),38:32,https://www.youtube.com/watch?v=W9FWB82PwNs&t=2312s,The speaker says showdown ownership projections start with industry projections and lineup builds that produce projected player exposure.,EXTERNAL_MODEL_OUTPUT|FIELD_BEHAVIOR_HYPOTHESIS,AUTO_TAGGED,UNVERIFIED_EXTERNAL,NOT_A_HARD_LINEUP_RULE
EX273,4. Ownership projection methodology,SaberSim DFS - Daily Fantasy Sports Strategy,"If you’re not late-swapping in NFL DFS, you’re leaving money on the table",27:32,https://www.youtube.com/watch?v=S2p7LVEeXy4&t=1652s,"The speakers describe updating late-game ownership expectations when actual early-game ownership differs from projections, since ownership shifts affect other players.",EXTERNAL_MODEL_OUTPUT|FIELD_BEHAVIOR_HYPOTHESIS|PROHIBITED_DIRECT_INPUT,AUTO_TAGGED,UNVERIFIED_EXTERNAL,NOT_A_HARD_LINEUP_RULE
EX274,4. Ownership projection methodology,SaberSim DFS - Daily Fantasy Sports Strategy,DFS Q&A: How are SaberSim's ownership projections calculated?,2:10,https://www.youtube.com/watch?v=MGO5rVk8I7M&t=130s,SaberSim's ownership projections target large-field GPPs; ownership of the best-projected chalk plays tends to condense in smaller fields.,EXTERNAL_MODEL_OUTPUT|FIELD_BEHAVIOR_HYPOTHESIS,AUTO_TAGGED,UNVERIFIED_EXTERNAL,NOT_A_HARD_LINEUP_RULE
EX275,4. Ownership projection methodology,RotoGrinders - Daily Fantasy Sports Advice,DRAFTKINGS & FANDUEL DFS STRATEGY REVIEW: Large-Field GPP Lineup Simulations (1/18/23),6:26,https://www.youtube.com/watch?v=pakvRcKsnXQ&t=386s,"Projections and ownership can change during the day as minutes change, and the projections team may make manual adjustments.",EXTERNAL_MODEL_OUTPUT|FIELD_BEHAVIOR_HYPOTHESIS,AUTO_TAGGED,UNVERIFIED_EXTERNAL,NOT_A_HARD_LINEUP_RULE
EX276,4. Ownership projection methodology,SaberSim DFS - Daily Fantasy Sports Strategy,DFS Q&A: For the 20-Max and 150-Max contest do you use the same pool?,15:51,https://www.youtube.com/watch?v=PRtm5_i9qqQ&t=951s,He compares projected and actual ownership in post-contest review; a player whose actual ownership exceeded projection could lower the ROI of lineups containing him.,EMPIRICAL_HISTORICAL_EVIDENCE|EXTERNAL_MODEL_OUTPUT|FIELD_BEHAVIOR_HYPOTHESIS,AUTO_TAGGED,UNVERIFIED_EXTERNAL,NOT_A_HARD_LINEUP_RULE
EX277,4. Ownership projection methodology,SaberSim DFS - Daily Fantasy Sports Strategy,Beat DFS Using The SaberSystem: 5 Principles for Maximum Profitability,10:42,https://www.youtube.com/watch?v=4jONT961JrM&t=642s,"Starting lineups, weather, and injuries can affect team projections, player upside, projected ownership, and same-game correlations.",EXTERNAL_MODEL_OUTPUT|FIELD_BEHAVIOR_HYPOTHESIS,AUTO_TAGGED,UNVERIFIED_EXTERNAL,NOT_A_HARD_LINEUP_RULE
EX278,5. Field simulation and opponent lineup simulation,SaberSim DFS - Daily Fantasy Sports Strategy,DFS Q&A: How Do Custom Projections and Ownership Affect Sims and Lineup Building?,5:54,https://www.youtube.com/watch?v=t0YPdy7wOuk&t=354s,"The contest sim plays out a slate instance, scores players and lineups, and determines standings and payouts.",EXTERNAL_MODEL_OUTPUT|PRODUCTION_CANDIDATE,AUTO_TAGGED,UNVERIFIED_EXTERNAL,NOT_A_HARD_LINEUP_RULE
EX279,5. Field simulation and opponent lineup simulation,SaberSim DFS - Daily Fantasy Sports Strategy,DFS Q&A: How Do Custom Projections and Ownership Affect Sims and Lineup Building?,6:08,https://www.youtube.com/watch?v=t0YPdy7wOuk&t=368s,A custom projection adjustment can change simulated lineup placement and ROI.,EXTERNAL_MODEL_OUTPUT,AUTO_TAGGED,UNVERIFIED_EXTERNAL,NOT_A_HARD_LINEUP_RULE
EX280,5. Field simulation and opponent lineup simulation,SaberSim DFS - Daily Fantasy Sports Strategy,DFS Q&A: How Do Custom Projections and Ownership Affect Sims and Lineup Building?,6:58,https://www.youtube.com/watch?v=t0YPdy7wOuk&t=418s,Changing ownership in the build does not automatically change the simulated field lineups.,EXTERNAL_MODEL_OUTPUT|FIELD_BEHAVIOR_HYPOTHESIS,AUTO_TAGGED,UNVERIFIED_EXTERNAL,NOT_A_HARD_LINEUP_RULE
EX281,5. Field simulation and opponent lineup simulation,SaberSim DFS - Daily Fantasy Sports Strategy,DFS Q&A: How Do Custom Projections and Ownership Affect Sims and Lineup Building?,8:31,https://www.youtube.com/watch?v=t0YPdy7wOuk&t=511s,"The suggested workaround is to use the max-exposure-to-ownership option, with the speaker opening it to 25% to apply min/max exposures across players.",EMPIRICAL_HISTORICAL_EVIDENCE|FIELD_BEHAVIOR_HYPOTHESIS|EXPERT_OPINION,AUTO_TAGGED,UNVERIFIED_EXTERNAL,NOT_A_HARD_LINEUP_RULE
EX282,5. Field simulation and opponent lineup simulation,SaberSim DFS - Daily Fantasy Sports Strategy,DFS Q&A: How Do Custom Projections and Ownership Affect Sims and Lineup Building?,16:00,https://www.youtube.com/watch?v=t0YPdy7wOuk&t=960s,The contest sim can compare actual lineups against field lineups generated in a separate build named custom field.,EXTERNAL_MODEL_OUTPUT|FIELD_BEHAVIOR_HYPOTHESIS|PRODUCTION_CANDIDATE|EXPERT_OPINION,AUTO_TAGGED,UNVERIFIED_EXTERNAL,NOT_A_HARD_LINEUP_RULE
EX283,5. Field simulation and opponent lineup simulation,SaberSim DFS - Daily Fantasy Sports Strategy,DFS Q&A: Walking Through the NFL Late Swap Process,10:38,https://www.youtube.com/watch?v=CgfglAjd2ys&t=638s,"For a 20-entry winner-take-all contest, the speaker sets entries to 20, first-place percentage to 100, and cash percentage to 5%.",EMPIRICAL_HISTORICAL_EVIDENCE|EXPERT_OPINION,AUTO_TAGGED,UNVERIFIED_EXTERNAL,NOT_A_HARD_LINEUP_RULE
EX284,5. Field simulation and opponent lineup simulation,SaberSim DFS - Daily Fantasy Sports Strategy,DFS Q&A: Walking Through the NFL Late Swap Process,21:39,https://www.youtube.com/watch?v=CgfglAjd2ys&t=1299s,"For multiple contests in one lineup group, the builder assigns lineups across contests intelligently rather than using average ROI.",EXPERT_OPINION,AUTO_TAGGED,UNVERIFIED_EXTERNAL,NOT_A_HARD_LINEUP_RULE
EX285,5. Field simulation and opponent lineup simulation,SaberSim DFS - Daily Fantasy Sports Strategy,DFS Q&A: Walking Through the NFL Late Swap Process,23:00,https://www.youtube.com/watch?v=CgfglAjd2ys&t=1380s,"Portfolio uses one simplified contest simulation across contests, while Portfolio Plus uses exact contest data for each contest.",EXTERNAL_MODEL_OUTPUT|PRODUCTION_CANDIDATE,AUTO_TAGGED,UNVERIFIED_EXTERNAL,NOT_A_HARD_LINEUP_RULE
EX286,5. Field simulation and opponent lineup simulation,SaberSim DFS - Daily Fantasy Sports Strategy,Learn How Maximize SaberSim's New Contest Sims,8:17,https://www.youtube.com/watch?v=mZzskOQAz2k&t=497s,Contest Sims evaluate each user lineup against the specified field and payout structure over repeated simulations.,EXTERNAL_MODEL_OUTPUT|FIELD_BEHAVIOR_HYPOTHESIS,AUTO_TAGGED,UNVERIFIED_EXTERNAL,NOT_A_HARD_LINEUP_RULE
EX287,5. Field simulation and opponent lineup simulation,SaberSim DFS - Daily Fantasy Sports Strategy,Learn How Maximize SaberSim's New Contest Sims,20:28,https://www.youtube.com/watch?v=mZzskOQAz2k&t=1228s,"Each slate simulation combines game simulations, scores the field lineups, and ranks them.",EXTERNAL_MODEL_OUTPUT|FIELD_BEHAVIOR_HYPOTHESIS,AUTO_TAGGED,UNVERIFIED_EXTERNAL,NOT_A_HARD_LINEUP_RULE
EX288,5. Field simulation and opponent lineup simulation,SaberSim DFS - Daily Fantasy Sports Strategy,Learn How Maximize SaberSim's New Contest Sims,48:55,https://www.youtube.com/watch?v=mZzskOQAz2k&t=2935s,"At the time of the discussion, field simulations used a maximum of 5,000 field lineups, even for larger contests.",EXTERNAL_MODEL_OUTPUT|FIELD_BEHAVIOR_HYPOTHESIS|EXPERT_OPINION,AUTO_TAGGED,UNVERIFIED_EXTERNAL,NOT_A_HARD_LINEUP_RULE
EX289,5. Field simulation and opponent lineup simulation,,Field Lineups Explained,0:04,https://www.youtube.com/watch?v=DHKY694-I_M&t=4s,"The projected field lineups represent the expected opponents’ lineups, including their exposures, stack types, and secondary-stack correlations.",EXTERNAL_MODEL_OUTPUT|FIELD_BEHAVIOR_HYPOTHESIS,AUTO_TAGGED,UNVERIFIED_EXTERNAL,NOT_A_HARD_LINEUP_RULE
EX290,5. Field simulation and opponent lineup simulation,,Field Lineups Explained,2:25,https://www.youtube.com/watch?v=DHKY694-I_M&t=145s,Users can open an ownership bucket to view the field lineups assigned to that set.,FIELD_BEHAVIOR_HYPOTHESIS,AUTO_TAGGED,UNVERIFIED_EXTERNAL,NOT_A_HARD_LINEUP_RULE
EX291,5. Field simulation and opponent lineup simulation,,Field Lineups Explained,3:13,https://www.youtube.com/watch?v=DHKY694-I_M&t=193s,"The contest simulation runs 100,000 iterations, and the speaker says inaccurate field representation can give false signals about lineup quality.",EXTERNAL_MODEL_OUTPUT|FIELD_BEHAVIOR_HYPOTHESIS,AUTO_TAGGED,UNVERIFIED_EXTERNAL,NOT_A_HARD_LINEUP_RULE
EX292,5. Field simulation and opponent lineup simulation,Stokastic DFS - Daily Fantasy Sports Advice,NFL DFS Sims Tournament Strategy Week 1 | NFL DFS Strategy,1:00:03,https://www.youtube.com/watch?v=uMa9MQhf0fU&t=3603s,"The Sims are used to inspect detailed stack exposures, including quarterback-plus-two, double-stack, and skinny-stack lineup rates.",EMPIRICAL_HISTORICAL_EVIDENCE|EXTERNAL_MODEL_OUTPUT,AUTO_TAGGED,UNVERIFIED_EXTERNAL,NOT_A_HARD_LINEUP_RULE
EX293,5. Field simulation and opponent lineup simulation,Stokastic DFS - Daily Fantasy Sports Advice,NFL DFS Sims Tournament Strategy Week 1 | NFL DFS Strategy,1:05:49,https://www.youtube.com/watch?v=uMa9MQhf0fU&t=3949s,He uses Sims results to assess unusual lineup constructions and notes that results may change if more injuries emerge.,EXTERNAL_MODEL_OUTPUT|FIELD_BEHAVIOR_HYPOTHESIS,AUTO_TAGGED,UNVERIFIED_EXTERNAL,NOT_A_HARD_LINEUP_RULE
EX294,5. Field simulation and opponent lineup simulation,SaberSim DFS - Daily Fantasy Sports Strategy,DFS Q&A: How Do Contest Sims Work for Small vs. Large-Field Contests?,10:19,https://www.youtube.com/watch?v=h9O1DRC4ABo&t=619s,"For a contest smaller than 10,000 entries, SaberSim randomly samples from its 10,000 NFL Showdown field items each time it runs the contest simulation.",EXTERNAL_MODEL_OUTPUT|FIELD_BEHAVIOR_HYPOTHESIS|EXPERT_OPINION,AUTO_TAGGED,UNVERIFIED_EXTERNAL,NOT_A_HARD_LINEUP_RULE
EX295,5. Field simulation and opponent lineup simulation,SaberSim DFS - Daily Fantasy Sports Strategy,DFS Q&A: How Do Contest Sims Work for Small vs. Large-Field Contests?,13:32,https://www.youtube.com/watch?v=h9O1DRC4ABo&t=812s,"Andrew identifies estimating how duplication scales from a 10,000-lineup simulation to a 100,000-entry contest as a key limitation.",EXTERNAL_MODEL_OUTPUT|FIELD_BEHAVIOR_HYPOTHESIS|EXPERT_OPINION,AUTO_TAGGED,UNVERIFIED_EXTERNAL,NOT_A_HARD_LINEUP_RULE
EX296,5. Field simulation and opponent lineup simulation,SaberSim DFS - Daily Fantasy Sports Strategy,How to Beat NFL DFS Showdowns,9:02,https://www.youtube.com/watch?v=iE36sFpjaVw&t=542s,"The described contest simulation places candidate lineups against projected opponent lineups and re-runs the game 100,000 times to estimate each lineup's ROI.",EMPIRICAL_HISTORICAL_EVIDENCE|EXTERNAL_MODEL_OUTPUT,AUTO_TAGGED,UNVERIFIED_EXTERNAL,NOT_A_HARD_LINEUP_RULE
EX297,5. Field simulation and opponent lineup simulation,SaberSim DFS - Daily Fantasy Sports Strategy,How to Beat NFL DFS Showdowns,14:39,https://www.youtube.com/watch?v=iE36sFpjaVw&t=879s,The next-day flashback re-simulates the slate against actual opponent lineups and duplication.,EXTERNAL_MODEL_OUTPUT|FIELD_BEHAVIOR_HYPOTHESIS,AUTO_TAGGED,UNVERIFIED_EXTERNAL,NOT_A_HARD_LINEUP_RULE
EX298,5. Field simulation and opponent lineup simulation,SaberSim DFS - Daily Fantasy Sports Strategy,DFS Q&A: How Does the Portfolio Diversifier Work?,18:58,https://www.youtube.com/watch?v=iM5sS24JCSc&t=1138s,"Saber Score and ROI use contest simulation, while the Ultimate run-contest-sim option uses the exact contests being played.",EMPIRICAL_HISTORICAL_EVIDENCE|EXTERNAL_MODEL_OUTPUT|PRODUCTION_CANDIDATE,AUTO_TAGGED,UNVERIFIED_EXTERNAL,NOT_A_HARD_LINEUP_RULE
EX299,5. Field simulation and opponent lineup simulation,SaberSim DFS - Daily Fantasy Sports Strategy,DFS Q&A: How Does the Portfolio Diversifier Work?,21:00,https://www.youtube.com/watch?v=iM5sS24JCSc&t=1260s,The portfolio diversifier evaluates lineups against lineups it expects other users in the contest to play.,EXPERT_OPINION,AUTO_TAGGED,UNVERIFIED_EXTERNAL,NOT_A_HARD_LINEUP_RULE
EX300,5. Field simulation and opponent lineup simulation,SaberSim DFS - Daily Fantasy Sports Strategy,DFS Q&A: Navigating NFL Late Swap,13:39,https://www.youtube.com/watch?v=8qVskFOoEGE&t=819s,Self-simming tests how a lineup pool grades when its actual team ownership differs from the ownership represented by field lineups.,EMPIRICAL_HISTORICAL_EVIDENCE|EXTERNAL_MODEL_OUTPUT|FIELD_BEHAVIOR_HYPOTHESIS,AUTO_TAGGED,UNVERIFIED_EXTERNAL,NOT_A_HARD_LINEUP_RULE
EX301,5. Field simulation and opponent lineup simulation,SaberSim DFS - Daily Fantasy Sports Strategy,DFS Q&A: Navigating NFL Late Swap,14:19,https://www.youtube.com/watch?v=8qVskFOoEGE&t=859s,The speaker describes self-sim results as a way to identify lineups whose apparent ROI may be fragile to higher-than-expected stack ownership.,EXTERNAL_MODEL_OUTPUT|FIELD_BEHAVIOR_HYPOTHESIS,AUTO_TAGGED,UNVERIFIED_EXTERNAL,NOT_A_HARD_LINEUP_RULE
EX302,5. Field simulation and opponent lineup simulation,SaberSim DFS - Daily Fantasy Sports Strategy,DFS Q&A: What is the best way to reduce dupes in Showdown?,4:05,https://www.youtube.com/watch?v=eWWw-7T2YLk&t=245s,"The contest sim provides ROI, risk-adjusted ROI, win rate, cash rate, ROI standard deviation, and dupe count.",EXTERNAL_MODEL_OUTPUT|FIELD_BEHAVIOR_HYPOTHESIS|PRODUCTION_CANDIDATE,AUTO_TAGGED,UNVERIFIED_EXTERNAL,NOT_A_HARD_LINEUP_RULE
EX303,5. Field simulation and opponent lineup simulation,SaberSim DFS - Daily Fantasy Sports Strategy,DFS Q&A: What is the best way to reduce dupes in Showdown?,6:28,https://www.youtube.com/watch?v=eWWw-7T2YLk&t=388s,"When a build is simmed against itself, each lineup registers as duplicated once because the lineup is included in its own comparison.",EXTERNAL_MODEL_OUTPUT|FIELD_BEHAVIOR_HYPOTHESIS|PRODUCTION_CANDIDATE,AUTO_TAGGED,UNVERIFIED_EXTERNAL,NOT_A_HARD_LINEUP_RULE
EX304,5. Field simulation and opponent lineup simulation,SaberSim DFS - Daily Fantasy Sports Strategy,How to Late Swap in NFL DFS: A Real-Time Tutorial,1:21,https://www.youtube.com/watch?v=IAt9PW8j75M&t=81s,Late-swap contest simulations account for live performance in ongoing games and the actual lineups opponents are playing.,EXTERNAL_MODEL_OUTPUT|PRODUCTION_CANDIDATE,AUTO_TAGGED,UNVERIFIED_EXTERNAL,NOT_A_HARD_LINEUP_RULE
EX305,5. Field simulation and opponent lineup simulation,SaberSim DFS - Daily Fantasy Sports Strategy,How to Late Swap in NFL DFS: A Real-Time Tutorial,4:41,https://www.youtube.com/watch?v=IAt9PW8j75M&t=281s,The Ultimate plan's contest simulation uses player performance and opponents' lineups to identify profitable swaps.,EXTERNAL_MODEL_OUTPUT|PRODUCTION_CANDIDATE,AUTO_TAGGED,UNVERIFIED_EXTERNAL,NOT_A_HARD_LINEUP_RULE
EX306,5. Field simulation and opponent lineup simulation,SaberSim DFS - Daily Fantasy Sports Strategy,DFS Q&A: What is a self-sim?,2:09,https://www.youtube.com/watch?v=JjEqfaORNpA&t=129s,"A self-sim runs each lineup in the 5,000-lineup pool against a simulated contest using its payout structure, contest size, and an expected field.",EXTERNAL_MODEL_OUTPUT|FIELD_BEHAVIOR_HYPOTHESIS|PRODUCTION_CANDIDATE|EXPERT_OPINION,AUTO_TAGGED,UNVERIFIED_EXTERNAL,NOT_A_HARD_LINEUP_RULE
EX307,5. Field simulation and opponent lineup simulation,SaberSim DFS - Daily Fantasy Sports Strategy,DFS Q&A: Avoiding Dupes on Small NFL Slates,15:39,https://www.youtube.com/watch?v=KDQWYsMCP8w&t=939s,"Portfolio uses Saber Score, while Portfolio Plus uses the ROI of the specific contest; Saber Score comes from a simplified contest simulation.",EXTERNAL_MODEL_OUTPUT|PRODUCTION_CANDIDATE,AUTO_TAGGED,UNVERIFIED_EXTERNAL,NOT_A_HARD_LINEUP_RULE
EX308,5. Field simulation and opponent lineup simulation,SaberSim DFS - Daily Fantasy Sports Strategy,Master The Art of NFL DFS Showdowns,6:01,https://www.youtube.com/watch?v=Fr2FxzlztT4&t=361s,"Contest simulations test each candidate lineup against an expected opponent field, resimulate the game 100,000 times, and calculate lineup ROI.",EXTERNAL_MODEL_OUTPUT|FIELD_BEHAVIOR_HYPOTHESIS,AUTO_TAGGED,UNVERIFIED_EXTERNAL,NOT_A_HARD_LINEUP_RULE
EX309,5. Field simulation and opponent lineup simulation,SaberSim DFS - Daily Fantasy Sports Strategy,DFS Q&A: How do I best utilize the dupe metric in the contest sims?,9:15,https://www.youtube.com/watch?v=ETNpMZGSNCs&t=555s,"The contest sim tests each lineup separately against field lineups under the configured payout structure, running 100,000 simulations for each lineup.",EXTERNAL_MODEL_OUTPUT|FIELD_BEHAVIOR_HYPOTHESIS|PRODUCTION_CANDIDATE,AUTO_TAGGED,UNVERIFIED_EXTERNAL,NOT_A_HARD_LINEUP_RULE
EX310,5. Field simulation and opponent lineup simulation,SaberSim DFS - Daily Fantasy Sports Strategy,NFL Office Hours - Showdown Q&A,22:16,https://www.youtube.com/watch?v=Re6X-sC0P7A&t=1336s,"A custom build can be selected as the field lineups against which the Contest Sim runs, rather than using the SaberSim ownership lineups.",EXTERNAL_MODEL_OUTPUT|FIELD_BEHAVIOR_HYPOTHESIS|PRODUCTION_CANDIDATE|EXPERT_OPINION,AUTO_TAGGED,UNVERIFIED_EXTERNAL,NOT_A_HARD_LINEUP_RULE
EX311,5. Field simulation and opponent lineup simulation,SaberSim DFS - Daily Fantasy Sports Strategy,DFS Q&A: How Do You Reduce Dupes in Showdown?,59:58,https://www.youtube.com/watch?v=JuOzj5ZOQHk&t=3598s,"The speaker evaluates simulated ROI in the context of the specific contest, describing any positive result as good in the demonstrated tough, high-dollar contest.",EXTERNAL_MODEL_OUTPUT,AUTO_TAGGED,UNVERIFIED_EXTERNAL,NOT_A_HARD_LINEUP_RULE
EX312,5. Field simulation and opponent lineup simulation,Mayo Media Network,"NFL DFS Strategy Masterclass: Game Theory, Stacking & How to Actually Win",5:36,https://www.youtube.com/watch?v=oj36e7aIMHc&t=336s,Contest simulations help balance chalk and leverage and identify when a lineup has too many uncorrelated high-ceiling plays.,EMPIRICAL_HISTORICAL_EVIDENCE|EXTERNAL_MODEL_OUTPUT|FIELD_BEHAVIOR_HYPOTHESIS|EXPERT_OPINION,AUTO_TAGGED,UNVERIFIED_EXTERNAL,NOT_A_HARD_LINEUP_RULE
EX313,5. Field simulation and opponent lineup simulation,Neil Orfield,NFL DFS Week 1 DraftKings Strategy And Picks  Run The Sims With A Milly Maker Winner,22:32,https://www.youtube.com/watch?v=MhwZlTi-eJw&t=1352s,He recommends running separate simulations with different settings for contests with different entry fees.,EXTERNAL_MODEL_OUTPUT,AUTO_TAGGED,UNVERIFIED_EXTERNAL,NOT_A_HARD_LINEUP_RULE
EX314,5. Field simulation and opponent lineup simulation,Stokastic DFS - Daily Fantasy Sports Advice,How To Use The Stokastic NFL DFS Contest Generator Tool | NFL DFS Contest Simulations,5:46,https://www.youtube.com/watch?v=QX-prNRoIuA&t=346s,The post-contest simulator can use a file containing the generated lineups to simulate the slate.,EXTERNAL_MODEL_OUTPUT,AUTO_TAGGED,UNVERIFIED_EXTERNAL,NOT_A_HARD_LINEUP_RULE
EX315,5. Field simulation and opponent lineup simulation,SaberSim DFS - Daily Fantasy Sports Strategy,SaberSim's Unique Approach to Projecting Ownership,4:03,https://www.youtube.com/watch?v=zMdDPCaxXjg&t=243s,The ownership process builds lineups intended to resemble those the field might build and uses player appearance frequency to estimate ownership.,FIELD_BEHAVIOR_HYPOTHESIS,AUTO_TAGGED,UNVERIFIED_EXTERNAL,NOT_A_HARD_LINEUP_RULE
EX316,5. Field simulation and opponent lineup simulation,SaberSim DFS - Daily Fantasy Sports Strategy,DFS Q&A: How Should You Handle NFL Late Swap Between Builds?,7:55,https://www.youtube.com/watch?v=QJ4wmImXx5M&t=475s,"The speaker says live player scoring data improves contest-sim standings, movement chances, and identification of better swaps.",EXTERNAL_MODEL_OUTPUT|PRODUCTION_CANDIDATE,AUTO_TAGGED,UNVERIFIED_EXTERNAL,NOT_A_HARD_LINEUP_RULE
EX317,5. Field simulation and opponent lineup simulation,Establish The Run,How to Win NFL DFS Tournaments in 2026,59:33,https://www.youtube.com/watch?v=A-PD6sZhvvY&t=3573s,The speakers recommend selecting the target contest when running Sims because the lineup types that can win vary by contest.,EXTERNAL_MODEL_OUTPUT,AUTO_TAGGED,UNVERIFIED_EXTERNAL,NOT_A_HARD_LINEUP_RULE
EX318,5. Field simulation and opponent lineup simulation,DraftKings,Studying the Sharps: Constructing DFS Lineups with Jordan Cooper,14:54,https://www.youtube.com/watch?v=1qKHG9mSEfI&t=894s,Cooper describes using known contest lineups and projections to run repeated trials and identify lineups with the highest return.,EMPIRICAL_HISTORICAL_EVIDENCE|EXTERNAL_MODEL_OUTPUT|FIELD_BEHAVIOR_HYPOTHESIS|EXPERT_OPINION,AUTO_TAGGED,UNVERIFIED_EXTERNAL,NOT_A_HARD_LINEUP_RULE
EX319,5. Field simulation and opponent lineup simulation,Stokastic DFS - Daily Fantasy Sports Advice,How To Use The Stokastic NFL DFS Pre-Contest Sims Tool | NFL DFS Contest Simulations,3:20,https://www.youtube.com/watch?v=4PFRCiUGPec&t=200s,"The tool runs 40,000 simulations with the lineups against each other and reports a lineup's first-place win percentage.",EXTERNAL_MODEL_OUTPUT,AUTO_TAGGED,UNVERIFIED_EXTERNAL,NOT_A_HARD_LINEUP_RULE
EX320,5. Field simulation and opponent lineup simulation,RotoGrinders - Daily Fantasy Sports Advice,DRAFTKINGS & FANDUEL DFS STRATEGY REVIEW: Large-Field GPP Lineup Simulations (1/18/23),35:04,https://www.youtube.com/watch?v=pakvRcKsnXQ&t=2104s,"The lineup simulator runs 1,000 Monte Carlo simulations using player floors and ceilings and reports lineup median, standard deviation, and win percentage.",EXTERNAL_MODEL_OUTPUT,AUTO_TAGGED,UNVERIFIED_EXTERNAL,NOT_A_HARD_LINEUP_RULE
EX321,5. Field simulation and opponent lineup simulation,SaberSim DFS - Daily Fantasy Sports Strategy,DFS Q&A: How Do You Filter NFL Lineups to Avoid Dupes While Staying +EV?,6:35,https://www.youtube.com/watch?v=wdjc-z_h8m4&t=395s,"The speaker says contest simulation evaluates lineups using field-lineup ownership, payout structures, and how often a lineup reaches the top of the contest.",EXTERNAL_MODEL_OUTPUT|FIELD_BEHAVIOR_HYPOTHESIS|PRODUCTION_CANDIDATE,AUTO_TAGGED,UNVERIFIED_EXTERNAL,NOT_A_HARD_LINEUP_RULE
EX322,5. Field simulation and opponent lineup simulation,SaberSim DFS - Daily Fantasy Sports Strategy,Beat DFS Using The SaberSystem: 5 Principles for Maximum Profitability,13:51,https://www.youtube.com/watch?v=4jONT961JrM&t=831s,"Contest Flashback simulates each DraftKings contest 100,000 times using the actual lineups and payout structure to calculate expected ROI.",EXTERNAL_MODEL_OUTPUT,AUTO_TAGGED,UNVERIFIED_EXTERNAL,NOT_A_HARD_LINEUP_RULE
EX323,5. Field simulation and opponent lineup simulation,SaberSim DFS - Daily Fantasy Sports Strategy,DFS Q&A: How Do You Use Geomean to Reduce Dupes in NFL Showdown?,9:31,https://www.youtube.com/watch?v=UTQzHyEzDEw&t=571s,"Contest simulations use separate ROI sorting metrics, though some lineups may rank well in multiple contests.",EXTERNAL_MODEL_OUTPUT|PRODUCTION_CANDIDATE,AUTO_TAGGED,UNVERIFIED_EXTERNAL,NOT_A_HARD_LINEUP_RULE
EX324,6. Large-field vs small-field strategy,Establish The Run,How to Win NFL DFS Tournaments in 2026,57:59,https://www.youtube.com/watch?v=A-PD6sZhvvY&t=3479s,"For large fields, the speaker recommends getting closer to the slate's pure optimal ceiling.",FIELD_BEHAVIOR_HYPOTHESIS|EXPERT_OPINION,AUTO_TAGGED,UNVERIFIED_EXTERNAL,NOT_A_HARD_LINEUP_RULE
EX325,6. Large-field vs small-field strategy,Establish The Run,How to Win NFL DFS Tournaments in 2026,58:38,https://www.youtube.com/watch?v=A-PD6sZhvvY&t=3518s,"In small fields, double stacks can retain useful floor when one player hits 30 points and the other scores 15, even if the game does not produce a perfect ceiling environment.",FIELD_BEHAVIOR_HYPOTHESIS,AUTO_TAGGED,UNVERIFIED_EXTERNAL,NOT_A_HARD_LINEUP_RULE
EX326,6. Large-field vs small-field strategy,Establish The Run,How to Win NFL DFS Tournaments in 2026,1:00:18,https://www.youtube.com/watch?v=A-PD6sZhvvY&t=3618s,"The larger the field, the more upside is needed; the speaker says balance and multiple players outperforming salary can create that upside.",FIELD_BEHAVIOR_HYPOTHESIS,AUTO_TAGGED,UNVERIFIED_EXTERNAL,NOT_A_HARD_LINEUP_RULE
EX327,6. Large-field vs small-field strategy,Establish The Run,How to Win NFL DFS Tournaments in 2026,1:01:03,https://www.youtube.com/watch?v=A-PD6sZhvvY&t=3663s,"For very large fields, the speaker favors roster spots with a real chance to score 20 and describes cheap chalk defenses used mainly to make salary work as much worse than in small fields.",FIELD_BEHAVIOR_HYPOTHESIS|EXPERT_OPINION,AUTO_TAGGED,UNVERIFIED_EXTERNAL,NOT_A_HARD_LINEUP_RULE
EX328,6. Large-field vs small-field strategy,SaberSim DFS - Daily Fantasy Sports Strategy,"DFS Office Hours 10/5: Different build settings for different contests, impact of pool size on build",11:44,https://www.youtube.com/watch?v=7yKBIoYboE8&t=704s,"When uncertain about GPP settings, the speaker favors slightly more ownership fade and contrarian lineups over being too chalky.",EXTERNAL_MODEL_OUTPUT|FIELD_BEHAVIOR_HYPOTHESIS|EXPERT_OPINION|PROHIBITED_DIRECT_INPUT,AUTO_TAGGED,UNVERIFIED_EXTERNAL,NOT_A_HARD_LINEUP_RULE
EX329,6. Large-field vs small-field strategy,SaberSim DFS - Daily Fantasy Sports Strategy,"DFS Office Hours 10/5: Different build settings for different contests, impact of pool size on build",1:00:06,https://www.youtube.com/watch?v=7yKBIoYboE8&t=3606s,"The speaker says lineup-building settings for a smaller-field contest differ from those for a large-field 150-max GPP, affecting correlation, ownership, variance, and stack size.",FIELD_BEHAVIOR_HYPOTHESIS,AUTO_TAGGED,UNVERIFIED_EXTERNAL,NOT_A_HARD_LINEUP_RULE
EX330,6. Large-field vs small-field strategy,SaberSim DFS - Daily Fantasy Sports Strategy,"DFS Office Hours 10/5: Different build settings for different contests, impact of pool size on build",1:04:35,https://www.youtube.com/watch?v=7yKBIoYboE8&t=3875s,"For a small set of entries, the speaker recommends visually selecting preferred lineups because exposure adjustments have less granularity.",EXPERT_OPINION,AUTO_TAGGED,UNVERIFIED_EXTERNAL,NOT_A_HARD_LINEUP_RULE
EX331,6. Large-field vs small-field strategy,925 Sports,I Broke Down the 2025 Milly Maker Winning Lineups (Then Built a Process Around It),2:03,https://www.youtube.com/watch?v=zQu7ablUMEk&t=123s,"The speaker says higher-entry contests can have weaker lineups than single-entry doubles, partly because entrants try too hard to be unique.",EMPIRICAL_HISTORICAL_EVIDENCE,AUTO_TAGGED,UNVERIFIED_EXTERNAL,NOT_A_HARD_LINEUP_RULE
EX332,6. Large-field vs small-field strategy,925 Sports,I Broke Down the 2025 Milly Maker Winning Lineups (Then Built a Process Around It),12:15,https://www.youtube.com/watch?v=zQu7ablUMEk&t=735s,The recommended GPP approach is to combine chalk with less-chalky players rather than fading chalk or using only chalk.,FIELD_BEHAVIOR_HYPOTHESIS,AUTO_TAGGED,UNVERIFIED_EXTERNAL,NOT_A_HARD_LINEUP_RULE
EX333,6. Large-field vs small-field strategy,925 Sports,I Broke Down the 2025 Milly Maker Winning Lineups (Then Built a Process Around It),12:25,https://www.youtube.com/watch?v=zQu7ablUMEk&t=745s,"Winning lineups averaged about 120–135% total ownership, roughly 127% on average, while still needing some uniqueness.",EMPIRICAL_HISTORICAL_EVIDENCE|FIELD_BEHAVIOR_HYPOTHESIS,AUTO_TAGGED,UNVERIFIED_EXTERNAL,NOT_A_HARD_LINEUP_RULE
EX334,6. Large-field vs small-field strategy,Neil Orfield,NFL DFS Week 1 DraftKings Strategy And Picks  Run The Sims With A Milly Maker Winner,1:53,https://www.youtube.com/watch?v=MhwZlTi-eJw&t=113s,"For his large-field contests, he configures the simulation for a 15,000-entry field and a top-heavy payout structure.",EXTERNAL_MODEL_OUTPUT|FIELD_BEHAVIOR_HYPOTHESIS|EXPERT_OPINION,AUTO_TAGGED,UNVERIFIED_EXTERNAL,NOT_A_HARD_LINEUP_RULE
EX335,6. Large-field vs small-field strategy,Neil Orfield,NFL DFS Week 1 DraftKings Strategy And Picks  Run The Sims With A Milly Maker Winner,1:53,https://www.youtube.com/watch?v=MhwZlTi-eJw&t=113s,"He advises matching the simulated field size to the contest, giving 3,000 entries as an example.",EXTERNAL_MODEL_OUTPUT|FIELD_BEHAVIOR_HYPOTHESIS,AUTO_TAGGED,UNVERIFIED_EXTERNAL,NOT_A_HARD_LINEUP_RULE
EX336,6. Large-field vs small-field strategy,Neil Orfield,NFL DFS Week 1 DraftKings Strategy And Picks  Run The Sims With A Milly Maker Winner,27:34,https://www.youtube.com/watch?v=MhwZlTi-eJw&t=1654s,"He says smaller fields require less lineup uniqueness than 15,000-entry fields and recommends simulating the actual contest field size.",EXTERNAL_MODEL_OUTPUT|FIELD_BEHAVIOR_HYPOTHESIS,AUTO_TAGGED,UNVERIFIED_EXTERNAL,NOT_A_HARD_LINEUP_RULE
EX337,6. Large-field vs small-field strategy,SaberSim DFS - Daily Fantasy Sports Strategy,DFS Office Hours 7/29/21: Why avoiding duplication is important in DFS,20:18,https://www.youtube.com/watch?v=U13Q_op4i-g&t=1218s,He says he often completely fades plays he expects to be overowned rather than merely playing them below the field’s ownership.,FIELD_BEHAVIOR_HYPOTHESIS|EXPERT_OPINION|PROHIBITED_DIRECT_INPUT,AUTO_TAGGED,UNVERIFIED_EXTERNAL,NOT_A_HARD_LINEUP_RULE
EX338,6. Large-field vs small-field strategy,SaberSim DFS - Daily Fantasy Sports Strategy,DFS Office Hours 7/29/21: Why avoiding duplication is important in DFS,23:03,https://www.youtube.com/watch?v=U13Q_op4i-g&t=1383s,He says stacking and larger stacks generally make more sense on bigger slates and in smaller contests where opponents are less likely to find the mathematical optimum.,EXPERT_OPINION,AUTO_TAGGED,UNVERIFIED_EXTERNAL,NOT_A_HARD_LINEUP_RULE
EX339,6. Large-field vs small-field strategy,SaberSim DFS - Daily Fantasy Sports Strategy,DFS Office Hours 7/29/21: Why avoiding duplication is important in DFS,23:51,https://www.youtube.com/watch?v=U13Q_op4i-g&t=1431s,"In small contests with roughly a thousand opponents, picking the highest-scoring team and stacking it can be enough to compete.",EXPERT_OPINION,AUTO_TAGGED,UNVERIFIED_EXTERNAL,NOT_A_HARD_LINEUP_RULE
EX340,6. Large-field vs small-field strategy,DFS Army - Daily Fantasy Sports,DFS Army's Strategy Series MME Podcast   50 is the New 150,7:34,https://www.youtube.com/watch?v=CPsg0CX4_eU&t=454s,"The transcript contrasts 20-entry-max strategy, which calls for concentrated player stands, with the advice often given for 150 lineups to take fewer stands.",EMPIRICAL_HISTORICAL_EVIDENCE,AUTO_TAGGED,UNVERIFIED_EXTERNAL,NOT_A_HARD_LINEUP_RULE
EX341,6. Large-field vs small-field strategy,DFS Army - Daily Fantasy Sports,DFS Army's Strategy Series MME Podcast   50 is the New 150,7:56,https://www.youtube.com/watch?v=CPsg0CX4_eU&t=476s,"The speaker says that even a 150-lineup entry should use a strategy more like 20-max, while still arguing that 150 entries are not worthwhile in these contests.",EXPERT_OPINION,AUTO_TAGGED,UNVERIFIED_EXTERNAL,NOT_A_HARD_LINEUP_RULE
EX342,6. Large-field vs small-field strategy,DFS Army - Daily Fantasy Sports,DFS Army's Strategy Series MME Podcast   50 is the New 150,14:51,https://www.youtube.com/watch?v=CPsg0CX4_eU&t=891s,"For the high-dollar 150-max contest discussed, the speaker recommends entering 50 lineups instead of maxing out at 150.",EMPIRICAL_HISTORICAL_EVIDENCE|EXPERT_OPINION,AUTO_TAGGED,UNVERIFIED_EXTERNAL,NOT_A_HARD_LINEUP_RULE
EX343,6. Large-field vs small-field strategy,Mayo Media Network,2026 NFL DraftKings Strategy: Stop Making These Costly DFS Mistakes,9:33,https://www.youtube.com/watch?v=SPjmh9bxUF4&t=573s,"He distinguishes capped, smaller-field single-entry contests from a contest where opponents may enter 50 lineups, even if you enter only one.",EMPIRICAL_HISTORICAL_EVIDENCE|FIELD_BEHAVIOR_HYPOTHESIS,AUTO_TAGGED,UNVERIFIED_EXTERNAL,NOT_A_HARD_LINEUP_RULE
EX344,6. Large-field vs small-field strategy,Mayo Media Network,2026 NFL DraftKings Strategy: Stop Making These Costly DFS Mistakes,39:58,https://www.youtube.com/watch?v=SPjmh9bxUF4&t=2398s,He says smaller 4-max and 3-max tournaments do not require a perfect lineup against a massive field and describes placing highly despite having lineup mistakes.,FIELD_BEHAVIOR_HYPOTHESIS|EXPERT_OPINION,AUTO_TAGGED,UNVERIFIED_EXTERNAL,NOT_A_HARD_LINEUP_RULE
EX345,6. Large-field vs small-field strategy,Mayo Media Network,2026 NFL DraftKings Strategy: Stop Making These Costly DFS Mistakes,40:58,https://www.youtube.com/watch?v=SPjmh9bxUF4&t=2458s,"He encourages weighing a more attainable $1,500 top prize in a $20 contest against chasing a much larger prize in a 250-max contest.",EXPERT_OPINION|PROHIBITED_DIRECT_INPUT,AUTO_TAGGED,UNVERIFIED_EXTERNAL,NOT_A_HARD_LINEUP_RULE
EX346,6. Large-field vs small-field strategy,Establish The Run,DFS Tournament Strategy - How to Beat Small Field & Single Entry GPPs,7:47,https://www.youtube.com/watch?v=Z79IcL2Cruk&t=467s,"For super-small fields under 200 or 300 entries, the speakers describe using a near-optimal, cash-like lineup with slight adjustments to reduce duplication.",FIELD_BEHAVIOR_HYPOTHESIS|EXPERT_OPINION,AUTO_TAGGED,UNVERIFIED_EXTERNAL,NOT_A_HARD_LINEUP_RULE
EX347,6. Large-field vs small-field strategy,Establish The Run,DFS Tournament Strategy - How to Beat Small Field & Single Entry GPPs,9:14,https://www.youtube.com/watch?v=Z79IcL2Cruk&t=554s,"Small-field lineups can win without every player reaching an extreme outcome, while large-field tournaments require more 95th-percentile outcomes.",FIELD_BEHAVIOR_HYPOTHESIS,AUTO_TAGGED,UNVERIFIED_EXTERNAL,NOT_A_HARD_LINEUP_RULE
EX348,6. Large-field vs small-field strategy,Establish The Run,DFS Tournament Strategy - How to Beat Small Field & Single Entry GPPs,15:55,https://www.youtube.com/watch?v=Z79IcL2Cruk&t=955s,The speakers recommend balancing chalk and low-owned players rather than being excessively chalky or excessively contrarian.,FIELD_BEHAVIOR_HYPOTHESIS,AUTO_TAGGED,UNVERIFIED_EXTERNAL,NOT_A_HARD_LINEUP_RULE
EX349,6. Large-field vs small-field strategy,SaberSim DFS - Daily Fantasy Sports Strategy,DFS Q&A: How Do You Use Geomean to Reduce Dupes in NFL Showdown?,1:25,https://www.youtube.com/watch?v=UTQzHyEzDEw&t=85s,"The speaker recommends separate builds when using different parameters, rules, or player pools.",EXPERT_OPINION|PROHIBITED_DIRECT_INPUT,AUTO_TAGGED,UNVERIFIED_EXTERNAL,NOT_A_HARD_LINEUP_RULE
EX350,6. Large-field vs small-field strategy,SaberSim DFS - Daily Fantasy Sports Strategy,DFS Q&A: How Do You Use Geomean to Reduce Dupes in NFL Showdown?,6:18,https://www.youtube.com/watch?v=UTQzHyEzDEw&t=378s,"A lineup’s ROI can differ across contests, so its suitability may vary by contest.",EXPERT_OPINION,AUTO_TAGGED,UNVERIFIED_EXTERNAL,NOT_A_HARD_LINEUP_RULE
EX351,6. Large-field vs small-field strategy,SaberSim DFS - Daily Fantasy Sports Strategy,DFS Q&A: How Do You Use Geomean to Reduce Dupes in NFL Showdown?,7:21,https://www.youtube.com/watch?v=UTQzHyEzDEw&t=441s,The speaker favors selecting lineups optimized separately for each contest rather than reusing one contest’s 150 lineups everywhere.,EMPIRICAL_HISTORICAL_EVIDENCE|EXPERT_OPINION,AUTO_TAGGED,UNVERIFIED_EXTERNAL,NOT_A_HARD_LINEUP_RULE
EX352,6. Large-field vs small-field strategy,Stokastic DFS - Daily Fantasy Sports Advice,NFL DFS Sims Tournament Strategy Week 1 | NFL DFS Strategy,52:01,https://www.youtube.com/watch?v=uMa9MQhf0fU&t=3121s,"He names the Power Sweep, Spy, 150, three-max, and $100 single-entry contests while discussing tournament-dependent lineup choices.",EXPERT_OPINION,AUTO_TAGGED,UNVERIFIED_EXTERNAL,NOT_A_HARD_LINEUP_RULE
EX353,6. Large-field vs small-field strategy,Stokastic DFS - Daily Fantasy Sports Advice,NFL DFS Sims Tournament Strategy Week 1 | NFL DFS Strategy,1:03:36,https://www.youtube.com/watch?v=uMa9MQhf0fU&t=3816s,He cautions that lineups shown for a large-field tournament may differ from those suited to smaller single-entry contests.,FIELD_BEHAVIOR_HYPOTHESIS,AUTO_TAGGED,UNVERIFIED_EXTERNAL,NOT_A_HARD_LINEUP_RULE
EX354,6. Large-field vs small-field strategy,SaberSim DFS - Daily Fantasy Sports Strategy,The 3 Rules for Beating NFL Showdown and Single Game GPPs,5:07,https://www.youtube.com/watch?v=7T2VrpJIN1M&t=307s,"They use effective entrants—contest entries divided by the entry limit—as a measure of contest difficulty, favoring higher values.",EXPERT_OPINION,AUTO_TAGGED,UNVERIFIED_EXTERNAL,NOT_A_HARD_LINEUP_RULE
EX355,6. Large-field vs small-field strategy,SaberSim DFS - Daily Fantasy Sports Strategy,The 3 Rules for Beating NFL Showdown and Single Game GPPs,6:21,https://www.youtube.com/watch?v=7T2VrpJIN1M&t=381s,"Their contest-selection sequence starts with 20-max contests, then moves to single-entry and three-max contests.",EXPERT_OPINION,AUTO_TAGGED,UNVERIFIED_EXTERNAL,NOT_A_HARD_LINEUP_RULE
EX356,6. Large-field vs small-field strategy,SaberSim DFS - Daily Fantasy Sports Strategy,NFL Office Hours - Showdown Q&A,15:19,https://www.youtube.com/watch?v=Re6X-sC0P7A&t=919s,"Showdown Sim diversity is described as generally 10, with a possible reduction for very small fields under 100 entries; in that small single-entry setting, a solid lineup may be sufficient.",EXTERNAL_MODEL_OUTPUT|FIELD_BEHAVIOR_HYPOTHESIS|EXPERT_OPINION,AUTO_TAGGED,UNVERIFIED_EXTERNAL,NOT_A_HARD_LINEUP_RULE
EX357,6. Large-field vs small-field strategy,SaberSim DFS - Daily Fantasy Sports Strategy,NFL Office Hours - Showdown Q&A,55:49,https://www.youtube.com/watch?v=Re6X-sC0P7A&t=3349s,"For a 20-max build, the transcript frames ROI versus risk-adjusted ROI as a risk-tolerance choice: ROI is riskier and higher leverage, while risk-adjusted ROI is safer.",FIELD_BEHAVIOR_HYPOTHESIS|EXPERT_OPINION,AUTO_TAGGED,UNVERIFIED_EXTERNAL,NOT_A_HARD_LINEUP_RULE
EX358,6. Large-field vs small-field strategy,Mayo Media Network,"NFL DFS Strategy Masterclass: Game Theory, Stacking & How to Actually Win",13:34,https://www.youtube.com/watch?v=oj36e7aIMHc&t=814s,"For large-field tournaments, the advice is to use a skinny stack that can capture an extreme ceiling outcome rather than spreading production across a heavier stack.",FIELD_BEHAVIOR_HYPOTHESIS,AUTO_TAGGED,UNVERIFIED_EXTERNAL,NOT_A_HARD_LINEUP_RULE
EX359,6. Large-field vs small-field strategy,Mayo Media Network,"NFL DFS Strategy Masterclass: Game Theory, Stacking & How to Actually Win",14:00,https://www.youtube.com/watch?v=oj36e7aIMHc&t=840s,Small-field lineups can use a double stack and win without requiring a maximum ceiling game from every player.,FIELD_BEHAVIOR_HYPOTHESIS,AUTO_TAGGED,UNVERIFIED_EXTERNAL,NOT_A_HARD_LINEUP_RULE
EX360,6. Large-field vs small-field strategy,SaberSim DFS - Daily Fantasy Sports Strategy,SaberSim's Unique Approach to Projecting Ownership,58:46,https://www.youtube.com/watch?v=zMdDPCaxXjg&t=3526s,"The projections are for large-field GPPs, while ownership is expected to condense more in smaller fields.",EXTERNAL_MODEL_OUTPUT|FIELD_BEHAVIOR_HYPOTHESIS|PROHIBITED_DIRECT_INPUT,AUTO_TAGGED,UNVERIFIED_EXTERNAL,NOT_A_HARD_LINEUP_RULE
EX361,6. Large-field vs small-field strategy,SaberSim DFS - Daily Fantasy Sports Strategy,SaberSim's Unique Approach to Projecting Ownership,59:46,https://www.youtube.com/watch?v=zMdDPCaxXjg&t=3586s,"The speaker illustrates that a captain owned at 18% in a large field might be owned at 30% in single entry, so contest-specific ownership can differ.",EMPIRICAL_HISTORICAL_EVIDENCE|FIELD_BEHAVIOR_HYPOTHESIS,AUTO_TAGGED,UNVERIFIED_EXTERNAL,NOT_A_HARD_LINEUP_RULE
EX362,6. Large-field vs small-field strategy,SaberSim DFS - Daily Fantasy Sports Strategy,DFS Q&A: How Should You Handle NFL Late Swap Between Builds?,17:01,https://www.youtube.com/watch?v=QJ4wmImXx5M&t=1021s,The speaker suggests separating a 150-max contest set from multiple 20-max contests into different builds.,EXPERT_OPINION,AUTO_TAGGED,UNVERIFIED_EXTERNAL,NOT_A_HARD_LINEUP_RULE
EX363,6. Large-field vs small-field strategy,SaberSim DFS - Daily Fantasy Sports Strategy,DFS Q&A: How Should You Handle NFL Late Swap Between Builds?,20:32,https://www.youtube.com/watch?v=QJ4wmImXx5M&t=1232s,"Having 6%, 10%, or 15% exposure to a player projected for 1% or 2% ownership is described as substantial leverage over the field.",EMPIRICAL_HISTORICAL_EVIDENCE|EXTERNAL_MODEL_OUTPUT|FIELD_BEHAVIOR_HYPOTHESIS|PROHIBITED_DIRECT_INPUT,AUTO_TAGGED,UNVERIFIED_EXTERNAL,NOT_A_HARD_LINEUP_RULE
EX364,6. Large-field vs small-field strategy,One Week Season,DraftKings Showdown Strategy for Seahawks vs Lions | JSN Captain + Game Theory Breakdown,14:04,https://www.youtube.com/watch?v=OTvIy-Jk96U&t=844s,"The hosts use a contest with 411 entries as an example of their typical smaller-field, single-entry approach.",FIELD_BEHAVIOR_HYPOTHESIS|EXPERT_OPINION,AUTO_TAGGED,UNVERIFIED_EXTERNAL,NOT_A_HARD_LINEUP_RULE
EX365,6. Large-field vs small-field strategy,One Week Season,DraftKings Showdown Strategy for Seahawks vs Lions | JSN Captain + Game Theory Breakdown,28:40,https://www.youtube.com/watch?v=OTvIy-Jk96U&t=1720s,The speaker warns that an optimizer-generated lineup may be duplicated in both large and small tournaments.,EXTERNAL_MODEL_OUTPUT|FIELD_BEHAVIOR_HYPOTHESIS,AUTO_TAGGED,UNVERIFIED_EXTERNAL,NOT_A_HARD_LINEUP_RULE
EX366,6. Large-field vs small-field strategy,DraftKings,Studying the Sharps: Constructing DFS Lineups with Jordan Cooper,1:20:25,https://www.youtube.com/watch?v=1qKHG9mSEfI&t=4825s,"In a 1,000-lineup contest example, Cooper says 950 lineups could have a duplicate and favors one of the 50 unique lineups.",EMPIRICAL_HISTORICAL_EVIDENCE|FIELD_BEHAVIOR_HYPOTHESIS|EXPERT_OPINION,AUTO_TAGGED,UNVERIFIED_EXTERNAL,NOT_A_HARD_LINEUP_RULE
EX367,6. Large-field vs small-field strategy,DraftKings,Studying the Sharps: Constructing DFS Lineups with Jordan Cooper,1:21:21,https://www.youtube.com/watch?v=1qKHG9mSEfI&t=4881s,"Cooper cites an upcoming 473,000-entry DraftKings showdown and says 92 of the lineups had been duplicated, with some duplicated hundreds or thousands of times.",FIELD_BEHAVIOR_HYPOTHESIS,AUTO_TAGGED,UNVERIFIED_EXTERNAL,NOT_A_HARD_LINEUP_RULE
EX368,6. Large-field vs small-field strategy,SaberSim DFS - Daily Fantasy Sports Strategy,DFS Q&A: Navigating NFL Late Swap,9:37,https://www.youtube.com/watch?v=8qVskFOoEGE&t=577s,"The recommended bankroll allocation is 25–50% for single-entry and three-max contests and 50–75% for 20-max and 150-max contests, which the speaker says helps smooth variance.",EMPIRICAL_HISTORICAL_EVIDENCE|EXPERT_OPINION,AUTO_TAGGED,UNVERIFIED_EXTERNAL,NOT_A_HARD_LINEUP_RULE
EX369,6. Large-field vs small-field strategy,SaberSim DFS - Daily Fantasy Sports Strategy,DFS Q&A: Navigating NFL Late Swap,11:12,https://www.youtube.com/watch?v=8qVskFOoEGE&t=672s,Players do not have to max out a contest and may submit only their preferred lineups.,EXPERT_OPINION,AUTO_TAGGED,UNVERIFIED_EXTERNAL,NOT_A_HARD_LINEUP_RULE
EX370,6. Large-field vs small-field strategy,SaberSim DFS - Daily Fantasy Sports Strategy,Why is avoiding duplication important in DFS?,0:58,https://www.youtube.com/watch?v=MCss_MdowIc&t=58s,"A single-entry player should enter their lineup in single-entry contests first and, if seeking more action, enter it only once in a multi-entry contest.",EXPERT_OPINION|PROHIBITED_DIRECT_INPUT,AUTO_TAGGED,UNVERIFIED_EXTERNAL,NOT_A_HARD_LINEUP_RULE
EX371,6. Large-field vs small-field strategy,SaberSim DFS - Daily Fantasy Sports Strategy,Why is avoiding duplication important in DFS?,7:10,https://www.youtube.com/watch?v=MCss_MdowIc&t=430s,"For NFL showdown contests with sometimes 100,000 entrants, the speaker says creating an unduplicated or minimally duplicated lineup may become more important than fading ownership for leverage.",FIELD_BEHAVIOR_HYPOTHESIS|PROHIBITED_DIRECT_INPUT,AUTO_TAGGED,UNVERIFIED_EXTERNAL,NOT_A_HARD_LINEUP_RULE
EX372,6. Large-field vs small-field strategy,SaberSim DFS - Daily Fantasy Sports Strategy,DFS Q&A: How SaberSim Creates Its Ownership Projections,7:03,https://www.youtube.com/watch?v=JnVogCYAHgY&t=423s,The speaker favors using lineups optimized for larger contests in smaller contests rather than the reverse.,EXPERT_OPINION,AUTO_TAGGED,UNVERIFIED_EXTERNAL,NOT_A_HARD_LINEUP_RULE
EX373,6. Large-field vs small-field strategy,SaberSim DFS - Daily Fantasy Sports Strategy,DFS Q&A: How SaberSim Creates Its Ownership Projections,8:07,https://www.youtube.com/watch?v=JnVogCYAHgY&t=487s,The speaker recommends building to the higher entry limit when choosing between contest settings such as single-entry and 20-max.,EXPERT_OPINION,AUTO_TAGGED,UNVERIFIED_EXTERNAL,NOT_A_HARD_LINEUP_RULE
EX374,6. Large-field vs small-field strategy,SaberSim DFS - Daily Fantasy Sports Strategy,DFS Q&A: How do I navigate NFL late swap?,45:30,https://www.youtube.com/watch?v=uvDTL8e6Ipo&t=2730s,"The speaker says FanDuel NFL single-game contests have fewer viable lineups because they use five players and do not charge extra salary for the MVP, making unique lineups harder.",EXPERT_OPINION,AUTO_TAGGED,UNVERIFIED_EXTERNAL,NOT_A_HARD_LINEUP_RULE
EX375,6. Large-field vs small-field strategy,SaberSim DFS - Daily Fantasy Sports Strategy,DFS Q&A: How do I navigate NFL late swap?,45:47,https://www.youtube.com/watch?v=uvDTL8e6Ipo&t=2747s,"For FanDuel NFL single-game play, the speaker would favor smaller fields and lower bankroll exposure.",FIELD_BEHAVIOR_HYPOTHESIS|EXPERT_OPINION,AUTO_TAGGED,UNVERIFIED_EXTERNAL,NOT_A_HARD_LINEUP_RULE
EX376,6. Large-field vs small-field strategy,Occupy Fantasy,How to Build Winning NFL DFS Showdown Lineups on DraftKings & FanDuel (2024),5:42,https://www.youtube.com/watch?v=W9FWB82PwNs&t=342s,"For DraftKings small-field GPPs, the guidance starts with a captain projected at no more than 20% captain ownership.",EMPIRICAL_HISTORICAL_EVIDENCE|EXTERNAL_MODEL_OUTPUT|FIELD_BEHAVIOR_HYPOTHESIS|PROHIBITED_DIRECT_INPUT,AUTO_TAGGED,UNVERIFIED_EXTERNAL,NOT_A_HARD_LINEUP_RULE
EX377,6. Large-field vs small-field strategy,Occupy Fantasy,How to Build Winning NFL DFS Showdown Lineups on DraftKings & FanDuel (2024),23:54,https://www.youtube.com/watch?v=W9FWB82PwNs&t=1434s,"For large-field contests, the speaker says to look generally for a player below 10% ownership, rather than merely below 20%.",EMPIRICAL_HISTORICAL_EVIDENCE|FIELD_BEHAVIOR_HYPOTHESIS,AUTO_TAGGED,UNVERIFIED_EXTERNAL,NOT_A_HARD_LINEUP_RULE
EX378,6. Large-field vs small-field strategy,SaberSim DFS - Daily Fantasy Sports Strategy,Learn How Maximize SaberSim's New Contest Sims,12:53,https://www.youtube.com/watch?v=mZzskOQAz2k&t=773s,The speakers say top-heavy contests favor more contrarian builds and can produce higher lineup ROI.,EXTERNAL_MODEL_OUTPUT,AUTO_TAGGED,UNVERIFIED_EXTERNAL,NOT_A_HARD_LINEUP_RULE
EX379,6. Large-field vs small-field strategy,SaberSim DFS - Daily Fantasy Sports Strategy,Learn How Maximize SaberSim's New Contest Sims,23:00,https://www.youtube.com/watch?v=mZzskOQAz2k&t=1380s,"In the example, the flagship had much higher ROI than the solo shot despite a lower cash rate, because first place paid more and win rates were similar.",EXTERNAL_MODEL_OUTPUT|FIELD_BEHAVIOR_HYPOTHESIS,AUTO_TAGGED,UNVERIFIED_EXTERNAL,NOT_A_HARD_LINEUP_RULE
EX380,6. Large-field vs small-field strategy,SaberSim DFS - Daily Fantasy Sports Strategy,"If you’re not late-swapping in NFL DFS, you’re leaving money on the table",15:57,https://www.youtube.com/watch?v=S2p7LVEeXy4&t=957s,"For mixed contest types, the suggested slider setting is an intermediate value, with a 20-max contest offered as an example.",EXPERT_OPINION,AUTO_TAGGED,UNVERIFIED_EXTERNAL,NOT_A_HARD_LINEUP_RULE
EX381,6. Large-field vs small-field strategy,SaberSim DFS - Daily Fantasy Sports Strategy,"If you’re not late-swapping in NFL DFS, you’re leaving money on the table",43:00,https://www.youtube.com/watch?v=S2p7LVEeXy4&t=2580s,The speakers recommend maintaining a similar cash lineup but shifting GPP lineups toward less chalk when doing poorly and more chalk when doing well.,EXTERNAL_MODEL_OUTPUT|FIELD_BEHAVIOR_HYPOTHESIS,AUTO_TAGGED,UNVERIFIED_EXTERNAL,NOT_A_HARD_LINEUP_RULE
EX382,6. Large-field vs small-field strategy,SaberSim DFS - Daily Fantasy Sports Strategy,DFS Q&A: How are SaberSim's ownership projections calculated?,19:36,https://www.youtube.com/watch?v=MGO5rVk8I7M&t=1176s,"For single-entry contests, Jordan recommends using SaberSim to create a pool and then hand-picking the final lineup rather than relying only on a hand-built lineup.",EXPERT_OPINION,AUTO_TAGGED,UNVERIFIED_EXTERNAL,NOT_A_HARD_LINEUP_RULE
EX383,6. Large-field vs small-field strategy,SaberSim DFS - Daily Fantasy Sports Strategy,DFS Q&A: How are SaberSim's ownership projections calculated?,42:18,https://www.youtube.com/watch?v=MGO5rVk8I7M&t=2538s,Whether chalk is worth playing depends on contest size; Jordan says a highly owned player may still be fine in single-entry contests.,EMPIRICAL_HISTORICAL_EVIDENCE|EXTERNAL_MODEL_OUTPUT|FIELD_BEHAVIOR_HYPOTHESIS,AUTO_TAGGED,UNVERIFIED_EXTERNAL,NOT_A_HARD_LINEUP_RULE
EX384,6. Large-field vs small-field strategy,SaberSim DFS - Daily Fantasy Sports Strategy,DFS Q&A: Product Ownership and Geometric Mean,29:19,https://www.youtube.com/watch?v=eVWhJ0Cy2FY&t=1759s,"For contests with more than 50,000 lineups, the speaker recommends using the ownership rule mainly to limit heavily duplicated lineups.",EMPIRICAL_HISTORICAL_EVIDENCE|FIELD_BEHAVIOR_HYPOTHESIS|EXPERT_OPINION|PROHIBITED_DIRECT_INPUT,AUTO_TAGGED,UNVERIFIED_EXTERNAL,NOT_A_HARD_LINEUP_RULE
EX385,6. Large-field vs small-field strategy,SaberSim DFS - Daily Fantasy Sports Strategy,DFS Q&A: Product Ownership and Geometric Mean,29:56,https://www.youtube.com/watch?v=eVWhJ0Cy2FY&t=1796s,"For smaller contests—especially those under 10,000 lineups—the speaker says the rule may be useful for trying to produce a unique build.",EMPIRICAL_HISTORICAL_EVIDENCE|EXPERT_OPINION|PROHIBITED_DIRECT_INPUT,AUTO_TAGGED,UNVERIFIED_EXTERNAL,NOT_A_HARD_LINEUP_RULE
EX386,6. Large-field vs small-field strategy,DFS Army - Daily Fantasy Sports,How to Crush NFL Showdowns on Fanduel and Draftkings Using the DFS Army Domination Station Optimizer,3:09,https://www.youtube.com/watch?v=ehza4xs_VSc&t=189s,"The speaker distinguishes this mass-multi-entry approach from cash games and possibly single-entry contests, where they recommend making the lineup directly and using projections as a guide.",EXTERNAL_MODEL_OUTPUT|EXPERT_OPINION,AUTO_TAGGED,UNVERIFIED_EXTERNAL,NOT_A_HARD_LINEUP_RULE
EX387,6. Large-field vs small-field strategy,SaberSim DFS - Daily Fantasy Sports Strategy,DFS Q&A: How Do Contest Sims Work for Small vs. Large-Field Contests?,8:54,https://www.youtube.com/watch?v=h9O1DRC4ABo&t=534s,"SaberSim uses one field-lineup set for Showdown and 13 ownership sets for NFL and MLB classic, accounting for stake levels and 150-max, 20-max, and single-entry contests.",FIELD_BEHAVIOR_HYPOTHESIS|PRODUCTION_CANDIDATE,AUTO_TAGGED,UNVERIFIED_EXTERNAL,NOT_A_HARD_LINEUP_RULE
EX388,6. Large-field vs small-field strategy,SaberSim DFS - Daily Fantasy Sports Strategy,DFS Q&A: What is a self-sim?,2:27,https://www.youtube.com/watch?v=JjEqfaORNpA&t=147s,"The speaker says SaberSim creates different expected fields for contest types including flagship, low-stakes single-entry, and win-or-take-all contests.",EXTERNAL_MODEL_OUTPUT|FIELD_BEHAVIOR_HYPOTHESIS,AUTO_TAGGED,UNVERIFIED_EXTERNAL,NOT_A_HARD_LINEUP_RULE
EX389,6. Large-field vs small-field strategy,SaberSim DFS - Daily Fantasy Sports Strategy,DFS Q&A: Avoiding Dupes on Small NFL Slates,23:30,https://www.youtube.com/watch?v=KDQWYsMCP8w&t=1410s,The presenter recommends simulating only the priority contest if the other contests do not matter to the player.,EXTERNAL_MODEL_OUTPUT|EXPERT_OPINION,AUTO_TAGGED,UNVERIFIED_EXTERNAL,NOT_A_HARD_LINEUP_RULE
EX390,6. Large-field vs small-field strategy,SaberSim DFS - Daily Fantasy Sports Strategy,Master The Art of NFL DFS Showdowns,24:47,https://www.youtube.com/watch?v=Fr2FxzlztT4&t=1487s,"The lineup-construction tips are aimed mainly at large-field GPPs, particularly contests with over 50,000 entries, and should be adjusted for smaller tournaments.",FIELD_BEHAVIOR_HYPOTHESIS|EXPERT_OPINION|PROHIBITED_DIRECT_INPUT,AUTO_TAGGED,UNVERIFIED_EXTERNAL,NOT_A_HARD_LINEUP_RULE
EX391,6. Large-field vs small-field strategy,DraftKings,"NFL DraftKings Showdown Contest Strategy, Captain's Slot and Tips",9:03,https://www.youtube.com/watch?v=iEGNBY_zeSc&t=543s,"For players not entering 150 lineups on every slate, Raybon recommends narrowing choices to plays they consider sound.",EMPIRICAL_HISTORICAL_EVIDENCE,AUTO_TAGGED,UNVERIFIED_EXTERNAL,NOT_A_HARD_LINEUP_RULE
EX392,6. Large-field vs small-field strategy,SaberSim DFS - Daily Fantasy Sports Strategy,DFS Q&A: How do I best utilize the dupe metric in the contest sims?,50:56,https://www.youtube.com/watch?v=ETNpMZGSNCs&t=3056s,"For classic slates, Jordan recommends grouping single-entry and three-max contests separately from 20-max and 150-max contests because their settings are generally closer within those groups.",EXPERT_OPINION,AUTO_TAGGED,UNVERIFIED_EXTERNAL,NOT_A_HARD_LINEUP_RULE
EX393,6. Large-field vs small-field strategy,SaberSim DFS - Daily Fantasy Sports Strategy,DFS Q&A: Walking Through the NFL Late Swap Process,20:12,https://www.youtube.com/watch?v=CgfglAjd2ys&t=1212s,"SaberScore combines projection, percentile, and a negative ownership weight.",EXTERNAL_MODEL_OUTPUT|FIELD_BEHAVIOR_HYPOTHESIS,AUTO_TAGGED,UNVERIFIED_EXTERNAL,NOT_A_HARD_LINEUP_RULE
EX394,6. Large-field vs small-field strategy,SaberSim DFS - Daily Fantasy Sports Strategy,DFS Q&A: How Do You Reduce Dupes in Showdown?,9:51,https://www.youtube.com/watch?v=JuOzj5ZOQHk&t=591s,"The speaker says separate builds can be customized per contest using different rules, player pools, salary filters, and minimum/maximum exposures.",EXPERT_OPINION,AUTO_TAGGED,UNVERIFIED_EXTERNAL,NOT_A_HARD_LINEUP_RULE
EX395,6. Large-field vs small-field strategy,Alvin Zeidenfeld,HOW TO WIN ON DRAFTKINGS NFL SHOWDOWN: LINEUP BUILDING TIPS,2:36,https://www.youtube.com/watch?v=lyaKCYf1LrQ&t=156s,"The speaker describes taking a more diverse approach across 150 lineups, while focusing on a handful of captains for three- or 20-lineup builds.",EMPIRICAL_HISTORICAL_EVIDENCE|EXPERT_OPINION,AUTO_TAGGED,UNVERIFIED_EXTERNAL,NOT_A_HARD_LINEUP_RULE
EX396,6. Large-field vs small-field strategy,Ibe's DFS Sports Betting,I Gave the DFS Army Optimizer the SHOWDOWN CODE… Here’s What It Built!,2:16,https://www.youtube.com/watch?v=sBOEt7d3dM4&t=136s,He recommends differentiating showdown lineups because many people build similar-looking lineups; no distinct strategy by contest size is stated.,EXTERNAL_MODEL_OUTPUT,AUTO_TAGGED,UNVERIFIED_EXTERNAL,NOT_A_HARD_LINEUP_RULE
EX397,6. Large-field vs small-field strategy,RotoGrinders - Daily Fantasy Sports Advice,DRAFTKINGS & FANDUEL DFS STRATEGY REVIEW: PROJECTION VS OWNERSHIP EXPLOIT (1/4/23),46:18,https://www.youtube.com/watch?v=x2vfd9rf5S8&t=2778s,"The speaker says smaller-field play generally emphasizes projection more, while large-field play seeks a balance rather than using either a cash lineup or an extremely low-owned lineup.",EXTERNAL_MODEL_OUTPUT|FIELD_BEHAVIOR_HYPOTHESIS,AUTO_TAGGED,UNVERIFIED_EXTERNAL,NOT_A_HARD_LINEUP_RULE
EX398,6. Large-field vs small-field strategy,DFS Army - Daily Fantasy Sports,"I Studied 230,000 NFL DFS Lineups; Here's What Will Win in 2026",18:25,https://www.youtube.com/watch?v=rz2HFI7diGY&t=1105s,The speaker recommends more lineup uniqueness as field size grows and says total ownership does not affect 100- or 200-entry contests.,FIELD_BEHAVIOR_HYPOTHESIS,AUTO_TAGGED,UNVERIFIED_EXTERNAL,NOT_A_HARD_LINEUP_RULE
EX399,6. Large-field vs small-field strategy,Adam Newman,NFL DFS Showdown Research - Results From 50 Winning Milli-Maker Lineups in 2021,3:58,https://www.youtube.com/watch?v=HfQcvFwIECA&t=238s,"For a large field, the speaker emphasized trying to split the pot with as few people as possible and described that approach as high risk.",FIELD_BEHAVIOR_HYPOTHESIS,AUTO_TAGGED,UNVERIFIED_EXTERNAL,NOT_A_HARD_LINEUP_RULE
EX400,6. Large-field vs small-field strategy,Establish The Run,High Level Showdown Strategy + Super Bowl Stuff with Cody Main and Colin Drew,40:15,https://www.youtube.com/watch?v=i98ljRFANdA&t=2415s,"For smaller-field single-entry or three-max play, the speaker recommended using one or two uniqueness levers rather than going far off the board.",EXTERNAL_MODEL_OUTPUT|FIELD_BEHAVIOR_HYPOTHESIS,AUTO_TAGGED,UNVERIFIED_EXTERNAL,NOT_A_HARD_LINEUP_RULE
EX401,6. Large-field vs small-field strategy,Stokastic DFS - Daily Fantasy Sports Advice,How To Use The Stokastic NFL DFS Pre-Contest Sims Tool | NFL DFS Contest Simulations,3:49,https://www.youtube.com/watch?v=4PFRCiUGPec&t=229s,"The tool's simulated ROI payout setting should mirror the contest's payout structure: flatter contests pay a smaller share to first, while more top-heavy large-field tournaments may use 20, 25, or 30.",EXTERNAL_MODEL_OUTPUT|FIELD_BEHAVIOR_HYPOTHESIS|EXPERT_OPINION,AUTO_TAGGED,UNVERIFIED_EXTERNAL,NOT_A_HARD_LINEUP_RULE
EX402,6. Large-field vs small-field strategy,,Field Lineups Explained,1:37,https://www.youtube.com/watch?v=DHKY694-I_M&t=97s,"In the example given, Evan Engram’s projected ownership is higher in the high-stakes single-entry contest than in the low-stakes single-entry contest.",EMPIRICAL_HISTORICAL_EVIDENCE|EXTERNAL_MODEL_OUTPUT|FIELD_BEHAVIOR_HYPOTHESIS,AUTO_TAGGED,UNVERIFIED_EXTERNAL,NOT_A_HARD_LINEUP_RULE
EX403,6. Large-field vs small-field strategy,RotoGrinders - Daily Fantasy Sports Advice,DRAFTKINGS & FANDUEL DFS STRATEGY REVIEW: Large-Field GPP Lineup Simulations (1/18/23),13:46,https://www.youtube.com/watch?v=pakvRcKsnXQ&t=826s,"The speaker says larger contests justify dropping more projection for ownership leverage, while a lineup with 184 ownership may be acceptable in a 100- or 300-entry contest.",EXTERNAL_MODEL_OUTPUT|FIELD_BEHAVIOR_HYPOTHESIS|PROHIBITED_DIRECT_INPUT,AUTO_TAGGED,UNVERIFIED_EXTERNAL,NOT_A_HARD_LINEUP_RULE
EX404,6. Large-field vs small-field strategy,SaberSim DFS - Daily Fantasy Sports Strategy,DFS Q&A: For the 20-Max and 150-Max contest do you use the same pool?,34:39,https://www.youtube.com/watch?v=PRtm5_i9qqQ&t=2079s,"For Standard or Pro users, he recommends separate builds for contest types and using different slider settings for single-entry and large-field 150-max contests.",FIELD_BEHAVIOR_HYPOTHESIS|EXPERT_OPINION,AUTO_TAGGED,UNVERIFIED_EXTERNAL,NOT_A_HARD_LINEUP_RULE
EX405,6. Large-field vs small-field strategy,SaberSim DFS - Daily Fantasy Sports Strategy,Beat DFS Using The SaberSystem: 5 Principles for Maximum Profitability,6:12,https://www.youtube.com/watch?v=4jONT961JrM&t=372s,"The recommended contest mix is roughly even among single-entry, 3-max, 20-max, and 150-max contests, filling from lowest to highest entry fee.",EXPERT_OPINION,AUTO_TAGGED,UNVERIFIED_EXTERNAL,NOT_A_HARD_LINEUP_RULE
EX406,6. Large-field vs small-field strategy,Ship It Nation,"Lions vs Panthers - SNF Sunday Sweatdown | NFL Week 4 | DFS Picks, Plays & Process",48:08,https://www.youtube.com/watch?v=xJlvummhIfI&t=2888s,The speaker advocated anticipating popular stars-and-scrubs builds and countering them with more middling constructions.,FIELD_BEHAVIOR_HYPOTHESIS|EXPERT_OPINION,AUTO_TAGGED,UNVERIFIED_EXTERNAL,NOT_A_HARD_LINEUP_RULE
EX407,7. Showdown ownership: CPT vs FLEX and captain leverage,SaberSim DFS - Daily Fantasy Sports Strategy,The 3 Rules for Beating NFL Showdown and Single Game GPPs,48:20,https://www.youtube.com/watch?v=7T2VrpJIN1M&t=2900s,"They say traditional optimizers commonly select a quarterback at captain because of the multiplier, projection, and correlation with other positions.",EXTERNAL_MODEL_OUTPUT|FIELD_BEHAVIOR_HYPOTHESIS|PRODUCTION_CANDIDATE|EXPERT_OPINION|PROHIBITED_DIRECT_INPUT,AUTO_TAGGED,UNVERIFIED_EXTERNAL,NOT_A_HARD_LINEUP_RULE
EX408,7. Showdown ownership: CPT vs FLEX and captain leverage,SaberSim DFS - Daily Fantasy Sports Strategy,The 3 Rules for Beating NFL Showdown and Single Game GPPs,50:42,https://www.youtube.com/watch?v=7T2VrpJIN1M&t=3042s,"They suggest reducing Brady’s captain exposure, potentially to 10%, and using leverage relative to expected field exposure to assess the stance.",EMPIRICAL_HISTORICAL_EVIDENCE|FIELD_BEHAVIOR_HYPOTHESIS,AUTO_TAGGED,UNVERIFIED_EXTERNAL,NOT_A_HARD_LINEUP_RULE
EX409,7. Showdown ownership: CPT vs FLEX and captain leverage,925 Sports,How to be Profitable Playing NFL DFS Showdown Slates,5:54,https://www.youtube.com/watch?v=kVhN3OfbEBs&t=354s,The transcript describes an average Captain ownership around 10% and notes that both a 1%-owned Captain hitting and a very chalky Captain hitting can make the difference.,EMPIRICAL_HISTORICAL_EVIDENCE|FIELD_BEHAVIOR_HYPOTHESIS,AUTO_TAGGED,UNVERIFIED_EXTERNAL,NOT_A_HARD_LINEUP_RULE
EX410,7. Showdown ownership: CPT vs FLEX and captain leverage,925 Sports,How to be Profitable Playing NFL DFS Showdown Slates,6:04,https://www.youtube.com/watch?v=kVhN3OfbEBs&t=364s,The cited optimal Captain ownership distribution had about 28% of choices under 5% ownership and 16% over 20%; the transcript also mentions an approximately 24-point projected-outcome bar with the 1.5x multiplier.,EMPIRICAL_HISTORICAL_EVIDENCE|EXTERNAL_MODEL_OUTPUT|FIELD_BEHAVIOR_HYPOTHESIS|PRODUCTION_CANDIDATE,AUTO_TAGGED,UNVERIFIED_EXTERNAL,NOT_A_HARD_LINEUP_RULE
EX411,7. Showdown ownership: CPT vs FLEX and captain leverage,DraftKings,"NFL DraftKings Showdown Contest Strategy, Captain's Slot and Tips",1:04,https://www.youtube.com/watch?v=iEGNBY_zeSc&t=64s,Consider a middle- or lower-tier player at captain when that player's ceiling can match the ceiling of higher-tier options.,EXPERT_OPINION,AUTO_TAGGED,UNVERIFIED_EXTERNAL,NOT_A_HARD_LINEUP_RULE
EX412,7. Showdown ownership: CPT vs FLEX and captain leverage,DraftKings,"NFL DraftKings Showdown Contest Strategy, Captain's Slot and Tips",9:42,https://www.youtube.com/watch?v=iEGNBY_zeSc&t=582s,An expensive quarterback at captain may need rushing touchdowns to justify the 1.5× captain cost when his receivers could offer comparable value.,EXPERT_OPINION,AUTO_TAGGED,UNVERIFIED_EXTERNAL,NOT_A_HARD_LINEUP_RULE
EX413,7. Showdown ownership: CPT vs FLEX and captain leverage,DFS Army - Daily Fantasy Sports,2025 HOW TO PLAY NFL DRAFTKINGS SHOWDOWN,2:45,https://www.youtube.com/watch?v=-ZBpaHty068&t=165s,"The transcript says quarterbacks are captained by the field at 28–35%, compared with an optimal captain rate closer to 20%.",EMPIRICAL_HISTORICAL_EVIDENCE|EXTERNAL_MODEL_OUTPUT|FIELD_BEHAVIOR_HYPOTHESIS,AUTO_TAGGED,UNVERIFIED_EXTERNAL,NOT_A_HARD_LINEUP_RULE
EX414,7. Showdown ownership: CPT vs FLEX and captain leverage,DFS Army - Daily Fantasy Sports,2025 HOW TO PLAY NFL DRAFTKINGS SHOWDOWN,3:28,https://www.youtube.com/watch?v=-ZBpaHty068&t=208s,The transcript says the field underuses running backs and wide receivers at captain relative to their stated optimal rates.,EMPIRICAL_HISTORICAL_EVIDENCE|EXTERNAL_MODEL_OUTPUT|FIELD_BEHAVIOR_HYPOTHESIS,AUTO_TAGGED,UNVERIFIED_EXTERNAL,NOT_A_HARD_LINEUP_RULE
EX415,7. Showdown ownership: CPT vs FLEX and captain leverage,Establish The Run,High Level Showdown Strategy + Super Bowl Stuff with Cody Main and Colin Drew,19:56,https://www.youtube.com/watch?v=i98ljRFANdA&t=1196s,The speaker said quarterback-captain lineups should generally include two or more pass catchers from that quarterback's team.,FIELD_BEHAVIOR_HYPOTHESIS,AUTO_TAGGED,UNVERIFIED_EXTERNAL,NOT_A_HARD_LINEUP_RULE
EX416,7. Showdown ownership: CPT vs FLEX and captain leverage,Establish The Run,High Level Showdown Strategy + Super Bowl Stuff with Cody Main and Colin Drew,25:59,https://www.youtube.com/watch?v=i98ljRFANdA&t=1559s,"Top-one-percent lineups paired a wide receiver captain with his quarterback 85.2% of the time, versus 77.4% for the field.",EMPIRICAL_HISTORICAL_EVIDENCE|FIELD_BEHAVIOR_HYPOTHESIS,AUTO_TAGGED,UNVERIFIED_EXTERNAL,NOT_A_HARD_LINEUP_RULE
EX417,7. Showdown ownership: CPT vs FLEX and captain leverage,SaberSim DFS - Daily Fantasy Sports Strategy,"DFS Office Hours 10/5: Different build settings for different contests, impact of pool size on build",42:05,https://www.youtube.com/watch?v=7yKBIoYboE8&t=2525s,The speaker would consider fading a player projected to be optimal captain 20% of the time if the field is expected to roster him at 25–35%.,EMPIRICAL_HISTORICAL_EVIDENCE|EXTERNAL_MODEL_OUTPUT|FIELD_BEHAVIOR_HYPOTHESIS|EXPERT_OPINION|PROHIBITED_DIRECT_INPUT,AUTO_TAGGED,UNVERIFIED_EXTERNAL,NOT_A_HARD_LINEUP_RULE
EX418,7. Showdown ownership: CPT vs FLEX and captain leverage,DFS Army - Daily Fantasy Sports,How to Crush NFL Showdowns on Fanduel and Draftkings Using the DFS Army Domination Station Optimizer,22:44,https://www.youtube.com/watch?v=ehza4xs_VSc&t=1364s,The speaker says the FLEX tab controls FLEX exposure and the MVP tab is used to set MVP exposure.,EXPERT_OPINION,AUTO_TAGGED,UNVERIFIED_EXTERNAL,NOT_A_HARD_LINEUP_RULE
EX419,7. Showdown ownership: CPT vs FLEX and captain leverage,SaberSim DFS - Daily Fantasy Sports Strategy,DFS Q&A: How Do Contest Sims Work for Small vs. Large-Field Contests?,16:24,https://www.youtube.com/watch?v=h9O1DRC4ABo&t=984s,An adjustment expecting Travis Kelce to be more popular at captain affects his adjusted ownership and is incorporated into single-game SaberScores.,FIELD_BEHAVIOR_HYPOTHESIS|EXPERT_OPINION,AUTO_TAGGED,UNVERIFIED_EXTERNAL,NOT_A_HARD_LINEUP_RULE
EX420,7. Showdown ownership: CPT vs FLEX and captain leverage,SaberSim DFS - Daily Fantasy Sports Strategy,How to Beat NFL DFS Showdowns,11:22,https://www.youtube.com/watch?v=iE36sFpjaVw&t=682s,The speaker demonstrates adjusting captain exposure by capping Puka at 10% and raising Devonte Adams exposure to 20%.,EMPIRICAL_HISTORICAL_EVIDENCE|FIELD_BEHAVIOR_HYPOTHESIS|EXPERT_OPINION,AUTO_TAGGED,UNVERIFIED_EXTERNAL,NOT_A_HARD_LINEUP_RULE
EX421,7. Showdown ownership: CPT vs FLEX and captain leverage,FTA Sports,The DraftKings Showdown Rule That Deletes Your Winning Lineup,2:07,https://www.youtube.com/watch?v=1X6cgvJxsqQ&t=127s,The transcript contrasts the frequently rostered quarterback captain with the finding that the most-rostered captain was optimal only about 20% of the time.,EMPIRICAL_HISTORICAL_EVIDENCE|FIELD_BEHAVIOR_HYPOTHESIS,AUTO_TAGGED,UNVERIFIED_EXTERNAL,NOT_A_HARD_LINEUP_RULE
EX422,7. Showdown ownership: CPT vs FLEX and captain leverage,SaberSim DFS - Daily Fantasy Sports Strategy,DFS Q&A: How do I best utilize the dupe metric in the contest sims?,1:13:38,https://www.youtube.com/watch?v=ETNpMZGSNCs&t=4418s,"In a 500-lineup pool, 14 of 108 DK Metcalf captain lineups did not include Geno Smith in the flex.",EMPIRICAL_HISTORICAL_EVIDENCE,AUTO_TAGGED,UNVERIFIED_EXTERNAL,NOT_A_HARD_LINEUP_RULE
EX423,7. Showdown ownership: CPT vs FLEX and captain leverage,SaberSim DFS - Daily Fantasy Sports Strategy,NFL Office Hours - Showdown Q&A,54:01,https://www.youtube.com/watch?v=Re6X-sC0P7A&t=3241s,A popular captain need not be fully faded; the suggested approach is to inspect the construction of the lineups using that captain. No CPT-versus-FLEX ownership rates are provided.,FIELD_BEHAVIOR_HYPOTHESIS|EXPERT_OPINION|PROHIBITED_DIRECT_INPUT,AUTO_TAGGED,UNVERIFIED_EXTERNAL,NOT_A_HARD_LINEUP_RULE
EX424,7. Showdown ownership: CPT vs FLEX and captain leverage,Alvin Zeidenfeld,HOW TO WIN ON DRAFTKINGS NFL SHOWDOWN: LINEUP BUILDING TIPS,8:58,https://www.youtube.com/watch?v=lyaKCYf1LrQ&t=538s,"Popular quarterback outcomes can lead to more prize splits, while a unique captain or quarterback pairing can help distinguish a lineup.",FIELD_BEHAVIOR_HYPOTHESIS,AUTO_TAGGED,UNVERIFIED_EXTERNAL,NOT_A_HARD_LINEUP_RULE
EX425,7. Showdown ownership: CPT vs FLEX and captain leverage,DFS Army - Daily Fantasy Sports,I Cracked the Code on NFL Showdown Lineups (Do This to Win),7:42,https://www.youtube.com/watch?v=65HDqKemR88&t=462s,"In a 205-game sample, quarterbacks favored by at least 3.5 points less often as underdogs were winning captains three times, about a 1.5% win rate versus 6.5–7% field captain ownership.",EMPIRICAL_HISTORICAL_EVIDENCE|FIELD_BEHAVIOR_HYPOTHESIS,AUTO_TAGGED,UNVERIFIED_EXTERNAL,NOT_A_HARD_LINEUP_RULE
EX426,7. Showdown ownership: CPT vs FLEX and captain leverage,SaberSim DFS - Daily Fantasy Sports Strategy,SaberSim's Unique Approach to Projecting Ownership,59:46,https://www.youtube.com/watch?v=zMdDPCaxXjg&t=3586s,"The example discusses captain ownership specifically, noting that popular captains may be more concentrated in single-entry than large-field contests.",FIELD_BEHAVIOR_HYPOTHESIS,AUTO_TAGGED,UNVERIFIED_EXTERNAL,NOT_A_HARD_LINEUP_RULE
EX427,7. Showdown ownership: CPT vs FLEX and captain leverage,One Week Season,DraftKings Showdown Strategy for Seahawks vs Lions | JSN Captain + Game Theory Breakdown,23:44,https://www.youtube.com/watch?v=OTvIy-Jk96U&t=1424s,The speaker describes a Captain path based on PPR production and the Captain bonus that does not require a touchdown or a paired teammate.,EXPERT_OPINION,AUTO_TAGGED,UNVERIFIED_EXTERNAL,NOT_A_HARD_LINEUP_RULE
EX428,7. Showdown ownership: CPT vs FLEX and captain leverage,Ibe's DFS Sports Betting,I Gave the DFS Army Optimizer the SHOWDOWN CODE… Here’s What It Built!,9:39,https://www.youtube.com/watch?v=sBOEt7d3dM4&t=579s,"In this optimizer run, Jaylen Warren appears most often at captain, followed by Deshun Watson, and the captain exposures can be adjusted.",EXTERNAL_MODEL_OUTPUT|EXPERT_OPINION|PROHIBITED_DIRECT_INPUT,AUTO_TAGGED,UNVERIFIED_EXTERNAL,NOT_A_HARD_LINEUP_RULE
EX429,7. Showdown ownership: CPT vs FLEX and captain leverage,SaberSim DFS - Daily Fantasy Sports Strategy,DFS Q&A: How do I navigate NFL late swap?,34:06,https://www.youtube.com/watch?v=uvDTL8e6Ipo&t=2046s,"Locking a player at captain forces that player into the captain spot regardless of the randomly selected simulation, so the speaker recommends making as many lineup adjustments as possible after building.",EXTERNAL_MODEL_OUTPUT|PROHIBITED_DIRECT_INPUT,AUTO_TAGGED,UNVERIFIED_EXTERNAL,NOT_A_HARD_LINEUP_RULE
EX430,7. Showdown ownership: CPT vs FLEX and captain leverage,Occupy Fantasy,How to Build Winning NFL DFS Showdown Lineups on DraftKings & FanDuel (2024),8:51,https://www.youtube.com/watch?v=W9FWB82PwNs&t=531s,"The captain-selection method compares the model and personal player rankings with projected ownership, especially for small-field GPPs.",EXTERNAL_MODEL_OUTPUT|FIELD_BEHAVIOR_HYPOTHESIS,AUTO_TAGGED,UNVERIFIED_EXTERNAL,NOT_A_HARD_LINEUP_RULE
EX431,7. Showdown ownership: CPT vs FLEX and captain leverage,Mayo Media Network,2026 NFL DraftKings Strategy: Stop Making These Costly DFS Mistakes,36:50,https://www.youtube.com/watch?v=SPjmh9bxUF4&t=2210s,"He warns that using a low-owned captain while filling the rest of a Showdown lineup with the obvious top players is another extreme, rather than a balanced way to differentiate.",FIELD_BEHAVIOR_HYPOTHESIS|EXPERT_OPINION,AUTO_TAGGED,UNVERIFIED_EXTERNAL,NOT_A_HARD_LINEUP_RULE
EX432,7. Showdown ownership: CPT vs FLEX and captain leverage,Ship It Nation,"Lions vs Panthers - SNF Sunday Sweatdown | NFL Week 4 | DFS Picks, Plays & Process",19:53,https://www.youtube.com/watch?v=xJlvummhIfI&t=1193s,The speaker expected Bryce Young to be around 5% owned at captain and favored him there partly because Carolina's receiving options were uncertain.,EMPIRICAL_HISTORICAL_EVIDENCE|FIELD_BEHAVIOR_HYPOTHESIS|EXPERT_OPINION,AUTO_TAGGED,UNVERIFIED_EXTERNAL,NOT_A_HARD_LINEUP_RULE
EX433,"8. Late swap, late news, and inactives",SaberSim DFS - Daily Fantasy Sports Strategy,"If you’re not late-swapping in NFL DFS, you’re leaving money on the table",2:35,https://www.youtube.com/watch?v=S2p7LVEeXy4&t=155s,Remove players declared inactive because leaving them in the lineup guarantees a zero.,PRODUCTION_CANDIDATE,AUTO_TAGGED,UNVERIFIED_EXTERNAL,NOT_A_HARD_LINEUP_RULE
EX434,"8. Late swap, late news, and inactives",SaberSim DFS - Daily Fantasy Sports Strategy,"If you’re not late-swapping in NFL DFS, you’re leaving money on the table",2:52,https://www.youtube.com/watch?v=S2p7LVEeXy4&t=172s,Running back injuries can create low-salary replacement value and change optimal lineup construction.,EXPERT_OPINION,AUTO_TAGGED,UNVERIFIED_EXTERNAL,NOT_A_HARD_LINEUP_RULE
EX435,"8. Late swap, late news, and inactives",SaberSim DFS - Daily Fantasy Sports Strategy,"If you’re not late-swapping in NFL DFS, you’re leaving money on the table",9:52,https://www.youtube.com/watch?v=S2p7LVEeXy4&t=592s,The tool updates play-by-play game simulations with current information through each game's kickoff.,EXTERNAL_MODEL_OUTPUT,AUTO_TAGGED,UNVERIFIED_EXTERNAL,NOT_A_HARD_LINEUP_RULE
EX436,"8. Late swap, late news, and inactives",SaberSim DFS - Daily Fantasy Sports Strategy,"If you’re not late-swapping in NFL DFS, you’re leaving money on the table",22:38,https://www.youtube.com/watch?v=S2p7LVEeXy4&t=1358s,"For a genuine Aaron Jones game-time decision, the suggested approach is to raise A.J. Dillon's projection toward his expected value if Jones is out.",EXTERNAL_MODEL_OUTPUT|EXPERT_OPINION,AUTO_TAGGED,UNVERIFIED_EXTERNAL,NOT_A_HARD_LINEUP_RULE
EX437,"8. Late swap, late news, and inactives",SaberSim DFS - Daily Fantasy Sports Strategy,"If you’re not late-swapping in NFL DFS, you’re leaving money on the table",50:39,https://www.youtube.com/watch?v=S2p7LVEeXy4&t=3039s,"The builder places the latest-starting player in the FLEX position, using the more expensive player there when start times are equal.",EXPERT_OPINION|PROHIBITED_DIRECT_INPUT,AUTO_TAGGED,UNVERIFIED_EXTERNAL,NOT_A_HARD_LINEUP_RULE
EX438,"8. Late swap, late news, and inactives",SaberSim DFS - Daily Fantasy Sports Strategy,DFS Q&A: Avoiding Dupes on Small NFL Slates,21:16,https://www.youtube.com/watch?v=KDQWYsMCP8w&t=1276s,"On Ultimate, late swapping uses actual first-game player scores rather than projections.",EXTERNAL_MODEL_OUTPUT|PRODUCTION_CANDIDATE|EXPERT_OPINION,AUTO_TAGGED,UNVERIFIED_EXTERNAL,NOT_A_HARD_LINEUP_RULE
EX439,"8. Late swap, late news, and inactives",SaberSim DFS - Daily Fantasy Sports Strategy,DFS Q&A: Avoiding Dupes on Small NFL Slates,21:42,https://www.youtube.com/watch?v=KDQWYsMCP8w&t=1302s,"On Starter, the presenter recommends checking Discord for new simulations and late swapping when projections have been adjusted.",EXTERNAL_MODEL_OUTPUT|PRODUCTION_CANDIDATE|EXPERT_OPINION,AUTO_TAGGED,UNVERIFIED_EXTERNAL,NOT_A_HARD_LINEUP_RULE
EX440,"8. Late swap, late news, and inactives",SaberSim DFS - Daily Fantasy Sports Strategy,DFS Q&A: Avoiding Dupes on Small NFL Slates,22:50,https://www.youtube.com/watch?v=KDQWYsMCP8w&t=1370s,"The presenter says to late swap when news changes projections, but not when inactives produce no changes.",EXTERNAL_MODEL_OUTPUT|PRODUCTION_CANDIDATE|EXPERT_OPINION,AUTO_TAGGED,UNVERIFIED_EXTERNAL,NOT_A_HARD_LINEUP_RULE
EX441,"8. Late swap, late news, and inactives",SaberSim DFS - Daily Fantasy Sports Strategy,DFS Q&A: Walking Through the NFL Late Swap Process,3:44,https://www.youtube.com/watch?v=CgfglAjd2ys&t=224s,Turning on group duplicates for cash contests keeps the shared lineup together during late swap.,FIELD_BEHAVIOR_HYPOTHESIS|PRODUCTION_CANDIDATE,AUTO_TAGGED,UNVERIFIED_EXTERNAL,NOT_A_HARD_LINEUP_RULE
EX442,"8. Late swap, late news, and inactives",SaberSim DFS - Daily Fantasy Sports Strategy,DFS Q&A: Walking Through the NFL Late Swap Process,5:31,https://www.youtube.com/watch?v=CgfglAjd2ys&t=331s,"DraftKings’ entries can differ from SaberSim’s lineup state; here, only 50 of 190 lineups updated, leaving 140 mismatched.",EMPIRICAL_HISTORICAL_EVIDENCE|EXTERNAL_MODEL_OUTPUT,AUTO_TAGGED,UNVERIFIED_EXTERNAL,NOT_A_HARD_LINEUP_RULE
EX443,"8. Late swap, late news, and inactives",SaberSim DFS - Daily Fantasy Sports Strategy,DFS Q&A: Walking Through the NFL Late Swap Process,6:03,https://www.youtube.com/watch?v=CgfglAjd2ys&t=363s,"After an upload error, reimport the entry file so SaberSim retrieves the current DraftKings lineups, then restart the swap.",PRODUCTION_CANDIDATE,AUTO_TAGGED,UNVERIFIED_EXTERNAL,NOT_A_HARD_LINEUP_RULE
EX444,"8. Late swap, late news, and inactives",SaberSim DFS - Daily Fantasy Sports Strategy,DFS Q&A: Navigating NFL Late Swap,19:30,https://www.youtube.com/watch?v=8qVskFOoEGE&t=1170s,"The late-swap default is 10 swaps per lineup; the speaker suggests maximizing swaps after an earlier game on a Thursday-to-Monday slate, but says 10 is fine when only one game remains.",PRODUCTION_CANDIDATE|EXPERT_OPINION,AUTO_TAGGED,UNVERIFIED_EXTERNAL,NOT_A_HARD_LINEUP_RULE
EX445,"8. Late swap, late news, and inactives",SaberSim DFS - Daily Fantasy Sports Strategy,DFS Q&A: Navigating NFL Late Swap,19:52,https://www.youtube.com/watch?v=8qVskFOoEGE&t=1192s,The demonstrated late-swap workflow is to build swaps first and then run the contest sim.,EXTERNAL_MODEL_OUTPUT|PRODUCTION_CANDIDATE|EXPERT_OPINION,AUTO_TAGGED,UNVERIFIED_EXTERNAL,NOT_A_HARD_LINEUP_RULE
EX446,"8. Late swap, late news, and inactives",SaberSim DFS - Daily Fantasy Sports Strategy,DFS Q&A: Navigating NFL Late Swap,25:28,https://www.youtube.com/watch?v=8qVskFOoEGE&t=1528s,"The speaker says live fields and live sims are automatically enabled for late swap, so users do not need to change the sim settings manually.",EXTERNAL_MODEL_OUTPUT|FIELD_BEHAVIOR_HYPOTHESIS|PRODUCTION_CANDIDATE,AUTO_TAGGED,UNVERIFIED_EXTERNAL,NOT_A_HARD_LINEUP_RULE
EX447,"8. Late swap, late news, and inactives",SaberSim DFS - Daily Fantasy Sports Strategy,DFS Q&A: How do I navigate NFL late swap?,8:39,https://www.youtube.com/watch?v=uvDTL8e6Ipo&t=519s,"The described NFL late-swap window is after early games lock and before afternoon games start, typically after the afternoon inactives report.",PRODUCTION_CANDIDATE|PROHIBITED_DIRECT_INPUT,AUTO_TAGGED,UNVERIFIED_EXTERNAL,NOT_A_HARD_LINEUP_RULE
EX448,"8. Late swap, late news, and inactives",SaberSim DFS - Daily Fantasy Sports Strategy,DFS Q&A: How do I navigate NFL late swap?,10:08,https://www.youtube.com/watch?v=uvDTL8e6Ipo&t=608s,"When a key running back is ruled out and creates a strong replacement-value opportunity, the speaker rebuilds all lineups to get more exposure to the replacement.",EMPIRICAL_HISTORICAL_EVIDENCE|PRODUCTION_CANDIDATE|EXPERT_OPINION,AUTO_TAGGED,UNVERIFIED_EXTERNAL,NOT_A_HARD_LINEUP_RULE
EX449,"8. Late swap, late news, and inactives",SaberSim DFS - Daily Fantasy Sports Strategy,DFS Q&A: How do I navigate NFL late swap?,11:57,https://www.youtube.com/watch?v=uvDTL8e6Ipo&t=717s,"For a starting wide receiver being ruled out, the speaker late-swaps only lineups containing the unavailable player.",PRODUCTION_CANDIDATE,AUTO_TAGGED,UNVERIFIED_EXTERNAL,NOT_A_HARD_LINEUP_RULE
EX450,"8. Late swap, late news, and inactives",SaberSim DFS - Daily Fantasy Sports Strategy,How to Late Swap in NFL DFS: A Real-Time Tutorial,0:23,https://www.youtube.com/watch?v=IAt9PW8j75M&t=23s,"Late swap removes players ruled out by inactives, including surprise scratches, and can make room for newly valuable players.",PRODUCTION_CANDIDATE,AUTO_TAGGED,UNVERIFIED_EXTERNAL,NOT_A_HARD_LINEUP_RULE
EX451,"8. Late swap, late news, and inactives",SaberSim DFS - Daily Fantasy Sports Strategy,How to Late Swap in NFL DFS: A Real-Time Tutorial,0:49,https://www.youtube.com/watch?v=IAt9PW8j75M&t=49s,"The late-swap process can incorporate final simulation and model updates, including updates to snaps and target shares.",EXTERNAL_MODEL_OUTPUT|PRODUCTION_CANDIDATE,AUTO_TAGGED,UNVERIFIED_EXTERNAL,NOT_A_HARD_LINEUP_RULE
EX452,"8. Late swap, late news, and inactives",SaberSim DFS - Daily Fantasy Sports Strategy,How to Late Swap in NFL DFS: A Real-Time Tutorial,2:07,https://www.youtube.com/watch?v=IAt9PW8j75M&t=127s,"When the quick-swap indicator shows out players, remove them promptly, replace them with the best available players, and upload the revised entries file.",PRODUCTION_CANDIDATE|EXPERT_OPINION|PROHIBITED_DIRECT_INPUT,AUTO_TAGGED,UNVERIFIED_EXTERNAL,NOT_A_HARD_LINEUP_RULE
EX453,"8. Late swap, late news, and inactives",Stokastic DFS - Daily Fantasy Sports Advice,NFL DFS Sims Tournament Strategy Week 1 | NFL DFS Strategy,14:31,https://www.youtube.com/watch?v=uMa9MQhf0fU&t=871s,He says Mitchell's limited status matters to Hampton's outlook and that Hampton would look substantially better if Mitchell is inactive.,EXPERT_OPINION,AUTO_TAGGED,UNVERIFIED_EXTERNAL,NOT_A_HARD_LINEUP_RULE
EX454,"8. Late swap, late news, and inactives",Stokastic DFS - Daily Fantasy Sports Advice,NFL DFS Sims Tournament Strategy Week 1 | NFL DFS Strategy,56:06,https://www.youtube.com/watch?v=uMa9MQhf0fU&t=3366s,He says Bowers news opened up value and affected his willingness to use a running-back roster spot on Marshon Lloyd.,EXPERT_OPINION,AUTO_TAGGED,UNVERIFIED_EXTERNAL,NOT_A_HARD_LINEUP_RULE
EX455,"8. Late swap, late news, and inactives",FTA Sports,The DraftKings Showdown Rule That Deletes Your Winning Lineup,11:08,https://www.youtube.com/watch?v=1X6cgvJxsqQ&t=668s,"The transcript distinguishes players with no projection, including inactive or non-playing players, as a filter that affected 1.2% of winning lineups.",EMPIRICAL_HISTORICAL_EVIDENCE|EXTERNAL_MODEL_OUTPUT|PROHIBITED_DIRECT_INPUT,AUTO_TAGGED,UNVERIFIED_EXTERNAL,NOT_A_HARD_LINEUP_RULE
EX456,"8. Late swap, late news, and inactives",FTA Sports,The DraftKings Showdown Rule That Deletes Your Winning Lineup,17:24,https://www.youtube.com/watch?v=1X6cgvJxsqQ&t=1044s,"The speaker recommends rerunning lineups about an hour before kickoff for Thursday, Sunday morning, Sunday night, and Monday games.",EXPERT_OPINION,AUTO_TAGGED,UNVERIFIED_EXTERNAL,NOT_A_HARD_LINEUP_RULE
EX457,"8. Late swap, late news, and inactives",SaberSim DFS - Daily Fantasy Sports Strategy,SaberSim's Unique Approach to Projecting Ownership,15:07,https://www.youtube.com/watch?v=zMdDPCaxXjg&t=907s,Late-swap rebuilds can fail when locked players leave too little positional or salary flexibility to satisfy the existing exposure settings.,PRODUCTION_CANDIDATE,AUTO_TAGGED,UNVERIFIED_EXTERNAL,NOT_A_HARD_LINEUP_RULE
EX458,"8. Late swap, late news, and inactives",SaberSim DFS - Daily Fantasy Sports Strategy,SaberSim's Unique Approach to Projecting Ownership,50:22,https://www.youtube.com/watch?v=zMdDPCaxXjg&t=3022s,The speaker late-swaps when there has been relevant player news and SaberSim's projections have changed following a simulation update.,EXTERNAL_MODEL_OUTPUT|PRODUCTION_CANDIDATE,AUTO_TAGGED,UNVERIFIED_EXTERNAL,NOT_A_HARD_LINEUP_RULE
EX459,"8. Late swap, late news, and inactives",SaberSim DFS - Daily Fantasy Sports Strategy,DFS Q&A: How Should You Handle NFL Late Swap Between Builds?,2:37,https://www.youtube.com/watch?v=QJ4wmImXx5M&t=157s,"After slate lock, use a late swap build because a regular build can change players whose games have already started.",PRODUCTION_CANDIDATE|PROHIBITED_DIRECT_INPUT,AUTO_TAGGED,UNVERIFIED_EXTERNAL,NOT_A_HARD_LINEUP_RULE
EX460,"8. Late swap, late news, and inactives",SaberSim DFS - Daily Fantasy Sports Strategy,DFS Q&A: How Should You Handle NFL Late Swap Between Builds?,4:52,https://www.youtube.com/watch?v=QJ4wmImXx5M&t=292s,"For Ultimate, rerun the contest sim in the existing swap build before the next games start, then resave and resubmit to account for live developments.",EXTERNAL_MODEL_OUTPUT|PRODUCTION_CANDIDATE|EXPERT_OPINION,AUTO_TAGGED,UNVERIFIED_EXTERNAL,NOT_A_HARD_LINEUP_RULE
EX461,"8. Late swap, late news, and inactives",SaberSim DFS - Daily Fantasy Sports Strategy,DFS Q&A: How SaberSim Creates Its Ownership Projections,19:17,https://www.youtube.com/watch?v=JnVogCYAHgY&t=1157s,"For a quick swap, the speaker uses the best available player from the same team to preserve lineup stacks and correlations.",PRODUCTION_CANDIDATE|EXPERT_OPINION,AUTO_TAGGED,UNVERIFIED_EXTERNAL,NOT_A_HARD_LINEUP_RULE
EX462,"8. Late swap, late news, and inactives",SaberSim DFS - Daily Fantasy Sports Strategy,DFS Q&A: How SaberSim Creates Its Ownership Projections,20:00,https://www.youtube.com/watch?v=JnVogCYAHgY&t=1200s,"Rather than rebuilding a 150-lineup set after an inactive, the speaker recommends using the late-swap option to rebuild only lineups containing unavailable players.",PRODUCTION_CANDIDATE|EXPERT_OPINION,AUTO_TAGGED,UNVERIFIED_EXTERNAL,NOT_A_HARD_LINEUP_RULE
EX463,"8. Late swap, late news, and inactives",SaberSim DFS - Daily Fantasy Sports Strategy,DFS Q&A: How are SaberSim's ownership projections calculated?,48:40,https://www.youtube.com/watch?v=MGO5rVk8I7M&t=2920s,"After an entries file is uploaded, SaberSim can identify a player who is out in one of the entered lineups.",EXPERT_OPINION,AUTO_TAGGED,UNVERIFIED_EXTERNAL,NOT_A_HARD_LINEUP_RULE
EX464,"8. Late swap, late news, and inactives",SaberSim DFS - Daily Fantasy Sports Strategy,DFS Q&A: How are SaberSim's ownership projections calculated?,49:04,https://www.youtube.com/watch?v=MGO5rVk8I7M&t=2944s,"The quick-swap workflow replaces an out player with the best available player from the same team to preserve the stack, then allows the updated entries file to be uploaded.",PRODUCTION_CANDIDATE|EXPERT_OPINION,AUTO_TAGGED,UNVERIFIED_EXTERNAL,NOT_A_HARD_LINEUP_RULE
EX465,"8. Late swap, late news, and inactives",SaberSim DFS - Daily Fantasy Sports Strategy,Beat DFS Using The SaberSystem: 5 Principles for Maximum Profitability,10:58,https://www.youtube.com/watch?v=4jONT961JrM&t=658s,"The transcript recommends building with current information, reacting efficiently to breaking news, and late swapping for news after lock.",EXPERT_OPINION|PROHIBITED_DIRECT_INPUT,AUTO_TAGGED,UNVERIFIED_EXTERNAL,NOT_A_HARD_LINEUP_RULE
EX466,"8. Late swap, late news, and inactives",SaberSim DFS - Daily Fantasy Sports Strategy,Beat DFS Using The SaberSystem: 5 Principles for Maximum Profitability,13:08,https://www.youtube.com/watch?v=4jONT961JrM&t=788s,"The simulations update within minutes of slate-changing news, and push notifications flag players who are out or whose projections drop past a threshold.",EXTERNAL_MODEL_OUTPUT,AUTO_TAGGED,UNVERIFIED_EXTERNAL,NOT_A_HARD_LINEUP_RULE
EX467,"8. Late swap, late news, and inactives",Establish The Run,DFS Tournament Strategy - How to Beat Small Field & Single Entry GPPs,27:40,https://www.youtube.com/watch?v=Z79IcL2Cruk&t=1660s,"Late swap is described as especially important in smaller fields, where it is easier to see what opponents are doing and more information is available.",FIELD_BEHAVIOR_HYPOTHESIS|PRODUCTION_CANDIDATE|EXPERT_OPINION,AUTO_TAGGED,UNVERIFIED_EXTERNAL,NOT_A_HARD_LINEUP_RULE
EX468,"8. Late swap, late news, and inactives",Establish The Run,DFS Tournament Strategy - How to Beat Small Field & Single Entry GPPs,28:52,https://www.youtube.com/watch?v=Z79IcL2Cruk&t=1732s,"After contrarian early plays performed well and chalk running backs fell, the speaker used late-slate flexibility to play an expensive, chalky, high-upside game stack.",FIELD_BEHAVIOR_HYPOTHESIS|EXPERT_OPINION,AUTO_TAGGED,UNVERIFIED_EXTERNAL,NOT_A_HARD_LINEUP_RULE
EX469,"8. Late swap, late news, and inactives",Kev's Picks,How To Project Ownership % in DFS (DraftKings),2:39,https://www.youtube.com/watch?v=BToDGUdOhkU&t=159s,"The transcript says DraftKings lineups can be changed until the game, while FanDuel lineups lock at the contest's first game.",FIELD_BEHAVIOR_HYPOTHESIS|PROHIBITED_DIRECT_INPUT,AUTO_TAGGED,UNVERIFIED_EXTERNAL,NOT_A_HARD_LINEUP_RULE
EX470,"8. Late swap, late news, and inactives",SaberSim DFS - Daily Fantasy Sports Strategy,DFS Q&A: How Do Contest Sims Work for Small vs. Large-Field Contests?,15:41,https://www.youtube.com/watch?v=h9O1DRC4ABo&t=941s,"A new simulation does not overwrite a user's custom projection: in Andrew’s example, the custom projection remains 15 even if the new simulation raises the projection to 20.",EXTERNAL_MODEL_OUTPUT|EXPERT_OPINION|PROHIBITED_DIRECT_INPUT,AUTO_TAGGED,UNVERIFIED_EXTERNAL,NOT_A_HARD_LINEUP_RULE
EX471,"8. Late swap, late news, and inactives",SaberSim DFS - Daily Fantasy Sports Strategy,DFS Q&A: How do I best utilize the dupe metric in the contest sims?,16:50,https://www.youtube.com/watch?v=ETNpMZGSNCs&t=1010s,"Late swap rebuilds multiple candidate swaps for each original lineup, with the number of attempts based on pool size divided by the number of lineups, then sorts the results by Saber Score or contest simulation.",EXTERNAL_MODEL_OUTPUT|PRODUCTION_CANDIDATE|PROHIBITED_DIRECT_INPUT,AUTO_TAGGED,UNVERIFIED_EXTERNAL,NOT_A_HARD_LINEUP_RULE
EX472,"8. Late swap, late news, and inactives",SaberSim DFS - Daily Fantasy Sports Strategy,DFS Q&A: Simulations can help you avoid duplication in DFS,4:33,https://www.youtube.com/watch?v=PSqHBQYbYqE&t=273s,Late-swap exposures must be set in the entry editor because the late-swap build has no lineup pool to sort through.,PRODUCTION_CANDIDATE|PROHIBITED_DIRECT_INPUT,AUTO_TAGGED,UNVERIFIED_EXTERNAL,NOT_A_HARD_LINEUP_RULE
EX473,"8. Late swap, late news, and inactives",SaberSim DFS - Daily Fantasy Sports Strategy,NFL Office Hours - Showdown Q&A,48:41,https://www.youtube.com/watch?v=Re6X-sC0P7A&t=2921s,"The stated schedule is for inactives to arrive about 90 minutes before lock and a final simulation to run one hour before lock, taking active/inactive information into account.",EXTERNAL_MODEL_OUTPUT|PROHIBITED_DIRECT_INPUT,AUTO_TAGGED,UNVERIFIED_EXTERNAL,NOT_A_HARD_LINEUP_RULE
EX474,"8. Late swap, late news, and inactives",SaberSim DFS - Daily Fantasy Sports Strategy,DFS Q&A: How Do You Reduce Dupes in Showdown?,29:55,https://www.youtube.com/watch?v=JuOzj5ZOQHk&t=1795s,"Before afternoon slates, the recommendation is to quick-swap first if players are out, then run a full late swap and sim; otherwise, proceed directly to late swap.",EXTERNAL_MODEL_OUTPUT|PRODUCTION_CANDIDATE|EXPERT_OPINION,AUTO_TAGGED,UNVERIFIED_EXTERNAL,NOT_A_HARD_LINEUP_RULE
EX475,"8. Late swap, late news, and inactives",Alvin Zeidenfeld,HOW TO WIN ON DRAFTKINGS NFL SHOWDOWN: LINEUP BUILDING TIPS,4:56,https://www.youtube.com/watch?v=lyaKCYf1LrQ&t=296s,The speaker says late inactive news can create an advantage because many entrants will not return to adjust their lineups before lock.,EMPIRICAL_HISTORICAL_EVIDENCE|PROHIBITED_DIRECT_INPUT,AUTO_TAGGED,UNVERIFIED_EXTERNAL,NOT_A_HARD_LINEUP_RULE
EX476,"8. Late swap, late news, and inactives",Mayo Media Network,"NFL DFS Strategy Masterclass: Game Theory, Stacking & How to Actually Win",3:32,https://www.youtube.com/watch?v=oj36e7aIMHc&t=212s,Late swap can be used in large double-ups to respond to an early result and avoid a likely chop with many opponents.,PRODUCTION_CANDIDATE,AUTO_TAGGED,UNVERIFIED_EXTERNAL,NOT_A_HARD_LINEUP_RULE
EX477,"8. Late swap, late news, and inactives",SaberSim DFS - Daily Fantasy Sports Strategy,DFS Q&A: What is the best way to reduce dupes in Showdown?,9:36,https://www.youtube.com/watch?v=eWWw-7T2YLk&t=576s,"Deleting entered lineups from a build avoids duplicating them, and late swap reads lineups from the contest file rather than the build.",EXTERNAL_MODEL_OUTPUT|FIELD_BEHAVIOR_HYPOTHESIS|PRODUCTION_CANDIDATE,AUTO_TAGGED,UNVERIFIED_EXTERNAL,NOT_A_HARD_LINEUP_RULE
EX478,"8. Late swap, late news, and inactives",RotoGrinders - Daily Fantasy Sports Advice,DRAFTKINGS & FANDUEL DFS STRATEGY REVIEW: Large-Field GPP Lineup Simulations (1/18/23),40:38,https://www.youtube.com/watch?v=pakvRcKsnXQ&t=2438s,"If starting-lineup news shows a player is not starting, projections should be changed, which also changes ownership.",EXTERNAL_MODEL_OUTPUT|FIELD_BEHAVIOR_HYPOTHESIS,AUTO_TAGGED,UNVERIFIED_EXTERNAL,NOT_A_HARD_LINEUP_RULE
EX479,"8. Late swap, late news, and inactives",SaberSim DFS - Daily Fantasy Sports Strategy,DFS Q&A: For the 20-Max and 150-Max contest do you use the same pool?,4:30,https://www.youtube.com/watch?v=PRtm5_i9qqQ&t=270s,"After missing an early lock with identical lineups, lock the players already in those lineups and eliminate the other players from the started games before rebuilding.",EXPERT_OPINION|PROHIBITED_DIRECT_INPUT,AUTO_TAGGED,UNVERIFIED_EXTERNAL,NOT_A_HARD_LINEUP_RULE
EX480,"8. Late swap, late news, and inactives",Ship It Nation,"Lions vs Panthers - SNF Sunday Sweatdown | NFL Week 4 | DFS Picks, Plays & Process",58:08,https://www.youtube.com/watch?v=xJlvummhIfI&t=3488s,"The speakers confirmed Coker was inactive, noted McMillan was on IR, and reported no Lions inactives at that point.",EXPERT_OPINION,AUTO_TAGGED,UNVERIFIED_EXTERNAL,NOT_A_HARD_LINEUP_RULE
KF01,Key findings at a glance,,,,,"Optimal CPT by position: WR 33.1%, RB 28%, QB 20.9% across 163 slates (FTA Sports)",EMPIRICAL_HISTORICAL_EVIDENCE,HAND_TAGGED,"UNVERIFIED_EXTERNAL (vendor data, see the pack caveats)",NOT_A_HARD_LINEUP_RULE
KF02,Key findings at a glance,,,,,QB most-rostered CPT but right ~20% of the time (FTA Sports),EMPIRICAL_HISTORICAL_EVIDENCE|FIELD_BEHAVIOR_HYPOTHESIS,HAND_TAGGED,"UNVERIFIED_EXTERNAL (vendor data, see the pack caveats)",NOT_A_HARD_LINEUP_RULE
KF03,Key findings at a glance,,,,,WR most common CPT across game types; RB rarely CPT in 49+ totals (DFS Army),EMPIRICAL_HISTORICAL_EVIDENCE,HAND_TAGGED,"UNVERIFIED_EXTERNAL (vendor data, see the pack caveats)",NOT_A_HARD_LINEUP_RULE
KF04,Key findings at a glance,,,,,Field 28-35% QB captain vs optimal near 20% (DFS Army),EMPIRICAL_HISTORICAL_EVIDENCE|FIELD_BEHAVIOR_HYPOTHESIS,HAND_TAGGED,"UNVERIFIED_EXTERNAL (vendor data, see the pack caveats)",NOT_A_HARD_LINEUP_RULE
KF05,Key findings at a glance,,,,,"QBs 3.5+ pt underdogs: nut captain 3/205, field ~6.5-7% (DFS Army)",EMPIRICAL_HISTORICAL_EVIDENCE|FIELD_BEHAVIOR_HYPOTHESIS,HAND_TAGGED,"UNVERIFIED_EXTERNAL (vendor data, see the pack caveats)",NOT_A_HARD_LINEUP_RULE
KF06,Key findings at a glance,,,,,Favorites produce the nut captain 62-75% (DFS Army),EMPIRICAL_HISTORICAL_EVIDENCE,HAND_TAGGED,"UNVERIFIED_EXTERNAL (vendor data, see the pack caveats)",NOT_A_HARD_LINEUP_RULE
KF07,Key findings at a glance,,,,,"50 Milly winners 2021: QB CPT 24%, RB 32%, pass catcher ~36%; 7/50 1-5; 8 onslaughts (Adam Newman)",EMPIRICAL_HISTORICAL_EVIDENCE,HAND_TAGGED,"UNVERIFIED_EXTERNAL (vendor data, see the pack caveats)",NOT_A_HARD_LINEUP_RULE
KF08,Key findings at a glance,,,,,"Players from favorite (of 6): 1 2.5%, 2 21.5%, 3 34.4%, 4 31.3%, 5 10.4% (FTA)",EMPIRICAL_HISTORICAL_EVIDENCE,HAND_TAGGED,"UNVERIFIED_EXTERNAL (vendor data, see the pack caveats)",NOT_A_HARD_LINEUP_RULE
KF09,Key findings at a glance,,,,,5-1 stacks positively leveraged in top-1%; onslaughts very low owned (ETR),EMPIRICAL_HISTORICAL_EVIDENCE|FIELD_BEHAVIOR_HYPOTHESIS,HAND_TAGGED,"UNVERIFIED_EXTERNAL (vendor data, see the pack caveats)",NOT_A_HARD_LINEUP_RULE
KF10,Key findings at a glance,,,,,All 50 Milly winners had >=1 QB; 26% both (Adam Newman),EMPIRICAL_HISTORICAL_EVIDENCE,HAND_TAGGED,"UNVERIFIED_EXTERNAL (vendor data, see the pack caveats)",NOT_A_HARD_LINEUP_RULE
KF11,Key findings at a glance,,,,,~80% of field lineups contain >=1 QB (One Week Season),FIELD_BEHAVIOR_HYPOTHESIS,HAND_TAGGED,"UNVERIFIED_EXTERNAL (vendor data, see the pack caveats)",NOT_A_HARD_LINEUP_RULE
KF12,Key findings at a glance,,,,,WR CPT + own QB: 85.2% of top-1% vs 77.4% of field (ETR),EMPIRICAL_HISTORICAL_EVIDENCE|FIELD_BEHAVIOR_HYPOTHESIS,HAND_TAGGED,"UNVERIFIED_EXTERNAL (vendor data, see the pack caveats)",NOT_A_HARD_LINEUP_RULE
KF13,Key findings at a glance,,,,,"Kicker in 40.5% of nut lineups, DST 31%, K/DST CPT 8.6% (FTA)",EMPIRICAL_HISTORICAL_EVIDENCE,HAND_TAGGED,"UNVERIFIED_EXTERNAL (vendor data, see the pack caveats)",NOT_A_HARD_LINEUP_RULE
KF14,Key findings at a glance,,,,,"DST in 47% of winners at totals <=42, 38% average, 21% at 49+ (DFS Army)",EMPIRICAL_HISTORICAL_EVIDENCE,HAND_TAGGED,"UNVERIFIED_EXTERNAL (vendor data, see the pack caveats)",NOT_A_HARD_LINEUP_RULE
KF15,Key findings at a glance,,,,,>=1 kicker in 41-46% of winners; rarely two (DFS Army),EMPIRICAL_HISTORICAL_EVIDENCE,HAND_TAGGED,"UNVERIFIED_EXTERNAL (vendor data, see the pack caveats)",NOT_A_HARD_LINEUP_RULE
KF16,Key findings at a glance,,,,,44% of 50 Milly winners had zero K and zero DST (Adam Newman),EMPIRICAL_HISTORICAL_EVIDENCE,HAND_TAGGED,"UNVERIFIED_EXTERNAL (vendor data, see the pack caveats)",NOT_A_HARD_LINEUP_RULE
KF17,Key findings at a glance,,,,,"Salary left: $0 won 7.4%; up to $900 31.3%; $1,000-1,900 22.7% (FTA)",EMPIRICAL_HISTORICAL_EVIDENCE|PRODUCTION_CANDIDATE,HAND_TAGGED,"UNVERIFIED_EXTERNAL (vendor data, see the pack caveats)",NOT_A_HARD_LINEUP_RULE
KF18,Key findings at a glance,,,,,$49.1K-$50K ~7-way ties; capping $49.4K ~5 (DFS Army),EMPIRICAL_HISTORICAL_EVIDENCE|PRODUCTION_CANDIDATE,HAND_TAGGED,"UNVERIFIED_EXTERNAL (vendor data, see the pack caveats)",NOT_A_HARD_LINEUP_RULE
KF19,Key findings at a glance,,,,,"Under 140% total ownership ~10% of wins, ~2 ties; most wins 155-190% (DFS Army)",EMPIRICAL_HISTORICAL_EVIDENCE|FIELD_BEHAVIOR_HYPOTHESIS,HAND_TAGGED,"UNVERIFIED_EXTERNAL (vendor data, see the pack caveats)",NOT_A_HARD_LINEUP_RULE
KF20,Key findings at a glance,,,,,"DK winner hits the nut ~66%, ~80% in 100K+ fields (DFS Army)",EMPIRICAL_HISTORICAL_EVIDENCE,HAND_TAGGED,"UNVERIFIED_EXTERNAL (vendor data, see the pack caveats)",NOT_A_HARD_LINEUP_RULE
KF21,Key findings at a glance,,,,,~28% of optimal captains under 5% owned; 16% over 20% (925 Sports),EMPIRICAL_HISTORICAL_EVIDENCE|FIELD_BEHAVIOR_HYPOTHESIS,HAND_TAGGED,"UNVERIFIED_EXTERNAL (vendor data, see the pack caveats)",NOT_A_HARD_LINEUP_RULE
KF22,Key findings at a glance,,,,,ETR dupe estimate: product of CPT and FLEX ownership x correlation coef (~0.85 stacked) x salary-left multiplier x field size; R2 0.55 vs 0.26 total ownership,EXTERNAL_MODEL_OUTPUT|PRODUCTION_CANDIDATE,HAND_TAGGED,"UNVERIFIED_EXTERNAL (vendor data, see the pack caveats)",NOT_A_HARD_LINEUP_RULE
KF23,Key findings at a glance,,,,,SaberSim: expected dupes ~ ownership product x contest size; geomean = product^(1/n); overestimates very low-salary builds; 20-25 dupe guardrail,EXTERNAL_MODEL_OUTPUT|PRODUCTION_CANDIDATE,HAND_TAGGED,"UNVERIFIED_EXTERNAL (vendor data, see the pack caveats)",NOT_A_HARD_LINEUP_RULE
KF24,Key findings at a glance,,,,,Independence breaks for correlated pairs (CPT Lamb -> Dak FLEX) (SaberSim),FIELD_BEHAVIOR_HYPOTHESIS|PRODUCTION_CANDIDATE,HAND_TAGGED,"UNVERIFIED_EXTERNAL (vendor data, see the pack caveats)",NOT_A_HARD_LINEUP_RULE
KF25,Key findings at a glance,,,,,Ownership built from thousands of high-variance optimizer builds off an aggregate projection; 13 ownership sets (SaberSim),PRODUCTION_CANDIDATE|EXTERNAL_MODEL_OUTPUT,HAND_TAGGED,"UNVERIFIED_EXTERNAL (vendor data, see the pack caveats)",NOT_A_HARD_LINEUP_RULE
KF26,Key findings at a glance,,,,,Chalk condenses in small fields: 18% large-field CPT -> ~30% single entry (SaberSim),FIELD_BEHAVIOR_HYPOTHESIS|PRODUCTION_CANDIDATE,HAND_TAGGED,"UNVERIFIED_EXTERNAL (vendor data, see the pack caveats)",NOT_A_HARD_LINEUP_RULE
