game_id,kickoff_utc,player,gsis_id,team,position,metric,layer,forecast_stage,seal_written_at,run_id,role_tier,model_mean,model_median,q10,q25,q50,q75,q90,actual,forecast_minus_actual,abs_error,pct_error,pit,in_50,in_80,in_90,crps,n_draws,completeness,qb3_configuration,qb3_contaminated,qb3_contamination_basis,outcome_sha256
2026_01_ATL_PIT,2026-09-13T17:00:00Z,A.Rodgers,00-0023459,PIT,QB,qb/att,qb,PRE_INACTIVES,2026-09-13T15:46:51Z,f67d72ab0701d211,QB,32.506,34.0,16.9,26.0,34.0,41.0,47.0,40.0,-7.494,7.494,-18.735,0.722433,True,True,True,3.941424,1000,PARTIAL_PLAYER_COVERAGE,,True,derived from previous_primary_detail; the board predates the qb3_configuration field,1415dd98ba7f701af23d20b9aa63c7e2dd5bd6a924978a650f9b6b47eb55f9bd
2026_01_ATL_PIT,2026-09-13T17:00:00Z,A.Rodgers,00-0023459,PIT,QB,qb/cmp,qb,PRE_INACTIVES,2026-09-13T15:46:51Z,f67d72ab0701d211,QB,21.126,22.0,10.0,17.0,22.0,27.0,32.0,24.0,-2.874,2.874,-11.975,0.602079,True,True,True,2.148012,1000,PARTIAL_PLAYER_COVERAGE,,True,derived from previous_primary_detail; the board predates the qb3_configuration field,1415dd98ba7f701af23d20b9aa63c7e2dd5bd6a924978a650f9b6b47eb55f9bd
2026_01_ATL_PIT,2026-09-13T17:00:00Z,A.Rodgers,00-0023459,PIT,QB,qb/pyds,qb,PRE_INACTIVES,2026-09-13T15:46:51Z,f67d72ab0701d211,QB,226.8526,231.0,95.0,169.0,231.0,293.25,355.0,221.0,5.8526,5.8526,2.6483,0.456429,True,True,True,23.461219,1000,PARTIAL_PLAYER_COVERAGE,,True,derived from previous_primary_detail; the board predates the qb3_configuration field,1415dd98ba7f701af23d20b9aa63c7e2dd5bd6a924978a650f9b6b47eb55f9bd
2026_01_ATL_PIT,2026-09-13T17:00:00Z,A.Rodgers,00-0023459,PIT,QB,qb/ptd,qb,PRE_INACTIVES,2026-09-13T15:46:51Z,f67d72ab0701d211,QB,1.486,1.0,0.0,0.0,1.0,2.0,3.0,1.0,0.486,0.486,48.6,0.337258,True,True,True,0.322666,1000,PARTIAL_PLAYER_COVERAGE,,True,derived from previous_primary_detail; the board predates the qb3_configuration field,1415dd98ba7f701af23d20b9aa63c7e2dd5bd6a924978a650f9b6b47eb55f9bd
2026_01_ATL_PIT,2026-09-13T17:00:00Z,A.Rodgers,00-0023459,PIT,QB,qb/int,qb,PRE_INACTIVES,2026-09-13T15:46:51Z,f67d72ab0701d211,QB,0.472,0.0,0.0,0.0,0.0,1.0,1.0,0.0,0.472,0.472,,0.136171,True,True,True,0.14291,1000,PARTIAL_PLAYER_COVERAGE,,True,derived from previous_primary_detail; the board predates the qb3_configuration field,1415dd98ba7f701af23d20b9aa63c7e2dd5bd6a924978a650f9b6b47eb55f9bd
2026_01_ATL_PIT,2026-09-13T17:00:00Z,A.Rodgers,00-0023459,PIT,QB,qb/sacks,qb,PRE_INACTIVES,2026-09-13T15:46:51Z,f67d72ab0701d211,QB,1.86,2.0,0.0,1.0,2.0,3.0,4.0,2.0,-0.14,0.14,-7.0,0.523322,True,True,True,0.386416,1000,PARTIAL_PLAYER_COVERAGE,,True,derived from previous_primary_detail; the board predates the qb3_configuration field,1415dd98ba7f701af23d20b9aa63c7e2dd5bd6a924978a650f9b6b47eb55f9bd
2026_01_ATL_PIT,2026-09-13T17:00:00Z,A.Rodgers,00-0023459,PIT,QB,qb/db,qb,PRE_INACTIVES,2026-09-13T15:46:51Z,f67d72ab0701d211,QB,35.42,37.0,17.9,29.0,37.0,44.0,51.0,42.0,-6.58,6.58,-15.6667,0.660792,True,True,True,3.611138,1000,PARTIAL_PLAYER_COVERAGE,,True,derived from previous_primary_detail; the board predates the qb3_configuration field,1415dd98ba7f701af23d20b9aa63c7e2dd5bd6a924978a650f9b6b47eb55f9bd
2026_01_ATL_PIT,2026-09-13T17:00:00Z,C.Rush,00-0033662,ATL,QB,qb/att,qb,PRE_INACTIVES,2026-09-13T15:46:51Z,f67d72ab0701d211,QB,3.27,2.0,0.0,0.0,2.0,7.0,9.0,22.0,-18.73,18.73,-85.1364,1.0,False,False,False,16.779604,1000,PARTIAL_PLAYER_COVERAGE,,True,derived from previous_primary_detail; the board predates the qb3_configuration field,1415dd98ba7f701af23d20b9aa63c7e2dd5bd6a924978a650f9b6b47eb55f9bd
2026_01_ATL_PIT,2026-09-13T17:00:00Z,C.Rush,00-0033662,ATL,QB,qb/cmp,qb,PRE_INACTIVES,2026-09-13T15:46:51Z,f67d72ab0701d211,QB,2.025,1.0,0.0,0.0,1.0,4.0,6.0,12.0,-9.975,9.975,-83.125,0.998214,False,False,False,8.653155,1000,PARTIAL_PLAYER_COVERAGE,,True,derived from previous_primary_detail; the board predates the qb3_configuration field,1415dd98ba7f701af23d20b9aa63c7e2dd5bd6a924978a650f9b6b47eb55f9bd
2026_01_ATL_PIT,2026-09-13T17:00:00Z,C.Rush,00-0033662,ATL,QB,qb/pyds,qb,PRE_INACTIVES,2026-09-13T15:46:51Z,f67d72ab0701d211,QB,23.8489,12.3452,0.0,0.0,12.3452,46.439,64.5049,143.0,-119.1511,119.1511,-83.3225,1.0,False,False,False,104.450901,1000,PARTIAL_PLAYER_COVERAGE,,True,derived from previous_primary_detail; the board predates the qb3_configuration field,1415dd98ba7f701af23d20b9aa63c7e2dd5bd6a924978a650f9b6b47eb55f9bd
2026_01_ATL_PIT,2026-09-13T17:00:00Z,C.Rush,00-0033662,ATL,QB,qb/ptd,qb,PRE_INACTIVES,2026-09-13T15:46:51Z,f67d72ab0701d211,QB,0.127,0.0,0.0,0.0,0.0,0.0,1.0,1.0,-0.873,0.873,-87.3,0.91023,False,True,True,0.790475,1000,PARTIAL_PLAYER_COVERAGE,,True,derived from previous_primary_detail; the board predates the qb3_configuration field,1415dd98ba7f701af23d20b9aa63c7e2dd5bd6a924978a650f9b6b47eb55f9bd
2026_01_ATL_PIT,2026-09-13T17:00:00Z,C.Rush,00-0033662,ATL,QB,qb/int,qb,PRE_INACTIVES,2026-09-13T15:46:51Z,f67d72ab0701d211,QB,0.076,0.0,0.0,0.0,0.0,0.0,0.0,2.0,-1.924,1.924,-96.2,0.995287,False,False,False,1.852936,1000,PARTIAL_PLAYER_COVERAGE,,True,derived from previous_primary_detail; the board predates the qb3_configuration field,1415dd98ba7f701af23d20b9aa63c7e2dd5bd6a924978a650f9b6b47eb55f9bd
2026_01_ATL_PIT,2026-09-13T17:00:00Z,C.Rush,00-0033662,ATL,QB,qb/sacks,qb,PRE_INACTIVES,2026-09-13T15:46:51Z,f67d72ab0701d211,QB,0.133,0.0,0.0,0.0,0.0,0.0,1.0,4.0,-3.867,3.867,-96.675,1.0,False,False,False,3.747515,1000,PARTIAL_PLAYER_COVERAGE,,True,derived from previous_primary_detail; the board predates the qb3_configuration field,1415dd98ba7f701af23d20b9aa63c7e2dd5bd6a924978a650f9b6b47eb55f9bd
2026_01_ATL_PIT,2026-09-13T17:00:00Z,C.Rush,00-0033662,ATL,QB,qb/db,qb,PRE_INACTIVES,2026-09-13T15:46:51Z,f67d72ab0701d211,QB,3.444,2.0,0.0,0.0,2.0,7.0,9.0,26.0,-22.556,22.556,-86.7538,1.0,False,False,False,20.51463,1000,PARTIAL_PLAYER_COVERAGE,,True,derived from previous_primary_detail; the board predates the qb3_configuration field,1415dd98ba7f701af23d20b9aa63c7e2dd5bd6a924978a650f9b6b47eb55f9bd
2026_01_ATL_PIT,2026-09-13T17:00:00Z,Bi.Robinson,00-0038542,ATL,RB,rushing/carries,rushing,PRE_INACTIVES,2026-09-13T15:46:51Z,f67d72ab0701d211,PRIMARY_RUSHER,16.3053,16.5,7.0945,11.7189,16.5,21.2855,26.2327,21.0,-4.6947,4.6947,-22.3557,0.735214,True,True,True,2.819389,1000,PARTIAL_PLAYER_COVERAGE,,False,derived from previous_primary_detail; the board predates the qb3_configuration field,1415dd98ba7f701af23d20b9aa63c7e2dd5bd6a924978a650f9b6b47eb55f9bd
2026_01_ATL_PIT,2026-09-13T17:00:00Z,Bi.Robinson,00-0038542,ATL,RB,receiving/targets,receiving,PRE_INACTIVES,2026-09-13T15:46:51Z,f67d72ab0701d211,SECONDARY_RECEIVER,5.817,6.0,1.0,3.0,6.0,8.0,11.0,10.0,-4.183,4.183,-41.83,0.861079,False,True,True,2.801625,1000,PARTIAL_PLAYER_COVERAGE,,False,derived from previous_primary_detail; the board predates the qb3_configuration field,1415dd98ba7f701af23d20b9aa63c7e2dd5bd6a924978a650f9b6b47eb55f9bd
2026_01_ATL_PIT,2026-09-13T17:00:00Z,Bi.Robinson,00-0038542,ATL,RB,receiving/receptions,receiving,PRE_INACTIVES,2026-09-13T15:46:51Z,f67d72ab0701d211,SECONDARY_RECEIVER,4.43,4.0,1.0,2.0,4.0,6.0,8.0,8.0,-3.57,3.57,-44.625,0.870722,False,True,True,2.410994,1000,PARTIAL_PLAYER_COVERAGE,,False,derived from previous_primary_detail; the board predates the qb3_configuration field,1415dd98ba7f701af23d20b9aa63c7e2dd5bd6a924978a650f9b6b47eb55f9bd
2026_01_ATL_PIT,2026-09-13T17:00:00Z,Bi.Robinson,00-0038542,ATL,RB,receiving/receiving_yards,receiving,PRE_INACTIVES,2026-09-13T15:46:51Z,f67d72ab0701d211,SECONDARY_RECEIVER,38.587,32.0,2.0,14.0,32.0,55.25,82.0,90.0,-51.413,51.413,-57.1256,0.923858,False,False,True,38.348907,1000,PARTIAL_PLAYER_COVERAGE,,False,derived from previous_primary_detail; the board predates the qb3_configuration field,1415dd98ba7f701af23d20b9aa63c7e2dd5bd6a924978a650f9b6b47eb55f9bd
2026_01_ATL_PIT,2026-09-13T17:00:00Z,R.Dowdle,00-0036139,PIT,RB,rushing/carries,rushing,PRE_INACTIVES,2026-09-13T15:46:51Z,f67d72ab0701d211,PRIMARY_RUSHER,7.4085,7.2081,0.0,4.2937,7.2081,10.2279,13.4832,8.0,-0.5915,0.5915,-7.3939,0.57,True,True,True,1.167651,1000,PARTIAL_PLAYER_COVERAGE,,False,derived from previous_primary_detail; the board predates the qb3_configuration field,1415dd98ba7f701af23d20b9aa63c7e2dd5bd6a924978a650f9b6b47eb55f9bd
2026_01_ATL_PIT,2026-09-13T17:00:00Z,R.Dowdle,00-0036139,PIT,RB,receiving/targets,receiving,PRE_INACTIVES,2026-09-13T15:46:51Z,f67d72ab0701d211,SECONDARY_RECEIVER,3.709,3.0,0.0,1.0,3.0,6.0,8.0,5.0,-1.291,1.291,-25.82,0.666302,True,True,True,1.108391,1000,PARTIAL_PLAYER_COVERAGE,,False,derived from previous_primary_detail; the board predates the qb3_configuration field,1415dd98ba7f701af23d20b9aa63c7e2dd5bd6a924978a650f9b6b47eb55f9bd
2026_01_ATL_PIT,2026-09-13T17:00:00Z,R.Dowdle,00-0036139,PIT,RB,receiving/receptions,receiving,PRE_INACTIVES,2026-09-13T15:46:51Z,f67d72ab0701d211,SECONDARY_RECEIVER,2.885,2.0,0.0,1.0,2.0,4.0,6.0,2.0,0.885,0.885,44.25,0.39481,True,True,True,0.649255,1000,PARTIAL_PLAYER_COVERAGE,,False,derived from previous_primary_detail; the board predates the qb3_configuration field,1415dd98ba7f701af23d20b9aa63c7e2dd5bd6a924978a650f9b6b47eb55f9bd
2026_01_ATL_PIT,2026-09-13T17:00:00Z,R.Dowdle,00-0036139,PIT,RB,receiving/receiving_yards,receiving,PRE_INACTIVES,2026-09-13T15:46:51Z,f67d72ab0701d211,SECONDARY_RECEIVER,20.564,15.0,0.0,0.0,15.0,31.0,52.0,6.0,14.564,14.564,242.7333,0.341359,True,True,True,6.435556,1000,PARTIAL_PLAYER_COVERAGE,,False,derived from previous_primary_detail; the board predates the qb3_configuration field,1415dd98ba7f701af23d20b9aa63c7e2dd5bd6a924978a650f9b6b47eb55f9bd
2026_01_ATL_PIT,2026-09-13T17:00:00Z,J.Warren,00-0037228,PIT,RB,rushing/carries,rushing,PRE_INACTIVES,2026-09-13T15:46:51Z,f67d72ab0701d211,SECONDARY_RUSHER,6.8652,6.8843,0.0,3.6699,6.8843,9.9059,13.1046,10.0,-3.1348,3.1348,-31.348,0.756,False,True,True,2.00469,1000,PARTIAL_PLAYER_COVERAGE,,False,derived from previous_primary_detail; the board predates the qb3_configuration field,1415dd98ba7f701af23d20b9aa63c7e2dd5bd6a924978a650f9b6b47eb55f9bd
2026_01_ATL_PIT,2026-09-13T17:00:00Z,J.Warren,00-0037228,PIT,RB,receiving/targets,receiving,PRE_INACTIVES,2026-09-13T15:46:51Z,f67d72ab0701d211,DEPTH_RECEIVER,2.224,2.0,0.0,0.0,2.0,4.0,6.0,6.0,-3.776,3.776,-62.9333,0.905435,False,True,True,2.781582,1000,PARTIAL_PLAYER_COVERAGE,,False,derived from previous_primary_detail; the board predates the qb3_configuration field,1415dd98ba7f701af23d20b9aa63c7e2dd5bd6a924978a650f9b6b47eb55f9bd
2026_01_ATL_PIT,2026-09-13T17:00:00Z,J.Warren,00-0037228,PIT,RB,receiving/receptions,receiving,PRE_INACTIVES,2026-09-13T15:46:51Z,f67d72ab0701d211,DEPTH_RECEIVER,1.845,1.0,0.0,0.0,1.0,3.0,5.0,5.0,-3.155,3.155,-63.1,0.900007,False,True,True,2.350143,1000,PARTIAL_PLAYER_COVERAGE,,False,derived from previous_primary_detail; the board predates the qb3_configuration field,1415dd98ba7f701af23d20b9aa63c7e2dd5bd6a924978a650f9b6b47eb55f9bd
2026_01_ATL_PIT,2026-09-13T17:00:00Z,J.Warren,00-0037228,PIT,RB,receiving/receiving_yards,receiving,PRE_INACTIVES,2026-09-13T15:46:51Z,f67d72ab0701d211,DEPTH_RECEIVER,13.65,7.0,0.0,0.0,7.0,21.0,38.1,27.0,-13.35,13.35,-49.4444,0.812716,False,True,True,11.096486,1000,PARTIAL_PLAYER_COVERAGE,,False,derived from previous_primary_detail; the board predates the qb3_configuration field,1415dd98ba7f701af23d20b9aa63c7e2dd5bd6a924978a650f9b6b47eb55f9bd
2026_01_ATL_PIT,2026-09-13T17:00:00Z,Br.Robinson,00-0037746,ATL,RB,rushing/carries,rushing,PRE_INACTIVES,2026-09-13T15:46:51Z,f67d72ab0701d211,SECONDARY_RUSHER,3.7352,2.5548,0.0,0.0,2.5548,5.6306,8.8086,9.0,-5.2648,5.2648,-58.4974,0.904,False,False,True,4.164508,1000,PARTIAL_PLAYER_COVERAGE,,False,derived from previous_primary_detail; the board predates the qb3_configuration field,1415dd98ba7f701af23d20b9aa63c7e2dd5bd6a924978a650f9b6b47eb55f9bd
2026_01_ATL_PIT,2026-09-13T17:00:00Z,Br.Robinson,00-0037746,ATL,RB,receiving/targets,receiving,PRE_INACTIVES,2026-09-13T15:46:51Z,f67d72ab0701d211,DEPTH_RECEIVER,0.605,0.0,0.0,0.0,0.0,0.0,2.0,0.0,0.605,0.605,,0.161904,True,True,True,0.094281,1000,PARTIAL_PLAYER_COVERAGE,,False,derived from previous_primary_detail; the board predates the qb3_configuration field,1415dd98ba7f701af23d20b9aa63c7e2dd5bd6a924978a650f9b6b47eb55f9bd
2026_01_ATL_PIT,2026-09-13T17:00:00Z,Br.Robinson,00-0037746,ATL,RB,receiving/receptions,receiving,PRE_INACTIVES,2026-09-13T15:46:51Z,f67d72ab0701d211,DEPTH_RECEIVER,0.494,0.0,0.0,0.0,0.0,0.0,2.0,0.0,0.494,0.494,,0.166836,True,True,True,0.069868,1000,PARTIAL_PLAYER_COVERAGE,,False,derived from previous_primary_detail; the board predates the qb3_configuration field,1415dd98ba7f701af23d20b9aa63c7e2dd5bd6a924978a650f9b6b47eb55f9bd
2026_01_ATL_PIT,2026-09-13T17:00:00Z,Br.Robinson,00-0037746,ATL,RB,receiving/receiving_yards,receiving,PRE_INACTIVES,2026-09-13T15:46:51Z,f67d72ab0701d211,DEPTH_RECEIVER,4.406,0.0,0.0,0.0,0.0,0.0,15.0,0.0,4.406,4.406,,0.176479,True,True,True,0.479762,1000,PARTIAL_PLAYER_COVERAGE,,False,derived from previous_primary_detail; the board predates the qb3_configuration field,1415dd98ba7f701af23d20b9aa63c7e2dd5bd6a924978a650f9b6b47eb55f9bd
2026_01_ATL_PIT,2026-09-13T17:00:00Z,D.Metcalf,00-0035640,PIT,WR,receiving/targets,receiving,PRE_INACTIVES,2026-09-13T15:46:51Z,f67d72ab0701d211,PRIMARY_RECEIVER,7.453,7.0,2.0,4.0,7.0,10.0,13.0,10.0,-2.547,2.547,-25.47,0.725295,True,True,True,1.743621,1000,PARTIAL_PLAYER_COVERAGE,,False,derived from previous_primary_detail; the board predates the qb3_configuration field,1415dd98ba7f701af23d20b9aa63c7e2dd5bd6a924978a650f9b6b47eb55f9bd
2026_01_ATL_PIT,2026-09-13T17:00:00Z,D.Metcalf,00-0035640,PIT,WR,receiving/receptions,receiving,PRE_INACTIVES,2026-09-13T15:46:51Z,f67d72ab0701d211,PRIMARY_RECEIVER,4.483,4.0,1.0,2.0,4.0,6.0,8.0,4.0,0.483,0.483,12.075,0.435022,True,True,True,0.693127,1000,PARTIAL_PLAYER_COVERAGE,,False,derived from previous_primary_detail; the board predates the qb3_configuration field,1415dd98ba7f701af23d20b9aa63c7e2dd5bd6a924978a650f9b6b47eb55f9bd
2026_01_ATL_PIT,2026-09-13T17:00:00Z,D.Metcalf,00-0035640,PIT,WR,receiving/receiving_yards,receiving,PRE_INACTIVES,2026-09-13T15:46:51Z,f67d72ab0701d211,PRIMARY_RECEIVER,62.768,56.5,7.0,27.0,56.5,90.0,129.0,40.0,22.768,22.768,56.92,0.357788,True,True,True,13.180024,1000,PARTIAL_PLAYER_COVERAGE,,False,derived from previous_primary_detail; the board predates the qb3_configuration field,1415dd98ba7f701af23d20b9aa63c7e2dd5bd6a924978a650f9b6b47eb55f9bd
2026_01_ATL_PIT,2026-09-13T17:00:00Z,M.Pittman,00-0036252,PIT,WR,receiving/targets,receiving,PRE_INACTIVES,2026-09-13T15:46:51Z,f67d72ab0701d211,SECONDARY_RECEIVER,5.823,5.5,1.0,3.0,5.5,8.0,11.0,3.0,2.823,2.823,94.1,0.227873,True,True,True,1.480887,1000,PARTIAL_PLAYER_COVERAGE,,False,derived from previous_primary_detail; the board predates the qb3_configuration field,1415dd98ba7f701af23d20b9aa63c7e2dd5bd6a924978a650f9b6b47eb55f9bd
2026_01_ATL_PIT,2026-09-13T17:00:00Z,M.Pittman,00-0036252,PIT,WR,receiving/receptions,receiving,PRE_INACTIVES,2026-09-13T15:46:51Z,f67d72ab0701d211,SECONDARY_RECEIVER,3.912,3.0,0.0,2.0,3.0,6.0,8.0,3.0,0.912,0.912,30.4,0.38788,True,True,True,0.709902,1000,PARTIAL_PLAYER_COVERAGE,,False,derived from previous_primary_detail; the board predates the qb3_configuration field,1415dd98ba7f701af23d20b9aa63c7e2dd5bd6a924978a650f9b6b47eb55f9bd
2026_01_ATL_PIT,2026-09-13T17:00:00Z,M.Pittman,00-0036252,PIT,WR,receiving/receiving_yards,receiving,PRE_INACTIVES,2026-09-13T15:46:51Z,f67d72ab0701d211,SECONDARY_RECEIVER,43.823,37.0,0.0,16.0,37.0,62.0,95.0,58.0,-14.177,14.177,-24.4431,0.71493,True,True,True,12.873237,1000,PARTIAL_PLAYER_COVERAGE,,False,derived from previous_primary_detail; the board predates the qb3_configuration field,1415dd98ba7f701af23d20b9aa63c7e2dd5bd6a924978a650f9b6b47eb55f9bd
2026_01_ATL_PIT,2026-09-13T17:00:00Z,D.London,00-0037238,ATL,WR,receiving/targets,receiving,PRE_INACTIVES,2026-09-13T15:46:51Z,f67d72ab0701d211,PRIMARY_RECEIVER,7.192,7.0,0.0,4.0,7.0,10.0,13.0,4.0,3.192,3.192,79.8,0.212083,True,True,True,1.838756,1000,PARTIAL_PLAYER_COVERAGE,,False,derived from previous_primary_detail; the board predates the qb3_configuration field,1415dd98ba7f701af23d20b9aa63c7e2dd5bd6a924978a650f9b6b47eb55f9bd
2026_01_ATL_PIT,2026-09-13T17:00:00Z,D.London,00-0037238,ATL,WR,receiving/receptions,receiving,PRE_INACTIVES,2026-09-13T15:46:51Z,f67d72ab0701d211,PRIMARY_RECEIVER,4.487,4.0,0.0,2.0,4.0,6.0,9.0,2.0,2.487,2.487,124.35,0.198372,True,True,True,1.352547,1000,PARTIAL_PLAYER_COVERAGE,,False,derived from previous_primary_detail; the board predates the qb3_configuration field,1415dd98ba7f701af23d20b9aa63c7e2dd5bd6a924978a650f9b6b47eb55f9bd
2026_01_ATL_PIT,2026-09-13T17:00:00Z,D.London,00-0037238,ATL,WR,receiving/receiving_yards,receiving,PRE_INACTIVES,2026-09-13T15:46:51Z,f67d72ab0701d211,PRIMARY_RECEIVER,57.436,50.0,0.0,25.0,50.0,80.0,119.0,29.0,28.436,28.436,98.0552,0.284716,True,True,True,14.497036,1000,PARTIAL_PLAYER_COVERAGE,,False,derived from previous_primary_detail; the board predates the qb3_configuration field,1415dd98ba7f701af23d20b9aa63c7e2dd5bd6a924978a650f9b6b47eb55f9bd
2026_01_ATL_PIT,2026-09-13T17:00:00Z,R.Wilson,00-0039739,PIT,WR,receiving/targets,receiving,PRE_INACTIVES,2026-09-13T15:46:51Z,f67d72ab0701d211,DEPTH_RECEIVER,1.57,0.0,0.0,0.0,0.0,3.0,5.0,6.0,-4.43,4.43,-73.8333,0.92379,False,False,True,3.615434,1000,PARTIAL_PLAYER_COVERAGE,,False,derived from previous_primary_detail; the board predates the qb3_configuration field,1415dd98ba7f701af23d20b9aa63c7e2dd5bd6a924978a650f9b6b47eb55f9bd
2026_01_ATL_PIT,2026-09-13T17:00:00Z,R.Wilson,00-0039739,PIT,WR,receiving/receptions,receiving,PRE_INACTIVES,2026-09-13T15:46:51Z,f67d72ab0701d211,DEPTH_RECEIVER,0.921,0.0,0.0,0.0,0.0,1.0,3.0,3.0,-2.079,2.079,-69.3,0.878438,False,True,True,1.738735,1000,PARTIAL_PLAYER_COVERAGE,,False,derived from previous_primary_detail; the board predates the qb3_configuration field,1415dd98ba7f701af23d20b9aa63c7e2dd5bd6a924978a650f9b6b47eb55f9bd
2026_01_ATL_PIT,2026-09-13T17:00:00Z,R.Wilson,00-0039739,PIT,WR,receiving/receiving_yards,receiving,PRE_INACTIVES,2026-09-13T15:46:51Z,f67d72ab0701d211,DEPTH_RECEIVER,12.58,0.0,0.0,0.0,0.0,14.0,46.1,26.0,-13.42,13.42,-51.6154,0.827643,False,True,True,14.583278,1000,PARTIAL_PLAYER_COVERAGE,,False,derived from previous_primary_detail; the board predates the qb3_configuration field,1415dd98ba7f701af23d20b9aa63c7e2dd5bd6a924978a650f9b6b47eb55f9bd
2026_01_ATL_PIT,2026-09-13T17:00:00Z,J.Dotson,00-0037741,ATL,WR,receiving/targets,receiving,PRE_INACTIVES,2026-09-13T15:46:51Z,f67d72ab0701d211,DEPTH_RECEIVER,2.724,2.0,0.0,0.0,2.0,4.0,6.0,3.0,-0.276,0.276,-9.2,0.582519,True,True,True,0.760002,1000,PARTIAL_PLAYER_COVERAGE,,False,derived from previous_primary_detail; the board predates the qb3_configuration field,1415dd98ba7f701af23d20b9aa63c7e2dd5bd6a924978a650f9b6b47eb55f9bd
2026_01_ATL_PIT,2026-09-13T17:00:00Z,J.Dotson,00-0037741,ATL,WR,receiving/receptions,receiving,PRE_INACTIVES,2026-09-13T15:46:51Z,f67d72ab0701d211,DEPTH_RECEIVER,1.578,1.0,0.0,0.0,1.0,2.0,4.0,1.0,0.578,0.578,57.8,0.431387,True,True,True,0.41668,1000,PARTIAL_PLAYER_COVERAGE,,False,derived from previous_primary_detail; the board predates the qb3_configuration field,1415dd98ba7f701af23d20b9aa63c7e2dd5bd6a924978a650f9b6b47eb55f9bd
2026_01_ATL_PIT,2026-09-13T17:00:00Z,J.Dotson,00-0037741,ATL,WR,receiving/receiving_yards,receiving,PRE_INACTIVES,2026-09-13T15:46:51Z,f67d72ab0701d211,DEPTH_RECEIVER,20.477,10.0,0.0,0.0,10.0,33.0,57.0,19.0,1.477,1.477,7.7737,0.618217,True,True,True,6.862187,1000,PARTIAL_PLAYER_COVERAGE,,False,derived from previous_primary_detail; the board predates the qb3_configuration field,1415dd98ba7f701af23d20b9aa63c7e2dd5bd6a924978a650f9b6b47eb55f9bd
2026_01_ATL_PIT,2026-09-13T17:00:00Z,O.Zaccheaus,00-0035208,ATL,WR,receiving/targets,receiving,PRE_INACTIVES,2026-09-13T15:46:51Z,f67d72ab0701d211,DEPTH_RECEIVER,1.284,0.0,0.0,0.0,0.0,2.0,5.0,1.0,0.284,0.284,28.4,0.653869,True,True,True,0.572088,1000,PARTIAL_PLAYER_COVERAGE,,False,derived from previous_primary_detail; the board predates the qb3_configuration field,1415dd98ba7f701af23d20b9aa63c7e2dd5bd6a924978a650f9b6b47eb55f9bd
2026_01_ATL_PIT,2026-09-13T17:00:00Z,O.Zaccheaus,00-0035208,ATL,WR,receiving/receptions,receiving,PRE_INACTIVES,2026-09-13T15:46:51Z,f67d72ab0701d211,DEPTH_RECEIVER,0.788,0.0,0.0,0.0,0.0,1.0,3.0,1.0,-0.212,0.212,-21.2,0.705661,True,True,True,0.525156,1000,PARTIAL_PLAYER_COVERAGE,,False,derived from previous_primary_detail; the board predates the qb3_configuration field,1415dd98ba7f701af23d20b9aa63c7e2dd5bd6a924978a650f9b6b47eb55f9bd
2026_01_ATL_PIT,2026-09-13T17:00:00Z,O.Zaccheaus,00-0035208,ATL,WR,receiving/receiving_yards,receiving,PRE_INACTIVES,2026-09-13T15:46:51Z,f67d72ab0701d211,DEPTH_RECEIVER,9.348,0.0,0.0,0.0,0.0,10.0,34.1,5.0,4.348,4.348,86.96,0.70093,True,True,True,3.545284,1000,PARTIAL_PLAYER_COVERAGE,,False,derived from previous_primary_detail; the board predates the qb3_configuration field,1415dd98ba7f701af23d20b9aa63c7e2dd5bd6a924978a650f9b6b47eb55f9bd
2026_01_ATL_PIT,2026-09-13T17:00:00Z,K.Pitts,00-0036970,ATL,TE,receiving/targets,receiving,PRE_INACTIVES,2026-09-13T15:46:51Z,f67d72ab0701d211,SECONDARY_RECEIVER,6.928,7.0,3.0,4.0,7.0,9.0,12.0,1.0,5.928,5.928,592.8,0.035002,False,False,False,3.99701,1000,PARTIAL_PLAYER_COVERAGE,,False,derived from previous_primary_detail; the board predates the qb3_configuration field,1415dd98ba7f701af23d20b9aa63c7e2dd5bd6a924978a650f9b6b47eb55f9bd
2026_01_ATL_PIT,2026-09-13T17:00:00Z,K.Pitts,00-0036970,ATL,TE,receiving/receptions,receiving,PRE_INACTIVES,2026-09-13T15:46:51Z,f67d72ab0701d211,SECONDARY_RECEIVER,4.413,4.0,1.0,3.0,4.0,6.0,8.0,0.0,4.413,4.413,,0.010293,False,False,False,2.973915,1000,PARTIAL_PLAYER_COVERAGE,,False,derived from previous_primary_detail; the board predates the qb3_configuration field,1415dd98ba7f701af23d20b9aa63c7e2dd5bd6a924978a650f9b6b47eb55f9bd
2026_01_ATL_PIT,2026-09-13T17:00:00Z,K.Pitts,00-0036970,ATL,TE,receiving/receiving_yards,receiving,PRE_INACTIVES,2026-09-13T15:46:51Z,f67d72ab0701d211,SECONDARY_RECEIVER,55.447,49.0,11.0,26.0,49.0,77.0,107.0,0.0,55.447,55.447,,0.010293,False,False,False,34.155549,1000,PARTIAL_PLAYER_COVERAGE,,False,derived from previous_primary_detail; the board predates the qb3_configuration field,1415dd98ba7f701af23d20b9aa63c7e2dd5bd6a924978a650f9b6b47eb55f9bd
2026_01_ATL_PIT,2026-09-13T17:00:00Z,P.Freiermuth,00-0036894,PIT,TE,receiving/targets,receiving,PRE_INACTIVES,2026-09-13T15:46:51Z,f67d72ab0701d211,DEPTH_RECEIVER,3.535,3.0,0.0,1.0,3.0,5.0,8.0,5.0,-1.465,1.465,-29.3,0.700442,True,True,True,1.210611,1000,PARTIAL_PLAYER_COVERAGE,,False,derived from previous_primary_detail; the board predates the qb3_configuration field,1415dd98ba7f701af23d20b9aa63c7e2dd5bd6a924978a650f9b6b47eb55f9bd
2026_01_ATL_PIT,2026-09-13T17:00:00Z,P.Freiermuth,00-0036894,PIT,TE,receiving/receptions,receiving,PRE_INACTIVES,2026-09-13T15:46:51Z,f67d72ab0701d211,DEPTH_RECEIVER,2.596,2.0,0.0,1.0,2.0,4.0,6.0,5.0,-2.404,2.404,-48.08,0.814797,False,True,True,1.699174,1000,PARTIAL_PLAYER_COVERAGE,,False,derived from previous_primary_detail; the board predates the qb3_configuration field,1415dd98ba7f701af23d20b9aa63c7e2dd5bd6a924978a650f9b6b47eb55f9bd
2026_01_ATL_PIT,2026-09-13T17:00:00Z,P.Freiermuth,00-0036894,PIT,TE,receiving/receiving_yards,receiving,PRE_INACTIVES,2026-09-13T15:46:51Z,f67d72ab0701d211,DEPTH_RECEIVER,25.831,19.0,0.0,2.0,19.0,39.0,64.0,46.0,-20.169,20.169,-43.8457,0.800643,False,True,True,15.451239,1000,PARTIAL_PLAYER_COVERAGE,,False,derived from previous_primary_detail; the board predates the qb3_configuration field,1415dd98ba7f701af23d20b9aa63c7e2dd5bd6a924978a650f9b6b47eb55f9bd
2026_01_ATL_PIT,2026-09-13T17:00:00Z,D.Washington,00-0038558,PIT,TE,receiving/targets,receiving,PRE_INACTIVES,2026-09-13T15:46:51Z,f67d72ab0701d211,DEPTH_RECEIVER,1.812,0.0,0.0,0.0,0.0,3.0,5.0,2.0,-0.188,0.188,-9.4,0.614088,True,True,True,0.794398,1000,PARTIAL_PLAYER_COVERAGE,,False,derived from previous_primary_detail; the board predates the qb3_configuration field,1415dd98ba7f701af23d20b9aa63c7e2dd5bd6a924978a650f9b6b47eb55f9bd
2026_01_ATL_PIT,2026-09-13T17:00:00Z,D.Washington,00-0038558,PIT,TE,receiving/receptions,receiving,PRE_INACTIVES,2026-09-13T15:46:51Z,f67d72ab0701d211,DEPTH_RECEIVER,1.302,0.0,0.0,0.0,0.0,2.0,4.0,2.0,-0.698,0.698,-34.9,0.692232,True,True,True,0.81991,1000,PARTIAL_PLAYER_COVERAGE,,False,derived from previous_primary_detail; the board predates the qb3_configuration field,1415dd98ba7f701af23d20b9aa63c7e2dd5bd6a924978a650f9b6b47eb55f9bd
2026_01_ATL_PIT,2026-09-13T17:00:00Z,D.Washington,00-0038558,PIT,TE,receiving/receiving_yards,receiving,PRE_INACTIVES,2026-09-13T15:46:51Z,f67d72ab0701d211,DEPTH_RECEIVER,14.323,0.0,0.0,0.0,0.0,22.0,47.0,18.0,-3.677,3.677,-20.4278,0.717573,True,True,True,8.258977,1000,PARTIAL_PLAYER_COVERAGE,,False,derived from previous_primary_detail; the board predates the qb3_configuration field,1415dd98ba7f701af23d20b9aa63c7e2dd5bd6a924978a650f9b6b47eb55f9bd
2026_01_BAL_IND,2026-09-13T17:00:00Z,L.Jackson,00-0034796,BAL,QB,qb/att,qb,PRE_INACTIVES,2026-09-13T15:46:51Z,bee85f326a3fde5c,QB,27.611,29.0,15.0,23.0,29.0,34.0,39.0,25.0,2.611,2.611,10.444,0.306007,True,True,True,2.733161,1000,PARTIAL_PLAYER_COVERAGE,,True,derived from previous_primary_detail; the board predates the qb3_configuration field,1415dd98ba7f701af23d20b9aa63c7e2dd5bd6a924978a650f9b6b47eb55f9bd
2026_01_BAL_IND,2026-09-13T17:00:00Z,L.Jackson,00-0034796,BAL,QB,qb/cmp,qb,PRE_INACTIVES,2026-09-13T15:46:51Z,bee85f326a3fde5c,QB,18.014,19.0,8.0,14.0,19.0,23.0,26.0,17.0,1.014,1.014,5.9647,0.364365,True,True,True,1.70189,1000,PARTIAL_PLAYER_COVERAGE,,True,derived from previous_primary_detail; the board predates the qb3_configuration field,1415dd98ba7f701af23d20b9aa63c7e2dd5bd6a924978a650f9b6b47eb55f9bd
2026_01_BAL_IND,2026-09-13T17:00:00Z,L.Jackson,00-0034796,BAL,QB,qb/pyds,qb,PRE_INACTIVES,2026-09-13T15:46:51Z,bee85f326a3fde5c,QB,215.9886,219.0,90.9933,159.0357,219.0,277.0,337.67,324.0,-108.0114,108.0114,-33.3369,0.872214,False,True,True,66.533962,1000,PARTIAL_PLAYER_COVERAGE,,True,derived from previous_primary_detail; the board predates the qb3_configuration field,1415dd98ba7f701af23d20b9aa63c7e2dd5bd6a924978a650f9b6b47eb55f9bd
2026_01_BAL_IND,2026-09-13T17:00:00Z,L.Jackson,00-0034796,BAL,QB,qb/ptd,qb,PRE_INACTIVES,2026-09-13T15:46:51Z,bee85f326a3fde5c,QB,1.266,1.0,0.0,0.0,1.0,2.0,3.0,1.0,0.266,0.266,26.6,0.378908,True,True,True,0.250668,1000,PARTIAL_PLAYER_COVERAGE,,True,derived from previous_primary_detail; the board predates the qb3_configuration field,1415dd98ba7f701af23d20b9aa63c7e2dd5bd6a924978a650f9b6b47eb55f9bd
2026_01_BAL_IND,2026-09-13T17:00:00Z,L.Jackson,00-0034796,BAL,QB,qb/int,qb,PRE_INACTIVES,2026-09-13T15:46:51Z,bee85f326a3fde5c,QB,0.586,0.0,0.0,0.0,0.0,1.0,2.0,0.0,0.586,0.586,,0.12116,True,True,True,0.205316,1000,PARTIAL_PLAYER_COVERAGE,,True,derived from previous_primary_detail; the board predates the qb3_configuration field,1415dd98ba7f701af23d20b9aa63c7e2dd5bd6a924978a650f9b6b47eb55f9bd
2026_01_BAL_IND,2026-09-13T17:00:00Z,L.Jackson,00-0034796,BAL,QB,qb/sacks,qb,PRE_INACTIVES,2026-09-13T15:46:51Z,bee85f326a3fde5c,QB,2.334,2.0,0.0,1.0,2.0,3.0,5.0,2.0,0.334,0.334,16.7,0.390751,True,True,True,0.383604,1000,PARTIAL_PLAYER_COVERAGE,,True,derived from previous_primary_detail; the board predates the qb3_configuration field,1415dd98ba7f701af23d20b9aa63c7e2dd5bd6a924978a650f9b6b47eb55f9bd
2026_01_BAL_IND,2026-09-13T17:00:00Z,L.Jackson,00-0034796,BAL,QB,qb/db,qb,PRE_INACTIVES,2026-09-13T15:46:51Z,bee85f326a3fde5c,QB,33.029,34.0,18.0,28.0,34.0,41.0,46.0,30.0,3.029,3.029,10.0967,0.30879,True,True,True,3.191681,1000,PARTIAL_PLAYER_COVERAGE,,True,derived from previous_primary_detail; the board predates the qb3_configuration field,1415dd98ba7f701af23d20b9aa63c7e2dd5bd6a924978a650f9b6b47eb55f9bd
2026_01_BAL_IND,2026-09-13T17:00:00Z,D.Jones,00-0035710,IND,QB,qb/att,qb,PRE_INACTIVES,2026-09-13T15:46:51Z,bee85f326a3fde5c,QB,12.882,9.0,0.0,0.0,9.0,25.0,32.0,31.0,-18.118,18.118,-58.4452,0.884431,False,True,True,11.834184,1000,PARTIAL_PLAYER_COVERAGE,,True,derived from previous_primary_detail; the board predates the qb3_configuration field,1415dd98ba7f701af23d20b9aa63c7e2dd5bd6a924978a650f9b6b47eb55f9bd
2026_01_BAL_IND,2026-09-13T17:00:00Z,D.Jones,00-0035710,IND,QB,qb/cmp,qb,PRE_INACTIVES,2026-09-13T15:46:51Z,bee85f326a3fde5c,QB,7.903,5.0,0.0,0.0,5.0,15.0,20.0,19.0,-11.097,11.097,-58.4053,0.85979,False,True,True,7.410843,1000,PARTIAL_PLAYER_COVERAGE,,True,derived from previous_primary_detail; the board predates the qb3_configuration field,1415dd98ba7f701af23d20b9aa63c7e2dd5bd6a924978a650f9b6b47eb55f9bd
2026_01_BAL_IND,2026-09-13T17:00:00Z,D.Jones,00-0035710,IND,QB,qb/pyds,qb,PRE_INACTIVES,2026-09-13T15:46:51Z,bee85f326a3fde5c,QB,91.9856,60.4118,0.0,0.0,60.4118,170.25,242.4148,166.0,-74.0144,74.0144,-44.587,0.736214,True,True,True,55.466274,1000,PARTIAL_PLAYER_COVERAGE,,True,derived from previous_primary_detail; the board predates the qb3_configuration field,1415dd98ba7f701af23d20b9aa63c7e2dd5bd6a924978a650f9b6b47eb55f9bd
2026_01_BAL_IND,2026-09-13T17:00:00Z,D.Jones,00-0035710,IND,QB,qb/ptd,qb,PRE_INACTIVES,2026-09-13T15:46:51Z,bee85f326a3fde5c,QB,0.549,0.0,0.0,0.0,0.0,1.0,2.0,1.0,-0.451,0.451,-45.1,0.711171,True,True,True,0.478383,1000,PARTIAL_PLAYER_COVERAGE,,True,derived from previous_primary_detail; the board predates the qb3_configuration field,1415dd98ba7f701af23d20b9aa63c7e2dd5bd6a924978a650f9b6b47eb55f9bd
2026_01_BAL_IND,2026-09-13T17:00:00Z,D.Jones,00-0035710,IND,QB,qb/int,qb,PRE_INACTIVES,2026-09-13T15:46:51Z,bee85f326a3fde5c,QB,0.261,0.0,0.0,0.0,0.0,0.0,1.0,1.0,-0.739,0.739,-73.9,0.827812,False,True,True,0.629047,1000,PARTIAL_PLAYER_COVERAGE,,True,derived from previous_primary_detail; the board predates the qb3_configuration field,1415dd98ba7f701af23d20b9aa63c7e2dd5bd6a924978a650f9b6b47eb55f9bd
2026_01_BAL_IND,2026-09-13T17:00:00Z,D.Jones,00-0035710,IND,QB,qb/sacks,qb,PRE_INACTIVES,2026-09-13T15:46:51Z,bee85f326a3fde5c,QB,1.137,0.0,0.0,0.0,0.0,2.0,3.0,2.0,-0.863,0.863,-43.15,0.704663,True,True,True,0.792481,1000,PARTIAL_PLAYER_COVERAGE,,True,derived from previous_primary_detail; the board predates the qb3_configuration field,1415dd98ba7f701af23d20b9aa63c7e2dd5bd6a924978a650f9b6b47eb55f9bd
2026_01_BAL_IND,2026-09-13T17:00:00Z,D.Jones,00-0035710,IND,QB,qb/db,qb,PRE_INACTIVES,2026-09-13T15:46:51Z,bee85f326a3fde5c,QB,14.939,10.0,0.0,0.0,10.0,29.0,37.0,34.0,-19.061,19.061,-56.0618,0.850074,False,True,True,12.196683,1000,PARTIAL_PLAYER_COVERAGE,,True,derived from previous_primary_detail; the board predates the qb3_configuration field,1415dd98ba7f701af23d20b9aa63c7e2dd5bd6a924978a650f9b6b47eb55f9bd
2026_01_BAL_IND,2026-09-13T17:00:00Z,D.Henry,00-0032764,BAL,RB,rushing/carries,rushing,PRE_INACTIVES,2026-09-13T15:46:51Z,bee85f326a3fde5c,PRIMARY_RUSHER,13.2823,12.9845,5.8923,9.0244,12.9845,17.1203,21.6204,24.0,-10.7177,10.7177,-44.657,0.945,False,False,True,7.62085,1000,PARTIAL_PLAYER_COVERAGE,,False,derived from previous_primary_detail; the board predates the qb3_configuration field,1415dd98ba7f701af23d20b9aa63c7e2dd5bd6a924978a650f9b6b47eb55f9bd
2026_01_BAL_IND,2026-09-13T17:00:00Z,D.Henry,00-0032764,BAL,RB,receiving/targets,receiving,PRE_INACTIVES,2026-09-13T15:46:51Z,bee85f326a3fde5c,DEPTH_RECEIVER,1.299,1.0,0.0,0.0,1.0,2.0,4.0,1.0,0.299,0.299,29.9,0.52746,True,True,True,0.394365,1000,PARTIAL_PLAYER_COVERAGE,,False,derived from previous_primary_detail; the board predates the qb3_configuration field,1415dd98ba7f701af23d20b9aa63c7e2dd5bd6a924978a650f9b6b47eb55f9bd
2026_01_BAL_IND,2026-09-13T17:00:00Z,D.Henry,00-0032764,BAL,RB,receiving/receptions,receiving,PRE_INACTIVES,2026-09-13T15:46:51Z,bee85f326a3fde5c,DEPTH_RECEIVER,0.996,0.0,0.0,0.0,0.0,1.0,3.0,1.0,-0.004,0.004,-0.4,0.579035,True,True,True,0.369426,1000,PARTIAL_PLAYER_COVERAGE,,False,derived from previous_primary_detail; the board predates the qb3_configuration field,1415dd98ba7f701af23d20b9aa63c7e2dd5bd6a924978a650f9b6b47eb55f9bd
2026_01_BAL_IND,2026-09-13T17:00:00Z,D.Henry,00-0032764,BAL,RB,receiving/receiving_yards,receiving,PRE_INACTIVES,2026-09-13T15:46:51Z,bee85f326a3fde5c,DEPTH_RECEIVER,9.203,0.0,0.0,0.0,0.0,13.0,29.0,19.0,-9.797,9.797,-51.5632,0.820359,False,True,True,9.481237,1000,PARTIAL_PLAYER_COVERAGE,,False,derived from previous_primary_detail; the board predates the qb3_configuration field,1415dd98ba7f701af23d20b9aa63c7e2dd5bd6a924978a650f9b6b47eb55f9bd
2026_01_BAL_IND,2026-09-13T17:00:00Z,J.Taylor,00-0036223,IND,RB,rushing/carries,rushing,PRE_INACTIVES,2026-09-13T15:46:51Z,bee85f326a3fde5c,PRIMARY_RUSHER,13.4524,12.9734,5.6868,9.4829,12.9734,17.6382,22.108,19.0,-5.5476,5.5476,-29.1979,0.804,False,True,True,3.466967,1000,PARTIAL_PLAYER_COVERAGE,,False,derived from previous_primary_detail; the board predates the qb3_configuration field,1415dd98ba7f701af23d20b9aa63c7e2dd5bd6a924978a650f9b6b47eb55f9bd
2026_01_BAL_IND,2026-09-13T17:00:00Z,J.Taylor,00-0036223,IND,RB,receiving/targets,receiving,PRE_INACTIVES,2026-09-13T15:46:51Z,bee85f326a3fde5c,DEPTH_RECEIVER,2.773,2.0,0.0,1.0,2.0,4.0,6.0,4.0,-1.227,1.227,-30.675,0.707801,True,True,True,0.982435,1000,PARTIAL_PLAYER_COVERAGE,,False,derived from previous_primary_detail; the board predates the qb3_configuration field,1415dd98ba7f701af23d20b9aa63c7e2dd5bd6a924978a650f9b6b47eb55f9bd
2026_01_BAL_IND,2026-09-13T17:00:00Z,J.Taylor,00-0036223,IND,RB,receiving/receptions,receiving,PRE_INACTIVES,2026-09-13T15:46:51Z,bee85f326a3fde5c,DEPTH_RECEIVER,2.162,2.0,0.0,1.0,2.0,3.0,5.0,3.0,-0.838,0.838,-27.9333,0.677523,True,True,True,0.724638,1000,PARTIAL_PLAYER_COVERAGE,,False,derived from previous_primary_detail; the board predates the qb3_configuration field,1415dd98ba7f701af23d20b9aa63c7e2dd5bd6a924978a650f9b6b47eb55f9bd
2026_01_BAL_IND,2026-09-13T17:00:00Z,J.Taylor,00-0036223,IND,RB,receiving/receiving_yards,receiving,PRE_INACTIVES,2026-09-13T15:46:51Z,bee85f326a3fde5c,DEPTH_RECEIVER,18.096,10.0,0.0,0.0,10.0,26.0,48.0,23.0,-4.904,4.904,-21.3217,0.709573,True,True,True,7.149592,1000,PARTIAL_PLAYER_COVERAGE,,False,derived from previous_primary_detail; the board predates the qb3_configuration field,1415dd98ba7f701af23d20b9aa63c7e2dd5bd6a924978a650f9b6b47eb55f9bd
2026_01_BAL_IND,2026-09-13T17:00:00Z,S.McGowan,00-0041125,IND,RB,rushing/carries,rushing,PRE_INACTIVES,2026-09-13T15:46:51Z,bee85f326a3fde5c,SECONDARY_RUSHER,3.2582,2.4004,0.0,1.0113,2.4004,4.1517,6.92,0.0,3.2582,3.2582,,0.033239,False,True,True,1.551122,1000,PARTIAL_PLAYER_COVERAGE,,False,derived from previous_primary_detail; the board predates the qb3_configuration field,1415dd98ba7f701af23d20b9aa63c7e2dd5bd6a924978a650f9b6b47eb55f9bd
2026_01_BAL_IND,2026-09-13T17:00:00Z,S.McGowan,00-0041125,IND,RB,receiving/targets,receiving,PRE_INACTIVES,2026-09-13T15:46:51Z,bee85f326a3fde5c,DEPTH_RECEIVER,1.192,0.0,0.0,0.0,0.0,2.0,4.0,1.0,0.192,0.192,19.2,0.55853,True,True,True,0.40327,1000,PARTIAL_PLAYER_COVERAGE,,False,derived from previous_primary_detail; the board predates the qb3_configuration field,1415dd98ba7f701af23d20b9aa63c7e2dd5bd6a924978a650f9b6b47eb55f9bd
2026_01_BAL_IND,2026-09-13T17:00:00Z,S.McGowan,00-0041125,IND,RB,receiving/receptions,receiving,PRE_INACTIVES,2026-09-13T15:46:51Z,bee85f326a3fde5c,DEPTH_RECEIVER,0.911,0.0,0.0,0.0,0.0,1.0,3.0,1.0,-0.089,0.089,-8.9,0.613245,True,True,True,0.400629,1000,PARTIAL_PLAYER_COVERAGE,,False,derived from previous_primary_detail; the board predates the qb3_configuration field,1415dd98ba7f701af23d20b9aa63c7e2dd5bd6a924978a650f9b6b47eb55f9bd
2026_01_BAL_IND,2026-09-13T17:00:00Z,S.McGowan,00-0041125,IND,RB,receiving/receiving_yards,receiving,PRE_INACTIVES,2026-09-13T15:46:51Z,bee85f326a3fde5c,DEPTH_RECEIVER,7.051,0.0,0.0,0.0,0.0,9.0,23.1,0.0,7.051,7.051,,0.143162,True,True,True,1.545387,1000,PARTIAL_PLAYER_COVERAGE,,False,derived from previous_primary_detail; the board predates the qb3_configuration field,1415dd98ba7f701af23d20b9aa63c7e2dd5bd6a924978a650f9b6b47eb55f9bd
2026_01_BAL_IND,2026-09-13T17:00:00Z,J.Hill,00-0034975,BAL,RB,rushing/carries,rushing,PRE_INACTIVES,2026-09-13T15:46:51Z,bee85f326a3fde5c,SECONDARY_RUSHER,1.7002,0.7836,0.0,0.0,0.7836,2.3486,4.6468,6.0,-4.2998,4.2998,-71.6638,0.937,False,False,True,3.557842,1000,PARTIAL_PLAYER_COVERAGE,,False,derived from previous_primary_detail; the board predates the qb3_configuration field,1415dd98ba7f701af23d20b9aa63c7e2dd5bd6a924978a650f9b6b47eb55f9bd
2026_01_BAL_IND,2026-09-13T17:00:00Z,J.Hill,00-0034975,BAL,RB,receiving/targets,receiving,PRE_INACTIVES,2026-09-13T15:46:51Z,bee85f326a3fde5c,SECONDARY_RECEIVER,2.235,2.0,0.0,0.0,2.0,3.0,5.0,1.0,1.235,1.235,123.5,0.302672,True,True,True,0.601739,1000,PARTIAL_PLAYER_COVERAGE,,False,derived from previous_primary_detail; the board predates the qb3_configuration field,1415dd98ba7f701af23d20b9aa63c7e2dd5bd6a924978a650f9b6b47eb55f9bd
2026_01_BAL_IND,2026-09-13T17:00:00Z,J.Hill,00-0034975,BAL,RB,receiving/receptions,receiving,PRE_INACTIVES,2026-09-13T15:46:51Z,bee85f326a3fde5c,SECONDARY_RECEIVER,1.799,1.0,0.0,0.0,1.0,3.0,4.0,1.0,0.799,0.799,79.9,0.356177,True,True,True,0.441899,1000,PARTIAL_PLAYER_COVERAGE,,False,derived from previous_primary_detail; the board predates the qb3_configuration field,1415dd98ba7f701af23d20b9aa63c7e2dd5bd6a924978a650f9b6b47eb55f9bd
2026_01_BAL_IND,2026-09-13T17:00:00Z,J.Hill,00-0034975,BAL,RB,receiving/receiving_yards,receiving,PRE_INACTIVES,2026-09-13T15:46:51Z,bee85f326a3fde5c,SECONDARY_RECEIVER,13.744,8.0,0.0,0.0,8.0,22.0,37.0,10.0,3.744,3.744,37.44,0.545217,True,True,True,3.941838,1000,PARTIAL_PLAYER_COVERAGE,,False,derived from previous_primary_detail; the board predates the qb3_configuration field,1415dd98ba7f701af23d20b9aa63c7e2dd5bd6a924978a650f9b6b47eb55f9bd
2026_01_BAL_IND,2026-09-13T17:00:00Z,Z.Flowers,00-0039064,BAL,WR,receiving/targets,receiving,PRE_INACTIVES,2026-09-13T15:46:51Z,bee85f326a3fde5c,PRIMARY_RECEIVER,8.912,8.0,4.0,6.0,8.0,12.0,14.0,6.0,2.912,2.912,48.5333,0.234514,True,True,True,1.59723,1000,PARTIAL_PLAYER_COVERAGE,,False,derived from previous_primary_detail; the board predates the qb3_configuration field,1415dd98ba7f701af23d20b9aa63c7e2dd5bd6a924978a650f9b6b47eb55f9bd
2026_01_BAL_IND,2026-09-13T17:00:00Z,Z.Flowers,00-0039064,BAL,WR,receiving/receptions,receiving,PRE_INACTIVES,2026-09-13T15:46:51Z,bee85f326a3fde5c,PRIMARY_RECEIVER,6.181,6.0,2.0,4.0,6.0,8.0,11.0,5.0,1.181,1.181,23.62,0.351162,True,True,True,0.854323,1000,PARTIAL_PLAYER_COVERAGE,,False,derived from previous_primary_detail; the board predates the qb3_configuration field,1415dd98ba7f701af23d20b9aa63c7e2dd5bd6a924978a650f9b6b47eb55f9bd
2026_01_BAL_IND,2026-09-13T17:00:00Z,Z.Flowers,00-0039064,BAL,WR,receiving/receiving_yards,receiving,PRE_INACTIVES,2026-09-13T15:46:51Z,bee85f326a3fde5c,PRIMARY_RECEIVER,82.829,75.0,20.0,45.0,75.0,112.0,157.0,150.0,-67.171,67.171,-44.7807,0.882858,False,True,True,46.740943,1000,PARTIAL_PLAYER_COVERAGE,,False,derived from previous_primary_detail; the board predates the qb3_configuration field,1415dd98ba7f701af23d20b9aa63c7e2dd5bd6a924978a650f9b6b47eb55f9bd
2026_01_BAL_IND,2026-09-13T17:00:00Z,K.Allen,00-0030279,IND,WR,receiving/targets,receiving,PRE_INACTIVES,2026-09-13T15:46:51Z,bee85f326a3fde5c,SECONDARY_RECEIVER,5.002,5.0,0.0,2.0,5.0,7.0,10.0,6.0,-0.998,0.998,-16.6333,0.610015,True,True,True,1.07661,1000,PARTIAL_PLAYER_COVERAGE,,False,derived from previous_primary_detail; the board predates the qb3_configuration field,1415dd98ba7f701af23d20b9aa63c7e2dd5bd6a924978a650f9b6b47eb55f9bd
2026_01_BAL_IND,2026-09-13T17:00:00Z,K.Allen,00-0030279,IND,WR,receiving/receptions,receiving,PRE_INACTIVES,2026-09-13T15:46:51Z,bee85f326a3fde5c,SECONDARY_RECEIVER,3.337,3.0,0.0,1.0,3.0,5.0,7.0,6.0,-2.663,2.663,-44.3833,0.804298,False,True,True,1.801633,1000,PARTIAL_PLAYER_COVERAGE,,False,derived from previous_primary_detail; the board predates the qb3_configuration field,1415dd98ba7f701af23d20b9aa63c7e2dd5bd6a924978a650f9b6b47eb55f9bd
2026_01_BAL_IND,2026-09-13T17:00:00Z,K.Allen,00-0030279,IND,WR,receiving/receiving_yards,receiving,PRE_INACTIVES,2026-09-13T15:46:51Z,bee85f326a3fde5c,SECONDARY_RECEIVER,35.532,28.0,0.0,7.0,28.0,55.0,83.0,32.0,3.532,3.532,11.0375,0.539788,True,True,True,8.126158,1000,PARTIAL_PLAYER_COVERAGE,,False,derived from previous_primary_detail; the board predates the qb3_configuration field,1415dd98ba7f701af23d20b9aa63c7e2dd5bd6a924978a650f9b6b47eb55f9bd
2026_01_BAL_IND,2026-09-13T17:00:00Z,A.Pierce,00-0037664,IND,WR,receiving/targets,receiving,PRE_INACTIVES,2026-09-13T15:46:51Z,bee85f326a3fde5c,SECONDARY_RECEIVER,4.438,4.0,0.9,2.0,4.0,6.0,9.0,6.0,-1.562,1.562,-26.0333,0.69737,True,True,True,1.236648,1000,PARTIAL_PLAYER_COVERAGE,,False,derived from previous_primary_detail; the board predates the qb3_configuration field,1415dd98ba7f701af23d20b9aa63c7e2dd5bd6a924978a650f9b6b47eb55f9bd
2026_01_BAL_IND,2026-09-13T17:00:00Z,A.Pierce,00-0037664,IND,WR,receiving/receptions,receiving,PRE_INACTIVES,2026-09-13T15:46:51Z,bee85f326a3fde5c,SECONDARY_RECEIVER,2.43,2.0,0.0,1.0,2.0,4.0,5.0,4.0,-1.57,1.57,-39.25,0.767444,True,True,True,1.130966,1000,PARTIAL_PLAYER_COVERAGE,,False,derived from previous_primary_detail; the board predates the qb3_configuration field,1415dd98ba7f701af23d20b9aa63c7e2dd5bd6a924978a650f9b6b47eb55f9bd
2026_01_BAL_IND,2026-09-13T17:00:00Z,A.Pierce,00-0037664,IND,WR,receiving/receiving_yards,receiving,PRE_INACTIVES,2026-09-13T15:46:51Z,bee85f326a3fde5c,SECONDARY_RECEIVER,44.632,34.0,0.0,11.0,34.0,66.0,102.0,61.0,-16.368,16.368,-26.8328,0.718287,True,True,True,16.041768,1000,PARTIAL_PLAYER_COVERAGE,,False,derived from previous_primary_detail; the board predates the qb3_configuration field,1415dd98ba7f701af23d20b9aa63c7e2dd5bd6a924978a650f9b6b47eb55f9bd
2026_01_BAL_IND,2026-09-13T17:00:00Z,J.Downs,00-0038997,IND,WR,receiving/targets,receiving,PRE_INACTIVES,2026-09-13T15:46:51Z,bee85f326a3fde5c,DEPTH_RECEIVER,3.961,4.0,0.0,2.0,4.0,6.0,8.0,4.0,-0.039,0.039,-0.975,0.505807,True,True,True,0.727821,1000,PARTIAL_PLAYER_COVERAGE,,False,derived from previous_primary_detail; the board predates the qb3_configuration field,1415dd98ba7f701af23d20b9aa63c7e2dd5bd6a924978a650f9b6b47eb55f9bd
2026_01_BAL_IND,2026-09-13T17:00:00Z,J.Downs,00-0038997,IND,WR,receiving/receptions,receiving,PRE_INACTIVES,2026-09-13T15:46:51Z,bee85f326a3fde5c,DEPTH_RECEIVER,2.677,2.0,0.0,1.0,2.0,4.0,6.0,2.0,0.677,0.677,33.85,0.389812,True,True,True,0.546391,1000,PARTIAL_PLAYER_COVERAGE,,False,derived from previous_primary_detail; the board predates the qb3_configuration field,1415dd98ba7f701af23d20b9aa63c7e2dd5bd6a924978a650f9b6b47eb55f9bd
2026_01_BAL_IND,2026-09-13T17:00:00Z,J.Downs,00-0038997,IND,WR,receiving/receiving_yards,receiving,PRE_INACTIVES,2026-09-13T15:46:51Z,bee85f326a3fde5c,DEPTH_RECEIVER,29.368,22.0,0.0,5.0,22.0,43.0,69.0,37.0,-7.632,7.632,-20.627,0.688002,True,True,True,9.337876,1000,PARTIAL_PLAYER_COVERAGE,,False,derived from previous_primary_detail; the board predates the qb3_configuration field,1415dd98ba7f701af23d20b9aa63c7e2dd5bd6a924978a650f9b6b47eb55f9bd
2026_01_BAL_IND,2026-09-13T17:00:00Z,C.Moore,00-0032398,BAL,WR,receiving/targets,receiving,PRE_INACTIVES,2026-09-13T15:46:51Z,bee85f326a3fde5c,DEPTH_RECEIVER,1.026,0.0,0.0,0.0,0.0,1.0,4.0,2.0,-0.974,0.974,-48.7,0.78044,False,True,True,1.036964,1000,PARTIAL_PLAYER_COVERAGE,,False,derived from previous_primary_detail; the board predates the qb3_configuration field,1415dd98ba7f701af23d20b9aa63c7e2dd5bd6a924978a650f9b6b47eb55f9bd
2026_01_BAL_IND,2026-09-13T17:00:00Z,C.Moore,00-0032398,BAL,WR,receiving/receptions,receiving,PRE_INACTIVES,2026-09-13T15:46:51Z,bee85f326a3fde5c,DEPTH_RECEIVER,0.677,0.0,0.0,0.0,0.0,1.0,3.0,1.0,-0.323,0.323,-32.3,0.724593,True,True,True,0.525339,1000,PARTIAL_PLAYER_COVERAGE,,False,derived from previous_primary_detail; the board predates the qb3_configuration field,1415dd98ba7f701af23d20b9aa63c7e2dd5bd6a924978a650f9b6b47eb55f9bd
2026_01_BAL_IND,2026-09-13T17:00:00Z,C.Moore,00-0032398,BAL,WR,receiving/receiving_yards,receiving,PRE_INACTIVES,2026-09-13T15:46:51Z,bee85f326a3fde5c,DEPTH_RECEIVER,9.735,0.0,0.0,0.0,0.0,8.0,36.0,53.0,-43.265,43.265,-81.6321,0.938429,False,False,True,38.243449,1000,PARTIAL_PLAYER_COVERAGE,,False,derived from previous_primary_detail; the board predates the qb3_configuration field,1415dd98ba7f701af23d20b9aa63c7e2dd5bd6a924978a650f9b6b47eb55f9bd
2026_01_BAL_IND,2026-09-13T17:00:00Z,A.Dulin,00-0035021,IND,WR,receiving/targets,receiving,PRE_INACTIVES,2026-09-13T15:46:51Z,bee85f326a3fde5c,DEPTH_RECEIVER,0.809,0.0,0.0,0.0,0.0,1.0,3.0,1.0,-0.191,0.191,-19.1,0.709947,True,True,True,0.527319,1000,PARTIAL_PLAYER_COVERAGE,,False,derived from previous_primary_detail; the board predates the qb3_configuration field,1415dd98ba7f701af23d20b9aa63c7e2dd5bd6a924978a650f9b6b47eb55f9bd
2026_01_BAL_IND,2026-09-13T17:00:00Z,A.Dulin,00-0035021,IND,WR,receiving/receptions,receiving,PRE_INACTIVES,2026-09-13T15:46:51Z,bee85f326a3fde5c,DEPTH_RECEIVER,0.454,0.0,0.0,0.0,0.0,0.0,2.0,0.0,0.454,0.454,,0.162976,True,True,True,0.0741,1000,PARTIAL_PLAYER_COVERAGE,,False,derived from previous_primary_detail; the board predates the qb3_configuration field,1415dd98ba7f701af23d20b9aa63c7e2dd5bd6a924978a650f9b6b47eb55f9bd
2026_01_BAL_IND,2026-09-13T17:00:00Z,A.Dulin,00-0035021,IND,WR,receiving/receiving_yards,receiving,PRE_INACTIVES,2026-09-13T15:46:51Z,bee85f326a3fde5c,DEPTH_RECEIVER,6.822,0.0,0.0,0.0,0.0,0.0,26.0,0.0,6.822,6.822,,0.17819,True,True,True,0.85562,1000,PARTIAL_PLAYER_COVERAGE,,False,derived from previous_primary_detail; the board predates the qb3_configuration field,1415dd98ba7f701af23d20b9aa63c7e2dd5bd6a924978a650f9b6b47eb55f9bd
2026_01_BAL_IND,2026-09-13T17:00:00Z,J.Lane,00-0040870,BAL,WR,receiving/targets,receiving,PRE_INACTIVES,2026-09-13T15:46:51Z,bee85f326a3fde5c,DEPTH_RECEIVER,1.972,1.0,0.0,0.0,1.0,3.0,5.0,3.0,-1.028,1.028,-34.2667,0.730085,True,True,True,1.027534,1000,PARTIAL_PLAYER_COVERAGE,,False,derived from previous_primary_detail; the board predates the qb3_configuration field,1415dd98ba7f701af23d20b9aa63c7e2dd5bd6a924978a650f9b6b47eb55f9bd
2026_01_BAL_IND,2026-09-13T17:00:00Z,J.Lane,00-0040870,BAL,WR,receiving/receptions,receiving,PRE_INACTIVES,2026-09-13T15:46:51Z,bee85f326a3fde5c,DEPTH_RECEIVER,1.277,1.0,0.0,0.0,1.0,2.0,4.0,1.0,0.277,0.277,27.7,0.517891,True,True,True,0.375723,1000,PARTIAL_PLAYER_COVERAGE,,False,derived from previous_primary_detail; the board predates the qb3_configuration field,1415dd98ba7f701af23d20b9aa63c7e2dd5bd6a924978a650f9b6b47eb55f9bd
2026_01_BAL_IND,2026-09-13T17:00:00Z,J.Lane,00-0040870,BAL,WR,receiving/receiving_yards,receiving,PRE_INACTIVES,2026-09-13T15:46:51Z,bee85f326a3fde5c,DEPTH_RECEIVER,15.508,4.0,0.0,0.0,4.0,24.0,46.0,11.0,4.508,4.508,40.9818,0.607217,True,True,True,5.257744,1000,PARTIAL_PLAYER_COVERAGE,,False,derived from previous_primary_detail; the board predates the qb3_configuration field,1415dd98ba7f701af23d20b9aa63c7e2dd5bd6a924978a650f9b6b47eb55f9bd
2026_01_BAL_IND,2026-09-13T17:00:00Z,R.Bateman,00-0036550,BAL,WR,receiving/targets,receiving,PRE_INACTIVES,2026-09-13T15:46:51Z,bee85f326a3fde5c,DEPTH_RECEIVER,1.859,1.0,0.0,0.0,1.0,3.0,6.0,1.0,0.859,0.859,85.9,0.503945,True,True,True,0.590695,1000,PARTIAL_PLAYER_COVERAGE,,False,derived from previous_primary_detail; the board predates the qb3_configuration field,1415dd98ba7f701af23d20b9aa63c7e2dd5bd6a924978a650f9b6b47eb55f9bd
2026_01_BAL_IND,2026-09-13T17:00:00Z,R.Bateman,00-0036550,BAL,WR,receiving/receptions,receiving,PRE_INACTIVES,2026-09-13T15:46:51Z,bee85f326a3fde5c,DEPTH_RECEIVER,1.136,0.0,0.0,0.0,0.0,2.0,3.0,0.0,1.136,1.136,,0.116871,True,True,True,0.349986,1000,PARTIAL_PLAYER_COVERAGE,,False,derived from previous_primary_detail; the board predates the qb3_configuration field,1415dd98ba7f701af23d20b9aa63c7e2dd5bd6a924978a650f9b6b47eb55f9bd
2026_01_BAL_IND,2026-09-13T17:00:00Z,R.Bateman,00-0036550,BAL,WR,receiving/receiving_yards,receiving,PRE_INACTIVES,2026-09-13T15:46:51Z,bee85f326a3fde5c,DEPTH_RECEIVER,14.864,0.0,0.0,0.0,0.0,22.0,50.0,0.0,14.864,14.864,,0.116871,True,True,True,3.910166,1000,PARTIAL_PLAYER_COVERAGE,,False,derived from previous_primary_detail; the board predates the qb3_configuration field,1415dd98ba7f701af23d20b9aa63c7e2dd5bd6a924978a650f9b6b47eb55f9bd
2026_01_BAL_IND,2026-09-13T17:00:00Z,L.Treadwell,00-0032951,IND,WR,receiving/targets,receiving,PRE_INACTIVES,2026-09-13T15:46:51Z,bee85f326a3fde5c,DEPTH_RECEIVER,0.542,0.0,0.0,0.0,0.0,0.0,2.0,1.0,-0.458,0.458,-45.8,0.812939,False,True,True,0.6687,1000,PARTIAL_PLAYER_COVERAGE,,False,derived from previous_primary_detail; the board predates the qb3_configuration field,1415dd98ba7f701af23d20b9aa63c7e2dd5bd6a924978a650f9b6b47eb55f9bd
2026_01_BAL_IND,2026-09-13T17:00:00Z,L.Treadwell,00-0032951,IND,WR,receiving/receptions,receiving,PRE_INACTIVES,2026-09-13T15:46:51Z,bee85f326a3fde5c,DEPTH_RECEIVER,0.363,0.0,0.0,0.0,0.0,0.0,1.0,0.0,0.363,0.363,,0.177344,True,True,True,0.042115,1000,PARTIAL_PLAYER_COVERAGE,,False,derived from previous_primary_detail; the board predates the qb3_configuration field,1415dd98ba7f701af23d20b9aa63c7e2dd5bd6a924978a650f9b6b47eb55f9bd
2026_01_BAL_IND,2026-09-13T17:00:00Z,L.Treadwell,00-0032951,IND,WR,receiving/receiving_yards,receiving,PRE_INACTIVES,2026-09-13T15:46:51Z,bee85f326a3fde5c,DEPTH_RECEIVER,3.934,0.0,0.0,0.0,0.0,0.0,14.0,0.0,3.934,3.934,,0.177344,True,True,True,0.396142,1000,PARTIAL_PLAYER_COVERAGE,,False,derived from previous_primary_detail; the board predates the qb3_configuration field,1415dd98ba7f701af23d20b9aa63c7e2dd5bd6a924978a650f9b6b47eb55f9bd
2026_01_BAL_IND,2026-09-13T17:00:00Z,L.Wester,00-0040075,BAL,WR,receiving/targets,receiving,PRE_INACTIVES,2026-09-13T15:46:51Z,bee85f326a3fde5c,DEPTH_RECEIVER,0.486,0.0,0.0,0.0,0.0,0.0,2.0,2.0,-1.514,1.514,-75.7,0.889864,False,True,True,1.442386,1000,PARTIAL_PLAYER_COVERAGE,,False,derived from previous_primary_detail; the board predates the qb3_configuration field,1415dd98ba7f701af23d20b9aa63c7e2dd5bd6a924978a650f9b6b47eb55f9bd
2026_01_BAL_IND,2026-09-13T17:00:00Z,L.Wester,00-0040075,BAL,WR,receiving/receptions,receiving,PRE_INACTIVES,2026-09-13T15:46:51Z,bee85f326a3fde5c,DEPTH_RECEIVER,0.306,0.0,0.0,0.0,0.0,0.0,1.0,2.0,-1.694,1.694,-84.7,0.925792,False,False,True,1.569064,1000,PARTIAL_PLAYER_COVERAGE,,False,derived from previous_primary_detail; the board predates the qb3_configuration field,1415dd98ba7f701af23d20b9aa63c7e2dd5bd6a924978a650f9b6b47eb55f9bd
2026_01_BAL_IND,2026-09-13T17:00:00Z,L.Wester,00-0040075,BAL,WR,receiving/receiving_yards,receiving,PRE_INACTIVES,2026-09-13T15:46:51Z,bee85f326a3fde5c,DEPTH_RECEIVER,3.495,0.0,0.0,0.0,0.0,0.0,11.0,15.0,-11.505,11.505,-76.7,0.910858,False,False,True,11.695363,1000,PARTIAL_PLAYER_COVERAGE,,False,derived from previous_primary_detail; the board predates the qb3_configuration field,1415dd98ba7f701af23d20b9aa63c7e2dd5bd6a924978a650f9b6b47eb55f9bd
2026_01_BAL_IND,2026-09-13T17:00:00Z,T.Warren,00-0040128,IND,TE,receiving/targets,receiving,PRE_INACTIVES,2026-09-13T15:46:51Z,bee85f326a3fde5c,PRIMARY_RECEIVER,5.546,5.0,1.0,3.0,5.0,8.0,10.0,5.0,0.546,0.546,10.92,0.451801,True,True,True,0.82699,1000,PARTIAL_PLAYER_COVERAGE,,False,derived from previous_primary_detail; the board predates the qb3_configuration field,1415dd98ba7f701af23d20b9aa63c7e2dd5bd6a924978a650f9b6b47eb55f9bd
2026_01_BAL_IND,2026-09-13T17:00:00Z,T.Warren,00-0040128,IND,TE,receiving/receptions,receiving,PRE_INACTIVES,2026-09-13T15:46:51Z,bee85f326a3fde5c,PRIMARY_RECEIVER,3.753,3.0,0.0,2.0,3.0,5.0,7.0,3.0,0.753,0.753,25.1,0.384886,True,True,True,0.582133,1000,PARTIAL_PLAYER_COVERAGE,,False,derived from previous_primary_detail; the board predates the qb3_configuration field,1415dd98ba7f701af23d20b9aa63c7e2dd5bd6a924978a650f9b6b47eb55f9bd
2026_01_BAL_IND,2026-09-13T17:00:00Z,T.Warren,00-0040128,IND,TE,receiving/receiving_yards,receiving,PRE_INACTIVES,2026-09-13T15:46:51Z,bee85f326a3fde5c,PRIMARY_RECEIVER,40.559,34.0,0.0,17.0,34.0,58.0,83.0,13.0,27.559,27.559,211.9923,0.194716,False,True,True,13.723799,1000,PARTIAL_PLAYER_COVERAGE,,False,derived from previous_primary_detail; the board predates the qb3_configuration field,1415dd98ba7f701af23d20b9aa63c7e2dd5bd6a924978a650f9b6b47eb55f9bd
2026_01_BAL_IND,2026-09-13T17:00:00Z,M.Andrews,00-0034753,BAL,TE,receiving/targets,receiving,PRE_INACTIVES,2026-09-13T15:46:51Z,bee85f326a3fde5c,SECONDARY_RECEIVER,4.735,4.0,1.0,3.0,4.0,7.0,9.0,6.0,-1.265,1.265,-21.0833,0.659018,True,True,True,1.015137,1000,PARTIAL_PLAYER_COVERAGE,,False,derived from previous_primary_detail; the board predates the qb3_configuration field,1415dd98ba7f701af23d20b9aa63c7e2dd5bd6a924978a650f9b6b47eb55f9bd
2026_01_BAL_IND,2026-09-13T17:00:00Z,M.Andrews,00-0034753,BAL,TE,receiving/receptions,receiving,PRE_INACTIVES,2026-09-13T15:46:51Z,bee85f326a3fde5c,SECONDARY_RECEIVER,3.272,3.0,0.0,1.0,3.0,5.0,6.0,4.0,-0.728,0.728,-18.2,0.605954,True,True,True,0.69953,1000,PARTIAL_PLAYER_COVERAGE,,False,derived from previous_primary_detail; the board predates the qb3_configuration field,1415dd98ba7f701af23d20b9aa63c7e2dd5bd6a924978a650f9b6b47eb55f9bd
2026_01_BAL_IND,2026-09-13T17:00:00Z,M.Andrews,00-0034753,BAL,TE,receiving/receiving_yards,receiving,PRE_INACTIVES,2026-09-13T15:46:51Z,bee85f326a3fde5c,SECONDARY_RECEIVER,38.561,33.0,0.0,13.0,33.0,56.25,84.1,49.0,-10.439,10.439,-21.3041,0.675144,True,True,True,10.619605,1000,PARTIAL_PLAYER_COVERAGE,,False,derived from previous_primary_detail; the board predates the qb3_configuration field,1415dd98ba7f701af23d20b9aa63c7e2dd5bd6a924978a650f9b6b47eb55f9bd
2026_01_BAL_IND,2026-09-13T17:00:00Z,A.Ogletree,00-0037292,IND,TE,receiving/targets,receiving,PRE_INACTIVES,2026-09-13T15:46:51Z,bee85f326a3fde5c,DEPTH_RECEIVER,0.767,0.0,0.0,0.0,0.0,1.0,3.0,1.0,-0.233,0.233,-23.3,0.679812,True,True,True,0.464739,1000,PARTIAL_PLAYER_COVERAGE,,False,derived from previous_primary_detail; the board predates the qb3_configuration field,1415dd98ba7f701af23d20b9aa63c7e2dd5bd6a924978a650f9b6b47eb55f9bd
2026_01_BAL_IND,2026-09-13T17:00:00Z,A.Ogletree,00-0037292,IND,TE,receiving/receptions,receiving,PRE_INACTIVES,2026-09-13T15:46:51Z,bee85f326a3fde5c,DEPTH_RECEIVER,0.434,0.0,0.0,0.0,0.0,1.0,2.0,0.0,0.434,0.434,,0.157829,True,True,True,0.082006,1000,PARTIAL_PLAYER_COVERAGE,,False,derived from previous_primary_detail; the board predates the qb3_configuration field,1415dd98ba7f701af23d20b9aa63c7e2dd5bd6a924978a650f9b6b47eb55f9bd
2026_01_BAL_IND,2026-09-13T17:00:00Z,A.Ogletree,00-0037292,IND,TE,receiving/receiving_yards,receiving,PRE_INACTIVES,2026-09-13T15:46:51Z,bee85f326a3fde5c,DEPTH_RECEIVER,5.658,0.0,0.0,0.0,0.0,3.0,22.0,0.0,5.658,5.658,,0.158829,True,True,True,0.85259,1000,PARTIAL_PLAYER_COVERAGE,,False,derived from previous_primary_detail; the board predates the qb3_configuration field,1415dd98ba7f701af23d20b9aa63c7e2dd5bd6a924978a650f9b6b47eb55f9bd
2026_01_BAL_IND,2026-09-13T17:00:00Z,M.Hibner,00-0040879,BAL,TE,receiving/targets,receiving,PRE_INACTIVES,2026-09-13T15:46:51Z,bee85f326a3fde5c,DEPTH_RECEIVER,1.198,1.0,0.0,0.0,1.0,2.0,3.0,1.0,0.198,0.198,19.8,0.535317,True,True,True,0.37662,1000,PARTIAL_PLAYER_COVERAGE,,False,derived from previous_primary_detail; the board predates the qb3_configuration field,1415dd98ba7f701af23d20b9aa63c7e2dd5bd6a924978a650f9b6b47eb55f9bd
2026_01_BAL_IND,2026-09-13T17:00:00Z,M.Hibner,00-0040879,BAL,TE,receiving/receptions,receiving,PRE_INACTIVES,2026-09-13T15:46:51Z,bee85f326a3fde5c,DEPTH_RECEIVER,0.838,0.0,0.0,0.0,0.0,1.0,3.0,1.0,-0.162,0.162,-16.2,0.613963,True,True,True,0.380866,1000,PARTIAL_PLAYER_COVERAGE,,False,derived from previous_primary_detail; the board predates the qb3_configuration field,1415dd98ba7f701af23d20b9aa63c7e2dd5bd6a924978a650f9b6b47eb55f9bd
2026_01_BAL_IND,2026-09-13T17:00:00Z,M.Hibner,00-0040879,BAL,TE,receiving/receiving_yards,receiving,PRE_INACTIVES,2026-09-13T15:46:51Z,bee85f326a3fde5c,DEPTH_RECEIVER,9.105,0.0,0.0,0.0,0.0,12.0,28.0,13.0,-3.895,3.895,-29.9615,0.759431,False,True,True,6.236605,1000,PARTIAL_PLAYER_COVERAGE,,False,derived from previous_primary_detail; the board predates the qb3_configuration field,1415dd98ba7f701af23d20b9aa63c7e2dd5bd6a924978a650f9b6b47eb55f9bd
2026_01_BAL_IND,2026-09-13T17:00:00Z,D.Smythe,00-0034798,BAL,TE,receiving/targets,receiving,PRE_INACTIVES,2026-09-13T15:46:51Z,bee85f326a3fde5c,DEPTH_RECEIVER,0.59,0.0,0.0,0.0,0.0,1.0,2.0,1.0,-0.41,0.41,-41.0,0.756803,True,True,True,0.57108,1000,PARTIAL_PLAYER_COVERAGE,,False,derived from previous_primary_detail; the board predates the qb3_configuration field,1415dd98ba7f701af23d20b9aa63c7e2dd5bd6a924978a650f9b6b47eb55f9bd
2026_01_BAL_IND,2026-09-13T17:00:00Z,D.Smythe,00-0034798,BAL,TE,receiving/receptions,receiving,PRE_INACTIVES,2026-09-13T15:46:51Z,bee85f326a3fde5c,DEPTH_RECEIVER,0.458,0.0,0.0,0.0,0.0,0.0,2.0,1.0,-0.542,0.542,-54.2,0.789661,False,True,True,0.603856,1000,PARTIAL_PLAYER_COVERAGE,,False,derived from previous_primary_detail; the board predates the qb3_configuration field,1415dd98ba7f701af23d20b9aa63c7e2dd5bd6a924978a650f9b6b47eb55f9bd
2026_01_BAL_IND,2026-09-13T17:00:00Z,D.Smythe,00-0034798,BAL,TE,receiving/receiving_yards,receiving,PRE_INACTIVES,2026-09-13T15:46:51Z,bee85f326a3fde5c,DEPTH_RECEIVER,4.2,0.0,0.0,0.0,0.0,0.0,17.0,4.0,0.2,0.2,5.0,0.784501,False,True,True,2.77463,1000,PARTIAL_PLAYER_COVERAGE,,False,derived from previous_primary_detail; the board predates the qb3_configuration field,1415dd98ba7f701af23d20b9aa63c7e2dd5bd6a924978a650f9b6b47eb55f9bd
2026_01_BUF_HOU,2026-09-13T17:00:00Z,C.Stroud,00-0039163,HOU,QB,qb/att,qb,POST_INACTIVES_FINAL,2026-09-13T16:07:31.584827Z,6c3a051960274146,QB,30.082,31.0,20.0,26.75,31.0,36.0,43.0,38.0,-7.918,7.918,-20.8368,0.791219,False,True,True,4.24745,1000,PARTIAL_PLAYER_COVERAGE,,True,derived from previous_primary_detail; the board predates the qb3_configuration field,1415dd98ba7f701af23d20b9aa63c7e2dd5bd6a924978a650f9b6b47eb55f9bd
2026_01_BUF_HOU,2026-09-13T17:00:00Z,C.Stroud,00-0039163,HOU,QB,qb/cmp,qb,POST_INACTIVES_FINAL,2026-09-13T16:07:31.584827Z,6c3a051960274146,QB,19.387,20.0,11.0,16.0,20.0,24.0,28.0,26.0,-6.613,6.613,-25.4346,0.824433,False,True,True,3.741195,1000,PARTIAL_PLAYER_COVERAGE,,True,derived from previous_primary_detail; the board predates the qb3_configuration field,1415dd98ba7f701af23d20b9aa63c7e2dd5bd6a924978a650f9b6b47eb55f9bd
2026_01_BUF_HOU,2026-09-13T17:00:00Z,C.Stroud,00-0039163,HOU,QB,qb/pyds,qb,POST_INACTIVES_FINAL,2026-09-13T16:07:31.584827Z,6c3a051960274146,QB,227.9053,226.237,106.032,171.36,226.237,284.6053,363.0375,274.0,-46.0947,46.0947,-16.8229,0.706429,True,True,True,31.794823,1000,PARTIAL_PLAYER_COVERAGE,,True,derived from previous_primary_detail; the board predates the qb3_configuration field,1415dd98ba7f701af23d20b9aa63c7e2dd5bd6a924978a650f9b6b47eb55f9bd
2026_01_BUF_HOU,2026-09-13T17:00:00Z,C.Stroud,00-0039163,HOU,QB,qb/ptd,qb,POST_INACTIVES_FINAL,2026-09-13T16:07:31.584827Z,6c3a051960274146,QB,1.327,1.0,0.0,0.0,1.0,2.0,3.0,2.0,-0.673,0.673,-33.65,0.662891,True,True,True,0.501129,1000,PARTIAL_PLAYER_COVERAGE,,True,derived from previous_primary_detail; the board predates the qb3_configuration field,1415dd98ba7f701af23d20b9aa63c7e2dd5bd6a924978a650f9b6b47eb55f9bd
2026_01_BUF_HOU,2026-09-13T17:00:00Z,C.Stroud,00-0039163,HOU,QB,qb/int,qb,POST_INACTIVES_FINAL,2026-09-13T16:07:31.584827Z,6c3a051960274146,QB,0.504,0.0,0.0,0.0,0.0,1.0,1.0,0.0,0.504,0.504,,0.128022,True,True,True,0.170474,1000,PARTIAL_PLAYER_COVERAGE,,True,derived from previous_primary_detail; the board predates the qb3_configuration field,1415dd98ba7f701af23d20b9aa63c7e2dd5bd6a924978a650f9b6b47eb55f9bd
2026_01_BUF_HOU,2026-09-13T17:00:00Z,C.Stroud,00-0039163,HOU,QB,qb/sacks,qb,POST_INACTIVES_FINAL,2026-09-13T16:07:31.584827Z,6c3a051960274146,QB,2.258,2.0,0.0,1.0,2.0,3.0,4.1,3.0,-0.742,0.742,-24.7333,0.63746,True,True,True,0.571286,1000,PARTIAL_PLAYER_COVERAGE,,True,derived from previous_primary_detail; the board predates the qb3_configuration field,1415dd98ba7f701af23d20b9aa63c7e2dd5bd6a924978a650f9b6b47eb55f9bd
2026_01_BUF_HOU,2026-09-13T17:00:00Z,C.Stroud,00-0039163,HOU,QB,qb/db,qb,POST_INACTIVES_FINAL,2026-09-13T16:07:31.584827Z,6c3a051960274146,QB,34.098,35.0,23.0,30.0,35.0,42.0,47.0,42.0,-7.902,7.902,-18.8143,0.745438,True,True,True,4.120812,1000,PARTIAL_PLAYER_COVERAGE,,True,derived from previous_primary_detail; the board predates the qb3_configuration field,1415dd98ba7f701af23d20b9aa63c7e2dd5bd6a924978a650f9b6b47eb55f9bd
2026_01_BUF_HOU,2026-09-13T17:00:00Z,J.Allen,00-0034857,BUF,QB,qb/att,qb,POST_INACTIVES_FINAL,2026-09-13T16:07:31.584827Z,6c3a051960274146,QB,17.58,21.0,0.0,0.0,21.0,32.0,39.0,30.0,-12.42,12.42,-41.4,0.695077,True,True,True,7.699086,1000,PARTIAL_PLAYER_COVERAGE,,True,derived from previous_primary_detail; the board predates the qb3_configuration field,1415dd98ba7f701af23d20b9aa63c7e2dd5bd6a924978a650f9b6b47eb55f9bd
2026_01_BUF_HOU,2026-09-13T17:00:00Z,J.Allen,00-0034857,BUF,QB,qb/cmp,qb,POST_INACTIVES_FINAL,2026-09-13T16:07:31.584827Z,6c3a051960274146,QB,11.595,13.0,0.0,0.0,13.0,21.0,26.0,20.0,-8.405,8.405,-42.025,0.703291,True,True,True,5.271809,1000,PARTIAL_PLAYER_COVERAGE,,True,derived from previous_primary_detail; the board predates the qb3_configuration field,1415dd98ba7f701af23d20b9aa63c7e2dd5bd6a924978a650f9b6b47eb55f9bd
2026_01_BUF_HOU,2026-09-13T17:00:00Z,J.Allen,00-0034857,BUF,QB,qb/pyds,qb,POST_INACTIVES_FINAL,2026-09-13T16:07:31.584827Z,6c3a051960274146,QB,135.451,139.1167,0.0,0.0,139.1167,236.4833,307.2887,334.0,-198.549,198.549,-59.4458,0.935,False,False,True,136.241309,1000,PARTIAL_PLAYER_COVERAGE,,True,derived from previous_primary_detail; the board predates the qb3_configuration field,1415dd98ba7f701af23d20b9aa63c7e2dd5bd6a924978a650f9b6b47eb55f9bd
2026_01_BUF_HOU,2026-09-13T17:00:00Z,J.Allen,00-0034857,BUF,QB,qb/ptd,qb,POST_INACTIVES_FINAL,2026-09-13T16:07:31.584827Z,6c3a051960274146,QB,0.982,0.0,0.0,0.0,0.0,2.0,3.0,2.0,-1.018,1.018,-50.9,0.742451,True,True,True,0.817204,1000,PARTIAL_PLAYER_COVERAGE,,True,derived from previous_primary_detail; the board predates the qb3_configuration field,1415dd98ba7f701af23d20b9aa63c7e2dd5bd6a924978a650f9b6b47eb55f9bd
2026_01_BUF_HOU,2026-09-13T17:00:00Z,J.Allen,00-0034857,BUF,QB,qb/int,qb,POST_INACTIVES_FINAL,2026-09-13T16:07:31.584827Z,6c3a051960274146,QB,0.366,0.0,0.0,0.0,0.0,1.0,1.0,0.0,0.366,0.366,,0.158687,True,True,True,0.074866,1000,PARTIAL_PLAYER_COVERAGE,,True,derived from previous_primary_detail; the board predates the qb3_configuration field,1415dd98ba7f701af23d20b9aa63c7e2dd5bd6a924978a650f9b6b47eb55f9bd
2026_01_BUF_HOU,2026-09-13T17:00:00Z,J.Allen,00-0034857,BUF,QB,qb/sacks,qb,POST_INACTIVES_FINAL,2026-09-13T16:07:31.584827Z,6c3a051960274146,QB,0.867,0.0,0.0,0.0,0.0,2.0,3.0,2.0,-1.133,1.133,-56.65,0.773737,True,True,True,0.872135,1000,PARTIAL_PLAYER_COVERAGE,,True,derived from previous_primary_detail; the board predates the qb3_configuration field,1415dd98ba7f701af23d20b9aa63c7e2dd5bd6a924978a650f9b6b47eb55f9bd
2026_01_BUF_HOU,2026-09-13T17:00:00Z,J.Allen,00-0034857,BUF,QB,qb/db,qb,POST_INACTIVES_FINAL,2026-09-13T16:07:31.584827Z,6c3a051960274146,QB,19.845,24.0,0.0,0.0,24.0,36.0,44.0,33.0,-13.155,13.155,-39.8636,0.686219,True,True,True,8.261063,1000,PARTIAL_PLAYER_COVERAGE,,True,derived from previous_primary_detail; the board predates the qb3_configuration field,1415dd98ba7f701af23d20b9aa63c7e2dd5bd6a924978a650f9b6b47eb55f9bd
2026_01_CHI_CAR,2026-09-13T17:00:00Z,C.Williams,00-0039918,CHI,QB,qb/att,qb,PRE_INACTIVES,2026-09-13T15:46:51Z,ae39f504f406a0ec,QB,29.124,32.0,19.0,26.0,32.0,35.0,38.0,29.0,0.124,0.124,0.4276,0.333722,True,True,True,2.063672,1000,PARTIAL_PLAYER_COVERAGE,,True,derived from previous_primary_detail; the board predates the qb3_configuration field,1415dd98ba7f701af23d20b9aa63c7e2dd5bd6a924978a650f9b6b47eb55f9bd
2026_01_CHI_CAR,2026-09-13T17:00:00Z,C.Williams,00-0039918,CHI,QB,qb/cmp,qb,PRE_INACTIVES,2026-09-13T15:46:51Z,ae39f504f406a0ec,QB,17.778,19.0,10.0,16.0,19.0,22.0,25.0,21.0,-3.222,3.222,-15.3429,0.66044,True,True,True,1.589522,1000,PARTIAL_PLAYER_COVERAGE,,True,derived from previous_primary_detail; the board predates the qb3_configuration field,1415dd98ba7f701af23d20b9aa63c7e2dd5bd6a924978a650f9b6b47eb55f9bd
2026_01_CHI_CAR,2026-09-13T17:00:00Z,C.Williams,00-0039918,CHI,QB,qb/pyds,qb,PRE_INACTIVES,2026-09-13T15:46:51Z,ae39f504f406a0ec,QB,194.4828,197.1658,98.9667,150.6522,197.1658,250.6342,294.0,269.0,-74.5172,74.5172,-27.7016,0.834214,False,True,True,42.626029,1000,PARTIAL_PLAYER_COVERAGE,,True,derived from previous_primary_detail; the board predates the qb3_configuration field,1415dd98ba7f701af23d20b9aa63c7e2dd5bd6a924978a650f9b6b47eb55f9bd
2026_01_CHI_CAR,2026-09-13T17:00:00Z,C.Williams,00-0039918,CHI,QB,qb/ptd,qb,PRE_INACTIVES,2026-09-13T15:46:51Z,ae39f504f406a0ec,QB,1.254,1.0,0.0,0.0,1.0,2.0,3.0,2.0,-0.746,0.746,-37.3,0.683536,True,True,True,0.512432,1000,PARTIAL_PLAYER_COVERAGE,,True,derived from previous_primary_detail; the board predates the qb3_configuration field,1415dd98ba7f701af23d20b9aa63c7e2dd5bd6a924978a650f9b6b47eb55f9bd
2026_01_CHI_CAR,2026-09-13T17:00:00Z,C.Williams,00-0039918,CHI,QB,qb/int,qb,PRE_INACTIVES,2026-09-13T15:46:51Z,ae39f504f406a0ec,QB,0.385,0.0,0.0,0.0,0.0,1.0,1.0,0.0,0.385,0.385,,0.147107,True,True,True,0.102605,1000,PARTIAL_PLAYER_COVERAGE,,True,derived from previous_primary_detail; the board predates the qb3_configuration field,1415dd98ba7f701af23d20b9aa63c7e2dd5bd6a924978a650f9b6b47eb55f9bd
2026_01_CHI_CAR,2026-09-13T17:00:00Z,C.Williams,00-0039918,CHI,QB,qb/sacks,qb,PRE_INACTIVES,2026-09-13T15:46:51Z,ae39f504f406a0ec,QB,2.386,2.0,0.0,1.0,2.0,3.0,5.0,2.0,0.386,0.386,19.3,0.390893,True,True,True,0.397024,1000,PARTIAL_PLAYER_COVERAGE,,True,derived from previous_primary_detail; the board predates the qb3_configuration field,1415dd98ba7f701af23d20b9aa63c7e2dd5bd6a924978a650f9b6b47eb55f9bd
2026_01_CHI_CAR,2026-09-13T17:00:00Z,C.Williams,00-0039918,CHI,QB,qb/db,qb,PRE_INACTIVES,2026-09-13T15:46:51Z,ae39f504f406a0ec,QB,33.749,37.0,23.0,32.0,37.0,41.0,43.0,38.0,-4.251,4.251,-11.1868,0.560002,True,True,True,1.849295,1000,PARTIAL_PLAYER_COVERAGE,,True,derived from previous_primary_detail; the board predates the qb3_configuration field,1415dd98ba7f701af23d20b9aa63c7e2dd5bd6a924978a650f9b6b47eb55f9bd
2026_01_CHI_CAR,2026-09-13T17:00:00Z,B.Young,00-0039150,CAR,QB,qb/att,qb,PRE_INACTIVES,2026-09-13T15:46:51Z,ae39f504f406a0ec,QB,26.542,28.0,16.0,22.0,28.0,32.0,37.0,37.0,-10.458,10.458,-28.2649,0.902289,False,True,True,6.157124,1000,PARTIAL_PLAYER_COVERAGE,,True,derived from previous_primary_detail; the board predates the qb3_configuration field,1415dd98ba7f701af23d20b9aa63c7e2dd5bd6a924978a650f9b6b47eb55f9bd
2026_01_CHI_CAR,2026-09-13T17:00:00Z,B.Young,00-0039150,CAR,QB,qb/cmp,qb,PRE_INACTIVES,2026-09-13T15:46:51Z,ae39f504f406a0ec,QB,16.547,17.0,9.0,13.0,17.0,21.0,24.0,23.0,-6.453,6.453,-28.0565,0.859505,False,True,True,3.806913,1000,PARTIAL_PLAYER_COVERAGE,,True,derived from previous_primary_detail; the board predates the qb3_configuration field,1415dd98ba7f701af23d20b9aa63c7e2dd5bd6a924978a650f9b6b47eb55f9bd
2026_01_CHI_CAR,2026-09-13T17:00:00Z,B.Young,00-0039150,CAR,QB,qb/pyds,qb,PRE_INACTIVES,2026-09-13T15:46:51Z,ae39f504f406a0ec,QB,157.6844,160.82,45.9321,108.125,160.82,210.1346,257.8319,361.0,-203.3156,203.3156,-56.3201,0.985,False,False,False,157.70414,1000,PARTIAL_PLAYER_COVERAGE,,True,derived from previous_primary_detail; the board predates the qb3_configuration field,1415dd98ba7f701af23d20b9aa63c7e2dd5bd6a924978a650f9b6b47eb55f9bd
2026_01_CHI_CAR,2026-09-13T17:00:00Z,B.Young,00-0039150,CAR,QB,qb/ptd,qb,PRE_INACTIVES,2026-09-13T15:46:51Z,ae39f504f406a0ec,QB,0.981,1.0,0.0,0.0,1.0,2.0,2.0,3.0,-2.019,2.019,-67.3,0.924153,False,False,True,1.540681,1000,PARTIAL_PLAYER_COVERAGE,,True,derived from previous_primary_detail; the board predates the qb3_configuration field,1415dd98ba7f701af23d20b9aa63c7e2dd5bd6a924978a650f9b6b47eb55f9bd
2026_01_CHI_CAR,2026-09-13T17:00:00Z,B.Young,00-0039150,CAR,QB,qb/int,qb,PRE_INACTIVES,2026-09-13T15:46:51Z,ae39f504f406a0ec,QB,0.541,0.0,0.0,0.0,0.0,1.0,2.0,1.0,-0.459,0.459,-45.9,0.661545,True,True,True,0.373323,1000,PARTIAL_PLAYER_COVERAGE,,True,derived from previous_primary_detail; the board predates the qb3_configuration field,1415dd98ba7f701af23d20b9aa63c7e2dd5bd6a924978a650f9b6b47eb55f9bd
2026_01_CHI_CAR,2026-09-13T17:00:00Z,B.Young,00-0039150,CAR,QB,qb/sacks,qb,PRE_INACTIVES,2026-09-13T15:46:51Z,ae39f504f406a0ec,QB,2.189,2.0,0.0,1.0,2.0,3.0,5.0,2.0,0.189,0.189,9.45,0.440035,True,True,True,0.383739,1000,PARTIAL_PLAYER_COVERAGE,,True,derived from previous_primary_detail; the board predates the qb3_configuration field,1415dd98ba7f701af23d20b9aa63c7e2dd5bd6a924978a650f9b6b47eb55f9bd
2026_01_CHI_CAR,2026-09-13T17:00:00Z,B.Young,00-0039150,CAR,QB,qb/db,qb,PRE_INACTIVES,2026-09-13T15:46:51Z,ae39f504f406a0ec,QB,30.651,33.0,19.0,25.0,33.0,37.25,40.0,41.0,-10.349,10.349,-25.2415,0.914431,False,False,True,5.799049,1000,PARTIAL_PLAYER_COVERAGE,,True,derived from previous_primary_detail; the board predates the qb3_configuration field,1415dd98ba7f701af23d20b9aa63c7e2dd5bd6a924978a650f9b6b47eb55f9bd
2026_01_CHI_CAR,2026-09-13T17:00:00Z,K.Pickett,00-0038102,CAR,QB,qb/att,qb,PRE_INACTIVES,2026-09-13T15:46:51Z,ae39f504f406a0ec,QB,1.552,0.0,0.0,0.0,0.0,0.0,4.0,1.0,0.552,0.552,55.2,0.787867,False,True,True,0.712986,1000,PARTIAL_PLAYER_COVERAGE,,True,derived from previous_primary_detail; the board predates the qb3_configuration field,1415dd98ba7f701af23d20b9aa63c7e2dd5bd6a924978a650f9b6b47eb55f9bd
2026_01_CHI_CAR,2026-09-13T17:00:00Z,K.Pickett,00-0038102,CAR,QB,qb/cmp,qb,PRE_INACTIVES,2026-09-13T15:46:51Z,ae39f504f406a0ec,QB,0.98,0.0,0.0,0.0,0.0,0.0,2.1,0.0,0.98,0.98,,0.172197,True,True,True,0.098816,1000,PARTIAL_PLAYER_COVERAGE,,True,derived from previous_primary_detail; the board predates the qb3_configuration field,1415dd98ba7f701af23d20b9aa63c7e2dd5bd6a924978a650f9b6b47eb55f9bd
2026_01_CHI_CAR,2026-09-13T17:00:00Z,K.Pickett,00-0038102,CAR,QB,qb/pyds,qb,PRE_INACTIVES,2026-09-13T15:46:51Z,ae39f504f406a0ec,QB,9.9666,0.0,0.0,0.0,0.0,0.0,24.3133,0.0,9.9666,9.9666,,0.172197,True,True,True,0.9424,1000,PARTIAL_PLAYER_COVERAGE,,True,derived from previous_primary_detail; the board predates the qb3_configuration field,1415dd98ba7f701af23d20b9aa63c7e2dd5bd6a924978a650f9b6b47eb55f9bd
2026_01_CHI_CAR,2026-09-13T17:00:00Z,K.Pickett,00-0038102,CAR,QB,qb/ptd,qb,PRE_INACTIVES,2026-09-13T15:46:51Z,ae39f504f406a0ec,QB,0.033,0.0,0.0,0.0,0.0,0.0,0.0,0.0,0.033,0.033,,0.208009,True,True,True,0.000909,1000,PARTIAL_PLAYER_COVERAGE,,True,derived from previous_primary_detail; the board predates the qb3_configuration field,1415dd98ba7f701af23d20b9aa63c7e2dd5bd6a924978a650f9b6b47eb55f9bd
2026_01_CHI_CAR,2026-09-13T17:00:00Z,K.Pickett,00-0038102,CAR,QB,qb/int,qb,PRE_INACTIVES,2026-09-13T15:46:51Z,ae39f504f406a0ec,QB,0.033,0.0,0.0,0.0,0.0,0.0,0.0,0.0,0.033,0.033,,0.209081,True,True,True,0.000663,1000,PARTIAL_PLAYER_COVERAGE,,True,derived from previous_primary_detail; the board predates the qb3_configuration field,1415dd98ba7f701af23d20b9aa63c7e2dd5bd6a924978a650f9b6b47eb55f9bd
2026_01_CHI_CAR,2026-09-13T17:00:00Z,K.Pickett,00-0038102,CAR,QB,qb/sacks,qb,PRE_INACTIVES,2026-09-13T15:46:51Z,ae39f504f406a0ec,QB,0.125,0.0,0.0,0.0,0.0,0.0,0.0,0.0,0.125,0.125,,0.196643,True,True,True,0.007735,1000,PARTIAL_PLAYER_COVERAGE,,True,derived from previous_primary_detail; the board predates the qb3_configuration field,1415dd98ba7f701af23d20b9aa63c7e2dd5bd6a924978a650f9b6b47eb55f9bd
2026_01_CHI_CAR,2026-09-13T17:00:00Z,K.Pickett,00-0038102,CAR,QB,qb/db,qb,PRE_INACTIVES,2026-09-13T15:46:51Z,ae39f504f406a0ec,QB,1.753,0.0,0.0,0.0,0.0,0.0,4.0,2.0,-0.247,0.247,-12.35,0.832435,False,True,True,1.367067,1000,PARTIAL_PLAYER_COVERAGE,,True,derived from previous_primary_detail; the board predates the qb3_configuration field,1415dd98ba7f701af23d20b9aa63c7e2dd5bd6a924978a650f9b6b47eb55f9bd
2026_01_CLE_JAX,2026-09-13T17:00:00Z,T.Lawrence,00-0036971,JAX,QB,qb/att,qb,PRE_INACTIVES,2026-09-13T15:46:51Z,4f94ad6efc224b4b,QB,29.071,30.0,14.0,25.75,30.0,36.0,41.0,23.0,6.071,6.071,26.3957,0.198573,False,True,True,4.737129,1000,PARTIAL_PLAYER_COVERAGE,,True,derived from previous_primary_detail; the board predates the qb3_configuration field,1415dd98ba7f701af23d20b9aa63c7e2dd5bd6a924978a650f9b6b47eb55f9bd
2026_01_CLE_JAX,2026-09-13T17:00:00Z,T.Lawrence,00-0036971,JAX,QB,qb/cmp,qb,PRE_INACTIVES,2026-09-13T15:46:51Z,4f94ad6efc224b4b,QB,18.43,19.0,8.0,15.0,19.0,23.0,27.0,18.0,0.43,0.43,2.3889,0.399582,True,True,True,1.635052,1000,PARTIAL_PLAYER_COVERAGE,,True,derived from previous_primary_detail; the board predates the qb3_configuration field,1415dd98ba7f701af23d20b9aa63c7e2dd5bd6a924978a650f9b6b47eb55f9bd
2026_01_CLE_JAX,2026-09-13T17:00:00Z,T.Lawrence,00-0036971,JAX,QB,qb/pyds,qb,PRE_INACTIVES,2026-09-13T15:46:51Z,4f94ad6efc224b4b,QB,202.5161,206.1026,82.9607,153.0,206.1026,255.625,319.0,245.0,-42.4839,42.4839,-17.3404,0.706,True,True,True,27.11681,1000,PARTIAL_PLAYER_COVERAGE,,True,derived from previous_primary_detail; the board predates the qb3_configuration field,1415dd98ba7f701af23d20b9aa63c7e2dd5bd6a924978a650f9b6b47eb55f9bd
2026_01_CLE_JAX,2026-09-13T17:00:00Z,T.Lawrence,00-0036971,JAX,QB,qb/ptd,qb,PRE_INACTIVES,2026-09-13T15:46:51Z,4f94ad6efc224b4b,QB,1.105,1.0,0.0,0.0,1.0,2.0,3.0,4.0,-2.895,2.895,-72.375,0.971503,False,False,False,2.344295,1000,PARTIAL_PLAYER_COVERAGE,,True,derived from previous_primary_detail; the board predates the qb3_configuration field,1415dd98ba7f701af23d20b9aa63c7e2dd5bd6a924978a650f9b6b47eb55f9bd
2026_01_CLE_JAX,2026-09-13T17:00:00Z,T.Lawrence,00-0036971,JAX,QB,qb/int,qb,PRE_INACTIVES,2026-09-13T15:46:51Z,4f94ad6efc224b4b,QB,0.667,0.0,0.0,0.0,0.0,1.0,2.0,0.0,0.667,0.667,,0.11151,True,True,True,0.252229,1000,PARTIAL_PLAYER_COVERAGE,,True,derived from previous_primary_detail; the board predates the qb3_configuration field,1415dd98ba7f701af23d20b9aa63c7e2dd5bd6a924978a650f9b6b47eb55f9bd
2026_01_CLE_JAX,2026-09-13T17:00:00Z,T.Lawrence,00-0036971,JAX,QB,qb/sacks,qb,PRE_INACTIVES,2026-09-13T15:46:51Z,4f94ad6efc224b4b,QB,1.799,2.0,0.0,1.0,2.0,3.0,4.0,1.0,0.799,0.799,79.9,0.276969,True,True,True,0.422863,1000,PARTIAL_PLAYER_COVERAGE,,True,derived from previous_primary_detail; the board predates the qb3_configuration field,1415dd98ba7f701af23d20b9aa63c7e2dd5bd6a924978a650f9b6b47eb55f9bd
2026_01_CLE_JAX,2026-09-13T17:00:00Z,T.Lawrence,00-0036971,JAX,QB,qb/db,qb,PRE_INACTIVES,2026-09-13T15:46:51Z,4f94ad6efc224b4b,QB,32.574,34.0,17.0,29.0,34.0,42.0,44.0,24.0,8.574,8.574,35.725,0.184214,False,True,True,6.552336,1000,PARTIAL_PLAYER_COVERAGE,,True,derived from previous_primary_detail; the board predates the qb3_configuration field,1415dd98ba7f701af23d20b9aa63c7e2dd5bd6a924978a650f9b6b47eb55f9bd
2026_01_CLE_JAX,2026-09-13T17:00:00Z,D.Watson,00-0033537,CLE,QB,qb/att,qb,PRE_INACTIVES,2026-09-13T15:46:51Z,4f94ad6efc224b4b,QB,13.024,6.5,0.0,0.0,6.5,26.0,34.0,22.0,-8.976,8.976,-40.8,0.658289,True,True,True,7.315948,1000,PARTIAL_PLAYER_COVERAGE,,True,derived from previous_primary_detail; the board predates the qb3_configuration field,1415dd98ba7f701af23d20b9aa63c7e2dd5bd6a924978a650f9b6b47eb55f9bd
2026_01_CLE_JAX,2026-09-13T17:00:00Z,D.Watson,00-0033537,CLE,QB,qb/cmp,qb,PRE_INACTIVES,2026-09-13T15:46:51Z,4f94ad6efc224b4b,QB,8.64,4.0,0.0,0.0,4.0,18.0,23.0,16.0,-7.36,7.36,-46.0,0.703219,True,True,True,5.515432,1000,PARTIAL_PLAYER_COVERAGE,,True,derived from previous_primary_detail; the board predates the qb3_configuration field,1415dd98ba7f701af23d20b9aa63c7e2dd5bd6a924978a650f9b6b47eb55f9bd
2026_01_CLE_JAX,2026-09-13T17:00:00Z,D.Watson,00-0033537,CLE,QB,qb/pyds,qb,PRE_INACTIVES,2026-09-13T15:46:51Z,4f94ad6efc224b4b,QB,97.0813,37.0,0.0,0.0,37.0,180.8989,262.7605,205.0,-107.9187,107.9187,-52.6433,0.8,False,True,True,78.641188,1000,PARTIAL_PLAYER_COVERAGE,,True,derived from previous_primary_detail; the board predates the qb3_configuration field,1415dd98ba7f701af23d20b9aa63c7e2dd5bd6a924978a650f9b6b47eb55f9bd
2026_01_CLE_JAX,2026-09-13T17:00:00Z,D.Watson,00-0033537,CLE,QB,qb/ptd,qb,PRE_INACTIVES,2026-09-13T15:46:51Z,4f94ad6efc224b4b,QB,0.64,0.0,0.0,0.0,0.0,1.0,2.0,1.0,-0.36,0.36,-36.0,0.686026,True,True,True,0.461924,1000,PARTIAL_PLAYER_COVERAGE,,True,derived from previous_primary_detail; the board predates the qb3_configuration field,1415dd98ba7f701af23d20b9aa63c7e2dd5bd6a924978a650f9b6b47eb55f9bd
2026_01_CLE_JAX,2026-09-13T17:00:00Z,D.Watson,00-0033537,CLE,QB,qb/int,qb,PRE_INACTIVES,2026-09-13T15:46:51Z,4f94ad6efc224b4b,QB,0.203,0.0,0.0,0.0,0.0,0.0,1.0,1.0,-0.797,0.797,-79.7,0.866947,False,True,True,0.708761,1000,PARTIAL_PLAYER_COVERAGE,,True,derived from previous_primary_detail; the board predates the qb3_configuration field,1415dd98ba7f701af23d20b9aa63c7e2dd5bd6a924978a650f9b6b47eb55f9bd
2026_01_CLE_JAX,2026-09-13T17:00:00Z,D.Watson,00-0033537,CLE,QB,qb/sacks,qb,PRE_INACTIVES,2026-09-13T15:46:51Z,4f94ad6efc224b4b,QB,1.345,0.0,0.0,0.0,0.0,2.0,4.0,5.0,-3.655,3.655,-73.1,0.926937,False,False,True,2.856243,1000,PARTIAL_PLAYER_COVERAGE,,True,derived from previous_primary_detail; the board predates the qb3_configuration field,1415dd98ba7f701af23d20b9aa63c7e2dd5bd6a924978a650f9b6b47eb55f9bd
2026_01_CLE_JAX,2026-09-13T17:00:00Z,D.Watson,00-0033537,CLE,QB,qb/db,qb,PRE_INACTIVES,2026-09-13T15:46:51Z,4f94ad6efc224b4b,QB,15.631,8.0,0.0,0.0,8.0,31.0,41.0,30.0,-14.369,14.369,-47.8967,0.716289,True,True,True,10.049559,1000,PARTIAL_PLAYER_COVERAGE,,True,derived from previous_primary_detail; the board predates the qb3_configuration field,1415dd98ba7f701af23d20b9aa63c7e2dd5bd6a924978a650f9b6b47eb55f9bd
2026_01_CLE_JAX,2026-09-13T17:00:00Z,N.Mullens,00-0033319,JAX,QB,qb/att,qb,PRE_INACTIVES,2026-09-13T15:46:51Z,4f94ad6efc224b4b,QB,0.931,0.0,0.0,0.0,0.0,1.0,3.1,0.0,0.931,0.931,,0.152897,True,True,True,0.138873,1000,PARTIAL_PLAYER_COVERAGE,,True,derived from previous_primary_detail; the board predates the qb3_configuration field,1415dd98ba7f701af23d20b9aa63c7e2dd5bd6a924978a650f9b6b47eb55f9bd
2026_01_CLE_JAX,2026-09-13T17:00:00Z,N.Mullens,00-0033319,JAX,QB,qb/cmp,qb,PRE_INACTIVES,2026-09-13T15:46:51Z,4f94ad6efc224b4b,QB,0.629,0.0,0.0,0.0,0.0,0.0,2.0,0.0,0.629,0.629,,0.163405,True,True,True,0.085117,1000,PARTIAL_PLAYER_COVERAGE,,True,derived from previous_primary_detail; the board predates the qb3_configuration field,1415dd98ba7f701af23d20b9aa63c7e2dd5bd6a924978a650f9b6b47eb55f9bd
2026_01_CLE_JAX,2026-09-13T17:00:00Z,N.Mullens,00-0033319,JAX,QB,qb/pyds,qb,PRE_INACTIVES,2026-09-13T15:46:51Z,4f94ad6efc224b4b,QB,7.0599,0.0,0.0,0.0,0.0,0.0,23.3769,0.0,7.0599,7.0599,,0.171405,True,True,True,0.873938,1000,PARTIAL_PLAYER_COVERAGE,,True,derived from previous_primary_detail; the board predates the qb3_configuration field,1415dd98ba7f701af23d20b9aa63c7e2dd5bd6a924978a650f9b6b47eb55f9bd
2026_01_CLE_JAX,2026-09-13T17:00:00Z,N.Mullens,00-0033319,JAX,QB,qb/ptd,qb,PRE_INACTIVES,2026-09-13T15:46:51Z,4f94ad6efc224b4b,QB,0.044,0.0,0.0,0.0,0.0,0.0,0.0,0.0,0.044,0.044,,0.205436,True,True,True,0.001768,1000,PARTIAL_PLAYER_COVERAGE,,True,derived from previous_primary_detail; the board predates the qb3_configuration field,1415dd98ba7f701af23d20b9aa63c7e2dd5bd6a924978a650f9b6b47eb55f9bd
2026_01_CLE_JAX,2026-09-13T17:00:00Z,N.Mullens,00-0033319,JAX,QB,qb/int,qb,PRE_INACTIVES,2026-09-13T15:46:51Z,4f94ad6efc224b4b,QB,0.04,0.0,0.0,0.0,0.0,0.0,0.0,0.0,0.04,0.04,,0.206722,True,True,True,0.001306,1000,PARTIAL_PLAYER_COVERAGE,,True,derived from previous_primary_detail; the board predates the qb3_configuration field,1415dd98ba7f701af23d20b9aa63c7e2dd5bd6a924978a650f9b6b47eb55f9bd
2026_01_CLE_JAX,2026-09-13T17:00:00Z,N.Mullens,00-0033319,JAX,QB,qb/sacks,qb,PRE_INACTIVES,2026-09-13T15:46:51Z,4f94ad6efc224b4b,QB,0.064,0.0,0.0,0.0,0.0,0.0,0.0,0.0,0.064,0.064,,0.20372,True,True,True,0.002588,1000,PARTIAL_PLAYER_COVERAGE,,True,derived from previous_primary_detail; the board predates the qb3_configuration field,1415dd98ba7f701af23d20b9aa63c7e2dd5bd6a924978a650f9b6b47eb55f9bd
2026_01_CLE_JAX,2026-09-13T17:00:00Z,N.Mullens,00-0033319,JAX,QB,qb/db,qb,PRE_INACTIVES,2026-09-13T15:46:51Z,4f94ad6efc224b4b,QB,1.017,0.0,0.0,0.0,0.0,1.0,4.0,0.0,1.017,1.017,,0.150324,True,True,True,0.153861,1000,PARTIAL_PLAYER_COVERAGE,,True,derived from previous_primary_detail; the board predates the qb3_configuration field,1415dd98ba7f701af23d20b9aa63c7e2dd5bd6a924978a650f9b6b47eb55f9bd
2026_01_NO_DET,2026-09-13T17:00:00Z,T.Shough,00-0040743,NO,QB,qb/att,qb,POST_INACTIVES_FINAL,2026-09-13T16:13:33.450638Z,b5b02f6365ead28f,QB,29.296,31.0,17.0,24.0,31.0,37.0,42.0,57.0,-27.704,27.704,-48.6035,1.0,False,False,False,21.524744,1000,PARTIAL_PLAYER_COVERAGE,,True,derived from previous_primary_detail; the board predates the qb3_configuration field,1415dd98ba7f701af23d20b9aa63c7e2dd5bd6a924978a650f9b6b47eb55f9bd
2026_01_NO_DET,2026-09-13T17:00:00Z,T.Shough,00-0040743,NO,QB,qb/cmp,qb,POST_INACTIVES_FINAL,2026-09-13T16:13:33.450638Z,b5b02f6365ead28f,QB,18.593,19.0,9.0,15.0,19.0,24.0,28.0,35.0,-16.407,16.407,-46.8771,0.995643,False,False,False,12.113115,1000,PARTIAL_PLAYER_COVERAGE,,True,derived from previous_primary_detail; the board predates the qb3_configuration field,1415dd98ba7f701af23d20b9aa63c7e2dd5bd6a924978a650f9b6b47eb55f9bd
2026_01_NO_DET,2026-09-13T17:00:00Z,T.Shough,00-0040743,NO,QB,qb/pyds,qb,POST_INACTIVES_FINAL,2026-09-13T16:13:33.450638Z,b5b02f6365ead28f,QB,210.9679,213.2857,92.8,156.5462,213.2857,271.5449,332.0,410.0,-199.0321,199.0321,-48.5444,0.986,False,False,False,146.01781,1000,PARTIAL_PLAYER_COVERAGE,,True,derived from previous_primary_detail; the board predates the qb3_configuration field,1415dd98ba7f701af23d20b9aa63c7e2dd5bd6a924978a650f9b6b47eb55f9bd
2026_01_NO_DET,2026-09-13T17:00:00Z,T.Shough,00-0040743,NO,QB,qb/ptd,qb,POST_INACTIVES_FINAL,2026-09-13T16:13:33.450638Z,b5b02f6365ead28f,QB,1.309,1.0,0.0,0.0,1.0,2.0,3.0,3.0,-1.691,1.691,-56.3667,0.863232,False,True,True,1.178995,1000,PARTIAL_PLAYER_COVERAGE,,True,derived from previous_primary_detail; the board predates the qb3_configuration field,1415dd98ba7f701af23d20b9aa63c7e2dd5bd6a924978a650f9b6b47eb55f9bd
2026_01_NO_DET,2026-09-13T17:00:00Z,T.Shough,00-0040743,NO,QB,qb/int,qb,POST_INACTIVES_FINAL,2026-09-13T16:13:33.450638Z,b5b02f6365ead28f,QB,0.593,0.0,0.0,0.0,0.0,1.0,2.0,2.0,-1.407,1.407,-70.35,0.9083,False,True,True,1.084531,1000,PARTIAL_PLAYER_COVERAGE,,True,derived from previous_primary_detail; the board predates the qb3_configuration field,1415dd98ba7f701af23d20b9aa63c7e2dd5bd6a924978a650f9b6b47eb55f9bd
2026_01_NO_DET,2026-09-13T17:00:00Z,T.Shough,00-0040743,NO,QB,qb/sacks,qb,POST_INACTIVES_FINAL,2026-09-13T16:13:33.450638Z,b5b02f6365ead28f,QB,2.563,2.0,0.0,1.0,2.0,4.0,5.0,5.0,-2.437,2.437,-48.74,0.870225,False,True,True,1.640021,1000,PARTIAL_PLAYER_COVERAGE,,True,derived from previous_primary_detail; the board predates the qb3_configuration field,1415dd98ba7f701af23d20b9aa63c7e2dd5bd6a924978a650f9b6b47eb55f9bd
2026_01_NO_DET,2026-09-13T17:00:00Z,T.Shough,00-0040743,NO,QB,qb/db,qb,POST_INACTIVES_FINAL,2026-09-13T16:13:33.450638Z,b5b02f6365ead28f,QB,33.648,35.0,21.0,29.0,35.0,42.0,49.0,64.0,-30.352,30.352,-47.425,1.0,False,False,False,23.41337,1000,PARTIAL_PLAYER_COVERAGE,,True,derived from previous_primary_detail; the board predates the qb3_configuration field,1415dd98ba7f701af23d20b9aa63c7e2dd5bd6a924978a650f9b6b47eb55f9bd
2026_01_NO_DET,2026-09-13T17:00:00Z,J.Goff,00-0033106,DET,QB,qb/att,qb,POST_INACTIVES_FINAL,2026-09-13T16:13:33.450638Z,b5b02f6365ead28f,QB,29.768,31.0,17.0,26.0,31.0,36.0,40.0,39.0,-9.232,9.232,-23.6718,0.843934,False,True,True,5.041244,1000,PARTIAL_PLAYER_COVERAGE,,True,derived from previous_primary_detail; the board predates the qb3_configuration field,1415dd98ba7f701af23d20b9aa63c7e2dd5bd6a924978a650f9b6b47eb55f9bd
2026_01_NO_DET,2026-09-13T17:00:00Z,J.Goff,00-0033106,DET,QB,qb/cmp,qb,POST_INACTIVES_FINAL,2026-09-13T16:13:33.450638Z,b5b02f6365ead28f,QB,19.967,21.0,9.0,16.0,21.0,25.0,29.0,26.0,-6.033,6.033,-23.2038,0.793937,False,True,True,3.284837,1000,PARTIAL_PLAYER_COVERAGE,,True,derived from previous_primary_detail; the board predates the qb3_configuration field,1415dd98ba7f701af23d20b9aa63c7e2dd5bd6a924978a650f9b6b47eb55f9bd
2026_01_NO_DET,2026-09-13T17:00:00Z,J.Goff,00-0033106,DET,QB,qb/pyds,qb,POST_INACTIVES_FINAL,2026-09-13T16:13:33.450638Z,b5b02f6365ead28f,QB,234.8795,237.0,94.8138,176.0,237.0,301.7857,368.37,206.0,28.8795,28.8795,14.0192,0.366858,True,True,True,27.141641,1000,PARTIAL_PLAYER_COVERAGE,,True,derived from previous_primary_detail; the board predates the qb3_configuration field,1415dd98ba7f701af23d20b9aa63c7e2dd5bd6a924978a650f9b6b47eb55f9bd
2026_01_NO_DET,2026-09-13T17:00:00Z,J.Goff,00-0033106,DET,QB,qb/ptd,qb,POST_INACTIVES_FINAL,2026-09-13T16:13:33.450638Z,b5b02f6365ead28f,QB,1.472,1.0,0.0,0.0,1.0,2.0,3.0,2.0,-0.528,0.528,-26.4,0.614538,True,True,True,0.435268,1000,PARTIAL_PLAYER_COVERAGE,,True,derived from previous_primary_detail; the board predates the qb3_configuration field,1415dd98ba7f701af23d20b9aa63c7e2dd5bd6a924978a650f9b6b47eb55f9bd
2026_01_NO_DET,2026-09-13T17:00:00Z,J.Goff,00-0033106,DET,QB,qb/int,qb,POST_INACTIVES_FINAL,2026-09-13T16:13:33.450638Z,b5b02f6365ead28f,QB,0.563,0.0,0.0,0.0,0.0,1.0,2.0,0.0,0.563,0.563,,0.124376,True,True,True,0.189395,1000,PARTIAL_PLAYER_COVERAGE,,True,derived from previous_primary_detail; the board predates the qb3_configuration field,1415dd98ba7f701af23d20b9aa63c7e2dd5bd6a924978a650f9b6b47eb55f9bd
2026_01_NO_DET,2026-09-13T17:00:00Z,J.Goff,00-0033106,DET,QB,qb/sacks,qb,POST_INACTIVES_FINAL,2026-09-13T16:13:33.450638Z,b5b02f6365ead28f,QB,1.602,1.0,0.0,1.0,1.0,2.0,3.0,1.0,0.602,0.602,60.2,0.306899,True,True,True,0.359134,1000,PARTIAL_PLAYER_COVERAGE,,True,derived from previous_primary_detail; the board predates the qb3_configuration field,1415dd98ba7f701af23d20b9aa63c7e2dd5bd6a924978a650f9b6b47eb55f9bd
2026_01_NO_DET,2026-09-13T17:00:00Z,J.Goff,00-0033106,DET,QB,qb/db,qb,POST_INACTIVES_FINAL,2026-09-13T16:13:33.450638Z,b5b02f6365ead28f,QB,32.025,34.0,17.0,28.0,34.0,38.0,43.0,41.0,-8.975,8.975,-21.8902,0.815361,False,True,True,4.737277,1000,PARTIAL_PLAYER_COVERAGE,,True,derived from previous_primary_detail; the board predates the qb3_configuration field,1415dd98ba7f701af23d20b9aa63c7e2dd5bd6a924978a650f9b6b47eb55f9bd
2026_01_NO_DET,2026-09-13T17:00:00Z,J.Gibbs,00-0039139,DET,RB,rushing/carries,rushing,POST_INACTIVES_FINAL,2026-09-13T16:13:33.450638Z,b5b02f6365ead28f,PRIMARY_RUSHER,15.171,15.8525,0.0,11.3286,15.8525,19.9284,24.1639,29.0,-13.829,13.829,-47.6863,0.979,False,False,False,9.75916,1000,PARTIAL_PLAYER_COVERAGE,,False,derived from previous_primary_detail; the board predates the qb3_configuration field,1415dd98ba7f701af23d20b9aa63c7e2dd5bd6a924978a650f9b6b47eb55f9bd
2026_01_NO_DET,2026-09-13T17:00:00Z,J.Gibbs,00-0039139,DET,RB,receiving/targets,receiving,POST_INACTIVES_FINAL,2026-09-13T16:13:33.450638Z,b5b02f6365ead28f,DEPTH_RECEIVER,4.113,4.0,0.0,2.0,4.0,6.0,8.0,5.0,-0.887,0.887,-17.74,0.60902,True,True,True,0.865313,1000,PARTIAL_PLAYER_COVERAGE,,False,derived from previous_primary_detail; the board predates the qb3_configuration field,1415dd98ba7f701af23d20b9aa63c7e2dd5bd6a924978a650f9b6b47eb55f9bd
2026_01_NO_DET,2026-09-13T17:00:00Z,J.Gibbs,00-0039139,DET,RB,receiving/receptions,receiving,POST_INACTIVES_FINAL,2026-09-13T16:13:33.450638Z,b5b02f6365ead28f,DEPTH_RECEIVER,3.247,3.0,0.0,1.0,3.0,5.0,7.0,5.0,-1.753,1.753,-35.06,0.741444,True,True,True,1.174565,1000,PARTIAL_PLAYER_COVERAGE,,False,derived from previous_primary_detail; the board predates the qb3_configuration field,1415dd98ba7f701af23d20b9aa63c7e2dd5bd6a924978a650f9b6b47eb55f9bd
2026_01_NO_DET,2026-09-13T17:00:00Z,J.Gibbs,00-0039139,DET,RB,receiving/receiving_yards,receiving,POST_INACTIVES_FINAL,2026-09-13T16:13:33.450638Z,b5b02f6365ead28f,DEPTH_RECEIVER,24.634,20.0,0.0,6.0,20.0,36.25,57.0,30.0,-5.366,5.366,-17.8867,0.667144,True,True,True,6.968474,1000,PARTIAL_PLAYER_COVERAGE,,False,derived from previous_primary_detail; the board predates the qb3_configuration field,1415dd98ba7f701af23d20b9aa63c7e2dd5bd6a924978a650f9b6b47eb55f9bd
2026_01_NO_DET,2026-09-13T17:00:00Z,T.Etienne,00-0036973,NO,RB,rushing/carries,rushing,POST_INACTIVES_FINAL,2026-09-13T16:13:33.450638Z,b5b02f6365ead28f,PRIMARY_RUSHER,8.5897,8.2102,3.7323,5.6848,8.2102,11.1036,13.9054,9.0,-0.4103,0.4103,-4.559,0.575,True,True,True,1.010789,1000,PARTIAL_PLAYER_COVERAGE,,False,derived from previous_primary_detail; the board predates the qb3_configuration field,1415dd98ba7f701af23d20b9aa63c7e2dd5bd6a924978a650f9b6b47eb55f9bd
2026_01_NO_DET,2026-09-13T17:00:00Z,T.Etienne,00-0036973,NO,RB,receiving/targets,receiving,POST_INACTIVES_FINAL,2026-09-13T16:13:33.450638Z,b5b02f6365ead28f,DEPTH_RECEIVER,2.65,2.0,0.0,1.0,2.0,4.0,6.0,9.0,-6.35,6.35,-70.5556,0.974716,False,False,False,5.16065,1000,PARTIAL_PLAYER_COVERAGE,,False,derived from previous_primary_detail; the board predates the qb3_configuration field,1415dd98ba7f701af23d20b9aa63c7e2dd5bd6a924978a650f9b6b47eb55f9bd
2026_01_NO_DET,2026-09-13T17:00:00Z,T.Etienne,00-0036973,NO,RB,receiving/receptions,receiving,POST_INACTIVES_FINAL,2026-09-13T16:13:33.450638Z,b5b02f6365ead28f,DEPTH_RECEIVER,2.026,2.0,0.0,0.0,2.0,3.0,5.0,7.0,-4.974,4.974,-71.0571,0.969002,False,False,False,4.002268,1000,PARTIAL_PLAYER_COVERAGE,,False,derived from previous_primary_detail; the board predates the qb3_configuration field,1415dd98ba7f701af23d20b9aa63c7e2dd5bd6a924978a650f9b6b47eb55f9bd
2026_01_NO_DET,2026-09-13T17:00:00Z,T.Etienne,00-0036973,NO,RB,receiving/receiving_yards,receiving,POST_INACTIVES_FINAL,2026-09-13T16:13:33.450638Z,b5b02f6365ead28f,DEPTH_RECEIVER,16.197,11.0,0.0,0.0,11.0,24.25,41.1,32.0,-15.803,15.803,-49.3844,0.830788,False,True,True,12.143191,1000,PARTIAL_PLAYER_COVERAGE,,False,derived from previous_primary_detail; the board predates the qb3_configuration field,1415dd98ba7f701af23d20b9aa63c7e2dd5bd6a924978a650f9b6b47eb55f9bd
2026_01_NO_DET,2026-09-13T17:00:00Z,K.Miller,00-0038551,NO,RB,rushing/carries,rushing,POST_INACTIVES_FINAL,2026-09-13T16:13:33.450638Z,b5b02f6365ead28f,SECONDARY_RUSHER,3.925,3.4243,0.1775,1.9192,3.4243,5.3122,7.4528,9.0,-5.075,5.075,-56.3886,0.943,False,False,True,3.852495,1000,PARTIAL_PLAYER_COVERAGE,,False,derived from previous_primary_detail; the board predates the qb3_configuration field,1415dd98ba7f701af23d20b9aa63c7e2dd5bd6a924978a650f9b6b47eb55f9bd
2026_01_NO_DET,2026-09-13T17:00:00Z,K.Miller,00-0038551,NO,RB,receiving/targets,receiving,POST_INACTIVES_FINAL,2026-09-13T16:13:33.450638Z,b5b02f6365ead28f,DEPTH_RECEIVER,0.953,0.0,0.0,0.0,0.0,1.0,3.0,0.0,0.953,0.953,,0.130595,True,True,True,0.240733,1000,PARTIAL_PLAYER_COVERAGE,,False,derived from previous_primary_detail; the board predates the qb3_configuration field,1415dd98ba7f701af23d20b9aa63c7e2dd5bd6a924978a650f9b6b47eb55f9bd
2026_01_NO_DET,2026-09-13T17:00:00Z,K.Miller,00-0038551,NO,RB,receiving/receptions,receiving,POST_INACTIVES_FINAL,2026-09-13T16:13:33.450638Z,b5b02f6365ead28f,DEPTH_RECEIVER,0.793,0.0,0.0,0.0,0.0,1.0,3.0,0.0,0.793,0.793,,0.135527,True,True,True,0.190919,1000,PARTIAL_PLAYER_COVERAGE,,False,derived from previous_primary_detail; the board predates the qb3_configuration field,1415dd98ba7f701af23d20b9aa63c7e2dd5bd6a924978a650f9b6b47eb55f9bd
2026_01_NO_DET,2026-09-13T17:00:00Z,K.Miller,00-0038551,NO,RB,receiving/receiving_yards,receiving,POST_INACTIVES_FINAL,2026-09-13T16:13:33.450638Z,b5b02f6365ead28f,DEPTH_RECEIVER,7.216,0.0,0.0,0.0,0.0,8.0,22.1,0.0,7.216,7.216,,0.149457,True,True,True,1.327184,1000,PARTIAL_PLAYER_COVERAGE,,False,derived from previous_primary_detail; the board predates the qb3_configuration field,1415dd98ba7f701af23d20b9aa63c7e2dd5bd6a924978a650f9b6b47eb55f9bd
2026_01_NO_DET,2026-09-13T17:00:00Z,S.Vaki,00-0039364,DET,RB,rushing/carries,rushing,POST_INACTIVES_FINAL,2026-09-13T16:13:33.450638Z,b5b02f6365ead28f,SECONDARY_RUSHER,2.3976,0.5461,0.0,0.0,0.5461,2.8997,6.6796,2.0,0.3976,0.3976,19.8795,0.686,True,True,True,0.886853,1000,PARTIAL_PLAYER_COVERAGE,,False,derived from previous_primary_detail; the board predates the qb3_configuration field,1415dd98ba7f701af23d20b9aa63c7e2dd5bd6a924978a650f9b6b47eb55f9bd
2026_01_NO_DET,2026-09-13T17:00:00Z,S.Vaki,00-0039364,DET,RB,receiving/targets,receiving,POST_INACTIVES_FINAL,2026-09-13T16:13:33.450638Z,b5b02f6365ead28f,DEPTH_RECEIVER,0.738,0.0,0.0,0.0,0.0,1.0,3.0,1.0,-0.262,0.262,-26.2,0.703451,True,True,True,0.502018,1000,PARTIAL_PLAYER_COVERAGE,,False,derived from previous_primary_detail; the board predates the qb3_configuration field,1415dd98ba7f701af23d20b9aa63c7e2dd5bd6a924978a650f9b6b47eb55f9bd
2026_01_NO_DET,2026-09-13T17:00:00Z,S.Vaki,00-0039364,DET,RB,receiving/receptions,receiving,POST_INACTIVES_FINAL,2026-09-13T16:13:33.450638Z,b5b02f6365ead28f,DEPTH_RECEIVER,0.673,0.0,0.0,0.0,0.0,1.0,2.0,1.0,-0.327,0.327,-32.7,0.71481,True,True,True,0.503143,1000,PARTIAL_PLAYER_COVERAGE,,False,derived from previous_primary_detail; the board predates the qb3_configuration field,1415dd98ba7f701af23d20b9aa63c7e2dd5bd6a924978a650f9b6b47eb55f9bd
2026_01_NO_DET,2026-09-13T17:00:00Z,S.Vaki,00-0039364,DET,RB,receiving/receiving_yards,receiving,POST_INACTIVES_FINAL,2026-09-13T16:13:33.450638Z,b5b02f6365ead28f,DEPTH_RECEIVER,7.347,0.0,0.0,0.0,0.0,9.0,26.0,11.0,-3.653,3.653,-33.2091,0.755429,False,True,True,6.094549,1000,PARTIAL_PLAYER_COVERAGE,,False,derived from previous_primary_detail; the board predates the qb3_configuration field,1415dd98ba7f701af23d20b9aa63c7e2dd5bd6a924978a650f9b6b47eb55f9bd
2026_01_NO_DET,2026-09-13T17:00:00Z,C.Donaldson,00-0041326,NO,RB,rushing/carries,rushing,POST_INACTIVES_FINAL,2026-09-13T16:13:33.450638Z,b5b02f6365ead28f,SECONDARY_RUSHER,1.9458,1.4967,0.0,0.2946,1.4967,2.9071,4.4462,2.0,-0.0542,0.0542,-2.7076,0.613,True,True,True,0.487478,1000,PARTIAL_PLAYER_COVERAGE,,False,derived from previous_primary_detail; the board predates the qb3_configuration field,1415dd98ba7f701af23d20b9aa63c7e2dd5bd6a924978a650f9b6b47eb55f9bd
2026_01_NO_DET,2026-09-13T17:00:00Z,C.Donaldson,00-0041326,NO,RB,receiving/targets,receiving,POST_INACTIVES_FINAL,2026-09-13T16:13:33.450638Z,b5b02f6365ead28f,DEPTH_RECEIVER,1.132,0.0,0.0,0.0,0.0,2.0,4.0,2.0,-0.868,0.868,-43.4,0.751873,True,True,True,0.864036,1000,PARTIAL_PLAYER_COVERAGE,,False,derived from previous_primary_detail; the board predates the qb3_configuration field,1415dd98ba7f701af23d20b9aa63c7e2dd5bd6a924978a650f9b6b47eb55f9bd
2026_01_NO_DET,2026-09-13T17:00:00Z,C.Donaldson,00-0041326,NO,RB,receiving/receptions,receiving,POST_INACTIVES_FINAL,2026-09-13T16:13:33.450638Z,b5b02f6365ead28f,DEPTH_RECEIVER,0.873,0.0,0.0,0.0,0.0,1.0,3.0,1.0,-0.127,0.127,-12.7,0.626674,True,True,True,0.406895,1000,PARTIAL_PLAYER_COVERAGE,,False,derived from previous_primary_detail; the board predates the qb3_configuration field,1415dd98ba7f701af23d20b9aa63c7e2dd5bd6a924978a650f9b6b47eb55f9bd
2026_01_NO_DET,2026-09-13T17:00:00Z,C.Donaldson,00-0041326,NO,RB,receiving/receiving_yards,receiving,POST_INACTIVES_FINAL,2026-09-13T16:13:33.450638Z,b5b02f6365ead28f,DEPTH_RECEIVER,6.734,0.0,0.0,0.0,0.0,9.0,22.0,-2.0,8.734,8.734,-436.7,0.006858,False,False,False,3.466624,1000,PARTIAL_PLAYER_COVERAGE,,False,derived from previous_primary_detail; the board predates the qb3_configuration field,1415dd98ba7f701af23d20b9aa63c7e2dd5bd6a924978a650f9b6b47eb55f9bd
2026_01_NO_DET,2026-09-13T17:00:00Z,A.St. Brown,00-0036963,DET,WR,receiving/targets,receiving,POST_INACTIVES_FINAL,2026-09-13T16:13:33.450638Z,b5b02f6365ead28f,PRIMARY_RECEIVER,8.961,9.0,4.0,6.0,9.0,12.0,14.0,14.0,-5.039,5.039,-35.9929,0.870151,False,True,True,3.307429,1000,PARTIAL_PLAYER_COVERAGE,,False,derived from previous_primary_detail; the board predates the qb3_configuration field,1415dd98ba7f701af23d20b9aa63c7e2dd5bd6a924978a650f9b6b47eb55f9bd
2026_01_NO_DET,2026-09-13T17:00:00Z,A.St. Brown,00-0036963,DET,WR,receiving/receptions,receiving,POST_INACTIVES_FINAL,2026-09-13T16:13:33.450638Z,b5b02f6365ead28f,PRIMARY_RECEIVER,6.535,6.0,3.0,4.0,6.0,9.0,11.0,10.0,-3.465,3.465,-34.65,0.84465,False,True,True,2.284055,1000,PARTIAL_PLAYER_COVERAGE,,False,derived from previous_primary_detail; the board predates the qb3_configuration field,1415dd98ba7f701af23d20b9aa63c7e2dd5bd6a924978a650f9b6b47eb55f9bd
2026_01_NO_DET,2026-09-13T17:00:00Z,A.St. Brown,00-0036963,DET,WR,receiving/receiving_yards,receiving,POST_INACTIVES_FINAL,2026-09-13T16:13:33.450638Z,b5b02f6365ead28f,PRIMARY_RECEIVER,75.894,69.0,23.0,42.0,69.0,103.0,138.0,67.0,8.894,8.894,13.2746,0.485716,True,True,True,10.592932,1000,PARTIAL_PLAYER_COVERAGE,,False,derived from previous_primary_detail; the board predates the qb3_configuration field,1415dd98ba7f701af23d20b9aa63c7e2dd5bd6a924978a650f9b6b47eb55f9bd
2026_01_NO_DET,2026-09-13T17:00:00Z,J.Williams,00-0037240,DET,WR,receiving/targets,receiving,POST_INACTIVES_FINAL,2026-09-13T16:13:33.450638Z,b5b02f6365ead28f,SECONDARY_RECEIVER,5.168,5.0,1.0,3.0,5.0,7.0,10.0,9.0,-3.832,3.832,-42.5778,0.865578,False,True,True,2.58701,1000,PARTIAL_PLAYER_COVERAGE,,False,derived from previous_primary_detail; the board predates the qb3_configuration field,1415dd98ba7f701af23d20b9aa63c7e2dd5bd6a924978a650f9b6b47eb55f9bd
2026_01_NO_DET,2026-09-13T17:00:00Z,J.Williams,00-0037240,DET,WR,receiving/receptions,receiving,POST_INACTIVES_FINAL,2026-09-13T16:13:33.450638Z,b5b02f6365ead28f,SECONDARY_RECEIVER,3.11,3.0,0.0,1.0,3.0,4.0,6.0,4.0,-0.89,0.89,-22.25,0.649236,True,True,True,0.76061,1000,PARTIAL_PLAYER_COVERAGE,,False,derived from previous_primary_detail; the board predates the qb3_configuration field,1415dd98ba7f701af23d20b9aa63c7e2dd5bd6a924978a650f9b6b47eb55f9bd
2026_01_NO_DET,2026-09-13T17:00:00Z,J.Williams,00-0037240,DET,WR,receiving/receiving_yards,receiving,POST_INACTIVES_FINAL,2026-09-13T16:13:33.450638Z,b5b02f6365ead28f,SECONDARY_RECEIVER,51.147,41.0,0.0,16.0,41.0,78.0,114.0,45.0,6.147,6.147,13.66,0.534359,True,True,True,10.624993,1000,PARTIAL_PLAYER_COVERAGE,,False,derived from previous_primary_detail; the board predates the qb3_configuration field,1415dd98ba7f701af23d20b9aa63c7e2dd5bd6a924978a650f9b6b47eb55f9bd
2026_01_NO_DET,2026-09-13T17:00:00Z,C.Olave,00-0037239,NO,WR,receiving/targets,receiving,POST_INACTIVES_FINAL,2026-09-13T16:13:33.450638Z,b5b02f6365ead28f,PRIMARY_RECEIVER,7.197,7.0,0.0,4.0,7.0,11.0,14.0,13.0,-5.803,5.803,-44.6385,0.864363,False,True,True,3.639967,1000,PARTIAL_PLAYER_COVERAGE,,False,derived from previous_primary_detail; the board predates the qb3_configuration field,1415dd98ba7f701af23d20b9aa63c7e2dd5bd6a924978a650f9b6b47eb55f9bd
2026_01_NO_DET,2026-09-13T17:00:00Z,C.Olave,00-0037239,NO,WR,receiving/receptions,receiving,POST_INACTIVES_FINAL,2026-09-13T16:13:33.450638Z,b5b02f6365ead28f,PRIMARY_RECEIVER,4.598,4.0,0.0,2.0,4.0,7.0,9.0,10.0,-5.402,5.402,-54.02,0.913862,False,False,True,3.743544,1000,PARTIAL_PLAYER_COVERAGE,,False,derived from previous_primary_detail; the board predates the qb3_configuration field,1415dd98ba7f701af23d20b9aa63c7e2dd5bd6a924978a650f9b6b47eb55f9bd
2026_01_NO_DET,2026-09-13T17:00:00Z,C.Olave,00-0037239,NO,WR,receiving/receiving_yards,receiving,POST_INACTIVES_FINAL,2026-09-13T16:13:33.450638Z,b5b02f6365ead28f,PRIMARY_RECEIVER,59.364,53.0,0.0,19.0,53.0,86.0,128.1,182.0,-122.636,122.636,-67.3824,0.982214,False,False,False,96.12417,1000,PARTIAL_PLAYER_COVERAGE,,False,derived from previous_primary_detail; the board predates the qb3_configuration field,1415dd98ba7f701af23d20b9aa63c7e2dd5bd6a924978a650f9b6b47eb55f9bd
2026_01_NO_DET,2026-09-13T17:00:00Z,D.Vele,00-0039424,NO,WR,receiving/targets,receiving,POST_INACTIVES_FINAL,2026-09-13T16:13:33.450638Z,b5b02f6365ead28f,SECONDARY_RECEIVER,4.472,4.0,0.0,2.0,4.0,6.0,9.0,9.0,-4.528,4.528,-50.3111,0.89272,False,True,True,3.161992,1000,PARTIAL_PLAYER_COVERAGE,,False,derived from previous_primary_detail; the board predates the qb3_configuration field,1415dd98ba7f701af23d20b9aa63c7e2dd5bd6a924978a650f9b6b47eb55f9bd
2026_01_NO_DET,2026-09-13T17:00:00Z,D.Vele,00-0039424,NO,WR,receiving/receptions,receiving,POST_INACTIVES_FINAL,2026-09-13T16:13:33.450638Z,b5b02f6365ead28f,SECONDARY_RECEIVER,3.076,3.0,0.0,1.0,3.0,5.0,7.0,7.0,-3.924,3.924,-56.0571,0.90765,False,True,True,2.810502,1000,PARTIAL_PLAYER_COVERAGE,,False,derived from previous_primary_detail; the board predates the qb3_configuration field,1415dd98ba7f701af23d20b9aa63c7e2dd5bd6a924978a650f9b6b47eb55f9bd
2026_01_NO_DET,2026-09-13T17:00:00Z,D.Vele,00-0039424,NO,WR,receiving/receiving_yards,receiving,POST_INACTIVES_FINAL,2026-09-13T16:13:33.450638Z,b5b02f6365ead28f,SECONDARY_RECEIVER,35.963,29.0,0.0,11.0,29.0,53.0,79.0,69.0,-33.037,33.037,-47.8797,0.851858,False,True,True,23.375703,1000,PARTIAL_PLAYER_COVERAGE,,False,derived from previous_primary_detail; the board predates the qb3_configuration field,1415dd98ba7f701af23d20b9aa63c7e2dd5bd6a924978a650f9b6b47eb55f9bd
2026_01_NO_DET,2026-09-13T17:00:00Z,B.Lance,00-0041067,NO,WR,receiving/targets,receiving,POST_INACTIVES_FINAL,2026-09-13T16:13:33.450638Z,b5b02f6365ead28f,DEPTH_RECEIVER,2.128,1.0,0.0,0.0,1.0,3.0,6.0,5.0,-2.872,2.872,-57.44,0.852009,False,True,True,2.1766,1000,PARTIAL_PLAYER_COVERAGE,,False,derived from previous_primary_detail; the board predates the qb3_configuration field,1415dd98ba7f701af23d20b9aa63c7e2dd5bd6a924978a650f9b6b47eb55f9bd
2026_01_NO_DET,2026-09-13T17:00:00Z,B.Lance,00-0041067,NO,WR,receiving/receptions,receiving,POST_INACTIVES_FINAL,2026-09-13T16:13:33.450638Z,b5b02f6365ead28f,DEPTH_RECEIVER,1.366,1.0,0.0,0.0,1.0,2.0,4.0,3.0,-1.634,1.634,-54.4667,0.819582,False,True,True,1.32223,1000,PARTIAL_PLAYER_COVERAGE,,False,derived from previous_primary_detail; the board predates the qb3_configuration field,1415dd98ba7f701af23d20b9aa63c7e2dd5bd6a924978a650f9b6b47eb55f9bd
2026_01_NO_DET,2026-09-13T17:00:00Z,B.Lance,00-0041067,NO,WR,receiving/receiving_yards,receiving,POST_INACTIVES_FINAL,2026-09-13T16:13:33.450638Z,b5b02f6365ead28f,DEPTH_RECEIVER,17.191,4.0,0.0,0.0,4.0,26.0,51.1,42.0,-24.809,24.809,-59.069,0.860643,False,True,True,20.839343,1000,PARTIAL_PLAYER_COVERAGE,,False,derived from previous_primary_detail; the board predates the qb3_configuration field,1415dd98ba7f701af23d20b9aa63c7e2dd5bd6a924978a650f9b6b47eb55f9bd
2026_01_NO_DET,2026-09-13T17:00:00Z,B.Brown,00-0041099,NO,WR,receiving/targets,receiving,POST_INACTIVES_FINAL,2026-09-13T16:13:33.450638Z,b5b02f6365ead28f,DEPTH_RECEIVER,2.008,1.0,0.0,0.0,1.0,3.0,5.0,0.0,2.008,2.008,,0.079772,True,True,True,0.77791,1000,PARTIAL_PLAYER_COVERAGE,,False,derived from previous_primary_detail; the board predates the qb3_configuration field,1415dd98ba7f701af23d20b9aa63c7e2dd5bd6a924978a650f9b6b47eb55f9bd
2026_01_NO_DET,2026-09-13T17:00:00Z,B.Brown,00-0041099,NO,WR,receiving/receptions,receiving,POST_INACTIVES_FINAL,2026-09-13T16:13:33.450638Z,b5b02f6365ead28f,DEPTH_RECEIVER,1.277,1.0,0.0,0.0,1.0,2.0,4.0,0.0,1.277,1.277,,0.097357,True,True,True,0.446301,1000,PARTIAL_PLAYER_COVERAGE,,False,derived from previous_primary_detail; the board predates the qb3_configuration field,1415dd98ba7f701af23d20b9aa63c7e2dd5bd6a924978a650f9b6b47eb55f9bd
2026_01_NO_DET,2026-09-13T17:00:00Z,B.Brown,00-0041099,NO,WR,receiving/receiving_yards,receiving,POST_INACTIVES_FINAL,2026-09-13T16:13:33.450638Z,b5b02f6365ead28f,DEPTH_RECEIVER,15.786,4.0,0.0,0.0,4.0,22.25,48.0,0.0,15.786,15.786,,0.104429,True,True,True,4.616626,1000,PARTIAL_PLAYER_COVERAGE,,False,derived from previous_primary_detail; the board predates the qb3_configuration field,1415dd98ba7f701af23d20b9aa63c7e2dd5bd6a924978a650f9b6b47eb55f9bd
2026_01_NO_DET,2026-09-13T17:00:00Z,I.TeSlaa,00-0040669,DET,WR,receiving/targets,receiving,POST_INACTIVES_FINAL,2026-09-13T16:13:33.450638Z,b5b02f6365ead28f,DEPTH_RECEIVER,1.575,1.0,0.0,0.0,1.0,3.0,5.0,1.0,0.575,0.575,57.5,0.506593,True,True,True,0.492037,1000,PARTIAL_PLAYER_COVERAGE,,False,derived from previous_primary_detail; the board predates the qb3_configuration field,1415dd98ba7f701af23d20b9aa63c7e2dd5bd6a924978a650f9b6b47eb55f9bd
2026_01_NO_DET,2026-09-13T17:00:00Z,I.TeSlaa,00-0040669,DET,WR,receiving/receptions,receiving,POST_INACTIVES_FINAL,2026-09-13T16:13:33.450638Z,b5b02f6365ead28f,DEPTH_RECEIVER,0.965,0.0,0.0,0.0,0.0,2.0,3.0,0.0,0.965,0.965,,0.120731,True,True,True,0.286181,1000,PARTIAL_PLAYER_COVERAGE,,False,derived from previous_primary_detail; the board predates the qb3_configuration field,1415dd98ba7f701af23d20b9aa63c7e2dd5bd6a924978a650f9b6b47eb55f9bd
2026_01_NO_DET,2026-09-13T17:00:00Z,I.TeSlaa,00-0040669,DET,WR,receiving/receiving_yards,receiving,POST_INACTIVES_FINAL,2026-09-13T16:13:33.450638Z,b5b02f6365ead28f,DEPTH_RECEIVER,13.894,0.0,0.0,0.0,0.0,22.0,46.0,0.0,13.894,13.894,,0.123731,True,True,True,3.757932,1000,PARTIAL_PLAYER_COVERAGE,,False,derived from previous_primary_detail; the board predates the qb3_configuration field,1415dd98ba7f701af23d20b9aa63c7e2dd5bd6a924978a650f9b6b47eb55f9bd
2026_01_NO_DET,2026-09-13T17:00:00Z,J.Johnson,00-0036040,NO,TE,receiving/targets,receiving,POST_INACTIVES_FINAL,2026-09-13T16:13:33.450638Z,b5b02f6365ead28f,SECONDARY_RECEIVER,5.159,5.0,1.0,3.0,5.0,7.0,9.0,7.0,-1.841,1.841,-26.3,0.713659,True,True,True,1.309985,1000,PARTIAL_PLAYER_COVERAGE,,False,derived from previous_primary_detail; the board predates the qb3_configuration field,1415dd98ba7f701af23d20b9aa63c7e2dd5bd6a924978a650f9b6b47eb55f9bd
2026_01_NO_DET,2026-09-13T17:00:00Z,J.Johnson,00-0036040,NO,TE,receiving/receptions,receiving,POST_INACTIVES_FINAL,2026-09-13T16:13:33.450638Z,b5b02f6365ead28f,SECONDARY_RECEIVER,3.56,3.0,1.0,2.0,3.0,5.0,7.0,3.0,0.56,0.56,18.6667,0.419383,True,True,True,0.56979,1000,PARTIAL_PLAYER_COVERAGE,,False,derived from previous_primary_detail; the board predates the qb3_configuration field,1415dd98ba7f701af23d20b9aa63c7e2dd5bd6a924978a650f9b6b47eb55f9bd
2026_01_NO_DET,2026-09-13T17:00:00Z,J.Johnson,00-0036040,NO,TE,receiving/receiving_yards,receiving,POST_INACTIVES_FINAL,2026-09-13T16:13:33.450638Z,b5b02f6365ead28f,SECONDARY_RECEIVER,40.283,33.0,1.0,15.0,33.0,59.0,84.0,54.0,-13.717,13.717,-25.4019,0.701643,True,True,True,11.941675,1000,PARTIAL_PLAYER_COVERAGE,,False,derived from previous_primary_detail; the board predates the qb3_configuration field,1415dd98ba7f701af23d20b9aa63c7e2dd5bd6a924978a650f9b6b47eb55f9bd
2026_01_NO_DET,2026-09-13T17:00:00Z,S.LaPorta,00-0039065,DET,TE,receiving/targets,receiving,POST_INACTIVES_FINAL,2026-09-13T16:13:33.450638Z,b5b02f6365ead28f,SECONDARY_RECEIVER,5.101,5.0,2.0,3.0,5.0,7.0,9.0,8.0,-2.899,2.899,-36.2375,0.823726,False,True,True,1.927357,1000,PARTIAL_PLAYER_COVERAGE,,False,derived from previous_primary_detail; the board predates the qb3_configuration field,1415dd98ba7f701af23d20b9aa63c7e2dd5bd6a924978a650f9b6b47eb55f9bd
2026_01_NO_DET,2026-09-13T17:00:00Z,S.LaPorta,00-0039065,DET,TE,receiving/receptions,receiving,POST_INACTIVES_FINAL,2026-09-13T16:13:33.450638Z,b5b02f6365ead28f,SECONDARY_RECEIVER,3.727,3.0,1.0,2.0,3.0,5.0,7.0,5.0,-1.273,1.273,-25.46,0.700232,True,True,True,0.937831,1000,PARTIAL_PLAYER_COVERAGE,,False,derived from previous_primary_detail; the board predates the qb3_configuration field,1415dd98ba7f701af23d20b9aa63c7e2dd5bd6a924978a650f9b6b47eb55f9bd
2026_01_NO_DET,2026-09-13T17:00:00Z,S.LaPorta,00-0039065,DET,TE,receiving/receiving_yards,receiving,POST_INACTIVES_FINAL,2026-09-13T16:13:33.450638Z,b5b02f6365ead28f,SECONDARY_RECEIVER,40.637,35.0,6.0,18.0,35.0,57.25,79.1,48.0,-7.363,7.363,-15.3396,0.64893,True,True,True,8.953199,1000,PARTIAL_PLAYER_COVERAGE,,False,derived from previous_primary_detail; the board predates the qb3_configuration field,1415dd98ba7f701af23d20b9aa63c7e2dd5bd6a924978a650f9b6b47eb55f9bd
2026_01_NO_DET,2026-09-13T17:00:00Z,B.Wright,00-0036754,DET,TE,receiving/targets,receiving,POST_INACTIVES_FINAL,2026-09-13T16:13:33.450638Z,b5b02f6365ead28f,DEPTH_RECEIVER,2.297,2.0,0.0,1.0,2.0,4.0,5.0,1.0,1.297,1.297,129.7,0.290748,True,True,True,0.603799,1000,PARTIAL_PLAYER_COVERAGE,,False,derived from previous_primary_detail; the board predates the qb3_configuration field,1415dd98ba7f701af23d20b9aa63c7e2dd5bd6a924978a650f9b6b47eb55f9bd
2026_01_NO_DET,2026-09-13T17:00:00Z,B.Wright,00-0036754,DET,TE,receiving/receptions,receiving,POST_INACTIVES_FINAL,2026-09-13T16:13:33.450638Z,b5b02f6365ead28f,DEPTH_RECEIVER,1.708,1.0,0.0,0.0,1.0,3.0,4.0,1.0,0.708,0.708,70.8,0.351827,True,True,True,0.381694,1000,PARTIAL_PLAYER_COVERAGE,,False,derived from previous_primary_detail; the board predates the qb3_configuration field,1415dd98ba7f701af23d20b9aa63c7e2dd5bd6a924978a650f9b6b47eb55f9bd
2026_01_NO_DET,2026-09-13T17:00:00Z,B.Wright,00-0036754,DET,TE,receiving/receiving_yards,receiving,POST_INACTIVES_FINAL,2026-09-13T16:13:33.450638Z,b5b02f6365ead28f,DEPTH_RECEIVER,15.513,9.0,0.0,0.0,9.0,23.0,42.0,5.0,10.513,10.513,210.26,0.387077,True,True,True,4.428707,1000,PARTIAL_PLAYER_COVERAGE,,False,derived from previous_primary_detail; the board predates the qb3_configuration field,1415dd98ba7f701af23d20b9aa63c7e2dd5bd6a924978a650f9b6b47eb55f9bd
2026_01_NO_DET,2026-09-13T17:00:00Z,N.Fant,00-0035644,NO,TE,receiving/targets,receiving,POST_INACTIVES_FINAL,2026-09-13T16:13:33.450638Z,b5b02f6365ead28f,DEPTH_RECEIVER,1.185,0.0,0.0,0.0,0.0,2.0,4.0,8.0,-6.815,6.815,-85.1875,0.985072,False,False,False,6.008655,1000,PARTIAL_PLAYER_COVERAGE,,False,derived from previous_primary_detail; the board predates the qb3_configuration field,1415dd98ba7f701af23d20b9aa63c7e2dd5bd6a924978a650f9b6b47eb55f9bd
2026_01_NO_DET,2026-09-13T17:00:00Z,N.Fant,00-0035644,NO,TE,receiving/receptions,receiving,POST_INACTIVES_FINAL,2026-09-13T16:13:33.450638Z,b5b02f6365ead28f,DEPTH_RECEIVER,0.887,0.0,0.0,0.0,0.0,1.0,3.0,4.0,-3.113,3.113,-77.825,0.932007,False,False,True,2.593455,1000,PARTIAL_PLAYER_COVERAGE,,False,derived from previous_primary_detail; the board predates the qb3_configuration field,1415dd98ba7f701af23d20b9aa63c7e2dd5bd6a924978a650f9b6b47eb55f9bd
2026_01_NO_DET,2026-09-13T17:00:00Z,N.Fant,00-0035644,NO,TE,receiving/receiving_yards,receiving,POST_INACTIVES_FINAL,2026-09-13T16:13:33.450638Z,b5b02f6365ead28f,DEPTH_RECEIVER,9.17,0.0,0.0,0.0,0.0,12.0,31.0,33.0,-23.83,23.83,-72.2121,0.904643,False,False,True,20.360076,1000,PARTIAL_PLAYER_COVERAGE,,False,derived from previous_primary_detail; the board predates the qb3_configuration field,1415dd98ba7f701af23d20b9aa63c7e2dd5bd6a924978a650f9b6b47eb55f9bd
2026_01_NYJ_TEN,2026-09-13T17:00:00Z,C.Ward,00-0040676,TEN,QB,qb/att,qb,POST_INACTIVES_FINAL,2026-09-13T16:10:31.941044Z,6b868707173828c2,QB,19.201,23.0,0.0,0.0,23.0,34.0,40.0,32.0,-12.799,12.799,-39.9969,0.694431,True,True,True,7.630815,1000,PARTIAL_PLAYER_COVERAGE,,True,derived from previous_primary_detail; the board predates the qb3_configuration field,1415dd98ba7f701af23d20b9aa63c7e2dd5bd6a924978a650f9b6b47eb55f9bd
2026_01_NYJ_TEN,2026-09-13T17:00:00Z,C.Ward,00-0040676,TEN,QB,qb/cmp,qb,POST_INACTIVES_FINAL,2026-09-13T16:10:31.941044Z,6b868707173828c2,QB,11.763,13.0,0.0,0.0,13.0,21.0,26.0,19.0,-7.237,7.237,-38.0895,0.679221,True,True,True,4.648409,1000,PARTIAL_PLAYER_COVERAGE,,True,derived from previous_primary_detail; the board predates the qb3_configuration field,1415dd98ba7f701af23d20b9aa63c7e2dd5bd6a924978a650f9b6b47eb55f9bd
2026_01_NYJ_TEN,2026-09-13T17:00:00Z,C.Ward,00-0040676,TEN,QB,qb/pyds,qb,POST_INACTIVES_FINAL,2026-09-13T16:10:31.941044Z,6b868707173828c2,QB,123.5047,123.5788,0.0,0.0,123.5788,215.4375,283.5,140.0,-16.4953,16.4953,-11.7823,0.536643,True,True,True,38.15564,1000,PARTIAL_PLAYER_COVERAGE,,True,derived from previous_primary_detail; the board predates the qb3_configuration field,1415dd98ba7f701af23d20b9aa63c7e2dd5bd6a924978a650f9b6b47eb55f9bd
2026_01_NYJ_TEN,2026-09-13T17:00:00Z,C.Ward,00-0040676,TEN,QB,qb/ptd,qb,POST_INACTIVES_FINAL,2026-09-13T16:10:31.941044Z,6b868707173828c2,QB,0.641,0.0,0.0,0.0,0.0,1.0,2.0,1.0,-0.359,0.359,-35.9,0.673961,True,True,True,0.429335,1000,PARTIAL_PLAYER_COVERAGE,,True,derived from previous_primary_detail; the board predates the qb3_configuration field,1415dd98ba7f701af23d20b9aa63c7e2dd5bd6a924978a650f9b6b47eb55f9bd
2026_01_NYJ_TEN,2026-09-13T17:00:00Z,C.Ward,00-0040676,TEN,QB,qb/int,qb,POST_INACTIVES_FINAL,2026-09-13T16:10:31.941044Z,6b868707173828c2,QB,0.288,0.0,0.0,0.0,0.0,0.0,1.0,0.0,0.288,0.288,,0.16705,True,True,True,0.05219,1000,PARTIAL_PLAYER_COVERAGE,,True,derived from previous_primary_detail; the board predates the qb3_configuration field,1415dd98ba7f701af23d20b9aa63c7e2dd5bd6a924978a650f9b6b47eb55f9bd
2026_01_NYJ_TEN,2026-09-13T17:00:00Z,C.Ward,00-0040676,TEN,QB,qb/sacks,qb,POST_INACTIVES_FINAL,2026-09-13T16:10:31.941044Z,6b868707173828c2,QB,1.823,1.0,0.0,0.0,1.0,3.0,5.0,3.0,-1.177,1.177,-39.2333,0.681234,True,True,True,0.949113,1000,PARTIAL_PLAYER_COVERAGE,,True,derived from previous_primary_detail; the board predates the qb3_configuration field,1415dd98ba7f701af23d20b9aa63c7e2dd5bd6a924978a650f9b6b47eb55f9bd
2026_01_NYJ_TEN,2026-09-13T17:00:00Z,C.Ward,00-0040676,TEN,QB,qb/db,qb,POST_INACTIVES_FINAL,2026-09-13T16:10:31.941044Z,6b868707173828c2,QB,21.917,28.0,0.0,0.0,28.0,39.0,46.0,39.0,-17.083,17.083,-43.8026,0.753074,True,True,True,9.722673,1000,PARTIAL_PLAYER_COVERAGE,,True,derived from previous_primary_detail; the board predates the qb3_configuration field,1415dd98ba7f701af23d20b9aa63c7e2dd5bd6a924978a650f9b6b47eb55f9bd
2026_01_NYJ_TEN,2026-09-13T17:00:00Z,G.Smith,00-0030565,NYJ,QB,qb/att,qb,POST_INACTIVES_FINAL,2026-09-13T16:10:31.941044Z,6b868707173828c2,QB,17.258,20.0,0.0,0.0,20.0,31.0,37.0,24.0,-6.742,6.742,-28.0917,0.557573,True,True,True,5.998416,1000,PARTIAL_PLAYER_COVERAGE,,True,derived from previous_primary_detail; the board predates the qb3_configuration field,1415dd98ba7f701af23d20b9aa63c7e2dd5bd6a924978a650f9b6b47eb55f9bd
2026_01_NYJ_TEN,2026-09-13T17:00:00Z,G.Smith,00-0030565,NYJ,QB,qb/cmp,qb,POST_INACTIVES_FINAL,2026-09-13T16:10:31.941044Z,6b868707173828c2,QB,11.813,13.0,0.0,0.0,13.0,21.0,26.0,19.0,-7.187,7.187,-37.8263,0.64172,True,True,True,4.684513,1000,PARTIAL_PLAYER_COVERAGE,,True,derived from previous_primary_detail; the board predates the qb3_configuration field,1415dd98ba7f701af23d20b9aa63c7e2dd5bd6a924978a650f9b6b47eb55f9bd
2026_01_NYJ_TEN,2026-09-13T17:00:00Z,G.Smith,00-0030565,NYJ,QB,qb/pyds,qb,POST_INACTIVES_FINAL,2026-09-13T16:10:31.941044Z,6b868707173828c2,QB,126.8409,130.3478,0.0,0.0,130.3478,222.5568,286.9609,215.0,-88.1591,88.1591,-41.0042,0.734429,True,True,True,57.891875,1000,PARTIAL_PLAYER_COVERAGE,,True,derived from previous_primary_detail; the board predates the qb3_configuration field,1415dd98ba7f701af23d20b9aa63c7e2dd5bd6a924978a650f9b6b47eb55f9bd
2026_01_NYJ_TEN,2026-09-13T17:00:00Z,G.Smith,00-0030565,NYJ,QB,qb/ptd,qb,POST_INACTIVES_FINAL,2026-09-13T16:10:31.941044Z,6b868707173828c2,QB,0.766,0.0,0.0,0.0,0.0,1.0,2.0,0.0,0.766,0.766,,0.122661,True,True,True,0.23916,1000,PARTIAL_PLAYER_COVERAGE,,True,derived from previous_primary_detail; the board predates the qb3_configuration field,1415dd98ba7f701af23d20b9aa63c7e2dd5bd6a924978a650f9b6b47eb55f9bd
2026_01_NYJ_TEN,2026-09-13T17:00:00Z,G.Smith,00-0030565,NYJ,QB,qb/int,qb,POST_INACTIVES_FINAL,2026-09-13T16:10:31.941044Z,6b868707173828c2,QB,0.41,0.0,0.0,0.0,0.0,1.0,1.0,0.0,0.41,0.41,,0.149895,True,True,True,0.09854,1000,PARTIAL_PLAYER_COVERAGE,,True,derived from previous_primary_detail; the board predates the qb3_configuration field,1415dd98ba7f701af23d20b9aa63c7e2dd5bd6a924978a650f9b6b47eb55f9bd
2026_01_NYJ_TEN,2026-09-13T17:00:00Z,G.Smith,00-0030565,NYJ,QB,qb/sacks,qb,POST_INACTIVES_FINAL,2026-09-13T16:10:31.941044Z,6b868707173828c2,QB,1.535,1.0,0.0,0.0,1.0,3.0,4.0,0.0,1.535,1.535,,0.097786,True,True,True,0.579865,1000,PARTIAL_PLAYER_COVERAGE,,True,derived from previous_primary_detail; the board predates the qb3_configuration field,1415dd98ba7f701af23d20b9aa63c7e2dd5bd6a924978a650f9b6b47eb55f9bd
2026_01_NYJ_TEN,2026-09-13T17:00:00Z,G.Smith,00-0030565,NYJ,QB,qb/db,qb,POST_INACTIVES_FINAL,2026-09-13T16:10:31.941044Z,6b868707173828c2,QB,19.594,23.0,0.0,0.0,23.0,35.0,42.0,26.0,-6.406,6.406,-24.6385,0.545643,True,True,True,6.67897,1000,PARTIAL_PLAYER_COVERAGE,,True,derived from previous_primary_detail; the board predates the qb3_configuration field,1415dd98ba7f701af23d20b9aa63c7e2dd5bd6a924978a650f9b6b47eb55f9bd
2026_01_SF_LA,2026-09-11T00:35:00Z,M.Stafford,00-0026498,LA,QB,qb/att,qb,POST_INACTIVES_FINAL,2026-09-11T00:13:09.885625Z,5e70d8847e32c7ae,QB,30.266,31.0,19.0,26.0,31.0,36.0,43.0,25.0,5.266,5.266,21.064,0.206077,False,True,True,3.713372,1000,PARTIAL_PLAYER_COVERAGE,,True,derived from previous_primary_detail; the board predates the qb3_configuration field,1415dd98ba7f701af23d20b9aa63c7e2dd5bd6a924978a650f9b6b47eb55f9bd
2026_01_SF_LA,2026-09-11T00:35:00Z,M.Stafford,00-0026498,LA,QB,qb/cmp,qb,POST_INACTIVES_FINAL,2026-09-11T00:13:09.885625Z,5e70d8847e32c7ae,QB,19.468,20.0,12.0,16.0,20.0,24.0,28.0,15.0,4.468,4.468,29.7867,0.196007,False,True,True,2.944634,1000,PARTIAL_PLAYER_COVERAGE,,True,derived from previous_primary_detail; the board predates the qb3_configuration field,1415dd98ba7f701af23d20b9aa63c7e2dd5bd6a924978a650f9b6b47eb55f9bd
2026_01_SF_LA,2026-09-11T00:35:00Z,M.Stafford,00-0026498,LA,QB,qb/pyds,qb,POST_INACTIVES_FINAL,2026-09-11T00:13:09.885625Z,5e70d8847e32c7ae,QB,221.6339,222.5,105.3273,167.0,222.5,283.0,340.0,155.0,66.6339,66.6339,42.9896,0.210214,False,True,True,41.354697,1000,PARTIAL_PLAYER_COVERAGE,,True,derived from previous_primary_detail; the board predates the qb3_configuration field,1415dd98ba7f701af23d20b9aa63c7e2dd5bd6a924978a650f9b6b47eb55f9bd
2026_01_SF_LA,2026-09-11T00:35:00Z,M.Stafford,00-0026498,LA,QB,qb/ptd,qb,POST_INACTIVES_FINAL,2026-09-11T00:13:09.885625Z,5e70d8847e32c7ae,QB,1.415,1.0,0.0,0.0,1.0,2.0,3.0,0.0,1.415,1.415,,0.060687,True,True,True,0.732009,1000,PARTIAL_PLAYER_COVERAGE,,True,derived from previous_primary_detail; the board predates the qb3_configuration field,1415dd98ba7f701af23d20b9aa63c7e2dd5bd6a924978a650f9b6b47eb55f9bd
2026_01_SF_LA,2026-09-11T00:35:00Z,M.Stafford,00-0026498,LA,QB,qb/int,qb,POST_INACTIVES_FINAL,2026-09-11T00:13:09.885625Z,5e70d8847e32c7ae,QB,0.635,0.0,0.0,0.0,0.0,1.0,2.0,1.0,-0.365,0.365,-36.5,0.596197,True,True,True,0.290359,1000,PARTIAL_PLAYER_COVERAGE,,True,derived from previous_primary_detail; the board predates the qb3_configuration field,1415dd98ba7f701af23d20b9aa63c7e2dd5bd6a924978a650f9b6b47eb55f9bd
2026_01_SF_LA,2026-09-11T00:35:00Z,M.Stafford,00-0026498,LA,QB,qb/sacks,qb,POST_INACTIVES_FINAL,2026-09-11T00:13:09.885625Z,5e70d8847e32c7ae,QB,1.804,2.0,0.0,1.0,2.0,3.0,4.0,0.0,1.804,1.804,,0.043103,False,True,True,1.002226,1000,PARTIAL_PLAYER_COVERAGE,,True,derived from previous_primary_detail; the board predates the qb3_configuration field,1415dd98ba7f701af23d20b9aa63c7e2dd5bd6a924978a650f9b6b47eb55f9bd
2026_01_SF_LA,2026-09-11T00:35:00Z,M.Stafford,00-0026498,LA,QB,qb/db,qb,POST_INACTIVES_FINAL,2026-09-11T00:13:09.885625Z,5e70d8847e32c7ae,QB,32.645,33.0,22.0,29.0,33.0,39.0,47.0,25.0,7.645,7.645,30.58,0.152792,False,True,True,5.248433,1000,PARTIAL_PLAYER_COVERAGE,,True,derived from previous_primary_detail; the board predates the qb3_configuration field,1415dd98ba7f701af23d20b9aa63c7e2dd5bd6a924978a650f9b6b47eb55f9bd
2026_01_SF_LA,2026-09-11T00:35:00Z,B.Purdy,00-0037834,SF,QB,qb/att,qb,POST_INACTIVES_FINAL,2026-09-11T00:13:09.885625Z,5e70d8847e32c7ae,QB,26.708,28.0,14.0,22.0,28.0,34.0,39.0,34.0,-7.292,7.292,-21.4471,0.742219,True,True,True,3.774872,1000,PARTIAL_PLAYER_COVERAGE,,True,derived from previous_primary_detail; the board predates the qb3_configuration field,1415dd98ba7f701af23d20b9aa63c7e2dd5bd6a924978a650f9b6b47eb55f9bd
2026_01_SF_LA,2026-09-11T00:35:00Z,B.Purdy,00-0037834,SF,QB,qb/cmp,qb,POST_INACTIVES_FINAL,2026-09-11T00:13:09.885625Z,5e70d8847e32c7ae,QB,17.806,19.0,8.9,14.0,19.0,23.0,26.0,25.0,-7.194,7.194,-28.776,0.83365,False,True,True,3.930812,1000,PARTIAL_PLAYER_COVERAGE,,True,derived from previous_primary_detail; the board predates the qb3_configuration field,1415dd98ba7f701af23d20b9aa63c7e2dd5bd6a924978a650f9b6b47eb55f9bd
2026_01_SF_LA,2026-09-11T00:35:00Z,B.Purdy,00-0037834,SF,QB,qb/pyds,qb,POST_INACTIVES_FINAL,2026-09-11T00:13:09.885625Z,5e70d8847e32c7ae,QB,210.4961,216.0,83.098,152.225,216.0,272.0,335.0,205.0,5.4961,5.4961,2.681,0.450643,True,True,True,21.972322,1000,PARTIAL_PLAYER_COVERAGE,,True,derived from previous_primary_detail; the board predates the qb3_configuration field,1415dd98ba7f701af23d20b9aa63c7e2dd5bd6a924978a650f9b6b47eb55f9bd
2026_01_SF_LA,2026-09-11T00:35:00Z,B.Purdy,00-0037834,SF,QB,qb/ptd,qb,POST_INACTIVES_FINAL,2026-09-11T00:13:09.885625Z,5e70d8847e32c7ae,QB,1.185,1.0,0.0,0.0,1.0,2.0,3.0,3.0,-1.815,1.815,-60.5,0.882943,False,True,True,1.308843,1000,PARTIAL_PLAYER_COVERAGE,,True,derived from previous_primary_detail; the board predates the qb3_configuration field,1415dd98ba7f701af23d20b9aa63c7e2dd5bd6a924978a650f9b6b47eb55f9bd
2026_01_SF_LA,2026-09-11T00:35:00Z,B.Purdy,00-0037834,SF,QB,qb/int,qb,POST_INACTIVES_FINAL,2026-09-11T00:13:09.885625Z,5e70d8847e32c7ae,QB,0.746,0.0,0.0,0.0,0.0,1.0,2.0,1.0,-0.254,0.254,-25.4,0.568549,True,True,True,0.287502,1000,PARTIAL_PLAYER_COVERAGE,,True,derived from previous_primary_detail; the board predates the qb3_configuration field,1415dd98ba7f701af23d20b9aa63c7e2dd5bd6a924978a650f9b6b47eb55f9bd
2026_01_SF_LA,2026-09-11T00:35:00Z,B.Purdy,00-0037834,SF,QB,qb/sacks,qb,POST_INACTIVES_FINAL,2026-09-11T00:13:09.885625Z,5e70d8847e32c7ae,QB,1.537,1.0,0.0,1.0,1.0,2.0,3.0,0.0,1.537,1.537,,0.052967,False,True,True,0.827787,1000,PARTIAL_PLAYER_COVERAGE,,True,derived from previous_primary_detail; the board predates the qb3_configuration field,1415dd98ba7f701af23d20b9aa63c7e2dd5bd6a924978a650f9b6b47eb55f9bd
2026_01_SF_LA,2026-09-11T00:35:00Z,B.Purdy,00-0037834,SF,QB,qb/db,qb,POST_INACTIVES_FINAL,2026-09-11T00:13:09.885625Z,5e70d8847e32c7ae,QB,29.872,31.0,15.0,25.0,31.0,38.0,43.0,36.0,-6.128,6.128,-17.0222,0.680079,True,True,True,3.24521,1000,PARTIAL_PLAYER_COVERAGE,,True,derived from previous_primary_detail; the board predates the qb3_configuration field,1415dd98ba7f701af23d20b9aa63c7e2dd5bd6a924978a650f9b6b47eb55f9bd
2026_01_SF_LA,2026-09-11T00:35:00Z,S.Bennett,00-0039107,LA,QB,qb/att,qb,POST_INACTIVES_FINAL,2026-09-11T00:13:09.885625Z,5e70d8847e32c7ae,QB,1.582,0.0,0.0,0.0,0.0,0.0,4.0,3.0,-1.418,1.418,-47.2667,0.875361,False,True,True,2.089342,1000,PARTIAL_PLAYER_COVERAGE,,True,derived from previous_primary_detail; the board predates the qb3_configuration field,1415dd98ba7f701af23d20b9aa63c7e2dd5bd6a924978a650f9b6b47eb55f9bd
2026_01_SF_LA,2026-09-11T00:35:00Z,S.Bennett,00-0039107,LA,QB,qb/cmp,qb,POST_INACTIVES_FINAL,2026-09-11T00:13:09.885625Z,5e70d8847e32c7ae,QB,0.989,0.0,0.0,0.0,0.0,0.0,3.0,2.0,-1.011,1.011,-50.55,0.875219,False,True,True,1.479717,1000,PARTIAL_PLAYER_COVERAGE,,True,derived from previous_primary_detail; the board predates the qb3_configuration field,1415dd98ba7f701af23d20b9aa63c7e2dd5bd6a924978a650f9b6b47eb55f9bd
2026_01_SF_LA,2026-09-11T00:35:00Z,S.Bennett,00-0039107,LA,QB,qb/pyds,qb,POST_INACTIVES_FINAL,2026-09-11T00:13:09.885625Z,5e70d8847e32c7ae,QB,11.6447,0.0,0.0,0.0,0.0,0.0,25.242,13.0,-1.3553,1.3553,-10.4257,0.836,False,True,True,8.83292,1000,PARTIAL_PLAYER_COVERAGE,,True,derived from previous_primary_detail; the board predates the qb3_configuration field,1415dd98ba7f701af23d20b9aa63c7e2dd5bd6a924978a650f9b6b47eb55f9bd
2026_01_SF_LA,2026-09-11T00:35:00Z,S.Bennett,00-0039107,LA,QB,qb/ptd,qb,POST_INACTIVES_FINAL,2026-09-11T00:13:09.885625Z,5e70d8847e32c7ae,QB,0.076,0.0,0.0,0.0,0.0,0.0,0.0,0.0,0.076,0.076,,0.202862,True,True,True,0.003198,1000,PARTIAL_PLAYER_COVERAGE,,True,derived from previous_primary_detail; the board predates the qb3_configuration field,1415dd98ba7f701af23d20b9aa63c7e2dd5bd6a924978a650f9b6b47eb55f9bd
2026_01_SF_LA,2026-09-11T00:35:00Z,S.Bennett,00-0039107,LA,QB,qb/int,qb,POST_INACTIVES_FINAL,2026-09-11T00:13:09.885625Z,5e70d8847e32c7ae,QB,0.034,0.0,0.0,0.0,0.0,0.0,0.0,0.0,0.034,0.034,,0.208652,True,True,True,0.000756,1000,PARTIAL_PLAYER_COVERAGE,,True,derived from previous_primary_detail; the board predates the qb3_configuration field,1415dd98ba7f701af23d20b9aa63c7e2dd5bd6a924978a650f9b6b47eb55f9bd
2026_01_SF_LA,2026-09-11T00:35:00Z,S.Bennett,00-0039107,LA,QB,qb/sacks,qb,POST_INACTIVES_FINAL,2026-09-11T00:13:09.885625Z,5e70d8847e32c7ae,QB,0.094,0.0,0.0,0.0,0.0,0.0,0.0,0.0,0.094,0.094,,0.200289,True,True,True,0.004748,1000,PARTIAL_PLAYER_COVERAGE,,True,derived from previous_primary_detail; the board predates the qb3_configuration field,1415dd98ba7f701af23d20b9aa63c7e2dd5bd6a924978a650f9b6b47eb55f9bd
2026_01_SF_LA,2026-09-11T00:35:00Z,S.Bennett,00-0039107,LA,QB,qb/db,qb,POST_INACTIVES_FINAL,2026-09-11T00:13:09.885625Z,5e70d8847e32c7ae,QB,1.752,0.0,0.0,0.0,0.0,0.0,4.0,4.0,-2.248,2.248,-56.2,0.893359,False,True,True,2.854546,1000,PARTIAL_PLAYER_COVERAGE,,True,derived from previous_primary_detail; the board predates the qb3_configuration field,1415dd98ba7f701af23d20b9aa63c7e2dd5bd6a924978a650f9b6b47eb55f9bd
2026_01_SF_LA,2026-09-11T00:35:00Z,C.McCaffrey,00-0033280,SF,RB,rushing/carries,rushing,POST_INACTIVES_FINAL,2026-09-11T00:13:09.885625Z,5e70d8847e32c7ae,PRIMARY_RUSHER,13.6403,13.1996,5.966,9.4501,13.1996,17.6023,22.125,10.0,3.6403,3.6403,36.4031,0.276,True,True,True,2.144305,1000,PARTIAL_PLAYER_COVERAGE,,False,derived from previous_primary_detail; the board predates the qb3_configuration field,1415dd98ba7f701af23d20b9aa63c7e2dd5bd6a924978a650f9b6b47eb55f9bd
2026_01_SF_LA,2026-09-11T00:35:00Z,C.McCaffrey,00-0033280,SF,RB,receiving/targets,receiving,POST_INACTIVES_FINAL,2026-09-11T00:13:09.885625Z,5e70d8847e32c7ae,DEPTH_RECEIVER,4.816,5.0,1.0,3.0,5.0,7.0,9.0,8.0,-3.184,3.184,-39.8,0.843153,False,True,True,2.07444,1000,PARTIAL_PLAYER_COVERAGE,,False,derived from previous_primary_detail; the board predates the qb3_configuration field,1415dd98ba7f701af23d20b9aa63c7e2dd5bd6a924978a650f9b6b47eb55f9bd
2026_01_SF_LA,2026-09-11T00:35:00Z,C.McCaffrey,00-0033280,SF,RB,receiving/receptions,receiving,POST_INACTIVES_FINAL,2026-09-11T00:13:09.885625Z,5e70d8847e32c7ae,DEPTH_RECEIVER,3.914,4.0,1.0,2.0,4.0,5.0,7.0,5.0,-1.086,1.086,-21.72,0.656877,True,True,True,0.826242,1000,PARTIAL_PLAYER_COVERAGE,,False,derived from previous_primary_detail; the board predates the qb3_configuration field,1415dd98ba7f701af23d20b9aa63c7e2dd5bd6a924978a650f9b6b47eb55f9bd
2026_01_SF_LA,2026-09-11T00:35:00Z,C.McCaffrey,00-0033280,SF,RB,receiving/receiving_yards,receiving,POST_INACTIVES_FINAL,2026-09-11T00:13:09.885625Z,5e70d8847e32c7ae,DEPTH_RECEIVER,34.839,30.0,4.9,15.0,30.0,51.0,71.0,20.0,14.839,14.839,74.195,0.338144,True,True,True,7.869675,1000,PARTIAL_PLAYER_COVERAGE,,False,derived from previous_primary_detail; the board predates the qb3_configuration field,1415dd98ba7f701af23d20b9aa63c7e2dd5bd6a924978a650f9b6b47eb55f9bd
2026_01_SF_LA,2026-09-11T00:35:00Z,K.Williams,00-0037840,LA,RB,rushing/carries,rushing,POST_INACTIVES_FINAL,2026-09-11T00:13:09.885625Z,5e70d8847e32c7ae,PRIMARY_RUSHER,10.8421,10.4226,2.9376,7.0379,10.4226,14.1074,18.5065,11.0,-0.1579,0.1579,-1.4356,0.536,True,True,True,1.338767,1000,PARTIAL_PLAYER_COVERAGE,,False,derived from previous_primary_detail; the board predates the qb3_configuration field,1415dd98ba7f701af23d20b9aa63c7e2dd5bd6a924978a650f9b6b47eb55f9bd
2026_01_SF_LA,2026-09-11T00:35:00Z,K.Williams,00-0037840,LA,RB,receiving/targets,receiving,POST_INACTIVES_FINAL,2026-09-11T00:13:09.885625Z,5e70d8847e32c7ae,DEPTH_RECEIVER,2.252,2.0,0.0,0.0,2.0,3.0,5.0,3.0,-0.748,0.748,-24.9333,0.647737,True,True,True,0.747118,1000,PARTIAL_PLAYER_COVERAGE,,False,derived from previous_primary_detail; the board predates the qb3_configuration field,1415dd98ba7f701af23d20b9aa63c7e2dd5bd6a924978a650f9b6b47eb55f9bd
2026_01_SF_LA,2026-09-11T00:35:00Z,K.Williams,00-0037840,LA,RB,receiving/receptions,receiving,POST_INACTIVES_FINAL,2026-09-11T00:13:09.885625Z,5e70d8847e32c7ae,DEPTH_RECEIVER,1.67,1.0,0.0,0.0,1.0,3.0,4.0,3.0,-1.33,1.33,-44.3333,0.763947,True,True,True,0.99069,1000,PARTIAL_PLAYER_COVERAGE,,False,derived from previous_primary_detail; the board predates the qb3_configuration field,1415dd98ba7f701af23d20b9aa63c7e2dd5bd6a924978a650f9b6b47eb55f9bd
2026_01_SF_LA,2026-09-11T00:35:00Z,K.Williams,00-0037840,LA,RB,receiving/receiving_yards,receiving,POST_INACTIVES_FINAL,2026-09-11T00:13:09.885625Z,5e70d8847e32c7ae,DEPTH_RECEIVER,11.167,7.0,0.0,0.0,7.0,18.0,31.0,24.0,-12.833,12.833,-53.4708,0.835501,False,True,True,9.898533,1000,PARTIAL_PLAYER_COVERAGE,,False,derived from previous_primary_detail; the board predates the qb3_configuration field,1415dd98ba7f701af23d20b9aa63c7e2dd5bd6a924978a650f9b6b47eb55f9bd
2026_01_SF_LA,2026-09-11T00:35:00Z,B.Corum,00-0039738,LA,RB,rushing/carries,rushing,POST_INACTIVES_FINAL,2026-09-11T00:13:09.885625Z,5e70d8847e32c7ae,SECONDARY_RUSHER,5.3448,5.0006,0.0,0.0,5.0006,7.9254,11.5351,10.0,-4.6552,4.6552,-46.552,0.857,False,True,True,3.220389,1000,PARTIAL_PLAYER_COVERAGE,,False,derived from previous_primary_detail; the board predates the qb3_configuration field,1415dd98ba7f701af23d20b9aa63c7e2dd5bd6a924978a650f9b6b47eb55f9bd
2026_01_SF_LA,2026-09-11T00:35:00Z,B.Corum,00-0039738,LA,RB,receiving/targets,receiving,POST_INACTIVES_FINAL,2026-09-11T00:13:09.885625Z,5e70d8847e32c7ae,DEPTH_RECEIVER,0.692,0.0,0.0,0.0,0.0,1.0,2.0,0.0,0.692,0.692,,0.151182,True,True,True,0.126804,1000,PARTIAL_PLAYER_COVERAGE,,False,derived from previous_primary_detail; the board predates the qb3_configuration field,1415dd98ba7f701af23d20b9aa63c7e2dd5bd6a924978a650f9b6b47eb55f9bd
2026_01_SF_LA,2026-09-11T00:35:00Z,B.Corum,00-0039738,LA,RB,receiving/receptions,receiving,POST_INACTIVES_FINAL,2026-09-11T00:13:09.885625Z,5e70d8847e32c7ae,DEPTH_RECEIVER,0.483,0.0,0.0,0.0,0.0,0.0,2.0,0.0,0.483,0.483,,0.162547,True,True,True,0.078085,1000,PARTIAL_PLAYER_COVERAGE,,False,derived from previous_primary_detail; the board predates the qb3_configuration field,1415dd98ba7f701af23d20b9aa63c7e2dd5bd6a924978a650f9b6b47eb55f9bd
2026_01_SF_LA,2026-09-11T00:35:00Z,B.Corum,00-0039738,LA,RB,receiving/receiving_yards,receiving,POST_INACTIVES_FINAL,2026-09-11T00:13:09.885625Z,5e70d8847e32c7ae,DEPTH_RECEIVER,3.078,0.0,0.0,0.0,0.0,0.0,13.0,0.0,3.078,3.078,,0.186976,True,True,True,0.421706,1000,PARTIAL_PLAYER_COVERAGE,,False,derived from previous_primary_detail; the board predates the qb3_configuration field,1415dd98ba7f701af23d20b9aa63c7e2dd5bd6a924978a650f9b6b47eb55f9bd
2026_01_SF_LA,2026-09-11T00:35:00Z,K.Black,00-0041052,SF,RB,rushing/carries,rushing,POST_INACTIVES_FINAL,2026-09-11T00:13:09.885625Z,5e70d8847e32c7ae,SECONDARY_RUSHER,3.2294,2.4527,0.0,0.8384,2.4527,4.2841,6.8196,14.0,-10.7706,10.7706,-76.9326,0.979,False,False,False,9.352437,1000,PARTIAL_PLAYER_COVERAGE,,False,derived from previous_primary_detail; the board predates the qb3_configuration field,1415dd98ba7f701af23d20b9aa63c7e2dd5bd6a924978a650f9b6b47eb55f9bd
2026_01_SF_LA,2026-09-11T00:35:00Z,K.Black,00-0041052,SF,RB,receiving/targets,receiving,POST_INACTIVES_FINAL,2026-09-11T00:13:09.885625Z,5e70d8847e32c7ae,DEPTH_RECEIVER,1.01,0.0,0.0,0.0,0.0,2.0,3.0,1.0,0.01,0.01,1.0,0.570678,True,True,True,0.360818,1000,PARTIAL_PLAYER_COVERAGE,,False,derived from previous_primary_detail; the board predates the qb3_configuration field,1415dd98ba7f701af23d20b9aa63c7e2dd5bd6a924978a650f9b6b47eb55f9bd
2026_01_SF_LA,2026-09-11T00:35:00Z,K.Black,00-0041052,SF,RB,receiving/receptions,receiving,POST_INACTIVES_FINAL,2026-09-11T00:13:09.885625Z,5e70d8847e32c7ae,DEPTH_RECEIVER,0.805,0.0,0.0,0.0,0.0,1.0,2.0,1.0,-0.195,0.195,-19.5,0.618109,True,True,True,0.368149,1000,PARTIAL_PLAYER_COVERAGE,,False,derived from previous_primary_detail; the board predates the qb3_configuration field,1415dd98ba7f701af23d20b9aa63c7e2dd5bd6a924978a650f9b6b47eb55f9bd
2026_01_SF_LA,2026-09-11T00:35:00Z,K.Black,00-0041052,SF,RB,receiving/receiving_yards,receiving,POST_INACTIVES_FINAL,2026-09-11T00:13:09.885625Z,5e70d8847e32c7ae,DEPTH_RECEIVER,5.752,0.0,0.0,0.0,0.0,8.0,18.1,5.0,0.752,0.752,15.04,0.684074,True,True,True,2.630336,1000,PARTIAL_PLAYER_COVERAGE,,False,derived from previous_primary_detail; the board predates the qb3_configuration field,1415dd98ba7f701af23d20b9aa63c7e2dd5bd6a924978a650f9b6b47eb55f9bd
2026_01_SF_LA,2026-09-11T00:35:00Z,R.Rivers,00-0037557,LA,RB,rushing/carries,rushing,POST_INACTIVES_FINAL,2026-09-11T00:13:09.885625Z,5e70d8847e32c7ae,SECONDARY_RUSHER,2.0811,0.0,0.0,0.0,0.0,3.1562,6.1311,5.0,-2.9189,2.9189,-58.3786,0.862,False,True,True,2.457973,1000,PARTIAL_PLAYER_COVERAGE,,False,derived from previous_primary_detail; the board predates the qb3_configuration field,1415dd98ba7f701af23d20b9aa63c7e2dd5bd6a924978a650f9b6b47eb55f9bd
2026_01_SF_LA,2026-09-11T00:35:00Z,R.Rivers,00-0037557,LA,RB,receiving/targets,receiving,POST_INACTIVES_FINAL,2026-09-11T00:13:09.885625Z,5e70d8847e32c7ae,DEPTH_RECEIVER,0.451,0.0,0.0,0.0,0.0,0.0,2.0,1.0,-0.549,0.549,-54.9,0.816228,False,True,True,0.656705,1000,PARTIAL_PLAYER_COVERAGE,,False,derived from previous_primary_detail; the board predates the qb3_configuration field,1415dd98ba7f701af23d20b9aa63c7e2dd5bd6a924978a650f9b6b47eb55f9bd
2026_01_SF_LA,2026-09-11T00:35:00Z,R.Rivers,00-0037557,LA,RB,receiving/receptions,receiving,POST_INACTIVES_FINAL,2026-09-11T00:13:09.885625Z,5e70d8847e32c7ae,DEPTH_RECEIVER,0.41,0.0,0.0,0.0,0.0,0.0,2.0,1.0,-0.59,0.59,-59.0,0.821085,False,True,True,0.65921,1000,PARTIAL_PLAYER_COVERAGE,,False,derived from previous_primary_detail; the board predates the qb3_configuration field,1415dd98ba7f701af23d20b9aa63c7e2dd5bd6a924978a650f9b6b47eb55f9bd
2026_01_SF_LA,2026-09-11T00:35:00Z,R.Rivers,00-0037557,LA,RB,receiving/receiving_yards,receiving,POST_INACTIVES_FINAL,2026-09-11T00:13:09.885625Z,5e70d8847e32c7ae,DEPTH_RECEIVER,2.398,0.0,0.0,0.0,0.0,0.0,9.0,5.0,-2.602,2.602,-52.04,0.851501,False,True,True,3.533506,1000,PARTIAL_PLAYER_COVERAGE,,False,derived from previous_primary_detail; the board predates the qb3_configuration field,1415dd98ba7f701af23d20b9aa63c7e2dd5bd6a924978a650f9b6b47eb55f9bd
2026_01_SF_LA,2026-09-11T00:35:00Z,P.Nacua,00-0039075,LA,WR,receiving/targets,receiving,POST_INACTIVES_FINAL,2026-09-11T00:13:09.885625Z,5e70d8847e32c7ae,PRIMARY_RECEIVER,7.563,7.0,1.0,5.0,7.0,10.0,13.0,9.0,-1.437,1.437,-15.9667,0.625871,True,True,True,1.188065,1000,PARTIAL_PLAYER_COVERAGE,,False,derived from previous_primary_detail; the board predates the qb3_configuration field,1415dd98ba7f701af23d20b9aa63c7e2dd5bd6a924978a650f9b6b47eb55f9bd
2026_01_SF_LA,2026-09-11T00:35:00Z,P.Nacua,00-0039075,LA,WR,receiving/receptions,receiving,POST_INACTIVES_FINAL,2026-09-11T00:13:09.885625Z,5e70d8847e32c7ae,PRIMARY_RECEIVER,5.442,5.0,0.0,3.0,5.0,8.0,10.0,5.0,0.442,0.442,8.84,0.437735,True,True,True,0.754962,1000,PARTIAL_PLAYER_COVERAGE,,False,derived from previous_primary_detail; the board predates the qb3_configuration field,1415dd98ba7f701af23d20b9aa63c7e2dd5bd6a924978a650f9b6b47eb55f9bd
2026_01_SF_LA,2026-09-11T00:35:00Z,P.Nacua,00-0039075,LA,WR,receiving/receiving_yards,receiving,POST_INACTIVES_FINAL,2026-09-11T00:13:09.885625Z,5e70d8847e32c7ae,PRIMARY_RECEIVER,71.003,66.0,0.0,34.0,66.0,99.0,140.0,74.0,-2.997,2.997,-4.05,0.567643,True,True,True,12.024993,1000,PARTIAL_PLAYER_COVERAGE,,False,derived from previous_primary_detail; the board predates the qb3_configuration field,1415dd98ba7f701af23d20b9aa63c7e2dd5bd6a924978a650f9b6b47eb55f9bd
2026_01_SF_LA,2026-09-11T00:35:00Z,D.Adams,00-0031381,LA,WR,receiving/targets,receiving,POST_INACTIVES_FINAL,2026-09-11T00:13:09.885625Z,5e70d8847e32c7ae,SECONDARY_RECEIVER,6.37,6.0,2.0,4.0,6.0,9.0,11.0,6.0,0.37,0.37,6.1667,0.462873,True,True,True,0.869512,1000,PARTIAL_PLAYER_COVERAGE,,False,derived from previous_primary_detail; the board predates the qb3_configuration field,1415dd98ba7f701af23d20b9aa63c7e2dd5bd6a924978a650f9b6b47eb55f9bd
2026_01_SF_LA,2026-09-11T00:35:00Z,D.Adams,00-0031381,LA,WR,receiving/receptions,receiving,POST_INACTIVES_FINAL,2026-09-11T00:13:09.885625Z,5e70d8847e32c7ae,SECONDARY_RECEIVER,3.966,4.0,1.0,2.0,4.0,6.0,7.0,3.0,0.966,0.966,32.2,0.351311,True,True,True,0.663254,1000,PARTIAL_PLAYER_COVERAGE,,False,derived from previous_primary_detail; the board predates the qb3_configuration field,1415dd98ba7f701af23d20b9aa63c7e2dd5bd6a924978a650f9b6b47eb55f9bd
2026_01_SF_LA,2026-09-11T00:35:00Z,D.Adams,00-0031381,LA,WR,receiving/receiving_yards,receiving,POST_INACTIVES_FINAL,2026-09-11T00:13:09.885625Z,5e70d8847e32c7ae,SECONDARY_RECEIVER,50.719,43.0,1.0,20.0,43.0,73.0,107.0,26.0,24.719,24.719,95.0731,0.302503,True,True,True,12.350557,1000,PARTIAL_PLAYER_COVERAGE,,False,derived from previous_primary_detail; the board predates the qb3_configuration field,1415dd98ba7f701af23d20b9aa63c7e2dd5bd6a924978a650f9b6b47eb55f9bd
2026_01_SF_LA,2026-09-11T00:35:00Z,M.Evans,00-0031408,SF,WR,receiving/targets,receiving,POST_INACTIVES_FINAL,2026-09-11T00:13:09.885625Z,5e70d8847e32c7ae,SECONDARY_RECEIVER,4.927,5.0,0.9,3.0,5.0,7.0,9.0,7.0,-2.073,2.073,-29.6143,0.746372,True,True,True,1.369373,1000,PARTIAL_PLAYER_COVERAGE,,False,derived from previous_primary_detail; the board predates the qb3_configuration field,1415dd98ba7f701af23d20b9aa63c7e2dd5bd6a924978a650f9b6b47eb55f9bd
2026_01_SF_LA,2026-09-11T00:35:00Z,M.Evans,00-0031408,SF,WR,receiving/receptions,receiving,POST_INACTIVES_FINAL,2026-09-11T00:13:09.885625Z,5e70d8847e32c7ae,SECONDARY_RECEIVER,3.006,3.0,0.0,1.0,3.0,4.0,6.0,6.0,-2.994,2.994,-49.9,0.886151,False,True,True,2.07086,1000,PARTIAL_PLAYER_COVERAGE,,False,derived from previous_primary_detail; the board predates the qb3_configuration field,1415dd98ba7f701af23d20b9aa63c7e2dd5bd6a924978a650f9b6b47eb55f9bd
2026_01_SF_LA,2026-09-11T00:35:00Z,M.Evans,00-0031408,SF,WR,receiving/receiving_yards,receiving,POST_INACTIVES_FINAL,2026-09-11T00:13:09.885625Z,5e70d8847e32c7ae,SECONDARY_RECEIVER,42.735,34.5,0.0,12.0,34.5,64.0,93.0,49.0,-6.265,6.265,-12.7857,0.641359,True,True,True,10.719843,1000,PARTIAL_PLAYER_COVERAGE,,False,derived from previous_primary_detail; the board predates the qb3_configuration field,1415dd98ba7f701af23d20b9aa63c7e2dd5bd6a924978a650f9b6b47eb55f9bd
2026_01_SF_LA,2026-09-11T00:35:00Z,D.Samuel,00-0035719,SF,WR,receiving/targets,receiving,POST_INACTIVES_FINAL,2026-09-11T00:13:09.885625Z,5e70d8847e32c7ae,SECONDARY_RECEIVER,4.916,5.0,0.0,3.0,5.0,7.0,9.0,7.0,-2.084,2.084,-29.7714,0.727013,True,True,True,1.388528,1000,PARTIAL_PLAYER_COVERAGE,,False,derived from previous_primary_detail; the board predates the qb3_configuration field,1415dd98ba7f701af23d20b9aa63c7e2dd5bd6a924978a650f9b6b47eb55f9bd
2026_01_SF_LA,2026-09-11T00:35:00Z,D.Samuel,00-0035719,SF,WR,receiving/receptions,receiving,POST_INACTIVES_FINAL,2026-09-11T00:13:09.885625Z,5e70d8847e32c7ae,SECONDARY_RECEIVER,3.261,3.0,0.0,1.0,3.0,5.0,6.0,6.0,-2.739,2.739,-45.65,0.851298,False,True,True,1.816253,1000,PARTIAL_PLAYER_COVERAGE,,False,derived from previous_primary_detail; the board predates the qb3_configuration field,1415dd98ba7f701af23d20b9aa63c7e2dd5bd6a924978a650f9b6b47eb55f9bd
2026_01_SF_LA,2026-09-11T00:35:00Z,D.Samuel,00-0035719,SF,WR,receiving/receiving_yards,receiving,POST_INACTIVES_FINAL,2026-09-11T00:13:09.885625Z,5e70d8847e32c7ae,SECONDARY_RECEIVER,43.842,35.0,0.0,13.0,35.0,63.0,99.0,48.0,-4.158,4.158,-8.6625,0.633072,True,True,True,10.544704,1000,PARTIAL_PLAYER_COVERAGE,,False,derived from previous_primary_detail; the board predates the qb3_configuration field,1415dd98ba7f701af23d20b9aa63c7e2dd5bd6a924978a650f9b6b47eb55f9bd
2026_01_SF_LA,2026-09-11T00:35:00Z,J.Whittington,00-0039751,LA,WR,receiving/targets,receiving,POST_INACTIVES_FINAL,2026-09-11T00:13:09.885625Z,5e70d8847e32c7ae,DEPTH_RECEIVER,0.906,0.0,0.0,0.0,0.0,1.0,3.0,1.0,-0.094,0.094,-9.4,0.691088,True,True,True,0.528454,1000,PARTIAL_PLAYER_COVERAGE,,False,derived from previous_primary_detail; the board predates the qb3_configuration field,1415dd98ba7f701af23d20b9aa63c7e2dd5bd6a924978a650f9b6b47eb55f9bd
2026_01_SF_LA,2026-09-11T00:35:00Z,J.Whittington,00-0039751,LA,WR,receiving/receptions,receiving,POST_INACTIVES_FINAL,2026-09-11T00:13:09.885625Z,5e70d8847e32c7ae,DEPTH_RECEIVER,0.656,0.0,0.0,0.0,0.0,1.0,2.0,1.0,-0.344,0.344,-34.4,0.730591,True,True,True,0.534768,1000,PARTIAL_PLAYER_COVERAGE,,False,derived from previous_primary_detail; the board predates the qb3_configuration field,1415dd98ba7f701af23d20b9aa63c7e2dd5bd6a924978a650f9b6b47eb55f9bd
2026_01_SF_LA,2026-09-11T00:35:00Z,J.Whittington,00-0039751,LA,WR,receiving/receiving_yards,receiving,POST_INACTIVES_FINAL,2026-09-11T00:13:09.885625Z,5e70d8847e32c7ae,DEPTH_RECEIVER,7.793,0.0,0.0,0.0,0.0,7.0,26.0,8.0,-0.207,0.207,-2.5875,0.764643,False,True,True,4.892409,1000,PARTIAL_PLAYER_COVERAGE,,False,derived from previous_primary_detail; the board predates the qb3_configuration field,1415dd98ba7f701af23d20b9aa63c7e2dd5bd6a924978a650f9b6b47eb55f9bd
2026_01_SF_LA,2026-09-11T00:35:00Z,K.Mumpfield,00-0040590,LA,WR,receiving/targets,receiving,POST_INACTIVES_FINAL,2026-09-11T00:13:09.885625Z,5e70d8847e32c7ae,DEPTH_RECEIVER,1.746,1.0,0.0,0.0,1.0,3.0,5.0,1.0,0.746,0.746,74.6,0.493092,True,True,True,0.526136,1000,PARTIAL_PLAYER_COVERAGE,,False,derived from previous_primary_detail; the board predates the qb3_configuration field,1415dd98ba7f701af23d20b9aa63c7e2dd5bd6a924978a650f9b6b47eb55f9bd
2026_01_SF_LA,2026-09-11T00:35:00Z,K.Mumpfield,00-0040590,LA,WR,receiving/receptions,receiving,POST_INACTIVES_FINAL,2026-09-11T00:13:09.885625Z,5e70d8847e32c7ae,DEPTH_RECEIVER,0.804,0.0,0.0,0.0,0.0,1.0,2.0,0.0,0.804,0.804,,0.125449,True,True,True,0.231968,1000,PARTIAL_PLAYER_COVERAGE,,False,derived from previous_primary_detail; the board predates the qb3_configuration field,1415dd98ba7f701af23d20b9aa63c7e2dd5bd6a924978a650f9b6b47eb55f9bd
2026_01_SF_LA,2026-09-11T00:35:00Z,K.Mumpfield,00-0040590,LA,WR,receiving/receiving_yards,receiving,POST_INACTIVES_FINAL,2026-09-11T00:13:09.885625Z,5e70d8847e32c7ae,DEPTH_RECEIVER,7.956,0.0,0.0,0.0,0.0,12.0,26.0,0.0,7.956,7.956,,0.125663,True,True,True,2.02504,1000,PARTIAL_PLAYER_COVERAGE,,False,derived from previous_primary_detail; the board predates the qb3_configuration field,1415dd98ba7f701af23d20b9aa63c7e2dd5bd6a924978a650f9b6b47eb55f9bd
2026_01_SF_LA,2026-09-11T00:35:00Z,D.Robinson,00-0032775,SF,WR,receiving/targets,receiving,POST_INACTIVES_FINAL,2026-09-11T00:13:09.885625Z,5e70d8847e32c7ae,DEPTH_RECEIVER,1.551,1.0,0.0,0.0,1.0,3.0,4.0,3.0,-1.449,1.449,-48.3,0.762875,True,True,True,1.142073,1000,PARTIAL_PLAYER_COVERAGE,,False,derived from previous_primary_detail; the board predates the qb3_configuration field,1415dd98ba7f701af23d20b9aa63c7e2dd5bd6a924978a650f9b6b47eb55f9bd
2026_01_SF_LA,2026-09-11T00:35:00Z,D.Robinson,00-0032775,SF,WR,receiving/receptions,receiving,POST_INACTIVES_FINAL,2026-09-11T00:13:09.885625Z,5e70d8847e32c7ae,DEPTH_RECEIVER,0.98,0.0,0.0,0.0,0.0,2.0,3.0,2.0,-1.02,1.02,-51.0,0.769805,True,True,True,0.846758,1000,PARTIAL_PLAYER_COVERAGE,,False,derived from previous_primary_detail; the board predates the qb3_configuration field,1415dd98ba7f701af23d20b9aa63c7e2dd5bd6a924978a650f9b6b47eb55f9bd
2026_01_SF_LA,2026-09-11T00:35:00Z,D.Robinson,00-0032775,SF,WR,receiving/receiving_yards,receiving,POST_INACTIVES_FINAL,2026-09-11T00:13:09.885625Z,5e70d8847e32c7ae,DEPTH_RECEIVER,11.864,0.0,0.0,0.0,0.0,17.25,38.0,50.0,-38.136,38.136,-76.272,0.940214,False,False,True,31.849406,1000,PARTIAL_PLAYER_COVERAGE,,False,derived from previous_primary_detail; the board predates the qb3_configuration field,1415dd98ba7f701af23d20b9aa63c7e2dd5bd6a924978a650f9b6b47eb55f9bd
2026_01_SF_LA,2026-09-11T00:35:00Z,G.Kittle,00-0033288,SF,TE,receiving/targets,receiving,POST_INACTIVES_FINAL,2026-09-11T00:13:09.885625Z,5e70d8847e32c7ae,PRIMARY_RECEIVER,5.397,5.0,1.0,3.0,5.0,7.0,10.0,5.0,0.397,0.397,7.94,0.444164,True,True,True,0.710845,1000,PARTIAL_PLAYER_COVERAGE,,False,derived from previous_primary_detail; the board predates the qb3_configuration field,1415dd98ba7f701af23d20b9aa63c7e2dd5bd6a924978a650f9b6b47eb55f9bd
2026_01_SF_LA,2026-09-11T00:35:00Z,G.Kittle,00-0033288,SF,TE,receiving/receptions,receiving,POST_INACTIVES_FINAL,2026-09-11T00:13:09.885625Z,5e70d8847e32c7ae,PRIMARY_RECEIVER,4.095,4.0,1.0,2.0,4.0,6.0,8.0,2.0,2.095,2.095,104.75,0.19409,True,True,True,1.129691,1000,PARTIAL_PLAYER_COVERAGE,,False,derived from previous_primary_detail; the board predates the qb3_configuration field,1415dd98ba7f701af23d20b9aa63c7e2dd5bd6a924978a650f9b6b47eb55f9bd
2026_01_SF_LA,2026-09-11T00:35:00Z,G.Kittle,00-0033288,SF,TE,receiving/receiving_yards,receiving,POST_INACTIVES_FINAL,2026-09-11T00:13:09.885625Z,5e70d8847e32c7ae,PRIMARY_RECEIVER,53.528,46.0,5.0,24.0,46.0,76.0,107.0,12.0,41.528,41.528,346.0667,0.145072,False,True,True,22.045398,1000,PARTIAL_PLAYER_COVERAGE,,False,derived from previous_primary_detail; the board predates the qb3_configuration field,1415dd98ba7f701af23d20b9aa63c7e2dd5bd6a924978a650f9b6b47eb55f9bd
2026_01_SF_LA,2026-09-11T00:35:00Z,C.Parkinson,00-0036244,LA,TE,receiving/targets,receiving,POST_INACTIVES_FINAL,2026-09-11T00:13:09.885625Z,5e70d8847e32c7ae,SECONDARY_RECEIVER,4.069,4.0,1.0,2.0,4.0,6.0,8.0,2.0,2.069,2.069,103.45,0.203591,True,True,True,1.069819,1000,PARTIAL_PLAYER_COVERAGE,,False,derived from previous_primary_detail; the board predates the qb3_configuration field,1415dd98ba7f701af23d20b9aa63c7e2dd5bd6a924978a650f9b6b47eb55f9bd
2026_01_SF_LA,2026-09-11T00:35:00Z,C.Parkinson,00-0036244,LA,TE,receiving/receptions,receiving,POST_INACTIVES_FINAL,2026-09-11T00:13:09.885625Z,5e70d8847e32c7ae,SECONDARY_RECEIVER,2.893,3.0,0.0,1.0,3.0,4.0,6.0,1.0,1.893,1.893,189.3,0.158096,True,True,True,0.969421,1000,PARTIAL_PLAYER_COVERAGE,,False,derived from previous_primary_detail; the board predates the qb3_configuration field,1415dd98ba7f701af23d20b9aa63c7e2dd5bd6a924978a650f9b6b47eb55f9bd
2026_01_SF_LA,2026-09-11T00:35:00Z,C.Parkinson,00-0036244,LA,TE,receiving/receiving_yards,receiving,POST_INACTIVES_FINAL,2026-09-11T00:13:09.885625Z,5e70d8847e32c7ae,SECONDARY_RECEIVER,30.081,25.0,0.0,11.0,25.0,44.0,65.0,6.0,24.081,24.081,401.35,0.164718,False,True,True,12.027931,1000,PARTIAL_PLAYER_COVERAGE,,False,derived from previous_primary_detail; the board predates the qb3_configuration field,1415dd98ba7f701af23d20b9aa63c7e2dd5bd6a924978a650f9b6b47eb55f9bd
2026_01_SF_LA,2026-09-11T00:35:00Z,T.Higbee,00-0033110,LA,TE,receiving/targets,receiving,POST_INACTIVES_FINAL,2026-09-11T00:13:09.885625Z,5e70d8847e32c7ae,DEPTH_RECEIVER,3.151,3.0,0.0,1.0,3.0,5.0,7.0,2.0,1.151,1.151,57.55,0.337241,True,True,True,0.661995,1000,PARTIAL_PLAYER_COVERAGE,,False,derived from previous_primary_detail; the board predates the qb3_configuration field,1415dd98ba7f701af23d20b9aa63c7e2dd5bd6a924978a650f9b6b47eb55f9bd
2026_01_SF_LA,2026-09-11T00:35:00Z,T.Higbee,00-0033110,LA,TE,receiving/receptions,receiving,POST_INACTIVES_FINAL,2026-09-11T00:13:09.885625Z,5e70d8847e32c7ae,DEPTH_RECEIVER,2.189,2.0,0.0,1.0,2.0,3.0,5.0,2.0,0.189,0.189,9.45,0.481816,True,True,True,0.455373,1000,PARTIAL_PLAYER_COVERAGE,,False,derived from previous_primary_detail; the board predates the qb3_configuration field,1415dd98ba7f701af23d20b9aa63c7e2dd5bd6a924978a650f9b6b47eb55f9bd
2026_01_SF_LA,2026-09-11T00:35:00Z,T.Higbee,00-0033110,LA,TE,receiving/receiving_yards,receiving,POST_INACTIVES_FINAL,2026-09-11T00:13:09.885625Z,5e70d8847e32c7ae,DEPTH_RECEIVER,21.472,16.0,0.0,2.75,16.0,32.0,54.0,12.0,9.472,9.472,78.9333,0.428431,True,True,True,5.372266,1000,PARTIAL_PLAYER_COVERAGE,,False,derived from previous_primary_detail; the board predates the qb3_configuration field,1415dd98ba7f701af23d20b9aa63c7e2dd5bd6a924978a650f9b6b47eb55f9bd
2026_01_SF_LA,2026-09-11T00:35:00Z,D.Allen,00-0039074,LA,TE,receiving/targets,receiving,POST_INACTIVES_FINAL,2026-09-11T00:13:09.885625Z,5e70d8847e32c7ae,DEPTH_RECEIVER,1.451,1.0,0.0,0.0,1.0,2.0,4.0,1.0,0.451,0.451,45.1,0.492956,True,True,True,0.413157,1000,PARTIAL_PLAYER_COVERAGE,,False,derived from previous_primary_detail; the board predates the qb3_configuration field,1415dd98ba7f701af23d20b9aa63c7e2dd5bd6a924978a650f9b6b47eb55f9bd
2026_01_SF_LA,2026-09-11T00:35:00Z,D.Allen,00-0039074,LA,TE,receiving/receptions,receiving,POST_INACTIVES_FINAL,2026-09-11T00:13:09.885625Z,5e70d8847e32c7ae,DEPTH_RECEIVER,1.035,0.0,0.0,0.0,0.0,2.0,3.0,1.0,0.035,0.035,3.5,0.569532,True,True,True,0.375555,1000,PARTIAL_PLAYER_COVERAGE,,False,derived from previous_primary_detail; the board predates the qb3_configuration field,1415dd98ba7f701af23d20b9aa63c7e2dd5bd6a924978a650f9b6b47eb55f9bd
2026_01_SF_LA,2026-09-11T00:35:00Z,D.Allen,00-0039074,LA,TE,receiving/receiving_yards,receiving,POST_INACTIVES_FINAL,2026-09-11T00:13:09.885625Z,5e70d8847e32c7ae,DEPTH_RECEIVER,8.69,0.0,0.0,0.0,0.0,13.0,28.0,13.0,-4.31,4.31,-33.1538,0.753074,True,True,True,5.828656,1000,PARTIAL_PLAYER_COVERAGE,,False,derived from previous_primary_detail; the board predates the qb3_configuration field,1415dd98ba7f701af23d20b9aa63c7e2dd5bd6a924978a650f9b6b47eb55f9bd
2026_01_SF_LA,2026-09-11T00:35:00Z,T.Ferguson,00-0040737,LA,TE,receiving/targets,receiving,POST_INACTIVES_FINAL,2026-09-11T00:13:09.885625Z,5e70d8847e32c7ae,DEPTH_RECEIVER,1.34,0.0,0.0,0.0,0.0,2.0,4.0,1.0,0.34,0.34,34.0,0.549164,True,True,True,0.45819,1000,PARTIAL_PLAYER_COVERAGE,,False,derived from previous_primary_detail; the board predates the qb3_configuration field,1415dd98ba7f701af23d20b9aa63c7e2dd5bd6a924978a650f9b6b47eb55f9bd
2026_01_SF_LA,2026-09-11T00:35:00Z,T.Ferguson,00-0040737,LA,TE,receiving/receptions,receiving,POST_INACTIVES_FINAL,2026-09-11T00:13:09.885625Z,5e70d8847e32c7ae,DEPTH_RECEIVER,0.671,0.0,0.0,0.0,0.0,1.0,2.0,0.0,0.671,0.671,,0.139816,True,True,True,0.158813,1000,PARTIAL_PLAYER_COVERAGE,,False,derived from previous_primary_detail; the board predates the qb3_configuration field,1415dd98ba7f701af23d20b9aa63c7e2dd5bd6a924978a650f9b6b47eb55f9bd
2026_01_SF_LA,2026-09-11T00:35:00Z,T.Ferguson,00-0040737,LA,TE,receiving/receiving_yards,receiving,POST_INACTIVES_FINAL,2026-09-11T00:13:09.885625Z,5e70d8847e32c7ae,DEPTH_RECEIVER,12.253,0.0,0.0,0.0,0.0,18.25,43.1,0.0,12.253,12.253,,0.14146,True,True,True,2.503497,1000,PARTIAL_PLAYER_COVERAGE,,False,derived from previous_primary_detail; the board predates the qb3_configuration field,1415dd98ba7f701af23d20b9aa63c7e2dd5bd6a924978a650f9b6b47eb55f9bd
2026_01_SF_LA,2026-09-11T00:35:00Z,L.Farrell,00-0036887,SF,TE,receiving/targets,receiving,POST_INACTIVES_FINAL,2026-09-11T00:13:09.885625Z,5e70d8847e32c7ae,DEPTH_RECEIVER,0.421,0.0,0.0,0.0,0.0,0.0,2.0,2.0,-1.579,1.579,-78.95,0.904864,False,True,True,1.435937,1000,PARTIAL_PLAYER_COVERAGE,,False,derived from previous_primary_detail; the board predates the qb3_configuration field,1415dd98ba7f701af23d20b9aa63c7e2dd5bd6a924978a650f9b6b47eb55f9bd
2026_01_SF_LA,2026-09-11T00:35:00Z,L.Farrell,00-0036887,SF,TE,receiving/receptions,receiving,POST_INACTIVES_FINAL,2026-09-11T00:13:09.885625Z,5e70d8847e32c7ae,DEPTH_RECEIVER,0.326,0.0,0.0,0.0,0.0,0.0,1.0,2.0,-1.674,1.674,-83.7,0.925007,False,False,True,1.523376,1000,PARTIAL_PLAYER_COVERAGE,,False,derived from previous_primary_detail; the board predates the qb3_configuration field,1415dd98ba7f701af23d20b9aa63c7e2dd5bd6a924978a650f9b6b47eb55f9bd
2026_01_SF_LA,2026-09-11T00:35:00Z,L.Farrell,00-0036887,SF,TE,receiving/receiving_yards,receiving,POST_INACTIVES_FINAL,2026-09-11T00:13:09.885625Z,5e70d8847e32c7ae,DEPTH_RECEIVER,2.768,0.0,0.0,0.0,0.0,0.0,9.0,19.0,-16.232,16.232,-85.4316,0.954429,False,False,False,15.2041,1000,PARTIAL_PLAYER_COVERAGE,,False,derived from previous_primary_detail; the board predates the qb3_configuration field,1415dd98ba7f701af23d20b9aa63c7e2dd5bd6a924978a650f9b6b47eb55f9bd
2026_01_TB_CIN,2026-09-13T17:00:00Z,J.Burrow,00-0036442,CIN,QB,qb/att,qb,POST_INACTIVES_FINAL,2026-09-13T16:16:15.935964Z,e92b9e19466d27bd,QB,33.387,36.0,15.0,29.0,36.0,41.0,45.0,35.0,-1.613,1.613,-4.6086,0.454079,True,True,True,2.195167,1000,PARTIAL_PLAYER_COVERAGE,,True,derived from previous_primary_detail; the board predates the qb3_configuration field,1415dd98ba7f701af23d20b9aa63c7e2dd5bd6a924978a650f9b6b47eb55f9bd
2026_01_TB_CIN,2026-09-13T17:00:00Z,J.Burrow,00-0036442,CIN,QB,qb/cmp,qb,POST_INACTIVES_FINAL,2026-09-13T16:16:15.935964Z,e92b9e19466d27bd,QB,22.115,23.0,9.0,18.0,23.0,27.0,31.1,25.0,-2.885,2.885,-11.54,0.580438,True,True,True,1.862553,1000,PARTIAL_PLAYER_COVERAGE,,True,derived from previous_primary_detail; the board predates the qb3_configuration field,1415dd98ba7f701af23d20b9aa63c7e2dd5bd6a924978a650f9b6b47eb55f9bd
2026_01_TB_CIN,2026-09-13T17:00:00Z,J.Burrow,00-0036442,CIN,QB,qb/pyds,qb,POST_INACTIVES_FINAL,2026-09-13T16:16:15.935964Z,e92b9e19466d27bd,QB,242.8426,248.2353,98.7138,188.0,248.2353,304.25,375.0789,254.0,-11.1574,11.1574,-4.3927,0.523858,True,True,True,22.298674,1000,PARTIAL_PLAYER_COVERAGE,,True,derived from previous_primary_detail; the board predates the qb3_configuration field,1415dd98ba7f701af23d20b9aa63c7e2dd5bd6a924978a650f9b6b47eb55f9bd
2026_01_TB_CIN,2026-09-13T17:00:00Z,J.Burrow,00-0036442,CIN,QB,qb/ptd,qb,POST_INACTIVES_FINAL,2026-09-13T16:16:15.935964Z,e92b9e19466d27bd,QB,1.52,1.0,0.0,0.0,1.0,2.0,3.0,1.0,0.52,0.52,52.0,0.325477,True,True,True,0.30934,1000,PARTIAL_PLAYER_COVERAGE,,True,derived from previous_primary_detail; the board predates the qb3_configuration field,1415dd98ba7f701af23d20b9aa63c7e2dd5bd6a924978a650f9b6b47eb55f9bd
2026_01_TB_CIN,2026-09-13T17:00:00Z,J.Burrow,00-0036442,CIN,QB,qb/int,qb,POST_INACTIVES_FINAL,2026-09-13T16:16:15.935964Z,e92b9e19466d27bd,QB,0.625,0.0,0.0,0.0,0.0,1.0,2.0,1.0,-0.375,0.375,-37.5,0.61819,True,True,True,0.327175,1000,PARTIAL_PLAYER_COVERAGE,,True,derived from previous_primary_detail; the board predates the qb3_configuration field,1415dd98ba7f701af23d20b9aa63c7e2dd5bd6a924978a650f9b6b47eb55f9bd
2026_01_TB_CIN,2026-09-13T17:00:00Z,J.Burrow,00-0036442,CIN,QB,qb/sacks,qb,POST_INACTIVES_FINAL,2026-09-13T16:16:15.935964Z,e92b9e19466d27bd,QB,2.497,2.0,0.0,1.0,2.0,4.0,5.0,1.0,1.497,1.497,149.7,0.187455,True,True,True,0.798729,1000,PARTIAL_PLAYER_COVERAGE,,True,derived from previous_primary_detail; the board predates the qb3_configuration field,1415dd98ba7f701af23d20b9aa63c7e2dd5bd6a924978a650f9b6b47eb55f9bd
2026_01_TB_CIN,2026-09-13T17:00:00Z,J.Burrow,00-0036442,CIN,QB,qb/db,qb,POST_INACTIVES_FINAL,2026-09-13T16:16:15.935964Z,e92b9e19466d27bd,QB,37.197,40.0,18.0,32.0,40.0,45.0,50.0,37.0,0.197,0.197,0.5324,0.379079,True,True,True,2.746465,1000,PARTIAL_PLAYER_COVERAGE,,True,derived from previous_primary_detail; the board predates the qb3_configuration field,1415dd98ba7f701af23d20b9aa63c7e2dd5bd6a924978a650f9b6b47eb55f9bd
2026_01_TB_CIN,2026-09-13T17:00:00Z,B.Mayfield,00-0034855,TB,QB,qb/att,qb,POST_INACTIVES_FINAL,2026-09-13T16:16:15.935964Z,e92b9e19466d27bd,QB,29.804,30.0,18.0,25.0,30.0,37.0,44.0,28.0,1.804,1.804,6.4429,0.397293,True,True,True,2.537128,1000,PARTIAL_PLAYER_COVERAGE,,True,derived from previous_primary_detail; the board predates the qb3_configuration field,1415dd98ba7f701af23d20b9aa63c7e2dd5bd6a924978a650f9b6b47eb55f9bd
2026_01_TB_CIN,2026-09-13T17:00:00Z,B.Mayfield,00-0034855,TB,QB,qb/cmp,qb,POST_INACTIVES_FINAL,2026-09-13T16:16:15.935964Z,e92b9e19466d27bd,QB,19.387,20.0,11.0,15.75,20.0,24.0,29.0,23.0,-3.613,3.613,-15.7087,0.66458,True,True,True,2.282335,1000,PARTIAL_PLAYER_COVERAGE,,True,derived from previous_primary_detail; the board predates the qb3_configuration field,1415dd98ba7f701af23d20b9aa63c7e2dd5bd6a924978a650f9b6b47eb55f9bd
2026_01_TB_CIN,2026-09-13T17:00:00Z,B.Mayfield,00-0034855,TB,QB,qb/pyds,qb,POST_INACTIVES_FINAL,2026-09-13T16:16:15.935964Z,e92b9e19466d27bd,QB,204.3841,203.0833,93.9,149.0,203.0833,264.25,319.0,216.0,-11.6159,11.6159,-5.3777,0.559429,True,True,True,21.109234,1000,PARTIAL_PLAYER_COVERAGE,,True,derived from previous_primary_detail; the board predates the qb3_configuration field,1415dd98ba7f701af23d20b9aa63c7e2dd5bd6a924978a650f9b6b47eb55f9bd
2026_01_TB_CIN,2026-09-13T17:00:00Z,B.Mayfield,00-0034855,TB,QB,qb/ptd,qb,POST_INACTIVES_FINAL,2026-09-13T16:16:15.935964Z,e92b9e19466d27bd,QB,1.272,1.0,0.0,0.0,1.0,2.0,3.0,0.0,1.272,1.272,,0.06905,True,True,True,0.612414,1000,PARTIAL_PLAYER_COVERAGE,,True,derived from previous_primary_detail; the board predates the qb3_configuration field,1415dd98ba7f701af23d20b9aa63c7e2dd5bd6a924978a650f9b6b47eb55f9bd
2026_01_TB_CIN,2026-09-13T17:00:00Z,B.Mayfield,00-0034855,TB,QB,qb/int,qb,POST_INACTIVES_FINAL,2026-09-13T16:16:15.935964Z,e92b9e19466d27bd,QB,0.627,0.0,0.0,0.0,0.0,1.0,2.0,0.0,0.627,0.627,,0.121589,True,True,True,0.212027,1000,PARTIAL_PLAYER_COVERAGE,,True,derived from previous_primary_detail; the board predates the qb3_configuration field,1415dd98ba7f701af23d20b9aa63c7e2dd5bd6a924978a650f9b6b47eb55f9bd
2026_01_TB_CIN,2026-09-13T17:00:00Z,B.Mayfield,00-0034855,TB,QB,qb/sacks,qb,POST_INACTIVES_FINAL,2026-09-13T16:16:15.935964Z,e92b9e19466d27bd,QB,2.304,2.0,0.0,1.0,2.0,3.0,5.0,4.0,-1.696,1.696,-42.4,0.790591,False,True,True,1.108814,1000,PARTIAL_PLAYER_COVERAGE,,True,derived from previous_primary_detail; the board predates the qb3_configuration field,1415dd98ba7f701af23d20b9aa63c7e2dd5bd6a924978a650f9b6b47eb55f9bd
2026_01_TB_CIN,2026-09-13T17:00:00Z,B.Mayfield,00-0034855,TB,QB,qb/db,qb,POST_INACTIVES_FINAL,2026-09-13T16:16:15.935964Z,e92b9e19466d27bd,QB,33.94,34.0,21.9,28.0,34.0,42.0,50.0,36.0,-2.06,2.06,-5.7222,0.558435,True,True,True,2.698108,1000,PARTIAL_PLAYER_COVERAGE,,True,derived from previous_primary_detail; the board predates the qb3_configuration field,1415dd98ba7f701af23d20b9aa63c7e2dd5bd6a924978a650f9b6b47eb55f9bd
2026_01_TB_CIN,2026-09-13T17:00:00Z,B.Irving,00-0039361,TB,RB,rushing/carries,rushing,POST_INACTIVES_FINAL,2026-09-13T16:16:15.935964Z,e92b9e19466d27bd,PRIMARY_RUSHER,11.4199,10.8269,4.4509,7.575,10.8269,14.9876,19.492,8.0,3.4199,3.4199,42.7483,0.287,True,True,True,1.95814,1000,PARTIAL_PLAYER_COVERAGE,,False,derived from previous_primary_detail; the board predates the qb3_configuration field,1415dd98ba7f701af23d20b9aa63c7e2dd5bd6a924978a650f9b6b47eb55f9bd
2026_01_TB_CIN,2026-09-13T17:00:00Z,B.Irving,00-0039361,TB,RB,receiving/targets,receiving,POST_INACTIVES_FINAL,2026-09-13T16:16:15.935964Z,e92b9e19466d27bd,DEPTH_RECEIVER,2.648,2.0,0.0,1.0,2.0,4.0,6.0,7.0,-4.352,4.352,-62.1714,0.935004,False,False,True,3.27848,1000,PARTIAL_PLAYER_COVERAGE,,False,derived from previous_primary_detail; the board predates the qb3_configuration field,1415dd98ba7f701af23d20b9aa63c7e2dd5bd6a924978a650f9b6b47eb55f9bd
2026_01_TB_CIN,2026-09-13T17:00:00Z,B.Irving,00-0039361,TB,RB,receiving/receptions,receiving,POST_INACTIVES_FINAL,2026-09-13T16:16:15.935964Z,e92b9e19466d27bd,DEPTH_RECEIVER,2.304,2.0,0.0,1.0,2.0,3.0,5.0,7.0,-4.696,4.696,-67.0857,0.957147,False,False,False,3.666066,1000,PARTIAL_PLAYER_COVERAGE,,False,derived from previous_primary_detail; the board predates the qb3_configuration field,1415dd98ba7f701af23d20b9aa63c7e2dd5bd6a924978a650f9b6b47eb55f9bd
2026_01_TB_CIN,2026-09-13T17:00:00Z,B.Irving,00-0039361,TB,RB,receiving/receiving_yards,receiving,POST_INACTIVES_FINAL,2026-09-13T16:16:15.935964Z,e92b9e19466d27bd,DEPTH_RECEIVER,20.454,13.0,0.0,0.0,13.0,28.0,53.1,48.0,-27.546,27.546,-57.3875,0.880287,False,True,True,21.675932,1000,PARTIAL_PLAYER_COVERAGE,,False,derived from previous_primary_detail; the board predates the qb3_configuration field,1415dd98ba7f701af23d20b9aa63c7e2dd5bd6a924978a650f9b6b47eb55f9bd
2026_01_TB_CIN,2026-09-13T17:00:00Z,C.Brown,00-0038597,CIN,RB,rushing/carries,rushing,POST_INACTIVES_FINAL,2026-09-13T16:16:15.935964Z,e92b9e19466d27bd,PRIMARY_RUSHER,9.099,8.9816,0.0,5.4528,8.9816,12.6589,16.49,16.0,-6.901,6.901,-43.1311,0.89,False,True,True,4.507473,1000,PARTIAL_PLAYER_COVERAGE,,False,derived from previous_primary_detail; the board predates the qb3_configuration field,1415dd98ba7f701af23d20b9aa63c7e2dd5bd6a924978a650f9b6b47eb55f9bd
2026_01_TB_CIN,2026-09-13T17:00:00Z,C.Brown,00-0038597,CIN,RB,receiving/targets,receiving,POST_INACTIVES_FINAL,2026-09-13T16:16:15.935964Z,e92b9e19466d27bd,SECONDARY_RECEIVER,4.125,4.0,0.0,2.0,4.0,6.0,8.0,6.0,-1.875,1.875,-31.25,0.707943,True,True,True,1.350599,1000,PARTIAL_PLAYER_COVERAGE,,False,derived from previous_primary_detail; the board predates the qb3_configuration field,1415dd98ba7f701af23d20b9aa63c7e2dd5bd6a924978a650f9b6b47eb55f9bd
2026_01_TB_CIN,2026-09-13T17:00:00Z,C.Brown,00-0038597,CIN,RB,receiving/receptions,receiving,POST_INACTIVES_FINAL,2026-09-13T16:16:15.935964Z,e92b9e19466d27bd,SECONDARY_RECEIVER,3.384,3.0,0.0,1.0,3.0,5.0,7.0,5.0,-1.616,1.616,-32.32,0.715372,True,True,True,1.18713,1000,PARTIAL_PLAYER_COVERAGE,,False,derived from previous_primary_detail; the board predates the qb3_configuration field,1415dd98ba7f701af23d20b9aa63c7e2dd5bd6a924978a650f9b6b47eb55f9bd
2026_01_TB_CIN,2026-09-13T17:00:00Z,C.Brown,00-0038597,CIN,RB,receiving/receiving_yards,receiving,POST_INACTIVES_FINAL,2026-09-13T16:16:15.935964Z,e92b9e19466d27bd,SECONDARY_RECEIVER,22.987,17.0,0.0,4.0,17.0,35.0,55.1,22.0,0.987,0.987,4.4864,0.568788,True,True,True,5.563347,1000,PARTIAL_PLAYER_COVERAGE,,False,derived from previous_primary_detail; the board predates the qb3_configuration field,1415dd98ba7f701af23d20b9aa63c7e2dd5bd6a924978a650f9b6b47eb55f9bd
2026_01_TB_CIN,2026-09-13T17:00:00Z,K.Gainwell,00-0036919,TB,RB,rushing/carries,rushing,POST_INACTIVES_FINAL,2026-09-13T16:16:15.935964Z,e92b9e19466d27bd,SECONDARY_RUSHER,5.1274,4.6586,0.0,2.3756,4.6586,7.0613,9.6492,5.0,0.1274,0.1274,2.5483,0.534,True,True,True,0.855479,1000,PARTIAL_PLAYER_COVERAGE,,False,derived from previous_primary_detail; the board predates the qb3_configuration field,1415dd98ba7f701af23d20b9aa63c7e2dd5bd6a924978a650f9b6b47eb55f9bd
2026_01_TB_CIN,2026-09-13T17:00:00Z,K.Gainwell,00-0036919,TB,RB,receiving/targets,receiving,POST_INACTIVES_FINAL,2026-09-13T16:16:15.935964Z,e92b9e19466d27bd,DEPTH_RECEIVER,4.808,4.0,1.0,2.0,4.0,7.0,9.0,1.0,3.808,3.808,380.8,0.098652,False,True,True,2.216624,1000,PARTIAL_PLAYER_COVERAGE,,False,derived from previous_primary_detail; the board predates the qb3_configuration field,1415dd98ba7f701af23d20b9aa63c7e2dd5bd6a924978a650f9b6b47eb55f9bd
2026_01_TB_CIN,2026-09-13T17:00:00Z,K.Gainwell,00-0036919,TB,RB,receiving/receptions,receiving,POST_INACTIVES_FINAL,2026-09-13T16:16:15.935964Z,e92b9e19466d27bd,DEPTH_RECEIVER,3.798,4.0,0.0,2.0,4.0,5.0,7.0,1.0,2.798,2.798,279.8,0.126088,False,True,True,1.542622,1000,PARTIAL_PLAYER_COVERAGE,,False,derived from previous_primary_detail; the board predates the qb3_configuration field,1415dd98ba7f701af23d20b9aa63c7e2dd5bd6a924978a650f9b6b47eb55f9bd
2026_01_TB_CIN,2026-09-13T17:00:00Z,K.Gainwell,00-0036919,TB,RB,receiving/receiving_yards,receiving,POST_INACTIVES_FINAL,2026-09-13T16:16:15.935964Z,e92b9e19466d27bd,DEPTH_RECEIVER,26.443,22.0,0.0,11.0,22.0,39.0,55.0,3.0,23.443,23.443,781.4333,0.13393,False,True,True,12.519949,1000,PARTIAL_PLAYER_COVERAGE,,False,derived from previous_primary_detail; the board predates the qb3_configuration field,1415dd98ba7f701af23d20b9aa63c7e2dd5bd6a924978a650f9b6b47eb55f9bd
2026_01_TB_CIN,2026-09-13T17:00:00Z,S.Perine,00-0033526,CIN,RB,rushing/carries,rushing,POST_INACTIVES_FINAL,2026-09-13T16:16:15.935964Z,e92b9e19466d27bd,SECONDARY_RUSHER,4.4429,3.5218,0.0,0.6631,3.5218,6.081,9.8124,5.0,-0.5571,0.5571,-11.1412,0.658,True,True,True,1.139974,1000,PARTIAL_PLAYER_COVERAGE,,False,derived from previous_primary_detail; the board predates the qb3_configuration field,1415dd98ba7f701af23d20b9aa63c7e2dd5bd6a924978a650f9b6b47eb55f9bd
2026_01_TB_CIN,2026-09-13T17:00:00Z,S.Perine,00-0033526,CIN,RB,receiving/targets,receiving,POST_INACTIVES_FINAL,2026-09-13T16:16:15.935964Z,e92b9e19466d27bd,DEPTH_RECEIVER,1.442,1.0,0.0,0.0,1.0,2.0,4.0,3.0,-1.558,1.558,-51.9333,0.794228,False,True,True,1.293688,1000,PARTIAL_PLAYER_COVERAGE,,False,derived from previous_primary_detail; the board predates the qb3_configuration field,1415dd98ba7f701af23d20b9aa63c7e2dd5bd6a924978a650f9b6b47eb55f9bd
2026_01_TB_CIN,2026-09-13T17:00:00Z,S.Perine,00-0033526,CIN,RB,receiving/receptions,receiving,POST_INACTIVES_FINAL,2026-09-13T16:16:15.935964Z,e92b9e19466d27bd,DEPTH_RECEIVER,1.191,0.0,0.0,0.0,0.0,2.0,4.0,3.0,-1.809,1.809,-60.3,0.835368,False,True,True,1.467247,1000,PARTIAL_PLAYER_COVERAGE,,False,derived from previous_primary_detail; the board predates the qb3_configuration field,1415dd98ba7f701af23d20b9aa63c7e2dd5bd6a924978a650f9b6b47eb55f9bd
2026_01_TB_CIN,2026-09-13T17:00:00Z,S.Perine,00-0033526,CIN,RB,receiving/receiving_yards,receiving,POST_INACTIVES_FINAL,2026-09-13T16:16:15.935964Z,e92b9e19466d27bd,DEPTH_RECEIVER,9.208,0.0,0.0,0.0,0.0,12.0,32.0,30.0,-20.792,20.792,-69.3067,0.893858,False,True,True,17.444512,1000,PARTIAL_PLAYER_COVERAGE,,False,derived from previous_primary_detail; the board predates the qb3_configuration field,1415dd98ba7f701af23d20b9aa63c7e2dd5bd6a924978a650f9b6b47eb55f9bd
2026_01_TB_CIN,2026-09-13T17:00:00Z,J.Chase,00-0036900,CIN,WR,receiving/targets,receiving,POST_INACTIVES_FINAL,2026-09-13T16:16:15.935964Z,e92b9e19466d27bd,PRIMARY_RECEIVER,8.513,9.0,0.0,5.0,9.0,12.0,15.0,4.0,4.513,4.513,112.825,0.193505,False,True,True,2.827459,1000,PARTIAL_PLAYER_COVERAGE,,False,derived from previous_primary_detail; the board predates the qb3_configuration field,1415dd98ba7f701af23d20b9aa63c7e2dd5bd6a924978a650f9b6b47eb55f9bd
2026_01_TB_CIN,2026-09-13T17:00:00Z,J.Chase,00-0036900,CIN,WR,receiving/receptions,receiving,POST_INACTIVES_FINAL,2026-09-13T16:16:15.935964Z,e92b9e19466d27bd,PRIMARY_RECEIVER,5.745,6.0,0.0,3.0,6.0,8.0,11.0,2.0,3.745,3.745,187.25,0.172578,False,True,True,2.261877,1000,PARTIAL_PLAYER_COVERAGE,,False,derived from previous_primary_detail; the board predates the qb3_configuration field,1415dd98ba7f701af23d20b9aa63c7e2dd5bd6a924978a650f9b6b47eb55f9bd
2026_01_TB_CIN,2026-09-13T17:00:00Z,J.Chase,00-0036900,CIN,WR,receiving/receiving_yards,receiving,POST_INACTIVES_FINAL,2026-09-13T16:16:15.935964Z,e92b9e19466d27bd,PRIMARY_RECEIVER,75.218,70.5,0.0,33.0,70.5,108.25,155.0,12.0,63.218,63.218,526.8167,0.167643,False,True,True,35.38692,1000,PARTIAL_PLAYER_COVERAGE,,False,derived from previous_primary_detail; the board predates the qb3_configuration field,1415dd98ba7f701af23d20b9aa63c7e2dd5bd6a924978a650f9b6b47eb55f9bd
2026_01_TB_CIN,2026-09-13T17:00:00Z,E.Egbuka,00-0040129,TB,WR,receiving/targets,receiving,POST_INACTIVES_FINAL,2026-09-13T16:16:15.935964Z,e92b9e19466d27bd,SECONDARY_RECEIVER,5.564,5.0,1.0,3.0,5.0,7.0,10.0,6.0,-0.436,0.436,-7.2667,0.568446,True,True,True,0.835376,1000,PARTIAL_PLAYER_COVERAGE,,False,derived from previous_primary_detail; the board predates the qb3_configuration field,1415dd98ba7f701af23d20b9aa63c7e2dd5bd6a924978a650f9b6b47eb55f9bd
2026_01_TB_CIN,2026-09-13T17:00:00Z,E.Egbuka,00-0040129,TB,WR,receiving/receptions,receiving,POST_INACTIVES_FINAL,2026-09-13T16:16:15.935964Z,e92b9e19466d27bd,SECONDARY_RECEIVER,2.887,3.0,0.0,1.0,3.0,4.0,6.0,5.0,-2.113,2.113,-42.26,0.831155,False,True,True,1.439919,1000,PARTIAL_PLAYER_COVERAGE,,False,derived from previous_primary_detail; the board predates the qb3_configuration field,1415dd98ba7f701af23d20b9aa63c7e2dd5bd6a924978a650f9b6b47eb55f9bd
2026_01_TB_CIN,2026-09-13T17:00:00Z,E.Egbuka,00-0040129,TB,WR,receiving/receiving_yards,receiving,POST_INACTIVES_FINAL,2026-09-13T16:16:15.935964Z,e92b9e19466d27bd,SECONDARY_RECEIVER,41.502,34.0,0.0,12.0,34.0,59.0,90.1,63.0,-21.498,21.498,-34.1238,0.778072,False,True,True,16.714302,1000,PARTIAL_PLAYER_COVERAGE,,False,derived from previous_primary_detail; the board predates the qb3_configuration field,1415dd98ba7f701af23d20b9aa63c7e2dd5bd6a924978a650f9b6b47eb55f9bd
2026_01_TB_CIN,2026-09-13T17:00:00Z,C.Godwin,00-0033921,TB,WR,receiving/targets,receiving,POST_INACTIVES_FINAL,2026-09-13T16:16:15.935964Z,e92b9e19466d27bd,SECONDARY_RECEIVER,5.004,5.0,1.0,3.0,5.0,7.0,9.0,4.0,1.004,1.004,25.1,0.381092,True,True,True,0.792762,1000,PARTIAL_PLAYER_COVERAGE,,False,derived from previous_primary_detail; the board predates the qb3_configuration field,1415dd98ba7f701af23d20b9aa63c7e2dd5bd6a924978a650f9b6b47eb55f9bd
2026_01_TB_CIN,2026-09-13T17:00:00Z,C.Godwin,00-0033921,TB,WR,receiving/receptions,receiving,POST_INACTIVES_FINAL,2026-09-13T16:16:15.935964Z,e92b9e19466d27bd,SECONDARY_RECEIVER,3.608,3.0,1.0,2.0,3.0,5.0,7.0,4.0,-0.392,0.392,-9.8,0.56581,True,True,True,0.658254,1000,PARTIAL_PLAYER_COVERAGE,,False,derived from previous_primary_detail; the board predates the qb3_configuration field,1415dd98ba7f701af23d20b9aa63c7e2dd5bd6a924978a650f9b6b47eb55f9bd
2026_01_TB_CIN,2026-09-13T17:00:00Z,C.Godwin,00-0033921,TB,WR,receiving/receiving_yards,receiving,POST_INACTIVES_FINAL,2026-09-13T16:16:15.935964Z,e92b9e19466d27bd,SECONDARY_RECEIVER,41.037,34.0,1.0,15.0,34.0,59.0,88.1,40.0,1.037,1.037,2.5925,0.559573,True,True,True,8.169267,1000,PARTIAL_PLAYER_COVERAGE,,False,derived from previous_primary_detail; the board predates the qb3_configuration field,1415dd98ba7f701af23d20b9aa63c7e2dd5bd6a924978a650f9b6b47eb55f9bd
2026_01_TB_CIN,2026-09-13T17:00:00Z,T.Higgins,00-0036410,CIN,WR,receiving/targets,receiving,POST_INACTIVES_FINAL,2026-09-13T16:16:15.935964Z,e92b9e19466d27bd,SECONDARY_RECEIVER,5.865,5.0,1.0,3.0,5.0,8.0,11.0,6.0,-0.135,0.135,-2.25,0.534372,True,True,True,0.895491,1000,PARTIAL_PLAYER_COVERAGE,,False,derived from previous_primary_detail; the board predates the qb3_configuration field,1415dd98ba7f701af23d20b9aa63c7e2dd5bd6a924978a650f9b6b47eb55f9bd
2026_01_TB_CIN,2026-09-13T17:00:00Z,T.Higgins,00-0036410,CIN,WR,receiving/receptions,receiving,POST_INACTIVES_FINAL,2026-09-13T16:16:15.935964Z,e92b9e19466d27bd,SECONDARY_RECEIVER,3.692,3.0,0.0,2.0,3.0,5.0,7.0,3.0,0.692,0.692,23.0667,0.395309,True,True,True,0.61994,1000,PARTIAL_PLAYER_COVERAGE,,False,derived from previous_primary_detail; the board predates the qb3_configuration field,1415dd98ba7f701af23d20b9aa63c7e2dd5bd6a924978a650f9b6b47eb55f9bd
2026_01_TB_CIN,2026-09-13T17:00:00Z,T.Higgins,00-0036410,CIN,WR,receiving/receiving_yards,receiving,POST_INACTIVES_FINAL,2026-09-13T16:16:15.935964Z,e92b9e19466d27bd,SECONDARY_RECEIVER,51.313,45.0,0.0,20.0,45.0,74.0,104.1,59.0,-7.687,7.687,-13.0288,0.631217,True,True,True,11.283385,1000,PARTIAL_PLAYER_COVERAGE,,False,derived from previous_primary_detail; the board predates the qb3_configuration field,1415dd98ba7f701af23d20b9aa63c7e2dd5bd6a924978a650f9b6b47eb55f9bd
2026_01_TB_CIN,2026-09-13T17:00:00Z,A.Iosivas,00-0038619,CIN,WR,receiving/targets,receiving,POST_INACTIVES_FINAL,2026-09-13T16:16:15.935964Z,e92b9e19466d27bd,DEPTH_RECEIVER,2.655,2.0,0.0,0.0,2.0,4.0,6.0,3.0,-0.345,0.345,-11.5,0.581661,True,True,True,0.801121,1000,PARTIAL_PLAYER_COVERAGE,,False,derived from previous_primary_detail; the board predates the qb3_configuration field,1415dd98ba7f701af23d20b9aa63c7e2dd5bd6a924978a650f9b6b47eb55f9bd
2026_01_TB_CIN,2026-09-13T17:00:00Z,A.Iosivas,00-0038619,CIN,WR,receiving/receptions,receiving,POST_INACTIVES_FINAL,2026-09-13T16:16:15.935964Z,e92b9e19466d27bd,DEPTH_RECEIVER,1.548,1.0,0.0,0.0,1.0,2.0,4.0,2.0,-0.452,0.452,-22.6,0.634381,True,True,True,0.610388,1000,PARTIAL_PLAYER_COVERAGE,,False,derived from previous_primary_detail; the board predates the qb3_configuration field,1415dd98ba7f701af23d20b9aa63c7e2dd5bd6a924978a650f9b6b47eb55f9bd
2026_01_TB_CIN,2026-09-13T17:00:00Z,A.Iosivas,00-0038619,CIN,WR,receiving/receiving_yards,receiving,POST_INACTIVES_FINAL,2026-09-13T16:16:15.935964Z,e92b9e19466d27bd,DEPTH_RECEIVER,19.559,9.0,0.0,0.0,9.0,32.0,54.0,12.0,7.559,7.559,62.9917,0.533217,True,True,True,5.937879,1000,PARTIAL_PLAYER_COVERAGE,,False,derived from previous_primary_detail; the board predates the qb3_configuration field,1415dd98ba7f701af23d20b9aa63c7e2dd5bd6a924978a650f9b6b47eb55f9bd
2026_01_TB_CIN,2026-09-13T17:00:00Z,D.Meyers,00-0040785,CIN,WR,receiving/targets,receiving,POST_INACTIVES_FINAL,2026-09-13T16:16:15.935964Z,e92b9e19466d27bd,DEPTH_RECEIVER,2.281,1.0,0.0,0.0,1.0,3.0,6.0,1.0,1.281,1.281,128.1,0.394453,True,True,True,0.603045,1000,PARTIAL_PLAYER_COVERAGE,,False,derived from previous_primary_detail; the board predates the qb3_configuration field,1415dd98ba7f701af23d20b9aa63c7e2dd5bd6a924978a650f9b6b47eb55f9bd
2026_01_TB_CIN,2026-09-13T17:00:00Z,D.Meyers,00-0040785,CIN,WR,receiving/receptions,receiving,POST_INACTIVES_FINAL,2026-09-13T16:16:15.935964Z,e92b9e19466d27bd,DEPTH_RECEIVER,1.465,1.0,0.0,0.0,1.0,2.0,4.0,1.0,0.465,0.465,46.5,0.479961,True,True,True,0.392813,1000,PARTIAL_PLAYER_COVERAGE,,False,derived from previous_primary_detail; the board predates the qb3_configuration field,1415dd98ba7f701af23d20b9aa63c7e2dd5bd6a924978a650f9b6b47eb55f9bd
2026_01_TB_CIN,2026-09-13T17:00:00Z,D.Meyers,00-0040785,CIN,WR,receiving/receiving_yards,receiving,POST_INACTIVES_FINAL,2026-09-13T16:16:15.935964Z,e92b9e19466d27bd,DEPTH_RECEIVER,18.479,7.0,0.0,0.0,7.0,27.0,54.2,18.0,0.479,0.479,2.6611,0.665646,True,True,True,7.045153,1000,PARTIAL_PLAYER_COVERAGE,,False,derived from previous_primary_detail; the board predates the qb3_configuration field,1415dd98ba7f701af23d20b9aa63c7e2dd5bd6a924978a650f9b6b47eb55f9bd
2026_01_TB_CIN,2026-09-13T17:00:00Z,T.Hurst,00-0041048,TB,WR,receiving/targets,receiving,POST_INACTIVES_FINAL,2026-09-13T16:16:15.935964Z,e92b9e19466d27bd,DEPTH_RECEIVER,1.861,1.0,0.0,0.0,1.0,3.0,5.0,3.0,-1.139,1.139,-37.9667,0.725374,True,True,True,1.021525,1000,PARTIAL_PLAYER_COVERAGE,,False,derived from previous_primary_detail; the board predates the qb3_configuration field,1415dd98ba7f701af23d20b9aa63c7e2dd5bd6a924978a650f9b6b47eb55f9bd
2026_01_TB_CIN,2026-09-13T17:00:00Z,T.Hurst,00-0041048,TB,WR,receiving/receptions,receiving,POST_INACTIVES_FINAL,2026-09-13T16:16:15.935964Z,e92b9e19466d27bd,DEPTH_RECEIVER,1.192,1.0,0.0,0.0,1.0,2.0,3.0,3.0,-1.808,1.808,-60.2667,0.845941,False,True,True,1.412168,1000,PARTIAL_PLAYER_COVERAGE,,False,derived from previous_primary_detail; the board predates the qb3_configuration field,1415dd98ba7f701af23d20b9aa63c7e2dd5bd6a924978a650f9b6b47eb55f9bd
2026_01_TB_CIN,2026-09-13T17:00:00Z,T.Hurst,00-0041048,TB,WR,receiving/receiving_yards,receiving,POST_INACTIVES_FINAL,2026-09-13T16:16:15.935964Z,e92b9e19466d27bd,DEPTH_RECEIVER,15.268,4.0,0.0,0.0,4.0,21.0,47.0,36.0,-20.732,20.732,-57.5889,0.851858,False,True,True,17.62591,1000,PARTIAL_PLAYER_COVERAGE,,False,derived from previous_primary_detail; the board predates the qb3_configuration field,1415dd98ba7f701af23d20b9aa63c7e2dd5bd6a924978a650f9b6b47eb55f9bd
2026_01_TB_CIN,2026-09-13T17:00:00Z,T.Johnson,00-0040237,TB,WR,receiving/targets,receiving,POST_INACTIVES_FINAL,2026-09-13T16:16:15.935964Z,e92b9e19466d27bd,DEPTH_RECEIVER,1.551,1.0,0.0,0.0,1.0,2.0,5.0,1.0,0.551,0.551,55.1,0.506453,True,True,True,0.461015,1000,PARTIAL_PLAYER_COVERAGE,,False,derived from previous_primary_detail; the board predates the qb3_configuration field,1415dd98ba7f701af23d20b9aa63c7e2dd5bd6a924978a650f9b6b47eb55f9bd
2026_01_TB_CIN,2026-09-13T17:00:00Z,T.Johnson,00-0040237,TB,WR,receiving/receptions,receiving,POST_INACTIVES_FINAL,2026-09-13T16:16:15.935964Z,e92b9e19466d27bd,DEPTH_RECEIVER,0.972,0.0,0.0,0.0,0.0,2.0,3.0,0.0,0.972,0.972,,0.119873,True,True,True,0.29146,1000,PARTIAL_PLAYER_COVERAGE,,False,derived from previous_primary_detail; the board predates the qb3_configuration field,1415dd98ba7f701af23d20b9aa63c7e2dd5bd6a924978a650f9b6b47eb55f9bd
2026_01_TB_CIN,2026-09-13T17:00:00Z,T.Johnson,00-0040237,TB,WR,receiving/receiving_yards,receiving,POST_INACTIVES_FINAL,2026-09-13T16:16:15.935964Z,e92b9e19466d27bd,DEPTH_RECEIVER,11.49,0.0,0.0,0.0,0.0,17.0,38.1,0.0,11.49,11.49,,0.124945,True,True,True,2.955652,1000,PARTIAL_PLAYER_COVERAGE,,False,derived from previous_primary_detail; the board predates the qb3_configuration field,1415dd98ba7f701af23d20b9aa63c7e2dd5bd6a924978a650f9b6b47eb55f9bd
2026_01_TB_CIN,2026-09-13T17:00:00Z,C.Otton,00-0038129,TB,TE,receiving/targets,receiving,POST_INACTIVES_FINAL,2026-09-13T16:16:15.935964Z,e92b9e19466d27bd,PRIMARY_RECEIVER,5.794,5.0,2.0,4.0,5.0,8.0,10.0,5.0,0.794,0.794,15.88,0.405236,True,True,True,0.716038,1000,PARTIAL_PLAYER_COVERAGE,,False,derived from previous_primary_detail; the board predates the qb3_configuration field,1415dd98ba7f701af23d20b9aa63c7e2dd5bd6a924978a650f9b6b47eb55f9bd
2026_01_TB_CIN,2026-09-13T17:00:00Z,C.Otton,00-0038129,TB,TE,receiving/receptions,receiving,POST_INACTIVES_FINAL,2026-09-13T16:16:15.935964Z,e92b9e19466d27bd,PRIMARY_RECEIVER,3.982,4.0,1.0,2.0,4.0,5.0,7.0,3.0,0.982,0.982,32.7333,0.333101,True,True,True,0.60674,1000,PARTIAL_PLAYER_COVERAGE,,False,derived from previous_primary_detail; the board predates the qb3_configuration field,1415dd98ba7f701af23d20b9aa63c7e2dd5bd6a924978a650f9b6b47eb55f9bd
2026_01_TB_CIN,2026-09-13T17:00:00Z,C.Otton,00-0038129,TB,TE,receiving/receiving_yards,receiving,POST_INACTIVES_FINAL,2026-09-13T16:16:15.935964Z,e92b9e19466d27bd,PRIMARY_RECEIVER,39.799,35.0,8.0,19.0,35.0,55.25,77.1,26.0,13.799,13.799,53.0731,0.369144,True,True,True,7.628927,1000,PARTIAL_PLAYER_COVERAGE,,False,derived from previous_primary_detail; the board predates the qb3_configuration field,1415dd98ba7f701af23d20b9aa63c7e2dd5bd6a924978a650f9b6b47eb55f9bd
2026_01_TB_CIN,2026-09-13T17:00:00Z,T.Hudson,00-0034613,CIN,TE,receiving/targets,receiving,POST_INACTIVES_FINAL,2026-09-13T16:16:15.935964Z,e92b9e19466d27bd,DEPTH_RECEIVER,1.013,0.0,0.0,0.0,0.0,1.0,4.0,1.0,0.013,0.013,1.3,0.650663,True,True,True,0.490963,1000,PARTIAL_PLAYER_COVERAGE,,False,derived from previous_primary_detail; the board predates the qb3_configuration field,1415dd98ba7f701af23d20b9aa63c7e2dd5bd6a924978a650f9b6b47eb55f9bd
2026_01_TB_CIN,2026-09-13T17:00:00Z,T.Hudson,00-0034613,CIN,TE,receiving/receptions,receiving,POST_INACTIVES_FINAL,2026-09-13T16:16:15.935964Z,e92b9e19466d27bd,DEPTH_RECEIVER,0.746,0.0,0.0,0.0,0.0,1.0,3.0,1.0,-0.254,0.254,-25.4,0.69488,True,True,True,0.494486,1000,PARTIAL_PLAYER_COVERAGE,,False,derived from previous_primary_detail; the board predates the qb3_configuration field,1415dd98ba7f701af23d20b9aa63c7e2dd5bd6a924978a650f9b6b47eb55f9bd
2026_01_TB_CIN,2026-09-13T17:00:00Z,T.Hudson,00-0034613,CIN,TE,receiving/receiving_yards,receiving,POST_INACTIVES_FINAL,2026-09-13T16:16:15.935964Z,e92b9e19466d27bd,DEPTH_RECEIVER,7.096,0.0,0.0,0.0,0.0,9.0,27.0,4.0,3.096,3.096,77.4,0.689359,True,True,True,2.772506,1000,PARTIAL_PLAYER_COVERAGE,,False,derived from previous_primary_detail; the board predates the qb3_configuration field,1415dd98ba7f701af23d20b9aa63c7e2dd5bd6a924978a650f9b6b47eb55f9bd
2026_01_TB_CIN,2026-09-13T17:00:00Z,M.Gesicki,00-0034829,CIN,TE,receiving/targets,receiving,POST_INACTIVES_FINAL,2026-09-13T16:16:15.935964Z,e92b9e19466d27bd,DEPTH_RECEIVER,2.903,2.0,0.0,1.0,2.0,4.0,6.0,7.0,-4.097,4.097,-58.5286,0.919077,False,False,True,3.020483,1000,PARTIAL_PLAYER_COVERAGE,,False,derived from previous_primary_detail; the board predates the qb3_configuration field,1415dd98ba7f701af23d20b9aa63c7e2dd5bd6a924978a650f9b6b47eb55f9bd
2026_01_TB_CIN,2026-09-13T17:00:00Z,M.Gesicki,00-0034829,CIN,TE,receiving/receptions,receiving,POST_INACTIVES_FINAL,2026-09-13T16:16:15.935964Z,e92b9e19466d27bd,DEPTH_RECEIVER,1.963,2.0,0.0,0.0,2.0,3.0,4.0,5.0,-3.037,3.037,-60.74,0.919862,False,False,True,2.303471,1000,PARTIAL_PLAYER_COVERAGE,,False,derived from previous_primary_detail; the board predates the qb3_configuration field,1415dd98ba7f701af23d20b9aa63c7e2dd5bd6a924978a650f9b6b47eb55f9bd
2026_01_TB_CIN,2026-09-13T17:00:00Z,M.Gesicki,00-0034829,CIN,TE,receiving/receiving_yards,receiving,POST_INACTIVES_FINAL,2026-09-13T16:16:15.935964Z,e92b9e19466d27bd,DEPTH_RECEIVER,21.66,15.0,0.0,0.0,15.0,31.0,54.0,78.0,-56.34,56.34,-72.2308,0.966429,False,False,False,45.600882,1000,PARTIAL_PLAYER_COVERAGE,,False,derived from previous_primary_detail; the board predates the qb3_configuration field,1415dd98ba7f701af23d20b9aa63c7e2dd5bd6a924978a650f9b6b47eb55f9bd
2026_01_TB_CIN,2026-09-13T17:00:00Z,D.Sample,00-0035631,CIN,TE,receiving/targets,receiving,POST_INACTIVES_FINAL,2026-09-13T16:16:15.935964Z,e92b9e19466d27bd,DEPTH_RECEIVER,1.569,1.0,0.0,0.0,1.0,2.0,4.0,3.0,-1.431,1.431,-47.7,0.778514,False,True,True,1.174457,1000,PARTIAL_PLAYER_COVERAGE,,False,derived from previous_primary_detail; the board predates the qb3_configuration field,1415dd98ba7f701af23d20b9aa63c7e2dd5bd6a924978a650f9b6b47eb55f9bd
2026_01_TB_CIN,2026-09-13T17:00:00Z,D.Sample,00-0035631,CIN,TE,receiving/receptions,receiving,POST_INACTIVES_FINAL,2026-09-13T16:16:15.935964Z,e92b9e19466d27bd,DEPTH_RECEIVER,1.255,1.0,0.0,0.0,1.0,2.0,3.0,3.0,-1.745,1.745,-58.1667,0.83737,False,True,True,1.365529,1000,PARTIAL_PLAYER_COVERAGE,,False,derived from previous_primary_detail; the board predates the qb3_configuration field,1415dd98ba7f701af23d20b9aa63c7e2dd5bd6a924978a650f9b6b47eb55f9bd
2026_01_TB_CIN,2026-09-13T17:00:00Z,D.Sample,00-0035631,CIN,TE,receiving/receiving_yards,receiving,POST_INACTIVES_FINAL,2026-09-13T16:16:15.935964Z,e92b9e19466d27bd,DEPTH_RECEIVER,9.406,2.0,0.0,0.0,2.0,15.0,29.0,19.0,-9.594,9.594,-50.4947,0.811573,False,True,True,8.536424,1000,PARTIAL_PLAYER_COVERAGE,,False,derived from previous_primary_detail; the board predates the qb3_configuration field,1415dd98ba7f701af23d20b9aa63c7e2dd5bd6a924978a650f9b6b47eb55f9bd
