idx,captain,captain_pos,flex,salary,salary_band,split,qb_double_stack,mean,p90,p95,p99,first_place_proxy,n_worlds_optimal,structural_duplication_index,source
1673,Chris Olave,WR,Bijan Robinson / Daniel Carlson / Juwan Johnson / Treyton Welch / Tyler Shough,50000,50000,1-5,1,112.05,146.25,158.42,180.42,0.194,1,4,EXACT_OR_NEAR_OPTIMAL
1672,Chris Olave,WR,Bijan Robinson / Daniel Carlson / Juwan Johnson / Nick Muse / Tyler Shough,50000,50000,2-4,1,111.76,146.16,157.69,180.42,0.188,9,3,EXACT_OR_NEAR_OPTIMAL
1705,Chris Olave,WR,Bijan Robinson / Juwan Johnson / Oscar Delp / Saints / Tyler Shough,49600,49500-49900,1-5,1,111.15,145.22,157.16,180.4,0.1755,4,3,EXACT_OR_NEAR_OPTIMAL
1428,Chris Olave,WR,Alvin Kamara / Bijan Robinson / Daniel Carlson / Oscar Delp / Tyler Shough,49800,49500-49900,1-5,1,110.71,144.15,154.64,177.9,0.167,6,2,EXACT_OR_NEAR_OPTIMAL
4623,Tyler Shough,QB,Alvin Kamara / Chris Olave / Drake London / Juwan Johnson / Oscar Delp,50000,50000,1-5,1,110.65,147.92,159.65,179.39,0.1655,12,4,EXACT_OR_NEAR_OPTIMAL
4748,Tyler Shough,QB,Bijan Robinson / Chris Olave / Daniel Carlson / Juwan Johnson / Oscar Delp,49600,49500-49900,1-5,1,111.61,145.52,155.8,179.08,0.1635,6,3,EXACT_OR_NEAR_OPTIMAL
715,Bijan Robinson,RB,Chris Olave / Falcons / Juwan Johnson / Oscar Delp / Tyler Shough,49500,49500-49900,2-4,1,110.39,142.44,152.89,178.13,0.163,4,3,EXACT_OR_NEAR_OPTIMAL
1703,Chris Olave,WR,Bijan Robinson / Juwan Johnson / Kevin Austin Jr. / Saints / Tyler Shough,50000,50000,1-5,1,110.43,143.86,156.19,179.05,0.16,4,4,EXACT_OR_NEAR_OPTIMAL
1696,Chris Olave,WR,Bijan Robinson / Falcons / Juwan Johnson / Oscar Delp / Tyler Shough,49000,49000-49400,2-4,1,110.22,144.13,154.4,181.58,0.1595,3,2,EXACT_OR_NEAR_OPTIMAL
1648,Chris Olave,WR,Bijan Robinson / Bryce Lance / Drake London / Oscar Delp / Tyler Shough,49800,49500-49900,2-4,1,111.14,146.94,159.26,183.82,0.159,7,2,EXACT_OR_NEAR_OPTIMAL
1652,Chris Olave,WR,Bijan Robinson / Bryce Lance / Jahan Dotson / Juwan Johnson / Tyler Shough,49800,49500-49900,2-4,1,109.92,145.26,156.73,182.43,0.1545,4,2,EXACT_OR_NEAR_OPTIMAL
2923,Juwan Johnson,TE,Bijan Robinson / Bryce Lance / Chris Olave / Daniel Carlson / Tyler Shough,49900,49500-49900,1-5,1,109.69,143.81,154.26,176.85,0.153,3,3,EXACT_OR_NEAR_OPTIMAL
1660,Chris Olave,WR,Bijan Robinson / Charlie Woerner / Juwan Johnson / Saints / Tyler Shough,49800,49500-49900,2-4,1,110.07,143.75,156.05,179.05,0.15,2,2,EXACT_OR_NEAR_OPTIMAL
4747,Tyler Shough,QB,Bijan Robinson / Chris Olave / Daniel Carlson / Juwan Johnson / Kevin Austin Jr.,50000,50000,1-5,1,110.89,144.74,155.91,176.58,0.1465,3,4,EXACT_OR_NEAR_OPTIMAL
1692,Chris Olave,WR,Bijan Robinson / Drake London / Olamide Zaccheaus / Oscar Delp / Tyler Shough,50000,50000,3-3,1,110.86,145.85,159.05,183.32,0.146,5,3,EXACT_OR_NEAR_OPTIMAL
711,Bijan Robinson,RB,Chris Olave / Falcons / Juwan Johnson / Kevin Austin Jr. / Tyler Shough,49900,49500-49900,2-4,1,109.67,141.57,152.65,176.65,0.1455,2,3,EXACT_OR_NEAR_OPTIMAL
4624,Tyler Shough,QB,Alvin Kamara / Chris Olave / Drake London / Juwan Johnson / Treyton Welch,49800,49500-49900,1-5,1,109.5,146.65,157.94,177.16,0.1445,4,3,EXACT_OR_NEAR_OPTIMAL
1695,Chris Olave,WR,Bijan Robinson / Falcons / Juwan Johnson / Kevin Austin Jr. / Tyler Shough,49400,49000-49400,2-4,1,109.5,143.0,154.11,179.89,0.143,2,2,EXACT_OR_NEAR_OPTIMAL
1634,Chris Olave,WR,Bijan Robinson / Brian Robinson Jr. / Juwan Johnson / Oscar Delp / Tyler Shough,49200,49000-49400,2-4,1,109.26,144.13,155.65,179.39,0.1395,0,2,FORCED_CAPTAIN
1699,Chris Olave,WR,Bijan Robinson / Jahan Dotson / Juwan Johnson / Olamide Zaccheaus / Tyler Shough,50000,50000,3-3,1,109.64,145.4,156.65,181.89,0.139,1,3,EXACT_OR_NEAR_OPTIMAL
4765,Tyler Shough,QB,Bijan Robinson / Chris Olave / Juwan Johnson / Nick Folk / Treyton Welch,50000,50000,2-4,1,109.72,144.44,155.7,177.8,0.1385,2,3,EXACT_OR_NEAR_OPTIMAL
1418,Chris Olave,WR,Alvin Kamara / Bijan Robinson / Charlie Woerner / Daniel Carlson / Tyler Shough,50000,50000,2-4,1,109.62,142.45,152.46,176.9,0.1375,1,2,EXACT_OR_NEAR_OPTIMAL
1447,Chris Olave,WR,Alvin Kamara / Bijan Robinson / Oscar Delp / Saints / Tyler Shough,49200,49000-49400,1-5,1,108.65,141.11,152.07,174.25,0.137,2,2,EXACT_OR_NEAR_OPTIMAL
4622,Tyler Shough,QB,Alvin Kamara / Chris Olave / Drake London / Juwan Johnson / Nick Muse,49800,49500-49900,2-4,1,109.2,146.2,157.75,177.02,0.137,3,2,EXACT_OR_NEAR_OPTIMAL
1635,Chris Olave,WR,Bijan Robinson / Bryce Lance / Charlie Woerner / Drake London / Tyler Shough,50000,50000,3-3,1,110.06,145.14,157.34,183.77,0.1365,1,3,EXACT_OR_NEAR_OPTIMAL
716,Bijan Robinson,RB,Chris Olave / Falcons / Juwan Johnson / Treyton Welch / Tyler Shough,49300,49000-49400,2-4,1,109.23,141.43,151.21,174.8,0.1355,2,3,EXACT_OR_NEAR_OPTIMAL
724,Bijan Robinson,RB,Chris Olave / Juwan Johnson / Saints / Treyton Welch / Tyler Shough,49900,49500-49900,1-5,1,110.17,142.59,152.84,172.32,0.1355,1,4,EXACT_OR_NEAR_OPTIMAL
1656,Chris Olave,WR,Bijan Robinson / CJ Donaldson / Falcons / Juwan Johnson / Tyler Shough,50000,50000,2-4,1,109.26,143.14,153.8,178.48,0.1355,1,3,EXACT_OR_NEAR_OPTIMAL
1561,Chris Olave,WR,Austin Hooper / Bijan Robinson / Bryce Lance / Juwan Johnson / Tyler Shough,49600,49500-49900,2-4,1,109.48,145.23,157.61,180.44,0.1345,5,2,EXACT_OR_NEAR_OPTIMAL
4749,Tyler Shough,QB,Bijan Robinson / Chris Olave / Daniel Carlson / Juwan Johnson / Treyton Welch,49400,49000-49400,1-5,1,110.45,143.98,154.45,176.4,0.134,1,3,EXACT_OR_NEAR_OPTIMAL
622,Bijan Robinson,RB,Brian Robinson Jr. / Chris Olave / Juwan Johnson / Oscar Delp / Tyler Shough,49700,49500-49900,2-4,1,109.43,143.6,152.71,177.37,0.1335,4,3,EXACT_OR_NEAR_OPTIMAL
1649,Chris Olave,WR,Bijan Robinson / Bryce Lance / Drake London / Treyton Welch / Tyler Shough,49600,49500-49900,2-4,1,109.99,145.27,157.35,183.45,0.133,1,2,EXACT_OR_NEAR_OPTIMAL
1730,Chris Olave,WR,Bryce Lance / Daniel Carlson / Drake London / Juwan Johnson / Tyler Shough,49800,49500-49900,1-5,1,108.43,144.64,155.45,174.55,0.1325,8,3,EXACT_OR_NEAR_OPTIMAL
723,Bijan Robinson,RB,Chris Olave / Juwan Johnson / Nick Muse / Saints / Tyler Shough,49900,49500-49900,2-4,1,109.87,141.99,152.21,172.32,0.1315,4,3,EXACT_OR_NEAR_OPTIMAL
1577,Chris Olave,WR,Austin Hooper / Bijan Robinson / Juwan Johnson / Olamide Zaccheaus / Tyler Shough,49800,49500-49900,3-3,1,109.2,145.04,156.86,179.67,0.131,0,2,FORCED_CAPTAIN
4735,Tyler Shough,QB,Bijan Robinson / Bryce Lance / Chris Olave / Falcons / Juwan Johnson,49800,49500-49900,2-4,1,109.84,142.82,154.23,177.88,0.131,4,2,EXACT_OR_NEAR_OPTIMAL
4764,Tyler Shough,QB,Bijan Robinson / Chris Olave / Juwan Johnson / Nick Folk / Nick Muse,50000,50000,3-3,1,109.42,144.03,155.45,176.39,0.131,1,3,EXACT_OR_NEAR_OPTIMAL
1427,Chris Olave,WR,Alvin Kamara / Bijan Robinson / Daniel Carlson / Nick Muse / Tyler Shough,49600,49500-49900,2-4,1,109.26,142.07,151.98,176.06,0.1305,2,1,EXACT_OR_NEAR_OPTIMAL
714,Bijan Robinson,RB,Chris Olave / Falcons / Juwan Johnson / Nick Muse / Tyler Shough,49300,49000-49400,3-3,1,108.94,140.79,151.21,174.8,0.13,0,3,FORCED_CAPTAIN
4766,Tyler Shough,QB,Bijan Robinson / Chris Olave / Juwan Johnson / Oscar Delp / Saints,49000,49000-49400,1-5,1,109.55,142.87,153.81,176.76,0.129,1,3,EXACT_OR_NEAR_OPTIMAL
1647,Chris Olave,WR,Bijan Robinson / Bryce Lance / Drake London / Nick Muse / Tyler Shough,49600,49500-49900,3-3,1,109.69,144.67,156.3,183.45,0.1285,1,2,EXACT_OR_NEAR_OPTIMAL
1416,Chris Olave,WR,Alvin Kamara / Bijan Robinson / Bryce Lance / Falcons / Tyler Shough,50000,50000,2-4,1,108.94,140.93,153.09,174.23,0.128,4,2,EXACT_OR_NEAR_OPTIMAL
1633,Chris Olave,WR,Bijan Robinson / Brian Robinson Jr. / Juwan Johnson / Kevin Austin Jr. / Tyler Shough,49600,49500-49900,2-4,1,108.54,143.32,155.05,179.16,0.124,3,2,EXACT_OR_NEAR_OPTIMAL
2211,Drake London,WR,Alvin Kamara / Chris Olave / Juwan Johnson / Treyton Welch / Tyler Shough,50000,50000,1-5,1,108.27,143.98,154.9,174.61,0.1235,0,4,FORCED_CAPTAIN
2935,Juwan Johnson,TE,Bijan Robinson / Chris Olave / Daniel Carlson / Oscar Delp / Tyler Shough,48500,48000-48900,1-5,1,108.46,142.02,152.45,175.94,0.1215,4,3,EXACT_OR_NEAR_OPTIMAL
4721,Tyler Shough,QB,Bijan Robinson / Brian Robinson Jr. / Bryce Lance / Chris Olave / Juwan Johnson,50000,50000,2-4,1,108.88,144.5,154.69,176.82,0.1215,0,3,FORCED_CAPTAIN
703,Bijan Robinson,RB,Chris Olave / Drake London / Falcons / Juwan Johnson / Oscar Delp,49900,49500-49900,3-3,0,107.93,138.57,148.06,167.19,0.121,1,2,EXACT_OR_NEAR_OPTIMAL
1691,Chris Olave,WR,Bijan Robinson / Drake London / Nick Muse / Olamide Zaccheaus / Tyler Shough,49800,49500-49900,4-2,0,109.41,144.18,156.6,182.11,0.12,1,1,EXACT_OR_NEAR_OPTIMAL
1701,Chris Olave,WR,Bijan Robinson / Jahan Dotson / Michael Penix Jr. / Oscar Delp / Tyler Shough,50000,50000,3-3,1,107.86,143.07,155.87,180.13,0.1195,9,3,EXACT_OR_NEAR_OPTIMAL
1767,Chris Olave,WR,Daniel Carlson / Drake London / Juwan Johnson / Olamide Zaccheaus / Tyler Shough,50000,50000,2-4,1,108.15,144.63,155.04,172.76,0.1195,1,3,EXACT_OR_NEAR_OPTIMAL
1578,Chris Olave,WR,Austin Hooper / Bijan Robinson / Juwan Johnson / Oscar Delp / Tyler Shough,48200,48000-48900,2-4,1,108.25,144.21,155.78,178.86,0.119,1,2,EXACT_OR_NEAR_OPTIMAL
2210,Drake London,WR,Alvin Kamara / Chris Olave / Juwan Johnson / Nick Muse / Tyler Shough,50000,50000,2-4,1,107.98,143.4,153.92,174.61,0.119,4,3,EXACT_OR_NEAR_OPTIMAL
2945,Juwan Johnson,TE,Bijan Robinson / Chris Olave / Nick Folk / Oscar Delp / Tyler Shough,49100,49000-49400,2-4,1,107.73,141.84,152.43,179.13,0.119,7,2,EXACT_OR_NEAR_OPTIMAL
721,Bijan Robinson,RB,Chris Olave / Jahan Dotson / Juwan Johnson / Oscar Delp / Tyler Shough,48900,48000-48900,2-4,1,108.87,142.36,153.35,177.22,0.1185,0,3,FORCED_CAPTAIN
1772,Chris Olave,WR,Daniel Carlson / Drake London / Michael Penix Jr. / Oscar Delp / Tyler Shough,50000,50000,2-4,1,106.36,142.99,152.98,176.37,0.117,2,3,EXACT_OR_NEAR_OPTIMAL
1552,Chris Olave,WR,Alvin Kamara / Juwan Johnson / Nick Folk / Saints / Tyler Shough,49800,49500-49900,1-5,1,105.2,139.59,150.34,168.42,0.1165,5,2,EXACT_OR_NEAR_OPTIMAL
520,Bijan Robinson,RB,Alvin Kamara / Chris Olave / Oscar Delp / Saints / Tyler Shough,49700,49500-49900,1-5,1,108.82,138.87,148.11,169.06,0.116,3,3,EXACT_OR_NEAR_OPTIMAL
4556,Tyler Shough,QB,Alvin Kamara / Bijan Robinson / Chris Olave / Nick Folk / Oscar Delp,49800,49500-49900,2-4,1,108.37,140.66,153.1,172.22,0.116,6,1,EXACT_OR_NEAR_OPTIMAL
595,Bijan Robinson,RB,Austin Hooper / Chris Olave / Juwan Johnson / Oscar Delp / Tyler Shough,48700,48000-48900,2-4,1,108.42,142.56,152.56,177.05,0.1145,2,3,EXACT_OR_NEAR_OPTIMAL
743,Bijan Robinson,RB,Daniel Carlson / Drake London / Juwan Johnson / Oscar Delp / Tyler Shough,49900,49500-49900,2-4,1,107.72,139.37,147.1,168.54,0.114,5,3,EXACT_OR_NEAR_OPTIMAL
610,Bijan Robinson,RB,Brian Robinson Jr. / Charlie Woerner / Chris Olave / Juwan Johnson / Tyler Shough,49900,49500-49900,3-3,1,108.34,142.36,151.8,177.34,0.1135,2,3,EXACT_OR_NEAR_OPTIMAL
2801,Juwan Johnson,TE,Alvin Kamara / Bijan Robinson / Drake London / Oscar Delp / Tyler Shough,49900,49500-49900,2-4,1,107.85,140.49,151.38,169.74,0.1125,6,2,EXACT_OR_NEAR_OPTIMAL
4763,Tyler Shough,QB,Bijan Robinson / Chris Olave / Juwan Johnson / Kevin Austin Jr. / Saints,49400,49000-49400,1-5,1,108.83,142.33,153.17,175.65,0.1115,2,3,EXACT_OR_NEAR_OPTIMAL
1580,Chris Olave,WR,Austin Hooper / Bijan Robinson / Michael Penix Jr. / Oscar Delp / Tyler Shough,49800,49500-49900,3-3,1,107.41,142.09,156.64,178.77,0.1105,5,2,EXACT_OR_NEAR_OPTIMAL
1612,Chris Olave,WR,Barion Brown / Bijan Robinson / Brian Robinson Jr. / Juwan Johnson / Tyler Shough,50000,50000,2-4,1,107.99,142.91,154.01,178.9,0.1105,1,3,EXACT_OR_NEAR_OPTIMAL
1551,Chris Olave,WR,Alvin Kamara / Juwan Johnson / Michael Penix Jr. / Oscar Delp / Tyler Shough,49600,49500-49900,1-5,1,107.58,144.21,155.12,175.97,0.11,5,3,EXACT_OR_NEAR_OPTIMAL
2938,Juwan Johnson,TE,Bijan Robinson / Chris Olave / Falcons / Jahan Dotson / Tyler Shough,49900,49500-49900,3-3,1,108.08,140.1,151.26,175.8,0.11,5,2,EXACT_OR_NEAR_OPTIMAL
515,Bijan Robinson,RB,Alvin Kamara / Chris Olave / Falcons / Oscar Delp / Tyler Shough,49100,49000-49400,2-4,1,107.88,137.54,148.0,171.17,0.1095,2,2,EXACT_OR_NEAR_OPTIMAL
719,Bijan Robinson,RB,Chris Olave / Jahan Dotson / Juwan Johnson / Kevin Austin Jr. / Tyler Shough,49300,49000-49400,2-4,1,108.15,141.38,152.75,176.86,0.109,0,3,FORCED_CAPTAIN
1739,Chris Olave,WR,Bryce Lance / Drake London / Juwan Johnson / Saints / Tyler Shough,49200,49000-49400,1-5,1,106.37,143.03,152.14,174.2,0.109,4,3,EXACT_OR_NEAR_OPTIMAL
4544,Tyler Shough,QB,Alvin Kamara / Bijan Robinson / Bryce Lance / Chris Olave / Saints,50000,50000,1-5,1,108.27,140.05,151.26,169.97,0.109,5,3,EXACT_OR_NEAR_OPTIMAL
707,Bijan Robinson,RB,Chris Olave / Drake London / Kevin Austin Jr. / Oscar Delp / Tyler Shough,49300,49000-49400,2-4,1,109.37,142.01,154.11,174.73,0.1085,0,3,FORCED_CAPTAIN
2925,Juwan Johnson,TE,Bijan Robinson / Bryce Lance / Chris Olave / Saints / Tyler Shough,49300,49000-49400,1-5,1,107.63,141.31,151.3,169.98,0.1085,3,3,EXACT_OR_NEAR_OPTIMAL
4613,Tyler Shough,QB,Alvin Kamara / Chris Olave / Daniel Carlson / Juwan Johnson / Nick Folk,49800,49500-49900,1-5,1,105.66,139.66,149.39,168.84,0.1085,5,2,EXACT_OR_NEAR_OPTIMAL
4736,Tyler Shough,QB,Bijan Robinson / Bryce Lance / Chris Olave / Jahan Dotson / Juwan Johnson,49200,49000-49400,2-4,1,108.32,143.84,154.88,175.36,0.1085,0,2,FORCED_CAPTAIN
1437,Chris Olave,WR,Alvin Kamara / Bijan Robinson / Falcons / Oscar Delp / Tyler Shough,48600,48000-48900,2-4,1,107.71,140.03,151.32,173.09,0.108,1,1,EXACT_OR_NEAR_OPTIMAL
1768,Chris Olave,WR,Daniel Carlson / Drake London / Juwan Johnson / Oscar Delp / Tyler Shough,48400,48000-48900,1-5,1,107.2,143.3,153.64,172.7,0.1075,1,3,EXACT_OR_NEAR_OPTIMAL
2933,Juwan Johnson,TE,Bijan Robinson / Chris Olave / Daniel Carlson / Kevin Austin Jr. / Tyler Shough,48900,48000-48900,1-5,1,107.74,141.18,150.45,174.15,0.1075,1,3,EXACT_OR_NEAR_OPTIMAL
2835,Juwan Johnson,TE,Alvin Kamara / Chris Olave / Drake London / Oscar Delp / Tyler Shough,48900,48000-48900,1-5,1,107.51,143.93,154.05,173.92,0.107,0,3,EXACT_OR_NEAR_OPTIMAL
2942,Juwan Johnson,TE,Bijan Robinson / Chris Olave / Kevin Austin Jr. / Nick Folk / Tyler Shough,49500,49500-49900,2-4,1,107.01,140.84,152.05,173.38,0.107,2,2,EXACT_OR_NEAR_OPTIMAL
1448,Chris Olave,WR,Alvin Kamara / Bijan Robinson / Saints / Treyton Welch / Tyler Shough,49000,49000-49400,1-5,1,107.49,139.87,150.99,173.02,0.106,1,2,EXACT_OR_NEAR_OPTIMAL
1527,Chris Olave,WR,Alvin Kamara / Drake London / Jahan Dotson / Saints / Tyler Shough,50000,50000,2-4,1,105.26,138.7,149.73,172.74,0.106,8,2,EXACT_OR_NEAR_OPTIMAL
4740,Tyler Shough,QB,Bijan Robinson / CJ Donaldson / Chris Olave / Juwan Johnson / Saints,50000,50000,1-5,1,108.6,141.9,152.96,174.41,0.106,3,4,EXACT_OR_NEAR_OPTIMAL
659,Bijan Robinson,RB,CJ Donaldson / Chris Olave / Drake London / Oscar Delp / Tyler Shough,49900,49500-49900,2-4,1,109.13,142.01,154.35,173.29,0.105,1,3,EXACT_OR_NEAR_OPTIMAL
1420,Chris Olave,WR,Alvin Kamara / Bijan Robinson / Charlie Woerner / Saints / Tyler Shough,49400,49000-49400,2-4,1,107.56,139.94,151.02,172.12,0.105,1,1,EXACT_OR_NEAR_OPTIMAL
4807,Tyler Shough,QB,Bryce Lance / Chris Olave / Drake London / Juwan Johnson / Nick Folk,49800,49500-49900,2-4,1,106.09,142.51,153.43,173.2,0.1045,3,2,EXACT_OR_NEAR_OPTIMAL
1820,Chris Olave,WR,Drake London / Juwan Johnson / Nick Folk / Oscar Delp / Tyler Shough,49000,49000-49400,2-4,1,106.47,143.07,154.17,172.62,0.103,2,2,EXACT_OR_NEAR_OPTIMAL
4554,Tyler Shough,QB,Alvin Kamara / Bijan Robinson / Chris Olave / Daniel Carlson / Oscar Delp,49200,49000-49400,1-5,1,109.1,140.66,151.32,171.45,0.1025,5,2,EXACT_OR_NEAR_OPTIMAL
667,Bijan Robinson,RB,Charlie Woerner / Chris Olave / Drake London / Oscar Delp / Tyler Shough,49100,49000-49400,3-3,1,109.0,141.68,153.09,174.24,0.102,0,3,FORCED_CAPTAIN
4767,Tyler Shough,QB,Bijan Robinson / Chris Olave / Juwan Johnson / Saints / Treyton Welch,48800,48000-48900,1-5,1,108.39,141.64,152.17,173.81,0.1015,1,3,EXACT_OR_NEAR_OPTIMAL
1682,Chris Olave,WR,Bijan Robinson / Devaughn Vele / Oscar Delp / Saints / Tyler Shough,50000,50000,1-5,1,106.01,139.95,151.92,173.57,0.101,0,3,FORCED_CAPTAIN
2336,Drake London,WR,Bijan Robinson / Bryce Lance / Chris Olave / Oscar Delp / Tyler Shough,49400,49000-49400,2-4,1,108.31,142.37,153.35,175.88,0.101,1,2,EXACT_OR_NEAR_OPTIMAL
702,Bijan Robinson,RB,Chris Olave / Drake London / Falcons / Juwan Johnson / Nick Muse,49700,49500-49900,4-2,0,106.48,136.59,146.08,165.97,0.1005,1,2,EXACT_OR_NEAR_OPTIMAL
1641,Chris Olave,WR,Bijan Robinson / Bryce Lance / Daniel Carlson / Nick Folk / Tyler Shough,49600,49500-49900,2-4,1,106.15,138.31,148.92,170.06,0.1005,3,1,EXACT_OR_NEAR_OPTIMAL
2899,Juwan Johnson,TE,Austin Hooper / Bijan Robinson / Chris Olave / Falcons / Tyler Shough,49700,49500-49900,3-3,1,107.64,140.56,150.18,174.69,0.1005,4,2,EXACT_OR_NEAR_OPTIMAL
1446,Chris Olave,WR,Alvin Kamara / Bijan Robinson / Nick Muse / Saints / Tyler Shough,49000,49000-49400,2-4,1,107.2,139.68,150.89,172.12,0.1,2,1,EXACT_OR_NEAR_OPTIMAL
594,Bijan Robinson,RB,Austin Hooper / Chris Olave / Juwan Johnson / Kevin Austin Jr. / Tyler Shough,49100,49000-49400,2-4,1,107.7,141.04,151.99,175.84,0.099,1,3,EXACT_OR_NEAR_OPTIMAL
1472,Chris Olave,WR,Alvin Kamara / Bryce Lance / Drake London / Nick Folk / Tyler Shough,50000,50000,2-4,1,105.19,140.0,151.28,173.81,0.099,4,2,EXACT_OR_NEAR_OPTIMAL
2946,Juwan Johnson,TE,Bijan Robinson / Chris Olave / Nick Folk / Treyton Welch / Tyler Shough,48900,48000-48900,2-4,1,106.57,140.58,151.38,172.8,0.099,0,2,FORCED_CAPTAIN
4727,Tyler Shough,QB,Bijan Robinson / Brian Robinson Jr. / Chris Olave / Juwan Johnson / Oscar Delp,48600,48000-48900,2-4,1,107.65,142.43,153.84,177.26,0.099,1,2,EXACT_OR_NEAR_OPTIMAL
1414,Chris Olave,WR,Alvin Kamara / Bijan Robinson / Brian Robinson Jr. / Oscar Delp / Tyler Shough,48800,48000-48900,2-4,1,106.75,139.86,151.38,175.82,0.0985,1,1,EXACT_OR_NEAR_OPTIMAL
1468,Chris Olave,WR,Alvin Kamara / Bryce Lance / Daniel Carlson / Drake London / Tyler Shough,49400,49000-49400,1-5,1,105.93,140.12,150.7,173.86,0.0985,3,2,EXACT_OR_NEAR_OPTIMAL
4754,Tyler Shough,QB,Bijan Robinson / Chris Olave / Drake London / Olamide Zaccheaus / Oscar Delp,49400,49000-49400,3-3,1,109.26,143.97,154.54,179.25,0.0985,1,2,EXACT_OR_NEAR_OPTIMAL
722,Bijan Robinson,RB,Chris Olave / Jahan Dotson / Juwan Johnson / Treyton Welch / Tyler Shough,48700,48000-48900,2-4,1,107.71,141.14,151.86,175.51,0.0975,1,3,EXACT_OR_NEAR_OPTIMAL
1602,Chris Olave,WR,Austin Hooper / Drake London / Falcons / Juwan Johnson / Tyler Shough,49600,49500-49900,3-3,1,106.38,141.31,152.89,173.56,0.0975,1,2,EXACT_OR_NEAR_OPTIMAL
1822,Chris Olave,WR,Drake London / Juwan Johnson / Olamide Zaccheaus / Saints / Tyler Shough,49400,49000-49400,2-4,1,106.09,142.1,152.16,173.35,0.0975,1,2,EXACT_OR_NEAR_OPTIMAL
2917,Juwan Johnson,TE,Barion Brown / Bijan Robinson / Chris Olave / Daniel Carlson / Tyler Shough,49300,49000-49400,1-5,1,107.19,140.6,150.36,173.75,0.0975,1,3,EXACT_OR_NEAR_OPTIMAL
4743,Tyler Shough,QB,Bijan Robinson / Chris Blair / Chris Olave / Juwan Johnson / Saints,49600,49500-49900,2-4,1,108.23,141.44,152.09,173.81,0.0975,1,2,EXACT_OR_NEAR_OPTIMAL
1723,Chris Olave,WR,Brian Robinson Jr. / Drake London / Jahan Dotson / Juwan Johnson / Tyler Shough,50000,50000,3-3,1,105.87,142.98,153.78,173.86,0.097,0,3,EXACT_OR_NEAR_OPTIMAL
1704,Chris Olave,WR,Bijan Robinson / Juwan Johnson / Olamide Zaccheaus / Oscar Delp / Tyler Shough,47400,<48000,2-4,1,107.03,142.34,154.12,177.35,0.0965,1,2,EXACT_OR_NEAR_OPTIMAL
1764,Chris Olave,WR,Daniel Carlson / Drake London / Juwan Johnson / Kevin Austin Jr. / Tyler Shough,48800,48000-48900,1-5,1,106.48,141.94,153.01,173.35,0.0965,1,3,EXACT_OR_NEAR_OPTIMAL
1384,Chris Olave,WR,Alvin Kamara / Austin Hooper / Bijan Robinson / Bryce Lance / Tyler Shough,49200,49000-49400,2-4,1,106.97,140.33,152.7,173.89,0.096,1,1,EXACT_OR_NEAR_OPTIMAL
1401,Chris Olave,WR,Alvin Kamara / Austin Hooper / Drake London / Saints / Tyler Shough,49800,49500-49900,2-4,1,104.81,139.25,149.01,172.01,0.096,1,1,EXACT_OR_NEAR_OPTIMAL
1563,Chris Olave,WR,Austin Hooper / Bijan Robinson / Charlie Woerner / Michael Penix Jr. / Tyler Shough,50000,50000,4-2,1,106.33,140.94,154.65,178.5,0.096,0,3,FORCED_CAPTAIN
1773,Chris Olave,WR,Daniel Carlson / Drake London / Michael Penix Jr. / Treyton Welch / Tyler Shough,49800,49500-49900,2-4,1,105.21,141.48,152.42,173.92,0.096,1,2,EXACT_OR_NEAR_OPTIMAL
2947,Juwan Johnson,TE,Bijan Robinson / Chris Olave / Olamide Zaccheaus / Saints / Tyler Shough,49500,49500-49900,2-4,1,107.35,140.27,150.55,171.95,0.096,2,2,EXACT_OR_NEAR_OPTIMAL
1434,Chris Olave,WR,Alvin Kamara / Bijan Robinson / Falcons / Kevin Austin Jr. / Tyler Shough,49000,49000-49400,2-4,1,106.99,138.48,150.78,172.97,0.0955,1,1,EXACT_OR_NEAR_OPTIMAL
1615,Chris Olave,WR,Barion Brown / Bijan Robinson / Drake London / Kevin Austin Jr. / Tyler Shough,49600,49500-49900,2-4,1,107.92,142.33,154.75,181.15,0.0955,1,2,EXACT_OR_NEAR_OPTIMAL
4551,Tyler Shough,QB,Alvin Kamara / Bijan Robinson / Charlie Woerner / Chris Olave / Nick Folk,50000,50000,3-3,1,107.28,139.63,151.33,170.22,0.0955,0,2,FORCED_CAPTAIN
1549,Chris Olave,WR,Alvin Kamara / Juwan Johnson / Kevin Austin Jr. / Michael Penix Jr. / Tyler Shough,50000,50000,1-5,1,106.86,143.35,155.11,175.71,0.095,0,4,EXACT_OR_NEAR_OPTIMAL
2930,Juwan Johnson,TE,Bijan Robinson / Charlie Woerner / Chris Olave / Nick Folk / Tyler Shough,49300,49000-49400,3-3,1,106.64,140.79,151.09,172.81,0.095,0,2,FORCED_CAPTAIN
4838,Tyler Shough,QB,Chris Olave / Drake London / Jahan Dotson / Juwan Johnson / Saints,49800,49500-49900,2-4,1,106.16,141.89,151.21,171.92,0.095,1,2,EXACT_OR_NEAR_OPTIMAL
2362,Drake London,WR,Bijan Robinson / Chris Olave / Olamide Zaccheaus / Oscar Delp / Tyler Shough,49600,49500-49900,3-3,1,108.03,141.67,153.18,174.42,0.0945,0,2,FORCED_CAPTAIN
2832,Juwan Johnson,TE,Alvin Kamara / Chris Olave / Drake London / Kevin Austin Jr. / Tyler Shough,49300,49000-49400,1-5,1,106.79,144.16,153.1,174.73,0.0945,0,3,FORCED_CAPTAIN
481,Bijan Robinson,RB,Alvin Kamara / Bryce Lance / Chris Olave / Jahan Dotson / Tyler Shough,49900,49500-49900,2-4,1,107.59,138.89,149.97,173.83,0.094,1,2,EXACT_OR_NEAR_OPTIMAL
2800,Juwan Johnson,TE,Alvin Kamara / Bijan Robinson / Drake London / Nick Muse / Tyler Shough,49700,49500-49900,3-3,1,106.4,139.3,149.16,168.66,0.094,3,2,EXACT_OR_NEAR_OPTIMAL
3930,Oscar Delp,TE,Alvin Kamara / Bijan Robinson / Chris Olave / Drake London / Tyler Shough,49800,49500-49900,2-4,1,110.01,141.0,151.41,174.56,0.094,1,2,EXACT_OR_NEAR_OPTIMAL
4557,Tyler Shough,QB,Alvin Kamara / Bijan Robinson / Chris Olave / Nick Folk / Treyton Welch,49600,49500-49900,2-4,1,107.21,139.29,151.19,168.61,0.094,1,1,EXACT_OR_NEAR_OPTIMAL
684,Bijan Robinson,RB,Chris Olave / Daniel Carlson / Falcons / Juwan Johnson / Nick Folk,49700,49500-49900,3-3,0,102.94,131.42,140.4,156.39,0.0935,3,1,EXACT_OR_NEAR_OPTIMAL
1815,Chris Olave,WR,Drake London / Juwan Johnson / Kevin Austin Jr. / Nick Folk / Tyler Shough,49400,49000-49400,2-4,1,105.75,141.8,153.31,172.64,0.0935,1,2,EXACT_OR_NEAR_OPTIMAL
2924,Juwan Johnson,TE,Bijan Robinson / Bryce Lance / Chris Olave / Falcons / Tyler Shough,48700,48000-48900,2-4,1,106.69,139.73,150.07,172.01,0.0935,1,2,EXACT_OR_NEAR_OPTIMAL
1511,Chris Olave,WR,Alvin Kamara / Devaughn Vele / Juwan Johnson / Olamide Zaccheaus / Tyler Shough,50000,50000,1-5,1,104.23,140.47,151.82,173.27,0.093,1,3,EXACT_OR_NEAR_OPTIMAL
1685,Chris Olave,WR,Bijan Robinson / Drake London / Falcons / Juwan Johnson / Oscar Delp,49400,49000-49400,3-3,0,107.76,138.49,149.03,170.46,0.093,1,1,EXACT_OR_NEAR_OPTIMAL
4693,Tyler Shough,QB,Austin Hooper / Bijan Robinson / Bryce Lance / Chris Olave / Juwan Johnson,49000,49000-49400,2-4,1,107.87,142.99,153.43,175.54,0.093,1,2,EXACT_OR_NEAR_OPTIMAL
4698,Tyler Shough,QB,Austin Hooper / Bijan Robinson / Chris Olave / Drake London / Treyton Welch,50000,50000,3-3,1,109.33,142.62,155.51,178.08,0.093,3,3,EXACT_OR_NEAR_OPTIMAL
4744,Tyler Shough,QB,Bijan Robinson / Chris Olave / Daniel Carlson / Devaughn Vele / Oscar Delp,50000,50000,1-5,1,106.46,139.19,151.32,172.72,0.093,1,3,EXACT_OR_NEAR_OPTIMAL
4802,Tyler Shough,QB,Bryce Lance / Chris Olave / Daniel Carlson / Drake London / Juwan Johnson,49200,49000-49400,1-5,1,106.83,142.87,154.27,170.88,0.093,0,3,EXACT_OR_NEAR_OPTIMAL
84,Alvin Kamara,RB,Bijan Robinson / Drake London / Juwan Johnson / Oscar Delp / Tyler Shough,49700,49500-49900,2-4,1,106.6,138.18,148.0,165.22,0.092,3,2,EXACT_OR_NEAR_OPTIMAL
578,Bijan Robinson,RB,Austin Hooper / CJ Donaldson / Chris Olave / Juwan Johnson / Tyler Shough,49700,49500-49900,2-4,1,107.47,140.84,152.07,174.25,0.092,2,3,EXACT_OR_NEAR_OPTIMAL
2944,Juwan Johnson,TE,Bijan Robinson / Chris Olave / Nick Folk / Nick Muse / Tyler Shough,48900,48000-48900,3-3,1,106.28,140.28,150.8,172.8,0.092,2,2,EXACT_OR_NEAR_OPTIMAL
1482,Chris Olave,WR,Alvin Kamara / Charlie Woerner / Juwan Johnson / Michael Penix Jr. / Tyler Shough,49800,49500-49900,2-4,1,106.5,142.53,153.71,175.71,0.0915,1,2,EXACT_OR_NEAR_OPTIMAL
1771,Chris Olave,WR,Daniel Carlson / Drake London / Michael Penix Jr. / Nick Muse / Tyler Shough,49800,49500-49900,3-3,1,104.92,141.46,152.36,173.92,0.0915,2,2,EXACT_OR_NEAR_OPTIMAL
4711,Tyler Shough,QB,Austin Hooper / Chris Olave / Drake London / Juwan Johnson / Saints,49600,49500-49900,2-4,1,105.71,140.99,152.05,172.27,0.091,4,2,EXACT_OR_NEAR_OPTIMAL
1747,Chris Olave,WR,Charlie Woerner / Drake London / Juwan Johnson / Nick Folk / Tyler Shough,49200,49000-49400,3-3,1,105.39,141.48,152.75,172.62,0.09,1,2,EXACT_OR_NEAR_OPTIMAL
1801,Chris Olave,WR,Drake London / Falcons / Jahan Dotson / Juwan Johnson / Tyler Shough,49800,49500-49900,3-3,1,106.83,141.77,151.34,174.51,0.09,3,2,EXACT_OR_NEAR_OPTIMAL
4697,Tyler Shough,QB,Austin Hooper / Bijan Robinson / Chris Olave / Drake London / Nick Muse,50000,50000,4-2,0,109.03,142.4,155.0,178.08,0.09,2,2,EXACT_OR_NEAR_OPTIMAL
491,Bijan Robinson,RB,Alvin Kamara / Charlie Woerner / Chris Olave / Saints / Tyler Shough,49900,49500-49900,2-4,1,107.73,137.37,147.24,168.26,0.0895,3,2,EXACT_OR_NEAR_OPTIMAL
507,Bijan Robinson,RB,Alvin Kamara / Chris Olave / Drake London / Falcons / Oscar Delp,49500,49500-49900,3-3,0,105.43,135.15,143.28,163.46,0.0895,2,1,EXACT_OR_NEAR_OPTIMAL
666,Bijan Robinson,RB,Charlie Woerner / Chris Olave / Drake London / Kevin Austin Jr. / Tyler Shough,49500,49500-49900,3-3,1,108.28,141.14,153.41,174.11,0.089,1,3,EXACT_OR_NEAR_OPTIMAL
1390,Chris Olave,WR,Alvin Kamara / Austin Hooper / Bijan Robinson / Olamide Zaccheaus / Tyler Shough,49400,49000-49400,3-3,1,106.7,140.15,153.19,173.14,0.089,1,1,EXACT_OR_NEAR_OPTIMAL
1419,Chris Olave,WR,Alvin Kamara / Bijan Robinson / Charlie Woerner / Falcons / Tyler Shough,48800,48000-48900,3-3,1,106.63,138.24,150.16,171.15,0.089,1,1,EXACT_OR_NEAR_OPTIMAL
1821,Chris Olave,WR,Drake London / Juwan Johnson / Nick Folk / Treyton Welch / Tyler Shough,48800,48000-48900,2-4,1,105.31,141.48,152.76,172.97,0.089,0,2,FORCED_CAPTAIN
1417,Chris Olave,WR,Alvin Kamara / Bijan Robinson / CJ Donaldson / Falcons / Tyler Shough,49600,49500-49900,2-4,1,106.76,138.4,149.87,171.54,0.0885,1,1,EXACT_OR_NEAR_OPTIMAL
1582,Chris Olave,WR,Austin Hooper / Brian Robinson Jr. / Drake London / Juwan Johnson / Tyler Shough,49800,49500-49900,3-3,1,105.42,141.38,153.22,173.32,0.0885,1,2,EXACT_OR_NEAR_OPTIMAL
1618,Chris Olave,WR,Barion Brown / Drake London / Juwan Johnson / Nick Folk / Tyler Shough,49800,49500-49900,2-4,1,105.2,141.25,152.68,172.5,0.0885,3,2,EXACT_OR_NEAR_OPTIMAL
2335,Drake London,WR,Bijan Robinson / Bryce Lance / Chris Olave / Kevin Austin Jr. / Tyler Shough,49800,49500-49900,2-4,1,107.59,141.56,152.04,177.68,0.0885,1,2,EXACT_OR_NEAR_OPTIMAL
675,Bijan Robinson,RB,Chris Blair / Chris Olave / Drake London / Kevin Austin Jr. / Tyler Shough,49900,49500-49900,3-3,1,108.05,140.72,153.17,172.46,0.088,1,3,EXACT_OR_NEAR_OPTIMAL
1495,Chris Olave,WR,Alvin Kamara / Daniel Carlson / Drake London / Olamide Zaccheaus / Tyler Shough,49600,49500-49900,2-4,1,105.65,139.91,150.23,172.53,0.088,2,1,EXACT_OR_NEAR_OPTIMAL
1579,Chris Olave,WR,Austin Hooper / Bijan Robinson / Michael Penix Jr. / Nick Muse / Tyler Shough,49600,49500-49900,4-2,1,105.96,140.14,154.65,177.58,0.088,3,2,EXACT_OR_NEAR_OPTIMAL
1622,Chris Olave,WR,Bijan Robinson / Brian Robinson Jr. / Daniel Carlson / Falcons / Tyler Shough,49800,49500-49900,3-3,0,105.84,136.07,146.02,170.43,0.088,6,0,EXACT_OR_NEAR_OPTIMAL
1700,Chris Olave,WR,Bijan Robinson / Jahan Dotson / Michael Penix Jr. / Nick Muse / Tyler Shough,49800,49500-49900,4-2,1,106.41,141.54,154.25,178.07,0.088,0,2,FORCED_CAPTAIN
2821,Juwan Johnson,TE,Alvin Kamara / Charlie Woerner / Chris Olave / Drake London / Tyler Shough,49100,49000-49400,2-4,1,106.42,142.98,152.8,173.93,0.088,0,2,FORCED_CAPTAIN
454,Bijan Robinson,RB,Alvin Kamara / Austin Hooper / Bryce Lance / Chris Olave / Tyler Shough,49700,49500-49900,2-4,1,107.15,138.07,148.76,170.27,0.0875,2,2,EXACT_OR_NEAR_OPTIMAL
698,Bijan Robinson,RB,Chris Olave / Devaughn Vele / Falcons / Oscar Delp / Tyler Shough,49900,49500-49900,2-4,1,105.24,135.62,148.18,169.2,0.0875,5,2,EXACT_OR_NEAR_OPTIMAL
1750,Chris Olave,WR,Chris Blair / Drake London / Juwan Johnson / Nick Folk / Tyler Shough,49600,49500-49900,3-3,1,105.15,141.24,152.66,172.5,0.0875,1,2,EXACT_OR_NEAR_OPTIMAL
4840,Tyler Shough,QB,Chris Olave / Drake London / Juwan Johnson / Nick Folk / Olamide Zaccheaus,50000,50000,3-3,1,105.82,142.48,152.11,171.77,0.0875,1,3,EXACT_OR_NEAR_OPTIMAL
2357,Drake London,WR,Bijan Robinson / Chris Olave / Jahan Dotson / Michael Penix Jr. / Oscar Delp,50000,50000,4-2,1,102.57,137.55,147.9,169.8,0.087,2,3,EXACT_OR_NEAR_OPTIMAL
2999,Juwan Johnson,TE,Chris Olave / Devaughn Vele / Drake London / Oscar Delp / Tyler Shough,49700,49500-49900,1-5,1,104.87,141.75,153.01,175.08,0.087,1,3,EXACT_OR_NEAR_OPTIMAL
4638,Tyler Shough,QB,Alvin Kamara / Chris Olave / Juwan Johnson / Nick Folk / Saints,49200,49000-49400,1-5,1,103.6,138.3,147.47,165.88,0.0865,3,2,EXACT_OR_NEAR_OPTIMAL
4720,Tyler Shough,QB,Barion Brown / Bijan Robinson / Bryce Lance / Chris Olave / Drake London,50000,50000,2-4,1,108.27,142.12,154.26,179.8,0.0865,0,3,FORCED_CAPTAIN
4757,Tyler Shough,QB,Bijan Robinson / Chris Olave / Jahan Dotson / Juwan Johnson / Oscar Delp,47800,<48000,2-4,1,107.09,141.93,152.38,174.39,0.0865,1,2,EXACT_OR_NEAR_OPTIMAL
568,Bijan Robinson,RB,Austin Hooper / Barion Brown / Chris Olave / Juwan Johnson / Tyler Shough,49500,49500-49900,2-4,1,107.15,140.33,151.21,174.25,0.086,1,3,EXACT_OR_NEAR_OPTIMAL
2836,Juwan Johnson,TE,Alvin Kamara / Chris Olave / Drake London / Treyton Welch / Tyler Shough,48700,48000-48900,1-5,1,106.35,143.0,152.76,173.91,0.086,0,3,FORCED_CAPTAIN
2896,Juwan Johnson,TE,Austin Hooper / Bijan Robinson / Brian Robinson Jr. / Chris Olave / Tyler Shough,49900,49500-49900,3-3,1,106.68,141.06,150.96,174.93,0.086,1,2,EXACT_OR_NEAR_OPTIMAL
4621,Tyler Shough,QB,Alvin Kamara / Chris Olave / Drake London / Jahan Dotson / Saints,49400,49000-49400,2-4,1,103.65,136.43,146.94,168.94,0.086,1,1,EXACT_OR_NEAR_OPTIMAL
1550,Chris Olave,WR,Alvin Kamara / Juwan Johnson / Michael Penix Jr. / Nick Muse / Tyler Shough,49400,49000-49400,2-4,1,106.13,142.42,153.59,175.71,0.0855,0,2,EXACT_OR_NEAR_OPTIMAL
2349,Drake London,WR,Bijan Robinson / Chris Olave / Daniel Carlson / Juwan Johnson / Nick Muse,50000,50000,3-3,0,106.48,137.07,146.38,166.45,0.0855,3,2,EXACT_OR_NEAR_OPTIMAL
708,Bijan Robinson,RB,Chris Olave / Drake London / Michael Penix Jr. / Olamide Zaccheaus / Oscar Delp,49900,49500-49900,4-2,1,103.91,137.45,149.4,169.66,0.085,4,3,EXACT_OR_NEAR_OPTIMAL
1473,Chris Olave,WR,Alvin Kamara / Bryce Lance / Drake London / Saints / Tyler Shough,48800,48000-48900,1-5,1,103.87,137.63,148.74,171.7,0.085,2,2,EXACT_OR_NEAR_OPTIMAL
2147,Drake London,WR,Alvin Kamara / Bijan Robinson / Chris Olave / Daniel Carlson / Oscar Delp,49800,49500-49900,2-4,0,105.42,134.99,143.84,164.27,0.085,0,0,FORCED_CAPTAIN
2403,Drake London,WR,Bryce Lance / Chris Olave / Daniel Carlson / Juwan Johnson / Tyler Shough,49400,49000-49400,1-5,1,105.6,140.29,151.07,168.09,0.085,0,3,EXACT_OR_NEAR_OPTIMAL
2989,Juwan Johnson,TE,Chris Olave / Daniel Carlson / Drake London / Falcons / Tyler Shough,49900,49500-49900,2-4,1,106.59,139.49,149.06,168.83,0.085,2,2,EXACT_OR_NEAR_OPTIMAL
4620,Tyler Shough,QB,Alvin Kamara / Chris Olave / Drake London / Falcons / Saints,50000,50000,2-4,1,105.18,134.76,145.8,165.12,0.085,1,2,EXACT_OR_NEAR_OPTIMAL
706,Bijan Robinson,RB,Chris Olave / Drake London / Kevin Austin Jr. / Nick Muse / Tyler Shough,49100,49000-49400,3-3,1,107.92,140.72,153.17,171.63,0.0845,1,3,EXACT_OR_NEAR_OPTIMAL
2291,Drake London,WR,Austin Hooper / Bijan Robinson / Chris Olave / Michael Penix Jr. / Oscar Delp,49800,49500-49900,4-2,1,102.13,137.69,147.99,168.17,0.0845,2,2,EXACT_OR_NEAR_OPTIMAL
2312,Drake London,WR,Austin Hooper / Chris Olave / Juwan Johnson / Saints / Tyler Shough,49800,49500-49900,2-4,1,104.49,139.13,149.17,168.82,0.0845,3,2,EXACT_OR_NEAR_OPTIMAL
2332,Drake London,WR,Bijan Robinson / Bryce Lance / Charlie Woerner / Chris Olave / Tyler Shough,49600,49500-49900,3-3,1,107.23,140.68,152.04,175.37,0.0845,1,2,EXACT_OR_NEAR_OPTIMAL
1777,Chris Olave,WR,Daniel Carlson / Jahan Dotson / Juwan Johnson / Michael Penix Jr. / Tyler Shough,50000,50000,2-4,1,105.15,140.52,151.12,170.96,0.0835,2,3,EXACT_OR_NEAR_OPTIMAL
2337,Drake London,WR,Bijan Robinson / Bryce Lance / Chris Olave / Treyton Welch / Tyler Shough,49200,49000-49400,2-4,1,107.15,140.82,152.03,175.37,0.0835,1,2,EXACT_OR_NEAR_OPTIMAL
4841,Tyler Shough,QB,Chris Olave / Drake London / Juwan Johnson / Nick Folk / Oscar Delp,48400,48000-48900,2-4,1,104.87,141.93,152.13,170.17,0.0835,1,2,EXACT_OR_NEAR_OPTIMAL
2939,Juwan Johnson,TE,Bijan Robinson / Chris Olave / Falcons / Olamide Zaccheaus / Tyler Shough,48900,48000-48900,3-3,1,106.42,138.97,149.01,172.16,0.083,2,2,EXACT_OR_NEAR_OPTIMAL
4753,Tyler Shough,QB,Bijan Robinson / Chris Olave / Drake London / Kevin Austin Jr. / Olamide Zaccheaus,49800,49500-49900,3-3,1,108.54,142.13,154.04,178.25,0.083,1,2,EXACT_OR_NEAR_OPTIMAL
4808,Tyler Shough,QB,Bryce Lance / Chris Olave / Drake London / Juwan Johnson / Saints,48600,48000-48900,1-5,1,104.77,140.75,150.26,172.51,0.083,0,3,FORCED_CAPTAIN
514,Bijan Robinson,RB,Alvin Kamara / Chris Olave / Falcons / Nick Muse / Tyler Shough,48900,48000-48900,3-3,1,106.43,135.98,146.52,171.01,0.0825,0,2,FORCED_CAPTAIN
678,Bijan Robinson,RB,Chris Olave / Daniel Carlson / Drake London / Falcons / Jahan Dotson,49900,49500-49900,4-2,0,102.99,131.74,141.2,160.74,0.0825,3,1,EXACT_OR_NEAR_OPTIMAL
1627,Chris Olave,WR,Bijan Robinson / Brian Robinson Jr. / Devaughn Vele / Oscar Delp / Tyler Shough,49600,49500-49900,2-4,1,104.11,138.14,150.91,173.65,0.0825,3,1,EXACT_OR_NEAR_OPTIMAL
1669,Chris Olave,WR,Bijan Robinson / Daniel Carlson / Jahan Dotson / Saints / Tyler Shough,49600,49500-49900,2-4,0,106.21,136.46,148.72,170.18,0.0825,3,0,EXACT_OR_NEAR_OPTIMAL
2435,Drake London,WR,Chris Olave / Daniel Carlson / Juwan Johnson / Olamide Zaccheaus / Tyler Shough,49600,49500-49900,2-4,1,105.32,140.0,149.92,168.45,0.0825,0,2,EXACT_OR_NEAR_OPTIMAL
4558,Tyler Shough,QB,Alvin Kamara / Bijan Robinson / Chris Olave / Oscar Delp / Saints,48600,48000-48900,1-5,1,107.04,138.46,149.27,167.31,0.0825,1,2,EXACT_OR_NEAR_OPTIMAL
1422,Chris Olave,WR,Alvin Kamara / Bijan Robinson / Daniel Carlson / Drake London / Nick Muse,50000,50000,3-3,0,106.8,136.31,146.97,170.0,0.082,2,1,EXACT_OR_NEAR_OPTIMAL
1541,Chris Olave,WR,Alvin Kamara / Falcons / Juwan Johnson / Nick Folk / Tyler Shough,49200,49000-49400,2-4,1,104.27,137.4,147.76,168.69,0.082,2,1,EXACT_OR_NEAR_OPTIMAL
2360,Drake London,WR,Bijan Robinson / Chris Olave / Kevin Austin Jr. / Olamide Zaccheaus / Tyler Shough,50000,50000,3-3,1,107.31,141.06,152.06,176.22,0.082,1,3,EXACT_OR_NEAR_OPTIMAL
2440,Drake London,WR,Chris Olave / Daniel Carlson / Michael Penix Jr. / Oscar Delp / Tyler Shough,49600,49500-49900,2-4,1,103.53,138.63,149.81,171.88,0.082,1,2,EXACT_OR_NEAR_OPTIMAL
4358,Treyton Welch,TE,Bijan Robinson / Chris Olave / Drake London / Juwan Johnson / Tyler Shough,49900,49500-49900,2-4,1,110.78,144.9,154.73,174.4,0.082,1,3,EXACT_OR_NEAR_OPTIMAL
506,Bijan Robinson,RB,Alvin Kamara / Chris Olave / Drake London / Falcons / Kevin Austin Jr.,49900,49500-49900,3-3,0,104.71,133.63,142.64,162.69,0.0815,2,1,EXACT_OR_NEAR_OPTIMAL
645,Bijan Robinson,RB,Bryce Lance / Chris Olave / Drake London / Michael Penix Jr. / Oscar Delp,49700,49500-49900,3-3,1,104.18,137.65,149.09,169.68,0.0815,1,3,EXACT_OR_NEAR_OPTIMAL
1734,Chris Olave,WR,Bryce Lance / Drake London / Falcons / Juwan Johnson / Tyler Shough,48600,48000-48900,2-4,1,105.44,141.42,150.65,172.95,0.0815,0,2,EXACT_OR_NEAR_OPTIMAL
2834,Juwan Johnson,TE,Alvin Kamara / Chris Olave / Drake London / Nick Muse / Tyler Shough,48700,48000-48900,2-4,1,106.06,142.5,152.26,173.91,0.0815,0,2,FORCED_CAPTAIN
4539,Tyler Shough,QB,Alvin Kamara / Bijan Robinson / Brian Robinson Jr. / Bryce Lance / Chris Olave,49600,49500-49900,2-4,1,106.38,139.81,150.51,167.42,0.0815,1,1,EXACT_OR_NEAR_OPTIMAL
547,Bijan Robinson,RB,Alvin Kamara / Devaughn Vele / Juwan Johnson / Oscar Delp / Tyler Shough,49900,49500-49900,1-5,1,103.79,135.57,144.8,167.92,0.081,2,3,EXACT_OR_NEAR_OPTIMAL
579,Bijan Robinson,RB,Austin Hooper / Chris Olave / Daniel Carlson / Drake London / Falcons,49700,49500-49900,4-2,0,102.55,131.72,140.85,158.73,0.081,0,1,FORCED_CAPTAIN
2456,Drake London,WR,Chris Olave / Jahan Dotson / Juwan Johnson / Saints / Tyler Shough,50000,50000,2-4,1,104.93,139.01,148.69,170.16,0.081,4,3,EXACT_OR_NEAR_OPTIMAL
1463,Chris Olave,WR,Alvin Kamara / Brian Robinson Jr. / Juwan Johnson / Nick Folk / Tyler Shough,49400,49000-49400,2-4,1,103.31,137.91,149.18,168.05,0.0805,3,1,EXACT_OR_NEAR_OPTIMAL
4615,Tyler Shough,QB,Alvin Kamara / Chris Olave / Devaughn Vele / Juwan Johnson / Olamide Zaccheaus,49400,49000-49400,1-5,1,102.62,139.92,150.57,169.91,0.08,2,2,EXACT_OR_NEAR_OPTIMAL
4637,Tyler Shough,QB,Alvin Kamara / Chris Olave / Juwan Johnson / Michael Penix Jr. / Oscar Delp,49000,49000-49400,1-5,1,105.98,143.2,152.62,173.52,0.08,0,3,EXACT_OR_NEAR_OPTIMAL
158,Alvin Kamara,RB,Chris Olave / Drake London / Juwan Johnson / Oscar Delp / Tyler Shough,48700,48000-48900,1-5,1,106.26,140.27,150.94,170.97,0.0795,1,3,EXACT_OR_NEAR_OPTIMAL
472,Bijan Robinson,RB,Alvin Kamara / Brian Robinson Jr. / Chris Olave / Treyton Welch / Tyler Shough,49100,49000-49400,2-4,1,105.77,136.34,147.1,171.56,0.0795,2,2,EXACT_OR_NEAR_OPTIMAL
2408,Drake London,WR,Bryce Lance / Chris Olave / Juwan Johnson / Nick Folk / Tyler Shough,50000,50000,2-4,1,104.87,140.99,150.17,170.47,0.0795,0,3,EXACT_OR_NEAR_OPTIMAL
2347,Drake London,WR,Bijan Robinson / Charlie Woerner / Chris Olave / Olamide Zaccheaus / Tyler Shough,49800,49500-49900,4-2,0,106.95,140.17,151.31,173.07,0.079,1,1,EXACT_OR_NEAR_OPTIMAL
4559,Tyler Shough,QB,Alvin Kamara / Bijan Robinson / Daniel Carlson / Juwan Johnson / Saints,49600,49500-49900,1-5,1,104.68,133.8,141.41,158.97,0.079,3,2,EXACT_OR_NEAR_OPTIMAL
4608,Tyler Shough,QB,Alvin Kamara / Chris Olave / Daniel Carlson / Drake London / Jahan Dotson,50000,50000,2-4,1,105.71,138.92,149.07,169.73,0.079,0,2,EXACT_OR_NEAR_OPTIMAL
1497,Chris Olave,WR,Alvin Kamara / Daniel Carlson / Falcons / Juwan Johnson / Tyler Shough,48600,48000-48900,1-5,1,105.0,137.07,146.64,169.7,0.0785,1,2,EXACT_OR_NEAR_OPTIMAL
1681,Chris Olave,WR,Bijan Robinson / Devaughn Vele / Nick Muse / Saints / Tyler Shough,49800,49500-49900,2-4,1,104.56,138.12,149.36,171.36,0.0785,2,1,EXACT_OR_NEAR_OPTIMAL
561,Bijan Robinson,RB,Alvin Kamara / Falcons / Juwan Johnson / Saints / Tyler Shough,49500,49500-49900,2-4,1,103.46,130.4,138.85,156.92,0.078,6,2,EXACT_OR_NEAR_OPTIMAL
1452,Chris Olave,WR,Alvin Kamara / Brian Robinson Jr. / Daniel Carlson / Juwan Johnson / Tyler Shough,48800,48000-48900,1-5,1,104.04,138.78,147.65,168.38,0.078,0,2,EXACT_OR_NEAR_OPTIMAL
1533,Chris Olave,WR,Alvin Kamara / Drake London / Nick Folk / Oscar Delp / Tyler Shough,48600,48000-48900,2-4,1,103.97,138.56,150.44,175.64,0.078,0,1,EXACT_OR_NEAR_OPTIMAL
1573,Chris Olave,WR,Austin Hooper / Bijan Robinson / Drake London / Michael Penix Jr. / Treyton Welch,50000,50000,4-2,1,103.8,138.87,149.88,173.4,0.078,1,3,EXACT_OR_NEAR_OPTIMAL
1737,Chris Olave,WR,Bryce Lance / Drake London / Jahan Dotson / Michael Penix Jr. / Tyler Shough,49600,49500-49900,3-3,1,103.08,140.19,152.27,176.52,0.078,1,2,EXACT_OR_NEAR_OPTIMAL
508,Bijan Robinson,RB,Alvin Kamara / Chris Olave / Drake London / Falcons / Treyton Welch,49300,49000-49400,3-3,0,104.27,132.92,141.97,162.45,0.0775,1,1,EXACT_OR_NEAR_OPTIMAL
604,Bijan Robinson,RB,Barion Brown / Chris Olave / Drake London / Nick Muse / Tyler Shough,49500,49500-49900,3-3,1,107.37,140.43,151.67,172.86,0.0775,0,3,FORCED_CAPTAIN
726,Bijan Robinson,RB,Chris Olave / Michael Penix Jr. / Olamide Zaccheaus / Oscar Delp / Tyler Shough,49500,49500-49900,3-3,1,106.36,139.26,150.38,173.09,0.0775,2,3,EXACT_OR_NEAR_OPTIMAL
1445,Chris Olave,WR,Alvin Kamara / Bijan Robinson / Kendre Miller / Oscar Delp / Tyler Shough,50000,50000,1-5,1,105.85,138.29,151.27,171.21,0.0775,2,3,EXACT_OR_NEAR_OPTIMAL
1535,Chris Olave,WR,Alvin Kamara / Drake London / Olamide Zaccheaus / Saints / Tyler Shough,49000,49000-49400,2-4,1,103.59,136.88,148.23,170.22,0.0775,1,1,EXACT_OR_NEAR_OPTIMAL
1585,Chris Olave,WR,Austin Hooper / Bryce Lance / Drake London / Michael Penix Jr. / Tyler Shough,49400,49000-49400,3-3,1,102.63,139.92,151.6,177.6,0.0775,2,2,EXACT_OR_NEAR_OPTIMAL
4566,Tyler Shough,QB,Alvin Kamara / Bijan Robinson / Juwan Johnson / Michael Penix Jr. / Oscar Delp,50000,50000,2-4,1,106.32,140.97,149.55,167.74,0.0775,2,3,EXACT_OR_NEAR_OPTIMAL
459,Bijan Robinson,RB,Alvin Kamara / Austin Hooper / Chris Olave / Olamide Zaccheaus / Tyler Shough,49900,49500-49900,3-3,1,106.87,137.89,148.2,168.33,0.077,1,2,EXACT_OR_NEAR_OPTIMAL
1569,Chris Olave,WR,Austin Hooper / Bijan Robinson / Daniel Carlson / Saints / Tyler Shough,49400,49000-49400,2-4,0,105.76,136.04,147.42,167.7,0.077,1,0,EXACT_OR_NEAR_OPTIMAL
1581,Chris Olave,WR,Austin Hooper / Bijan Robinson / Nick Folk / Saints / Tyler Shough,50000,50000,3-3,0,105.03,135.94,147.15,166.66,0.077,2,1,EXACT_OR_NEAR_OPTIMAL
1693,Chris Olave,WR,Bijan Robinson / Falcons / Jahan Dotson / Nick Folk / Tyler Shough,49600,49500-49900,4-2,0,104.54,136.01,146.98,169.9,0.077,3,0,EXACT_OR_NEAR_OPTIMAL
2438,Drake London,WR,Chris Olave / Daniel Carlson / Kevin Austin Jr. / Michael Penix Jr. / Tyler Shough,50000,50000,2-4,1,102.81,137.01,149.4,173.17,0.077,3,3,EXACT_OR_NEAR_OPTIMAL
4726,Tyler Shough,QB,Bijan Robinson / Brian Robinson Jr. / Chris Olave / Juwan Johnson / Kevin Austin Jr.,49000,49000-49400,2-4,1,106.93,142.02,153.11,175.25,0.077,0,2,FORCED_CAPTAIN
35,Alvin Kamara,RB,Bijan Robinson / Charlie Woerner / Drake London / Juwan Johnson / Tyler Shough,49900,49500-49900,3-3,1,105.52,136.89,145.7,162.7,0.0765,1,2,EXACT_OR_NEAR_OPTIMAL
776,Bijan Robinson,RB,Drake London / Juwan Johnson / Oscar Delp / Saints / Tyler Shough,49300,49000-49400,2-4,1,105.66,135.43,145.15,163.55,0.0765,1,3,EXACT_OR_NEAR_OPTIMAL
1572,Chris Olave,WR,Austin Hooper / Bijan Robinson / Drake London / Michael Penix Jr. / Nick Muse,50000,50000,5-1,1,103.51,138.4,149.45,173.4,0.0765,1,4,EXACT_OR_NEAR_OPTIMAL
1594,Chris Olave,WR,Austin Hooper / Daniel Carlson / Juwan Johnson / Michael Penix Jr. / Tyler Shough,49800,49500-49900,2-4,1,104.7,139.91,150.59,170.89,0.0765,5,2,EXACT_OR_NEAR_OPTIMAL
134,Alvin Kamara,RB,Chris Olave / Daniel Carlson / Drake London / Saints / Tyler Shough,49900,49500-49900,1-5,1,103.77,132.64,142.74,161.36,0.076,1,2,EXACT_OR_NEAR_OPTIMAL
741,Bijan Robinson,RB,Daniel Carlson / Drake London / Juwan Johnson / Michael Penix Jr. / Oscar Delp,49300,49000-49400,3-3,1,100.59,132.28,141.81,161.34,0.076,1,3,EXACT_OR_NEAR_OPTIMAL
1559,Chris Olave,WR,Austin Hooper / Bijan Robinson / Bryce Lance / Devaughn Vele / Tyler Shough,50000,50000,2-4,1,104.33,139.53,151.51,174.93,0.076,1,2,EXACT_OR_NEAR_OPTIMAL
4824,Tyler Shough,QB,Chris Olave / Daniel Carlson / Drake London / Juwan Johnson / Oscar Delp,47800,<48000,1-5,1,105.6,141.05,152.58,167.79,0.076,0,3,EXACT_OR_NEAR_OPTIMAL
85,Alvin Kamara,RB,Bijan Robinson / Drake London / Juwan Johnson / Treyton Welch / Tyler Shough,49500,49500-49900,2-4,1,105.45,137.06,146.51,162.7,0.0755,1,2,EXACT_OR_NEAR_OPTIMAL
1607,Chris Olave,WR,Austin Hooper / Drake London / Michael Penix Jr. / Olamide Zaccheaus / Tyler Shough,49600,49500-49900,4-2,1,102.35,139.44,151.03,175.1,0.0755,2,2,EXACT_OR_NEAR_OPTIMAL
1812,Chris Olave,WR,Drake London / Jahan Dotson / Michael Penix Jr. / Olamide Zaccheaus / Tyler Shough,49800,49500-49900,4-2,1,102.8,139.39,152.05,176.98,0.0755,4,2,EXACT_OR_NEAR_OPTIMAL
2900,Juwan Johnson,TE,Austin Hooper / Bijan Robinson / Chris Olave / Jahan Dotson / Tyler Shough,49100,49000-49400,3-3,1,106.12,139.98,150.34,176.58,0.0755,1,2,EXACT_OR_NEAR_OPTIMAL
2948,Juwan Johnson,TE,Bijan Robinson / Chris Olave / Saints / Tyler Shough / Zachariah Branch,49900,49500-49900,2-4,1,105.68,138.22,149.64,168.01,0.0755,1,2,EXACT_OR_NEAR_OPTIMAL
4525,Tyler Shough,QB,Alvin Kamara / Austin Hooper / Bijan Robinson / Chris Olave / Jahan Dotson,49800,49500-49900,3-3,1,106.76,139.27,150.52,173.0,0.0755,1,1,EXACT_OR_NEAR_OPTIMAL
4555,Tyler Shough,QB,Alvin Kamara / Bijan Robinson / Chris Olave / Daniel Carlson / Treyton Welch,49000,49000-49400,1-5,1,107.95,139.2,149.55,169.38,0.0755,1,2,EXACT_OR_NEAR_OPTIMAL
518,Bijan Robinson,RB,Alvin Kamara / Chris Olave / Jahan Dotson / Oscar Delp / Tyler Shough,48500,48000-48900,2-4,1,106.36,137.32,148.16,172.52,0.075,1,2,EXACT_OR_NEAR_OPTIMAL
531,Bijan Robinson,RB,Alvin Kamara / Daniel Carlson / Drake London / Oscar Delp / Tyler Shough,49500,49500-49900,2-4,1,105.22,134.11,143.11,158.9,0.075,2,2,EXACT_OR_NEAR_OPTIMAL
1575,Chris Olave,WR,Austin Hooper / Bijan Robinson / Falcons / Nick Folk / Tyler Shough,49400,49000-49400,4-2,0,104.1,135.31,146.6,167.68,0.075,1,0,EXACT_OR_NEAR_OPTIMAL
1816,Chris Olave,WR,Drake London / Juwan Johnson / Kevin Austin Jr. / Saints / Tyler Shough,48200,48000-48900,1-5,1,104.42,139.5,149.9,172.11,0.075,1,3,EXACT_OR_NEAR_OPTIMAL
1924,Daniel Carlson,K,Bijan Robinson / Chris Olave / Jahan Dotson / Juwan Johnson / Tyler Shough,49800,49500-49900,2-4,1,107.3,137.83,147.04,165.37,0.075,0,2,FORCED_CAPTAIN
510,Bijan Robinson,RB,Alvin Kamara / Chris Olave / Falcons / Jahan Dotson / Juwan Johnson,49500,49500-49900,3-3,0,104.21,132.17,140.27,163.28,0.0745,2,1,EXACT_OR_NEAR_OPTIMAL
3758,Nick Muse,TE,Bijan Robinson / Chris Olave / Drake London / Juwan Johnson / Tyler Shough,49900,49500-49900,3-3,1,110.34,144.25,154.04,172.74,0.0745,1,3,EXACT_OR_NEAR_OPTIMAL
4635,Tyler Shough,QB,Alvin Kamara / Chris Olave / Juwan Johnson / Kevin Austin Jr. / Michael Penix Jr.,49400,49000-49400,1-5,1,105.26,142.64,151.75,172.44,0.0745,1,3,EXACT_OR_NEAR_OPTIMAL
4845,Tyler Shough,QB,Chris Olave / Drake London / Michael Penix Jr. / Nick Folk / Oscar Delp,50000,50000,3-3,1,104.03,139.54,150.57,172.68,0.0745,0,3,EXACT_OR_NEAR_OPTIMAL
1605,Chris Olave,WR,Austin Hooper / Drake London / Jahan Dotson / Juwan Johnson / Tyler Shough,49000,49000-49400,3-3,1,104.86,141.42,152.48,174.36,0.074,2,2,EXACT_OR_NEAR_OPTIMAL
1789,Chris Olave,WR,Devaughn Vele / Falcons / Juwan Johnson / Nick Folk / Tyler Shough,50000,50000,2-4,1,101.63,136.2,146.49,168.78,0.074,1,2,EXACT_OR_NEAR_OPTIMAL
2287,Drake London,WR,Austin Hooper / Bijan Robinson / Charlie Woerner / Chris Olave / Michael Penix Jr.,50000,50000,5-1,1,101.04,136.59,147.0,167.04,0.074,2,4,EXACT_OR_NEAR_OPTIMAL
2418,Drake London,WR,Charlie Woerner / Chris Olave / Daniel Carlson / Michael Penix Jr. / Tyler Shough,49800,49500-49900,3-3,1,102.45,136.96,149.09,171.2,0.074,0,2,EXACT_OR_NEAR_OPTIMAL
2911,Juwan Johnson,TE,Austin Hooper / Chris Olave / Drake London / Nick Folk / Tyler Shough,49700,49500-49900,3-3,1,103.89,139.72,150.13,169.4,0.074,2,2,EXACT_OR_NEAR_OPTIMAL
4755,Tyler Shough,QB,Bijan Robinson / Chris Olave / Drake London / Oscar Delp / Zachariah Branch,49800,49500-49900,3-3,1,107.59,141.99,153.15,177.34,0.074,0,2,FORCED_CAPTAIN
590,Bijan Robinson,RB,Austin Hooper / Chris Olave / Falcons / Nick Folk / Tyler Shough,49900,49500-49900,4-2,0,104.27,132.73,143.31,162.57,0.0735,1,1,EXACT_OR_NEAR_OPTIMAL
1823,Chris Olave,WR,Drake London / Juwan Johnson / Saints / Tyler Shough / Zachariah Branch,49800,49500-49900,2-4,1,104.42,139.65,149.56,172.26,0.0735,2,2,EXACT_OR_NEAR_OPTIMAL
1919,Daniel Carlson,K,Bijan Robinson / Chris Olave / Drake London / Oscar Delp / Tyler Shough,49800,49500-49900,2-4,1,108.52,138.87,148.6,169.97,0.0735,1,2,EXACT_OR_NEAR_OPTIMAL
581,Bijan Robinson,RB,Austin Hooper / Chris Olave / Daniel Carlson / Saints / Tyler Shough,49900,49500-49900,2-4,0,105.94,134.58,144.28,164.78,0.073,2,1,EXACT_OR_NEAR_OPTIMAL
1744,Chris Olave,WR,CJ Donaldson / Drake London / Juwan Johnson / Saints / Tyler Shough,48800,48000-48900,1-5,1,104.19,139.1,149.34,171.57,0.073,1,3,EXACT_OR_NEAR_OPTIMAL
1889,Daniel Carlson,K,Austin Hooper / Bijan Robinson / Chris Olave / Juwan Johnson / Tyler Shough,49600,49500-49900,2-4,1,106.85,137.6,146.77,166.03,0.073,1,2,EXACT_OR_NEAR_OPTIMAL
2148,Drake London,WR,Alvin Kamara / Bijan Robinson / Chris Olave / Daniel Carlson / Treyton Welch,49600,49500-49900,2-4,0,104.26,134.05,142.85,163.02,0.073,1,0,EXACT_OR_NEAR_OPTIMAL
2340,Drake London,WR,Bijan Robinson / Bryce Lance / Juwan Johnson / Saints / Tyler Shough,49800,49500-49900,2-4,1,103.89,134.78,144.86,162.69,0.073,3,2,EXACT_OR_NEAR_OPTIMAL
2409,Drake London,WR,Bryce Lance / Chris Olave / Juwan Johnson / Saints / Tyler Shough,48800,48000-48900,1-5,1,103.54,138.57,147.48,167.82,0.073,0,3,EXACT_OR_NEAR_OPTIMAL
4529,Tyler Shough,QB,Alvin Kamara / Austin Hooper / Chris Olave / Daniel Carlson / Drake London,49800,49500-49900,2-4,1,105.27,138.6,147.89,168.53,0.073,0,1,FORCED_CAPTAIN
4553,Tyler Shough,QB,Alvin Kamara / Bijan Robinson / Chris Blair / Chris Olave / Daniel Carlson,49800,49500-49900,2-4,1,107.79,138.81,149.43,169.94,0.073,1,1,EXACT_OR_NEAR_OPTIMAL
549,Bijan Robinson,RB,Alvin Kamara / Drake London / Falcons / Juwan Johnson / Saints,49900,49500-49900,3-3,0,101.01,128.12,136.49,150.99,0.0725,3,1,EXACT_OR_NEAR_OPTIMAL
1440,Chris Olave,WR,Alvin Kamara / Bijan Robinson / Jahan Dotson / Tyler Shough / Zachariah Branch,50000,50000,3-3,1,105.47,139.03,150.04,174.37,0.0725,1,2,EXACT_OR_NEAR_OPTIMAL
1545,Chris Olave,WR,Alvin Kamara / Jahan Dotson / Juwan Johnson / Nick Folk / Tyler Shough,48600,48000-48900,2-4,1,102.75,137.33,148.06,168.72,0.0725,3,1,EXACT_OR_NEAR_OPTIMAL
3006,Juwan Johnson,TE,Chris Olave / Drake London / Falcons / Saints / Tyler Shough,49300,49000-49400,2-4,1,104.53,137.35,145.91,165.47,0.0725,2,2,EXACT_OR_NEAR_OPTIMAL
4590,Tyler Shough,QB,Alvin Kamara / Bryce Lance / Chris Olave / Drake London / Nick Folk,49400,49000-49400,2-4,1,103.59,137.41,148.9,170.61,0.0725,1,1,EXACT_OR_NEAR_OPTIMAL
4835,Tyler Shough,QB,Chris Olave / Devaughn Vele / Juwan Johnson / Nick Folk / Saints,50000,50000,1-5,1,100.96,136.21,146.67,168.6,0.0725,0,3,EXACT_OR_NEAR_OPTIMAL
1464,Chris Olave,WR,Alvin Kamara / Brian Robinson Jr. / Juwan Johnson / Saints / Tyler Shough,48200,48000-48900,1-5,1,101.98,135.83,147.05,165.4,0.072,0,2,EXACT_OR_NEAR_OPTIMAL
2599,Falcons,DST,Bijan Robinson / Chris Olave / Daniel Carlson / Juwan Johnson / Tyler Shough,49800,49500-49900,2-4,1,107.32,135.57,144.46,164.96,0.072,1,2,EXACT_OR_NEAR_OPTIMAL
2794,Juwan Johnson,TE,Alvin Kamara / Bijan Robinson / Daniel Carlson / Nick Folk / Tyler Shough,49700,49500-49900,2-4,1,102.86,132.95,141.22,160.82,0.072,4,1,EXACT_OR_NEAR_OPTIMAL
694,Bijan Robinson,RB,Chris Olave / Daniel Carlson / Nick Folk / Oscar Delp / Tyler Shough,48700,48000-48900,2-4,1,105.09,134.29,145.06,163.71,0.0715,1,2,EXACT_OR_NEAR_OPTIMAL
1826,Chris Olave,WR,Drake London / Kevin Austin Jr. / Michael Penix Jr. / Saints / Tyler Shough,49800,49500-49900,2-4,1,103.59,138.18,150.78,174.19,0.0715,1,2,EXACT_OR_NEAR_OPTIMAL
3007,Juwan Johnson,TE,Chris Olave / Drake London / Jahan Dotson / Nick Folk / Tyler Shough,49900,49500-49900,3-3,1,104.34,140.51,149.63,169.91,0.0715,2,2,EXACT_OR_NEAR_OPTIMAL
4752,Tyler Shough,QB,Bijan Robinson / Chris Olave / Devaughn Vele / Oscar Delp / Saints,49400,49000-49400,1-5,1,104.4,137.84,147.48,169.25,0.0715,2,2,EXACT_OR_NEAR_OPTIMAL
4834,Tyler Shough,QB,Chris Olave / Devaughn Vele / Juwan Johnson / Michael Penix Jr. / Oscar Delp,49800,49500-49900,1-5,1,103.34,139.88,150.85,172.9,0.0715,4,3,EXACT_OR_NEAR_OPTIMAL
690,Bijan Robinson,RB,Chris Olave / Daniel Carlson / Juwan Johnson / Michael Penix Jr. / Nick Muse,49900,49500-49900,3-3,1,104.8,133.84,145.75,165.57,0.071,2,3,EXACT_OR_NEAR_OPTIMAL
699,Bijan Robinson,RB,Chris Olave / Devaughn Vele / Falcons / Treyton Welch / Tyler Shough,49700,49500-49900,2-4,1,104.09,134.37,146.77,168.17,0.071,1,2,EXACT_OR_NEAR_OPTIMAL
704,Bijan Robinson,RB,Chris Olave / Drake London / Jahan Dotson / Juwan Johnson / Oscar Delp,49300,49000-49400,3-3,0,106.41,137.02,146.25,166.02,0.071,3,2,EXACT_OR_NEAR_OPTIMAL
1403,Chris Olave,WR,Alvin Kamara / Austin Hooper / Juwan Johnson / Nick Folk / Tyler Shough,48400,48000-48900,2-4,1,102.3,137.14,147.72,168.68,0.071,1,1,EXACT_OR_NEAR_OPTIMAL
1661,Chris Olave,WR,Bijan Robinson / Charlie Woerner / Michael Penix Jr. / Olamide Zaccheaus / Tyler Shough,49200,49000-49400,4-2,1,105.1,138.91,152.6,175.41,0.071,2,2,EXACT_OR_NEAR_OPTIMAL
1666,Chris Olave,WR,Bijan Robinson / Daniel Carlson / Falcons / Juwan Johnson / Nick Folk,49200,49000-49400,3-3,0,102.77,131.27,140.31,160.15,0.071,1,0,EXACT_OR_NEAR_OPTIMAL
1726,Chris Olave,WR,Brian Robinson Jr. / Drake London / Michael Penix Jr. / Oscar Delp / Tyler Shough,49000,49000-49400,3-3,1,102.41,138.83,150.91,174.09,0.071,1,2,EXACT_OR_NEAR_OPTIMAL
1761,Chris Olave,WR,Daniel Carlson / Drake London / Falcons / Nick Folk / Tyler Shough,49600,49500-49900,3-3,0,103.05,134.59,144.56,164.66,0.071,2,0,EXACT_OR_NEAR_OPTIMAL
2186,Drake London,WR,Alvin Kamara / Bryce Lance / Juwan Johnson / Michael Penix Jr. / Tyler Shough,49800,49500-49900,2-4,1,100.32,135.7,146.61,168.07,0.071,6,2,EXACT_OR_NEAR_OPTIMAL
2348,Drake London,WR,Bijan Robinson / Charlie Woerner / Chris Olave / Oscar Delp / Tyler Shough,48200,48000-48900,3-3,1,106.0,139.88,151.13,172.82,0.071,0,2,FORCED_CAPTAIN
2919,Juwan Johnson,TE,Bijan Robinson / Brian Robinson Jr. / Chris Olave / Olamide Zaccheaus / Tyler Shough,49100,49000-49400,3-3,1,105.46,139.92,149.94,171.49,0.071,1,2,EXACT_OR_NEAR_OPTIMAL
4756,Tyler Shough,QB,Bijan Robinson / Chris Olave / Falcons / Michael Penix Jr. / Oscar Delp,50000,50000,3-3,1,107.77,139.11,152.62,172.15,0.071,0,3,FORCED_CAPTAIN
1519,Chris Olave,WR,Alvin Kamara / Drake London / Falcons / Jahan Dotson / Tyler Shough,49400,49000-49400,3-3,1,104.32,138.83,146.98,169.29,0.0705,5,1,EXACT_OR_NEAR_OPTIMAL
1642,Chris Olave,WR,Bijan Robinson / Bryce Lance / Daniel Carlson / Saints / Tyler Shough,48400,48000-48900,1-5,1,104.82,134.62,147.25,167.46,0.0705,1,2,EXACT_OR_NEAR_OPTIMAL
1658,Chris Olave,WR,Bijan Robinson / CJ Donaldson / Michael Penix Jr. / Olamide Zaccheaus / Tyler Shough,50000,50000,3-3,1,105.24,138.89,152.39,175.12,0.0705,1,3,EXACT_OR_NEAR_OPTIMAL
2123,Drake London,WR,Alvin Kamara / Austin Hooper / Chris Olave / Daniel Carlson / Tyler Shough,50000,50000,2-4,1,104.04,135.92,146.49,166.39,0.0705,3,2,EXACT_OR_NEAR_OPTIMAL
2279,Drake London,WR,Alvin Kamara / Juwan Johnson / Michael Penix Jr. / Olamide Zaccheaus / Tyler Shough,50000,50000,3-3,1,100.04,135.92,145.69,167.66,0.0705,6,3,EXACT_OR_NEAR_OPTIMAL
4745,Tyler Shough,QB,Bijan Robinson / Chris Olave / Daniel Carlson / Devaughn Vele / Treyton Welch,49800,49500-49900,1-5,1,105.3,137.92,149.32,170.61,0.0705,1,2,EXACT_OR_NEAR_OPTIMAL
83,Alvin Kamara,RB,Bijan Robinson / Drake London / Juwan Johnson / Nick Muse / Tyler Shough,49500,49500-49900,3-3,1,105.15,136.61,145.19,162.55,0.07,1,2,EXACT_OR_NEAR_OPTIMAL
500,Bijan Robinson,RB,Alvin Kamara / Chris Olave / Daniel Carlson / Michael Penix Jr. / Oscar Delp,49700,49500-49900,2-4,0,103.75,132.58,142.36,163.54,0.07,1,1,EXACT_OR_NEAR_OPTIMAL
739,Bijan Robinson,RB,Daniel Carlson / Drake London / Juwan Johnson / Kevin Austin Jr. / Michael Penix Jr.,49700,49500-49900,3-3,1,99.87,131.41,141.37,161.29,0.07,1,3,EXACT_OR_NEAR_OPTIMAL
2908,Juwan Johnson,TE,Austin Hooper / Chris Olave / Daniel Carlson / Drake London / Tyler Shough,49100,49000-49400,2-4,1,104.63,140.1,149.32,171.34,0.07,3,2,EXACT_OR_NEAR_OPTIMAL
1724,Chris Olave,WR,Brian Robinson Jr. / Drake London / Juwan Johnson / Olamide Zaccheaus / Tyler Shough,49000,49000-49400,3-3,1,104.2,140.88,151.92,170.73,0.0695,1,2,EXACT_OR_NEAR_OPTIMAL
2290,Drake London,WR,Austin Hooper / Bijan Robinson / Chris Olave / Michael Penix Jr. / Nick Muse,49600,49500-49900,5-1,1,100.68,135.84,146.52,167.0,0.0695,1,3,EXACT_OR_NEAR_OPTIMAL
4758,Tyler Shough,QB,Bijan Robinson / Chris Olave / Jahan Dotson / Juwan Johnson / Zachariah Branch,49800,49500-49900,3-3,1,106.37,140.87,152.32,173.75,0.0695,1,2,EXACT_OR_NEAR_OPTIMAL
764,Bijan Robinson,RB,Drake London / Falcons / Juwan Johnson / Oscar Delp / Tyler Shough,48700,48000-48900,3-3,1,104.73,135.07,143.95,166.05,0.069,1,3,EXACT_OR_NEAR_OPTIMAL
1536,Chris Olave,WR,Alvin Kamara / Drake London / Oscar Delp / Saints / Tyler Shough,47400,<48000,1-5,1,102.64,135.71,146.06,170.04,0.069,0,2,EXACT_OR_NEAR_OPTIMAL
1542,Chris Olave,WR,Alvin Kamara / Falcons / Juwan Johnson / Saints / Tyler Shough,48000,48000-48900,1-5,1,102.94,135.72,145.65,165.53,0.069,3,2,EXACT_OR_NEAR_OPTIMAL
1806,Chris Olave,WR,Drake London / Falcons / Michael Penix Jr. / Oscar Delp / Tyler Shough,48800,48000-48900,3-3,1,103.37,138.68,149.5,173.23,0.069,0,2,EXACT_OR_NEAR_OPTIMAL
2991,Juwan Johnson,TE,Chris Olave / Daniel Carlson / Drake London / Jahan Dotson / Tyler Shough,49300,49000-49400,2-4,1,105.07,140.03,149.17,170.0,0.069,1,2,EXACT_OR_NEAR_OPTIMAL
644,Bijan Robinson,RB,Bryce Lance / Chris Olave / Drake London / Michael Penix Jr. / Nick Muse,49500,49500-49900,4-2,1,102.73,136.22,148.13,167.6,0.0685,0,3,FORCED_CAPTAIN
912,Bryce Lance,WR,Alvin Kamara / Bijan Robinson / Chris Olave / Juwan Johnson / Tyler Shough,49300,49000-49400,1-5,1,108.01,140.51,151.04,173.9,0.0685,5,3,EXACT_OR_NEAR_OPTIMAL
2323,Drake London,WR,Barion Brown / Bijan Robinson / Chris Olave / Oscar Delp / Tyler Shough,48800,48000-48900,2-4,1,105.81,139.82,150.83,173.07,0.0685,1,2,EXACT_OR_NEAR_OPTIMAL
2373,Drake London,WR,Bijan Robinson / Daniel Carlson / Juwan Johnson / Michael Penix Jr. / Olamide Zaccheaus,50000,50000,4-2,1,98.54,131.58,140.88,161.56,0.0685,1,3,EXACT_OR_NEAR_OPTIMAL
2827,Juwan Johnson,TE,Alvin Kamara / Chris Olave / Daniel Carlson / Nick Folk / Tyler Shough,48700,48000-48900,1-5,1,102.51,135.31,145.77,163.16,0.0685,1,2,EXACT_OR_NEAR_OPTIMAL
2980,Juwan Johnson,TE,Bryce Lance / Chris Olave / Drake London / Nick Folk / Tyler Shough,48700,48000-48900,2-4,1,102.95,138.46,149.38,168.21,0.0685,2,2,EXACT_OR_NEAR_OPTIMAL
2983,Juwan Johnson,TE,Charlie Woerner / Chris Olave / Devaughn Vele / Drake London / Tyler Shough,49900,49500-49900,2-4,1,103.78,140.13,151.24,174.21,0.0685,1,2,EXACT_OR_NEAR_OPTIMAL
1702,Chris Olave,WR,Bijan Robinson / Juwan Johnson / Kevin Austin Jr. / Oscar Delp / Tyler Shough,46200,<48000,1-5,1,105.36,140.57,151.96,176.38,0.068,1,3,EXACT_OR_NEAR_OPTIMAL
2146,Drake London,WR,Alvin Kamara / Bijan Robinson / Chris Olave / Daniel Carlson / Nick Muse,49600,49500-49900,3-3,0,103.97,133.65,142.69,163.02,0.068,0,0,FORCED_CAPTAIN
2788,Juwan Johnson,TE,Alvin Kamara / Bijan Robinson / Chris Olave / Daniel Carlson / Saints,49700,49500-49900,1-5,0,104.74,130.93,138.42,157.27,0.068,3,1,EXACT_OR_NEAR_OPTIMAL
26,Alvin Kamara,RB,Bijan Robinson / Bryce Lance / Chris Olave / Nick Folk / Tyler Shough,49900,49500-49900,2-4,1,105.2,135.06,146.0,163.4,0.0675,2,1,EXACT_OR_NEAR_OPTIMAL
494,Bijan Robinson,RB,Alvin Kamara / Chris Olave / Daniel Carlson / Falcons / Nick Folk,49300,49000-49400,3-3,0,100.44,125.31,135.37,151.66,0.0675,6,1,EXACT_OR_NEAR_OPTIMAL
497,Bijan Robinson,RB,Alvin Kamara / Chris Olave / Daniel Carlson / Juwan Johnson / Olamide Zaccheaus,49700,49500-49900,2-4,0,105.54,133.79,142.29,160.98,0.0675,1,1,EXACT_OR_NEAR_OPTIMAL
700,Bijan Robinson,RB,Chris Olave / Devaughn Vele / Jahan Dotson / Oscar Delp / Tyler Shough,49300,49000-49400,2-4,1,103.72,136.32,147.82,172.1,0.0675,1,2,EXACT_OR_NEAR_OPTIMAL
774,Bijan Robinson,RB,Drake London / Juwan Johnson / Kevin Austin Jr. / Saints / Tyler Shough,49700,49500-49900,2-4,1,104.94,135.51,144.21,164.23,0.0675,1,3,EXACT_OR_NEAR_OPTIMAL
1636,Chris Olave,WR,Bijan Robinson / Bryce Lance / Charlie Woerner / Michael Penix Jr. / Tyler Shough,49000,49000-49400,3-3,1,105.38,139.73,153.44,175.62,0.0675,0,2,FORCED_CAPTAIN
4700,Tyler Shough,QB,Austin Hooper / Bijan Robinson / Chris Olave / Michael Penix Jr. / Oscar Delp,49200,49000-49400,3-3,1,105.81,140.2,152.76,173.44,0.0675,0,2,FORCED_CAPTAIN
4760,Tyler Shough,QB,Bijan Robinson / Chris Olave / Jahan Dotson / Michael Penix Jr. / Oscar Delp,49400,49000-49400,3-3,1,106.25,141.23,152.36,174.92,0.0675,0,2,FORCED_CAPTAIN
536,Bijan Robinson,RB,Alvin Kamara / Daniel Carlson / Jahan Dotson / Juwan Johnson / Tyler Shough,49500,49500-49900,2-4,1,104.0,133.02,142.04,159.24,0.067,1,2,EXACT_OR_NEAR_OPTIMAL
546,Bijan Robinson,RB,Alvin Kamara / Devaughn Vele / Juwan Johnson / Nick Muse / Tyler Shough,49700,49500-49900,2-4,1,102.34,133.85,142.9,165.65,0.067,1,2,EXACT_OR_NEAR_OPTIMAL
1493,Chris Olave,WR,Alvin Kamara / Daniel Carlson / Drake London / Kevin Austin Jr. / Tyler Shough,48400,48000-48900,1-5,1,103.98,137.79,148.2,171.31,0.067,1,2,EXACT_OR_NEAR_OPTIMAL
1567,Chris Olave,WR,Austin Hooper / Bijan Robinson / Daniel Carlson / Falcons / Tyler Shough,48800,48000-48900,3-3,0,104.83,134.92,146.29,168.17,0.067,1,0,EXACT_OR_NEAR_OPTIMAL
2206,Drake London,WR,Alvin Kamara / Chris Olave / Jahan Dotson / Saints / Tyler Shough,49600,49500-49900,2-4,1,102.43,134.6,144.46,167.12,0.067,0,1,EXACT_OR_NEAR_OPTIMAL
2356,Drake London,WR,Bijan Robinson / Chris Olave / Jahan Dotson / Michael Penix Jr. / Nick Muse,49800,49500-49900,5-1,1,101.12,135.77,146.57,169.57,0.067,3,3,EXACT_OR_NEAR_OPTIMAL
2374,Drake London,WR,Bijan Robinson / Daniel Carlson / Juwan Johnson / Oscar Delp / Tyler Shough,49000,49000-49400,2-4,1,104.72,135.99,145.16,163.82,0.067,1,2,EXACT_OR_NEAR_OPTIMAL
2383,Drake London,WR,Bijan Robinson / Juwan Johnson / Nick Folk / Oscar Delp / Tyler Shough,49600,49500-49900,3-3,1,103.98,136.23,146.08,162.82,0.067,1,2,EXACT_OR_NEAR_OPTIMAL
4605,Tyler Shough,QB,Alvin Kamara / Charlie Woerner / Chris Olave / Juwan Johnson / Michael Penix Jr.,49200,49000-49400,2-4,1,104.89,141.79,151.43,171.47,0.067,0,2,FORCED_CAPTAIN
4823,Tyler Shough,QB,Chris Olave / Daniel Carlson / Drake London / Juwan Johnson / Kevin Austin Jr.,48200,48000-48900,1-5,1,104.88,139.67,151.86,168.65,0.067,0,3,EXACT_OR_NEAR_OPTIMAL
53,Alvin Kamara,RB,Bijan Robinson / Chris Olave / Jahan Dotson / Saints / Tyler Shough,49900,49500-49900,2-4,1,105.26,133.64,143.66,163.57,0.0665,1,1,EXACT_OR_NEAR_OPTIMAL
683,Bijan Robinson,RB,Chris Olave / Daniel Carlson / Falcons / Jahan Dotson / Tyler Shough,49500,49500-49900,3-3,0,105.45,133.2,144.39,166.19,0.0665,1,1,EXACT_OR_NEAR_OPTIMAL
1515,Chris Olave,WR,Alvin Kamara / Devaughn Vele / Michael Penix Jr. / Oscar Delp / Tyler Shough,50000,50000,1-5,1,102.44,137.48,149.77,171.39,0.0665,0,3,EXACT_OR_NEAR_OPTIMAL
1613,Chris Olave,WR,Barion Brown / Bijan Robinson / Bryce Lance / Michael Penix Jr. / Tyler Shough,49600,49500-49900,2-4,1,105.2,139.73,153.32,175.61,0.0665,1,2,EXACT_OR_NEAR_OPTIMAL
1827,Chris Olave,WR,Drake London / Michael Penix Jr. / Saints / Treyton Welch / Tyler Shough,49200,49000-49400,2-4,1,103.15,137.51,149.71,172.43,0.0665,0,2,FORCED_CAPTAIN
2406,Drake London,WR,Bryce Lance / Chris Olave / Falcons / Michael Penix Jr. / Tyler Shough,49800,49500-49900,3-3,1,101.77,136.2,147.94,172.58,0.0665,0,2,EXACT_OR_NEAR_OPTIMAL
2470,Drake London,WR,Chris Olave / Michael Penix Jr. / Oscar Delp / Saints / Tyler Shough,49000,49000-49400,2-4,1,101.47,135.34,147.27,170.11,0.0665,0,2,EXACT_OR_NEAR_OPTIMAL
4739,Tyler Shough,QB,Bijan Robinson / Bryce Lance / Drake London / Juwan Johnson / Saints,49600,49500-49900,2-4,1,105.11,135.79,146.07,165.0,0.0665,0,2,FORCED_CAPTAIN
4842,Tyler Shough,QB,Chris Olave / Drake London / Juwan Johnson / Nick Folk / Treyton Welch,48200,48000-48900,2-4,1,103.71,140.15,150.88,169.75,0.0665,0,2,EXACT_OR_NEAR_OPTIMAL
634,Bijan Robinson,RB,Bryce Lance / Charlie Woerner / Chris Olave / Michael Penix Jr. / Tyler Shough,49500,49500-49900,3-3,1,105.55,138.39,150.01,173.28,0.066,1,3,EXACT_OR_NEAR_OPTIMAL
1500,Chris Olave,WR,Alvin Kamara / Daniel Carlson / Jahan Dotson / Juwan Johnson / Tyler Shough,48000,48000-48900,1-5,1,103.48,137.55,146.4,170.14,0.066,1,2,EXACT_OR_NEAR_OPTIMAL
1626,Chris Olave,WR,Bijan Robinson / Brian Robinson Jr. / Devaughn Vele / Kevin Austin Jr. / Tyler Shough,50000,50000,2-4,1,103.39,137.29,149.27,171.71,0.066,2,2,EXACT_OR_NEAR_OPTIMAL
1632,Chris Olave,WR,Bijan Robinson / Brian Robinson Jr. / Jahan Dotson / Nick Folk / Tyler Shough,49800,49500-49900,4-2,0,103.58,136.28,147.56,168.63,0.066,1,0,EXACT_OR_NEAR_OPTIMAL
1650,Chris Olave,WR,Bijan Robinson / Bryce Lance / Falcons / Nick Folk / Tyler Shough,48400,48000-48900,3-3,1,103.15,134.4,146.72,165.44,0.066,1,1,EXACT_OR_NEAR_OPTIMAL
1707,Chris Olave,WR,Bijan Robinson / Michael Penix Jr. / Oscar Delp / Tyler Shough / Zachariah Branch,49400,49000-49400,3-3,1,104.51,138.26,152.91,175.67,0.066,1,2,EXACT_OR_NEAR_OPTIMAL
1813,Chris Olave,WR,Drake London / Jahan Dotson / Michael Penix Jr. / Oscar Delp / Tyler Shough,48200,48000-48900,3-3,1,101.85,138.48,149.99,174.67,0.066,0,2,EXACT_OR_NEAR_OPTIMAL
2358,Drake London,WR,Bijan Robinson / Chris Olave / Juwan Johnson / Oscar Delp / Saints,49600,49500-49900,2-4,0,105.87,135.66,144.59,162.12,0.066,0,1,FORCED_CAPTAIN
697,Bijan Robinson,RB,Chris Olave / Devaughn Vele / Falcons / Nick Muse / Tyler Shough,49700,49500-49900,3-3,1,103.79,133.98,146.72,167.98,0.0655,0,2,FORCED_CAPTAIN
1738,Chris Olave,WR,Bryce Lance / Drake London / Juwan Johnson / Kendre Miller / Tyler Shough,50000,50000,1-5,1,103.58,140.5,151.35,173.35,0.0655,1,4,EXACT_OR_NEAR_OPTIMAL
2338,Drake London,WR,Bijan Robinson / Bryce Lance / Daniel Carlson / Juwan Johnson / Michael Penix Jr.,49800,49500-49900,3-3,1,98.82,131.38,141.47,160.77,0.0655,1,2,EXACT_OR_NEAR_OPTIMAL
2355,Drake London,WR,Bijan Robinson / Chris Olave / Falcons / Juwan Johnson / Oscar Delp,49000,49000-49400,3-3,0,104.93,134.92,144.07,164.27,0.0655,3,1,EXACT_OR_NEAR_OPTIMAL
2795,Juwan Johnson,TE,Alvin Kamara / Bijan Robinson / Daniel Carlson / Saints / Tyler Shough,48500,48000-48900,1-5,1,101.53,130.26,139.12,157.79,0.0655,2,2,EXACT_OR_NEAR_OPTIMAL
4591,Tyler Shough,QB,Alvin Kamara / Bryce Lance / Chris Olave / Drake London / Saints,48200,48000-48900,1-5,1,102.26,134.37,148.09,168.06,0.0655,0,2,EXACT_OR_NEAR_OPTIMAL
1412,Chris Olave,WR,Alvin Kamara / Bijan Robinson / Brian Robinson Jr. / Falcons / Juwan Johnson,49800,49500-49900,3-3,0,104.6,133.37,142.09,162.05,0.065,1,0,EXACT_OR_NEAR_OPTIMAL
1479,Chris Olave,WR,Alvin Kamara / Charlie Woerner / Devaughn Vele / Juwan Johnson / Tyler Shough,48600,48000-48900,1-5,1,102.19,138.58,149.21,171.9,0.065,0,2,EXACT_OR_NEAR_OPTIMAL
1688,Chris Olave,WR,Bijan Robinson / Drake London / Juwan Johnson / Nick Muse / Saints,49800,49500-49900,3-3,0,107.25,136.68,147.49,167.33,0.065,2,1,EXACT_OR_NEAR_OPTIMAL
2463,Drake London,WR,Chris Olave / Juwan Johnson / Nick Folk / Oscar Delp / Tyler Shough,48600,48000-48900,2-4,1,103.64,139.47,148.14,167.31,0.065,1,2,EXACT_OR_NEAR_OPTIMAL
2926,Juwan Johnson,TE,Bijan Robinson / Bryce Lance / Daniel Carlson / Drake London / Tyler Shough,49100,49000-49400,2-4,1,104.03,135.22,145.32,165.48,0.065,1,2,EXACT_OR_NEAR_OPTIMAL
2974,Juwan Johnson,TE,Brian Robinson Jr. / Chris Olave / Drake London / Saints / Tyler Shough,49500,49500-49900,2-4,1,103.58,137.65,147.52,167.08,0.065,2,2,EXACT_OR_NEAR_OPTIMAL
2998,Juwan Johnson,TE,Chris Olave / Devaughn Vele / Drake London / Nick Muse / Tyler Shough,49500,49500-49900,2-4,1,103.42,139.84,150.79,174.19,0.065,1,2,EXACT_OR_NEAR_OPTIMAL
4001,Oscar Delp,TE,Bijan Robinson / Chris Olave / Juwan Johnson / Michael Penix Jr. / Tyler Shough,49200,49000-49400,2-4,1,107.83,141.75,151.44,172.89,0.065,0,3,FORCED_CAPTAIN
4769,Tyler Shough,QB,Bijan Robinson / Daniel Carlson / Drake London / Juwan Johnson / Oscar Delp,48800,48000-48900,2-4,1,105.94,137.31,146.56,164.35,0.065,0,2,FORCED_CAPTAIN
155,Alvin Kamara,RB,Chris Olave / Drake London / Juwan Johnson / Kevin Austin Jr. / Tyler Shough,49100,49000-49400,1-5,1,105.54,140.07,150.01,170.06,0.0645,0,3,FORCED_CAPTAIN
2828,Juwan Johnson,TE,Alvin Kamara / Chris Olave / Devaughn Vele / Falcons / Tyler Shough,49900,49500-49900,1-5,1,102.67,135.29,146.13,166.69,0.0645,0,2,EXACT_OR_NEAR_OPTIMAL
2897,Juwan Johnson,TE,Austin Hooper / Bijan Robinson / Bryce Lance / Chris Olave / Tyler Shough,47900,<48000,2-4,1,104.73,139.33,149.39,171.89,0.0645,0,2,FORCED_CAPTAIN
2943,Juwan Johnson,TE,Bijan Robinson / Chris Olave / Kyle Pitts Sr. / Oscar Delp / Tyler Shough,49500,49500-49900,2-4,1,104.98,139.05,149.55,174.03,0.0645,2,2,EXACT_OR_NEAR_OPTIMAL
4777,Tyler Shough,QB,Bijan Robinson / Drake London / Juwan Johnson / Nick Folk / Oscar Delp,49400,49000-49400,3-3,1,105.21,138.15,146.45,166.04,0.0645,1,2,EXACT_OR_NEAR_OPTIMAL
457,Bijan Robinson,RB,Alvin Kamara / Austin Hooper / Chris Olave / Falcons / Juwan Johnson,49300,49000-49400,3-3,0,103.77,131.36,140.98,160.46,0.064,1,1,EXACT_OR_NEAR_OPTIMAL
462,Bijan Robinson,RB,Alvin Kamara / Austin Hooper / Daniel Carlson / Juwan Johnson / Tyler Shough,49300,49000-49400,2-4,1,103.55,132.75,141.74,160.61,0.064,3,2,EXACT_OR_NEAR_OPTIMAL
621,Bijan Robinson,RB,Brian Robinson Jr. / Chris Olave / Falcons / Saints / Tyler Shough,49700,49500-49900,3-3,0,103.95,131.01,141.34,160.98,0.064,4,1,EXACT_OR_NEAR_OPTIMAL
1408,Chris Olave,WR,Alvin Kamara / Barion Brown / Drake London / Nick Folk / Tyler Shough,49400,49000-49400,2-4,1,102.7,137.66,148.39,173.63,0.064,1,1,EXACT_OR_NEAR_OPTIMAL
1534,Chris Olave,WR,Alvin Kamara / Drake London / Nick Folk / Treyton Welch / Tyler Shough,48400,48000-48900,2-4,1,102.81,137.7,148.73,173.63,0.064,1,1,EXACT_OR_NEAR_OPTIMAL
2790,Juwan Johnson,TE,Alvin Kamara / Bijan Robinson / Chris Olave / Falcons / Nick Folk,49700,49500-49900,3-3,0,103.07,130.59,139.34,159.55,0.064,5,0,EXACT_OR_NEAR_OPTIMAL
516,Bijan Robinson,RB,Alvin Kamara / Chris Olave / Jahan Dotson / Kevin Austin Jr. / Tyler Shough,48900,48000-48900,2-4,1,105.64,136.24,147.63,173.23,0.0635,1,2,EXACT_OR_NEAR_OPTIMAL
528,Bijan Robinson,RB,Alvin Kamara / Daniel Carlson / Drake London / Kevin Austin Jr. / Tyler Shough,49900,49500-49900,2-4,1,104.5,133.65,142.13,159.24,0.0635,2,2,EXACT_OR_NEAR_OPTIMAL
615,Bijan Robinson,RB,Brian Robinson Jr. / Chris Olave / Daniel Carlson / Juwan Johnson / Nick Folk,49900,49500-49900,3-3,0,101.98,131.37,139.38,156.55,0.0635,3,1,EXACT_OR_NEAR_OPTIMAL
692,Bijan Robinson,RB,Chris Olave / Daniel Carlson / Kevin Austin Jr. / Nick Folk / Tyler Shough,49100,49000-49400,2-4,1,104.37,133.22,144.36,164.15,0.0635,1,2,EXACT_OR_NEAR_OPTIMAL
1528,Chris Olave,WR,Alvin Kamara / Drake London / Juwan Johnson / Michael Penix Jr. / Oscar Delp,50000,50000,2-4,0,105.13,138.69,149.29,168.82,0.0635,0,2,EXACT_OR_NEAR_OPTIMAL
1671,Chris Olave,WR,Bijan Robinson / Daniel Carlson / Juwan Johnson / Nick Folk / Saints,49800,49500-49900,2-4,0,103.7,131.98,139.73,159.37,0.0635,2,0,EXACT_OR_NEAR_OPTIMAL
1732,Chris Olave,WR,Bryce Lance / Devaughn Vele / Drake London / Saints / Tyler Shough,49600,49500-49900,1-5,1,101.23,135.46,147.46,170.46,0.0635,1,2,EXACT_OR_NEAR_OPTIMAL
1751,Chris Olave,WR,Chris Blair / Drake London / Michael Penix Jr. / Saints / Tyler Shough,50000,50000,3-3,1,102.99,137.23,149.61,172.43,0.0635,0,3,EXACT_OR_NEAR_OPTIMAL
1792,Chris Olave,WR,Devaughn Vele / Jahan Dotson / Juwan Johnson / Nick Folk / Tyler Shough,49400,49000-49400,2-4,1,100.1,135.65,146.38,171.63,0.0635,1,1,EXACT_OR_NEAR_OPTIMAL
2386,Drake London,WR,Bijan Robinson / Michael Penix Jr. / Oscar Delp / Saints / Tyler Shough,50000,50000,3-3,1,101.82,134.59,144.17,161.3,0.0635,2,3,EXACT_OR_NEAR_OPTIMAL
2455,Drake London,WR,Chris Olave / Falcons / Michael Penix Jr. / Olamide Zaccheaus / Tyler Shough,50000,50000,4-2,1,101.49,135.48,147.35,168.88,0.0635,1,3,EXACT_OR_NEAR_OPTIMAL
2469,Drake London,WR,Chris Olave / Michael Penix Jr. / Nick Folk / Nick Muse / Tyler Shough,50000,50000,4-2,1,101.35,136.75,147.85,172.8,0.0635,2,3,EXACT_OR_NEAR_OPTIMAL
2929,Juwan Johnson,TE,Bijan Robinson / Bryce Lance / Drake London / Nick Folk / Tyler Shough,49700,49500-49900,3-3,1,103.29,136.46,146.81,165.38,0.0635,4,2,EXACT_OR_NEAR_OPTIMAL
4573,Tyler Shough,QB,Alvin Kamara / Brian Robinson Jr. / Chris Olave / Juwan Johnson / Nick Folk,48800,48000-48900,2-4,1,101.71,136.99,147.59,165.19,0.0635,1,1,EXACT_OR_NEAR_OPTIMAL
6,Alvin Kamara,RB,Austin Hooper / Bijan Robinson / Chris Olave / Saints / Tyler Shough,49700,49500-49900,2-4,1,104.82,132.98,143.7,162.61,0.063,1,1,EXACT_OR_NEAR_OPTIMAL
24,Alvin Kamara,RB,Bijan Robinson / Bryce Lance / Chris Olave / Daniel Carlson / Tyler Shough,49300,49000-49400,1-5,1,105.93,135.32,144.23,163.23,0.063,0,2,FORCED_CAPTAIN
127,Alvin Kamara,RB,Charlie Woerner / Chris Olave / Drake London / Juwan Johnson / Tyler Shough,48900,48000-48900,2-4,1,105.17,139.03,149.75,168.58,0.063,1,2,EXACT_OR_NEAR_OPTIMAL
1391,Chris Olave,WR,Alvin Kamara / Austin Hooper / Bijan Robinson / Tyler Shough / Zachariah Branch,49800,49500-49900,3-3,1,105.02,138.29,150.39,171.44,0.063,1,1,EXACT_OR_NEAR_OPTIMAL
1560,Chris Olave,WR,Austin Hooper / Bijan Robinson / Bryce Lance / Drake London / Juwan Johnson,50000,50000,3-3,0,107.02,139.11,150.49,169.82,0.063,1,2,EXACT_OR_NEAR_OPTIMAL
2384,Drake London,WR,Bijan Robinson / Juwan Johnson / Olamide Zaccheaus / Saints / Tyler Shough,50000,50000,3-3,0,103.61,133.76,143.53,160.47,0.063,2,2,EXACT_OR_NEAR_OPTIMAL
2464,Drake London,WR,Chris Olave / Juwan Johnson / Olamide Zaccheaus / Saints / Tyler Shough,49000,49000-49400,2-4,1,103.26,137.12,146.15,166.49,0.063,0,2,EXACT_OR_NEAR_OPTIMAL
3620,Nick Folk,K,Bijan Robinson / Bryce Lance / Chris Olave / Juwan Johnson / Tyler Shough,49500,49500-49900,2-4,1,104.81,137.25,147.52,167.12,0.063,1,2,EXACT_OR_NEAR_OPTIMAL
4540,Tyler Shough,QB,Alvin Kamara / Bijan Robinson / Brian Robinson Jr. / Chris Olave / Olamide Zaccheaus,49800,49500-49900,3-3,1,106.1,138.78,149.54,167.65,0.063,1,1,EXACT_OR_NEAR_OPTIMAL
4626,Tyler Shough,QB,Alvin Kamara / Chris Olave / Drake London / Nick Folk / Olamide Zaccheaus,49600,49500-49900,3-3,1,103.31,137.3,147.45,169.66,0.063,1,1,EXACT_OR_NEAR_OPTIMAL
712,Bijan Robinson,RB,Chris Olave / Falcons / Juwan Johnson / Michael Penix Jr. / Oscar Delp,48900,48000-48900,3-3,0,103.26,132.98,142.97,164.77,0.0625,1,2,EXACT_OR_NEAR_OPTIMAL
1478,Chris Olave,WR,Alvin Kamara / Charlie Woerner / Daniel Carlson / Drake London / Tyler Shough,48200,48000-48900,2-4,1,103.61,137.67,147.64,171.65,0.0625,1,1,EXACT_OR_NEAR_OPTIMAL
1546,Chris Olave,WR,Alvin Kamara / Jahan Dotson / Juwan Johnson / Saints / Tyler Shough,47400,<48000,1-5,1,101.42,135.91,144.92,167.74,0.0625,0,2,EXACT_OR_NEAR_OPTIMAL
2968,Juwan Johnson,TE,Bijan Robinson / Drake London / Nick Folk / Olamide Zaccheaus / Tyler Shough,49900,49500-49900,4-2,0,103.02,135.42,144.82,164.53,0.0625,1,1,EXACT_OR_NEAR_OPTIMAL
502,Bijan Robinson,RB,Alvin Kamara / Chris Olave / Daniel Carlson / Nick Folk / Saints,49900,49500-49900,2-4,0,101.37,125.43,134.05,149.61,0.062,5,1,EXACT_OR_NEAR_OPTIMAL
677,Bijan Robinson,RB,Chris Blair / Daniel Carlson / Drake London / Juwan Johnson / Michael Penix Jr.,49900,49500-49900,4-2,1,99.28,130.9,140.9,161.02,0.062,1,3,EXACT_OR_NEAR_OPTIMAL
777,Bijan Robinson,RB,Drake London / Juwan Johnson / Saints / Treyton Welch / Tyler Shough,49100,49000-49400,2-4,1,104.51,134.69,144.07,163.32,0.062,1,3,EXACT_OR_NEAR_OPTIMAL
1753,Chris Olave,WR,Daniel Carlson / Devaughn Vele / Falcons / Juwan Johnson / Tyler Shough,49400,49000-49400,1-5,1,102.36,135.5,146.02,167.46,0.062,2,2,EXACT_OR_NEAR_OPTIMAL
2181,Drake London,WR,Alvin Kamara / Bryce Lance / Chris Olave / Daniel Carlson / Tyler Shough,49000,49000-49400,1-5,1,103.1,135.84,145.34,166.92,0.062,0,2,EXACT_OR_NEAR_OPTIMAL
2361,Drake London,WR,Bijan Robinson / Chris Olave / Nick Muse / Tyler Shough / Zachariah Branch,49800,49500-49900,4-2,0,104.91,137.98,149.95,173.19,0.062,1,1,EXACT_OR_NEAR_OPTIMAL
4599,Tyler Shough,QB,Alvin Kamara / Bryce Lance / Drake London / Juwan Johnson / Michael Penix Jr.,49600,49500-49900,2-4,1,101.55,136.09,147.54,169.63,0.062,3,2,EXACT_OR_NEAR_OPTIMAL
4695,Tyler Shough,QB,Austin Hooper / Bijan Robinson / Chris Olave / Daniel Carlson / Nick Folk,50000,50000,3-3,0,105.49,136.09,146.3,166.03,0.062,1,1,EXACT_OR_NEAR_OPTIMAL
4710,Tyler Shough,QB,Austin Hooper / Chris Olave / Drake London / Jahan Dotson / Michael Penix Jr.,50000,50000,4-2,1,102.42,138.51,148.85,171.95,0.062,1,3,EXACT_OR_NEAR_OPTIMAL
672,Bijan Robinson,RB,Charlie Woerner / Drake London / Juwan Johnson / Saints / Tyler Shough,49500,49500-49900,3-3,0,104.58,134.99,143.75,163.31,0.0615,2,2,EXACT_OR_NEAR_OPTIMAL
685,Bijan Robinson,RB,Chris Olave / Daniel Carlson / Falcons / Juwan Johnson / Saints,48500,48000-48900,2-4,0,101.61,127.56,136.27,152.69,0.0615,2,1,EXACT_OR_NEAR_OPTIMAL
1474,Chris Olave,WR,Alvin Kamara / Bryce Lance / Juwan Johnson / Nick Folk / Tyler Shough,47400,<48000,1-5,1,101.36,136.89,147.18,166.87,0.0615,1,2,EXACT_OR_NEAR_OPTIMAL
1638,Chris Olave,WR,Bijan Robinson / Bryce Lance / Daniel Carlson / Drake London / Nick Folk,50000,50000,3-3,0,103.69,133.26,142.84,164.27,0.0615,2,1,EXACT_OR_NEAR_OPTIMAL
1752,Chris Olave,WR,Daniel Carlson / Devaughn Vele / Drake London / Oscar Delp / Tyler Shough,48800,48000-48900,1-5,1,102.06,137.75,147.71,171.07,0.0615,1,2,EXACT_OR_NEAR_OPTIMAL
1817,Chris Olave,WR,Drake London / Juwan Johnson / Kyle Pitts Sr. / Oscar Delp / Tyler Shough,49400,49000-49400,2-4,1,103.73,140.69,150.96,174.77,0.0615,1,2,EXACT_OR_NEAR_OPTIMAL
1920,Daniel Carlson,K,Bijan Robinson / Chris Olave / Drake London / Treyton Welch / Tyler Shough,49600,49500-49900,2-4,1,107.36,137.43,146.28,168.24,0.0615,0,2,FORCED_CAPTAIN
2619,Falcons,DST,Bijan Robinson / Chris Olave / Juwan Johnson / Saints / Tyler Shough,49200,49000-49400,2-4,1,105.26,132.89,142.11,161.05,0.0615,2,2,EXACT_OR_NEAR_OPTIMAL
2954,Juwan Johnson,TE,Bijan Robinson / Daniel Carlson / Drake London / Olamide Zaccheaus / Tyler Shough,49300,49000-49400,3-3,0,103.75,135.09,143.96,165.73,0.0615,1,1,EXACT_OR_NEAR_OPTIMAL
617,Bijan Robinson,RB,Brian Robinson Jr. / Chris Olave / Drake London / Juwan Johnson / Nick Muse,49900,49500-49900,4-2,0,105.53,135.77,145.88,165.06,0.061,1,2,EXACT_OR_NEAR_OPTIMAL
2095,Devaughn Vele,WR,Chris Olave / Drake London / Juwan Johnson / Oscar Delp / Tyler Shough,49900,49500-49900,1-5,1,102.29,138.55,149.47,171.17,0.061,5,3,EXACT_OR_NEAR_OPTIMAL
509,Bijan Robinson,RB,Alvin Kamara / Chris Olave / Drake London / Nick Muse / Saints,49900,49500-49900,3-3,0,104.92,132.52,141.44,159.48,0.0605,1,1,EXACT_OR_NEAR_OPTIMAL
762,Bijan Robinson,RB,Drake London / Falcons / Juwan Johnson / Michael Penix Jr. / Olamide Zaccheaus,49700,49500-49900,5-1,1,98.55,130.38,139.56,159.89,0.0605,1,4,EXACT_OR_NEAR_OPTIMAL
1565,Chris Olave,WR,Austin Hooper / Bijan Robinson / Daniel Carlson / Drake London / Falcons,49200,49000-49400,4-2,0,102.37,131.68,141.94,161.73,0.0605,2,0,EXACT_OR_NEAR_OPTIMAL
1643,Chris Olave,WR,Bijan Robinson / Bryce Lance / Devaughn Vele / Olamide Zaccheaus / Tyler Shough,49200,49000-49400,2-4,1,103.11,137.91,149.75,173.12,0.0605,1,1,EXACT_OR_NEAR_OPTIMAL
1786,Chris Olave,WR,Devaughn Vele / Drake London / Nick Folk / Oscar Delp / Tyler Shough,49400,49000-49400,2-4,1,101.32,137.45,148.08,172.1,0.0605,1,1,EXACT_OR_NEAR_OPTIMAL
2940,Juwan Johnson,TE,Bijan Robinson / Chris Olave / Falcons / Tyler Shough / Zachariah Branch,49300,49000-49400,3-3,1,104.74,137.34,147.26,170.47,0.0605,1,2,EXACT_OR_NEAR_OPTIMAL
460,Bijan Robinson,RB,Alvin Kamara / Austin Hooper / Daniel Carlson / Drake London / Juwan Johnson,49700,49500-49900,3-3,0,101.1,130.13,138.63,152.96,0.06,1,1,EXACT_OR_NEAR_OPTIMAL
498,Bijan Robinson,RB,Alvin Kamara / Chris Olave / Daniel Carlson / Juwan Johnson / Oscar Delp,48100,48000-48900,1-5,0,104.59,133.35,141.37,160.77,0.06,2,2,EXACT_OR_NEAR_OPTIMAL
768,Bijan Robinson,RB,Drake London / Jahan Dotson / Michael Penix Jr. / Oscar Delp / Tyler Shough,49700,49500-49900,4-2,1,102.37,135.6,146.38,165.2,0.06,1,3,EXACT_OR_NEAR_OPTIMAL
4683,Tyler Shough,QB,Alvin Kamara / Drake London / Juwan Johnson / Michael Penix Jr. / Olamide Zaccheaus,49800,49500-49900,3-3,1,101.27,136.44,146.29,168.23,0.06,0,2,EXACT_OR_NEAR_OPTIMAL
4746,Tyler Shough,QB,Bijan Robinson / Chris Olave / Daniel Carlson / Falcons / Saints,49600,49500-49900,2-4,0,106.13,133.42,143.27,161.93,0.06,2,0,EXACT_OR_NEAR_OPTIMAL
16,Alvin Kamara,RB,Barion Brown / Chris Olave / Drake London / Juwan Johnson / Tyler Shough,49500,49500-49900,1-5,1,104.99,139.32,149.59,168.58,0.0595,0,3,FORCED_CAPTAIN
532,Bijan Robinson,RB,Alvin Kamara / Daniel Carlson / Drake London / Treyton Welch / Tyler Shough,49300,49000-49400,2-4,1,104.06,132.83,141.78,156.8,0.0595,1,2,EXACT_OR_NEAR_OPTIMAL
586,Bijan Robinson,RB,Austin Hooper / Chris Olave / Devaughn Vele / Oscar Delp / Tyler Shough,49100,49000-49400,2-4,1,103.28,135.46,147.37,170.29,0.0595,2,2,EXACT_OR_NEAR_OPTIMAL
636,Bijan Robinson,RB,Bryce Lance / Chris Blair / Chris Olave / Michael Penix Jr. / Tyler Shough,49900,49500-49900,3-3,1,105.32,138.52,149.15,173.71,0.0595,1,3,EXACT_OR_NEAR_OPTIMAL
1677,Chris Olave,WR,Bijan Robinson / Devaughn Vele / Jahan Dotson / Kevin Austin Jr. / Tyler Shough,49200,49000-49400,2-4,1,102.83,137.23,149.25,174.58,0.0595,1,1,EXACT_OR_NEAR_OPTIMAL
1683,Chris Olave,WR,Bijan Robinson / Drake London / Falcons / Jahan Dotson / Nick Folk,50000,50000,5-1,0,102.09,131.56,140.66,162.06,0.0595,1,2,EXACT_OR_NEAR_OPTIMAL
1710,Chris Olave,WR,Brian Robinson Jr. / Daniel Carlson / Devaughn Vele / Juwan Johnson / Tyler Shough,49600,49500-49900,1-5,1,101.4,136.73,147.35,168.08,0.0595,0,2,EXACT_OR_NEAR_OPTIMAL
1743,Chris Olave,WR,CJ Donaldson / Drake London / Falcons / Michael Penix Jr. / Tyler Shough,49800,49500-49900,3-3,1,102.42,137.27,148.38,171.34,0.0595,1,2,EXACT_OR_NEAR_OPTIMAL
1903,Daniel Carlson,K,Bijan Robinson / Bryce Lance / Chris Olave / Juwan Johnson / Tyler Shough,48600,48000-48900,1-5,1,105.91,136.51,145.91,163.65,0.0595,0,3,FORCED_CAPTAIN
2126,Drake London,WR,Alvin Kamara / Austin Hooper / Chris Olave / Saints / Tyler Shough,49400,49000-49400,2-4,1,101.98,133.77,144.86,166.24,0.0595,1,1,EXACT_OR_NEAR_OPTIMAL
2322,Drake London,WR,Barion Brown / Bijan Robinson / Chris Olave / Kevin Austin Jr. / Tyler Shough,49200,49000-49400,2-4,1,105.09,138.4,150.18,174.08,0.0595,0,2,FORCED_CAPTAIN
2807,Juwan Johnson,TE,Alvin Kamara / Bijan Robinson / Michael Penix Jr. / Oscar Delp / Tyler Shough,48900,48000-48900,2-4,1,103.18,136.68,146.05,166.01,0.0595,1,2,EXACT_OR_NEAR_OPTIMAL
2987,Juwan Johnson,TE,Chris Olave / Daniel Carlson / Devaughn Vele / Nick Folk / Tyler Shough,49500,49500-49900,1-5,1,99.87,133.39,145.16,164.79,0.0595,0,2,EXACT_OR_NEAR_OPTIMAL
4120,Saints,DST,Bijan Robinson / Chris Olave / Falcons / Juwan Johnson / Tyler Shough,49500,49500-49900,2-4,1,105.73,133.53,143.13,160.87,0.0595,1,2,EXACT_OR_NEAR_OPTIMAL
653,Bijan Robinson,RB,Bryce Lance / Drake London / Falcons / Juwan Johnson / Michael Penix Jr.,49500,49500-49900,4-2,1,98.83,130.34,140.6,160.44,0.059,3,3,EXACT_OR_NEAR_OPTIMAL
1392,Chris Olave,WR,Alvin Kamara / Austin Hooper / Brian Robinson Jr. / Drake London / Tyler Shough,49400,49000-49400,3-3,1,102.92,137.79,147.26,171.19,0.059,1,1,EXACT_OR_NEAR_OPTIMAL
1423,Chris Olave,WR,Alvin Kamara / Bijan Robinson / Daniel Carlson / Falcons / Nick Folk,48800,48000-48900,3-3,0,100.26,126.53,135.12,155.63,0.059,2,0,EXACT_OR_NEAR_OPTIMAL
1430,Chris Olave,WR,Alvin Kamara / Bijan Robinson / Drake London / Falcons / Treyton Welch,48800,48000-48900,3-3,0,104.1,133.81,143.54,164.73,0.059,1,0,EXACT_OR_NEAR_OPTIMAL
1630,Chris Olave,WR,Bijan Robinson / Brian Robinson Jr. / Drake London / Juwan Johnson / Oscar Delp,49600,49500-49900,3-3,0,106.8,138.68,148.03,170.63,0.059,1,1,EXACT_OR_NEAR_OPTIMAL
2143,Drake London,WR,Alvin Kamara / Bijan Robinson / Bryce Lance / Daniel Carlson / Tyler Shough,50000,50000,2-4,1,103.44,133.81,142.79,157.35,0.059,2,2,EXACT_OR_NEAR_OPTIMAL
2359,Drake London,WR,Bijan Robinson / Chris Olave / Kevin Austin Jr. / Michael Penix Jr. / Olamide Zaccheaus,49400,49000-49400,4-2,1,100.18,134.57,146.19,167.01,0.059,1,2,EXACT_OR_NEAR_OPTIMAL
2932,Juwan Johnson,TE,Bijan Robinson / Chris Olave / Daniel Carlson / Drake London / Oscar Delp,48900,48000-48900,2-4,0,106.01,136.17,145.45,163.91,0.059,1,1,EXACT_OR_NEAR_OPTIMAL
4704,Tyler Shough,QB,Austin Hooper / Brian Robinson Jr. / Chris Olave / Drake London / Juwan Johnson,49200,49000-49400,3-3,1,103.82,140.43,151.15,169.15,0.059,0,2,FORCED_CAPTAIN
4751,Tyler Shough,QB,Bijan Robinson / Chris Olave / Devaughn Vele / Kevin Austin Jr. / Saints,49800,49500-49900,1-5,1,103.68,136.94,147.29,168.8,0.059,1,2,EXACT_OR_NEAR_OPTIMAL
647,Bijan Robinson,RB,Bryce Lance / Chris Olave / Falcons / Nick Folk / Tyler Shough,48900,48000-48900,3-3,1,103.32,132.55,143.26,161.85,0.0585,1,2,EXACT_OR_NEAR_OPTIMAL
775,Bijan Robinson,RB,Drake London / Juwan Johnson / Michael Penix Jr. / Nick Folk / Oscar Delp,49900,49500-49900,4-2,1,99.86,132.0,142.16,160.5,0.0585,1,3,EXACT_OR_NEAR_OPTIMAL
1694,Chris Olave,WR,Bijan Robinson / Falcons / Jahan Dotson / Saints / Tyler Shough,48400,48000-48900,3-3,0,103.21,134.26,145.44,166.46,0.0585,1,0,EXACT_OR_NEAR_OPTIMAL
1851,Daniel Carlson,K,Alvin Kamara / Bijan Robinson / Chris Olave / Falcons / Tyler Shough,50000,50000,2-4,1,106.32,131.86,140.49,159.09,0.0585,3,2,EXACT_OR_NEAR_OPTIMAL
4737,Tyler Shough,QB,Bijan Robinson / Bryce Lance / Chris Olave / Michael Penix Jr. / Olamide Zaccheaus,49800,49500-49900,3-3,1,105.81,140.55,152.39,174.32,0.0585,1,2,EXACT_OR_NEAR_OPTIMAL
159,Alvin Kamara,RB,Chris Olave / Drake London / Juwan Johnson / Treyton Welch / Tyler Shough,48500,48000-48900,1-5,1,105.1,139.49,149.93,168.58,0.058,1,3,EXACT_OR_NEAR_OPTIMAL
529,Bijan Robinson,RB,Alvin Kamara / Daniel Carlson / Drake London / Michael Penix Jr. / Oscar Delp,48900,48000-48900,3-3,1,98.09,128.57,138.57,157.16,0.058,2,2,EXACT_OR_NEAR_OPTIMAL
1664,Chris Olave,WR,Bijan Robinson / Daniel Carlson / Drake London / Jahan Dotson / Saints,50000,50000,3-3,0,103.76,131.78,141.34,162.72,0.058,1,1,EXACT_OR_NEAR_OPTIMAL
1709,Chris Olave,WR,Brian Robinson Jr. / CJ Donaldson / Drake London / Michael Penix Jr. / Tyler Shough,50000,50000,3-3,1,101.46,137.47,150.26,173.91,0.058,0,3,EXACT_OR_NEAR_OPTIMAL
1714,Chris Olave,WR,Brian Robinson Jr. / Daniel Carlson / Drake London / Nick Folk / Tyler Shough,49800,49500-49900,3-3,0,102.09,135.83,145.8,165.23,0.058,1,0,EXACT_OR_NEAR_OPTIMAL
1762,Chris Olave,WR,Daniel Carlson / Drake London / Falcons / Saints / Tyler Shough,48400,48000-48900,2-4,0,101.72,132.37,143.25,162.45,0.058,0,0,EXACT_OR_NEAR_OPTIMAL
2141,Drake London,WR,Alvin Kamara / Bijan Robinson / Bryce Lance / Chris Olave / Falcons,50000,50000,3-3,0,103.66,132.81,141.94,162.56,0.058,2,1,EXACT_OR_NEAR_OPTIMAL
2936,Juwan Johnson,TE,Bijan Robinson / Chris Olave / Drake London / Nick Folk / Oscar Delp,49500,49500-49900,3-3,0,105.27,135.87,145.29,166.17,0.058,1,1,EXACT_OR_NEAR_OPTIMAL
4636,Tyler Shough,QB,Alvin Kamara / Chris Olave / Juwan Johnson / Kyle Pitts Sr. / Saints,49600,49500-49900,1-5,1,100.86,135.85,145.29,163.6,0.058,2,2,EXACT_OR_NEAR_OPTIMAL
4839,Tyler Shough,QB,Chris Olave / Drake London / Juwan Johnson / Kevin Austin Jr. / Saints,47600,<48000,1-5,1,102.82,138.19,147.99,167.89,0.058,0,3,EXACT_OR_NEAR_OPTIMAL
713,Bijan Robinson,RB,Chris Olave / Falcons / Juwan Johnson / Nick Folk / Saints,49100,49000-49400,3-3,0,100.88,127.43,136.4,153.14,0.0575,3,1,EXACT_OR_NEAR_OPTIMAL
1395,Chris Olave,WR,Alvin Kamara / Austin Hooper / Daniel Carlson / Drake London / Michael Penix Jr.,49800,49500-49900,3-3,1,99.74,132.06,143.29,162.07,0.0575,3,1,EXACT_OR_NEAR_OPTIMAL
1736,Chris Olave,WR,Bryce Lance / Drake London / Jahan Dotson / Juwan Johnson / Tyler Shough,48000,48000-48900,2-4,1,103.91,141.09,150.38,175.18,0.0575,0,2,EXACT_OR_NEAR_OPTIMAL
1828,Chris Olave,WR,Falcons / Juwan Johnson / Michael Penix Jr. / Saints / Tyler Shough,50000,50000,2-4,1,104.61,137.31,147.9,167.48,0.0575,1,3,EXACT_OR_NEAR_OPTIMAL
2787,Juwan Johnson,TE,Alvin Kamara / Bijan Robinson / Chris Olave / Daniel Carlson / Falcons,49100,49000-49400,2-4,0,103.81,130.28,138.02,158.38,0.0575,1,0,EXACT_OR_NEAR_OPTIMAL
2843,Juwan Johnson,TE,Alvin Kamara / Chris Olave / Michael Penix Jr. / Olamide Zaccheaus / Tyler Shough,49500,49500-49900,2-4,1,103.78,139.02,148.86,170.23,0.0575,4,2,EXACT_OR_NEAR_OPTIMAL
4627,Tyler Shough,QB,Alvin Kamara / Chris Olave / Drake London / Nick Folk / Oscar Delp,48000,48000-48900,2-4,1,102.36,136.54,146.16,168.58,0.0575,0,1,EXACT_OR_NEAR_OPTIMAL
1396,Chris Olave,WR,Alvin Kamara / Austin Hooper / Daniel Carlson / Juwan Johnson / Tyler Shough,47800,<48000,1-5,1,103.03,137.13,146.09,167.28,0.057,0,2,EXACT_OR_NEAR_OPTIMAL
1477,Chris Olave,WR,Alvin Kamara / CJ Donaldson / Drake London / Saints / Tyler Shough,48400,48000-48900,1-5,1,101.69,134.44,144.97,169.29,0.057,0,2,EXACT_OR_NEAR_OPTIMAL
1492,Chris Olave,WR,Alvin Kamara / Daniel Carlson / Drake London / Juwan Johnson / Saints,49600,49500-49900,1-5,0,103.48,132.69,141.48,158.97,0.057,1,1,EXACT_OR_NEAR_OPTIMAL
1507,Chris Olave,WR,Alvin Kamara / Devaughn Vele / Falcons / Nick Folk / Tyler Shough,49600,49500-49900,2-4,1,99.12,131.33,142.05,160.65,0.057,3,1,EXACT_OR_NEAR_OPTIMAL
1616,Chris Olave,WR,Barion Brown / Brian Robinson Jr. / Drake London / Michael Penix Jr. / Tyler Shough,49800,49500-49900,3-3,1,101.14,136.99,150.27,174.17,0.057,0,2,EXACT_OR_NEAR_OPTIMAL
1697,Chris Olave,WR,Bijan Robinson / Falcons / Nick Folk / Olamide Zaccheaus / Tyler Shough,48600,48000-48900,4-2,0,102.87,133.64,145.37,166.31,0.057,1,0,EXACT_OR_NEAR_OPTIMAL
1831,Chris Olave,WR,Jahan Dotson / Juwan Johnson / Michael Penix Jr. / Saints / Tyler Shough,49400,49000-49400,2-4,1,103.09,137.76,147.94,168.74,0.057,1,2,EXACT_OR_NEAR_OPTIMAL
2457,Drake London,WR,Chris Olave / Jahan Dotson / Michael Penix Jr. / Olamide Zaccheaus / Tyler Shough,49400,49000-49400,4-2,1,99.97,136.2,148.21,171.47,0.057,0,2,FORCED_CAPTAIN
2830,Juwan Johnson,TE,Alvin Kamara / Chris Olave / Devaughn Vele / Jahan Dotson / Tyler Shough,49300,49000-49400,1-5,1,101.14,134.87,146.97,167.23,0.057,0,2,EXACT_OR_NEAR_OPTIMAL
2846,Juwan Johnson,TE,Alvin Kamara / Chris Olave / Nick Folk / Saints / Tyler Shough,48100,48000-48900,1-5,1,100.45,132.69,144.15,160.44,0.057,0,2,EXACT_OR_NEAR_OPTIMAL
4560,Tyler Shough,QB,Alvin Kamara / Bijan Robinson / Devaughn Vele / Juwan Johnson / Oscar Delp,48800,48000-48900,1-5,1,102.02,134.03,144.87,165.22,0.057,0,2,FORCED_CAPTAIN
4567,Tyler Shough,QB,Alvin Kamara / Brian Robinson Jr. / Chris Olave / Daniel Carlson / Juwan Johnson,48200,48000-48900,1-5,1,102.44,136.3,146.28,164.94,0.057,0,2,EXACT_OR_NEAR_OPTIMAL
4759,Tyler Shough,QB,Bijan Robinson / Chris Olave / Jahan Dotson / Kevin Austin Jr. / Michael Penix Jr.,49800,49500-49900,3-3,1,105.53,139.98,151.52,174.87,0.057,1,2,EXACT_OR_NEAR_OPTIMAL
4825,Tyler Shough,QB,Chris Olave / Daniel Carlson / Drake London / Kevin Austin Jr. / Michael Penix Jr.,49800,49500-49900,2-4,1,104.04,137.98,149.18,171.13,0.057,0,2,FORCED_CAPTAIN
638,Bijan Robinson,RB,Bryce Lance / Chris Olave / Daniel Carlson / Falcons / Tyler Shough,48300,48000-48900,2-4,1,104.06,132.94,142.93,160.15,0.0565,0,2,FORCED_CAPTAIN
727,Bijan Robinson,RB,Chris Olave / Michael Penix Jr. / Oscar Delp / Tyler Shough / Zachariah Branch,49900,49500-49900,3-3,1,104.69,137.38,148.34,171.76,0.0565,1,3,EXACT_OR_NEAR_OPTIMAL
1584,Chris Olave,WR,Austin Hooper / Bryce Lance / Drake London / Juwan Johnson / Tyler Shough,47800,<48000,2-4,1,103.47,140.67,152.27,173.17,0.0565,1,2,EXACT_OR_NEAR_OPTIMAL
1662,Chris Olave,WR,Bijan Robinson / Chris Blair / Daniel Carlson / Nick Folk / Tyler Shough,48800,48000-48900,3-3,0,103.6,135.0,146.75,167.09,0.0565,1,0,EXACT_OR_NEAR_OPTIMAL
2151,Drake London,WR,Alvin Kamara / Bijan Robinson / Daniel Carlson / Falcons / Juwan Johnson,49600,49500-49900,3-3,0,100.06,127.31,136.44,152.84,0.0565,1,0,EXACT_OR_NEAR_OPTIMAL
2198,Drake London,WR,Alvin Kamara / Chris Olave / Daniel Carlson / Olamide Zaccheaus / Tyler Shough,49200,49000-49400,2-4,1,102.82,135.34,144.33,165.01,0.0565,1,1,EXACT_OR_NEAR_OPTIMAL
2280,Drake London,WR,Alvin Kamara / Juwan Johnson / Michael Penix Jr. / Oscar Delp / Tyler Shough,48400,48000-48900,2-4,1,99.09,134.02,144.4,164.6,0.0565,2,2,EXACT_OR_NEAR_OPTIMAL
2286,Drake London,WR,Austin Hooper / Bijan Robinson / Bryce Lance / Michael Penix Jr. / Tyler Shough,50000,50000,4-2,1,100.15,135.51,146.48,162.33,0.0565,1,3,EXACT_OR_NEAR_OPTIMAL
2387,Drake London,WR,Brian Robinson Jr. / Bryce Lance / Chris Olave / Michael Penix Jr. / Tyler Shough,50000,50000,3-3,1,100.81,136.68,148.24,171.21,0.0565,1,3,EXACT_OR_NEAR_OPTIMAL
2407,Drake London,WR,Bryce Lance / Chris Olave / Jahan Dotson / Michael Penix Jr. / Tyler Shough,49200,49000-49400,3-3,1,100.25,136.68,147.89,170.75,0.0565,3,2,EXACT_OR_NEAR_OPTIMAL
2921,Juwan Johnson,TE,Bijan Robinson / Brian Robinson Jr. / Drake London / Falcons / Tyler Shough,49900,49500-49900,4-2,0,102.99,132.7,142.56,162.85,0.0565,2,1,EXACT_OR_NEAR_OPTIMAL
2966,Juwan Johnson,TE,Bijan Robinson / Drake London / Jahan Dotson / Saints / Tyler Shough,49700,49500-49900,3-3,0,103.36,133.86,144.12,164.07,0.0565,1,1,EXACT_OR_NEAR_OPTIMAL
4574,Tyler Shough,QB,Alvin Kamara / Brian Robinson Jr. / Chris Olave / Juwan Johnson / Saints,47600,<48000,1-5,1,100.38,135.07,144.32,163.08,0.0565,2,2,EXACT_OR_NEAR_OPTIMAL
157,Alvin Kamara,RB,Chris Olave / Drake London / Juwan Johnson / Nick Muse / Tyler Shough,48500,48000-48900,2-4,1,104.81,138.97,149.13,168.58,0.056,0,2,FORCED_CAPTAIN
670,Bijan Robinson,RB,Charlie Woerner / Drake London / Falcons / Juwan Johnson / Tyler Shough,48900,48000-48900,4-2,0,103.64,133.98,142.28,163.75,0.056,1,2,EXACT_OR_NEAR_OPTIMAL
1571,Chris Olave,WR,Austin Hooper / Bijan Robinson / Drake London / Falcons / Nick Folk,49800,49500-49900,5-1,0,101.64,131.35,140.96,162.11,0.056,2,1,EXACT_OR_NEAR_OPTIMAL
1708,Chris Olave,WR,Bijan Robinson / Nick Folk / Olamide Zaccheaus / Saints / Tyler Shough,49200,49000-49400,3-3,0,103.81,134.78,145.47,166.61,0.056,1,0,EXACT_OR_NEAR_OPTIMAL
2301,Drake London,WR,Austin Hooper / Bryce Lance / Chris Olave / Michael Penix Jr. / Tyler Shough,49000,49000-49400,3-3,1,99.8,137.14,148.07,170.79,0.056,0,2,EXACT_OR_NEAR_OPTIMAL
4563,Tyler Shough,QB,Alvin Kamara / Bijan Robinson / Falcons / Juwan Johnson / Nick Folk,49600,49500-49900,3-3,1,103.01,131.68,141.29,161.16,0.056,1,1,EXACT_OR_NEAR_OPTIMAL
4628,Tyler Shough,QB,Alvin Kamara / Chris Olave / Falcons / Juwan Johnson / Nick Folk,48600,48000-48900,2-4,1,102.66,135.93,145.35,165.43,0.056,0,1,EXACT_OR_NEAR_OPTIMAL
4784,Tyler Shough,QB,Brian Robinson Jr. / Bryce Lance / Chris Olave / Drake London / Juwan Johnson,48200,48000-48900,2-4,1,102.87,139.87,150.85,168.22,0.056,1,2,EXACT_OR_NEAR_OPTIMAL
44,Alvin Kamara,RB,Bijan Robinson / Chris Olave / Daniel Carlson / Olamide Zaccheaus / Tyler Shough,49500,49500-49900,2-4,1,105.66,134.63,143.38,161.92,0.0555,0,1,FORCED_CAPTAIN
480,Bijan Robinson,RB,Alvin Kamara / Brian Robinson Jr. / Juwan Johnson / Saints / Tyler Shough,49700,49500-49900,2-4,1,102.5,130.31,139.49,156.98,0.0555,1,2,EXACT_OR_NEAR_OPTIMAL
482,Bijan Robinson,RB,Alvin Kamara / Bryce Lance / Daniel Carlson / Drake London / Juwan Johnson,48700,48000-48900,2-4,0,100.15,128.99,137.46,151.08,0.0555,1,1,EXACT_OR_NEAR_OPTIMAL
501,Bijan Robinson,RB,Alvin Kamara / Chris Olave / Daniel Carlson / Michael Penix Jr. / Treyton Welch,49500,49500-49900,2-4,0,102.59,130.33,141.82,161.55,0.0555,1,1,EXACT_OR_NEAR_OPTIMAL
533,Bijan Robinson,RB,Alvin Kamara / Daniel Carlson / Falcons / Juwan Johnson / Michael Penix Jr.,49500,49500-49900,3-3,0,98.39,125.9,134.68,151.43,0.0555,3,1,EXACT_OR_NEAR_OPTIMAL
614,Bijan Robinson,RB,Brian Robinson Jr. / Chris Olave / Daniel Carlson / Jahan Dotson / Tyler Shough,49700,49500-49900,3-3,0,104.49,134.1,144.14,168.37,0.0555,1,1,EXACT_OR_NEAR_OPTIMAL
631,Bijan Robinson,RB,Brian Robinson Jr. / Drake London / Juwan Johnson / Oscar Delp / Tyler Shough,48900,48000-48900,3-3,1,103.77,134.92,144.64,164.47,0.0555,1,3,EXACT_OR_NEAR_OPTIMAL
1557,Chris Olave,WR,Austin Hooper / Bijan Robinson / Brian Robinson Jr. / Daniel Carlson / Tyler Shough,49000,49000-49400,3-3,0,103.87,135.31,147.44,169.28,0.0555,1,0,EXACT_OR_NEAR_OPTIMAL
2343,Drake London,WR,Bijan Robinson / CJ Donaldson / Daniel Carlson / Juwan Johnson / Tyler Shough,50000,50000,2-4,1,103.77,135.48,144.37,162.54,0.0555,0,3,FORCED_CAPTAIN
2372,Drake London,WR,Bijan Robinson / Daniel Carlson / Juwan Johnson / Kevin Austin Jr. / Tyler Shough,49400,49000-49400,2-4,1,104.0,135.92,144.42,161.57,0.0555,2,2,EXACT_OR_NEAR_OPTIMAL
2817,Juwan Johnson,TE,Alvin Kamara / Bryce Lance / Chris Olave / Michael Penix Jr. / Tyler Shough,49300,49000-49400,1-5,1,104.06,139.52,149.44,171.56,0.0555,1,3,EXACT_OR_NEAR_OPTIMAL
2941,Juwan Johnson,TE,Bijan Robinson / Chris Olave / Jahan Dotson / Oscar Delp / Tyler Shough,46700,<48000,2-4,1,103.94,137.63,148.17,172.3,0.0555,0,2,FORCED_CAPTAIN
3640,Nick Folk,K,Bijan Robinson / Chris Olave / Juwan Johnson / Olamide Zaccheaus / Tyler Shough,49700,49500-49900,3-3,1,104.53,136.62,146.36,167.33,0.0555,1,2,EXACT_OR_NEAR_OPTIMAL
649,Bijan Robinson,RB,Bryce Lance / Chris Olave / Jahan Dotson / Juwan Johnson / Michael Penix Jr.,49700,49500-49900,3-3,1,102.97,133.26,144.01,167.64,0.055,1,3,EXACT_OR_NEAR_OPTIMAL
1444,Chris Olave,WR,Alvin Kamara / Bijan Robinson / Kendre Miller / Nick Muse / Tyler Shough,49800,49500-49900,2-4,1,104.4,136.6,150.33,168.98,0.055,1,1,EXACT_OR_NEAR_OPTIMAL
1785,Chris Olave,WR,Devaughn Vele / Drake London / Kevin Austin Jr. / Nick Folk / Tyler Shough,49800,49500-49900,2-4,1,100.6,136.29,146.63,171.61,0.055,1,1,EXACT_OR_NEAR_OPTIMAL
2212,Drake London,WR,Alvin Kamara / Chris Olave / Nick Folk / Olamide Zaccheaus / Tyler Shough,49800,49500-49900,3-3,1,102.09,135.43,145.56,166.11,0.055,0,1,FORCED_CAPTAIN
2493,Drake London,WR,Daniel Carlson / Juwan Johnson / Michael Penix Jr. / Saints / Tyler Shough,50000,50000,2-4,0,99.11,130.99,141.88,160.96,0.055,2,2,EXACT_OR_NEAR_OPTIMAL
2808,Juwan Johnson,TE,Alvin Kamara / Bijan Robinson / Nick Folk / Saints / Tyler Shough,49100,49000-49400,2-4,1,100.8,129.61,138.38,156.87,0.055,2,1,EXACT_OR_NEAR_OPTIMAL
2955,Juwan Johnson,TE,Bijan Robinson / Daniel Carlson / Falcons / Michael Penix Jr. / Tyler Shough,49900,49500-49900,3-3,0,102.26,131.52,140.99,160.05,0.055,2,1,EXACT_OR_NEAR_OPTIMAL
4298,Treyton Welch,TE,Alvin Kamara / Bijan Robinson / Chris Olave / Drake London / Tyler Shough,49500,49500-49900,2-4,1,108.27,138.82,150.06,171.72,0.055,0,2,FORCED_CAPTAIN
4619,Tyler Shough,QB,Alvin Kamara / Chris Olave / Devaughn Vele / Nick Folk / Saints,49600,49500-49900,1-5,1,98.45,131.72,141.9,159.41,0.055,1,2,EXACT_OR_NEAR_OPTIMAL
4778,Tyler Shough,QB,Bijan Robinson / Drake London / Juwan Johnson / Olamide Zaccheaus / Saints,49800,49500-49900,3-3,0,104.84,135.19,145.14,163.16,0.055,1,1,EXACT_OR_NEAR_OPTIMAL
643,Bijan Robinson,RB,Bryce Lance / Chris Olave / Drake London / Falcons / Nick Folk,49300,49000-49400,4-2,0,100.87,129.71,139.59,157.87,0.0545,3,1,EXACT_OR_NEAR_OPTIMAL
1397,Chris Olave,WR,Alvin Kamara / Austin Hooper / Daniel Carlson / Michael Penix Jr. / Tyler Shough,49400,49000-49400,2-4,1,102.2,135.97,145.87,165.62,0.0545,1,1,EXACT_OR_NEAR_OPTIMAL
1454,Chris Olave,WR,Alvin Kamara / Brian Robinson Jr. / Devaughn Vele / Nick Folk / Tyler Shough,49800,49500-49900,2-4,1,98.16,131.66,143.01,163.38,0.0545,1,1,EXACT_OR_NEAR_OPTIMAL
1501,Chris Olave,WR,Alvin Kamara / Daniel Carlson / Jahan Dotson / Michael Penix Jr. / Tyler Shough,49600,49500-49900,2-4,1,102.64,135.26,147.67,166.77,0.0545,1,1,EXACT_OR_NEAR_OPTIMAL
1566,Chris Olave,WR,Austin Hooper / Bijan Robinson / Daniel Carlson / Drake London / Saints,49800,49500-49900,3-3,0,103.31,132.36,141.59,163.05,0.0545,1,0,EXACT_OR_NEAR_OPTIMAL
2208,Drake London,WR,Alvin Kamara / Chris Olave / Juwan Johnson / Michael Penix Jr. / Oscar Delp,49600,49500-49900,2-4,0,102.3,136.1,146.69,166.05,0.0545,1,1,EXACT_OR_NEAR_OPTIMAL
4634,Tyler Shough,QB,Alvin Kamara / Chris Olave / Juwan Johnson / Kendre Miller / Nick Folk,50000,50000,1-5,1,100.81,135.86,145.89,164.52,0.0545,1,3,EXACT_OR_NEAR_OPTIMAL
4734,Tyler Shough,QB,Bijan Robinson / Bryce Lance / Chris Olave / Devaughn Vele / Jahan Dotson,49600,49500-49900,2-4,1,103.17,138.13,149.14,170.01,0.0545,1,1,EXACT_OR_NEAR_OPTIMAL
4813,Tyler Shough,QB,CJ Donaldson / Chris Olave / Drake London / Juwan Johnson / Saints,48200,48000-48900,1-5,1,102.59,137.55,148.21,167.61,0.0545,0,3,EXACT_OR_NEAR_OPTIMAL
4827,Tyler Shough,QB,Chris Olave / Daniel Carlson / Drake London / Nick Folk / Saints,49600,49500-49900,2-4,0,102.38,133.18,142.22,162.73,0.0545,2,0,EXACT_OR_NEAR_OPTIMAL
4844,Tyler Shough,QB,Chris Olave / Drake London / Michael Penix Jr. / Nick Folk / Nick Muse,49800,49500-49900,4-2,1,102.58,137.74,148.1,171.09,0.0545,0,2,FORCED_CAPTAIN
458,Bijan Robinson,RB,Alvin Kamara / Austin Hooper / Chris Olave / Juwan Johnson / Saints,49900,49500-49900,2-4,0,104.7,131.5,141.06,159.31,0.054,1,1,EXACT_OR_NEAR_OPTIMAL
479,Bijan Robinson,RB,Alvin Kamara / Brian Robinson Jr. / Falcons / Juwan Johnson / Tyler Shough,49100,49000-49400,3-3,1,101.57,129.83,139.01,158.14,0.054,1,2,EXACT_OR_NEAR_OPTIMAL
660,Bijan Robinson,RB,CJ Donaldson / Chris Olave / Falcons / Juwan Johnson / Michael Penix Jr.,49900,49500-49900,3-3,0,102.31,131.95,141.76,163.66,0.054,1,2,EXACT_OR_NEAR_OPTIMAL
1562,Chris Olave,WR,Austin Hooper / Bijan Robinson / CJ Donaldson / Devaughn Vele / Tyler Shough,49600,49500-49900,2-4,1,102.15,136.84,148.59,171.76,0.054,1,1,EXACT_OR_NEAR_OPTIMAL
2150,Drake London,WR,Alvin Kamara / Bijan Robinson / Chris Olave / Oscar Delp / Saints,49200,49000-49400,2-4,0,103.36,131.21,140.8,161.75,0.054,1,0,EXACT_OR_NEAR_OPTIMAL
2346,Drake London,WR,Bijan Robinson / Charlie Woerner / Chris Olave / Juwan Johnson / Saints,49800,49500-49900,3-3,0,104.78,134.26,143.09,162.21,0.054,1,1,EXACT_OR_NEAR_OPTIMAL
2465,Drake London,WR,Chris Olave / Juwan Johnson / Oscar Delp / Saints / Tyler Shough,47400,<48000,1-5,1,102.31,136.76,145.64,166.02,0.054,1,3,EXACT_OR_NEAR_OPTIMAL
2536,Falcons,DST,Alvin Kamara / Bijan Robinson / Chris Olave / Nick Folk / Tyler Shough,50000,50000,3-3,1,104.09,130.72,140.43,157.39,0.054,2,2,EXACT_OR_NEAR_OPTIMAL
4616,Tyler Shough,QB,Alvin Kamara / Chris Olave / Devaughn Vele / Juwan Johnson / Zachariah Branch,49800,49500-49900,1-5,1,100.95,137.98,149.06,168.71,0.054,1,2,EXACT_OR_NEAR_OPTIMAL
558,Bijan Robinson,RB,Alvin Kamara / Drake London / Oscar Delp / Saints / Tyler Shough,48900,48000-48900,2-4,1,103.16,132.0,140.5,155.73,0.0535,2,2,EXACT_OR_NEAR_OPTIMAL
1404,Chris Olave,WR,Alvin Kamara / Austin Hooper / Juwan Johnson / Saints / Tyler Shough,47200,<48000,1-5,1,100.97,134.83,145.15,165.14,0.0535,0,2,EXACT_OR_NEAR_OPTIMAL
1587,Chris Olave,WR,Austin Hooper / CJ Donaldson / Drake London / Michael Penix Jr. / Tyler Shough,49000,49000-49400,3-3,1,100.45,136.92,149.4,172.11,0.0535,1,2,EXACT_OR_NEAR_OPTIMAL
1610,Chris Olave,WR,Austin Hooper / Juwan Johnson / Michael Penix Jr. / Saints / Tyler Shough,49200,49000-49400,2-4,1,102.64,136.71,148.1,169.03,0.0535,1,2,EXACT_OR_NEAR_OPTIMAL
1741,Chris Olave,WR,Bryce Lance / Juwan Johnson / Michael Penix Jr. / Nick Folk / Tyler Shough,49400,49000-49400,2-4,1,103.02,138.45,150.43,170.27,0.0535,0,2,EXACT_OR_NEAR_OPTIMAL
2451,Drake London,WR,Chris Olave / Falcons / Jahan Dotson / Juwan Johnson / Tyler Shough,49400,49000-49400,3-3,1,104.0,137.43,148.13,166.89,0.0535,1,2,EXACT_OR_NEAR_OPTIMAL
2471,Drake London,WR,Chris Olave / Michael Penix Jr. / Saints / Treyton Welch / Tyler Shough,48800,48000-48900,2-4,1,100.32,134.14,145.15,169.66,0.0535,2,2,EXACT_OR_NEAR_OPTIMAL
2526,Falcons,DST,Alvin Kamara / Bijan Robinson / Chris Olave / Daniel Carlson / Drake London,49800,49500-49900,3-3,0,102.37,127.15,135.38,153.98,0.0535,1,0,EXACT_OR_NEAR_OPTIMAL
2888,Juwan Johnson,TE,Alvin Kamara / Drake London / Jahan Dotson / Michael Penix Jr. / Tyler Shough,49700,49500-49900,3-3,1,99.79,133.56,144.78,166.23,0.0535,1,2,EXACT_OR_NEAR_OPTIMAL
2993,Juwan Johnson,TE,Chris Olave / Daniel Carlson / Drake London / Olamide Zaccheaus / Tyler Shough,48300,48000-48900,2-4,1,103.4,138.42,147.87,167.36,0.0535,0,2,EXACT_OR_NEAR_OPTIMAL
4848,Tyler Shough,QB,Chris Olave / Jahan Dotson / Juwan Johnson / Michael Penix Jr. / Nick Folk,50000,50000,3-3,1,102.81,138.39,147.87,169.58,0.0535,2,3,EXACT_OR_NEAR_OPTIMAL
1441,Chris Olave,WR,Alvin Kamara / Bijan Robinson / Juwan Johnson / Nick Folk / Olamide Zaccheaus,49800,49500-49900,3-3,0,104.63,134.18,143.5,163.66,0.053,1,0,EXACT_OR_NEAR_OPTIMAL
1491,Chris Olave,WR,Alvin Kamara / Daniel Carlson / Drake London / Jahan Dotson / Michael Penix Jr.,50000,50000,3-3,1,100.19,132.4,143.17,162.98,0.053,2,2,EXACT_OR_NEAR_OPTIMAL
1597,Chris Olave,WR,Austin Hooper / Devaughn Vele / Drake London / Falcons / Tyler Shough,50000,50000,3-3,1,101.24,134.97,147.52,173.3,0.053,1,2,EXACT_OR_NEAR_OPTIMAL
1958,Daniel Carlson,K,Chris Olave / Drake London / Juwan Johnson / Saints / Tyler Shough,49200,49000-49400,1-5,1,103.75,134.5,143.25,158.82,0.053,1,3,EXACT_OR_NEAR_OPTIMAL
2142,Drake London,WR,Alvin Kamara / Bijan Robinson / Bryce Lance / Daniel Carlson / Michael Penix Jr.,49400,49000-49400,3-3,1,96.31,127.64,138.92,156.43,0.053,2,1,EXACT_OR_NEAR_OPTIMAL
3809,Olamide Zaccheaus,WR,Alvin Kamara / Bijan Robinson / Chris Olave / Juwan Johnson / Tyler Shough,49600,49500-49900,2-4,1,107.6,140.08,149.17,170.05,0.053,0,2,FORCED_CAPTAIN
4846,Tyler Shough,QB,Chris Olave / Drake London / Michael Penix Jr. / Oscar Delp / Saints,48800,48000-48900,2-4,1,102.7,136.96,147.05,169.63,0.053,1,2,EXACT_OR_NEAR_OPTIMAL
499,Bijan Robinson,RB,Alvin Kamara / Chris Olave / Daniel Carlson / Michael Penix Jr. / Nick Muse,49500,49500-49900,3-3,1,102.3,130.17,141.05,160.25,0.0525,1,2,EXACT_OR_NEAR_OPTIMAL
527,Bijan Robinson,RB,Alvin Kamara / Daniel Carlson / Drake London / Kevin Austin Jr. / Michael Penix Jr.,49300,49000-49400,3-3,1,97.37,127.67,138.54,154.99,0.0525,2,2,EXACT_OR_NEAR_OPTIMAL
668,Bijan Robinson,RB,Charlie Woerner / Chris Olave / Falcons / Juwan Johnson / Michael Penix Jr.,49100,49000-49400,4-2,1,102.17,132.05,141.54,163.66,0.0525,1,3,EXACT_OR_NEAR_OPTIMAL
671,Bijan Robinson,RB,Charlie Woerner / Drake London / Jahan Dotson / Michael Penix Jr. / Tyler Shough,49900,49500-49900,5-1,1,101.28,133.8,146.03,165.26,0.0525,1,4,EXACT_OR_NEAR_OPTIMAL
2194,Drake London,WR,Alvin Kamara / Chris Olave / Daniel Carlson / Jahan Dotson / Michael Penix Jr.,49600,49500-49900,3-3,1,97.36,128.99,139.7,162.14,0.0525,3,1,EXACT_OR_NEAR_OPTIMAL
2931,Juwan Johnson,TE,Bijan Robinson / Chris Olave / Daniel Carlson / Drake London / Kevin Austin Jr.,49300,49000-49400,2-4,0,105.29,135.01,144.83,162.88,0.0525,1,1,EXACT_OR_NEAR_OPTIMAL
4631,Tyler Shough,QB,Alvin Kamara / Chris Olave / Jahan Dotson / Juwan Johnson / Nick Folk,48000,48000-48900,2-4,1,101.14,136.11,145.48,165.5,0.0525,0,1,EXACT_OR_NEAR_OPTIMAL
4707,Tyler Shough,QB,Austin Hooper / Chris Olave / Devaughn Vele / Drake London / Saints,50000,50000,2-4,1,100.57,135.48,145.9,166.55,0.0525,2,2,EXACT_OR_NEAR_OPTIMAL
4828,Tyler Shough,QB,Chris Olave / Daniel Carlson / Jahan Dotson / Juwan Johnson / Michael Penix Jr.,49400,49000-49400,2-4,1,103.54,138.19,147.46,166.8,0.0525,0,2,EXACT_OR_NEAR_OPTIMAL
4833,Tyler Shough,QB,Chris Olave / Devaughn Vele / Juwan Johnson / Michael Penix Jr. / Nick Muse,49600,49500-49900,2-4,1,101.89,138.05,149.01,171.42,0.0525,1,2,EXACT_OR_NEAR_OPTIMAL
679,Bijan Robinson,RB,Chris Olave / Daniel Carlson / Drake London / Kevin Austin Jr. / Nick Folk,49500,49500-49900,3-3,0,101.92,131.0,140.65,158.67,0.052,1,1,EXACT_OR_NEAR_OPTIMAL
749,Bijan Robinson,RB,Daniel Carlson / Juwan Johnson / Kevin Austin Jr. / Michael Penix Jr. / Tyler Shough,49300,49000-49400,2-4,1,102.33,132.78,142.47,161.19,0.052,1,3,EXACT_OR_NEAR_OPTIMAL
1425,Chris Olave,WR,Alvin Kamara / Bijan Robinson / Daniel Carlson / Michael Penix Jr. / Oscar Delp,49200,49000-49400,2-4,0,103.58,133.1,143.58,162.84,0.052,1,0,EXACT_OR_NEAR_OPTIMAL
1600,Chris Olave,WR,Austin Hooper / Devaughn Vele / Juwan Johnson / Nick Folk / Tyler Shough,49200,49000-49400,2-4,1,99.66,134.79,146.63,168.85,0.052,1,1,EXACT_OR_NEAR_OPTIMAL
1670,Chris Olave,WR,Bijan Robinson / Daniel Carlson / Juwan Johnson / Michael Penix Jr. / Nick Muse,49400,49000-49400,3-3,1,104.63,134.82,145.85,167.29,0.052,1,2,EXACT_OR_NEAR_OPTIMAL
1790,Chris Olave,WR,Devaughn Vele / Falcons / Juwan Johnson / Saints / Tyler Shough,48800,48000-48900,1-5,1,100.3,134.23,143.49,166.74,0.052,4,2,EXACT_OR_NEAR_OPTIMAL
2122,Drake London,WR,Alvin Kamara / Austin Hooper / Chris Olave / Daniel Carlson / Michael Penix Jr.,49400,49000-49400,3-3,1,96.91,128.99,141.04,161.7,0.052,0,1,EXACT_OR_NEAR_OPTIMAL
2325,Drake London,WR,Barion Brown / Chris Olave / Michael Penix Jr. / Saints / Tyler Shough,49800,49500-49900,2-4,1,100.21,134.05,145.36,170.77,0.052,1,2,EXACT_OR_NEAR_OPTIMAL
2380,Drake London,WR,Bijan Robinson / Falcons / Michael Penix Jr. / Oscar Delp / Tyler Shough,49400,49000-49400,4-2,1,100.89,133.64,142.68,160.89,0.052,1,2,EXACT_OR_NEAR_OPTIMAL
2782,Juwan Johnson,TE,Alvin Kamara / Austin Hooper / Drake London / Michael Penix Jr. / Tyler Shough,49500,49500-49900,3-3,1,99.34,133.54,143.77,167.45,0.052,1,2,EXACT_OR_NEAR_OPTIMAL
4785,Tyler Shough,QB,Brian Robinson Jr. / Bryce Lance / Chris Olave / Drake London / Michael Penix Jr.,49800,49500-49900,3-3,1,102.04,137.64,149.3,173.71,0.052,0,2,EXACT_OR_NEAR_OPTIMAL
4804,Tyler Shough,QB,Bryce Lance / Chris Olave / Devaughn Vele / Drake London / Saints,49000,49000-49400,1-5,1,99.62,133.8,146.85,166.68,0.052,1,2,EXACT_OR_NEAR_OPTIMAL
4806,Tyler Shough,QB,Bryce Lance / Chris Olave / Drake London / Jahan Dotson / Michael Penix Jr.,49000,49000-49400,3-3,1,101.47,137.15,149.2,169.82,0.052,0,2,FORCED_CAPTAIN
483,Bijan Robinson,RB,Alvin Kamara / Bryce Lance / Daniel Carlson / Michael Penix Jr. / Tyler Shough,49900,49500-49900,2-4,1,101.77,131.08,139.18,158.43,0.0515,1,2,EXACT_OR_NEAR_OPTIMAL
569,Bijan Robinson,RB,Austin Hooper / Brian Robinson Jr. / Chris Olave / Daniel Carlson / Drake London,49900,49500-49900,4-2,0,101.59,130.84,139.97,159.84,0.0515,0,1,FORCED_CAPTAIN
737,Bijan Robinson,RB,Daniel Carlson / Drake London / Falcons / Saints / Tyler Shough,49900,49500-49900,3-3,0,102.24,126.78,134.09,150.78,0.0515,1,1,EXACT_OR_NEAR_OPTIMAL
1424,Chris Olave,WR,Alvin Kamara / Bijan Robinson / Daniel Carlson / Juwan Johnson / Olamide Zaccheaus,49200,49000-49400,2-4,0,105.37,133.73,142.29,165.76,0.0515,1,0,EXACT_OR_NEAR_OPTIMAL
1639,Chris Olave,WR,Bijan Robinson / Bryce Lance / Daniel Carlson / Falcons / Tyler Shough,47800,<48000,2-4,1,103.88,133.76,146.36,166.83,0.0515,1,1,EXACT_OR_NEAR_OPTIMAL
2379,Drake London,WR,Bijan Robinson / Falcons / Jahan Dotson / Juwan Johnson / Michael Penix Jr.,49800,49500-49900,5-1,1,97.21,129.71,138.81,160.98,0.0515,3,3,EXACT_OR_NEAR_OPTIMAL
2806,Juwan Johnson,TE,Alvin Kamara / Bijan Robinson / Kevin Austin Jr. / Michael Penix Jr. / Tyler Shough,49300,49000-49400,2-4,1,102.46,135.43,144.49,163.56,0.0515,2,2,EXACT_OR_NEAR_OPTIMAL
585,Bijan Robinson,RB,Austin Hooper / Chris Olave / Devaughn Vele / Kevin Austin Jr. / Tyler Shough,49500,49500-49900,2-4,1,102.56,134.17,146.66,168.32,0.051,0,2,FORCED_CAPTAIN
637,Bijan Robinson,RB,Bryce Lance / Chris Olave / Daniel Carlson / Drake London / Saints,49300,49000-49400,2-4,0,102.54,130.63,138.77,156.48,0.051,2,1,EXACT_OR_NEAR_OPTIMAL
676,Bijan Robinson,RB,Chris Blair / Chris Olave / Falcons / Juwan Johnson / Michael Penix Jr.,49500,49500-49900,4-2,1,101.94,131.52,141.37,163.66,0.051,1,3,EXACT_OR_NEAR_OPTIMAL
695,Bijan Robinson,RB,Chris Olave / Daniel Carlson / Olamide Zaccheaus / Saints / Tyler Shough,49100,49000-49400,2-4,0,104.72,132.53,142.66,160.8,0.051,1,1,EXACT_OR_NEAR_OPTIMAL
1432,Chris Olave,WR,Alvin Kamara / Bijan Robinson / Falcons / Jahan Dotson / Juwan Johnson,49000,49000-49400,3-3,0,104.04,132.07,141.25,161.96,0.051,1,0,EXACT_OR_NEAR_OPTIMAL
1514,Chris Olave,WR,Alvin Kamara / Devaughn Vele / Michael Penix Jr. / Nick Muse / Tyler Shough,49800,49500-49900,2-4,1,100.99,135.91,148.1,169.85,0.051,1,1,EXACT_OR_NEAR_OPTIMAL
1570,Chris Olave,WR,Austin Hooper / Bijan Robinson / Devaughn Vele / Kevin Austin Jr. / Tyler Shough,49000,49000-49400,2-4,1,102.38,137.12,148.82,172.11,0.051,1,1,EXACT_OR_NEAR_OPTIMAL
1665,Chris Olave,WR,Bijan Robinson / Daniel Carlson / Drake London / Nick Folk / Oscar Delp,48600,48000-48900,3-3,0,102.46,132.0,141.74,162.83,0.051,1,0,EXACT_OR_NEAR_OPTIMAL
1754,Chris Olave,WR,Daniel Carlson / Devaughn Vele / Jahan Dotson / Juwan Johnson / Tyler Shough,48800,48000-48900,1-5,1,100.84,136.27,145.38,168.7,0.051,0,2,EXACT_OR_NEAR_OPTIMAL
2441,Drake London,WR,Chris Olave / Daniel Carlson / Nick Folk / Saints / Tyler Shough,49800,49500-49900,2-4,0,101.16,130.98,140.73,161.9,0.051,1,0,EXACT_OR_NEAR_OPTIMAL
600,Bijan Robinson,RB,Austin Hooper / Drake London / Kevin Austin Jr. / Michael Penix Jr. / Tyler Shough,49900,49500-49900,4-2,1,101.2,133.84,145.31,164.75,0.0505,1,3,EXACT_OR_NEAR_OPTIMAL
680,Bijan Robinson,RB,Chris Olave / Daniel Carlson / Drake London / Olamide Zaccheaus / Saints,49500,49500-49900,3-3,0,102.26,130.14,138.87,154.91,0.0505,1,1,EXACT_OR_NEAR_OPTIMAL
1787,Chris Olave,WR,Devaughn Vele / Drake London / Olamide Zaccheaus / Saints / Tyler Shough,49800,49500-49900,2-4,1,100.95,135.2,147.23,169.2,0.0505,2,1,EXACT_OR_NEAR_OPTIMAL
2153,Drake London,WR,Alvin Kamara / Bijan Robinson / Daniel Carlson / Michael Penix Jr. / Olamide Zaccheaus,49600,49500-49900,4-2,1,96.04,127.68,138.49,157.39,0.0505,1,1,EXACT_OR_NEAR_OPTIMAL
2779,Juwan Johnson,TE,Alvin Kamara / Austin Hooper / Chris Olave / Devaughn Vele / Tyler Shough,49100,49000-49400,1-5,1,100.7,134.83,145.91,166.61,0.0505,1,2,EXACT_OR_NEAR_OPTIMAL
2877,Juwan Johnson,TE,Alvin Kamara / Devaughn Vele / Drake London / Saints / Tyler Shough,49700,49500-49900,1-5,1,97.94,131.0,140.58,160.34,0.0505,2,2,EXACT_OR_NEAR_OPTIMAL
4684,Tyler Shough,QB,Alvin Kamara / Drake London / Juwan Johnson / Michael Penix Jr. / Oscar Delp,48200,48000-48900,2-4,1,100.32,134.64,144.94,165.61,0.0505,1,2,EXACT_OR_NEAR_OPTIMAL
477,Bijan Robinson,RB,Alvin Kamara / Brian Robinson Jr. / Drake London / Falcons / Juwan Johnson,49500,49500-49900,4-2,0,99.11,127.24,136.04,152.03,0.05,2,1,EXACT_OR_NEAR_OPTIMAL
682,Bijan Robinson,RB,Chris Olave / Daniel Carlson / Falcons / Jahan Dotson / Michael Penix Jr.,48900,48000-48900,4-2,1,98.32,127.21,137.98,156.96,0.05,1,2,EXACT_OR_NEAR_OPTIMAL
961,Bryce Lance,WR,Bijan Robinson / Chris Olave / Daniel Carlson / Drake London / Tyler Shough,49700,49500-49900,2-4,1,106.79,137.07,146.61,167.44,0.05,1,2,EXACT_OR_NEAR_OPTIMAL
1485,Chris Olave,WR,Alvin Kamara / Daniel Carlson / Devaughn Vele / Falcons / Tyler Shough,49000,49000-49400,1-5,1,99.86,131.05,141.17,161.55,0.05,0,2,EXACT_OR_NEAR_OPTIMAL
1576,Chris Olave,WR,Austin Hooper / Bijan Robinson / Falcons / Saints / Tyler Shough,48200,48000-48900,3-3,0,102.77,132.8,144.95,164.3,0.05,1,0,EXACT_OR_NEAR_OPTIMAL
1748,Chris Olave,WR,Chris Blair / Drake London / Jahan Dotson / Michael Penix Jr. / Tyler Shough,48800,48000-48900,4-2,1,100.53,136.71,149.22,173.78,0.05,0,2,EXACT_OR_NEAR_OPTIMAL
1807,Chris Olave,WR,Drake London / Falcons / Nick Folk / Saints / Tyler Shough,49000,49000-49400,3-3,0,100.99,131.88,142.73,163.25,0.05,2,0,EXACT_OR_NEAR_OPTIMAL
1887,Daniel Carlson,K,Austin Hooper / Bijan Robinson / Chris Olave / Drake London / Juwan Johnson,50000,50000,3-3,0,104.4,132.45,141.05,160.9,0.05,0,2,FORCED_CAPTAIN
1917,Daniel Carlson,K,Bijan Robinson / Chris Olave / Drake London / Michael Penix Jr. / Oscar Delp,49200,49000-49400,3-3,1,101.39,131.87,141.87,158.79,0.05,0,2,FORCED_CAPTAIN
2155,Drake London,WR,Alvin Kamara / Bijan Robinson / Daniel Carlson / Oscar Delp / Tyler Shough,48600,48000-48900,2-4,1,102.21,131.74,141.31,157.56,0.05,1,1,EXACT_OR_NEAR_OPTIMAL
2354,Drake London,WR,Bijan Robinson / Chris Olave / Falcons / Juwan Johnson / Nick Muse,48800,48000-48900,4-2,0,103.48,133.18,142.85,164.17,0.05,1,1,EXACT_OR_NEAR_OPTIMAL
2796,Juwan Johnson,TE,Alvin Kamara / Bijan Robinson / Devaughn Vele / Olamide Zaccheaus / Tyler Shough,49300,49000-49400,2-4,1,99.82,131.78,141.0,163.29,0.05,3,1,EXACT_OR_NEAR_OPTIMAL
2799,Juwan Johnson,TE,Alvin Kamara / Bijan Robinson / Drake London / Michael Penix Jr. / Oscar Delp,49300,49000-49400,3-3,1,100.72,132.81,142.08,158.98,0.05,1,2,EXACT_OR_NEAR_OPTIMAL
2905,Juwan Johnson,TE,Austin Hooper / Bijan Robinson / Drake London / Saints / Tyler Shough,49500,49500-49900,3-3,0,102.91,133.5,143.2,164.47,0.05,0,1,FORCED_CAPTAIN
2963,Juwan Johnson,TE,Bijan Robinson / Devaughn Vele / Michael Penix Jr. / Oscar Delp / Tyler Shough,49700,49500-49900,2-4,1,100.54,134.39,144.13,165.68,0.05,2,2,EXACT_OR_NEAR_OPTIMAL
4801,Tyler Shough,QB,Bryce Lance / Chris Olave / Daniel Carlson / Devaughn Vele / Drake London,49600,49500-49900,1-5,1,101.68,136.89,147.38,166.8,0.05,2,2,EXACT_OR_NEAR_OPTIMAL
489,Bijan Robinson,RB,Alvin Kamara / CJ Donaldson / Daniel Carlson / Drake London / Michael Penix Jr.,49900,49500-49900,3-3,1,97.14,127.45,138.52,155.34,0.0495,1,2,EXACT_OR_NEAR_OPTIMAL
495,Bijan Robinson,RB,Alvin Kamara / Chris Olave / Daniel Carlson / Falcons / Saints,48100,48000-48900,2-4,0,99.11,122.47,131.89,148.58,0.0495,1,1,EXACT_OR_NEAR_OPTIMAL
769,Bijan Robinson,RB,Drake London / Jahan Dotson / Michael Penix Jr. / Treyton Welch / Tyler Shough,49500,49500-49900,4-2,1,101.21,133.8,145.07,165.06,0.0495,1,3,EXACT_OR_NEAR_OPTIMAL
1411,Chris Olave,WR,Alvin Kamara / Bijan Robinson / Brian Robinson Jr. / Drake London / Oscar Delp,49200,49000-49400,3-3,0,104.3,135.64,145.36,167.9,0.0495,1,0,EXACT_OR_NEAR_OPTIMAL
1426,Chris Olave,WR,Alvin Kamara / Bijan Robinson / Daniel Carlson / Nick Folk / Saints,49400,49000-49400,2-4,0,101.2,126.64,134.7,153.08,0.0495,2,0,EXACT_OR_NEAR_OPTIMAL
1449,Chris Olave,WR,Alvin Kamara / Brian Robinson Jr. / Bryce Lance / Drake London / Tyler Shough,48400,48000-48900,2-4,1,101.97,137.77,147.14,171.62,0.0495,1,1,EXACT_OR_NEAR_OPTIMAL
1522,Chris Olave,WR,Alvin Kamara / Drake London / Falcons / Michael Penix Jr. / Saints,50000,50000,3-3,0,99.65,129.36,140.5,159.27,0.0495,3,1,EXACT_OR_NEAR_OPTIMAL
3641,Nick Folk,K,Bijan Robinson / Chris Olave / Juwan Johnson / Oscar Delp / Tyler Shough,48100,48000-48900,2-4,1,103.58,135.09,144.96,168.26,0.0495,1,2,EXACT_OR_NEAR_OPTIMAL
4694,Tyler Shough,QB,Austin Hooper / Bijan Robinson / Chris Blair / Chris Olave / Michael Penix Jr.,49800,49500-49900,4-2,1,104.49,138.34,150.07,173.44,0.0495,0,2,FORCED_CAPTAIN
4733,Tyler Shough,QB,Bijan Robinson / Bryce Lance / Chris Olave / Daniel Carlson / Nick Folk,49000,49000-49400,2-4,1,104.54,135.04,145.84,164.43,0.0495,1,1,EXACT_OR_NEAR_OPTIMAL
4742,Tyler Shough,QB,Bijan Robinson / Charlie Woerner / Drake London / Juwan Johnson / Nick Folk,49600,49500-49900,4-2,0,104.13,137.14,144.46,162.47,0.0495,1,1,EXACT_OR_NEAR_OPTIMAL
4790,Tyler Shough,QB,Brian Robinson Jr. / Chris Olave / Drake London / Michael Penix Jr. / Olamide Zaccheaus,50000,50000,4-2,1,101.76,135.92,148.9,171.37,0.0495,1,3,EXACT_OR_NEAR_OPTIMAL
136,Alvin Kamara,RB,Chris Olave / Daniel Carlson / Juwan Johnson / Nick Folk / Tyler Shough,48500,48000-48900,1-5,1,101.26,132.08,141.48,158.54,0.049,0,2,FORCED_CAPTAIN
496,Bijan Robinson,RB,Alvin Kamara / Chris Olave / Daniel Carlson / Juwan Johnson / Kevin Austin Jr.,48500,48000-48900,1-5,0,103.87,132.52,140.74,159.71,0.049,1,2,EXACT_OR_NEAR_OPTIMAL
557,Bijan Robinson,RB,Alvin Kamara / Drake London / Nick Folk / Nick Muse / Tyler Shough,49900,49500-49900,4-2,0,103.03,132.95,141.68,157.57,0.049,1,1,EXACT_OR_NEAR_OPTIMAL
665,Bijan Robinson,RB,Charlie Woerner / Chris Olave / Drake London / Kevin Austin Jr. / Michael Penix Jr.,48900,48000-48900,4-2,1,101.15,135.08,146.03,167.6,0.049,1,3,EXACT_OR_NEAR_OPTIMAL
1531,Chris Olave,WR,Alvin Kamara / Drake London / Kyle Pitts Sr. / Oscar Delp / Tyler Shough,49000,49000-49400,2-4,1,101.22,136.34,146.92,172.44,0.049,0,1,EXACT_OR_NEAR_OPTIMAL
1588,Chris Olave,WR,Austin Hooper / Daniel Carlson / Devaughn Vele / Juwan Johnson / Tyler Shough,48600,48000-48900,1-5,1,100.39,134.88,147.35,168.64,0.049,2,2,EXACT_OR_NEAR_OPTIMAL
2302,Drake London,WR,Austin Hooper / Chris Olave / Daniel Carlson / Juwan Johnson / Michael Penix Jr.,49800,49500-49900,3-3,1,99.42,132.93,142.88,163.82,0.049,1,2,EXACT_OR_NEAR_OPTIMAL
2308,Drake London,WR,Austin Hooper / Chris Olave / Falcons / Juwan Johnson / Tyler Shough,49200,49000-49400,3-3,1,103.55,137.24,148.25,164.79,0.049,1,2,EXACT_OR_NEAR_OPTIMAL
2328,Drake London,WR,Bijan Robinson / Brian Robinson Jr. / Chris Olave / Daniel Carlson / Falcons,49800,49500-49900,4-2,0,100.55,129.72,137.91,157.42,0.049,0,0,FORCED_CAPTAIN
2950,Juwan Johnson,TE,Bijan Robinson / Daniel Carlson / Devaughn Vele / Saints / Tyler Shough,49300,49000-49400,1-5,1,98.89,128.19,138.5,160.28,0.049,3,2,EXACT_OR_NEAR_OPTIMAL
4130,Saints,DST,Bijan Robinson / Daniel Carlson / Drake London / Juwan Johnson / Tyler Shough,49900,49500-49900,2-4,0,103.06,129.89,137.93,154.15,0.049,2,1,EXACT_OR_NEAR_OPTIMAL
4788,Tyler Shough,QB,Brian Robinson Jr. / Chris Olave / Devaughn Vele / Juwan Johnson / Nick Folk,49600,49500-49900,2-4,1,99.06,135.43,145.44,166.93,0.049,1,1,EXACT_OR_NEAR_OPTIMAL
490,Bijan Robinson,RB,Alvin Kamara / Charlie Woerner / Chris Olave / Daniel Carlson / Juwan Johnson,48300,48000-48900,2-4,0,103.5,131.71,140.9,160.12,0.0485,1,1,EXACT_OR_NEAR_OPTIMAL
512,Bijan Robinson,RB,Alvin Kamara / Chris Olave / Falcons / Michael Penix Jr. / Oscar Delp,48500,48000-48900,3-3,0,100.75,129.07,139.42,158.79,0.0485,1,1,EXACT_OR_NEAR_OPTIMAL
1543,Chris Olave,WR,Alvin Kamara / Falcons / Michael Penix Jr. / Saints / Tyler Shough,49600,49500-49900,2-4,1,102.1,133.64,143.5,164.35,0.0485,1,1,EXACT_OR_NEAR_OPTIMAL
1555,Chris Olave,WR,Austin Hooper / Barion Brown / Drake London / Michael Penix Jr. / Tyler Shough,48800,48000-48900,3-3,1,100.13,136.23,148.98,171.81,0.0485,0,2,EXACT_OR_NEAR_OPTIMAL
1687,Chris Olave,WR,Bijan Robinson / Drake London / Jahan Dotson / Juwan Johnson / Oscar Delp,48800,48000-48900,3-3,0,106.24,138.02,148.01,169.43,0.0485,1,1,EXACT_OR_NEAR_OPTIMAL
2144,Drake London,WR,Alvin Kamara / Bijan Robinson / Bryce Lance / Saints / Tyler Shough,49400,49000-49400,2-4,1,101.38,130.11,140.46,156.2,0.0485,1,1,EXACT_OR_NEAR_OPTIMAL
2964,Juwan Johnson,TE,Bijan Robinson / Devaughn Vele / Nick Folk / Saints / Tyler Shough,49900,49500-49900,2-4,1,98.16,128.42,137.89,160.86,0.0485,2,1,EXACT_OR_NEAR_OPTIMAL
3691,Nick Muse,TE,Alvin Kamara / Bijan Robinson / Chris Olave / Drake London / Tyler Shough,49500,49500-49900,3-3,1,107.83,138.22,149.35,170.99,0.0485,0,2,FORCED_CAPTAIN
4148,Saints,DST,Chris Olave / Daniel Carlson / Drake London / Juwan Johnson / Tyler Shough,48900,48000-48900,1-5,1,102.72,133.62,141.5,161.09,0.0485,0,3,EXACT_OR_NEAR_OPTIMAL
4705,Tyler Shough,QB,Austin Hooper / Chris Olave / Daniel Carlson / Juwan Johnson / Michael Penix Jr.,49200,49000-49400,2-4,1,103.1,137.7,147.0,166.54,0.0485,1,2,EXACT_OR_NEAR_OPTIMAL
4729,Tyler Shough,QB,Bijan Robinson / Brian Robinson Jr. / Chris Olave / Michael Penix Jr. / Nick Muse,50000,50000,4-2,1,105.37,138.13,150.38,173.45,0.0485,0,3,FORCED_CAPTAIN
551,Bijan Robinson,RB,Alvin Kamara / Drake London / Falcons / Olamide Zaccheaus / Tyler Shough,49900,49500-49900,4-2,0,103.17,131.85,140.1,154.67,0.048,1,1,EXACT_OR_NEAR_OPTIMAL
609,Bijan Robinson,RB,Brian Robinson Jr. / Bryce Lance / Drake London / Juwan Johnson / Michael Penix Jr.,49700,49500-49900,4-2,1,97.87,129.89,140.3,158.97,0.048,1,3,EXACT_OR_NEAR_OPTIMAL
735,Bijan Robinson,RB,Daniel Carlson / Drake London / Falcons / Juwan Johnson / Nick Folk,48900,48000-48900,4-2,0,97.28,124.24,133.4,150.77,0.048,1,1,EXACT_OR_NEAR_OPTIMAL
767,Bijan Robinson,RB,Drake London / Jahan Dotson / Michael Penix Jr. / Nick Muse / Tyler Shough,49500,49500-49900,5-1,1,100.92,133.61,144.37,164.44,0.048,1,4,EXACT_OR_NEAR_OPTIMAL
1509,Chris Olave,WR,Alvin Kamara / Devaughn Vele / Jahan Dotson / Nick Folk / Tyler Shough,49000,49000-49400,2-4,1,97.6,130.83,142.71,164.16,0.048,0,1,EXACT_OR_NEAR_OPTIMAL
1539,Chris Olave,WR,Alvin Kamara / Falcons / Juwan Johnson / Kyle Pitts Sr. / Tyler Shough,49600,49500-49900,2-4,1,101.53,134.9,144.3,169.04,0.048,1,1,EXACT_OR_NEAR_OPTIMAL
1621,Chris Olave,WR,Bijan Robinson / Brian Robinson Jr. / Bryce Lance / Nick Folk / Tyler Shough,48600,48000-48900,3-3,1,102.19,135.47,145.97,166.15,0.048,1,1,EXACT_OR_NEAR_OPTIMAL
1640,Chris Olave,WR,Bijan Robinson / Bryce Lance / Daniel Carlson / Kyle Pitts Sr. / Tyler Shough,50000,50000,2-4,1,103.4,135.95,147.12,168.62,0.048,3,2,EXACT_OR_NEAR_OPTIMAL
1675,Chris Olave,WR,Bijan Robinson / Devaughn Vele / Drake London / Falcons / Oscar Delp,49800,49500-49900,3-3,0,102.62,133.11,145.28,162.08,0.048,1,0,EXACT_OR_NEAR_OPTIMAL
1788,Chris Olave,WR,Devaughn Vele / Drake London / Oscar Delp / Saints / Tyler Shough,48200,48000-48900,1-5,1,100.0,134.32,146.74,170.06,0.048,2,2,EXACT_OR_NEAR_OPTIMAL
1926,Daniel Carlson,K,Bijan Robinson / Chris Olave / Juwan Johnson / Olamide Zaccheaus / Tyler Shough,48800,48000-48900,2-4,1,105.63,135.94,144.9,164.4,0.048,0,2,FORCED_CAPTAIN
2004,Devaughn Vele,WR,Alvin Kamara / Chris Olave / Drake London / Oscar Delp / Tyler Shough,49500,49500-49900,1-5,1,99.79,133.87,143.82,164.95,0.048,2,2,EXACT_OR_NEAR_OPTIMAL
2058,Devaughn Vele,WR,Bijan Robinson / Chris Olave / Nick Folk / Oscar Delp / Tyler Shough,49700,49500-49900,2-4,1,100.01,133.57,143.49,162.35,0.048,3,1,EXACT_OR_NEAR_OPTIMAL
2431,Drake London,WR,Chris Olave / Daniel Carlson / Jahan Dotson / Juwan Johnson / Michael Penix Jr.,50000,50000,3-3,1,99.86,133.31,143.09,162.21,0.048,2,3,EXACT_OR_NEAR_OPTIMAL
2951,Juwan Johnson,TE,Bijan Robinson / Daniel Carlson / Drake London / Jahan Dotson / Michael Penix Jr.,49700,49500-49900,4-2,1,98.29,129.75,139.46,156.63,0.048,2,2,EXACT_OR_NEAR_OPTIMAL
3992,Oscar Delp,TE,Bijan Robinson / Chris Olave / Drake London / Juwan Johnson / Michael Penix Jr.,49600,49500-49900,3-3,1,105.38,137.41,147.12,164.41,0.048,0,3,FORCED_CAPTAIN
4542,Tyler Shough,QB,Alvin Kamara / Bijan Robinson / Brian Robinson Jr. / Daniel Carlson / Juwan Johnson,49200,49000-49400,2-4,1,102.78,133.1,140.51,159.16,0.048,1,1,EXACT_OR_NEAR_OPTIMAL
4779,Tyler Shough,QB,Bijan Robinson / Drake London / Juwan Johnson / Oscar Delp / Saints,48200,48000-48900,2-4,1,103.89,133.73,144.67,162.54,0.048,0,2,FORCED_CAPTAIN
469,Bijan Robinson,RB,Alvin Kamara / Brian Robinson Jr. / Chris Olave / Daniel Carlson / Nick Folk,49500,49500-49900,3-3,0,99.48,125.64,134.94,150.64,0.0475,1,1,EXACT_OR_NEAR_OPTIMAL
630,Bijan Robinson,RB,Brian Robinson Jr. / Drake London / Juwan Johnson / Michael Penix Jr. / Olamide Zaccheaus,49900,49500-49900,5-1,1,97.59,129.5,140.54,157.48,0.0475,1,4,EXACT_OR_NEAR_OPTIMAL
2610,Falcons,DST,Bijan Robinson / Chris Olave / Drake London / Juwan Johnson / Saints,49600,49500-49900,3-3,0,102.81,128.43,136.66,153.99,0.0475,0,1,FORCED_CAPTAIN
2956,Juwan Johnson,TE,Bijan Robinson / Daniel Carlson / Jahan Dotson / Michael Penix Jr. / Tyler Shough,49300,49000-49400,3-3,1,100.74,133.17,140.52,161.46,0.0475,1,2,EXACT_OR_NEAR_OPTIMAL
2996,Juwan Johnson,TE,Chris Olave / Daniel Carlson / Michael Penix Jr. / Saints / Tyler Shough,49500,49500-49900,1-5,1,102.85,135.07,144.79,161.01,0.0475,2,3,EXACT_OR_NEAR_OPTIMAL
3488,Michael Penix Jr.,QB,Bijan Robinson / Chris Olave / Drake London / Falcons / Treyton Welch,49900,49500-49900,4-2,1,100.6,132.51,143.47,161.8,0.0475,1,2,EXACT_OR_NEAR_OPTIMAL
511,Bijan Robinson,RB,Alvin Kamara / Chris Olave / Falcons / Juwan Johnson / Olamide Zaccheaus,48500,48000-48900,3-3,0,102.54,130.27,138.7,159.36,0.047,1,1,EXACT_OR_NEAR_OPTIMAL
537,Bijan Robinson,RB,Alvin Kamara / Daniel Carlson / Juwan Johnson / Olamide Zaccheaus / Tyler Shough,48500,48000-48900,2-4,1,102.33,131.46,139.91,157.57,0.047,3,2,EXACT_OR_NEAR_OPTIMAL
2158,Drake London,WR,Alvin Kamara / Bijan Robinson / Falcons / Juwan Johnson / Saints,49000,49000-49400,3-3,0,98.0,124.66,133.21,148.84,0.047,2,0,EXACT_OR_NEAR_OPTIMAL
2190,Drake London,WR,Alvin Kamara / Charlie Woerner / Juwan Johnson / Michael Penix Jr. / Tyler Shough,48600,48000-48900,3-3,1,98.01,133.23,143.5,164.74,0.047,0,2,EXACT_OR_NEAR_OPTIMAL
2199,Drake London,WR,Alvin Kamara / Chris Olave / Daniel Carlson / Oscar Delp / Tyler Shough,47600,<48000,1-5,1,101.87,133.89,143.5,163.13,0.047,1,2,EXACT_OR_NEAR_OPTIMAL
2454,Drake London,WR,Chris Olave / Falcons / Juwan Johnson / Michael Penix Jr. / Saints,50000,50000,3-3,0,99.32,130.15,139.92,157.77,0.047,3,2,EXACT_OR_NEAR_OPTIMAL
2537,Falcons,DST,Alvin Kamara / Bijan Robinson / Chris Olave / Saints / Tyler Shough,48800,48000-48900,2-4,1,102.76,127.59,137.45,154.17,0.047,1,1,EXACT_OR_NEAR_OPTIMAL
2785,Juwan Johnson,TE,Alvin Kamara / Bijan Robinson / Bryce Lance / Devaughn Vele / Tyler Shough,49100,49000-49400,1-5,1,100.1,132.76,141.92,164.17,0.047,1,2,EXACT_OR_NEAR_OPTIMAL
2792,Juwan Johnson,TE,Alvin Kamara / Bijan Robinson / Daniel Carlson / Drake London / Saints,48900,48000-48900,2-4,0,99.08,125.65,133.98,149.54,0.047,1,0,EXACT_OR_NEAR_OPTIMAL
70,Alvin Kamara,RB,Bijan Robinson / Daniel Carlson / Juwan Johnson / Nick Folk / Tyler Shough,49500,49500-49900,2-4,1,101.61,129.81,137.64,152.4,0.0465,1,1,EXACT_OR_NEAR_OPTIMAL
613,Bijan Robinson,RB,Brian Robinson Jr. / Chris Olave / Daniel Carlson / Falcons / Juwan Johnson,48100,48000-48900,3-3,0,99.72,127.6,137.15,154.04,0.0465,1,1,EXACT_OR_NEAR_OPTIMAL
2608,Falcons,DST,Bijan Robinson / Chris Olave / Drake London / Jahan Dotson / Michael Penix Jr.,50000,50000,5-1,1,99.52,129.5,140.43,159.42,0.0465,1,4,EXACT_OR_NEAR_OPTIMAL
2803,Juwan Johnson,TE,Alvin Kamara / Bijan Robinson / Falcons / Nick Folk / Tyler Shough,48500,48000-48900,3-3,1,99.86,128.29,138.59,160.85,0.0465,3,1,EXACT_OR_NEAR_OPTIMAL
4629,Tyler Shough,QB,Alvin Kamara / Chris Olave / Falcons / Juwan Johnson / Saints,47400,<48000,1-5,1,101.34,132.8,143.18,161.39,0.0465,0,2,EXACT_OR_NEAR_OPTIMAL
4632,Tyler Shough,QB,Alvin Kamara / Chris Olave / Jahan Dotson / Juwan Johnson / Saints,46800,<48000,1-5,1,99.82,134.06,143.83,162.81,0.0465,1,2,EXACT_OR_NEAR_OPTIMAL
4712,Tyler Shough,QB,Austin Hooper / Chris Olave / Drake London / Michael Penix Jr. / Olamide Zaccheaus,49000,49000-49400,4-2,1,100.75,136.32,147.63,171.52,0.0465,0,2,EXACT_OR_NEAR_OPTIMAL
4837,Tyler Shough,QB,Chris Olave / Drake London / Falcons / Michael Penix Jr. / Olamide Zaccheaus,49800,49500-49900,4-2,1,102.72,135.52,147.65,167.12,0.0465,1,2,EXACT_OR_NEAR_OPTIMAL
57,Alvin Kamara,RB,Bijan Robinson / Chris Olave / Nick Folk / Oscar Delp / Tyler Shough,48500,48000-48900,2-4,1,103.97,133.52,143.81,164.8,0.046,0,1,FORCED_CAPTAIN
58,Alvin Kamara,RB,Bijan Robinson / Chris Olave / Olamide Zaccheaus / Saints / Tyler Shough,48900,48000-48900,2-4,1,103.6,132.11,142.09,159.03,0.046,0,1,FORCED_CAPTAIN
1438,Chris Olave,WR,Alvin Kamara / Bijan Robinson / Jahan Dotson / Juwan Johnson / Saints,49600,49500-49900,2-4,0,104.97,133.22,142.37,161.77,0.046,1,0,EXACT_OR_NEAR_OPTIMAL
1524,Chris Olave,WR,Alvin Kamara / Drake London / Falcons / Olamide Zaccheaus / Tyler Shough,48400,48000-48900,3-3,1,102.66,136.6,145.92,168.53,0.046,0,1,EXACT_OR_NEAR_OPTIMAL
1624,Chris Olave,WR,Bijan Robinson / Brian Robinson Jr. / Daniel Carlson / Juwan Johnson / Nick Folk,49400,49000-49400,3-3,0,101.81,131.08,141.22,160.64,0.046,1,0,EXACT_OR_NEAR_OPTIMAL
1629,Chris Olave,WR,Bijan Robinson / Brian Robinson Jr. / Drake London / Juwan Johnson / Kevin Austin Jr.,50000,50000,3-3,0,106.08,138.15,148.12,168.52,0.046,1,2,EXACT_OR_NEAR_OPTIMAL
1637,Chris Olave,WR,Bijan Robinson / Bryce Lance / Daniel Carlson / Drake London / Falcons,48200,48000-48900,3-3,0,101.43,130.65,140.92,159.93,0.046,1,0,EXACT_OR_NEAR_OPTIMAL
1667,Chris Olave,WR,Bijan Robinson / Daniel Carlson / Falcons / Juwan Johnson / Saints,48000,48000-48900,2-4,0,101.44,128.18,137.34,156.85,0.046,1,0,EXACT_OR_NEAR_OPTIMAL
1727,Chris Olave,WR,Brian Robinson Jr. / Falcons / Juwan Johnson / Michael Penix Jr. / Tyler Shough,49600,49500-49900,3-3,1,102.71,136.82,147.95,167.05,0.046,0,2,EXACT_OR_NEAR_OPTIMAL
2285,Drake London,WR,Austin Hooper / Bijan Robinson / Bryce Lance / Chris Olave / Juwan Johnson,49600,49500-49900,3-3,0,104.19,135.89,144.55,165.1,0.046,1,1,EXACT_OR_NEAR_OPTIMAL
2466,Drake London,WR,Chris Olave / Juwan Johnson / Saints / Tyler Shough / Zachariah Branch,49400,49000-49400,2-4,1,101.59,135.14,144.81,164.09,0.046,0,2,FORCED_CAPTAIN
2890,Juwan Johnson,TE,Alvin Kamara / Drake London / Michael Penix Jr. / Olamide Zaccheaus / Tyler Shough,48700,48000-48900,3-3,1,98.12,131.75,143.32,165.0,0.046,2,2,EXACT_OR_NEAR_OPTIMAL
45,Alvin Kamara,RB,Bijan Robinson / Chris Olave / Daniel Carlson / Oscar Delp / Tyler Shough,47900,<48000,1-5,1,104.7,133.58,142.25,162.67,0.0455,1,2,EXACT_OR_NEAR_OPTIMAL
141,Alvin Kamara,RB,Chris Olave / Devaughn Vele / Drake London / Oscar Delp / Tyler Shough,49100,49000-49400,1-5,1,101.11,133.66,144.19,165.62,0.0455,1,2,EXACT_OR_NEAR_OPTIMAL
1385,Chris Olave,WR,Alvin Kamara / Austin Hooper / Bijan Robinson / Drake London / Olamide Zaccheaus,49800,49500-49900,4-2,0,104.24,134.49,144.8,167.55,0.0455,1,0,EXACT_OR_NEAR_OPTIMAL
1462,Chris Olave,WR,Alvin Kamara / Brian Robinson Jr. / Juwan Johnson / Kyle Pitts Sr. / Tyler Shough,49800,49500-49900,2-4,1,100.57,135.51,146.09,168.97,0.0455,0,1,EXACT_OR_NEAR_OPTIMAL
1548,Chris Olave,WR,Alvin Kamara / Jahan Dotson / Michael Penix Jr. / Saints / Tyler Shough,49000,49000-49400,2-4,1,100.58,133.89,144.3,164.57,0.0455,1,1,EXACT_OR_NEAR_OPTIMAL
1749,Chris Olave,WR,Chris Blair / Drake London / Juwan Johnson / Kyle Pitts Sr. / Tyler Shough,50000,50000,3-3,1,102.41,138.94,149.32,173.7,0.0455,0,3,FORCED_CAPTAIN
2204,Drake London,WR,Alvin Kamara / Chris Olave / Falcons / Michael Penix Jr. / Saints,49600,49500-49900,3-3,0,96.82,126.63,136.66,157.72,0.0455,0,0,EXACT_OR_NEAR_OPTIMAL
2299,Drake London,WR,Austin Hooper / Brian Robinson Jr. / Chris Olave / Juwan Johnson / Tyler Shough,49400,49000-49400,3-3,1,102.59,138.25,148.04,164.84,0.0455,0,2,EXACT_OR_NEAR_OPTIMAL
3668,Nick Folk,K,Chris Olave / Drake London / Falcons / Juwan Johnson / Tyler Shough,49500,49500-49900,3-3,1,101.71,133.33,142.05,158.66,0.0455,1,2,EXACT_OR_NEAR_OPTIMAL
4550,Tyler Shough,QB,Alvin Kamara / Bijan Robinson / CJ Donaldson / Devaughn Vele / Juwan Johnson,49800,49500-49900,1-5,1,101.07,132.88,143.44,164.26,0.0455,0,2,FORCED_CAPTAIN
4713,Tyler Shough,QB,Austin Hooper / Chris Olave / Juwan Johnson / Michael Penix Jr. / Nick Folk,49800,49500-49900,3-3,1,102.36,136.79,147.12,169.54,0.0455,1,2,EXACT_OR_NEAR_OPTIMAL
4786,Tyler Shough,QB,Brian Robinson Jr. / Chris Olave / Daniel Carlson / Devaughn Vele / Juwan Johnson,49000,49000-49400,1-5,1,99.8,135.42,145.62,163.93,0.0455,1,2,EXACT_OR_NEAR_OPTIMAL
4818,Tyler Shough,QB,Chris Olave / Daniel Carlson / Devaughn Vele / Drake London / Olamide Zaccheaus,49800,49500-49900,2-4,1,101.4,136.09,146.52,164.5,0.0455,0,1,FORCED_CAPTAIN
71,Alvin Kamara,RB,Bijan Robinson / Daniel Carlson / Juwan Johnson / Saints / Tyler Shough,48300,48000-48900,1-5,1,100.28,126.53,134.42,149.33,0.045,1,2,EXACT_OR_NEAR_OPTIMAL
98,Alvin Kamara,RB,Brian Robinson Jr. / Chris Olave / Daniel Carlson / Drake London / Tyler Shough,49500,49500-49900,2-4,1,101.88,131.73,141.04,160.71,0.045,1,1,EXACT_OR_NEAR_OPTIMAL
150,Alvin Kamara,RB,Chris Olave / Drake London / Falcons / Nick Folk / Tyler Shough,49900,49500-49900,3-3,1,102.1,131.13,141.89,158.84,0.045,0,1,EXACT_OR_NEAR_OPTIMAL
1388,Chris Olave,WR,Alvin Kamara / Austin Hooper / Bijan Robinson / Juwan Johnson / Saints,49400,49000-49400,2-4,0,104.53,132.91,141.69,160.7,0.045,1,0,EXACT_OR_NEAR_OPTIMAL
1508,Chris Olave,WR,Alvin Kamara / Devaughn Vele / Falcons / Saints / Tyler Shough,48400,48000-48900,1-5,1,97.8,128.88,139.66,160.2,0.045,0,2,EXACT_OR_NEAR_OPTIMAL
1729,Chris Olave,WR,Brian Robinson Jr. / Jahan Dotson / Juwan Johnson / Michael Penix Jr. / Tyler Shough,49000,49000-49400,3-3,1,101.19,137.05,147.48,169.68,0.045,0,2,EXACT_OR_NEAR_OPTIMAL
1854,Daniel Carlson,K,Alvin Kamara / Bijan Robinson / Chris Olave / Juwan Johnson / Nick Folk,49600,49500-49900,2-4,0,102.29,128.25,134.57,152.59,0.045,0,0,FORCED_CAPTAIN
2167,Drake London,WR,Alvin Kamara / Brian Robinson Jr. / Chris Olave / Falcons / Tyler Shough,49800,49500-49900,3-3,1,102.06,133.23,143.65,162.56,0.045,1,1,EXACT_OR_NEAR_OPTIMAL
2289,Drake London,WR,Austin Hooper / Bijan Robinson / Chris Olave / Juwan Johnson / Olamide Zaccheaus,49800,49500-49900,4-2,0,103.91,135.13,144.81,163.87,0.045,0,1,FORCED_CAPTAIN
2786,Juwan Johnson,TE,Alvin Kamara / Bijan Robinson / Chris Blair / Michael Penix Jr. / Tyler Shough,49500,49500-49900,3-3,1,101.86,135.14,144.15,162.7,0.045,1,2,EXACT_OR_NEAR_OPTIMAL
3003,Juwan Johnson,TE,Chris Olave / Devaughn Vele / Nick Folk / Saints / Tyler Shough,48900,48000-48900,1-5,1,97.81,130.97,142.06,160.58,0.045,0,2,EXACT_OR_NEAR_OPTIMAL
3487,Michael Penix Jr.,QB,Bijan Robinson / Chris Olave / Drake London / Falcons / Nick Muse,49900,49500-49900,5-1,1,100.31,132.47,143.35,161.8,0.045,0,3,FORCED_CAPTAIN
4546,Tyler Shough,QB,Alvin Kamara / Bijan Robinson / Bryce Lance / Drake London / Saints,49200,49000-49400,2-4,1,102.61,131.64,140.25,158.6,0.045,2,1,EXACT_OR_NEAR_OPTIMAL
4564,Tyler Shough,QB,Alvin Kamara / Bijan Robinson / Falcons / Juwan Johnson / Saints,48400,48000-48900,2-4,1,101.68,129.01,137.85,154.34,0.045,1,1,EXACT_OR_NEAR_OPTIMAL
513,Bijan Robinson,RB,Alvin Kamara / Chris Olave / Falcons / Nick Folk / Saints,48700,48000-48900,3-3,0,98.38,122.15,131.66,145.73,0.0445,1,1,EXACT_OR_NEAR_OPTIMAL
746,Bijan Robinson,RB,Daniel Carlson / Falcons / Juwan Johnson / Nick Folk / Tyler Shough,48500,48000-48900,3-3,0,99.73,127.44,135.06,155.88,0.0445,1,1,EXACT_OR_NEAR_OPTIMAL
1405,Chris Olave,WR,Alvin Kamara / Austin Hooper / Michael Penix Jr. / Nick Folk / Tyler Shough,50000,50000,3-3,1,101.46,135.99,144.93,167.39,0.0445,1,2,EXACT_OR_NEAR_OPTIMAL
1645,Chris Olave,WR,Bijan Robinson / Bryce Lance / Drake London / Falcons / Nick Folk,48800,48000-48900,4-2,0,100.7,129.47,140.34,161.32,0.0445,1,0,EXACT_OR_NEAR_OPTIMAL
1804,Chris Olave,WR,Drake London / Falcons / Juwan Johnson / Tyler Shough / Zachariah Branch,49200,49000-49400,3-3,1,103.48,139.07,148.46,168.98,0.0445,0,2,EXACT_OR_NEAR_OPTIMAL
1907,Daniel Carlson,K,Bijan Robinson / Charlie Woerner / Chris Olave / Drake London / Michael Penix Jr.,49400,49000-49400,4-2,1,100.3,130.97,140.26,157.65,0.0445,0,2,FORCED_CAPTAIN
2139,Drake London,WR,Alvin Kamara / Barion Brown / Juwan Johnson / Michael Penix Jr. / Tyler Shough,49200,49000-49400,2-4,1,97.82,133.01,143.27,164.59,0.0445,1,2,EXACT_OR_NEAR_OPTIMAL
2195,Drake London,WR,Alvin Kamara / Chris Olave / Daniel Carlson / Juwan Johnson / Saints,49200,49000-49400,1-5,0,100.65,129.58,137.22,156.43,0.0445,2,1,EXACT_OR_NEAR_OPTIMAL
2334,Drake London,WR,Bijan Robinson / Bryce Lance / Chris Olave / Daniel Carlson / Nick Folk,49600,49500-49900,3-3,0,100.86,129.27,138.76,159.17,0.0445,1,0,EXACT_OR_NEAR_OPTIMAL
2345,Drake London,WR,Bijan Robinson / CJ Donaldson / Juwan Johnson / Saints / Tyler Shough,49400,49000-49400,2-4,1,101.71,132.3,141.86,158.9,0.0445,1,2,EXACT_OR_NEAR_OPTIMAL
2528,Falcons,DST,Alvin Kamara / Bijan Robinson / Chris Olave / Daniel Carlson / Tyler Shough,49400,49000-49400,2-4,1,104.82,129.94,139.27,156.79,0.0445,0,1,FORCED_CAPTAIN
2820,Juwan Johnson,TE,Alvin Kamara / Bryce Lance / Drake London / Michael Penix Jr. / Tyler Shough,48500,48000-48900,2-4,1,98.4,131.38,143.07,167.01,0.0445,0,2,EXACT_OR_NEAR_OPTIMAL
3490,Michael Penix Jr.,QB,Bijan Robinson / Chris Olave / Drake London / Jahan Dotson / Oscar Delp,49500,49500-49900,4-2,1,100.23,134.21,144.43,164.18,0.0445,0,2,FORCED_CAPTAIN
4119,Saints,DST,Bijan Robinson / Chris Olave / Drake London / Oscar Delp / Tyler Shough,48900,48000-48900,2-4,1,105.43,133.83,143.68,163.93,0.0445,0,2,FORCED_CAPTAIN
4609,Tyler Shough,QB,Alvin Kamara / Chris Olave / Daniel Carlson / Drake London / Oscar Delp,47400,<48000,1-5,1,103.09,135.47,146.49,166.86,0.0445,1,2,EXACT_OR_NEAR_OPTIMAL
43,Alvin Kamara,RB,Bijan Robinson / Chris Olave / Daniel Carlson / Juwan Johnson / Saints,49500,49500-49900,1-5,0,103.49,127.76,135.04,151.48,0.044,2,1,EXACT_OR_NEAR_OPTIMAL
474,Bijan Robinson,RB,Alvin Kamara / Brian Robinson Jr. / Daniel Carlson / Juwan Johnson / Michael Penix Jr.,49700,49500-49900,3-3,1,97.43,126.08,135.24,153.18,0.044,3,2,EXACT_OR_NEAR_OPTIMAL
592,Bijan Robinson,RB,Austin Hooper / Chris Olave / Falcons / Saints / Tyler Shough,48700,48000-48900,3-3,0,102.94,130.68,139.95,158.5,0.044,1,1,EXACT_OR_NEAR_OPTIMAL
608,Bijan Robinson,RB,Brian Robinson Jr. / Bryce Lance / Chris Olave / Nick Folk / Tyler Shough,49100,49000-49400,3-3,1,102.37,133.12,143.22,164.1,0.044,1,2,EXACT_OR_NEAR_OPTIMAL
633,Bijan Robinson,RB,Bryce Lance / CJ Donaldson / Chris Olave / Drake London / Juwan Johnson,49100,49000-49400,2-4,0,104.07,135.2,144.48,162.4,0.044,1,2,EXACT_OR_NEAR_OPTIMAL
1398,Chris Olave,WR,Alvin Kamara / Austin Hooper / Devaughn Vele / Nick Folk / Tyler Shough,48800,48000-48900,2-4,1,97.16,130.74,141.31,162.37,0.044,0,1,EXACT_OR_NEAR_OPTIMAL
1431,Chris Olave,WR,Alvin Kamara / Bijan Robinson / Drake London / Jahan Dotson / Olamide Zaccheaus,50000,50000,4-2,0,104.69,134.92,144.86,169.16,0.044,1,1,EXACT_OR_NEAR_OPTIMAL
1442,Chris Olave,WR,Alvin Kamara / Bijan Robinson / Juwan Johnson / Nick Folk / Oscar Delp,48200,48000-48900,2-4,0,103.68,132.62,142.49,165.86,0.044,1,0,EXACT_OR_NEAR_OPTIMAL
1460,Chris Olave,WR,Alvin Kamara / Brian Robinson Jr. / Falcons / Juwan Johnson / Tyler Shough,47600,<48000,2-4,1,101.05,134.42,143.54,165.19,0.044,1,1,EXACT_OR_NEAR_OPTIMAL
1825,Chris Olave,WR,Drake London / Kendre Miller / Michael Penix Jr. / Treyton Welch / Tyler Shough,50000,50000,2-4,1,100.35,136.61,149.38,169.74,0.044,1,3,EXACT_OR_NEAR_OPTIMAL
1927,Daniel Carlson,K,Bijan Robinson / Chris Olave / Juwan Johnson / Oscar Delp / Tyler Shough,47200,<48000,1-5,1,104.68,135.36,143.96,162.39,0.044,0,3,FORCED_CAPTAIN
2297,Drake London,WR,Austin Hooper / Bijan Robinson / Falcons / Juwan Johnson / Michael Penix Jr.,49600,49500-49900,5-1,1,96.77,130.09,138.41,158.33,0.044,1,3,EXACT_OR_NEAR_OPTIMAL
2327,Drake London,WR,Bijan Robinson / Brian Robinson Jr. / Bryce Lance / Juwan Johnson / Tyler Shough,49400,49000-49400,3-3,1,101.99,133.83,143.9,161.83,0.044,0,2,FORCED_CAPTAIN
2960,Juwan Johnson,TE,Bijan Robinson / Devaughn Vele / Falcons / Nick Folk / Tyler Shough,49300,49000-49400,3-3,1,97.22,127.05,137.69,158.86,0.044,2,1,EXACT_OR_NEAR_OPTIMAL
3236,Kevin Austin Jr.,WR,Bijan Robinson / Chris Olave / Juwan Johnson / Michael Penix Jr. / Tyler Shough,49800,49500-49900,2-4,1,106.76,139.48,150.12,172.02,0.044,0,3,FORCED_CAPTAIN
4049,Saints,DST,Alvin Kamara / Bijan Robinson / Chris Olave / Falcons / Tyler Shough,49100,49000-49400,2-4,1,103.23,127.75,137.1,154.69,0.044,1,1,EXACT_OR_NEAR_OPTIMAL
4625,Tyler Shough,QB,Alvin Kamara / Chris Olave / Drake London / Kevin Austin Jr. / Saints,47200,<48000,1-5,1,100.32,132.19,144.09,167.05,0.044,1,2,EXACT_OR_NEAR_OPTIMAL
4724,Tyler Shough,QB,Bijan Robinson / Brian Robinson Jr. / Chris Olave / Devaughn Vele / Kevin Austin Jr.,49400,49000-49400,2-4,1,101.79,135.79,146.45,167.94,0.044,2,1,EXACT_OR_NEAR_OPTIMAL
39,Alvin Kamara,RB,Bijan Robinson / Chris Olave / Daniel Carlson / Drake London / Olamide Zaccheaus,49900,49500-49900,3-3,0,103.2,130.7,138.83,156.97,0.0435,1,0,EXACT_OR_NEAR_OPTIMAL
1435,Chris Olave,WR,Alvin Kamara / Bijan Robinson / Falcons / Michael Penix Jr. / Olamide Zaccheaus,49600,49500-49900,4-2,1,101.53,130.92,140.85,161.44,0.0435,2,1,EXACT_OR_NEAR_OPTIMAL
1824,Chris Olave,WR,Drake London / Kendre Miller / Michael Penix Jr. / Nick Muse / Tyler Shough,50000,50000,3-3,1,100.06,136.07,149.01,169.74,0.0435,1,3,EXACT_OR_NEAR_OPTIMAL
2094,Devaughn Vele,WR,Chris Olave / Drake London / Juwan Johnson / Nick Muse / Tyler Shough,49700,49500-49900,2-4,1,100.84,136.0,147.77,167.01,0.0435,1,2,EXACT_OR_NEAR_OPTIMAL
2243,Drake London,WR,Alvin Kamara / Daniel Carlson / Michael Penix Jr. / Saints / Tyler Shough,49600,49500-49900,2-4,0,96.61,128.04,137.02,154.95,0.0435,1,0,EXACT_OR_NEAR_OPTIMAL
2350,Drake London,WR,Bijan Robinson / Chris Olave / Daniel Carlson / Nick Folk / Olamide Zaccheaus,49800,49500-49900,4-2,0,100.58,129.4,138.49,159.11,0.0435,1,0,EXACT_OR_NEAR_OPTIMAL
2402,Drake London,WR,Bryce Lance / Chris Olave / Daniel Carlson / Devaughn Vele / Tyler Shough,49800,49500-49900,1-5,1,100.45,134.59,144.39,166.58,0.0435,1,2,EXACT_OR_NEAR_OPTIMAL
2791,Juwan Johnson,TE,Alvin Kamara / Bijan Robinson / Chris Olave / Michael Penix Jr. / Treyton Welch,49900,49500-49900,2-4,0,105.23,135.45,143.68,166.81,0.0435,1,1,EXACT_OR_NEAR_OPTIMAL
4161,Saints,DST,Chris Olave / Drake London / Juwan Johnson / Nick Folk / Tyler Shough,49500,49500-49900,2-4,1,101.99,133.34,141.06,161.43,0.0435,0,2,FORCED_CAPTAIN
51,Alvin Kamara,RB,Bijan Robinson / Chris Olave / Falcons / Juwan Johnson / Nick Folk,49500,49500-49900,3-3,0,101.82,127.18,135.37,153.6,0.043,1,0,EXACT_OR_NEAR_OPTIMAL
101,Alvin Kamara,RB,Brian Robinson Jr. / Chris Olave / Devaughn Vele / Juwan Johnson / Tyler Shough,49900,49500-49900,1-5,1,100.46,133.92,143.31,161.89,0.043,1,2,EXACT_OR_NEAR_OPTIMAL
1668,Chris Olave,WR,Bijan Robinson / Daniel Carlson / Falcons / Michael Penix Jr. / Saints,49600,49500-49900,3-3,0,100.6,127.74,138.34,156.68,0.043,1,0,EXACT_OR_NEAR_OPTIMAL
2157,Drake London,WR,Alvin Kamara / Bijan Robinson / Falcons / Jahan Dotson / Michael Penix Jr.,49400,49000-49400,5-1,1,94.71,125.49,135.89,155.73,0.043,1,2,EXACT_OR_NEAR_OPTIMAL
2341,Drake London,WR,Bijan Robinson / Bryce Lance / Michael Penix Jr. / Olamide Zaccheaus / Tyler Shough,49200,49000-49400,4-2,1,98.92,133.61,144.31,159.81,0.043,2,2,EXACT_OR_NEAR_OPTIMAL
2458,Drake London,WR,Chris Olave / Jahan Dotson / Michael Penix Jr. / Oscar Delp / Tyler Shough,47800,<48000,3-3,1,99.02,135.05,145.57,168.43,0.043,0,2,EXACT_OR_NEAR_OPTIMAL
2467,Drake London,WR,Chris Olave / Kendre Miller / Michael Penix Jr. / Oscar Delp / Tyler Shough,49800,49500-49900,2-4,1,98.68,134.01,145.72,167.33,0.043,1,2,EXACT_OR_NEAR_OPTIMAL
2684,Jahan Dotson,WR,Alvin Kamara / Chris Olave / Drake London / Juwan Johnson / Tyler Shough,49300,49000-49400,2-4,1,104.09,137.59,146.52,165.28,0.043,0,2,FORCED_CAPTAIN
2937,Juwan Johnson,TE,Bijan Robinson / Chris Olave / Drake London / Olamide Zaccheaus / Saints,49900,49500-49900,3-3,0,104.9,133.37,143.1,161.38,0.043,1,1,EXACT_OR_NEAR_OPTIMAL
3563,Nick Folk,K,Alvin Kamara / Bijan Robinson / Chris Olave / Daniel Carlson / Juwan Johnson,49900,49500-49900,2-4,0,101.92,127.91,135.04,154.48,0.043,1,0,EXACT_OR_NEAR_OPTIMAL
4708,Tyler Shough,QB,Austin Hooper / Chris Olave / Devaughn Vele / Juwan Johnson / Nick Folk,48600,48000-48900,2-4,1,98.06,133.74,144.2,167.85,0.043,0,1,FORCED_CAPTAIN
50,Alvin Kamara,RB,Bijan Robinson / Chris Olave / Falcons / Jahan Dotson / Tyler Shough,49300,49000-49400,3-3,1,104.33,132.93,142.49,162.86,0.0425,1,1,EXACT_OR_NEAR_OPTIMAL
64,Alvin Kamara,RB,Bijan Robinson / Daniel Carlson / Drake London / Juwan Johnson / Nick Folk,49900,49500-49900,3-3,0,99.15,125.4,134.43,148.37,0.0425,4,0,EXACT_OR_NEAR_OPTIMAL
453,Bijan Robinson,RB,Alvin Kamara / Austin Hooper / Brian Robinson Jr. / Chris Olave / Juwan Johnson,49500,49500-49900,3-3,0,102.81,131.71,141.19,160.84,0.0425,1,1,EXACT_OR_NEAR_OPTIMAL
601,Bijan Robinson,RB,Austin Hooper / Jahan Dotson / Juwan Johnson / Michael Penix Jr. / Tyler Shough,49500,49500-49900,4-2,1,100.7,132.52,143.36,165.22,0.0425,1,3,EXACT_OR_NEAR_OPTIMAL
606,Bijan Robinson,RB,Brian Robinson Jr. / Bryce Lance / Chris Olave / Daniel Carlson / Drake London,48900,48000-48900,3-3,0,100.64,129.8,138.46,156.21,0.0425,1,1,EXACT_OR_NEAR_OPTIMAL
701,Bijan Robinson,RB,Chris Olave / Devaughn Vele / Juwan Johnson / Nick Folk / Oscar Delp,49500,49500-49900,2-4,0,101.21,131.76,140.85,162.5,0.0425,1,1,EXACT_OR_NEAR_OPTIMAL
720,Bijan Robinson,RB,Chris Olave / Jahan Dotson / Juwan Johnson / Michael Penix Jr. / Oscar Delp,48300,48000-48900,3-3,1,101.74,132.06,142.28,165.18,0.0425,1,3,EXACT_OR_NEAR_OPTIMAL
1014,Bryce Lance,WR,Chris Olave / Drake London / Juwan Johnson / Michael Penix Jr. / Tyler Shough,49500,49500-49900,2-4,1,103.67,138.92,149.99,169.15,0.0425,0,3,FORCED_CAPTAIN
1410,Chris Olave,WR,Alvin Kamara / Bijan Robinson / Brian Robinson Jr. / Drake London / Kevin Austin Jr.,49600,49500-49900,3-3,0,103.58,134.65,144.57,166.46,0.0425,1,0,EXACT_OR_NEAR_OPTIMAL
1502,Chris Olave,WR,Alvin Kamara / Daniel Carlson / Juwan Johnson / Olamide Zaccheaus / Tyler Shough,47000,<48000,1-5,1,101.81,136.25,145.87,164.51,0.0425,1,2,EXACT_OR_NEAR_OPTIMAL
1544,Chris Olave,WR,Alvin Kamara / Jahan Dotson / Juwan Johnson / Kyle Pitts Sr. / Tyler Shough,49000,49000-49400,2-4,1,100.0,135.26,144.55,168.57,0.0425,0,1,EXACT_OR_NEAR_OPTIMAL
1628,Chris Olave,WR,Bijan Robinson / Brian Robinson Jr. / Drake London / Falcons / Saints,49600,49500-49900,4-2,0,101.32,128.55,139.27,159.08,0.0425,1,0,EXACT_OR_NEAR_OPTIMAL
1644,Chris Olave,WR,Bijan Robinson / Bryce Lance / Devaughn Vele / Tyler Shough / Zachariah Branch,49600,49500-49900,2-4,1,101.43,136.3,147.61,173.58,0.0425,1,1,EXACT_OR_NEAR_OPTIMAL
1793,Chris Olave,WR,Devaughn Vele / Jahan Dotson / Juwan Johnson / Saints / Tyler Shough,48200,48000-48900,1-5,1,98.78,133.27,145.94,167.91,0.0425,0,2,EXACT_OR_NEAR_OPTIMAL
1865,Daniel Carlson,K,Alvin Kamara / Bijan Robinson / Drake London / Saints / Tyler Shough,49800,49500-49900,2-4,0,101.59,126.51,133.84,147.2,0.0425,0,0,FORCED_CAPTAIN
1877,Daniel Carlson,K,Alvin Kamara / Chris Olave / Drake London / Saints / Tyler Shough,48800,48000-48900,1-5,1,101.24,128.78,137.58,155.94,0.0425,0,2,FORCED_CAPTAIN
2586,Falcons,DST,Bijan Robinson / Brian Robinson Jr. / Chris Olave / Juwan Johnson / Tyler Shough,48800,48000-48900,3-3,1,103.37,132.48,141.64,163.39,0.0425,0,2,FORCED_CAPTAIN
4097,Saints,DST,Bijan Robinson / Brian Robinson Jr. / Chris Olave / Juwan Johnson / Tyler Shough,49700,49500-49900,2-4,1,104.77,133.9,143.69,164.16,0.0425,0,2,FORCED_CAPTAIN
4116,Saints,DST,Bijan Robinson / Chris Olave / Drake London / Falcons / Juwan Johnson,49900,49500-49900,3-3,0,103.28,128.17,136.05,152.23,0.0425,2,1,EXACT_OR_NEAR_OPTIMAL
4761,Tyler Shough,QB,Bijan Robinson / Chris Olave / Jahan Dotson / Nick Folk / Saints,49600,49500-49900,3-3,0,103.87,134.04,144.46,162.57,0.0425,2,0,EXACT_OR_NEAR_OPTIMAL
121,Alvin Kamara,RB,Bryce Lance / Chris Olave / Juwan Johnson / Michael Penix Jr. / Tyler Shough,49100,49000-49400,1-5,1,102.81,135.95,146.61,164.89,0.042,1,3,EXACT_OR_NEAR_OPTIMAL
229,Austin Hooper,TE,Alvin Kamara / Bijan Robinson / Drake London / Juwan Johnson / Tyler Shough,50000,50000,3-3,1,103.77,134.04,143.18,161.97,0.042,0,3,FORCED_CAPTAIN
1386,Chris Olave,WR,Alvin Kamara / Austin Hooper / Bijan Robinson / Falcons / Juwan Johnson,48800,48000-48900,3-3,0,103.59,132.08,140.87,162.18,0.042,1,0,EXACT_OR_NEAR_OPTIMAL
1407,Chris Olave,WR,Alvin Kamara / Barion Brown / Bijan Robinson / Olamide Zaccheaus / Tyler Shough,47800,<48000,2-4,1,103.25,136.65,148.62,168.76,0.042,1,1,EXACT_OR_NEAR_OPTIMAL
1450,Chris Olave,WR,Alvin Kamara / Brian Robinson Jr. / Daniel Carlson / Devaughn Vele / Tyler Shough,49200,49000-49400,1-5,1,98.9,131.28,142.23,163.12,0.042,1,2,EXACT_OR_NEAR_OPTIMAL
1833,Chris Olave,WR,Juwan Johnson / Kyle Pitts Sr. / Michael Penix Jr. / Olamide Zaccheaus / Tyler Shough,50000,50000,3-3,1,100.0,135.97,147.67,170.83,0.042,1,3,EXACT_OR_NEAR_OPTIMAL
1918,Daniel Carlson,K,Bijan Robinson / Chris Olave / Drake London / Michael Penix Jr. / Treyton Welch,49000,49000-49400,3-3,1,100.23,130.56,140.19,157.1,0.042,0,2,FORCED_CAPTAIN
2162,Drake London,WR,Alvin Kamara / Bijan Robinson / Olamide Zaccheaus / Saints / Tyler Shough,49600,49500-49900,3-3,0,101.11,130.63,139.49,156.71,0.042,0,0,FORCED_CAPTAIN
2188,Drake London,WR,Alvin Kamara / Charlie Woerner / Chris Olave / Juwan Johnson / Michael Penix Jr.,49800,49500-49900,3-3,1,101.21,134.33,144.8,165.41,0.042,2,2,EXACT_OR_NEAR_OPTIMAL
2973,Juwan Johnson,TE,Brian Robinson Jr. / Chris Olave / Drake London / Falcons / Tyler Shough,48900,48000-48900,3-3,1,102.64,136.26,145.63,164.28,0.042,0,2,EXACT_OR_NEAR_OPTIMAL
4571,Tyler Shough,QB,Alvin Kamara / Brian Robinson Jr. / Chris Olave / Drake London / Falcons,49600,49500-49900,3-3,1,103.28,134.55,144.94,165.45,0.042,0,1,FORCED_CAPTAIN
4593,Tyler Shough,QB,Alvin Kamara / Bryce Lance / Chris Olave / Juwan Johnson / Nick Folk,46800,<48000,1-5,1,99.75,135.81,145.58,166.24,0.042,0,2,EXACT_OR_NEAR_OPTIMAL
4610,Tyler Shough,QB,Alvin Kamara / Chris Olave / Daniel Carlson / Falcons / Juwan Johnson,48000,48000-48900,1-5,1,103.4,134.8,144.12,163.77,0.042,0,2,EXACT_OR_NEAR_OPTIMAL
167,Alvin Kamara,RB,Chris Olave / Juwan Johnson / Michael Penix Jr. / Olamide Zaccheaus / Tyler Shough,49300,49000-49400,2-4,1,102.53,136.02,145.36,166.29,0.0415,0,2,FORCED_CAPTAIN
169,Alvin Kamara,RB,Chris Olave / Juwan Johnson / Nick Folk / Saints / Tyler Shough,47900,<48000,1-5,1,99.2,130.22,138.44,156.06,0.0415,0,2,EXACT_OR_NEAR_OPTIMAL
485,Bijan Robinson,RB,Alvin Kamara / Bryce Lance / Drake London / Michael Penix Jr. / Saints,49700,49500-49900,3-3,1,97.26,126.7,136.67,152.68,0.0415,1,2,EXACT_OR_NEAR_OPTIMAL
759,Bijan Robinson,RB,Devaughn Vele / Juwan Johnson / Nick Folk / Olamide Zaccheaus / Tyler Shough,49900,49500-49900,3-3,1,98.96,129.52,138.89,163.13,0.0415,2,2,EXACT_OR_NEAR_OPTIMAL
1598,Chris Olave,WR,Austin Hooper / Devaughn Vele / Drake London / Jahan Dotson / Tyler Shough,49400,49000-49400,3-3,1,99.71,135.55,146.56,171.2,0.0415,0,1,EXACT_OR_NEAR_OPTIMAL
1876,Daniel Carlson,K,Alvin Kamara / Chris Olave / Drake London / Nick Folk / Tyler Shough,50000,50000,2-4,1,102.57,131.83,139.62,158.21,0.0415,0,2,EXACT_OR_NEAR_OPTIMAL
2732,Jahan Dotson,WR,Bijan Robinson / Chris Olave / Juwan Johnson / Nick Folk / Tyler Shough,49500,49500-49900,3-3,1,104.31,135.29,145.21,166.76,0.0415,0,2,FORCED_CAPTAIN
3639,Nick Folk,K,Bijan Robinson / Chris Olave / Juwan Johnson / Kevin Austin Jr. / Tyler Shough,48500,48000-48900,2-4,1,102.86,134.17,144.85,166.28,0.0415,0,2,FORCED_CAPTAIN
4659,Tyler Shough,QB,Alvin Kamara / Devaughn Vele / Drake London / Jahan Dotson / Juwan Johnson,49600,49500-49900,2-4,1,98.63,132.61,143.23,164.06,0.0415,0,1,EXACT_OR_NEAR_OPTIMAL
4874,Tyler Shough,QB,Devaughn Vele / Drake London / Juwan Johnson / Michael Penix Jr. / Oscar Delp,49000,49000-49400,2-4,1,97.68,133.15,144.67,165.06,0.0415,0,2,EXACT_OR_NEAR_OPTIMAL
59,Alvin Kamara,RB,Bijan Robinson / Chris Olave / Oscar Delp / Saints / Tyler Shough,47300,<48000,1-5,1,102.64,130.87,141.61,158.71,0.041,0,2,FORCED_CAPTAIN
144,Alvin Kamara,RB,Chris Olave / Devaughn Vele / Jahan Dotson / Juwan Johnson / Tyler Shough,49100,49000-49400,1-5,1,99.89,133.29,143.16,161.82,0.041,0,2,FORCED_CAPTAIN
580,Bijan Robinson,RB,Austin Hooper / Chris Olave / Daniel Carlson / Falcons / Michael Penix Jr.,48700,48000-48900,4-2,1,97.87,126.55,136.6,155.12,0.041,1,2,EXACT_OR_NEAR_OPTIMAL
732,Bijan Robinson,RB,Daniel Carlson / Devaughn Vele / Drake London / Michael Penix Jr. / Oscar Delp,49700,49500-49900,3-3,1,95.45,126.07,136.67,158.93,0.041,1,2,EXACT_OR_NEAR_OPTIMAL
1459,Chris Olave,WR,Alvin Kamara / Brian Robinson Jr. / Drake London / Oscar Delp / Tyler Shough,47000,<48000,2-4,1,100.75,135.55,145.87,170.4,0.041,1,1,EXACT_OR_NEAR_OPTIMAL
1520,Chris Olave,WR,Alvin Kamara / Drake London / Falcons / Juwan Johnson / Nick Folk,49600,49500-49900,3-3,0,101.81,131.05,140.32,157.61,0.041,0,0,EXACT_OR_NEAR_OPTIMAL
1593,Chris Olave,WR,Austin Hooper / Daniel Carlson / Drake London / Nick Folk / Tyler Shough,48800,48000-48900,3-3,0,101.08,134.85,145.59,166.44,0.041,1,0,EXACT_OR_NEAR_OPTIMAL
1731,Chris Olave,WR,Bryce Lance / Devaughn Vele / Drake London / Falcons / Tyler Shough,49000,49000-49400,2-4,1,100.29,134.08,146.58,168.86,0.041,1,1,EXACT_OR_NEAR_OPTIMAL
2575,Falcons,DST,Austin Hooper / Bijan Robinson / Chris Olave / Drake London / Michael Penix Jr.,49800,49500-49900,5-1,1,99.07,129.28,140.44,158.03,0.041,1,3,EXACT_OR_NEAR_OPTIMAL
3465,Michael Penix Jr.,QB,Austin Hooper / Chris Olave / Drake London / Jahan Dotson / Tyler Shough,49700,49500-49900,4-2,1,98.85,135.14,144.87,167.87,0.041,0,2,FORCED_CAPTAIN
4617,Tyler Shough,QB,Alvin Kamara / Chris Olave / Devaughn Vele / Kevin Austin Jr. / Michael Penix Jr.,49800,49500-49900,1-5,1,100.11,134.95,146.43,166.08,0.041,0,2,EXACT_OR_NEAR_OPTIMAL
23,Alvin Kamara,RB,Bijan Robinson / Bryce Lance / Chris Olave / Daniel Carlson / Drake London,49700,49500-49900,2-4,0,103.48,130.49,138.44,157.59,0.0405,1,0,EXACT_OR_NEAR_OPTIMAL
153,Alvin Kamara,RB,Chris Olave / Drake London / Jahan Dotson / Nick Folk / Tyler Shough,49300,49000-49400,3-3,1,100.58,131.54,143.18,161.32,0.0405,0,1,FORCED_CAPTAIN
524,Bijan Robinson,RB,Alvin Kamara / Daniel Carlson / Drake London / Falcons / Nick Folk,48500,48000-48900,4-2,0,94.77,119.7,127.83,144.94,0.0405,1,1,EXACT_OR_NEAR_OPTIMAL
545,Bijan Robinson,RB,Alvin Kamara / Devaughn Vele / Falcons / Saints / Tyler Shough,49900,49500-49900,2-4,1,98.32,123.41,132.47,146.25,0.0405,1,2,EXACT_OR_NEAR_OPTIMAL
1893,Daniel Carlson,K,Barion Brown / Bijan Robinson / Chris Olave / Drake London / Michael Penix Jr.,50000,50000,3-3,1,100.12,130.8,140.68,157.1,0.0405,0,3,FORCED_CAPTAIN
1909,Daniel Carlson,K,Bijan Robinson / Chris Blair / Chris Olave / Drake London / Michael Penix Jr.,49800,49500-49900,4-2,1,100.07,130.44,140.19,158.03,0.0405,0,2,FORCED_CAPTAIN
2089,Devaughn Vele,WR,Chris Olave / Daniel Carlson / Juwan Johnson / Nick Folk / Tyler Shough,49700,49500-49900,1-5,1,97.3,130.18,140.3,159.64,0.0405,2,2,EXACT_OR_NEAR_OPTIMAL
2154,Drake London,WR,Alvin Kamara / Bijan Robinson / Daniel Carlson / Michael Penix Jr. / Oscar Delp,48000,48000-48900,3-3,1,95.08,126.22,137.15,154.54,0.0405,2,1,EXACT_OR_NEAR_OPTIMAL
2405,Drake London,WR,Bryce Lance / Chris Olave / Devaughn Vele / Saints / Tyler Shough,49200,49000-49400,1-5,1,98.4,131.22,142.94,164.93,0.0405,0,2,EXACT_OR_NEAR_OPTIMAL
2589,Falcons,DST,Bijan Robinson / Bryce Lance / Chris Olave / Drake London / Tyler Shough,49400,49000-49400,3-3,1,105.26,134.54,143.97,165.45,0.0405,1,2,EXACT_OR_NEAR_OPTIMAL
2614,Falcons,DST,Bijan Robinson / Chris Olave / Drake London / Olamide Zaccheaus / Tyler Shough,49600,49500-49900,4-2,0,104.98,133.53,143.31,165.01,0.0405,0,1,FORCED_CAPTAIN
2934,Juwan Johnson,TE,Bijan Robinson / Chris Olave / Daniel Carlson / Michael Penix Jr. / Olamide Zaccheaus,49500,49500-49900,3-3,1,102.28,131.71,140.36,161.02,0.0405,0,2,FORCED_CAPTAIN
3413,Michael Penix Jr.,QB,Alvin Kamara / Bijan Robinson / Drake London / Juwan Johnson / Treyton Welch,49900,49500-49900,3-3,1,99.15,131.57,141.37,159.11,0.0405,0,2,FORCED_CAPTAIN
4681,Tyler Shough,QB,Alvin Kamara / Drake London / Juwan Johnson / Kevin Austin Jr. / Michael Penix Jr.,48600,48000-48900,2-4,1,99.6,134.9,143.63,166.51,0.0405,1,2,EXACT_OR_NEAR_OPTIMAL
4792,Tyler Shough,QB,Brian Robinson Jr. / Chris Olave / Juwan Johnson / Michael Penix Jr. / Saints,49600,49500-49900,2-4,1,102.05,136.53,145.47,165.47,0.0405,0,2,EXACT_OR_NEAR_OPTIMAL
4820,Tyler Shough,QB,Chris Olave / Daniel Carlson / Devaughn Vele / Jahan Dotson / Juwan Johnson,48200,48000-48900,1-5,1,99.23,133.69,144.91,166.01,0.0405,0,2,EXACT_OR_NEAR_OPTIMAL
742,Bijan Robinson,RB,Daniel Carlson / Drake London / Juwan Johnson / Nick Folk / Saints,49500,49500-49900,3-3,0,98.21,124.97,133.39,148.96,0.04,2,1,EXACT_OR_NEAR_OPTIMAL
2051,Devaughn Vele,WR,Bijan Robinson / Chris Olave / Daniel Carlson / Oscar Delp / Tyler Shough,49100,49000-49400,1-5,1,100.74,131.57,143.22,163.2,0.04,0,2,FORCED_CAPTAIN
2160,Drake London,WR,Alvin Kamara / Bijan Robinson / Jahan Dotson / Michael Penix Jr. / Saints,50000,50000,4-2,1,95.64,126.15,135.91,155.5,0.04,2,2,EXACT_OR_NEAR_OPTIMAL
2288,Drake London,WR,Austin Hooper / Bijan Robinson / Chris Olave / Daniel Carlson / Falcons,48800,48000-48900,4-2,0,99.54,129.02,137.37,157.86,0.04,1,0,EXACT_OR_NEAR_OPTIMAL
2901,Juwan Johnson,TE,Austin Hooper / Bijan Robinson / Daniel Carlson / Drake London / Michael Penix Jr.,49500,49500-49900,4-2,1,97.84,129.49,139.68,155.18,0.04,0,2,FORCED_CAPTAIN
2902,Juwan Johnson,TE,Austin Hooper / Bijan Robinson / Daniel Carlson / Michael Penix Jr. / Tyler Shough,49100,49000-49400,3-3,1,100.3,131.75,140.88,161.11,0.04,0,2,FORCED_CAPTAIN
2904,Juwan Johnson,TE,Austin Hooper / Bijan Robinson / Drake London / Falcons / Tyler Shough,48900,48000-48900,4-2,0,101.98,131.73,141.8,162.68,0.04,1,1,EXACT_OR_NEAR_OPTIMAL
3002,Juwan Johnson,TE,Chris Olave / Devaughn Vele / Michael Penix Jr. / Oscar Delp / Tyler Shough,48700,48000-48900,1-5,1,100.19,135.67,146.53,168.62,0.04,0,3,EXACT_OR_NEAR_OPTIMAL
3415,Michael Penix Jr.,QB,Alvin Kamara / Bijan Robinson / Juwan Johnson / Oscar Delp / Tyler Shough,49700,49500-49900,2-4,1,102.76,135.09,143.46,162.47,0.04,0,2,FORCED_CAPTAIN
4589,Tyler Shough,QB,Alvin Kamara / Bryce Lance / Chris Olave / Drake London / Kyle Pitts Sr.,49800,49500-49900,2-4,1,100.85,134.71,146.76,168.18,0.04,0,1,FORCED_CAPTAIN
4651,Tyler Shough,QB,Alvin Kamara / Daniel Carlson / Drake London / Juwan Johnson / Saints,47800,<48000,1-5,1,98.67,128.85,138.08,155.47,0.04,0,2,EXACT_OR_NEAR_OPTIMAL
4696,Tyler Shough,QB,Austin Hooper / Bijan Robinson / Chris Olave / Devaughn Vele / Oscar Delp,48000,48000-48900,2-4,1,101.5,135.93,147.39,166.82,0.04,1,1,EXACT_OR_NEAR_OPTIMAL
4722,Tyler Shough,QB,Bijan Robinson / Brian Robinson Jr. / Bryce Lance / Drake London / Juwan Johnson,49200,49000-49400,3-3,1,103.22,135.32,144.92,165.35,0.04,1,2,EXACT_OR_NEAR_OPTIMAL
4762,Tyler Shough,QB,Bijan Robinson / Chris Olave / Juwan Johnson / Kevin Austin Jr. / Oscar Delp,45600,<48000,1-5,1,103.75,138.09,149.53,172.44,0.04,0,3,FORCED_CAPTAIN
4805,Tyler Shough,QB,Bryce Lance / Chris Olave / Devaughn Vele / Juwan Johnson / Nick Folk,47600,<48000,1-5,1,97.11,133.48,143.89,167.08,0.04,0,2,EXACT_OR_NEAR_OPTIMAL
14,Alvin Kamara,RB,Austin Hooper / Drake London / Juwan Johnson / Michael Penix Jr. / Tyler Shough,49300,49000-49400,3-3,1,98.09,131.32,140.26,161.92,0.0395,1,2,EXACT_OR_NEAR_OPTIMAL
81,Alvin Kamara,RB,Bijan Robinson / Drake London / Falcons / Saints / Tyler Shough,49700,49500-49900,3-3,0,101.12,126.33,134.43,147.14,0.0395,2,0,EXACT_OR_NEAR_OPTIMAL
203,Alvin Kamara,RB,Drake London / Jahan Dotson / Juwan Johnson / Michael Penix Jr. / Tyler Shough,49500,49500-49900,3-3,1,98.54,131.24,141.22,161.83,0.0395,3,2,EXACT_OR_NEAR_OPTIMAL
555,Bijan Robinson,RB,Alvin Kamara / Drake London / Michael Penix Jr. / Nick Folk / Oscar Delp,49500,49500-49900,4-2,1,97.35,127.48,138.22,157.03,0.0395,2,2,EXACT_OR_NEAR_OPTIMAL
738,Bijan Robinson,RB,Daniel Carlson / Drake London / Jahan Dotson / Michael Penix Jr. / Nick Folk,49900,49500-49900,5-1,1,94.92,124.74,135.37,155.1,0.0395,3,3,EXACT_OR_NEAR_OPTIMAL
1406,Chris Olave,WR,Alvin Kamara / Austin Hooper / Michael Penix Jr. / Saints / Tyler Shough,48800,48000-48900,2-4,1,100.14,133.83,143.84,165.86,0.0395,1,1,EXACT_OR_NEAR_OPTIMAL
1657,Chris Olave,WR,Bijan Robinson / CJ Donaldson / Falcons / Nick Folk / Tyler Shough,48000,48000-48900,3-3,1,100.97,131.79,144.04,161.73,0.0395,1,1,EXACT_OR_NEAR_OPTIMAL
1663,Chris Olave,WR,Bijan Robinson / Daniel Carlson / Devaughn Vele / Falcons / Nick Folk,49600,49500-49900,3-3,0,97.62,125.63,135.59,155.52,0.0395,1,0,EXACT_OR_NEAR_OPTIMAL
1766,Chris Olave,WR,Daniel Carlson / Drake London / Juwan Johnson / Michael Penix Jr. / Olamide Zaccheaus,49400,49000-49400,3-3,1,101.02,134.3,144.32,162.39,0.0395,0,2,EXACT_OR_NEAR_OPTIMAL
1849,Daniel Carlson,K,Alvin Kamara / Bijan Robinson / Chris Olave / Drake London / Jahan Dotson,49800,49500-49900,3-3,0,102.34,129.01,136.61,153.89,0.0395,3,0,EXACT_OR_NEAR_OPTIMAL
1916,Daniel Carlson,K,Bijan Robinson / Chris Olave / Drake London / Michael Penix Jr. / Nick Muse,49000,49000-49400,4-2,1,99.94,130.32,140.02,157.1,0.0395,0,2,FORCED_CAPTAIN
2329,Drake London,WR,Bijan Robinson / Brian Robinson Jr. / Chris Olave / Juwan Johnson / Oscar Delp,49200,49000-49400,3-3,0,103.97,134.41,144.89,163.02,0.0395,0,1,FORCED_CAPTAIN
2838,Juwan Johnson,TE,Alvin Kamara / Chris Olave / Falcons / Nick Folk / Tyler Shough,47500,<48000,2-4,1,99.52,131.1,141.11,159.6,0.0395,1,1,EXACT_OR_NEAR_OPTIMAL
3476,Michael Penix Jr.,QB,Bijan Robinson / Bryce Lance / Chris Olave / Drake London / Olamide Zaccheaus,49900,49500-49900,4-2,1,99.79,133.98,144.26,164.09,0.0395,1,2,EXACT_OR_NEAR_OPTIMAL
17,Alvin Kamara,RB,Bijan Robinson / Brian Robinson Jr. / Chris Olave / Jahan Dotson / Tyler Shough,49500,49500-49900,3-3,1,103.37,133.36,143.34,165.1,0.039,0,1,FORCED_CAPTAIN
142,Alvin Kamara,RB,Chris Olave / Devaughn Vele / Falcons / Juwan Johnson / Tyler Shough,49700,49500-49900,1-5,1,101.41,132.56,141.54,160.53,0.039,0,2,FORCED_CAPTAIN
559,Bijan Robinson,RB,Alvin Kamara / Falcons / Jahan Dotson / Juwan Johnson / Tyler Shough,48300,48000-48900,3-3,1,101.0,128.9,137.74,156.92,0.039,1,2,EXACT_OR_NEAR_OPTIMAL
1740,Chris Olave,WR,Bryce Lance / Juwan Johnson / Kyle Pitts Sr. / Michael Penix Jr. / Tyler Shough,49800,49500-49900,2-4,1,100.28,135.78,148.37,168.54,0.039,1,2,EXACT_OR_NEAR_OPTIMAL
1921,Daniel Carlson,K,Bijan Robinson / Chris Olave / Falcons / Juwan Johnson / Michael Penix Jr.,49800,49500-49900,3-3,0,101.69,128.41,136.59,152.79,0.039,1,1,EXACT_OR_NEAR_OPTIMAL
2236,Drake London,WR,Alvin Kamara / Daniel Carlson / Juwan Johnson / Nick Folk / Tyler Shough,49200,49000-49400,2-4,1,98.77,128.97,138.97,157.46,0.039,2,1,EXACT_OR_NEAR_OPTIMAL
2364,Drake London,WR,Bijan Robinson / Daniel Carlson / Falcons / Michael Penix Jr. / Nick Folk,49600,49500-49900,5-1,1,93.44,123.52,133.9,150.45,0.039,2,2,EXACT_OR_NEAR_OPTIMAL
2531,Falcons,DST,Alvin Kamara / Bijan Robinson / Chris Olave / Drake London / Saints,49200,49000-49400,3-3,0,100.31,124.83,131.78,148.94,0.039,1,0,EXACT_OR_NEAR_OPTIMAL
3623,Nick Folk,K,Bijan Robinson / Charlie Woerner / Chris Olave / Juwan Johnson / Tyler Shough,48300,48000-48900,3-3,1,102.5,133.45,144.54,165.28,0.039,0,2,FORCED_CAPTAIN
3909,Olamide Zaccheaus,WR,Chris Olave / Drake London / Juwan Johnson / Michael Penix Jr. / Tyler Shough,49800,49500-49900,3-3,1,103.25,138.51,148.86,166.97,0.039,1,3,EXACT_OR_NEAR_OPTIMAL
4565,Tyler Shough,QB,Alvin Kamara / Bijan Robinson / Jahan Dotson / Juwan Johnson / Nick Folk,49000,49000-49400,3-3,1,101.49,132.15,141.62,159.95,0.039,1,1,EXACT_OR_NEAR_OPTIMAL
4849,Tyler Shough,QB,Chris Olave / Jahan Dotson / Juwan Johnson / Michael Penix Jr. / Saints,48800,48000-48900,2-4,1,101.48,135.97,145.81,164.83,0.039,0,2,EXACT_OR_NEAR_OPTIMAL
82,Alvin Kamara,RB,Bijan Robinson / Drake London / Juwan Johnson / Michael Penix Jr. / Oscar Delp,49100,49000-49400,3-3,1,99.47,130.47,140.0,155.42,0.0385,0,2,FORCED_CAPTAIN
94,Alvin Kamara,RB,Bijan Robinson / Juwan Johnson / Nick Folk / Saints / Tyler Shough,48900,48000-48900,2-4,1,99.55,126.02,135.09,150.24,0.0385,1,1,EXACT_OR_NEAR_OPTIMAL
105,Alvin Kamara,RB,Brian Robinson Jr. / Chris Olave / Drake London / Saints / Tyler Shough,48900,48000-48900,2-4,1,99.82,128.8,140.35,157.42,0.0385,0,1,FORCED_CAPTAIN
646,Bijan Robinson,RB,Bryce Lance / Chris Olave / Drake London / Nick Folk / Saints,49900,49500-49900,3-3,0,101.81,129.34,136.62,156.48,0.0385,1,1,EXACT_OR_NEAR_OPTIMAL
736,Bijan Robinson,RB,Daniel Carlson / Drake London / Falcons / Juwan Johnson / Saints,47700,<48000,3-3,0,95.95,121.41,130.28,144.82,0.0385,1,1,EXACT_OR_NEAR_OPTIMAL
1684,Chris Olave,WR,Bijan Robinson / Drake London / Falcons / Jahan Dotson / Saints,48800,48000-48900,4-2,0,100.76,128.55,138.98,159.46,0.0385,1,0,EXACT_OR_NEAR_OPTIMAL
1774,Chris Olave,WR,Daniel Carlson / Falcons / Juwan Johnson / Nick Folk / Tyler Shough,47000,<48000,2-4,1,99.21,130.89,141.92,159.0,0.0385,0,1,EXACT_OR_NEAR_OPTIMAL
1839,Daniel Carlson,K,Alvin Kamara / Austin Hooper / Bijan Robinson / Chris Olave / Tyler Shough,49200,49000-49400,2-4,1,104.35,132.63,140.58,158.81,0.0385,0,1,FORCED_CAPTAIN
1853,Daniel Carlson,K,Alvin Kamara / Bijan Robinson / Chris Olave / Jahan Dotson / Tyler Shough,49400,49000-49400,2-4,1,104.79,132.47,142.23,159.76,0.0385,0,1,FORCED_CAPTAIN
1938,Daniel Carlson,K,Bijan Robinson / Drake London / Falcons / Juwan Johnson / Tyler Shough,49600,49500-49900,3-3,0,103.16,129.23,137.22,154.32,0.0385,2,1,EXACT_OR_NEAR_OPTIMAL
2508,Drake London,WR,Devaughn Vele / Juwan Johnson / Michael Penix Jr. / Oscar Delp / Tyler Shough,49200,49000-49400,2-4,1,96.45,132.23,143.79,162.44,0.0385,2,2,EXACT_OR_NEAR_OPTIMAL
3008,Juwan Johnson,TE,Chris Olave / Drake London / Olamide Zaccheaus / Saints / Tyler Shough,47700,<48000,2-4,1,101.34,135.41,145.4,162.45,0.0385,0,2,EXACT_OR_NEAR_OPTIMAL
4069,Saints,DST,Alvin Kamara / Chris Olave / Daniel Carlson / Drake London / Tyler Shough,48500,48000-48900,1-5,1,100.22,127.61,136.7,156.38,0.0385,0,2,FORCED_CAPTAIN
4535,Tyler Shough,QB,Alvin Kamara / Austin Hooper / Devaughn Vele / Drake London / Juwan Johnson,49400,49000-49400,2-4,1,98.18,132.5,143.19,164.76,0.0385,0,1,EXACT_OR_NEAR_OPTIMAL
4569,Tyler Shough,QB,Alvin Kamara / Brian Robinson Jr. / Chris Olave / Devaughn Vele / Nick Folk,49200,49000-49400,2-4,1,96.56,130.32,140.7,159.13,0.0385,0,1,EXACT_OR_NEAR_OPTIMAL
4603,Tyler Shough,QB,Alvin Kamara / CJ Donaldson / Chris Olave / Drake London / Nick Folk,49000,49000-49400,2-4,1,101.41,135.01,145.43,168.39,0.0385,0,1,EXACT_OR_NEAR_OPTIMAL
4730,Tyler Shough,QB,Bijan Robinson / Brian Robinson Jr. / Daniel Carlson / Devaughn Vele / Juwan Johnson,50000,50000,2-4,1,100.14,130.97,140.71,162.89,0.0385,1,2,EXACT_OR_NEAR_OPTIMAL
4864,Tyler Shough,QB,Daniel Carlson / Drake London / Juwan Johnson / Michael Penix Jr. / Saints,49800,49500-49900,2-4,0,100.34,132.24,141.54,159.69,0.0385,2,1,EXACT_OR_NEAR_OPTIMAL
279,Austin Hooper,TE,Bijan Robinson / Chris Olave / Drake London / Falcons / Tyler Shough,50000,50000,4-2,0,105.22,134.96,144.97,165.13,0.038,1,2,EXACT_OR_NEAR_OPTIMAL
492,Bijan Robinson,RB,Alvin Kamara / Charlie Woerner / Drake London / Michael Penix Jr. / Nick Folk,49700,49500-49900,5-1,1,96.27,126.61,137.23,155.33,0.038,1,3,EXACT_OR_NEAR_OPTIMAL
552,Bijan Robinson,RB,Alvin Kamara / Drake London / Juwan Johnson / Nick Folk / Olamide Zaccheaus,49500,49500-49900,4-2,0,99.14,128.04,136.95,152.87,0.038,1,1,EXACT_OR_NEAR_OPTIMAL
635,Bijan Robinson,RB,Bryce Lance / Charlie Woerner / Drake London / Michael Penix Jr. / Tyler Shough,48700,48000-48900,4-2,1,99.89,132.99,143.51,161.42,0.038,1,3,EXACT_OR_NEAR_OPTIMAL
655,Bijan Robinson,RB,CJ Donaldson / Chris Olave / Daniel Carlson / Devaughn Vele / Juwan Johnson,49900,49500-49900,1-5,0,100.99,129.83,138.66,160.5,0.038,1,2,EXACT_OR_NEAR_OPTIMAL
688,Bijan Robinson,RB,Chris Olave / Daniel Carlson / Jahan Dotson / Michael Penix Jr. / Saints,49500,49500-49900,3-3,1,99.25,126.73,136.34,157.26,0.038,2,2,EXACT_OR_NEAR_OPTIMAL
1387,Chris Olave,WR,Alvin Kamara / Austin Hooper / Bijan Robinson / Jahan Dotson / Michael Penix Jr.,49800,49500-49900,4-2,1,101.23,133.29,142.72,165.35,0.038,1,1,EXACT_OR_NEAR_OPTIMAL
2180,Drake London,WR,Alvin Kamara / Bryce Lance / Chris Olave / Daniel Carlson / Michael Penix Jr.,48400,48000-48900,2-4,0,95.97,127.21,137.97,160.64,0.038,1,0,EXACT_OR_NEAR_OPTIMAL
2339,Drake London,WR,Bijan Robinson / Bryce Lance / Falcons / Juwan Johnson / Michael Penix Jr.,48600,48000-48900,4-2,1,95.82,127.56,137.1,157.13,0.038,0,2,FORCED_CAPTAIN
2353,Drake London,WR,Bijan Robinson / Chris Olave / Falcons / Jahan Dotson / Nick Folk,49600,49500-49900,5-1,0,99.26,127.1,137.16,158.94,0.038,2,1,EXACT_OR_NEAR_OPTIMAL
2382,Drake London,WR,Bijan Robinson / Juwan Johnson / Kyle Pitts Sr. / Oscar Delp / Tyler Shough,50000,50000,3-3,1,101.24,133.15,143.93,158.9,0.038,2,3,EXACT_OR_NEAR_OPTIMAL
2394,Drake London,WR,Brian Robinson Jr. / Daniel Carlson / Juwan Johnson / Michael Penix Jr. / Tyler Shough,49600,49500-49900,3-3,1,97.22,130.05,140.5,159.39,0.038,0,2,EXACT_OR_NEAR_OPTIMAL
2804,Juwan Johnson,TE,Alvin Kamara / Bijan Robinson / Falcons / Saints / Tyler Shough,47300,<48000,2-4,1,98.54,126.14,135.51,153.76,0.038,1,1,EXACT_OR_NEAR_OPTIMAL
2826,Juwan Johnson,TE,Alvin Kamara / Chris Olave / Daniel Carlson / Kyle Pitts Sr. / Tyler Shough,49100,49000-49400,1-5,1,99.77,132.25,143.38,159.95,0.038,2,2,EXACT_OR_NEAR_OPTIMAL
3642,Nick Folk,K,Bijan Robinson / Chris Olave / Juwan Johnson / Treyton Welch / Tyler Shough,47900,<48000,2-4,1,102.43,133.57,143.97,164.7,0.038,0,2,FORCED_CAPTAIN
4685,Tyler Shough,QB,Alvin Kamara / Drake London / Juwan Johnson / Michael Penix Jr. / Treyton Welch,48000,48000-48900,2-4,1,99.16,133.94,143.66,164.66,0.038,0,2,EXACT_OR_NEAR_OPTIMAL
0,Alvin Kamara,RB,Austin Hooper / Bijan Robinson / Brian Robinson Jr. / Chris Olave / Tyler Shough,49300,49000-49400,3-3,1,102.92,132.32,142.3,163.64,0.0375,0,1,FORCED_CAPTAIN
663,Bijan Robinson,RB,CJ Donaldson / Drake London / Michael Penix Jr. / Olamide Zaccheaus / Tyler Shough,49700,49500-49900,4-2,1,99.75,132.59,142.92,160.34,0.0375,1,3,EXACT_OR_NEAR_OPTIMAL
1469,Chris Olave,WR,Alvin Kamara / Bryce Lance / Daniel Carlson / Michael Penix Jr. / Tyler Shough,48400,48000-48900,1-5,1,101.25,134.47,145.62,165.19,0.0375,0,2,EXACT_OR_NEAR_OPTIMAL
1608,Chris Olave,WR,Austin Hooper / Jahan Dotson / Juwan Johnson / Michael Penix Jr. / Tyler Shough,48000,48000-48900,3-3,1,100.18,135.33,147.64,169.76,0.0375,1,2,EXACT_OR_NEAR_OPTIMAL
2163,Drake London,WR,Alvin Kamara / Bijan Robinson / Oscar Delp / Saints / Tyler Shough,48000,48000-48900,2-4,1,100.15,128.88,138.68,154.09,0.0375,1,1,EXACT_OR_NEAR_OPTIMAL
2309,Drake London,WR,Austin Hooper / Chris Olave / Jahan Dotson / Juwan Johnson / Tyler Shough,48600,48000-48900,3-3,1,102.03,137.23,147.54,166.12,0.0375,0,2,FORCED_CAPTAIN
2434,Drake London,WR,Chris Olave / Daniel Carlson / Juwan Johnson / Michael Penix Jr. / Olamide Zaccheaus,49000,49000-49400,3-3,1,98.19,131.22,140.77,159.0,0.0375,0,2,EXACT_OR_NEAR_OPTIMAL
2513,Drake London,WR,Falcons / Juwan Johnson / Michael Penix Jr. / Nick Folk / Tyler Shough,50000,50000,4-2,0,97.44,129.07,138.74,161.57,0.0375,0,2,EXACT_OR_NEAR_OPTIMAL
2962,Juwan Johnson,TE,Bijan Robinson / Devaughn Vele / Michael Penix Jr. / Nick Muse / Tyler Shough,49500,49500-49900,3-3,1,99.09,132.35,142.4,163.83,0.0375,1,2,EXACT_OR_NEAR_OPTIMAL
3984,Oscar Delp,TE,Bijan Robinson / Chris Olave / Devaughn Vele / Juwan Johnson / Tyler Shough,48000,48000-48900,1-5,1,103.53,135.57,147.85,168.3,0.0375,0,3,FORCED_CAPTAIN
4123,Saints,DST,Bijan Robinson / Chris Olave / Jahan Dotson / Juwan Johnson / Tyler Shough,48900,48000-48900,2-4,1,104.21,133.51,142.33,161.34,0.0375,0,2,FORCED_CAPTAIN
4809,Tyler Shough,QB,Bryce Lance / Chris Olave / Juwan Johnson / Michael Penix Jr. / Nick Folk,48800,48000-48900,2-4,1,101.42,136.99,146.97,167.81,0.0375,0,2,EXACT_OR_NEAR_OPTIMAL
4830,Tyler Shough,QB,Chris Olave / Devaughn Vele / Drake London / Olamide Zaccheaus / Saints,49200,49000-49400,2-4,1,99.35,133.21,144.3,164.23,0.0375,0,1,FORCED_CAPTAIN
4831,Tyler Shough,QB,Chris Olave / Devaughn Vele / Falcons / Juwan Johnson / Saints,48200,48000-48900,1-5,1,98.7,131.17,141.38,161.61,0.0375,1,2,EXACT_OR_NEAR_OPTIMAL
487,Bijan Robinson,RB,Alvin Kamara / CJ Donaldson / Chris Olave / Drake London / Jahan Dotson,49900,49500-49900,3-3,0,102.96,132.33,142.26,162.16,0.037,1,1,EXACT_OR_NEAR_OPTIMAL
538,Bijan Robinson,RB,Alvin Kamara / Daniel Carlson / Juwan Johnson / Oscar Delp / Tyler Shough,46900,<48000,1-5,1,101.38,130.19,140.0,154.37,0.037,1,3,EXACT_OR_NEAR_OPTIMAL
572,Bijan Robinson,RB,Austin Hooper / Brian Robinson Jr. / Chris Olave / Falcons / Tyler Shough,48300,48000-48900,4-2,0,101.05,130.09,140.12,160.9,0.037,1,1,EXACT_OR_NEAR_OPTIMAL
589,Bijan Robinson,RB,Austin Hooper / Chris Olave / Falcons / Michael Penix Jr. / Nick Folk,49300,49000-49400,5-1,1,97.14,125.9,135.49,156.72,0.037,1,3,EXACT_OR_NEAR_OPTIMAL
709,Bijan Robinson,RB,Chris Olave / Falcons / Jahan Dotson / Michael Penix Jr. / Nick Folk,49500,49500-49900,5-1,1,97.58,126.51,136.37,155.73,0.037,4,3,EXACT_OR_NEAR_OPTIMAL
756,Bijan Robinson,RB,Devaughn Vele / Jahan Dotson / Juwan Johnson / Saints / Tyler Shough,49700,49500-49900,2-4,1,99.3,127.14,137.89,158.18,0.037,1,2,EXACT_OR_NEAR_OPTIMAL
907,Bryce Lance,WR,Alvin Kamara / Bijan Robinson / Chris Olave / Devaughn Vele / Tyler Shough,49700,49500-49900,1-5,1,102.87,134.58,144.64,163.69,0.037,0,2,FORCED_CAPTAIN
1225,Charlie Woerner,TE,Bijan Robinson / Chris Olave / Juwan Johnson / Michael Penix Jr. / Tyler Shough,49500,49500-49900,3-3,1,106.21,139.16,149.92,170.7,0.037,0,3,FORCED_CAPTAIN
1455,Chris Olave,WR,Alvin Kamara / Brian Robinson Jr. / Devaughn Vele / Saints / Tyler Shough,48600,48000-48900,1-5,1,96.84,128.9,141.58,160.42,0.037,1,2,EXACT_OR_NEAR_OPTIMAL
1486,Chris Olave,WR,Alvin Kamara / Daniel Carlson / Devaughn Vele / Jahan Dotson / Tyler Shough,48400,48000-48900,1-5,1,98.33,131.39,141.98,161.72,0.037,1,2,EXACT_OR_NEAR_OPTIMAL
1556,Chris Olave,WR,Austin Hooper / Bijan Robinson / Brian Robinson Jr. / Daniel Carlson / Drake London,49400,49000-49400,4-2,0,101.42,131.73,142.49,160.95,0.037,2,0,EXACT_OR_NEAR_OPTIMAL
2002,Devaughn Vele,WR,Alvin Kamara / Chris Olave / Drake London / Kevin Austin Jr. / Tyler Shough,49900,49500-49900,1-5,1,99.07,133.1,143.14,166.12,0.037,1,2,EXACT_OR_NEAR_OPTIMAL
2076,Devaughn Vele,WR,Bijan Robinson / Juwan Johnson / Michael Penix Jr. / Oscar Delp / Tyler Shough,49900,49500-49900,2-4,1,97.96,129.44,140.9,161.19,0.037,0,2,FORCED_CAPTAIN
2237,Drake London,WR,Alvin Kamara / Daniel Carlson / Juwan Johnson / Saints / Tyler Shough,48000,48000-48900,1-5,1,97.44,127.41,137.5,153.25,0.037,1,2,EXACT_OR_NEAR_OPTIMAL
2344,Drake London,WR,Bijan Robinson / CJ Donaldson / Jahan Dotson / Michael Penix Jr. / Tyler Shough,49800,49500-49900,4-2,1,98.41,132.98,142.47,161.73,0.037,1,2,EXACT_OR_NEAR_OPTIMAL
2952,Juwan Johnson,TE,Bijan Robinson / Daniel Carlson / Drake London / Kevin Austin Jr. / Tyler Shough,48100,48000-48900,2-4,1,102.08,133.51,142.49,163.16,0.037,0,2,FORCED_CAPTAIN
3454,Michael Penix Jr.,QB,Austin Hooper / Bijan Robinson / Chris Olave / Drake London / Kevin Austin Jr.,49700,49500-49900,4-2,1,99.07,133.14,143.68,163.99,0.037,0,2,FORCED_CAPTAIN
3489,Michael Penix Jr.,QB,Bijan Robinson / Chris Olave / Drake London / Jahan Dotson / Kevin Austin Jr.,49900,49500-49900,4-2,1,99.51,133.27,143.55,163.76,0.037,0,2,FORCED_CAPTAIN
4776,Tyler Shough,QB,Bijan Robinson / Devaughn Vele / Jahan Dotson / Juwan Johnson / Nick Folk,49800,49500-49900,3-3,1,98.85,130.37,140.04,162.59,0.037,1,1,EXACT_OR_NEAR_OPTIMAL
4781,Tyler Shough,QB,Bijan Robinson / Jahan Dotson / Juwan Johnson / Michael Penix Jr. / Saints,49800,49500-49900,3-3,1,101.83,132.77,142.64,161.43,0.037,1,2,EXACT_OR_NEAR_OPTIMAL
4789,Tyler Shough,QB,Brian Robinson Jr. / Chris Olave / Devaughn Vele / Juwan Johnson / Saints,48400,48000-48900,1-5,1,97.74,132.53,143.74,162.14,0.037,0,2,EXACT_OR_NEAR_OPTIMAL
40,Alvin Kamara,RB,Bijan Robinson / Chris Olave / Daniel Carlson / Drake London / Oscar Delp,48300,48000-48900,2-4,0,102.25,128.98,137.33,157.34,0.0365,0,0,FORCED_CAPTAIN
93,Alvin Kamara,RB,Bijan Robinson / Juwan Johnson / Michael Penix Jr. / Oscar Delp / Tyler Shough,48700,48000-48900,2-4,1,101.93,132.32,143.09,157.34,0.0365,0,2,FORCED_CAPTAIN
154,Alvin Kamara,RB,Chris Olave / Drake London / Jahan Dotson / Saints / Tyler Shough,48100,48000-48900,2-4,1,99.26,128.79,139.23,159.78,0.0365,1,1,EXACT_OR_NEAR_OPTIMAL
243,Austin Hooper,TE,Alvin Kamara / Chris Olave / Drake London / Juwan Johnson / Tyler Shough,49000,49000-49400,2-4,1,103.42,137.31,146.78,167.59,0.0365,1,2,EXACT_OR_NEAR_OPTIMAL
455,Bijan Robinson,RB,Alvin Kamara / Austin Hooper / Chris Olave / Daniel Carlson / Nick Folk,48500,48000-48900,3-3,0,98.47,123.94,134.22,150.24,0.0365,1,1,EXACT_OR_NEAR_OPTIMAL
468,Bijan Robinson,RB,Alvin Kamara / Barion Brown / Chris Olave / Falcons / Michael Penix Jr.,49300,49000-49400,3-3,0,99.49,127.84,138.56,158.21,0.0365,1,1,EXACT_OR_NEAR_OPTIMAL
642,Bijan Robinson,RB,Bryce Lance / Chris Olave / Daniel Carlson / Michael Penix Jr. / Nick Folk,49500,49500-49900,3-3,0,99.19,127.62,138.01,156.32,0.0365,1,1,EXACT_OR_NEAR_OPTIMAL
752,Bijan Robinson,RB,Devaughn Vele / Drake London / Falcons / Oscar Delp / Tyler Shough,49100,49000-49400,3-3,1,99.58,128.12,137.0,157.94,0.0365,1,2,EXACT_OR_NEAR_OPTIMAL
1467,Chris Olave,WR,Alvin Kamara / Bryce Lance / Daniel Carlson / Drake London / Michael Penix Jr.,48800,48000-48900,2-4,0,98.8,130.38,140.87,160.25,0.0365,0,0,EXACT_OR_NEAR_OPTIMAL
1718,Chris Olave,WR,Brian Robinson Jr. / Devaughn Vele / Falcons / Juwan Johnson / Tyler Shough,48400,48000-48900,2-4,1,98.41,132.58,142.8,165.07,0.0365,0,1,EXACT_OR_NEAR_OPTIMAL
1721,Chris Olave,WR,Brian Robinson Jr. / Drake London / Falcons / Juwan Johnson / Michael Penix Jr.,50000,50000,4-2,1,100.26,131.64,142.31,161.56,0.0365,1,3,EXACT_OR_NEAR_OPTIMAL
1915,Daniel Carlson,K,Bijan Robinson / Chris Olave / Drake London / Juwan Johnson / Olamide Zaccheaus,49200,49000-49400,3-3,0,103.18,130.8,138.76,156.02,0.0365,0,1,FORCED_CAPTAIN
2043,Devaughn Vele,WR,Bijan Robinson / Bryce Lance / Chris Olave / Saints / Tyler Shough,49900,49500-49900,1-5,1,99.91,130.79,141.1,160.33,0.0365,0,2,FORCED_CAPTAIN
2797,Juwan Johnson,TE,Alvin Kamara / Bijan Robinson / Drake London / Falcons / Nick Folk,48900,48000-48900,4-2,0,97.41,124.71,135.22,149.2,0.0365,2,0,EXACT_OR_NEAR_OPTIMAL
3020,Juwan Johnson,TE,Daniel Carlson / Drake London / Michael Penix Jr. / Nick Folk / Tyler Shough,49900,49500-49900,3-3,0,98.52,130.97,141.02,160.52,0.0365,0,1,EXACT_OR_NEAR_OPTIMAL
3394,Michael Penix Jr.,QB,Alvin Kamara / Austin Hooper / Bijan Robinson / Daniel Carlson / Drake London,49900,49500-49900,4-2,1,94.92,125.54,136.0,153.86,0.0365,0,1,FORCED_CAPTAIN
3483,Michael Penix Jr.,QB,Bijan Robinson / Charlie Woerner / Chris Olave / Drake London / Jahan Dotson,49700,49500-49900,5-1,1,99.15,132.94,142.94,163.57,0.0365,0,3,FORCED_CAPTAIN
3532,Michael Penix Jr.,QB,Chris Olave / Daniel Carlson / Drake London / Oscar Delp / Tyler Shough,49100,49000-49400,2-4,1,101.2,135.24,145.41,164.16,0.0365,0,2,FORCED_CAPTAIN
3559,Nick Folk,K,Alvin Kamara / Bijan Robinson / Bryce Lance / Chris Olave / Tyler Shough,49100,49000-49400,2-4,1,102.31,131.41,142.14,157.75,0.0365,0,1,FORCED_CAPTAIN
3619,Nick Folk,K,Bijan Robinson / Bryce Lance / Chris Olave / Drake London / Juwan Johnson,49900,49500-49900,3-3,0,102.36,130.93,140.27,156.18,0.0365,0,1,FORCED_CAPTAIN
3848,Olamide Zaccheaus,WR,Bijan Robinson / Chris Olave / Daniel Carlson / Drake London / Tyler Shough,50000,50000,3-3,0,106.38,136.49,146.85,167.09,0.0365,0,2,FORCED_CAPTAIN
4538,Tyler Shough,QB,Alvin Kamara / Barion Brown / Drake London / Juwan Johnson / Michael Penix Jr.,49000,49000-49400,2-4,1,99.05,133.77,143.49,164.66,0.0365,0,2,EXACT_OR_NEAR_OPTIMAL
4606,Tyler Shough,QB,Alvin Kamara / Charlie Woerner / Drake London / Juwan Johnson / Michael Penix Jr.,48400,48000-48900,3-3,1,99.23,133.93,143.71,165.59,0.0365,1,2,EXACT_OR_NEAR_OPTIMAL
7,Alvin Kamara,RB,Austin Hooper / Bijan Robinson / Devaughn Vele / Juwan Johnson / Tyler Shough,49900,49500-49900,2-4,1,99.79,129.71,139.34,158.17,0.036,0,1,FORCED_CAPTAIN
151,Alvin Kamara,RB,Chris Olave / Drake London / Falcons / Saints / Tyler Shough,48700,48000-48900,2-4,1,100.78,128.7,138.23,156.22,0.036,0,1,EXACT_OR_NEAR_OPTIMAL
464,Bijan Robinson,RB,Alvin Kamara / Austin Hooper / Drake London / Jahan Dotson / Michael Penix Jr.,49500,49500-49900,5-1,1,95.74,127.45,138.92,155.19,0.036,3,3,EXACT_OR_NEAR_OPTIMAL
517,Bijan Robinson,RB,Alvin Kamara / Chris Olave / Jahan Dotson / Michael Penix Jr. / Olamide Zaccheaus,49500,49500-49900,4-2,1,100.18,129.89,139.43,161.76,0.036,1,2,EXACT_OR_NEAR_OPTIMAL
519,Bijan Robinson,RB,Alvin Kamara / Chris Olave / Juwan Johnson / Olamide Zaccheaus / Saints,49100,49000-49400,2-4,0,103.48,130.47,138.95,157.33,0.036,1,1,EXACT_OR_NEAR_OPTIMAL
530,Bijan Robinson,RB,Alvin Kamara / Daniel Carlson / Drake London / Nick Folk / Saints,49100,49000-49400,3-3,0,95.71,119.47,128.65,143.33,0.036,2,1,EXACT_OR_NEAR_OPTIMAL
2006,Devaughn Vele,WR,Alvin Kamara / Chris Olave / Jahan Dotson / Juwan Johnson / Tyler Shough,49500,49500-49900,1-5,1,98.57,132.3,143.99,161.62,0.036,0,2,FORCED_CAPTAIN
2810,Juwan Johnson,TE,Alvin Kamara / Brian Robinson Jr. / Chris Olave / Nick Folk / Tyler Shough,47700,<48000,2-4,1,98.56,132.07,142.36,161.84,0.036,0,1,FORCED_CAPTAIN
3494,Michael Penix Jr.,QB,Bijan Robinson / Chris Olave / Jahan Dotson / Oscar Delp / Tyler Shough,49100,49000-49400,3-3,1,102.69,135.98,146.25,167.71,0.036,0,2,FORCED_CAPTAIN
3540,Michael Penix Jr.,QB,Chris Olave / Drake London / Nick Folk / Oscar Delp / Tyler Shough,49700,49500-49900,3-3,1,100.46,134.16,144.84,167.38,0.036,0,2,FORCED_CAPTAIN
3596,Nick Folk,K,Alvin Kamara / Chris Olave / Drake London / Saints / Tyler Shough,49700,49500-49900,2-4,1,100.15,129.06,138.47,157.75,0.036,0,1,FORCED_CAPTAIN
4650,Tyler Shough,QB,Alvin Kamara / Daniel Carlson / Drake London / Juwan Johnson / Nick Folk,49000,49000-49400,2-4,1,100.0,129.93,140.55,157.67,0.036,0,1,EXACT_OR_NEAR_OPTIMAL
10,Alvin Kamara,RB,Austin Hooper / Chris Olave / Devaughn Vele / Juwan Johnson / Tyler Shough,48900,48000-48900,1-5,1,99.45,131.67,142.4,161.41,0.0355,0,2,FORCED_CAPTAIN
54,Alvin Kamara,RB,Bijan Robinson / Chris Olave / Juwan Johnson / Michael Penix Jr. / Oscar Delp,49900,49500-49900,2-4,0,105.13,133.96,142.02,163.64,0.0355,1,1,EXACT_OR_NEAR_OPTIMAL
63,Alvin Kamara,RB,Bijan Robinson / Daniel Carlson / Drake London / Jahan Dotson / Tyler Shough,49700,49500-49900,3-3,0,101.66,128.51,139.02,151.72,0.0355,2,0,EXACT_OR_NEAR_OPTIMAL
456,Bijan Robinson,RB,Alvin Kamara / Austin Hooper / Chris Olave / Devaughn Vele / Falcons,49700,49500-49900,3-3,0,98.62,125.83,135.36,154.68,0.0355,1,1,EXACT_OR_NEAR_OPTIMAL
461,Bijan Robinson,RB,Alvin Kamara / Austin Hooper / Daniel Carlson / Juwan Johnson / Michael Penix Jr.,48700,48000-48900,3-3,1,96.42,125.43,133.43,150.07,0.0355,3,2,EXACT_OR_NEAR_OPTIMAL
504,Bijan Robinson,RB,Alvin Kamara / Chris Olave / Devaughn Vele / Falcons / Jahan Dotson,49900,49500-49900,3-3,0,99.07,125.35,136.12,155.95,0.0355,1,1,EXACT_OR_NEAR_OPTIMAL
522,Bijan Robinson,RB,Alvin Kamara / Daniel Carlson / Devaughn Vele / Falcons / Michael Penix Jr.,49900,49500-49900,3-3,0,93.25,119.47,127.83,147.91,0.0355,1,1,EXACT_OR_NEAR_OPTIMAL
556,Bijan Robinson,RB,Alvin Kamara / Drake London / Michael Penix Jr. / Olamide Zaccheaus / Saints,49900,49500-49900,4-2,1,96.98,126.63,136.08,151.78,0.0355,2,2,EXACT_OR_NEAR_OPTIMAL
560,Bijan Robinson,RB,Alvin Kamara / Falcons / Juwan Johnson / Michael Penix Jr. / Saints,48900,48000-48900,3-3,0,96.33,122.03,131.16,145.95,0.0355,1,1,EXACT_OR_NEAR_OPTIMAL
1526,Chris Olave,WR,Alvin Kamara / Drake London / Jahan Dotson / Michael Penix Jr. / Saints,49400,49000-49400,3-3,1,98.13,129.16,140.52,160.96,0.0355,1,1,EXACT_OR_NEAR_OPTIMAL
1554,Chris Olave,WR,Alvin Kamara / Michael Penix Jr. / Nick Folk / Olamide Zaccheaus / Tyler Shough,49200,49000-49400,3-3,1,100.24,134.13,144.2,165.69,0.0355,1,1,EXACT_OR_NEAR_OPTIMAL
1746,Chris Olave,WR,Charlie Woerner / Devaughn Vele / Drake London / Saints / Tyler Shough,48400,48000-48900,2-4,1,98.91,133.1,145.04,167.52,0.0355,0,1,EXACT_OR_NEAR_OPTIMAL
1784,Chris Olave,WR,Devaughn Vele / Drake London / Falcons / Olamide Zaccheaus / Tyler Shough,49200,49000-49400,3-3,1,100.01,134.18,145.47,169.43,0.0355,2,1,EXACT_OR_NEAR_OPTIMAL
1835,Chris Olave,WR,Juwan Johnson / Michael Penix Jr. / Olamide Zaccheaus / Saints / Tyler Shough,48400,48000-48900,2-4,1,101.42,136.77,146.87,166.03,0.0355,1,2,EXACT_OR_NEAR_OPTIMAL
1898,Daniel Carlson,K,Bijan Robinson / Brian Robinson Jr. / Drake London / Juwan Johnson / Tyler Shough,49800,49500-49900,3-3,0,102.2,130.84,138.55,156.02,0.0355,0,1,FORCED_CAPTAIN
1902,Daniel Carlson,K,Bijan Robinson / Bryce Lance / Chris Olave / Drake London / Juwan Johnson,49000,49000-49400,2-4,0,103.46,131.5,138.76,157.25,0.0355,1,1,EXACT_OR_NEAR_OPTIMAL
2200,Drake London,WR,Alvin Kamara / Chris Olave / Devaughn Vele / Michael Penix Jr. / Oscar Delp,50000,50000,2-4,0,97.15,129.42,141.79,160.71,0.0355,1,1,EXACT_OR_NEAR_OPTIMAL
2316,Drake London,WR,Austin Hooper / Daniel Carlson / Juwan Johnson / Michael Penix Jr. / Tyler Shough,48600,48000-48900,3-3,1,96.21,129.79,140.51,160.56,0.0355,0,2,EXACT_OR_NEAR_OPTIMAL
2331,Drake London,WR,Bijan Robinson / Brian Robinson Jr. / Jahan Dotson / Juwan Johnson / Michael Penix Jr.,50000,50000,5-1,1,96.25,129.03,139.92,157.83,0.0355,1,4,EXACT_OR_NEAR_OPTIMAL
2365,Drake London,WR,Bijan Robinson / Daniel Carlson / Falcons / Michael Penix Jr. / Saints,48400,48000-48900,4-2,1,92.11,120.29,130.63,147.59,0.0355,2,1,EXACT_OR_NEAR_OPTIMAL
2450,Drake London,WR,Chris Olave / Falcons / Jahan Dotson / Juwan Johnson / Michael Penix Jr.,48800,48000-48900,4-2,1,96.87,129.67,140.1,158.47,0.0355,0,2,EXACT_OR_NEAR_OPTIMAL
2480,Drake London,WR,Daniel Carlson / Devaughn Vele / Juwan Johnson / Nick Folk / Tyler Shough,50000,50000,2-4,1,96.13,127.79,138.25,157.95,0.0355,1,2,EXACT_OR_NEAR_OPTIMAL
3412,Michael Penix Jr.,QB,Alvin Kamara / Bijan Robinson / Drake London / Juwan Johnson / Nick Muse,49900,49500-49900,4-2,1,98.86,131.08,140.98,159.11,0.0355,0,2,FORCED_CAPTAIN
3937,Oscar Delp,TE,Alvin Kamara / Bijan Robinson / Chris Olave / Michael Penix Jr. / Tyler Shough,48800,48000-48900,2-4,1,105.33,136.0,147.42,167.75,0.0355,0,2,FORCED_CAPTAIN
3986,Oscar Delp,TE,Bijan Robinson / Chris Olave / Devaughn Vele / Michael Penix Jr. / Tyler Shough,49600,49500-49900,2-4,1,102.69,135.36,146.61,168.6,0.0355,1,2,EXACT_OR_NEAR_OPTIMAL
4056,Saints,DST,Alvin Kamara / Bijan Robinson / Daniel Carlson / Drake London / Tyler Shough,49500,49500-49900,2-4,0,100.56,124.81,132.09,145.46,0.0355,0,0,FORCED_CAPTAIN
4102,Saints,DST,Bijan Robinson / CJ Donaldson / Chris Olave / Drake London / Tyler Shough,49900,49500-49900,2-4,1,104.48,132.44,142.62,162.81,0.0355,1,2,EXACT_OR_NEAR_OPTIMAL
4602,Tyler Shough,QB,Alvin Kamara / CJ Donaldson / Chris Olave / Daniel Carlson / Drake London,48400,48000-48900,1-5,1,102.14,134.36,145.29,165.92,0.0355,0,2,EXACT_OR_NEAR_OPTIMAL
4702,Tyler Shough,QB,Austin Hooper / Bijan Robinson / Drake London / Michael Penix Jr. / Olamide Zaccheaus,50000,50000,5-1,1,101.1,134.47,144.12,160.99,0.0355,1,4,EXACT_OR_NEAR_OPTIMAL
125,Alvin Kamara,RB,Bryce Lance / Drake London / Juwan Johnson / Michael Penix Jr. / Tyler Shough,48300,48000-48900,2-4,1,97.15,129.22,140.01,160.63,0.035,0,2,FORCED_CAPTAIN
192,Alvin Kamara,RB,Devaughn Vele / Drake London / Juwan Johnson / Saints / Tyler Shough,49500,49500-49900,1-5,1,96.69,127.32,136.67,154.51,0.035,1,2,EXACT_OR_NEAR_OPTIMAL
466,Bijan Robinson,RB,Alvin Kamara / Austin Hooper / Falcons / Michael Penix Jr. / Tyler Shough,49700,49500-49900,4-2,1,99.72,127.46,136.4,154.14,0.035,2,2,EXACT_OR_NEAR_OPTIMAL
616,Bijan Robinson,RB,Brian Robinson Jr. / Chris Olave / Daniel Carlson / Olamide Zaccheaus / Tyler Shough,48700,48000-48900,3-3,0,102.82,132.01,142.5,163.09,0.035,1,1,EXACT_OR_NEAR_OPTIMAL
648,Bijan Robinson,RB,Bryce Lance / Chris Olave / Falcons / Saints / Tyler Shough,47700,<48000,2-4,1,102.0,129.42,139.45,157.3,0.035,1,2,EXACT_OR_NEAR_OPTIMAL
681,Bijan Robinson,RB,Chris Olave / Daniel Carlson / Drake London / Saints / Zachariah Branch,49900,49500-49900,3-3,0,100.59,128.2,137.25,154.51,0.035,1,1,EXACT_OR_NEAR_OPTIMAL
693,Bijan Robinson,RB,Chris Olave / Daniel Carlson / Michael Penix Jr. / Nick Folk / Olamide Zaccheaus,49700,49500-49900,4-2,1,98.91,127.15,136.69,156.49,0.035,1,2,EXACT_OR_NEAR_OPTIMAL
773,Bijan Robinson,RB,Drake London / Juwan Johnson / Kendre Miller / Nick Muse / Tyler Shough,49900,49500-49900,3-3,1,101.42,132.87,141.26,163.58,0.035,1,3,EXACT_OR_NEAR_OPTIMAL
1756,Chris Olave,WR,Daniel Carlson / Devaughn Vele / Michael Penix Jr. / Olamide Zaccheaus / Tyler Shough,49400,49000-49400,2-4,1,98.33,133.17,143.52,165.76,0.035,1,1,EXACT_OR_NEAR_OPTIMAL
1834,Chris Olave,WR,Juwan Johnson / Michael Penix Jr. / Nick Folk / Oscar Delp / Tyler Shough,48000,48000-48900,2-4,1,101.79,136.88,149.09,168.55,0.035,0,2,EXACT_OR_NEAR_OPTIMAL
1855,Daniel Carlson,K,Alvin Kamara / Bijan Robinson / Chris Olave / Juwan Johnson / Saints,48400,48000-48900,1-5,0,100.96,124.47,131.51,146.87,0.035,0,1,FORCED_CAPTAIN
2205,Drake London,WR,Alvin Kamara / Chris Olave / Jahan Dotson / Michael Penix Jr. / Saints,49000,49000-49400,3-3,1,95.3,126.45,136.94,158.51,0.035,0,1,EXACT_OR_NEAR_OPTIMAL
2284,Drake London,WR,Austin Hooper / Bijan Robinson / Brian Robinson Jr. / Juwan Johnson / Michael Penix Jr.,49800,49500-49900,5-1,1,95.81,129.61,139.77,157.31,0.035,1,3,EXACT_OR_NEAR_OPTIMAL
2429,Drake London,WR,Chris Olave / Daniel Carlson / Falcons / Nick Folk / Tyler Shough,49200,49000-49400,3-3,0,100.22,129.69,139.22,160.86,0.035,1,0,EXACT_OR_NEAR_OPTIMAL
2486,Drake London,WR,Daniel Carlson / Falcons / Juwan Johnson / Michael Penix Jr. / Tyler Shough,49400,49000-49400,3-3,0,98.18,129.13,139.62,160.02,0.035,0,1,EXACT_OR_NEAR_OPTIMAL
2637,Falcons,DST,Bijan Robinson / Drake London / Juwan Johnson / Nick Folk / Tyler Shough,49600,49500-49900,4-2,0,100.93,127.4,135.45,153.55,0.035,0,1,FORCED_CAPTAIN
2841,Juwan Johnson,TE,Alvin Kamara / Chris Olave / Kyle Pitts Sr. / Nick Folk / Tyler Shough,49700,49500-49900,2-4,1,99.04,132.52,143.27,163.19,0.035,0,1,EXACT_OR_NEAR_OPTIMAL
4117,Saints,DST,Bijan Robinson / Chris Olave / Drake London / Kevin Austin Jr. / Tyler Shough,49300,49000-49400,2-4,1,104.71,133.09,142.83,162.56,0.035,1,2,EXACT_OR_NEAR_OPTIMAL
74,Alvin Kamara,RB,Bijan Robinson / Devaughn Vele / Drake London / Nick Muse / Tyler Shough,49900,49500-49900,3-3,1,100.01,129.72,139.79,156.88,0.0345,1,1,EXACT_OR_NEAR_OPTIMAL
76,Alvin Kamara,RB,Bijan Robinson / Devaughn Vele / Juwan Johnson / Olamide Zaccheaus / Tyler Shough,49100,49000-49400,2-4,1,98.57,128.58,138.04,155.02,0.0345,0,1,FORCED_CAPTAIN
294,Austin Hooper,TE,Bijan Robinson / Chris Olave / Juwan Johnson / Nick Folk / Tyler Shough,49200,49000-49400,3-3,1,103.64,135.1,145.69,166.66,0.0345,0,2,FORCED_CAPTAIN
599,Bijan Robinson,RB,Austin Hooper / Devaughn Vele / Juwan Johnson / Saints / Tyler Shough,49500,49500-49900,2-4,1,98.85,127.34,138.06,159.01,0.0345,1,2,EXACT_OR_NEAR_OPTIMAL
696,Bijan Robinson,RB,Chris Olave / Daniel Carlson / Saints / Tyler Shough / Zachariah Branch,49500,49500-49900,2-4,0,103.04,131.0,140.87,160.54,0.0345,1,1,EXACT_OR_NEAR_OPTIMAL
1393,Chris Olave,WR,Alvin Kamara / Austin Hooper / Bryce Lance / Drake London / Tyler Shough,47400,<48000,2-4,1,100.96,136.39,146.07,168.69,0.0345,0,1,EXACT_OR_NEAR_OPTIMAL
1470,Chris Olave,WR,Alvin Kamara / Bryce Lance / Devaughn Vele / Nick Folk / Tyler Shough,47800,<48000,1-5,1,96.21,130.1,142.4,160.73,0.0345,2,2,EXACT_OR_NEAR_OPTIMAL
1674,Chris Olave,WR,Bijan Robinson / Daniel Carlson / Kevin Austin Jr. / Kyle Pitts Sr. / Tyler Shough,49000,49000-49400,2-4,1,101.45,133.87,144.66,167.57,0.0345,1,1,EXACT_OR_NEAR_OPTIMAL
1717,Chris Olave,WR,Brian Robinson Jr. / Devaughn Vele / Drake London / Oscar Delp / Tyler Shough,47800,<48000,2-4,1,98.1,133.21,144.77,168.55,0.0345,1,1,EXACT_OR_NEAR_OPTIMAL
2213,Drake London,WR,Alvin Kamara / Chris Olave / Nick Folk / Treyton Welch / Tyler Shough,48000,48000-48900,2-4,1,99.98,133.11,143.41,165.04,0.0345,0,1,EXACT_OR_NEAR_OPTIMAL
2489,Drake London,WR,Daniel Carlson / Jahan Dotson / Juwan Johnson / Michael Penix Jr. / Tyler Shough,48800,48000-48900,3-3,1,96.65,129.69,140.79,160.72,0.0345,1,2,EXACT_OR_NEAR_OPTIMAL
2891,Juwan Johnson,TE,Alvin Kamara / Drake London / Michael Penix Jr. / Oscar Delp / Tyler Shough,47100,<48000,2-4,1,97.17,130.1,141.28,162.86,0.0345,0,2,EXACT_OR_NEAR_OPTIMAL
3004,Juwan Johnson,TE,Chris Olave / Drake London / Falcons / Jahan Dotson / Tyler Shough,48100,48000-48900,3-3,1,102.08,134.98,144.55,163.05,0.0345,0,2,EXACT_OR_NEAR_OPTIMAL
3445,Michael Penix Jr.,QB,Alvin Kamara / Drake London / Juwan Johnson / Olamide Zaccheaus / Tyler Shough,49500,49500-49900,3-3,1,97.7,132.28,141.22,160.58,0.0345,0,2,EXACT_OR_NEAR_OPTIMAL
3499,Michael Penix Jr.,QB,Bijan Robinson / Daniel Carlson / Drake London / Nick Muse / Tyler Shough,49900,49500-49900,4-2,1,100.09,133.0,142.24,156.92,0.0345,0,2,FORCED_CAPTAIN
3629,Nick Folk,K,Bijan Robinson / Chris Olave / Daniel Carlson / Saints / Tyler Shough,49300,49000-49400,2-4,0,101.1,126.72,134.83,152.67,0.0345,1,0,EXACT_OR_NEAR_OPTIMAL
3658,Nick Folk,K,Brian Robinson Jr. / Chris Olave / Drake London / Juwan Johnson / Tyler Shough,49700,49500-49900,3-3,1,100.76,134.54,143.92,157.34,0.0345,0,2,FORCED_CAPTAIN
4369,Treyton Welch,TE,Bijan Robinson / Chris Olave / Juwan Johnson / Michael Penix Jr. / Tyler Shough,48900,48000-48900,2-4,1,106.1,139.07,150.1,170.57,0.0345,0,3,FORCED_CAPTAIN
4843,Tyler Shough,QB,Chris Olave / Drake London / Kendre Miller / Michael Penix Jr. / Oscar Delp,49600,49500-49900,2-4,1,99.91,135.33,146.21,166.88,0.0345,0,2,EXACT_OR_NEAR_OPTIMAL
554,Bijan Robinson,RB,Alvin Kamara / Drake London / Kyle Pitts Sr. / Michael Penix Jr. / Oscar Delp,49900,49500-49900,4-2,1,94.61,125.78,136.63,154.86,0.034,3,2,EXACT_OR_NEAR_OPTIMAL
597,Bijan Robinson,RB,Austin Hooper / Daniel Carlson / Drake London / Michael Penix Jr. / Nick Folk,49700,49500-49900,5-1,1,94.47,124.7,134.78,154.54,0.034,1,3,EXACT_OR_NEAR_OPTIMAL
1456,Chris Olave,WR,Alvin Kamara / Brian Robinson Jr. / Drake London / Falcons / Michael Penix Jr.,49600,49500-49900,4-2,1,97.76,128.43,138.53,159.98,0.034,1,1,EXACT_OR_NEAR_OPTIMAL
1837,Daniel Carlson,K,Alvin Kamara / Austin Hooper / Bijan Robinson / Chris Olave / Drake London,49600,49500-49900,3-3,0,101.9,128.55,137.58,154.6,0.034,0,0,FORCED_CAPTAIN
1886,Daniel Carlson,K,Austin Hooper / Bijan Robinson / Chris Olave / Devaughn Vele / Tyler Shough,50000,50000,2-4,1,101.71,131.13,140.83,161.64,0.034,0,2,FORCED_CAPTAIN
2132,Drake London,WR,Alvin Kamara / Austin Hooper / Devaughn Vele / Juwan Johnson / Tyler Shough,49600,49500-49900,2-4,1,96.96,130.76,141.62,161.08,0.034,0,1,FORCED_CAPTAIN
2145,Drake London,WR,Alvin Kamara / Bijan Robinson / Charlie Woerner / Daniel Carlson / Michael Penix Jr.,48200,48000-48900,4-2,1,94.0,125.18,135.96,153.52,0.034,1,1,EXACT_OR_NEAR_OPTIMAL
2389,Drake London,WR,Brian Robinson Jr. / Chris Olave / Falcons / Juwan Johnson / Michael Penix Jr.,49600,49500-49900,4-2,1,97.43,128.92,139.0,157.79,0.034,2,2,EXACT_OR_NEAR_OPTIMAL
2449,Drake London,WR,Chris Olave / Devaughn Vele / Olamide Zaccheaus / Saints / Tyler Shough,49400,49000-49400,2-4,1,98.12,130.37,141.39,163.0,0.034,0,1,FORCED_CAPTAIN
2845,Juwan Johnson,TE,Alvin Kamara / Chris Olave / Michael Penix Jr. / Tyler Shough / Zachariah Branch,49900,49500-49900,2-4,1,102.11,137.29,146.43,169.39,0.034,0,2,EXACT_OR_NEAR_OPTIMAL
2994,Juwan Johnson,TE,Chris Olave / Daniel Carlson / Falcons / Michael Penix Jr. / Tyler Shough,48900,48000-48900,2-4,1,101.92,133.3,141.93,163.54,0.034,1,2,EXACT_OR_NEAR_OPTIMAL
3567,Nick Folk,K,Alvin Kamara / Bijan Robinson / Chris Olave / Falcons / Juwan Johnson,48700,48000-48900,3-3,0,98.93,124.04,132.43,150.46,0.034,1,0,EXACT_OR_NEAR_OPTIMAL
3935,Oscar Delp,TE,Alvin Kamara / Bijan Robinson / Chris Olave / Juwan Johnson / Tyler Shough,47200,<48000,1-5,1,106.17,138.18,148.29,166.68,0.034,0,3,FORCED_CAPTAIN
4041,Saints,DST,Alvin Kamara / Bijan Robinson / Brian Robinson Jr. / Chris Olave / Tyler Shough,49300,49000-49400,2-4,1,102.27,128.97,137.59,157.76,0.034,0,1,FORCED_CAPTAIN
4568,Tyler Shough,QB,Alvin Kamara / Brian Robinson Jr. / Chris Olave / Daniel Carlson / Michael Penix Jr.,49800,49500-49900,2-4,1,101.6,132.97,142.64,161.08,0.034,0,1,EXACT_OR_NEAR_OPTIMAL
4723,Tyler Shough,QB,Bijan Robinson / Brian Robinson Jr. / Chris Olave / Daniel Carlson / Falcons,49200,49000-49400,3-3,0,104.23,133.1,142.41,163.91,0.034,0,0,FORCED_CAPTAIN
4853,Tyler Shough,QB,Daniel Carlson / Devaughn Vele / Drake London / Juwan Johnson / Nick Folk,49800,49500-49900,2-4,1,97.36,130.37,138.54,161.37,0.034,1,1,EXACT_OR_NEAR_OPTIMAL
15,Alvin Kamara,RB,Barion Brown / Chris Olave / Devaughn Vele / Drake London / Tyler Shough,49900,49500-49900,1-5,1,99.84,132.01,142.88,163.36,0.0335,0,2,EXACT_OR_NEAR_OPTIMAL
28,Alvin Kamara,RB,Bijan Robinson / Bryce Lance / Devaughn Vele / Juwan Johnson / Tyler Shough,48900,48000-48900,1-5,1,98.85,128.96,138.73,156.41,0.0335,1,2,EXACT_OR_NEAR_OPTIMAL
268,Austin Hooper,TE,Bijan Robinson / Chris Olave / Daniel Carlson / Juwan Johnson / Tyler Shough,48600,48000-48900,2-4,1,104.37,135.56,144.96,165.5,0.0335,0,2,FORCED_CAPTAIN
550,Bijan Robinson,RB,Alvin Kamara / Drake London / Falcons / Michael Penix Jr. / Zachariah Branch,49700,49500-49900,5-1,1,94.37,124.75,134.95,153.5,0.0335,1,3,EXACT_OR_NEAR_OPTIMAL
689,Bijan Robinson,RB,Chris Olave / Daniel Carlson / Juwan Johnson / Kendre Miller / Saints,49900,49500-49900,1-5,0,99.75,126.05,134.37,151.72,0.0335,1,2,EXACT_OR_NEAR_OPTIMAL
780,Bijan Robinson,RB,Juwan Johnson / Michael Penix Jr. / Oscar Delp / Saints / Tyler Shough,48300,48000-48900,2-4,1,100.99,130.1,141.02,160.63,0.0335,1,3,EXACT_OR_NEAR_OPTIMAL
783,Brian Robinson Jr.,RB,Alvin Kamara / Bijan Robinson / Chris Olave / Daniel Carlson / Tyler Shough,49700,49500-49900,2-4,1,103.38,130.97,139.86,160.64,0.0335,0,1,FORCED_CAPTAIN
927,Bryce Lance,WR,Alvin Kamara / Bijan Robinson / Drake London / Juwan Johnson / Tyler Shough,48500,48000-48900,2-4,1,102.35,132.68,141.39,161.35,0.0335,0,2,FORCED_CAPTAIN
1538,Chris Olave,WR,Alvin Kamara / Falcons / Jahan Dotson / Michael Penix Jr. / Tyler Shough,48400,48000-48900,3-3,1,99.65,132.18,142.66,163.39,0.0335,1,1,EXACT_OR_NEAR_OPTIMAL
1651,Chris Olave,WR,Bijan Robinson / Bryce Lance / Jahan Dotson / Juwan Johnson / Michael Penix Jr.,49200,49000-49400,3-3,1,102.79,134.16,145.8,164.77,0.0335,1,2,EXACT_OR_NEAR_OPTIMAL
1892,Daniel Carlson,K,Austin Hooper / Chris Olave / Drake London / Michael Penix Jr. / Tyler Shough,49400,49000-49400,3-3,1,100.01,132.49,141.81,161.42,0.0335,1,2,EXACT_OR_NEAR_OPTIMAL
2059,Devaughn Vele,WR,Bijan Robinson / Chris Olave / Nick Folk / Treyton Welch / Tyler Shough,49500,49500-49900,2-4,1,98.85,132.05,141.78,159.6,0.0335,0,1,FORCED_CAPTAIN
2117,Drake London,WR,Alvin Kamara / Austin Hooper / Bijan Robinson / Falcons / Michael Penix Jr.,49200,49000-49400,5-1,1,94.26,125.97,135.68,154.64,0.0335,1,2,EXACT_OR_NEAR_OPTIMAL
2161,Drake London,WR,Alvin Kamara / Bijan Robinson / Michael Penix Jr. / Nick Folk / Oscar Delp,48600,48000-48900,4-2,1,94.35,125.9,136.18,154.52,0.0335,1,1,EXACT_OR_NEAR_OPTIMAL
2716,Jahan Dotson,WR,Bijan Robinson / Chris Olave / Daniel Carlson / Juwan Johnson / Tyler Shough,48900,48000-48900,2-4,1,105.04,135.61,143.9,164.06,0.0335,0,2,FORCED_CAPTAIN
3451,Michael Penix Jr.,QB,Austin Hooper / Bijan Robinson / Bryce Lance / Drake London / Tyler Shough,49500,49500-49900,4-2,1,97.81,131.52,142.28,158.67,0.0335,0,2,FORCED_CAPTAIN
3458,Michael Penix Jr.,QB,Austin Hooper / Bijan Robinson / Chris Olave / Oscar Delp / Tyler Shough,48900,48000-48900,3-3,1,102.24,134.86,146.5,166.08,0.0335,0,2,FORCED_CAPTAIN
3497,Michael Penix Jr.,QB,Bijan Robinson / Daniel Carlson / Drake London / Juwan Johnson / Olamide Zaccheaus,49500,49500-49900,4-2,1,96.2,128.11,137.1,156.05,0.0335,0,2,FORCED_CAPTAIN
3530,Michael Penix Jr.,QB,Chris Olave / Daniel Carlson / Drake London / Kevin Austin Jr. / Tyler Shough,49500,49500-49900,2-4,1,100.48,134.16,144.54,165.67,0.0335,0,2,FORCED_CAPTAIN
3828,Olamide Zaccheaus,WR,Alvin Kamara / Chris Olave / Drake London / Michael Penix Jr. / Tyler Shough,49400,49000-49400,3-3,1,100.75,134.25,144.5,167.48,0.0335,0,2,FORCED_CAPTAIN
4048,Saints,DST,Alvin Kamara / Bijan Robinson / Chris Olave / Drake London / Falcons,49500,49500-49900,3-3,0,100.77,124.24,131.68,149.01,0.0335,0,0,FORCED_CAPTAIN
4088,Saints,DST,Austin Hooper / Bijan Robinson / Chris Olave / Juwan Johnson / Tyler Shough,48700,48000-48900,2-4,1,103.76,133.24,141.92,160.58,0.0335,0,2,FORCED_CAPTAIN
46,Alvin Kamara,RB,Bijan Robinson / Chris Olave / Daniel Carlson / Treyton Welch / Tyler Shough,47700,<48000,1-5,1,103.55,132.49,140.54,159.85,0.033,1,2,EXACT_OR_NEAR_OPTIMAL
525,Bijan Robinson,RB,Alvin Kamara / Daniel Carlson / Drake London / Falcons / Saints,47300,<48000,3-3,0,93.45,117.68,125.4,138.68,0.033,1,1,EXACT_OR_NEAR_OPTIMAL
577,Bijan Robinson,RB,Austin Hooper / Bryce Lance / Drake London / Juwan Johnson / Michael Penix Jr.,48700,48000-48900,4-2,1,96.86,129.49,139.68,158.21,0.033,1,3,EXACT_OR_NEAR_OPTIMAL
627,Bijan Robinson,RB,Brian Robinson Jr. / Devaughn Vele / Drake London / Oscar Delp / Tyler Shough,49300,49000-49400,3-3,1,98.62,128.4,138.45,158.21,0.033,1,2,EXACT_OR_NEAR_OPTIMAL
658,Bijan Robinson,RB,CJ Donaldson / Chris Olave / Drake London / Falcons / Nick Folk,48900,48000-48900,4-2,0,98.69,127.02,136.88,155.27,0.033,1,1,EXACT_OR_NEAR_OPTIMAL
725,Bijan Robinson,RB,Chris Olave / Kevin Austin Jr. / Nick Folk / Saints / Tyler Shough,48500,48000-48900,2-4,1,102.31,130.43,140.34,160.81,0.033,1,2,EXACT_OR_NEAR_OPTIMAL
1518,Chris Olave,WR,Alvin Kamara / Drake London / Falcons / Jahan Dotson / Michael Penix Jr.,48800,48000-48900,4-2,1,97.19,128.11,139.01,160.56,0.033,0,1,EXACT_OR_NEAR_OPTIMAL
1864,Daniel Carlson,K,Alvin Kamara / Bijan Robinson / Drake London / Michael Penix Jr. / Saints,49200,49000-49400,3-3,1,94.46,119.74,128.37,145.36,0.033,0,1,FORCED_CAPTAIN
1925,Daniel Carlson,K,Bijan Robinson / Chris Olave / Juwan Johnson / Kevin Austin Jr. / Tyler Shough,47600,<48000,1-5,1,103.96,134.42,143.65,162.19,0.033,0,3,FORCED_CAPTAIN
1999,Devaughn Vele,WR,Alvin Kamara / Charlie Woerner / Chris Olave / Drake London / Tyler Shough,49700,49500-49900,2-4,1,98.71,132.13,142.62,164.27,0.033,0,1,FORCED_CAPTAIN
2050,Devaughn Vele,WR,Bijan Robinson / Chris Olave / Daniel Carlson / Kevin Austin Jr. / Tyler Shough,49500,49500-49900,1-5,1,100.02,131.03,142.15,161.08,0.033,0,2,FORCED_CAPTAIN
2281,Drake London,WR,Alvin Kamara / Juwan Johnson / Nick Folk / Saints / Tyler Shough,48600,48000-48900,2-4,1,96.71,126.86,137.31,156.1,0.033,1,1,EXACT_OR_NEAR_OPTIMAL
2506,Drake London,WR,Devaughn Vele / Juwan Johnson / Kevin Austin Jr. / Michael Penix Jr. / Tyler Shough,49600,49500-49900,2-4,1,95.73,131.74,142.26,163.49,0.033,1,2,EXACT_OR_NEAR_OPTIMAL
3455,Michael Penix Jr.,QB,Austin Hooper / Bijan Robinson / Chris Olave / Drake London / Nick Muse,49100,49000-49400,5-1,1,98.34,132.46,142.51,162.28,0.033,0,3,FORCED_CAPTAIN
3928,Oscar Delp,TE,Alvin Kamara / Bijan Robinson / Chris Olave / Drake London / Michael Penix Jr.,49200,49000-49400,3-3,1,102.88,133.98,144.52,163.09,0.033,0,2,FORCED_CAPTAIN
4058,Saints,DST,Alvin Kamara / Bijan Robinson / Devaughn Vele / Juwan Johnson / Tyler Shough,49900,49500-49900,1-5,1,99.14,126.35,134.79,153.83,0.033,0,2,FORCED_CAPTAIN
4672,Tyler Shough,QB,Alvin Kamara / Devaughn Vele / Juwan Johnson / Michael Penix Jr. / Saints,49800,49500-49900,1-5,1,96.41,129.22,137.79,159.45,0.033,0,2,EXACT_OR_NEAR_OPTIMAL
4775,Tyler Shough,QB,Bijan Robinson / Devaughn Vele / Falcons / Juwan Johnson / Saints,49200,49000-49400,2-4,1,99.04,126.6,137.5,157.39,0.033,1,1,EXACT_OR_NEAR_OPTIMAL
4814,Tyler Shough,QB,CJ Donaldson / Devaughn Vele / Drake London / Juwan Johnson / Michael Penix Jr.,50000,50000,2-4,1,96.72,132.38,142.39,163.47,0.033,0,3,EXACT_OR_NEAR_OPTIMAL
140,Alvin Kamara,RB,Chris Olave / Devaughn Vele / Drake London / Nick Muse / Tyler Shough,48900,48000-48900,2-4,1,99.66,131.77,142.81,163.02,0.0325,0,1,EXACT_OR_NEAR_OPTIMAL
207,Alvin Kamara,RB,Drake London / Juwan Johnson / Michael Penix Jr. / Olamide Zaccheaus / Tyler Shough,48500,48000-48900,3-3,1,96.87,129.58,139.05,161.45,0.0325,0,2,FORCED_CAPTAIN
535,Bijan Robinson,RB,Alvin Kamara / Daniel Carlson / Jahan Dotson / Juwan Johnson / Michael Penix Jr.,48900,48000-48900,3-3,1,96.87,125.27,134.89,152.2,0.0325,1,2,EXACT_OR_NEAR_OPTIMAL
730,Bijan Robinson,RB,Daniel Carlson / Devaughn Vele / Drake London / Juwan Johnson / Olamide Zaccheaus,49700,49500-49900,3-3,0,97.24,125.96,134.7,153.67,0.0325,1,1,EXACT_OR_NEAR_OPTIMAL
1458,Chris Olave,WR,Alvin Kamara / Brian Robinson Jr. / Drake London / Kevin Austin Jr. / Tyler Shough,47400,<48000,2-4,1,100.03,134.31,144.82,170.4,0.0325,1,1,EXACT_OR_NEAR_OPTIMAL
1676,Chris Olave,WR,Bijan Robinson / Devaughn Vele / Falcons / Jahan Dotson / Juwan Johnson,49800,49500-49900,3-3,0,101.4,131.44,140.13,162.92,0.0325,2,0,EXACT_OR_NEAR_OPTIMAL
1930,Daniel Carlson,K,Bijan Robinson / Chris Olave / Nick Folk / Saints / Tyler Shough,49000,49000-49400,2-4,0,101.46,126.32,135.36,152.19,0.0325,0,0,FORCED_CAPTAIN
1942,Daniel Carlson,K,Bijan Robinson / Drake London / Juwan Johnson / Michael Penix Jr. / Saints,49600,49500-49900,3-3,1,96.97,124.15,131.58,150.07,0.0325,0,2,FORCED_CAPTAIN
2057,Devaughn Vele,WR,Bijan Robinson / Chris Olave / Nick Folk / Nick Muse / Tyler Shough,49500,49500-49900,3-3,1,98.56,131.76,141.78,159.6,0.0325,1,1,EXACT_OR_NEAR_OPTIMAL
2209,Drake London,WR,Alvin Kamara / Chris Olave / Juwan Johnson / Nick Folk / Saints,49800,49500-49900,2-4,0,99.92,128.9,137.66,156.13,0.0325,1,0,EXACT_OR_NEAR_OPTIMAL
2366,Drake London,WR,Bijan Robinson / Daniel Carlson / Falcons / Saints / Tyler Shough,49000,49000-49400,3-3,0,99.24,124.55,132.33,148.13,0.0325,1,0,EXACT_OR_NEAR_OPTIMAL
2616,Falcons,DST,Bijan Robinson / Chris Olave / Jahan Dotson / Juwan Johnson / Tyler Shough,48000,48000-48900,3-3,1,102.81,131.72,140.21,162.25,0.0325,0,2,FORCED_CAPTAIN
2928,Juwan Johnson,TE,Bijan Robinson / Bryce Lance / Drake London / Falcons / Tyler Shough,47900,<48000,3-3,1,101.03,131.5,140.16,160.33,0.0325,1,2,EXACT_OR_NEAR_OPTIMAL
3424,Michael Penix Jr.,QB,Alvin Kamara / Bryce Lance / Drake London / Juwan Johnson / Tyler Shough,49300,49000-49400,2-4,1,97.98,131.84,141.61,161.87,0.0325,0,2,FORCED_CAPTAIN
4094,Saints,DST,Barion Brown / Bijan Robinson / Chris Olave / Drake London / Tyler Shough,49700,49500-49900,2-4,1,104.16,132.23,142.07,162.48,0.0325,0,2,FORCED_CAPTAIN
4104,Saints,DST,Bijan Robinson / Charlie Woerner / Chris Olave / Drake London / Tyler Shough,49100,49000-49400,3-3,0,104.34,132.6,142.65,162.48,0.0325,0,1,FORCED_CAPTAIN
4139,Saints,DST,Bijan Robinson / Drake London / Falcons / Juwan Johnson / Tyler Shough,48700,48000-48900,3-3,0,100.07,126.01,133.71,150.09,0.0325,2,1,EXACT_OR_NEAR_OPTIMAL
4686,Tyler Shough,QB,Alvin Kamara / Drake London / Juwan Johnson / Nick Folk / Saints,48400,48000-48900,2-4,1,97.94,128.83,139.33,155.14,0.0325,0,1,EXACT_OR_NEAR_OPTIMAL
4770,Tyler Shough,QB,Bijan Robinson / Daniel Carlson / Juwan Johnson / Michael Penix Jr. / Olamide Zaccheaus,49400,49000-49400,3-3,1,102.22,133.85,142.19,159.9,0.0325,1,2,EXACT_OR_NEAR_OPTIMAL
4847,Tyler Shough,QB,Chris Olave / Falcons / Juwan Johnson / Michael Penix Jr. / Saints,49400,49000-49400,2-4,1,103.0,135.12,143.67,164.37,0.0325,0,2,EXACT_OR_NEAR_OPTIMAL
8,Alvin Kamara,RB,Austin Hooper / Chris Olave / Daniel Carlson / Drake London / Tyler Shough,48500,48000-48900,2-4,1,100.87,131.26,140.31,160.03,0.032,0,1,FORCED_CAPTAIN
731,Bijan Robinson,RB,Daniel Carlson / Devaughn Vele / Drake London / Michael Penix Jr. / Nick Muse,49500,49500-49900,4-2,1,94.0,124.85,135.38,157.94,0.032,1,2,EXACT_OR_NEAR_OPTIMAL
765,Bijan Robinson,RB,Drake London / Falcons / Michael Penix Jr. / Nick Folk / Saints,49900,49500-49900,5-1,1,94.38,120.93,130.93,149.11,0.032,1,3,EXACT_OR_NEAR_OPTIMAL
980,Bryce Lance,WR,Bijan Robinson / Chris Olave / Drake London / Saints / Tyler Shough,49100,49000-49400,2-4,1,104.73,134.05,143.71,165.41,0.032,1,2,EXACT_OR_NEAR_OPTIMAL
1413,Chris Olave,WR,Alvin Kamara / Bijan Robinson / Brian Robinson Jr. / Jahan Dotson / Juwan Johnson,49200,49000-49400,3-3,0,103.08,133.0,141.15,163.33,0.032,1,0,EXACT_OR_NEAR_OPTIMAL
1476,Chris Olave,WR,Alvin Kamara / Bryce Lance / Michael Penix Jr. / Nick Folk / Tyler Shough,49000,49000-49400,2-4,1,100.52,134.89,145.86,164.99,0.032,0,1,EXACT_OR_NEAR_OPTIMAL
1504,Chris Olave,WR,Alvin Kamara / Daniel Carlson / Nick Folk / Saints / Tyler Shough,47200,<48000,1-5,1,97.64,127.58,137.18,154.81,0.032,1,2,EXACT_OR_NEAR_OPTIMAL
1516,Chris Olave,WR,Alvin Kamara / Devaughn Vele / Nick Folk / Olamide Zaccheaus / Tyler Shough,48000,48000-48900,2-4,1,95.93,129.76,140.74,160.53,0.032,0,1,EXACT_OR_NEAR_OPTIMAL
1606,Chris Olave,WR,Austin Hooper / Drake London / Juwan Johnson / Michael Penix Jr. / Saints,49600,49500-49900,3-3,1,100.19,132.81,143.55,159.72,0.032,1,2,EXACT_OR_NEAR_OPTIMAL
1856,Daniel Carlson,K,Alvin Kamara / Bijan Robinson / Chris Olave / Michael Penix Jr. / Saints,50000,50000,2-4,0,100.12,124.26,132.41,147.72,0.032,0,1,FORCED_CAPTAIN
2101,Devaughn Vele,WR,Chris Olave / Juwan Johnson / Michael Penix Jr. / Oscar Delp / Tyler Shough,48900,48000-48900,1-5,1,97.62,132.29,142.61,164.9,0.032,0,3,FORCED_CAPTAIN
2333,Drake London,WR,Bijan Robinson / Bryce Lance / Chris Olave / Daniel Carlson / Falcons,47800,<48000,3-3,0,98.6,127.62,136.73,154.84,0.032,1,0,EXACT_OR_NEAR_OPTIMAL
2721,Jahan Dotson,WR,Bijan Robinson / Chris Olave / Drake London / Falcons / Michael Penix Jr.,49700,49500-49900,5-1,1,98.75,128.87,139.27,161.25,0.032,0,3,FORCED_CAPTAIN
2814,Juwan Johnson,TE,Alvin Kamara / Brian Robinson Jr. / Devaughn Vele / Drake London / Tyler Shough,49300,49000-49400,2-4,1,96.05,129.33,138.77,161.19,0.032,1,1,EXACT_OR_NEAR_OPTIMAL
2906,Juwan Johnson,TE,Austin Hooper / Brian Robinson Jr. / Chris Olave / Drake London / Tyler Shough,48100,48000-48900,3-3,1,100.67,136.24,146.62,166.17,0.032,1,2,EXACT_OR_NEAR_OPTIMAL
2976,Juwan Johnson,TE,Brian Robinson Jr. / Chris Olave / Michael Penix Jr. / Nick Folk / Tyler Shough,49700,49500-49900,3-3,1,100.23,134.51,143.38,164.03,0.032,0,2,EXACT_OR_NEAR_OPTIMAL
3000,Juwan Johnson,TE,Chris Olave / Devaughn Vele / Falcons / Nick Folk / Tyler Shough,48300,48000-48900,2-4,1,96.88,129.92,139.54,161.22,0.032,1,1,EXACT_OR_NEAR_OPTIMAL
3011,Juwan Johnson,TE,Chris Olave / Jahan Dotson / Michael Penix Jr. / Nick Folk / Tyler Shough,48900,48000-48900,3-3,1,99.66,133.17,143.07,165.41,0.032,2,2,EXACT_OR_NEAR_OPTIMAL
3473,Michael Penix Jr.,QB,Bijan Robinson / Brian Robinson Jr. / Chris Olave / Oscar Delp / Tyler Shough,49900,49500-49900,3-3,1,103.25,135.62,147.04,168.04,0.032,1,2,EXACT_OR_NEAR_OPTIMAL
3627,Nick Folk,K,Bijan Robinson / Chris Olave / Daniel Carlson / Falcons / Tyler Shough,48700,48000-48900,3-3,0,100.16,125.94,135.78,152.08,0.032,0,0,FORCED_CAPTAIN
4596,Tyler Shough,QB,Alvin Kamara / Bryce Lance / Devaughn Vele / Drake London / Juwan Johnson,48400,48000-48900,1-5,1,97.24,131.48,142.56,166.25,0.032,0,2,EXACT_OR_NEAR_OPTIMAL
4787,Tyler Shough,QB,Brian Robinson Jr. / Chris Olave / Devaughn Vele / Drake London / Jahan Dotson,49800,49500-49900,3-3,1,99.12,134.69,146.09,164.08,0.032,2,1,EXACT_OR_NEAR_OPTIMAL
465,Bijan Robinson,RB,Alvin Kamara / Austin Hooper / Drake London / Juwan Johnson / Saints,49100,49000-49400,3-3,0,99.04,126.74,135.46,150.89,0.0315,1,1,EXACT_OR_NEAR_OPTIMAL
470,Bijan Robinson,RB,Alvin Kamara / Brian Robinson Jr. / Chris Olave / Daniel Carlson / Saints,48300,48000-48900,2-4,0,98.15,122.27,131.36,147.96,0.0315,1,1,EXACT_OR_NEAR_OPTIMAL
937,Bryce Lance,WR,Alvin Kamara / Chris Olave / Drake London / Michael Penix Jr. / Tyler Shough,49100,49000-49400,2-4,1,101.17,135.1,144.61,168.85,0.0315,0,2,EXACT_OR_NEAR_OPTIMAL
1601,Chris Olave,WR,Austin Hooper / Devaughn Vele / Michael Penix Jr. / Saints / Tyler Shough,49600,49500-49900,2-4,1,97.5,131.86,142.06,165.27,0.0315,0,1,EXACT_OR_NEAR_OPTIMAL
1609,Chris Olave,WR,Austin Hooper / Juwan Johnson / Kendre Miller / Michael Penix Jr. / Tyler Shough,50000,50000,2-4,1,99.85,135.09,147.45,167.76,0.0315,0,3,EXACT_OR_NEAR_OPTIMAL
1846,Daniel Carlson,K,Alvin Kamara / Bijan Robinson / Bryce Lance / Chris Olave / Tyler Shough,48200,48000-48900,1-5,1,103.4,131.46,140.21,157.11,0.0315,0,2,FORCED_CAPTAIN
2121,Drake London,WR,Alvin Kamara / Austin Hooper / Bijan Robinson / Michael Penix Jr. / Saints,49800,49500-49900,4-2,1,95.2,126.98,137.23,154.28,0.0315,1,1,EXACT_OR_NEAR_OPTIMAL
2351,Drake London,WR,Bijan Robinson / Chris Olave / Daniel Carlson / Nick Folk / Oscar Delp,48200,48000-48900,3-3,0,99.63,127.8,137.31,158.76,0.0315,1,0,EXACT_OR_NEAR_OPTIMAL
2430,Drake London,WR,Chris Olave / Daniel Carlson / Falcons / Saints / Tyler Shough,48000,48000-48900,2-4,0,98.89,127.75,137.16,154.71,0.0315,0,0,EXACT_OR_NEAR_OPTIMAL
2910,Juwan Johnson,TE,Austin Hooper / Chris Olave / Drake London / Falcons / Tyler Shough,47900,<48000,3-3,1,101.63,135.25,145.22,164.5,0.0315,0,2,EXACT_OR_NEAR_OPTIMAL
2953,Juwan Johnson,TE,Bijan Robinson / Daniel Carlson / Drake London / Michael Penix Jr. / Olamide Zaccheaus,48700,48000-48900,4-2,1,96.62,127.31,136.91,153.7,0.0315,1,2,EXACT_OR_NEAR_OPTIMAL
3021,Juwan Johnson,TE,Daniel Carlson / Drake London / Michael Penix Jr. / Saints / Tyler Shough,48700,48000-48900,2-4,0,97.19,129.33,137.92,158.58,0.0315,1,1,EXACT_OR_NEAR_OPTIMAL
3655,Nick Folk,K,Bijan Robinson / Drake London / Jahan Dotson / Juwan Johnson / Tyler Shough,49900,49500-49900,4-2,0,100.54,129.35,137.94,155.83,0.0315,2,1,EXACT_OR_NEAR_OPTIMAL
4078,Saints,DST,Alvin Kamara / Chris Olave / Drake London / Nick Folk / Tyler Shough,49100,49000-49400,2-4,1,99.48,127.22,137.76,156.38,0.0315,0,1,FORCED_CAPTAIN
4561,Tyler Shough,QB,Alvin Kamara / Bijan Robinson / Drake London / Oscar Delp / Saints,47800,<48000,2-4,1,101.38,129.79,138.39,154.41,0.0315,1,1,EXACT_OR_NEAR_OPTIMAL
4607,Tyler Shough,QB,Alvin Kamara / Chris Blair / Chris Olave / Devaughn Vele / Michael Penix Jr.,50000,50000,2-4,1,99.52,133.86,145.94,165.82,0.0315,1,2,EXACT_OR_NEAR_OPTIMAL
4699,Tyler Shough,QB,Austin Hooper / Bijan Robinson / Chris Olave / Falcons / Nick Folk,48800,48000-48900,4-2,0,102.49,131.76,143.52,159.73,0.0315,1,0,EXACT_OR_NEAR_OPTIMAL
27,Alvin Kamara,RB,Bijan Robinson / Bryce Lance / Daniel Carlson / Drake London / Tyler Shough,48500,48000-48900,2-4,1,100.27,127.88,136.91,149.95,0.031,2,1,EXACT_OR_NEAR_OPTIMAL
277,Austin Hooper,TE,Bijan Robinson / Chris Olave / Drake London / Falcons / Michael Penix Jr.,49400,49000-49400,5-1,1,98.09,128.91,139.73,157.81,0.031,0,3,FORCED_CAPTAIN
317,Austin Hooper,TE,Chris Olave / Devaughn Vele / Drake London / Juwan Johnson / Tyler Shough,49800,49500-49900,2-4,1,100.78,134.85,146.21,167.23,0.031,1,2,EXACT_OR_NEAR_OPTIMAL
570,Bijan Robinson,RB,Austin Hooper / Brian Robinson Jr. / Chris Olave / Drake London / Falcons,48700,48000-48900,5-1,0,98.59,127.48,137.24,154.6,0.031,1,2,EXACT_OR_NEAR_OPTIMAL
686,Bijan Robinson,RB,Chris Olave / Daniel Carlson / Falcons / Michael Penix Jr. / Olamide Zaccheaus,47900,<48000,4-2,1,96.65,124.41,134.54,154.97,0.031,1,2,EXACT_OR_NEAR_OPTIMAL
1457,Chris Olave,WR,Alvin Kamara / Brian Robinson Jr. / Drake London / Juwan Johnson / Nick Folk,49800,49500-49900,3-3,0,100.86,131.84,141.43,159.23,0.031,0,0,EXACT_OR_NEAR_OPTIMAL
1646,Chris Olave,WR,Bijan Robinson / Bryce Lance / Drake London / Nick Folk / Saints,49400,49000-49400,3-3,0,101.63,129.1,139.34,161.0,0.031,1,0,EXACT_OR_NEAR_OPTIMAL
1779,Chris Olave,WR,Daniel Carlson / Juwan Johnson / Kevin Austin Jr. / Michael Penix Jr. / Tyler Shough,47800,<48000,1-5,1,101.81,136.68,146.51,167.59,0.031,0,3,EXACT_OR_NEAR_OPTIMAL
1808,Chris Olave,WR,Drake London / Jahan Dotson / Juwan Johnson / Michael Penix Jr. / Saints,49800,49500-49900,3-3,1,100.63,133.22,142.71,160.68,0.031,0,2,EXACT_OR_NEAR_OPTIMAL
2254,Drake London,WR,Alvin Kamara / Devaughn Vele / Michael Penix Jr. / Oscar Delp / Tyler Shough,48800,48000-48900,2-4,1,93.94,129.2,138.66,158.14,0.031,0,1,EXACT_OR_NEAR_OPTIMAL
2460,Drake London,WR,Chris Olave / Juwan Johnson / Kendre Miller / Olamide Zaccheaus / Tyler Shough,49800,49500-49900,2-4,1,100.47,135.81,145.83,163.83,0.031,1,2,EXACT_OR_NEAR_OPTIMAL
2516,Drake London,WR,Jahan Dotson / Juwan Johnson / Michael Penix Jr. / Nick Folk / Tyler Shough,49400,49000-49400,4-2,1,95.92,129.92,140.7,162.65,0.031,1,2,EXACT_OR_NEAR_OPTIMAL
2607,Falcons,DST,Bijan Robinson / Chris Olave / Devaughn Vele / Saints / Tyler Shough,49600,49500-49900,2-4,1,100.12,127.61,137.0,154.46,0.031,2,1,EXACT_OR_NEAR_OPTIMAL
2823,Juwan Johnson,TE,Alvin Kamara / Chris Olave / Daniel Carlson / Drake London / Nick Folk,49100,49000-49400,2-4,0,100.06,128.59,136.63,155.2,0.031,0,0,EXACT_OR_NEAR_OPTIMAL
2920,Juwan Johnson,TE,Bijan Robinson / Brian Robinson Jr. / Daniel Carlson / Devaughn Vele / Tyler Shough,48900,48000-48900,2-4,1,97.0,127.8,137.75,159.61,0.031,1,1,EXACT_OR_NEAR_OPTIMAL
2972,Juwan Johnson,TE,Brian Robinson Jr. / Chris Olave / Daniel Carlson / Michael Penix Jr. / Tyler Shough,49100,49000-49400,2-4,1,100.96,134.09,144.09,161.21,0.031,3,2,EXACT_OR_NEAR_OPTIMAL
2986,Juwan Johnson,TE,Chris Olave / Daniel Carlson / Devaughn Vele / Kyle Pitts Sr. / Tyler Shough,49900,49500-49900,1-5,1,97.13,130.22,142.13,161.29,0.031,0,2,EXACT_OR_NEAR_OPTIMAL
3025,Juwan Johnson,TE,Devaughn Vele / Drake London / Michael Penix Jr. / Olamide Zaccheaus / Tyler Shough,49500,49500-49900,3-3,1,95.48,130.51,141.57,162.18,0.031,2,2,EXACT_OR_NEAR_OPTIMAL
3507,Michael Penix Jr.,QB,Bijan Robinson / Drake London / Jahan Dotson / Olamide Zaccheaus / Tyler Shough,49900,49500-49900,5-1,1,97.98,131.76,140.63,160.66,0.031,0,3,FORCED_CAPTAIN
4023,Oscar Delp,TE,Bijan Robinson / Drake London / Juwan Johnson / Michael Penix Jr. / Tyler Shough,48400,48000-48900,3-3,1,102.17,135.06,145.41,158.12,0.031,0,3,FORCED_CAPTAIN
4114,Saints,DST,Bijan Robinson / Chris Olave / Devaughn Vele / Falcons / Tyler Shough,49900,49500-49900,2-4,1,100.59,127.87,136.67,155.37,0.031,0,1,FORCED_CAPTAIN
4597,Tyler Shough,QB,Alvin Kamara / Bryce Lance / Devaughn Vele / Drake London / Michael Penix Jr.,50000,50000,2-4,1,96.4,130.01,140.57,164.12,0.031,2,2,EXACT_OR_NEAR_OPTIMAL
4614,Tyler Shough,QB,Alvin Kamara / Chris Olave / Devaughn Vele / Falcons / Nick Folk,49000,49000-49400,2-4,1,97.52,129.24,140.3,158.05,0.031,0,1,EXACT_OR_NEAR_OPTIMAL
4854,Tyler Shough,QB,Daniel Carlson / Devaughn Vele / Drake London / Juwan Johnson / Saints,48600,48000-48900,1-5,1,96.03,128.0,136.75,155.95,0.031,0,2,EXACT_OR_NEAR_OPTIMAL
42,Alvin Kamara,RB,Bijan Robinson / Chris Olave / Daniel Carlson / Jahan Dotson / Michael Penix Jr.,49900,49500-49900,3-3,1,100.19,127.15,136.21,154.59,0.0305,1,1,EXACT_OR_NEAR_OPTIMAL
130,Alvin Kamara,RB,Chris Olave / Daniel Carlson / Devaughn Vele / Nick Folk / Tyler Shough,48900,48000-48900,1-5,1,96.12,125.52,134.91,152.19,0.0305,1,2,EXACT_OR_NEAR_OPTIMAL
988,Bryce Lance,WR,Bijan Robinson / Chris Olave / Juwan Johnson / Nick Folk / Tyler Shough,47700,<48000,2-4,1,102.22,134.31,143.83,164.11,0.0305,0,2,FORCED_CAPTAIN
1461,Chris Olave,WR,Alvin Kamara / Brian Robinson Jr. / Jahan Dotson / Michael Penix Jr. / Tyler Shough,48600,48000-48900,3-3,1,98.69,132.37,143.46,165.08,0.0305,1,1,EXACT_OR_NEAR_OPTIMAL
1510,Chris Olave,WR,Alvin Kamara / Devaughn Vele / Jahan Dotson / Saints / Tyler Shough,47800,<48000,1-5,1,96.27,129.02,140.8,162.81,0.0305,1,2,EXACT_OR_NEAR_OPTIMAL
1780,Chris Olave,WR,Daniel Carlson / Juwan Johnson / Kyle Pitts Sr. / Nick Folk / Tyler Shough,49200,49000-49400,2-4,1,98.73,132.28,143.17,163.37,0.0305,2,1,EXACT_OR_NEAR_OPTIMAL
1795,Chris Olave,WR,Devaughn Vele / Jahan Dotson / Michael Penix Jr. / Saints / Tyler Shough,49800,49500-49900,2-4,1,97.94,131.8,142.91,164.19,0.0305,1,1,EXACT_OR_NEAR_OPTIMAL
1799,Chris Olave,WR,Devaughn Vele / Michael Penix Jr. / Nick Folk / Olamide Zaccheaus / Tyler Shough,50000,50000,3-3,1,97.6,132.48,143.94,167.69,0.0305,1,2,EXACT_OR_NEAR_OPTIMAL
1956,Daniel Carlson,K,Chris Olave / Drake London / Jahan Dotson / Michael Penix Jr. / Tyler Shough,49600,49500-49900,3-3,1,100.45,132.68,141.96,160.45,0.0305,0,2,EXACT_OR_NEAR_OPTIMAL
2102,Devaughn Vele,WR,Chris Olave / Juwan Johnson / Nick Folk / Saints / Tyler Shough,49100,49000-49400,1-5,1,95.24,127.9,137.84,157.73,0.0305,0,2,EXACT_OR_NEAR_OPTIMAL
2149,Drake London,WR,Alvin Kamara / Bijan Robinson / Chris Olave / Kendre Miller / Oscar Delp,50000,50000,2-4,0,100.57,129.82,139.93,160.33,0.0305,1,1,EXACT_OR_NEAR_OPTIMAL
2421,Drake London,WR,Charlie Woerner / Devaughn Vele / Juwan Johnson / Michael Penix Jr. / Tyler Shough,49400,49000-49400,3-3,1,95.36,131.23,141.9,161.78,0.0305,0,2,EXACT_OR_NEAR_OPTIMAL
2423,Drake London,WR,Chris Olave / Daniel Carlson / Devaughn Vele / Juwan Johnson / Saints,50000,50000,1-5,0,98.01,128.01,135.89,152.32,0.0305,2,2,EXACT_OR_NEAR_OPTIMAL
2437,Drake London,WR,Chris Olave / Daniel Carlson / Kendre Miller / Saints / Tyler Shough,49400,49000-49400,1-5,1,97.03,127.55,137.9,154.71,0.0305,0,2,EXACT_OR_NEAR_OPTIMAL
2842,Juwan Johnson,TE,Alvin Kamara / Chris Olave / Kyle Pitts Sr. / Saints / Tyler Shough,48500,48000-48900,1-5,1,97.71,131.24,140.53,158.92,0.0305,1,2,EXACT_OR_NEAR_OPTIMAL
3479,Michael Penix Jr.,QB,Bijan Robinson / Bryce Lance / Daniel Carlson / Drake London / Juwan Johnson,49300,49000-49400,3-3,1,96.48,127.31,137.54,156.26,0.0305,0,2,FORCED_CAPTAIN
3618,Nick Folk,K,Bijan Robinson / Bryce Lance / Chris Olave / Devaughn Vele / Tyler Shough,49900,49500-49900,2-4,1,99.66,131.16,140.79,159.23,0.0305,2,1,EXACT_OR_NEAR_OPTIMAL
3847,Olamide Zaccheaus,WR,Bijan Robinson / Chris Olave / Daniel Carlson / Drake London / Michael Penix Jr.,49400,49000-49400,4-2,1,99.25,130.43,139.62,157.37,0.0305,0,2,FORCED_CAPTAIN
4530,Tyler Shough,QB,Alvin Kamara / Austin Hooper / Chris Olave / Daniel Carlson / Michael Penix Jr.,48800,48000-48900,2-4,1,100.59,133.11,142.64,160.05,0.0305,0,1,EXACT_OR_NEAR_OPTIMAL
4821,Tyler Shough,QB,Chris Olave / Daniel Carlson / Devaughn Vele / Jahan Dotson / Michael Penix Jr.,49800,49500-49900,2-4,1,98.4,132.81,141.99,160.98,0.0305,1,1,EXACT_OR_NEAR_OPTIMAL
32,Alvin Kamara,RB,Bijan Robinson / CJ Donaldson / Chris Olave / Saints / Tyler Shough,48300,48000-48900,1-5,1,101.69,129.28,139.91,156.49,0.03,1,2,EXACT_OR_NEAR_OPTIMAL
34,Alvin Kamara,RB,Bijan Robinson / Charlie Woerner / Drake London / Juwan Johnson / Michael Penix Jr.,49300,49000-49400,4-2,1,98.39,129.95,138.38,153.13,0.03,1,2,EXACT_OR_NEAR_OPTIMAL
52,Alvin Kamara,RB,Bijan Robinson / Chris Olave / Falcons / Olamide Zaccheaus / Tyler Shough,48300,48000-48900,3-3,1,102.66,130.72,139.77,156.89,0.03,1,1,EXACT_OR_NEAR_OPTIMAL
60,Alvin Kamara,RB,Bijan Robinson / Daniel Carlson / Devaughn Vele / Nick Folk / Tyler Shough,49900,49500-49900,2-4,1,96.46,122.19,130.72,145.92,0.03,1,1,EXACT_OR_NEAR_OPTIMAL
476,Bijan Robinson,RB,Alvin Kamara / Brian Robinson Jr. / Devaughn Vele / Drake London / Falcons,49900,49500-49900,4-2,0,93.97,121.09,129.89,142.65,0.03,1,1,EXACT_OR_NEAR_OPTIMAL
540,Bijan Robinson,RB,Alvin Kamara / Daniel Carlson / Nick Folk / Saints / Tyler Shough,48700,48000-48900,2-4,0,98.16,121.5,129.44,143.07,0.03,1,1,EXACT_OR_NEAR_OPTIMAL
1712,Chris Olave,WR,Brian Robinson Jr. / Daniel Carlson / Drake London / Falcons / Tyler Shough,48000,48000-48900,3-3,0,99.83,131.69,142.14,160.7,0.03,0,0,EXACT_OR_NEAR_OPTIMAL
1716,Chris Olave,WR,Brian Robinson Jr. / Daniel Carlson / Juwan Johnson / Nick Folk / Tyler Shough,47200,<48000,2-4,1,98.25,131.51,141.68,159.01,0.03,0,1,EXACT_OR_NEAR_OPTIMAL
1894,Daniel Carlson,K,Bijan Robinson / Brian Robinson Jr. / Chris Olave / Juwan Johnson / Michael Penix Jr.,50000,50000,3-3,1,100.73,128.63,136.58,155.47,0.03,0,3,FORCED_CAPTAIN
1913,Daniel Carlson,K,Bijan Robinson / Chris Olave / Drake London / Falcons / Nick Folk,48800,48000-48900,4-2,0,98.07,123.14,131.45,150.52,0.03,1,0,EXACT_OR_NEAR_OPTIMAL
1922,Daniel Carlson,K,Bijan Robinson / Chris Olave / Falcons / Nick Folk / Tyler Shough,48400,48000-48900,3-3,0,100.53,125.25,135.26,151.96,0.03,0,0,FORCED_CAPTAIN
1969,Devaughn Vele,WR,Alvin Kamara / Austin Hooper / Chris Olave / Juwan Johnson / Tyler Shough,49300,49000-49400,1-5,1,98.13,131.0,142.68,163.51,0.03,1,2,EXACT_OR_NEAR_OPTIMAL
1975,Devaughn Vele,WR,Alvin Kamara / Bijan Robinson / Bryce Lance / Juwan Johnson / Tyler Shough,49300,49000-49400,1-5,1,97.53,128.62,138.1,158.92,0.03,0,2,FORCED_CAPTAIN
2018,Devaughn Vele,WR,Alvin Kamara / Drake London / Juwan Johnson / Saints / Tyler Shough,49900,49500-49900,1-5,1,95.37,126.41,136.84,155.97,0.03,1,2,EXACT_OR_NEAR_OPTIMAL
2201,Drake London,WR,Alvin Kamara / Chris Olave / Falcons / Juwan Johnson / Nick Folk,49200,49000-49400,3-3,0,98.98,127.04,136.52,154.79,0.03,0,0,EXACT_OR_NEAR_OPTIMAL
2311,Drake London,WR,Austin Hooper / Chris Olave / Juwan Johnson / Michael Penix Jr. / Saints,49200,49000-49400,3-3,1,97.36,130.07,140.46,158.48,0.03,0,2,EXACT_OR_NEAR_OPTIMAL
2584,Falcons,DST,Bijan Robinson / Brian Robinson Jr. / Chris Olave / Drake London / Juwan Johnson,49200,49000-49400,4-2,0,100.92,127.63,136.77,154.24,0.03,1,1,EXACT_OR_NEAR_OPTIMAL
2839,Juwan Johnson,TE,Alvin Kamara / Chris Olave / Jahan Dotson / Nick Folk / Tyler Shough,46900,<48000,2-4,1,98.0,131.08,141.26,161.19,0.03,0,1,FORCED_CAPTAIN
2844,Juwan Johnson,TE,Alvin Kamara / Chris Olave / Michael Penix Jr. / Treyton Welch / Tyler Shough,47700,<48000,1-5,1,101.68,137.04,145.51,168.38,0.03,0,3,EXACT_OR_NEAR_OPTIMAL
2992,Juwan Johnson,TE,Chris Olave / Daniel Carlson / Drake London / Michael Penix Jr. / Saints,49900,49500-49900,2-4,0,100.4,130.02,139.19,157.92,0.03,0,1,EXACT_OR_NEAR_OPTIMAL
3009,Juwan Johnson,TE,Chris Olave / Falcons / Michael Penix Jr. / Nick Folk / Tyler Shough,49500,49500-49900,3-3,1,101.19,133.63,141.99,162.54,0.03,1,2,EXACT_OR_NEAR_OPTIMAL
3460,Michael Penix Jr.,QB,Austin Hooper / Bijan Robinson / Daniel Carlson / Juwan Johnson / Tyler Shough,49900,49500-49900,3-3,1,99.88,130.04,140.22,156.31,0.03,0,2,FORCED_CAPTAIN
3767,Nick Muse,TE,Bijan Robinson / Chris Olave / Juwan Johnson / Michael Penix Jr. / Tyler Shough,48900,48000-48900,3-3,1,105.66,138.15,149.1,169.46,0.03,0,3,FORCED_CAPTAIN
4543,Tyler Shough,QB,Alvin Kamara / Bijan Robinson / Bryce Lance / Chris Olave / Kevin Austin Jr.,46600,<48000,1-5,1,102.48,134.86,146.88,165.94,0.03,1,2,EXACT_OR_NEAR_OPTIMAL
4725,Tyler Shough,QB,Bijan Robinson / Brian Robinson Jr. / Chris Olave / Jahan Dotson / Nick Folk,49200,49000-49400,4-2,0,101.98,133.38,143.86,162.98,0.03,1,0,EXACT_OR_NEAR_OPTIMAL
132,Alvin Kamara,RB,Chris Olave / Daniel Carlson / Drake London / Michael Penix Jr. / Saints,49300,49000-49400,2-4,0,96.64,123.93,133.05,152.3,0.0295,0,0,EXACT_OR_NEAR_OPTIMAL
639,Bijan Robinson,RB,Bryce Lance / Chris Olave / Daniel Carlson / Jahan Dotson / Tyler Shough,47700,<48000,2-4,1,102.53,132.42,142.98,166.56,0.0295,1,2,EXACT_OR_NEAR_OPTIMAL
1214,Charlie Woerner,TE,Bijan Robinson / Chris Olave / Drake London / Juwan Johnson / Michael Penix Jr.,49900,49500-49900,4-2,1,103.75,134.71,144.66,161.94,0.0295,1,3,EXACT_OR_NEAR_OPTIMAL
1400,Chris Olave,WR,Alvin Kamara / Austin Hooper / Drake London / Falcons / Michael Penix Jr.,48600,48000-48900,4-2,1,96.75,128.12,138.17,159.6,0.0295,1,1,EXACT_OR_NEAR_OPTIMAL
1506,Chris Olave,WR,Alvin Kamara / Devaughn Vele / Falcons / Kyle Pitts Sr. / Tyler Shough,50000,50000,2-4,1,96.38,128.95,140.13,161.77,0.0295,0,2,EXACT_OR_NEAR_OPTIMAL
1770,Chris Olave,WR,Daniel Carlson / Drake London / Michael Penix Jr. / Nick Folk / Saints,49600,49500-49900,3-3,0,96.86,126.24,136.6,154.97,0.0295,0,0,EXACT_OR_NEAR_OPTIMAL
2003,Devaughn Vele,WR,Alvin Kamara / Chris Olave / Drake London / Nick Muse / Tyler Shough,49300,49000-49400,2-4,1,98.34,132.05,142.04,164.27,0.0295,0,1,FORCED_CAPTAIN
2264,Drake London,WR,Alvin Kamara / Falcons / Michael Penix Jr. / Nick Folk / Tyler Shough,49600,49500-49900,4-2,0,94.94,124.57,136.31,154.92,0.0295,0,0,EXACT_OR_NEAR_OPTIMAL
2376,Drake London,WR,Bijan Robinson / Devaughn Vele / Falcons / Juwan Johnson / Saints,49800,49500-49900,3-3,0,95.36,122.72,131.13,149.37,0.0295,2,0,EXACT_OR_NEAR_OPTIMAL
2443,Drake London,WR,Chris Olave / Devaughn Vele / Falcons / Jahan Dotson / Tyler Shough,49800,49500-49900,3-3,1,98.85,131.89,141.47,164.03,0.0295,1,1,EXACT_OR_NEAR_OPTIMAL
2651,Falcons,DST,Chris Olave / Drake London / Juwan Johnson / Nick Folk / Tyler Shough,48600,48000-48900,3-3,1,100.58,131.23,140.22,157.2,0.0295,0,2,FORCED_CAPTAIN
2860,Juwan Johnson,TE,Alvin Kamara / Daniel Carlson / Drake London / Nick Folk / Tyler Shough,47900,<48000,2-4,1,96.85,126.83,137.11,157.7,0.0295,0,1,EXACT_OR_NEAR_OPTIMAL
3536,Michael Penix Jr.,QB,Chris Olave / Drake London / Falcons / Olamide Zaccheaus / Tyler Shough,49500,49500-49900,4-2,1,99.15,131.72,143.66,161.87,0.0295,0,2,FORCED_CAPTAIN
3645,Nick Folk,K,Bijan Robinson / Daniel Carlson / Devaughn Vele / Juwan Johnson / Tyler Shough,49500,49500-49900,2-4,1,96.07,124.28,132.03,151.54,0.0295,0,1,FORCED_CAPTAIN
4817,Tyler Shough,QB,Chris Blair / Devaughn Vele / Drake London / Juwan Johnson / Michael Penix Jr.,49600,49500-49900,3-3,1,96.36,132.13,141.71,163.97,0.0295,0,2,EXACT_OR_NEAR_OPTIMAL
22,Alvin Kamara,RB,Bijan Robinson / Brian Robinson Jr. / Drake London / Saints / Tyler Shough,49900,49500-49900,3-3,0,100.16,126.27,135.06,151.42,0.029,0,0,FORCED_CAPTAIN
25,Alvin Kamara,RB,Bijan Robinson / Bryce Lance / Chris Olave / Falcons / Tyler Shough,48100,48000-48900,2-4,1,102.94,131.27,140.61,159.49,0.029,0,1,FORCED_CAPTAIN
734,Bijan Robinson,RB,Daniel Carlson / Devaughn Vele / Jahan Dotson / Juwan Johnson / Michael Penix Jr.,49700,49500-49900,3-3,1,94.23,123.59,132.97,152.89,0.029,1,2,EXACT_OR_NEAR_OPTIMAL
763,Bijan Robinson,RB,Drake London / Falcons / Juwan Johnson / Nick Folk / Saints,48300,48000-48900,4-2,0,95.22,120.68,129.55,145.36,0.029,1,1,EXACT_OR_NEAR_OPTIMAL
936,Bryce Lance,WR,Alvin Kamara / Chris Olave / Drake London / Juwan Johnson / Tyler Shough,47500,<48000,1-5,1,102.0,135.49,145.97,165.6,0.029,0,3,FORCED_CAPTAIN
1484,Chris Olave,WR,Alvin Kamara / Daniel Carlson / Devaughn Vele / Drake London / Saints,50000,50000,1-5,0,98.34,127.12,135.86,155.07,0.029,2,2,EXACT_OR_NEAR_OPTIMAL
1532,Chris Olave,WR,Alvin Kamara / Drake London / Michael Penix Jr. / Nick Folk / Olamide Zaccheaus,49600,49500-49900,4-2,1,97.79,129.27,140.01,160.16,0.029,1,1,EXACT_OR_NEAR_OPTIMAL
1679,Chris Olave,WR,Bijan Robinson / Devaughn Vele / Juwan Johnson / Kevin Austin Jr. / Nick Folk,49400,49000-49400,2-4,0,100.32,130.91,140.51,163.11,0.029,1,0,EXACT_OR_NEAR_OPTIMAL
1986,Devaughn Vele,WR,Alvin Kamara / Bijan Robinson / Juwan Johnson / Olamide Zaccheaus / Tyler Shough,49500,49500-49900,2-4,1,97.25,127.69,137.1,157.17,0.029,1,1,EXACT_OR_NEAR_OPTIMAL
2047,Devaughn Vele,WR,Bijan Robinson / Charlie Woerner / Chris Olave / Daniel Carlson / Tyler Shough,49300,49000-49400,2-4,1,99.66,130.6,141.53,159.87,0.029,2,1,EXACT_OR_NEAR_OPTIMAL
2192,Drake London,WR,Alvin Kamara / Chris Olave / Daniel Carlson / Falcons / Juwan Johnson,48600,48000-48900,2-4,0,99.72,127.95,136.46,157.02,0.029,0,0,EXACT_OR_NEAR_OPTIMAL
2514,Drake London,WR,Falcons / Juwan Johnson / Michael Penix Jr. / Saints / Tyler Shough,48800,48000-48900,3-3,0,96.12,127.18,137.42,156.26,0.029,0,1,EXACT_OR_NEAR_OPTIMAL
2612,Falcons,DST,Bijan Robinson / Chris Olave / Drake London / Michael Penix Jr. / Olamide Zaccheaus,49000,49000-49400,5-1,1,97.85,128.46,137.19,154.95,0.029,0,3,FORCED_CAPTAIN
2615,Falcons,DST,Bijan Robinson / Chris Olave / Drake London / Oscar Delp / Tyler Shough,48000,48000-48900,3-3,1,104.03,133.07,142.65,163.46,0.029,0,2,FORCED_CAPTAIN
2617,Falcons,DST,Bijan Robinson / Chris Olave / Jahan Dotson / Michael Penix Jr. / Tyler Shough,49600,49500-49900,4-2,1,101.97,131.02,140.66,161.91,0.029,0,2,FORCED_CAPTAIN
2618,Falcons,DST,Bijan Robinson / Chris Olave / Juwan Johnson / Michael Penix Jr. / Nick Folk,49800,49500-49900,4-2,0,99.46,127.55,135.38,153.14,0.029,0,1,FORCED_CAPTAIN
3612,Nick Folk,K,Austin Hooper / Chris Olave / Drake London / Juwan Johnson / Tyler Shough,48700,48000-48900,3-3,1,99.75,132.8,143.4,157.67,0.029,0,2,FORCED_CAPTAIN
3625,Nick Folk,K,Bijan Robinson / Chris Olave / Daniel Carlson / Drake London / Falcons,49100,49000-49400,4-2,0,97.71,123.29,131.15,152.54,0.029,0,0,FORCED_CAPTAIN
3626,Nick Folk,K,Bijan Robinson / Chris Olave / Daniel Carlson / Drake London / Saints,49700,49500-49900,3-3,0,98.64,122.52,129.05,150.57,0.029,1,0,EXACT_OR_NEAR_OPTIMAL
4086,Saints,DST,Alvin Kamara / Drake London / Juwan Johnson / Michael Penix Jr. / Tyler Shough,49300,49000-49400,2-4,1,97.44,127.37,136.4,153.89,0.029,0,2,EXACT_OR_NEAR_OPTIMAL
4100,Saints,DST,Bijan Robinson / Bryce Lance / Chris Olave / Juwan Johnson / Tyler Shough,47700,<48000,1-5,1,102.82,132.22,141.0,160.17,0.029,0,3,FORCED_CAPTAIN
4703,Tyler Shough,QB,Austin Hooper / Bijan Robinson / Juwan Johnson / Michael Penix Jr. / Saints,49600,49500-49900,3-3,1,101.38,131.66,142.14,159.28,0.029,1,2,EXACT_OR_NEAR_OPTIMAL
4709,Tyler Shough,QB,Austin Hooper / Chris Olave / Devaughn Vele / Juwan Johnson / Saints,47400,<48000,1-5,1,96.73,131.11,142.26,163.99,0.029,0,2,EXACT_OR_NEAR_OPTIMAL
168,Alvin Kamara,RB,Chris Olave / Juwan Johnson / Michael Penix Jr. / Oscar Delp / Tyler Shough,47700,<48000,1-5,1,101.58,134.63,143.66,164.23,0.0285,0,3,FORCED_CAPTAIN
662,Bijan Robinson,RB,CJ Donaldson / Devaughn Vele / Juwan Johnson / Nick Folk / Tyler Shough,49300,49000-49400,2-4,1,97.05,127.57,136.8,159.88,0.0285,1,2,EXACT_OR_NEAR_OPTIMAL
1439,Chris Olave,WR,Alvin Kamara / Bijan Robinson / Jahan Dotson / Michael Penix Jr. / Olamide Zaccheaus,49000,49000-49400,4-2,1,100.01,130.56,140.58,161.88,0.0285,1,1,EXACT_OR_NEAR_OPTIMAL
1574,Chris Olave,WR,Austin Hooper / Bijan Robinson / Falcons / Michael Penix Jr. / Nick Folk,48800,48000-48900,5-1,1,96.97,125.5,137.08,156.25,0.0285,1,2,EXACT_OR_NEAR_OPTIMAL
1719,Chris Olave,WR,Brian Robinson Jr. / Devaughn Vele / Falcons / Michael Penix Jr. / Tyler Shough,50000,50000,3-3,1,97.57,131.21,141.72,164.65,0.0285,1,2,EXACT_OR_NEAR_OPTIMAL
1818,Chris Olave,WR,Drake London / Juwan Johnson / Michael Penix Jr. / Nick Folk / Olamide Zaccheaus,50000,50000,4-2,1,100.29,134.17,144.32,161.29,0.0285,2,3,EXACT_OR_NEAR_OPTIMAL
1848,Daniel Carlson,K,Alvin Kamara / Bijan Robinson / Chris Olave / Devaughn Vele / Nick Folk,50000,50000,2-4,0,97.14,121.03,130.79,145.22,0.0285,1,1,EXACT_OR_NEAR_OPTIMAL
2070,Devaughn Vele,WR,Bijan Robinson / Falcons / Juwan Johnson / Nick Folk / Tyler Shough,49500,49500-49900,3-3,1,94.65,123.36,132.71,154.07,0.0285,0,1,FORCED_CAPTAIN
2118,Drake London,WR,Alvin Kamara / Austin Hooper / Bijan Robinson / Falcons / Tyler Shough,49800,49500-49900,4-2,0,101.39,130.54,139.18,154.3,0.0285,1,0,EXACT_OR_NEAR_OPTIMAL
2166,Drake London,WR,Alvin Kamara / Brian Robinson Jr. / Chris Olave / Falcons / Michael Penix Jr.,49200,49000-49400,4-2,1,94.93,125.6,136.12,157.54,0.0285,1,1,EXACT_OR_NEAR_OPTIMAL
2381,Drake London,WR,Bijan Robinson / Juwan Johnson / Kyle Pitts Sr. / Michael Penix Jr. / Oscar Delp,49400,49000-49400,4-2,1,94.11,128.18,137.13,157.44,0.0285,1,2,EXACT_OR_NEAR_OPTIMAL
2871,Juwan Johnson,TE,Alvin Kamara / Devaughn Vele / Drake London / Falcons / Tyler Shough,49100,49000-49400,2-4,1,97.0,127.51,138.9,159.51,0.0285,0,1,EXACT_OR_NEAR_OPTIMAL
2898,Juwan Johnson,TE,Austin Hooper / Bijan Robinson / Chris Olave / Falcons / Michael Penix Jr.,49100,49000-49400,4-2,1,100.51,129.74,139.02,160.45,0.0285,1,2,EXACT_OR_NEAR_OPTIMAL
3416,Michael Penix Jr.,QB,Alvin Kamara / Bijan Robinson / Juwan Johnson / Treyton Welch / Tyler Shough,49500,49500-49900,2-4,1,101.6,133.77,142.42,160.08,0.0285,0,2,FORCED_CAPTAIN
3669,Nick Folk,K,Chris Olave / Drake London / Jahan Dotson / Juwan Johnson / Tyler Shough,48900,48000-48900,3-3,1,100.19,134.18,141.51,158.74,0.0285,0,2,FORCED_CAPTAIN
4618,Tyler Shough,QB,Alvin Kamara / Chris Olave / Devaughn Vele / Kyle Pitts Sr. / Saints,50000,50000,1-5,1,95.71,127.86,140.41,158.02,0.0285,0,3,EXACT_OR_NEAR_OPTIMAL
467,Bijan Robinson,RB,Alvin Kamara / Austin Hooper / Jahan Dotson / Michael Penix Jr. / Tyler Shough,49100,49000-49400,4-2,1,98.2,128.34,136.51,157.33,0.028,1,2,EXACT_OR_NEAR_OPTIMAL
521,Bijan Robinson,RB,Alvin Kamara / Daniel Carlson / Devaughn Vele / Drake London / Olamide Zaccheaus,49300,49000-49400,3-3,0,94.73,121.79,130.47,147.78,0.028,2,1,EXACT_OR_NEAR_OPTIMAL
553,Bijan Robinson,RB,Alvin Kamara / Drake London / Kendre Miller / Oscar Delp / Tyler Shough,49700,49500-49900,2-4,1,100.36,130.68,139.43,154.24,0.028,1,2,EXACT_OR_NEAR_OPTIMAL
602,Bijan Robinson,RB,Austin Hooper / Juwan Johnson / Michael Penix Jr. / Olamide Zaccheaus / Tyler Shough,48500,48000-48900,4-2,1,99.04,130.54,141.48,160.42,0.028,1,3,EXACT_OR_NEAR_OPTIMAL
849,Brian Robinson Jr.,RB,Bijan Robinson / Chris Olave / Falcons / Juwan Johnson / Tyler Shough,48900,48000-48900,3-3,1,102.89,132.32,141.64,162.52,0.028,1,2,EXACT_OR_NEAR_OPTIMAL
854,Brian Robinson Jr.,RB,Bijan Robinson / Chris Olave / Juwan Johnson / Saints / Tyler Shough,49500,49500-49900,2-4,1,103.83,133.25,143.17,163.92,0.028,0,2,FORCED_CAPTAIN
1389,Chris Olave,WR,Alvin Kamara / Austin Hooper / Bijan Robinson / Michael Penix Jr. / Olamide Zaccheaus,48800,48000-48900,4-2,1,99.57,130.23,141.02,161.34,0.028,1,1,EXACT_OR_NEAR_OPTIMAL
1654,Chris Olave,WR,Bijan Robinson / CJ Donaldson / Daniel Carlson / Drake London / Falcons,47800,<48000,3-3,0,99.25,128.1,138.02,158.64,0.028,1,0,EXACT_OR_NEAR_OPTIMAL
1689,Chris Olave,WR,Bijan Robinson / Drake London / Juwan Johnson / Olamide Zaccheaus / Zachariah Branch,49800,49500-49900,4-2,0,103.85,135.46,145.29,167.59,0.028,1,1,EXACT_OR_NEAR_OPTIMAL
1757,Chris Olave,WR,Daniel Carlson / Devaughn Vele / Michael Penix Jr. / Oscar Delp / Tyler Shough,47800,<48000,1-5,1,97.38,131.43,143.18,164.46,0.028,0,2,EXACT_OR_NEAR_OPTIMAL
1775,Chris Olave,WR,Daniel Carlson / Falcons / Juwan Johnson / Saints / Tyler Shough,45800,<48000,1-5,1,97.89,128.62,137.84,158.55,0.028,0,2,EXACT_OR_NEAR_OPTIMAL
1829,Chris Olave,WR,Falcons / Juwan Johnson / Nick Folk / Saints / Tyler Shough,46400,<48000,2-4,1,97.15,128.72,138.89,157.61,0.028,0,1,EXACT_OR_NEAR_OPTIMAL
1862,Daniel Carlson,K,Alvin Kamara / Bijan Robinson / Drake London / Juwan Johnson / Nick Folk,48800,48000-48900,3-3,0,96.63,122.6,130.55,144.16,0.028,0,0,FORCED_CAPTAIN
1901,Daniel Carlson,K,Bijan Robinson / Bryce Lance / Chris Olave / Devaughn Vele / Tyler Shough,49000,49000-49400,1-5,1,100.76,129.15,140.25,158.83,0.028,0,2,FORCED_CAPTAIN
1946,Daniel Carlson,K,Brian Robinson Jr. / Chris Olave / Drake London / Juwan Johnson / Tyler Shough,48800,48000-48900,2-4,1,101.85,133.25,143.74,157.26,0.028,1,2,EXACT_OR_NEAR_OPTIMAL
1954,Daniel Carlson,K,Chris Olave / Drake London / Falcons / Juwan Johnson / Tyler Shough,48600,48000-48900,2-4,1,102.81,132.42,141.14,157.8,0.028,0,2,FORCED_CAPTAIN
2086,Devaughn Vele,WR,Chris Olave / Daniel Carlson / Drake London / Jahan Dotson / Tyler Shough,49900,49500-49900,2-4,1,97.35,130.46,140.2,159.79,0.028,0,1,EXACT_OR_NEAR_OPTIMAL
2091,Devaughn Vele,WR,Chris Olave / Drake London / Falcons / Saints / Tyler Shough,49900,49500-49900,2-4,1,96.82,127.73,135.72,157.16,0.028,0,1,FORCED_CAPTAIN
2363,Drake London,WR,Bijan Robinson / Daniel Carlson / Falcons / Juwan Johnson / Nick Folk,48000,48000-48900,4-2,0,94.27,121.11,129.57,146.12,0.028,1,0,EXACT_OR_NEAR_OPTIMAL
2369,Drake London,WR,Bijan Robinson / Daniel Carlson / Jahan Dotson / Michael Penix Jr. / Nick Folk,49000,49000-49400,5-1,1,91.91,123.11,132.58,152.25,0.028,1,2,EXACT_OR_NEAR_OPTIMAL
2481,Drake London,WR,Daniel Carlson / Devaughn Vele / Juwan Johnson / Saints / Tyler Shough,48800,48000-48900,1-5,1,94.8,126.52,135.79,152.86,0.028,1,2,EXACT_OR_NEAR_OPTIMAL
2533,Falcons,DST,Alvin Kamara / Bijan Robinson / Chris Olave / Juwan Johnson / Nick Folk,47800,<48000,3-3,0,97.8,123.38,130.02,148.8,0.028,0,0,FORCED_CAPTAIN
2777,Juwan Johnson,TE,Alvin Kamara / Austin Hooper / Bijan Robinson / Chris Olave / Nick Folk,48900,48000-48900,3-3,0,101.1,129.86,138.07,159.46,0.028,1,0,EXACT_OR_NEAR_OPTIMAL
2903,Juwan Johnson,TE,Austin Hooper / Bijan Robinson / Devaughn Vele / Nick Folk / Tyler Shough,48500,48000-48900,3-3,1,95.26,126.11,137.0,159.36,0.028,1,1,EXACT_OR_NEAR_OPTIMAL
2988,Juwan Johnson,TE,Chris Olave / Daniel Carlson / Drake London / Falcons / Michael Penix Jr.,49300,49000-49400,3-3,0,99.46,128.74,137.41,157.48,0.028,1,1,EXACT_OR_NEAR_OPTIMAL
3534,Michael Penix Jr.,QB,Chris Olave / Devaughn Vele / Juwan Johnson / Oscar Delp / Tyler Shough,49500,49500-49900,1-5,1,99.77,134.31,144.35,166.44,0.028,0,3,FORCED_CAPTAIN
3644,Nick Folk,K,Bijan Robinson / Chris Olave / Michael Penix Jr. / Oscar Delp / Tyler Shough,49700,49500-49900,3-3,1,102.74,132.88,143.35,163.55,0.028,0,2,FORCED_CAPTAIN
3994,Oscar Delp,TE,Bijan Robinson / Chris Olave / Drake London / Nick Folk / Tyler Shough,48200,48000-48900,3-3,1,104.22,133.82,144.94,165.35,0.028,0,2,FORCED_CAPTAIN
4357,Treyton Welch,TE,Bijan Robinson / Chris Olave / Drake London / Juwan Johnson / Michael Penix Jr.,49300,49000-49400,3-3,1,103.65,134.62,144.63,161.67,0.028,0,3,FORCED_CAPTAIN
4552,Tyler Shough,QB,Alvin Kamara / Bijan Robinson / Charlie Woerner / Drake London / Nick Folk,49200,49000-49400,4-2,0,101.62,129.99,140.73,157.05,0.028,1,0,EXACT_OR_NEAR_OPTIMAL
4731,Tyler Shough,QB,Bijan Robinson / Brian Robinson Jr. / Devaughn Vele / Juwan Johnson / Saints,49400,49000-49400,2-4,1,98.08,128.1,138.31,158.21,0.028,2,1,EXACT_OR_NEAR_OPTIMAL
4783,Tyler Shough,QB,Brian Robinson Jr. / Bryce Lance / Chris Olave / Devaughn Vele / Drake London,48600,48000-48900,2-4,1,97.73,133.17,144.45,164.78,0.028,1,1,EXACT_OR_NEAR_OPTIMAL
18,Alvin Kamara,RB,Bijan Robinson / Brian Robinson Jr. / Chris Olave / Juwan Johnson / Nick Folk,49700,49500-49900,3-3,0,100.86,127.18,134.77,155.91,0.0275,1,0,EXACT_OR_NEAR_OPTIMAL
67,Alvin Kamara,RB,Bijan Robinson / Daniel Carlson / Juwan Johnson / Kyle Pitts Sr. / Tyler Shough,49900,49500-49900,2-4,1,98.86,126.82,135.44,149.62,0.0275,0,1,FORCED_CAPTAIN
120,Alvin Kamara,RB,Bryce Lance / Chris Olave / Drake London / Nick Folk / Tyler Shough,48100,48000-48900,2-4,1,99.19,130.52,141.14,159.97,0.0275,0,1,FORCED_CAPTAIN
166,Alvin Kamara,RB,Chris Olave / Juwan Johnson / Kyle Pitts Sr. / Nick Folk / Tyler Shough,49500,49500-49900,2-4,1,97.79,129.34,139.32,158.94,0.0275,0,1,FORCED_CAPTAIN
1433,Chris Olave,WR,Alvin Kamara / Bijan Robinson / Falcons / Juwan Johnson / Olamide Zaccheaus,48000,48000-48900,3-3,0,102.37,130.48,138.8,159.16,0.0275,1,0,EXACT_OR_NEAR_OPTIMAL
1568,Chris Olave,WR,Austin Hooper / Bijan Robinson / Daniel Carlson / Michael Penix Jr. / Saints,48800,48000-48900,3-3,1,98.63,127.03,138.94,157.36,0.0275,1,1,EXACT_OR_NEAR_OPTIMAL
1760,Chris Olave,WR,Daniel Carlson / Drake London / Falcons / Michael Penix Jr. / Nick Folk,49000,49000-49400,4-2,0,95.92,125.81,135.47,155.25,0.0275,0,0,EXACT_OR_NEAR_OPTIMAL
1937,Daniel Carlson,K,Bijan Robinson / Drake London / Falcons / Juwan Johnson / Michael Penix Jr.,49000,49000-49400,4-2,1,96.03,123.5,132.94,148.88,0.0275,0,2,FORCED_CAPTAIN
2055,Devaughn Vele,WR,Bijan Robinson / Chris Olave / Kevin Austin Jr. / Saints / Tyler Shough,48900,48000-48900,1-5,1,97.96,128.39,139.33,157.66,0.0275,0,2,FORCED_CAPTAIN
2129,Drake London,WR,Alvin Kamara / Austin Hooper / Daniel Carlson / Michael Penix Jr. / Tyler Shough,48200,48000-48900,3-3,1,93.7,126.39,136.07,154.6,0.0275,0,1,EXACT_OR_NEAR_OPTIMAL
2140,Drake London,WR,Alvin Kamara / Bijan Robinson / Brian Robinson Jr. / Chris Olave / Kevin Austin Jr.,49200,49000-49400,3-3,0,100.75,130.55,140.24,159.84,0.0275,0,0,FORCED_CAPTAIN
2588,Falcons,DST,Bijan Robinson / Bryce Lance / Chris Olave / Drake London / Michael Penix Jr.,48800,48000-48900,4-2,1,98.13,128.08,138.98,154.93,0.0275,1,2,EXACT_OR_NEAR_OPTIMAL
2645,Falcons,DST,Chris Olave / Daniel Carlson / Drake London / Michael Penix Jr. / Tyler Shough,49600,49500-49900,3-3,0,100.48,130.07,138.3,157.48,0.0275,0,1,FORCED_CAPTAIN
2783,Juwan Johnson,TE,Alvin Kamara / Bijan Robinson / Brian Robinson Jr. / Saints / Tyler Shough,47500,<48000,2-4,1,97.58,126.25,136.04,155.94,0.0275,1,1,EXACT_OR_NEAR_OPTIMAL
2809,Juwan Johnson,TE,Alvin Kamara / Brian Robinson Jr. / Chris Olave / Daniel Carlson / Tyler Shough,47100,<48000,1-5,1,99.29,132.06,142.4,159.08,0.0275,1,2,EXACT_OR_NEAR_OPTIMAL
2811,Juwan Johnson,TE,Alvin Kamara / Brian Robinson Jr. / Chris Olave / Saints / Tyler Shough,46500,<48000,1-5,1,97.23,130.01,139.24,159.06,0.0275,1,2,EXACT_OR_NEAR_OPTIMAL
2981,Juwan Johnson,TE,Bryce Lance / Devaughn Vele / Drake London / Michael Penix Jr. / Tyler Shough,49300,49000-49400,2-4,1,95.76,130.08,141.46,165.68,0.0275,2,2,EXACT_OR_NEAR_OPTIMAL
3515,Michael Penix Jr.,QB,Brian Robinson Jr. / Chris Olave / Drake London / Olamide Zaccheaus / Tyler Shough,49700,49500-49900,4-2,1,98.19,132.12,143.53,165.45,0.0275,0,2,FORCED_CAPTAIN
3537,Michael Penix Jr.,QB,Chris Olave / Drake London / Jahan Dotson / Olamide Zaccheaus / Tyler Shough,48900,48000-48900,4-2,1,97.63,132.54,143.92,164.22,0.0275,0,2,FORCED_CAPTAIN
3576,Nick Folk,K,Alvin Kamara / Bijan Robinson / Daniel Carlson / Juwan Johnson / Tyler Shough,48700,48000-48900,2-4,1,98.71,125.39,132.99,148.39,0.0275,1,1,EXACT_OR_NEAR_OPTIMAL
4534,Tyler Shough,QB,Alvin Kamara / Austin Hooper / Chris Olave / Michael Penix Jr. / Nick Folk,49400,49000-49400,3-3,1,99.86,133.32,142.81,162.27,0.0275,1,1,EXACT_OR_NEAR_OPTIMAL
56,Alvin Kamara,RB,Bijan Robinson / Chris Olave / Kyle Pitts Sr. / Oscar Delp / Tyler Shough,48900,48000-48900,2-4,1,101.23,130.93,141.8,160.72,0.027,0,1,FORCED_CAPTAIN
523,Bijan Robinson,RB,Alvin Kamara / Daniel Carlson / Devaughn Vele / Juwan Johnson / Saints,48900,48000-48900,1-5,0,95.02,119.97,128.35,142.55,0.027,1,2,EXACT_OR_NEAR_OPTIMAL
612,Bijan Robinson,RB,Brian Robinson Jr. / Chris Olave / Daniel Carlson / Drake London / Oscar Delp,47500,<48000,3-3,0,99.42,128.02,136.76,155.21,0.027,1,1,EXACT_OR_NEAR_OPTIMAL
908,Bryce Lance,WR,Alvin Kamara / Bijan Robinson / Chris Olave / Drake London / Juwan Johnson,49700,49500-49900,2-4,0,105.56,133.44,143.46,161.54,0.027,0,1,FORCED_CAPTAIN
960,Bryce Lance,WR,Bijan Robinson / Chris Olave / Daniel Carlson / Drake London / Michael Penix Jr.,49100,49000-49400,3-3,1,99.66,130.45,139.21,157.68,0.027,0,2,FORCED_CAPTAIN
1480,Chris Olave,WR,Alvin Kamara / Charlie Woerner / Drake London / Falcons / Tyler Shough,47000,<48000,3-3,1,100.62,134.55,143.36,167.22,0.027,0,1,EXACT_OR_NEAR_OPTIMAL
1659,Chris Olave,WR,Bijan Robinson / Charlie Woerner / Daniel Carlson / Falcons / Tyler Shough,46600,<48000,3-3,0,101.57,131.09,142.56,165.47,0.027,1,0,EXACT_OR_NEAR_OPTIMAL
1758,Chris Olave,WR,Daniel Carlson / Devaughn Vele / Nick Folk / Saints / Tyler Shough,48000,48000-48900,1-5,1,95.0,127.71,136.66,155.48,0.027,1,2,EXACT_OR_NEAR_OPTIMAL
1796,Chris Olave,WR,Devaughn Vele / Juwan Johnson / Nick Folk / Tyler Shough / Zachariah Branch,48800,48000-48900,2-4,1,96.76,132.64,144.08,165.97,0.027,0,1,EXACT_OR_NEAR_OPTIMAL
2053,Devaughn Vele,WR,Bijan Robinson / Chris Olave / Falcons / Olamide Zaccheaus / Tyler Shough,49500,49500-49900,3-3,1,98.7,128.95,140.43,159.47,0.027,1,1,EXACT_OR_NEAR_OPTIMAL
2229,Drake London,WR,Alvin Kamara / Daniel Carlson / Jahan Dotson / Michael Penix Jr. / Tyler Shough,48400,48000-48900,3-3,1,94.15,126.21,136.54,155.81,0.027,0,1,EXACT_OR_NEAR_OPTIMAL
2428,Drake London,WR,Chris Olave / Daniel Carlson / Falcons / Michael Penix Jr. / Nick Folk,48600,48000-48900,4-2,0,93.09,122.87,133.19,154.33,0.027,2,0,EXACT_OR_NEAR_OPTIMAL
2798,Juwan Johnson,TE,Alvin Kamara / Bijan Robinson / Drake London / Falcons / Saints,47700,<48000,3-3,0,96.08,121.79,130.8,144.85,0.027,1,0,EXACT_OR_NEAR_OPTIMAL
2816,Juwan Johnson,TE,Alvin Kamara / Bryce Lance / Chris Olave / Drake London / Michael Penix Jr.,49700,49500-49900,2-4,0,101.61,133.57,142.92,162.69,0.027,0,1,EXACT_OR_NEAR_OPTIMAL
2833,Juwan Johnson,TE,Alvin Kamara / Chris Olave / Drake London / Michael Penix Jr. / Olamide Zaccheaus,49900,49500-49900,3-3,1,101.33,133.21,142.59,162.35,0.027,0,2,EXACT_OR_NEAR_OPTIMAL
3026,Juwan Johnson,TE,Devaughn Vele / Drake London / Michael Penix Jr. / Oscar Delp / Tyler Shough,47900,<48000,2-4,1,94.53,129.32,140.65,162.17,0.027,1,2,EXACT_OR_NEAR_OPTIMAL
3409,Michael Penix Jr.,QB,Alvin Kamara / Bijan Robinson / Daniel Carlson / Drake London / Olamide Zaccheaus,49100,49000-49400,4-2,1,93.7,123.4,134.42,149.81,0.027,0,1,FORCED_CAPTAIN
3429,Michael Penix Jr.,QB,Alvin Kamara / Chris Olave / Daniel Carlson / Drake London / Falcons,49700,49500-49900,3-3,0,96.54,125.18,135.85,151.29,0.027,1,0,EXACT_OR_NEAR_OPTIMAL
3635,Nick Folk,K,Bijan Robinson / Chris Olave / Drake London / Michael Penix Jr. / Treyton Welch,49900,49500-49900,4-2,1,99.13,129.74,138.17,160.44,0.027,0,2,FORCED_CAPTAIN
3804,Olamide Zaccheaus,WR,Alvin Kamara / Bijan Robinson / Chris Olave / Devaughn Vele / Tyler Shough,50000,50000,2-4,1,102.45,133.61,144.27,161.7,0.027,0,2,FORCED_CAPTAIN
4155,Saints,DST,Chris Olave / Drake London / Falcons / Juwan Johnson / Tyler Shough,47700,<48000,2-4,1,99.72,129.38,137.08,156.67,0.027,0,2,EXACT_OR_NEAR_OPTIMAL
4575,Tyler Shough,QB,Alvin Kamara / Brian Robinson Jr. / Chris Olave / Michael Penix Jr. / Saints,49200,49000-49400,2-4,1,99.54,131.24,140.97,158.55,0.027,2,1,EXACT_OR_NEAR_OPTIMAL
4653,Tyler Shough,QB,Alvin Kamara / Daniel Carlson / Drake London / Michael Penix Jr. / Saints,49400,49000-49400,2-4,0,97.83,127.15,135.63,154.89,0.027,1,0,EXACT_OR_NEAR_OPTIMAL
4822,Tyler Shough,QB,Chris Olave / Daniel Carlson / Drake London / Falcons / Nick Folk,49000,49000-49400,3-3,0,101.45,131.21,140.2,159.25,0.027,1,0,EXACT_OR_NEAR_OPTIMAL
3,Alvin Kamara,RB,Austin Hooper / Bijan Robinson / Chris Olave / Daniel Carlson / Michael Penix Jr.,49700,49500-49900,3-3,1,99.75,127.13,135.79,154.9,0.0265,2,1,EXACT_OR_NEAR_OPTIMAL
29,Alvin Kamara,RB,Bijan Robinson / Bryce Lance / Drake London / Nick Folk / Tyler Shough,49100,49000-49400,3-3,1,99.54,127.1,137.48,152.16,0.0265,1,1,EXACT_OR_NEAR_OPTIMAL
138,Alvin Kamara,RB,Chris Olave / Daniel Carlson / Michael Penix Jr. / Saints / Tyler Shough,48900,48000-48900,1-5,1,99.1,126.95,135.92,152.7,0.0265,1,2,EXACT_OR_NEAR_OPTIMAL
582,Bijan Robinson,RB,Austin Hooper / Chris Olave / Devaughn Vele / Drake London / Treyton Welch,49300,49000-49400,3-3,0,99.67,129.62,140.53,159.84,0.0265,1,1,EXACT_OR_NEAR_OPTIMAL
687,Bijan Robinson,RB,Chris Olave / Daniel Carlson / Falcons / Nick Folk / Saints,46500,<48000,3-3,0,93.32,117.78,124.62,141.65,0.0265,1,1,EXACT_OR_NEAR_OPTIMAL
710,Bijan Robinson,RB,Chris Olave / Falcons / Jahan Dotson / Michael Penix Jr. / Saints,48300,48000-48900,4-2,1,96.26,123.54,133.24,151.91,0.0265,1,2,EXACT_OR_NEAR_OPTIMAL
751,Bijan Robinson,RB,Devaughn Vele / Drake London / Falcons / Nick Muse / Tyler Shough,48900,48000-48900,4-2,0,98.13,126.3,135.23,154.88,0.0265,1,1,EXACT_OR_NEAR_OPTIMAL
1399,Chris Olave,WR,Alvin Kamara / Austin Hooper / Devaughn Vele / Saints / Tyler Shough,47600,<48000,1-5,1,95.83,128.57,139.92,159.48,0.0265,1,2,EXACT_OR_NEAR_OPTIMAL
1475,Chris Olave,WR,Alvin Kamara / Bryce Lance / Kyle Pitts Sr. / Michael Penix Jr. / Tyler Shough,49400,49000-49400,2-4,1,97.78,132.54,143.72,164.49,0.0265,1,1,EXACT_OR_NEAR_OPTIMAL
1599,Chris Olave,WR,Austin Hooper / Devaughn Vele / Juwan Johnson / Kyle Pitts Sr. / Tyler Shough,49600,49500-49900,2-4,1,96.92,131.87,144.0,168.26,0.0265,1,1,EXACT_OR_NEAR_OPTIMAL
1850,Daniel Carlson,K,Alvin Kamara / Bijan Robinson / Chris Olave / Drake London / Olamide Zaccheaus,48800,48000-48900,3-3,0,100.67,127.41,134.66,151.45,0.0265,1,0,EXACT_OR_NEAR_OPTIMAL
1923,Daniel Carlson,K,Bijan Robinson / Chris Olave / Jahan Dotson / Juwan Johnson / Michael Penix Jr.,49200,49000-49400,3-3,1,100.17,128.67,136.51,155.16,0.0265,0,2,FORCED_CAPTAIN
1949,Daniel Carlson,K,Chris Olave / Devaughn Vele / Drake London / Saints / Tyler Shough,49600,49500-49900,1-5,1,98.6,128.56,136.53,154.35,0.0265,0,2,EXACT_OR_NEAR_OPTIMAL
2063,Devaughn Vele,WR,Bijan Robinson / Daniel Carlson / Juwan Johnson / Saints / Tyler Shough,49500,49500-49900,1-5,1,96.32,123.55,133.93,153.67,0.0265,0,2,FORCED_CAPTAIN
2175,Drake London,WR,Alvin Kamara / Brian Robinson Jr. / Daniel Carlson / Michael Penix Jr. / Tyler Shough,49200,49000-49400,3-3,1,94.71,126.07,136.62,153.5,0.0265,0,1,EXACT_OR_NEAR_OPTIMAL
2352,Drake London,WR,Bijan Robinson / Chris Olave / Daniel Carlson / Oscar Delp / Saints,47000,<48000,2-4,0,98.31,126.32,134.38,152.31,0.0265,1,0,EXACT_OR_NEAR_OPTIMAL
2626,Falcons,DST,Bijan Robinson / Daniel Carlson / Drake London / Juwan Johnson / Tyler Shough,49000,49000-49400,3-3,0,101.66,127.3,135.05,153.2,0.0265,0,1,FORCED_CAPTAIN
3005,Juwan Johnson,TE,Chris Olave / Drake London / Falcons / Michael Penix Jr. / Nick Folk,49900,49500-49900,4-2,0,98.73,128.74,138.22,158.54,0.0265,2,1,EXACT_OR_NEAR_OPTIMAL
3467,Michael Penix Jr.,QB,Austin Hooper / Chris Olave / Drake London / Olamide Zaccheaus / Tyler Shough,48700,48000-48900,4-2,1,97.19,132.89,142.48,165.45,0.0265,0,2,FORCED_CAPTAIN
3529,Michael Penix Jr.,QB,Chris Olave / Daniel Carlson / Drake London / Jahan Dotson / Juwan Johnson,49500,49500-49900,3-3,1,97.52,129.0,138.77,157.52,0.0265,0,2,FORCED_CAPTAIN
3634,Nick Folk,K,Bijan Robinson / Chris Olave / Drake London / Michael Penix Jr. / Nick Muse,49900,49500-49900,5-1,1,98.84,129.21,137.73,159.69,0.0265,0,3,FORCED_CAPTAIN
4146,Saints,DST,Chris Olave / Daniel Carlson / Devaughn Vele / Drake London / Tyler Shough,49300,49000-49400,1-5,1,97.57,127.15,135.62,154.84,0.0265,1,2,EXACT_OR_NEAR_OPTIMAL
4633,Tyler Shough,QB,Alvin Kamara / Chris Olave / Jahan Dotson / Kyle Pitts Sr. / Michael Penix Jr.,50000,50000,3-3,1,97.56,131.3,141.39,162.06,0.0265,1,2,EXACT_OR_NEAR_OPTIMAL
4879,Tyler Shough,QB,Drake London / Falcons / Juwan Johnson / Michael Penix Jr. / Nick Folk,49800,49500-49900,4-2,0,98.67,129.32,139.56,158.33,0.0265,1,1,EXACT_OR_NEAR_OPTIMAL
31,Alvin Kamara,RB,Bijan Robinson / CJ Donaldson / Chris Olave / Daniel Carlson / Drake London,49300,49000-49400,2-4,0,101.3,128.24,136.3,155.35,0.026,1,0,EXACT_OR_NEAR_OPTIMAL
62,Alvin Kamara,RB,Bijan Robinson / Daniel Carlson / Drake London / Jahan Dotson / Michael Penix Jr.,49100,49000-49400,4-2,1,94.53,122.28,132.2,149.06,0.026,1,1,EXACT_OR_NEAR_OPTIMAL
484,Bijan Robinson,RB,Alvin Kamara / Bryce Lance / Drake London / Jahan Dotson / Michael Penix Jr.,48500,48000-48900,4-2,1,94.8,125.65,137.5,153.74,0.026,1,2,EXACT_OR_NEAR_OPTIMAL
543,Bijan Robinson,RB,Alvin Kamara / Devaughn Vele / Falcons / Juwan Johnson / Nick Folk,48900,48000-48900,3-3,0,93.35,119.09,128.64,146.25,0.026,1,1,EXACT_OR_NEAR_OPTIMAL
620,Bijan Robinson,RB,Brian Robinson Jr. / Chris Olave / Falcons / Michael Penix Jr. / Saints,49100,49000-49400,4-2,1,96.82,123.28,132.71,151.09,0.026,1,2,EXACT_OR_NEAR_OPTIMAL
626,Bijan Robinson,RB,Brian Robinson Jr. / Daniel Carlson / Drake London / Juwan Johnson / Saints,47900,<48000,3-3,0,94.99,121.01,128.77,144.98,0.026,1,1,EXACT_OR_NEAR_OPTIMAL
673,Bijan Robinson,RB,Charlie Woerner / Falcons / Juwan Johnson / Michael Penix Jr. / Tyler Shough,47900,<48000,4-2,1,98.97,128.65,139.23,157.1,0.026,1,3,EXACT_OR_NEAR_OPTIMAL
1653,Chris Olave,WR,Bijan Robinson / Bryce Lance / Kendre Miller / Saints / Tyler Shough,48600,48000-48900,1-5,1,99.97,131.0,144.5,160.9,0.026,1,2,EXACT_OR_NEAR_OPTIMAL
1680,Chris Olave,WR,Bijan Robinson / Devaughn Vele / Juwan Johnson / Nick Folk / Treyton Welch,48800,48000-48900,2-4,0,99.88,129.81,140.43,161.26,0.026,1,0,EXACT_OR_NEAR_OPTIMAL
2075,Devaughn Vele,WR,Bijan Robinson / Juwan Johnson / Michael Penix Jr. / Nick Muse / Tyler Shough,49700,49500-49900,3-3,1,96.51,128.21,138.29,160.49,0.026,0,2,FORCED_CAPTAIN
2125,Drake London,WR,Alvin Kamara / Austin Hooper / Chris Olave / Michael Penix Jr. / Saints,48800,48000-48900,3-3,1,94.85,126.66,136.4,156.84,0.026,0,1,EXACT_OR_NEAR_OPTIMAL
2265,Drake London,WR,Alvin Kamara / Falcons / Michael Penix Jr. / Saints / Tyler Shough,48400,48000-48900,3-3,0,93.61,123.06,132.78,150.83,0.026,0,0,EXACT_OR_NEAR_OPTIMAL
2295,Drake London,WR,Austin Hooper / Bijan Robinson / Devaughn Vele / Falcons / Michael Penix Jr.,50000,50000,5-1,1,91.62,124.27,133.67,153.48,0.026,2,3,EXACT_OR_NEAR_OPTIMAL
2525,Falcons,DST,Alvin Kamara / Bijan Robinson / Brian Robinson Jr. / Chris Olave / Tyler Shough,48400,48000-48900,3-3,1,100.87,127.39,137.79,154.44,0.026,0,1,FORCED_CAPTAIN
2598,Falcons,DST,Bijan Robinson / Chris Olave / Daniel Carlson / Juwan Johnson / Michael Penix Jr.,49200,49000-49400,3-3,0,100.19,126.65,134.88,152.31,0.026,0,1,FORCED_CAPTAIN
2638,Falcons,DST,Bijan Robinson / Drake London / Juwan Johnson / Saints / Tyler Shough,48400,48000-48900,3-3,0,99.6,125.03,133.18,149.89,0.026,0,1,FORCED_CAPTAIN
2861,Juwan Johnson,TE,Alvin Kamara / Daniel Carlson / Drake London / Saints / Tyler Shough,46700,<48000,1-5,1,95.52,124.81,134.89,151.96,0.026,0,2,EXACT_OR_NEAR_OPTIMAL
3522,Michael Penix Jr.,QB,Bryce Lance / Chris Olave / Drake London / Jahan Dotson / Tyler Shough,48700,48000-48900,3-3,1,97.91,133.28,143.24,165.42,0.026,0,2,FORCED_CAPTAIN
3523,Michael Penix Jr.,QB,Bryce Lance / Chris Olave / Drake London / Saints / Tyler Shough,49900,49500-49900,2-4,1,100.37,132.59,143.87,165.29,0.026,0,2,FORCED_CAPTAIN
3574,Nick Folk,K,Alvin Kamara / Bijan Robinson / Daniel Carlson / Drake London / Juwan Johnson,49100,49000-49400,3-3,0,96.26,121.44,130.33,145.03,0.026,0,0,FORCED_CAPTAIN
3977,Oscar Delp,TE,Bijan Robinson / Chris Olave / Daniel Carlson / Drake London / Tyler Shough,47600,<48000,2-4,1,104.95,135.21,143.97,166.15,0.026,0,2,FORCED_CAPTAIN
4112,Saints,DST,Bijan Robinson / Chris Olave / Daniel Carlson / Nick Folk / Tyler Shough,48700,48000-48900,2-4,0,100.43,125.31,133.01,152.5,0.026,0,0,FORCED_CAPTAIN
4545,Tyler Shough,QB,Alvin Kamara / Bijan Robinson / Bryce Lance / Daniel Carlson / Juwan Johnson,47200,<48000,1-5,1,100.83,131.74,139.28,156.64,0.026,1,2,EXACT_OR_NEAR_OPTIMAL
4732,Tyler Shough,QB,Bijan Robinson / Brian Robinson Jr. / Falcons / Juwan Johnson / Michael Penix Jr.,50000,50000,4-2,1,101.46,130.96,140.45,159.02,0.026,1,3,EXACT_OR_NEAR_OPTIMAL
4800,Tyler Shough,QB,Brian Robinson Jr. / Drake London / Juwan Johnson / Michael Penix Jr. / Nick Folk,50000,50000,4-2,1,97.71,131.39,141.21,160.67,0.026,0,3,EXACT_OR_NEAR_OPTIMAL
4882,Tyler Shough,QB,Drake London / Jahan Dotson / Juwan Johnson / Michael Penix Jr. / Nick Folk,49200,49000-49400,4-2,1,97.15,130.77,141.31,161.67,0.026,0,2,EXACT_OR_NEAR_OPTIMAL
156,Alvin Kamara,RB,Chris Olave / Drake London / Juwan Johnson / Michael Penix Jr. / Olamide Zaccheaus,49700,49500-49900,3-3,1,100.08,131.46,139.7,162.63,0.0255,1,2,EXACT_OR_NEAR_OPTIMAL
505,Bijan Robinson,RB,Alvin Kamara / Chris Olave / Devaughn Vele / Kevin Austin Jr. / Nick Folk,49500,49500-49900,2-4,0,97.99,124.73,135.35,154.28,0.0255,1,1,EXACT_OR_NEAR_OPTIMAL
1011,Bryce Lance,WR,Chris Olave / Devaughn Vele / Drake London / Michael Penix Jr. / Tyler Shough,49900,49500-49900,2-4,1,98.53,133.12,143.26,167.31,0.0255,0,2,FORCED_CAPTAIN
1415,Chris Olave,WR,Alvin Kamara / Bijan Robinson / Bryce Lance / Devaughn Vele / Nick Folk,50000,50000,2-4,0,99.76,128.96,138.62,157.04,0.0255,1,1,EXACT_OR_NEAR_OPTIMAL
1553,Chris Olave,WR,Alvin Kamara / Kyle Pitts Sr. / Michael Penix Jr. / Olamide Zaccheaus / Tyler Shough,49600,49500-49900,3-3,1,97.5,132.09,143.58,165.62,0.0255,1,1,EXACT_OR_NEAR_OPTIMAL
1558,Chris Olave,WR,Austin Hooper / Bijan Robinson / Brian Robinson Jr. / Drake London / Falcons,48200,48000-48900,5-1,0,98.42,127.56,139.3,157.31,0.0255,1,1,EXACT_OR_NEAR_OPTIMAL
1698,Chris Olave,WR,Bijan Robinson / Jahan Dotson / Juwan Johnson / Michael Penix Jr. / Oscar Delp,47800,<48000,3-3,1,101.56,132.64,143.69,166.86,0.0255,1,2,EXACT_OR_NEAR_OPTIMAL
1868,Daniel Carlson,K,Alvin Kamara / Bijan Robinson / Juwan Johnson / Nick Folk / Tyler Shough,48400,48000-48900,2-4,1,99.08,126.22,132.63,148.22,0.0255,0,1,FORCED_CAPTAIN
2124,Drake London,WR,Alvin Kamara / Austin Hooper / Chris Olave / Falcons / Michael Penix Jr.,48200,48000-48900,4-2,1,93.92,125.27,136.56,155.14,0.0255,1,1,EXACT_OR_NEAR_OPTIMAL
2226,Drake London,WR,Alvin Kamara / Daniel Carlson / Falcons / Michael Penix Jr. / Tyler Shough,49000,49000-49400,3-3,0,95.67,125.19,135.28,153.01,0.0255,0,0,EXACT_OR_NEAR_OPTIMAL
2509,Drake London,WR,Devaughn Vele / Juwan Johnson / Nick Folk / Saints / Tyler Shough,49400,49000-49400,2-4,1,94.07,125.58,135.53,152.73,0.0255,1,1,EXACT_OR_NEAR_OPTIMAL
2596,Falcons,DST,Bijan Robinson / Chris Olave / Daniel Carlson / Drake London / Nick Folk,48200,48000-48900,4-2,0,96.58,121.95,130.44,148.68,0.0255,0,0,FORCED_CAPTAIN
2802,Juwan Johnson,TE,Alvin Kamara / Bijan Robinson / Falcons / Kyle Pitts Sr. / Tyler Shough,48900,48000-48900,3-3,1,97.12,125.88,135.12,153.87,0.0255,0,1,FORCED_CAPTAIN
2969,Juwan Johnson,TE,Bijan Robinson / Falcons / Jahan Dotson / Michael Penix Jr. / Tyler Shough,48100,48000-48900,4-2,1,97.75,127.68,137.53,158.0,0.0255,2,2,EXACT_OR_NEAR_OPTIMAL
3214,Kevin Austin Jr.,WR,Bijan Robinson / Chris Olave / Devaughn Vele / Juwan Johnson / Tyler Shough,48600,48000-48900,1-5,1,102.45,134.47,145.57,166.78,0.0255,0,3,FORCED_CAPTAIN
3569,Nick Folk,K,Alvin Kamara / Bijan Robinson / Chris Olave / Juwan Johnson / Saints,49300,49000-49400,2-4,0,99.86,124.11,131.51,148.79,0.0255,0,0,FORCED_CAPTAIN
3592,Nick Folk,K,Alvin Kamara / Chris Olave / Daniel Carlson / Juwan Johnson / Tyler Shough,47700,<48000,1-5,1,98.37,128.56,137.64,154.47,0.0255,0,2,EXACT_OR_NEAR_OPTIMAL
3630,Nick Folk,K,Bijan Robinson / Chris Olave / Devaughn Vele / Falcons / Juwan Johnson,49500,49500-49900,3-3,0,96.29,123.3,132.66,148.72,0.0255,0,0,FORCED_CAPTAIN
3982,Oscar Delp,TE,Bijan Robinson / Chris Olave / Devaughn Vele / Drake London / Michael Penix Jr.,50000,50000,3-3,1,100.24,132.09,142.28,159.75,0.0255,0,3,FORCED_CAPTAIN
4159,Saints,DST,Chris Olave / Drake London / Juwan Johnson / Kendre Miller / Tyler Shough,49100,49000-49400,1-5,1,97.87,129.02,137.81,157.2,0.0255,1,3,EXACT_OR_NEAR_OPTIMAL
4611,Tyler Shough,QB,Alvin Kamara / Chris Olave / Daniel Carlson / Falcons / Michael Penix Jr.,49600,49500-49900,2-4,1,102.56,132.09,141.63,157.82,0.0255,1,1,EXACT_OR_NEAR_OPTIMAL
4815,Tyler Shough,QB,Charlie Woerner / Chris Olave / Drake London / Kendre Miller / Michael Penix Jr.,49800,49500-49900,3-3,1,98.82,133.76,145.46,165.39,0.0255,1,2,EXACT_OR_NEAR_OPTIMAL
4826,Tyler Shough,QB,Chris Olave / Daniel Carlson / Drake London / Kyle Pitts Sr. / Saints,50000,50000,2-4,0,99.64,130.94,139.85,159.04,0.0255,1,1,EXACT_OR_NEAR_OPTIMAL
4875,Tyler Shough,QB,Devaughn Vele / Drake London / Juwan Johnson / Nick Folk / Saints,49200,49000-49400,2-4,1,95.3,128.31,136.65,157.16,0.0255,1,1,EXACT_OR_NEAR_OPTIMAL
38,Alvin Kamara,RB,Bijan Robinson / Chris Olave / Daniel Carlson / Devaughn Vele / Saints,49900,49500-49900,1-5,0,98.34,120.99,130.54,146.37,0.025,1,1,EXACT_OR_NEAR_OPTIMAL
106,Alvin Kamara,RB,Brian Robinson Jr. / Chris Olave / Juwan Johnson / Nick Folk / Tyler Shough,47500,<48000,2-4,1,97.31,128.99,138.36,157.29,0.025,1,1,EXACT_OR_NEAR_OPTIMAL
131,Alvin Kamara,RB,Chris Olave / Daniel Carlson / Drake London / Juwan Johnson / Nick Folk,48900,48000-48900,2-4,0,98.81,125.67,132.61,150.92,0.025,0,0,EXACT_OR_NEAR_OPTIMAL
145,Alvin Kamara,RB,Chris Olave / Devaughn Vele / Juwan Johnson / Olamide Zaccheaus / Tyler Shough,48100,48000-48900,1-5,1,98.22,131.45,141.61,160.19,0.025,0,2,FORCED_CAPTAIN
162,Alvin Kamara,RB,Chris Olave / Falcons / Juwan Johnson / Nick Folk / Tyler Shough,47300,<48000,2-4,1,98.27,127.79,137.17,153.44,0.025,1,1,EXACT_OR_NEAR_OPTIMAL
281,Austin Hooper,TE,Bijan Robinson / Chris Olave / Drake London / Jahan Dotson / Tyler Shough,49400,49000-49400,4-2,0,103.69,134.68,145.8,166.46,0.025,0,1,FORCED_CAPTAIN
562,Bijan Robinson,RB,Alvin Kamara / Falcons / Michael Penix Jr. / Olamide Zaccheaus / Tyler Shough,48900,48000-48900,4-2,1,98.5,126.93,135.82,151.71,0.025,1,2,EXACT_OR_NEAR_OPTIMAL
566,Bijan Robinson,RB,Alvin Kamara / Michael Penix Jr. / Olamide Zaccheaus / Saints / Tyler Shough,49500,49500-49900,3-3,1,99.43,126.76,135.19,151.66,0.025,1,2,EXACT_OR_NEAR_OPTIMAL
691,Bijan Robinson,RB,Chris Olave / Daniel Carlson / Kendre Miller / Olamide Zaccheaus / Tyler Shough,49900,49500-49900,2-4,1,101.92,130.55,141.86,160.1,0.025,1,2,EXACT_OR_NEAR_OPTIMAL
831,Brian Robinson Jr.,RB,Bijan Robinson / Bryce Lance / Chris Olave / Drake London / Tyler Shough,49700,49500-49900,3-3,1,103.82,134.88,145.15,164.5,0.025,0,2,FORCED_CAPTAIN
1490,Chris Olave,WR,Alvin Kamara / Daniel Carlson / Drake London / Jahan Dotson / Juwan Johnson,48400,48000-48900,2-4,0,101.02,130.69,140.07,159.3,0.025,1,0,EXACT_OR_NEAR_OPTIMAL
1782,Chris Olave,WR,Daniel Carlson / Kyle Pitts Sr. / Michael Penix Jr. / Saints / Tyler Shough,49600,49500-49900,2-4,0,96.57,128.08,139.87,156.18,0.025,0,0,EXACT_OR_NEAR_OPTIMAL
1858,Daniel Carlson,K,Alvin Kamara / Bijan Robinson / Drake London / Falcons / Michael Penix Jr.,48600,48000-48900,4-2,1,93.53,119.54,127.7,144.72,0.025,0,1,FORCED_CAPTAIN
1934,Daniel Carlson,K,Bijan Robinson / Devaughn Vele / Juwan Johnson / Nick Folk / Tyler Shough,49200,49000-49400,2-4,1,96.44,123.39,132.76,150.69,0.025,0,1,FORCED_CAPTAIN
2119,Drake London,WR,Alvin Kamara / Austin Hooper / Bijan Robinson / Jahan Dotson / Michael Penix Jr.,48600,48000-48900,5-1,1,92.74,125.84,136.99,153.76,0.025,0,2,FORCED_CAPTAIN
2120,Drake London,WR,Alvin Kamara / Austin Hooper / Bijan Robinson / Jahan Dotson / Tyler Shough,49200,49000-49400,4-2,0,99.87,129.92,141.67,155.76,0.025,0,0,FORCED_CAPTAIN
2179,Drake London,WR,Alvin Kamara / Brian Robinson Jr. / Michael Penix Jr. / Nick Folk / Tyler Shough,49800,49500-49900,4-2,1,93.98,125.94,136.64,155.5,0.025,0,1,EXACT_OR_NEAR_OPTIMAL
2784,Juwan Johnson,TE,Alvin Kamara / Bijan Robinson / Bryce Lance / Chris Olave / Nick Folk,47900,<48000,2-4,0,100.16,128.36,137.34,157.43,0.025,1,0,EXACT_OR_NEAR_OPTIMAL
2852,Juwan Johnson,TE,Alvin Kamara / Daniel Carlson / Devaughn Vele / Michael Penix Jr. / Tyler Shough,49300,49000-49400,1-5,1,95.32,126.49,136.37,155.75,0.025,0,2,EXACT_OR_NEAR_OPTIMAL
2882,Juwan Johnson,TE,Alvin Kamara / Devaughn Vele / Michael Penix Jr. / Nick Folk / Tyler Shough,49900,49500-49900,2-4,1,94.59,126.63,136.16,158.32,0.025,2,1,EXACT_OR_NEAR_OPTIMAL
2914,Juwan Johnson,TE,Austin Hooper / Chris Olave / Michael Penix Jr. / Nick Folk / Tyler Shough,48700,48000-48900,3-3,1,99.22,132.7,142.88,165.98,0.025,1,2,EXACT_OR_NEAR_OPTIMAL
2970,Juwan Johnson,TE,Brian Robinson Jr. / Chris Olave / Daniel Carlson / Devaughn Vele / Tyler Shough,47900,<48000,1-5,1,96.65,129.75,142.74,159.25,0.025,0,2,EXACT_OR_NEAR_OPTIMAL
3403,Michael Penix Jr.,QB,Alvin Kamara / Bijan Robinson / Bryce Lance / Daniel Carlson / Drake London,48900,48000-48900,3-3,1,93.97,123.97,134.67,151.31,0.025,1,1,EXACT_OR_NEAR_OPTIMAL
3432,Michael Penix Jr.,QB,Alvin Kamara / Chris Olave / Juwan Johnson / Oscar Delp / Tyler Shough,48700,48000-48900,1-5,1,102.41,136.16,145.79,166.69,0.025,0,3,FORCED_CAPTAIN
3506,Michael Penix Jr.,QB,Bijan Robinson / Drake London / Jahan Dotson / Juwan Johnson / Saints,49900,49500-49900,4-2,1,95.81,125.75,134.15,153.1,0.025,0,2,FORCED_CAPTAIN
3521,Michael Penix Jr.,QB,Bryce Lance / Chris Olave / Drake London / Falcons / Tyler Shough,49300,49000-49400,3-3,1,99.43,131.87,143.2,164.86,0.025,0,2,FORCED_CAPTAIN
3819,Olamide Zaccheaus,WR,Alvin Kamara / Bijan Robinson / Drake London / Juwan Johnson / Tyler Shough,48800,48000-48900,3-3,1,101.93,132.43,140.6,158.04,0.025,0,2,FORCED_CAPTAIN
4045,Saints,DST,Alvin Kamara / Bijan Robinson / Chris Olave / Daniel Carlson / Juwan Johnson,48100,48000-48900,1-5,0,99.93,122.61,130.07,145.71,0.025,0,1,FORCED_CAPTAIN
4050,Saints,DST,Alvin Kamara / Bijan Robinson / Chris Olave / Jahan Dotson / Tyler Shough,48500,48000-48900,2-4,1,101.71,128.91,138.62,156.32,0.025,0,1,FORCED_CAPTAIN
4526,Tyler Shough,QB,Alvin Kamara / Austin Hooper / Bijan Robinson / Daniel Carlson / Michael Penix Jr.,49800,49500-49900,3-3,1,100.94,129.76,137.8,153.78,0.025,1,1,EXACT_OR_NEAR_OPTIMAL
4549,Tyler Shough,QB,Alvin Kamara / Bijan Robinson / CJ Donaldson / Daniel Carlson / Drake London,49400,49000-49400,2-4,1,102.49,131.84,139.44,154.02,0.025,1,1,EXACT_OR_NEAR_OPTIMAL
4570,Tyler Shough,QB,Alvin Kamara / Brian Robinson Jr. / Chris Olave / Devaughn Vele / Saints,48000,48000-48900,1-5,1,95.23,128.07,138.77,154.43,0.025,1,2,EXACT_OR_NEAR_OPTIMAL
4639,Tyler Shough,QB,Alvin Kamara / Chris Olave / Juwan Johnson / Nick Folk / Zachariah Branch,47400,<48000,2-4,1,97.8,132.34,142.7,163.22,0.025,1,1,EXACT_OR_NEAR_OPTIMAL
4851,Tyler Shough,QB,Chris Olave / Juwan Johnson / Kyle Pitts Sr. / Michael Penix Jr. / Olamide Zaccheaus,49400,49000-49400,3-3,1,98.4,134.6,144.91,167.7,0.025,0,2,FORCED_CAPTAIN
30,Alvin Kamara,RB,Bijan Robinson / Bryce Lance / Drake London / Saints / Tyler Shough,47900,<48000,2-4,1,98.21,124.94,134.7,149.66,0.0245,0,1,FORCED_CAPTAIN
576,Bijan Robinson,RB,Austin Hooper / Bryce Lance / Devaughn Vele / Drake London / Tyler Shough,49700,49500-49900,3-3,1,98.84,130.27,138.93,158.21,0.0245,1,2,EXACT_OR_NEAR_OPTIMAL
588,Bijan Robinson,RB,Austin Hooper / Chris Olave / Falcons / Kyle Pitts Sr. / Michael Penix Jr.,49700,49500-49900,5-1,1,94.4,124.07,134.44,157.18,0.0245,1,3,EXACT_OR_NEAR_OPTIMAL
744,Bijan Robinson,RB,Daniel Carlson / Drake London / Michael Penix Jr. / Nick Folk / Olamide Zaccheaus,48900,48000-48900,5-1,1,93.25,123.15,132.18,151.7,0.0245,1,3,EXACT_OR_NEAR_OPTIMAL
1625,Chris Olave,WR,Bijan Robinson / Brian Robinson Jr. / Daniel Carlson / Tyler Shough / Zachariah Branch,48600,48000-48900,3-3,0,100.97,133.12,142.3,167.4,0.0245,1,0,EXACT_OR_NEAR_OPTIMAL
1781,Chris Olave,WR,Daniel Carlson / Juwan Johnson / Kyle Pitts Sr. / Saints / Tyler Shough,48000,48000-48900,1-5,1,97.41,130.0,140.19,158.2,0.0245,0,2,EXACT_OR_NEAR_OPTIMAL
1874,Daniel Carlson,K,Alvin Kamara / Chris Olave / Drake London / Michael Penix Jr. / Nick Folk,49400,49000-49400,3-3,0,95.44,123.16,132.39,151.36,0.0245,0,0,EXACT_OR_NEAR_OPTIMAL
1940,Daniel Carlson,K,Bijan Robinson / Drake London / Jahan Dotson / Juwan Johnson / Tyler Shough,49000,49000-49400,3-3,0,101.64,129.59,138.22,155.44,0.0245,0,1,FORCED_CAPTAIN
2046,Devaughn Vele,WR,Bijan Robinson / CJ Donaldson / Chris Olave / Saints / Tyler Shough,49500,49500-49900,1-5,1,97.73,128.31,138.91,157.6,0.0245,0,2,FORCED_CAPTAIN
2410,Drake London,WR,Bryce Lance / Daniel Carlson / Juwan Johnson / Michael Penix Jr. / Tyler Shough,47600,<48000,2-4,1,95.26,127.87,139.11,158.9,0.0245,0,2,EXACT_OR_NEAR_OPTIMAL
2415,Drake London,WR,CJ Donaldson / Chris Olave / Devaughn Vele / Saints / Tyler Shough,48800,48000-48900,1-5,1,96.22,128.1,140.08,161.12,0.0245,1,2,EXACT_OR_NEAR_OPTIMAL
2805,Juwan Johnson,TE,Alvin Kamara / Bijan Robinson / Kendre Miller / Saints / Tyler Shough,48700,48000-48900,1-5,1,96.68,126.14,135.07,151.85,0.0245,1,2,EXACT_OR_NEAR_OPTIMAL
2818,Juwan Johnson,TE,Alvin Kamara / Bryce Lance / Chris Olave / Nick Folk / Tyler Shough,45700,<48000,1-5,1,96.61,130.64,140.94,160.58,0.0245,0,2,EXACT_OR_NEAR_OPTIMAL
3001,Juwan Johnson,TE,Chris Olave / Devaughn Vele / Kendre Miller / Nick Folk / Tyler Shough,49700,49500-49900,1-5,1,95.02,128.87,140.15,158.35,0.0245,1,2,EXACT_OR_NEAR_OPTIMAL
3169,Kevin Austin Jr.,WR,Alvin Kamara / Bijan Robinson / Chris Olave / Juwan Johnson / Tyler Shough,47800,<48000,1-5,1,105.09,136.11,146.65,166.34,0.0245,0,3,FORCED_CAPTAIN
3446,Michael Penix Jr.,QB,Alvin Kamara / Drake London / Juwan Johnson / Oscar Delp / Tyler Shough,47900,<48000,2-4,1,96.75,130.35,139.91,158.55,0.0245,0,2,FORCED_CAPTAIN
3457,Michael Penix Jr.,QB,Austin Hooper / Bijan Robinson / Chris Olave / Kevin Austin Jr. / Tyler Shough,49300,49000-49400,3-3,1,101.52,134.45,145.43,167.02,0.0245,0,2,FORCED_CAPTAIN
3462,Michael Penix Jr.,QB,Austin Hooper / Bijan Robinson / Drake London / Olamide Zaccheaus / Tyler Shough,49700,49500-49900,5-1,1,97.53,131.51,141.25,158.23,0.0245,0,3,FORCED_CAPTAIN
3595,Nick Folk,K,Alvin Kamara / Chris Olave / Drake London / Falcons / Tyler Shough,49100,49000-49400,3-3,1,99.21,127.69,137.04,156.28,0.0245,0,1,EXACT_OR_NEAR_OPTIMAL
3653,Nick Folk,K,Bijan Robinson / Drake London / Falcons / Juwan Johnson / Michael Penix Jr.,49900,49500-49900,5-1,1,94.93,123.44,131.55,148.95,0.0245,1,3,EXACT_OR_NEAR_OPTIMAL
3755,Nick Muse,TE,Bijan Robinson / Chris Olave / Drake London / Juwan Johnson / Michael Penix Jr.,49300,49000-49400,4-2,1,103.21,134.42,144.35,161.67,0.0245,0,3,FORCED_CAPTAIN
4124,Saints,DST,Bijan Robinson / Chris Olave / Juwan Johnson / Olamide Zaccheaus / Tyler Shough,47900,<48000,2-4,1,102.54,132.37,140.51,159.17,0.0245,0,2,FORCED_CAPTAIN
4661,Tyler Shough,QB,Alvin Kamara / Devaughn Vele / Drake London / Juwan Johnson / Oscar Delp,47000,<48000,1-5,1,96.01,129.37,141.08,160.79,0.0245,1,2,EXACT_OR_NEAR_OPTIMAL
4773,Tyler Shough,QB,Bijan Robinson / Devaughn Vele / Drake London / Oscar Delp / Saints,48600,48000-48900,2-4,1,98.74,127.63,136.95,156.71,0.0245,1,1,EXACT_OR_NEAR_OPTIMAL
61,Alvin Kamara,RB,Bijan Robinson / Daniel Carlson / Devaughn Vele / Saints / Tyler Shough,48700,48000-48900,1-5,1,95.13,118.73,127.94,141.81,0.024,1,2,EXACT_OR_NEAR_OPTIMAL
80,Alvin Kamara,RB,Bijan Robinson / Drake London / Falcons / Michael Penix Jr. / Saints,49100,49000-49400,4-2,1,93.99,119.68,129.26,143.49,0.024,0,1,FORCED_CAPTAIN
473,Bijan Robinson,RB,Alvin Kamara / Brian Robinson Jr. / Daniel Carlson / Drake London / Nick Folk,48700,48000-48900,4-2,0,93.81,119.76,129.2,145.75,0.024,1,1,EXACT_OR_NEAR_OPTIMAL
611,Bijan Robinson,RB,Brian Robinson Jr. / Chris Olave / Daniel Carlson / Devaughn Vele / Falcons,48500,48000-48900,3-3,0,94.57,121.51,130.74,150.23,0.024,1,1,EXACT_OR_NEAR_OPTIMAL
1084,CJ Donaldson,RB,Bijan Robinson / Chris Olave / Devaughn Vele / Juwan Johnson / Tyler Shough,49500,49500-49900,1-5,1,102.1,134.28,145.38,166.67,0.024,0,3,EXACT_OR_NEAR_OPTIMAL
1402,Chris Olave,WR,Alvin Kamara / Austin Hooper / Jahan Dotson / Michael Penix Jr. / Tyler Shough,47600,<48000,3-3,1,97.68,131.84,142.75,165.17,0.024,1,1,EXACT_OR_NEAR_OPTIMAL
1505,Chris Olave,WR,Alvin Kamara / Devaughn Vele / Drake London / Falcons / Nick Folk,50000,50000,3-3,0,96.67,125.74,135.1,156.19,0.024,0,1,EXACT_OR_NEAR_OPTIMAL
1614,Chris Olave,WR,Barion Brown / Bijan Robinson / Drake London / Falcons / Nick Folk,48200,48000-48900,4-2,0,98.2,126.79,137.58,158.62,0.024,1,0,EXACT_OR_NEAR_OPTIMAL
2001,Devaughn Vele,WR,Alvin Kamara / Chris Olave / Daniel Carlson / Nick Folk / Tyler Shough,49300,49000-49400,1-5,1,94.8,124.96,134.96,153.69,0.024,2,2,EXACT_OR_NEAR_OPTIMAL
2097,Devaughn Vele,WR,Chris Olave / Falcons / Juwan Johnson / Nick Folk / Tyler Shough,48500,48000-48900,2-4,1,94.31,126.1,135.89,156.36,0.024,0,1,FORCED_CAPTAIN
2100,Devaughn Vele,WR,Chris Olave / Juwan Johnson / Kevin Austin Jr. / Michael Penix Jr. / Tyler Shough,49300,49000-49400,1-5,1,96.9,131.06,141.69,163.08,0.024,0,3,FORCED_CAPTAIN
2202,Drake London,WR,Alvin Kamara / Chris Olave / Falcons / Juwan Johnson / Saints,48000,48000-48900,2-4,0,97.66,125.28,133.97,152.64,0.024,0,0,EXACT_OR_NEAR_OPTIMAL
2222,Drake London,WR,Alvin Kamara / Daniel Carlson / Devaughn Vele / Nick Folk / Tyler Shough,49600,49500-49900,2-4,1,93.62,122.64,133.4,152.63,0.024,1,1,EXACT_OR_NEAR_OPTIMAL
2233,Drake London,WR,Alvin Kamara / Daniel Carlson / Juwan Johnson / Michael Penix Jr. / Nick Folk,48600,48000-48900,3-3,0,91.64,121.01,132.44,152.91,0.024,1,0,EXACT_OR_NEAR_OPTIMAL
2306,Drake London,WR,Austin Hooper / Chris Olave / Devaughn Vele / Jahan Dotson / Tyler Shough,49000,49000-49400,3-3,1,96.88,131.45,141.83,163.68,0.024,0,1,EXACT_OR_NEAR_OPTIMAL
2520,Drake London,WR,Juwan Johnson / Michael Penix Jr. / Nick Folk / Olamide Zaccheaus / Tyler Shough,48400,48000-48900,4-2,1,94.25,128.2,138.74,160.15,0.024,0,2,EXACT_OR_NEAR_OPTIMAL
2576,Falcons,DST,Austin Hooper / Bijan Robinson / Chris Olave / Juwan Johnson / Tyler Shough,47800,<48000,3-3,1,102.36,132.17,140.64,162.32,0.024,0,2,FORCED_CAPTAIN
2985,Juwan Johnson,TE,Chris Olave / Daniel Carlson / Devaughn Vele / Falcons / Tyler Shough,47700,<48000,1-5,1,97.61,129.41,139.51,159.22,0.024,0,2,EXACT_OR_NEAR_OPTIMAL
3406,Michael Penix Jr.,QB,Alvin Kamara / Bijan Robinson / Chris Olave / Daniel Carlson / Olamide Zaccheaus,49900,49500-49900,3-3,1,99.36,127.32,136.94,154.65,0.024,0,1,FORCED_CAPTAIN
3452,Michael Penix Jr.,QB,Austin Hooper / Bijan Robinson / CJ Donaldson / Chris Olave / Tyler Shough,49900,49500-49900,3-3,1,101.29,134.04,145.44,166.28,0.024,0,2,FORCED_CAPTAIN
3505,Michael Penix Jr.,QB,Bijan Robinson / Drake London / Falcons / Jahan Dotson / Juwan Johnson,49300,49000-49400,5-1,1,94.87,125.58,134.97,154.74,0.024,0,3,FORCED_CAPTAIN
3662,Nick Folk,K,Chris Olave / Daniel Carlson / Devaughn Vele / Juwan Johnson / Tyler Shough,48500,48000-48900,1-5,1,95.73,127.48,136.25,155.34,0.024,0,2,FORCED_CAPTAIN
4039,Saints,DST,Alvin Kamara / Austin Hooper / Bijan Robinson / Chris Olave / Tyler Shough,48300,48000-48900,2-4,1,101.26,128.18,138.0,155.18,0.024,0,1,FORCED_CAPTAIN
4664,Tyler Shough,QB,Alvin Kamara / Devaughn Vele / Drake London / Michael Penix Jr. / Oscar Delp,48600,48000-48900,2-4,1,95.17,128.12,137.92,158.88,0.024,0,1,EXACT_OR_NEAR_OPTIMAL
4689,Tyler Shough,QB,Alvin Kamara / Drake London / Michael Penix Jr. / Nick Folk / Saints,50000,50000,3-3,0,97.1,126.59,136.08,155.58,0.024,1,1,EXACT_OR_NEAR_OPTIMAL
596,Bijan Robinson,RB,Austin Hooper / Daniel Carlson / Devaughn Vele / Juwan Johnson / Michael Penix Jr.,49500,49500-49900,3-3,1,93.78,123.45,132.06,150.09,0.0235,1,2,EXACT_OR_NEAR_OPTIMAL
770,Bijan Robinson,RB,Drake London / Jahan Dotson / Nick Folk / Saints / Tyler Shough,49900,49500-49900,4-2,0,99.99,125.58,134.53,151.5,0.0235,1,1,EXACT_OR_NEAR_OPTIMAL
1498,Chris Olave,WR,Alvin Kamara / Daniel Carlson / Falcons / Nick Folk / Tyler Shough,46600,<48000,2-4,1,96.71,125.99,135.12,153.3,0.0235,2,1,EXACT_OR_NEAR_OPTIMAL
1620,Chris Olave,WR,Bijan Robinson / Brian Robinson Jr. / Bryce Lance / Kyle Pitts Sr. / Tyler Shough,49000,49000-49400,3-3,1,99.45,132.32,144.47,167.21,0.0235,1,1,EXACT_OR_NEAR_OPTIMAL
1803,Chris Olave,WR,Drake London / Falcons / Jahan Dotson / Nick Folk / Tyler Shough,47800,<48000,4-2,0,98.53,130.96,140.53,162.53,0.0235,0,0,EXACT_OR_NEAR_OPTIMAL
1805,Chris Olave,WR,Drake London / Falcons / Kyle Pitts Sr. / Saints / Tyler Shough,49400,49000-49400,3-3,0,98.25,129.73,141.11,160.98,0.0235,1,0,EXACT_OR_NEAR_OPTIMAL
1987,Devaughn Vele,WR,Alvin Kamara / Bijan Robinson / Juwan Johnson / Oscar Delp / Tyler Shough,47900,<48000,1-5,1,96.3,126.43,136.4,156.16,0.0235,0,2,FORCED_CAPTAIN
2232,Drake London,WR,Alvin Kamara / Daniel Carlson / Juwan Johnson / Kyle Pitts Sr. / Tyler Shough,49600,49500-49900,2-4,1,96.03,126.15,135.64,155.09,0.0235,1,1,EXACT_OR_NEAR_OPTIMAL
2294,Drake London,WR,Austin Hooper / Bijan Robinson / Daniel Carlson / Nick Folk / Tyler Shough,49400,49000-49400,4-2,0,98.6,127.34,135.8,152.89,0.0235,1,0,EXACT_OR_NEAR_OPTIMAL
2414,Drake London,WR,Bryce Lance / Juwan Johnson / Michael Penix Jr. / Nick Folk / Tyler Shough,48200,48000-48900,3-3,1,94.53,128.97,138.95,160.06,0.0235,1,2,EXACT_OR_NEAR_OPTIMAL
2439,Drake London,WR,Chris Olave / Daniel Carlson / Michael Penix Jr. / Nick Folk / Saints,49200,49000-49400,3-3,0,94.03,122.87,133.57,155.54,0.0235,3,0,EXACT_OR_NEAR_OPTIMAL
2492,Drake London,WR,Daniel Carlson / Juwan Johnson / Michael Penix Jr. / Olamide Zaccheaus / Tyler Shough,47800,<48000,3-3,1,94.99,128.47,138.79,158.64,0.0235,0,2,EXACT_OR_NEAR_OPTIMAL
2535,Falcons,DST,Alvin Kamara / Bijan Robinson / Chris Olave / Michael Penix Jr. / Nick Folk,49400,49000-49400,4-2,0,96.96,121.91,131.63,146.98,0.0235,1,0,EXACT_OR_NEAR_OPTIMAL
2578,Falcons,DST,Austin Hooper / Bijan Robinson / Chris Olave / Michael Penix Jr. / Tyler Shough,49400,49000-49400,4-2,1,101.52,129.74,140.26,161.09,0.0235,0,2,FORCED_CAPTAIN
2892,Juwan Johnson,TE,Alvin Kamara / Drake London / Nick Folk / Saints / Tyler Shough,47300,<48000,2-4,1,94.79,125.48,135.8,153.52,0.0235,0,1,EXACT_OR_NEAR_OPTIMAL
2959,Juwan Johnson,TE,Bijan Robinson / Devaughn Vele / Drake London / Michael Penix Jr. / Nick Muse,49900,49500-49900,4-2,1,96.63,129.46,139.16,156.73,0.0235,1,2,EXACT_OR_NEAR_OPTIMAL
3010,Juwan Johnson,TE,Chris Olave / Jahan Dotson / Kyle Pitts Sr. / Michael Penix Jr. / Tyler Shough,49300,49000-49400,3-3,1,96.92,130.77,141.62,164.32,0.0235,2,2,EXACT_OR_NEAR_OPTIMAL
3511,Michael Penix Jr.,QB,Brian Robinson Jr. / Bryce Lance / Chris Olave / Drake London / Tyler Shough,49500,49500-49900,3-3,1,98.47,132.43,143.95,165.78,0.0235,0,2,FORCED_CAPTAIN
3571,Nick Folk,K,Alvin Kamara / Bijan Robinson / Chris Olave / Oscar Delp / Tyler Shough,47700,<48000,2-4,1,101.08,128.98,139.65,156.6,0.0235,0,1,FORCED_CAPTAIN
4791,Tyler Shough,QB,Brian Robinson Jr. / Chris Olave / Falcons / Juwan Johnson / Michael Penix Jr.,49000,49000-49400,3-3,1,101.11,134.95,144.09,164.55,0.0235,0,2,EXACT_OR_NEAR_OPTIMAL
1,Alvin Kamara,RB,Austin Hooper / Bijan Robinson / Bryce Lance / Chris Olave / Tyler Shough,47300,<48000,2-4,1,100.97,130.62,141.49,160.33,0.023,0,1,FORCED_CAPTAIN
20,Alvin Kamara,RB,Bijan Robinson / Brian Robinson Jr. / Daniel Carlson / Juwan Johnson / Tyler Shough,47900,<48000,2-4,1,98.39,125.97,133.85,150.57,0.023,0,1,FORCED_CAPTAIN
284,Austin Hooper,TE,Bijan Robinson / Chris Olave / Drake London / Michael Penix Jr. / Saints,50000,50000,4-2,1,99.02,129.04,138.78,156.61,0.023,0,3,FORCED_CAPTAIN
488,Bijan Robinson,RB,Alvin Kamara / CJ Donaldson / Chris Olave / Juwan Johnson / Saints,48500,48000-48900,1-5,0,101.58,128.31,137.26,155.15,0.023,1,2,EXACT_OR_NEAR_OPTIMAL
1436,Chris Olave,WR,Alvin Kamara / Bijan Robinson / Falcons / Michael Penix Jr. / Zachariah Branch,50000,50000,4-2,1,99.86,129.45,139.39,157.17,0.023,2,2,EXACT_OR_NEAR_OPTIMAL
1453,Chris Olave,WR,Alvin Kamara / Brian Robinson Jr. / Devaughn Vele / Falcons / Tyler Shough,48000,48000-48900,2-4,1,95.9,127.64,139.69,160.74,0.023,1,1,EXACT_OR_NEAR_OPTIMAL
1517,Chris Olave,WR,Alvin Kamara / Devaughn Vele / Olamide Zaccheaus / Saints / Tyler Shough,46800,<48000,1-5,1,94.61,127.33,137.71,158.08,0.023,0,2,EXACT_OR_NEAR_OPTIMAL
1586,Chris Olave,WR,Austin Hooper / Bryce Lance / Juwan Johnson / Michael Penix Jr. / Tyler Shough,46800,<48000,2-4,1,98.79,134.38,145.19,168.05,0.023,0,2,EXACT_OR_NEAR_OPTIMAL
1769,Chris Olave,WR,Daniel Carlson / Drake London / Kyle Pitts Sr. / Michael Penix Jr. / Saints,50000,50000,3-3,1,94.11,124.98,136.16,153.64,0.023,1,2,EXACT_OR_NEAR_OPTIMAL
1897,Daniel Carlson,K,Bijan Robinson / Brian Robinson Jr. / Drake London / Juwan Johnson / Michael Penix Jr.,49200,49000-49400,4-2,1,95.07,124.14,131.86,149.56,0.023,1,2,EXACT_OR_NEAR_OPTIMAL
2096,Devaughn Vele,WR,Chris Olave / Drake London / Nick Folk / Olamide Zaccheaus / Tyler Shough,49500,49500-49900,3-3,1,94.95,128.42,138.31,157.84,0.023,0,1,EXACT_OR_NEAR_OPTIMAL
2388,Drake London,WR,Brian Robinson Jr. / Chris Olave / Daniel Carlson / Saints / Tyler Shough,48200,48000-48900,2-4,0,97.93,127.85,138.5,157.27,0.023,1,0,EXACT_OR_NEAR_OPTIMAL
2971,Juwan Johnson,TE,Brian Robinson Jr. / Chris Olave / Daniel Carlson / Drake London / Michael Penix Jr.,49500,49500-49900,3-3,1,98.51,128.99,138.17,158.91,0.023,1,2,EXACT_OR_NEAR_OPTIMAL
3015,Juwan Johnson,TE,Daniel Carlson / Devaughn Vele / Drake London / Nick Folk / Tyler Shough,48700,48000-48900,2-4,1,94.21,126.91,135.64,156.55,0.023,0,1,EXACT_OR_NEAR_OPTIMAL
3170,Kevin Austin Jr.,WR,Alvin Kamara / Bijan Robinson / Chris Olave / Michael Penix Jr. / Tyler Shough,49400,49000-49400,2-4,1,104.25,134.7,146.16,166.9,0.023,0,2,FORCED_CAPTAIN
3509,Michael Penix Jr.,QB,Bijan Robinson / Drake London / Oscar Delp / Saints / Tyler Shough,49500,49500-49900,3-3,1,99.48,130.52,139.37,155.4,0.023,0,2,FORCED_CAPTAIN
3539,Michael Penix Jr.,QB,Chris Olave / Drake London / Nick Folk / Nick Muse / Tyler Shough,49500,49500-49900,4-2,1,99.01,133.07,142.96,167.15,0.023,0,2,FORCED_CAPTAIN
3614,Nick Folk,K,Bijan Robinson / Brian Robinson Jr. / Chris Olave / Daniel Carlson / Tyler Shough,48900,48000-48900,3-3,0,99.2,126.85,134.83,153.84,0.023,0,0,FORCED_CAPTAIN
3631,Nick Folk,K,Bijan Robinson / Chris Olave / Devaughn Vele / Oscar Delp / Tyler Shough,48500,48000-48900,2-4,1,98.44,128.89,140.14,156.75,0.023,0,1,FORCED_CAPTAIN
4714,Tyler Shough,QB,Austin Hooper / Daniel Carlson / Drake London / Juwan Johnson / Michael Penix Jr.,48400,48000-48900,3-3,1,97.43,130.86,140.18,159.2,0.023,1,2,EXACT_OR_NEAR_OPTIMAL
4796,Tyler Shough,QB,Brian Robinson Jr. / Daniel Carlson / Drake London / Juwan Johnson / Michael Penix Jr.,49400,49000-49400,3-3,1,98.44,131.28,140.36,159.73,0.023,0,2,EXACT_OR_NEAR_OPTIMAL
77,Alvin Kamara,RB,Bijan Robinson / Devaughn Vele / Juwan Johnson / Oscar Delp / Tyler Shough,47500,<48000,1-5,1,97.62,127.27,136.86,154.9,0.0225,0,2,FORCED_CAPTAIN
133,Alvin Kamara,RB,Chris Olave / Daniel Carlson / Drake London / Olamide Zaccheaus / Tyler Shough,47700,<48000,2-4,1,99.65,130.22,139.38,158.52,0.0225,0,1,FORCED_CAPTAIN
618,Bijan Robinson,RB,Brian Robinson Jr. / Chris Olave / Falcons / Juwan Johnson / Saints,47500,<48000,3-3,0,97.66,124.71,132.51,150.62,0.0225,1,1,EXACT_OR_NEAR_OPTIMAL
625,Bijan Robinson,RB,Brian Robinson Jr. / Daniel Carlson / Drake London / Jahan Dotson / Michael Penix Jr.,48300,48000-48900,5-1,1,91.7,122.14,131.14,149.62,0.0225,2,3,EXACT_OR_NEAR_OPTIMAL
1209,Charlie Woerner,TE,Bijan Robinson / Chris Olave / Devaughn Vele / Michael Penix Jr. / Tyler Shough,49900,49500-49900,3-3,1,101.06,133.13,144.07,164.95,0.0225,0,2,FORCED_CAPTAIN
1690,Chris Olave,WR,Bijan Robinson / Drake London / Kevin Austin Jr. / Nick Folk / Saints,48400,48000-48900,3-3,0,99.68,127.67,136.61,158.88,0.0225,1,0,EXACT_OR_NEAR_OPTIMAL
1905,Daniel Carlson,K,Bijan Robinson / CJ Donaldson / Chris Olave / Michael Penix Jr. / Tyler Shough,49800,49500-49900,2-4,1,102.89,132.64,142.33,162.82,0.0225,0,2,FORCED_CAPTAIN
1990,Devaughn Vele,WR,Alvin Kamara / Bijan Robinson / Nick Folk / Saints / Tyler Shough,49700,49500-49900,2-4,1,93.08,119.14,127.45,143.59,0.0225,1,1,EXACT_OR_NEAR_OPTIMAL
2270,Drake London,WR,Alvin Kamara / Jahan Dotson / Michael Penix Jr. / Saints / Tyler Shough,47800,<48000,3-3,1,92.09,124.33,133.48,153.76,0.0225,0,1,EXACT_OR_NEAR_OPTIMAL
2298,Drake London,WR,Austin Hooper / Brian Robinson Jr. / Chris Olave / Juwan Johnson / Michael Penix Jr.,48800,48000-48900,4-2,1,95.46,129.59,139.03,158.64,0.0225,1,2,EXACT_OR_NEAR_OPTIMAL
2444,Drake London,WR,Chris Olave / Devaughn Vele / Falcons / Juwan Johnson / Nick Folk,50000,50000,3-3,0,96.34,125.11,134.66,156.2,0.0225,1,1,EXACT_OR_NEAR_OPTIMAL
2446,Drake London,WR,Chris Olave / Devaughn Vele / Falcons / Olamide Zaccheaus / Tyler Shough,48800,48000-48900,3-3,1,97.18,129.43,138.81,160.35,0.0225,1,1,EXACT_OR_NEAR_OPTIMAL
2527,Falcons,DST,Alvin Kamara / Bijan Robinson / Chris Olave / Daniel Carlson / Michael Penix Jr.,48800,48000-48900,3-3,0,97.69,122.69,130.74,146.77,0.0225,1,0,EXACT_OR_NEAR_OPTIMAL
2560,Falcons,DST,Alvin Kamara / Chris Olave / Drake London / Juwan Johnson / Michael Penix Jr.,49600,49500-49900,3-3,0,99.24,127.14,135.85,153.73,0.0225,0,1,EXACT_OR_NEAR_OPTIMAL
2590,Falcons,DST,Bijan Robinson / Bryce Lance / Chris Olave / Juwan Johnson / Tyler Shough,46800,<48000,2-4,1,101.42,130.95,139.24,161.49,0.0225,0,2,FORCED_CAPTAIN
2593,Falcons,DST,Bijan Robinson / CJ Donaldson / Chris Olave / Drake London / Tyler Shough,49000,49000-49400,3-3,1,103.08,131.78,141.3,163.14,0.0225,0,2,FORCED_CAPTAIN
2669,Jahan Dotson,WR,Alvin Kamara / Bijan Robinson / Chris Olave / Nick Folk / Tyler Shough,49100,49000-49400,3-3,1,101.8,130.12,141.25,160.21,0.0225,1,1,EXACT_OR_NEAR_OPTIMAL
2678,Jahan Dotson,WR,Alvin Kamara / Bijan Robinson / Juwan Johnson / Michael Penix Jr. / Tyler Shough,49300,49000-49400,3-3,1,99.76,129.98,138.01,157.09,0.0225,0,2,FORCED_CAPTAIN
2681,Jahan Dotson,WR,Alvin Kamara / Chris Olave / Devaughn Vele / Drake London / Tyler Shough,49700,49500-49900,2-4,1,98.94,131.12,140.89,162.26,0.0225,0,1,FORCED_CAPTAIN
2713,Jahan Dotson,WR,Bijan Robinson / Chris Olave / Daniel Carlson / Drake London / Juwan Johnson,49300,49000-49400,3-3,0,102.59,129.53,138.0,159.51,0.0225,0,1,FORCED_CAPTAIN
4033,Oscar Delp,TE,Chris Olave / Drake London / Juwan Johnson / Michael Penix Jr. / Tyler Shough,47400,<48000,2-4,1,101.83,136.28,147.68,164.56,0.0225,0,3,FORCED_CAPTAIN
4682,Tyler Shough,QB,Alvin Kamara / Drake London / Juwan Johnson / Kyle Pitts Sr. / Nick Folk,50000,50000,3-3,1,96.52,128.42,138.83,157.85,0.0225,0,2,EXACT_OR_NEAR_OPTIMAL
4771,Tyler Shough,QB,Bijan Robinson / Daniel Carlson / Juwan Johnson / Michael Penix Jr. / Oscar Delp,47800,<48000,2-4,1,101.27,132.58,141.07,158.72,0.0225,1,2,EXACT_OR_NEAR_OPTIMAL
88,Alvin Kamara,RB,Bijan Robinson / Falcons / Juwan Johnson / Saints / Tyler Shough,47100,<48000,2-4,1,97.29,122.18,130.59,146.34,0.022,0,1,FORCED_CAPTAIN
232,Austin Hooper,TE,Alvin Kamara / Bijan Robinson / Juwan Johnson / Michael Penix Jr. / Tyler Shough,49000,49000-49400,3-3,1,99.09,129.69,138.3,156.03,0.022,1,2,EXACT_OR_NEAR_OPTIMAL
401,Barion Brown,WR,Bijan Robinson / Chris Olave / Devaughn Vele / Juwan Johnson / Tyler Shough,49200,49000-49400,1-5,1,101.62,133.91,144.56,165.75,0.022,0,3,EXACT_OR_NEAR_OPTIMAL
564,Bijan Robinson,RB,Alvin Kamara / Jahan Dotson / Juwan Johnson / Kendre Miller / Tyler Shough,49700,49500-49900,2-4,1,99.14,128.12,137.54,155.02,0.022,1,2,EXACT_OR_NEAR_OPTIMAL
740,Bijan Robinson,RB,Daniel Carlson / Drake London / Juwan Johnson / Kyle Pitts Sr. / Saints,49900,49500-49900,3-3,0,95.47,122.09,129.4,146.21,0.022,1,1,EXACT_OR_NEAR_OPTIMAL
755,Bijan Robinson,RB,Devaughn Vele / Falcons / Juwan Johnson / Michael Penix Jr. / Saints,49700,49500-49900,3-3,0,93.69,120.04,128.82,147.66,0.022,1,1,EXACT_OR_NEAR_OPTIMAL
845,Brian Robinson Jr.,RB,Bijan Robinson / Chris Olave / Drake London / Olamide Zaccheaus / Tyler Shough,49900,49500-49900,4-2,0,103.54,133.82,143.69,162.76,0.022,0,1,FORCED_CAPTAIN
964,Bryce Lance,WR,Bijan Robinson / Chris Olave / Daniel Carlson / Juwan Johnson / Tyler Shough,47100,<48000,1-5,1,102.96,133.79,142.81,162.03,0.022,0,3,FORCED_CAPTAIN
975,Bryce Lance,WR,Bijan Robinson / Chris Olave / Drake London / Falcons / Tyler Shough,48500,48000-48900,3-3,1,103.8,133.06,143.22,165.54,0.022,0,2,FORCED_CAPTAIN
1443,Chris Olave,WR,Alvin Kamara / Bijan Robinson / Juwan Johnson / Saints / Zachariah Branch,49000,49000-49400,2-4,0,101.63,129.15,139.04,158.11,0.022,1,0,EXACT_OR_NEAR_OPTIMAL
1604,Chris Olave,WR,Austin Hooper / Drake London / Falcons / Nick Folk / Tyler Shough,47600,<48000,4-2,0,98.09,130.4,140.73,162.14,0.022,0,0,EXACT_OR_NEAR_OPTIMAL
1888,Daniel Carlson,K,Austin Hooper / Bijan Robinson / Chris Olave / Juwan Johnson / Michael Penix Jr.,49000,49000-49400,3-3,1,99.72,127.91,136.3,155.81,0.022,0,2,FORCED_CAPTAIN
1891,Daniel Carlson,K,Austin Hooper / Chris Olave / Drake London / Juwan Johnson / Tyler Shough,47800,<48000,2-4,1,100.85,132.64,142.78,157.87,0.022,0,2,FORCED_CAPTAIN
1908,Daniel Carlson,K,Bijan Robinson / Charlie Woerner / Chris Olave / Michael Penix Jr. / Tyler Shough,49000,49000-49400,3-3,1,102.76,132.64,141.85,162.79,0.022,0,2,FORCED_CAPTAIN
2061,Devaughn Vele,WR,Bijan Robinson / Daniel Carlson / Falcons / Juwan Johnson / Tyler Shough,48900,48000-48900,2-4,1,95.38,122.28,132.57,152.79,0.022,1,1,EXACT_OR_NEAR_OPTIMAL
2137,Drake London,WR,Alvin Kamara / Austin Hooper / Michael Penix Jr. / Nick Folk / Tyler Shough,48800,48000-48900,4-2,1,92.97,125.65,137.75,157.59,0.022,1,1,EXACT_OR_NEAR_OPTIMAL
2156,Drake London,WR,Alvin Kamara / Bijan Robinson / Devaughn Vele / Falcons / Saints,49400,49000-49400,3-3,0,92.86,119.58,126.92,141.33,0.022,1,0,EXACT_OR_NEAR_OPTIMAL
2234,Drake London,WR,Alvin Kamara / Daniel Carlson / Juwan Johnson / Michael Penix Jr. / Saints,47400,<48000,2-4,0,90.31,118.87,129.45,146.35,0.022,0,0,EXACT_OR_NEAR_OPTIMAL
2296,Drake London,WR,Austin Hooper / Bijan Robinson / Devaughn Vele / Jahan Dotson / Tyler Shough,50000,50000,4-2,0,97.23,127.94,139.01,156.44,0.022,1,1,EXACT_OR_NEAR_OPTIMAL
2422,Drake London,WR,Chris Olave / Daniel Carlson / Devaughn Vele / Falcons / Juwan Johnson,49400,49000-49400,2-4,0,97.08,124.88,135.48,151.31,0.022,0,0,EXACT_OR_NEAR_OPTIMAL
2517,Drake London,WR,Jahan Dotson / Juwan Johnson / Michael Penix Jr. / Saints / Tyler Shough,48200,48000-48900,3-3,1,94.59,127.36,137.17,157.1,0.022,0,2,EXACT_OR_NEAR_OPTIMAL
2602,Falcons,DST,Bijan Robinson / Chris Olave / Devaughn Vele / Drake London / Saints,50000,50000,3-3,0,97.67,122.94,131.98,145.2,0.022,0,1,FORCED_CAPTAIN
2635,Falcons,DST,Bijan Robinson / Drake London / Juwan Johnson / Michael Penix Jr. / Nick Folk,49000,49000-49400,5-1,1,93.8,122.02,130.54,146.61,0.022,1,3,EXACT_OR_NEAR_OPTIMAL
2824,Juwan Johnson,TE,Alvin Kamara / Chris Olave / Daniel Carlson / Drake London / Saints,47900,<48000,1-5,0,98.73,125.86,134.86,149.87,0.022,0,1,EXACT_OR_NEAR_OPTIMAL
2977,Juwan Johnson,TE,Brian Robinson Jr. / Daniel Carlson / Drake London / Michael Penix Jr. / Tyler Shough,48300,48000-48900,3-3,1,95.3,128.09,137.21,156.92,0.022,0,2,EXACT_OR_NEAR_OPTIMAL
3501,Michael Penix Jr.,QB,Bijan Robinson / Daniel Carlson / Juwan Johnson / Olamide Zaccheaus / Tyler Shough,49100,49000-49400,3-3,1,98.66,127.94,138.93,152.04,0.022,1,2,EXACT_OR_NEAR_OPTIMAL
3610,Nick Folk,K,Austin Hooper / Bijan Robinson / Drake London / Juwan Johnson / Tyler Shough,49700,49500-49900,4-2,0,100.09,129.87,138.43,156.51,0.022,1,1,EXACT_OR_NEAR_OPTIMAL
3660,Nick Folk,K,Bryce Lance / Chris Olave / Drake London / Juwan Johnson / Tyler Shough,47700,<48000,2-4,1,98.8,131.74,141.51,159.96,0.022,0,2,FORCED_CAPTAIN
3805,Olamide Zaccheaus,WR,Alvin Kamara / Bijan Robinson / Chris Olave / Drake London / Juwan Johnson,50000,50000,3-3,0,105.14,133.21,142.19,159.32,0.022,0,2,FORCED_CAPTAIN
4642,Tyler Shough,QB,Alvin Kamara / Daniel Carlson / Devaughn Vele / Drake London / Nick Folk,49400,49000-49400,2-4,1,94.85,124.89,133.4,152.23,0.022,0,1,EXACT_OR_NEAR_OPTIMAL
4836,Tyler Shough,QB,Chris Olave / Devaughn Vele / Juwan Johnson / Nick Folk / Treyton Welch,46000,<48000,1-5,1,94.73,130.57,140.29,163.36,0.022,0,2,EXACT_OR_NEAR_OPTIMAL
37,Alvin Kamara,RB,Bijan Robinson / Chris Olave / Daniel Carlson / Devaughn Vele / Falcons,49300,49000-49400,2-4,0,97.41,121.62,128.99,146.28,0.0215,0,0,FORCED_CAPTAIN
185,Alvin Kamara,RB,Daniel Carlson / Drake London / Juwan Johnson / Saints / Tyler Shough,46500,<48000,1-5,1,94.27,121.16,130.81,147.67,0.0215,0,2,EXACT_OR_NEAR_OPTIMAL
312,Austin Hooper,TE,Chris Olave / Daniel Carlson / Drake London / Michael Penix Jr. / Tyler Shough,48400,48000-48900,3-3,1,97.53,129.49,139.96,159.28,0.0215,0,2,FORCED_CAPTAIN
493,Bijan Robinson,RB,Alvin Kamara / Charlie Woerner / Michael Penix Jr. / Nick Folk / Tyler Shough,49300,49000-49400,4-2,1,98.72,126.97,137.0,153.31,0.0215,1,2,EXACT_OR_NEAR_OPTIMAL
565,Bijan Robinson,RB,Alvin Kamara / Juwan Johnson / Kyle Pitts Sr. / Olamide Zaccheaus / Tyler Shough,49500,49500-49900,3-3,1,98.85,129.02,137.59,158.61,0.0215,1,2,EXACT_OR_NEAR_OPTIMAL
729,Bijan Robinson,RB,Daniel Carlson / Devaughn Vele / Drake London / Falcons / Nick Folk,49300,49000-49400,4-2,0,92.13,117.72,125.96,144.75,0.0215,1,1,EXACT_OR_NEAR_OPTIMAL
852,Brian Robinson Jr.,RB,Bijan Robinson / Chris Olave / Jahan Dotson / Michael Penix Jr. / Tyler Shough,49900,49500-49900,4-2,1,100.53,131.41,142.04,163.68,0.0215,0,2,FORCED_CAPTAIN
1000,Bryce Lance,WR,Bijan Robinson / Devaughn Vele / Drake London / Juwan Johnson / Tyler Shough,49300,49000-49400,2-4,1,99.71,130.94,141.47,159.69,0.0215,1,2,EXACT_OR_NEAR_OPTIMAL
1154,Charlie Woerner,TE,Alvin Kamara / Bijan Robinson / Chris Olave / Michael Penix Jr. / Tyler Shough,49100,49000-49400,3-3,1,103.7,133.82,144.97,164.94,0.0215,0,2,FORCED_CAPTAIN
1733,Chris Olave,WR,Bryce Lance / Devaughn Vele / Juwan Johnson / Kyle Pitts Sr. / Tyler Shough,48600,48000-48900,1-5,1,95.97,130.93,143.52,166.61,0.0215,0,2,EXACT_OR_NEAR_OPTIMAL
1878,Daniel Carlson,K,Alvin Kamara / Chris Olave / Juwan Johnson / Nick Folk / Tyler Shough,47400,<48000,1-5,1,98.73,128.02,137.12,153.29,0.0215,0,2,FORCED_CAPTAIN
1939,Daniel Carlson,K,Bijan Robinson / Drake London / Jahan Dotson / Juwan Johnson / Michael Penix Jr.,48400,48000-48900,4-2,1,94.51,123.64,131.9,150.42,0.0215,0,2,FORCED_CAPTAIN
2189,Drake London,WR,Alvin Kamara / Charlie Woerner / Devaughn Vele / Michael Penix Jr. / Tyler Shough,49000,49000-49400,3-3,1,92.86,127.45,138.05,158.13,0.0215,1,1,EXACT_OR_NEAR_OPTIMAL
2191,Drake London,WR,Alvin Kamara / Chris Blair / Devaughn Vele / Michael Penix Jr. / Tyler Shough,49400,49000-49400,3-3,1,92.63,127.24,137.79,158.13,0.0215,0,1,EXACT_OR_NEAR_OPTIMAL
2251,Drake London,WR,Alvin Kamara / Devaughn Vele / Kevin Austin Jr. / Michael Penix Jr. / Tyler Shough,49200,49000-49400,2-4,1,93.22,127.74,138.78,159.3,0.0215,0,1,EXACT_OR_NEAR_OPTIMAL
2368,Drake London,WR,Bijan Robinson / Daniel Carlson / Jahan Dotson / Kyle Pitts Sr. / Michael Penix Jr.,49400,49000-49400,5-1,1,89.17,120.28,132.83,150.03,0.0215,0,2,FORCED_CAPTAIN
2474,Drake London,WR,Daniel Carlson / Devaughn Vele / Jahan Dotson / Michael Penix Jr. / Tyler Shough,49200,49000-49400,3-3,1,91.51,124.12,135.99,156.06,0.0215,0,1,EXACT_OR_NEAR_OPTIMAL
2504,Drake London,WR,Devaughn Vele / Jahan Dotson / Michael Penix Jr. / Nick Folk / Tyler Shough,49800,49500-49900,4-2,1,90.77,124.17,135.01,157.1,0.0215,1,1,EXACT_OR_NEAR_OPTIMAL
2583,Falcons,DST,Bijan Robinson / Brian Robinson Jr. / Chris Olave / Devaughn Vele / Tyler Shough,49200,49000-49400,3-3,1,98.23,126.87,137.26,155.13,0.0215,0,1,FORCED_CAPTAIN
2661,Jahan Dotson,WR,Alvin Kamara / Bijan Robinson / Chris Olave / Daniel Carlson / Tyler Shough,48500,48000-48900,2-4,1,102.54,130.69,140.24,159.46,0.0215,0,1,FORCED_CAPTAIN
2736,Jahan Dotson,WR,Bijan Robinson / Chris Olave / Michael Penix Jr. / Saints / Tyler Shough,49900,49500-49900,3-3,1,102.14,131.81,141.82,161.28,0.0215,0,2,FORCED_CAPTAIN
3163,Kevin Austin Jr.,WR,Alvin Kamara / Bijan Robinson / Chris Olave / Drake London / Michael Penix Jr.,49800,49500-49900,3-3,1,101.8,132.47,142.96,162.13,0.0215,1,2,EXACT_OR_NEAR_OPTIMAL
3492,Michael Penix Jr.,QB,Bijan Robinson / Chris Olave / Falcons / Nick Muse / Tyler Shough,49500,49500-49900,4-2,1,102.76,132.89,144.28,165.47,0.0215,0,2,FORCED_CAPTAIN
3585,Nick Folk,K,Alvin Kamara / Brian Robinson Jr. / Chris Olave / Drake London / Tyler Shough,49300,49000-49400,3-3,1,98.25,129.05,137.61,158.04,0.0215,0,1,FORCED_CAPTAIN
3605,Nick Folk,K,Alvin Kamara / Devaughn Vele / Drake London / Juwan Johnson / Tyler Shough,49900,49500-49900,2-4,1,95.12,126.04,135.54,156.37,0.0215,2,1,EXACT_OR_NEAR_OPTIMAL
4528,Tyler Shough,QB,Alvin Kamara / Austin Hooper / Chris Olave / Daniel Carlson / Devaughn Vele,47600,<48000,1-5,1,96.28,128.79,138.71,157.06,0.0215,0,2,EXACT_OR_NEAR_OPTIMAL
4750,Tyler Shough,QB,Bijan Robinson / Chris Olave / Devaughn Vele / Kevin Austin Jr. / Olamide Zaccheaus,47600,<48000,2-4,1,99.56,133.66,144.93,164.45,0.0215,1,1,EXACT_OR_NEAR_OPTIMAL
12,Alvin Kamara,RB,Austin Hooper / Devaughn Vele / Drake London / Michael Penix Jr. / Tyler Shough,49700,49500-49900,3-3,1,92.95,124.58,134.85,155.66,0.021,1,1,EXACT_OR_NEAR_OPTIMAL
33,Alvin Kamara,RB,Bijan Robinson / Charlie Woerner / Chris Olave / Drake London / Nick Folk,49100,49000-49400,4-2,0,100.43,126.86,135.89,157.92,0.021,0,0,FORCED_CAPTAIN
49,Alvin Kamara,RB,Bijan Robinson / Chris Olave / Drake London / Oscar Delp / Saints,47700,<48000,2-4,0,100.19,125.96,133.79,152.73,0.021,0,0,FORCED_CAPTAIN
148,Alvin Kamara,RB,Chris Olave / Devaughn Vele / Michael Penix Jr. / Olamide Zaccheaus / Tyler Shough,49700,49500-49900,2-4,1,97.39,129.42,139.98,160.06,0.021,0,1,EXACT_OR_NEAR_OPTIMAL
163,Alvin Kamara,RB,Chris Olave / Jahan Dotson / Juwan Johnson / Nick Folk / Tyler Shough,46700,<48000,2-4,1,96.74,128.46,137.44,157.31,0.021,0,1,FORCED_CAPTAIN
471,Bijan Robinson,RB,Alvin Kamara / Brian Robinson Jr. / Chris Olave / Michael Penix Jr. / Treyton Welch,48500,48000-48900,3-3,1,98.64,127.92,137.69,159.97,0.021,1,2,EXACT_OR_NEAR_OPTIMAL
575,Bijan Robinson,RB,Austin Hooper / Bryce Lance / Devaughn Vele / Drake London / Michael Penix Jr.,49100,49000-49400,4-2,1,91.71,123.37,133.41,154.96,0.021,1,2,EXACT_OR_NEAR_OPTIMAL
1010,Bryce Lance,WR,Chris Olave / Devaughn Vele / Drake London / Juwan Johnson / Tyler Shough,48300,48000-48900,1-5,1,99.36,134.31,144.4,163.72,0.021,0,3,EXACT_OR_NEAR_OPTIMAL
1655,Chris Olave,WR,Bijan Robinson / CJ Donaldson / Daniel Carlson / Drake London / Kyle Pitts Sr.,50000,50000,3-3,0,98.77,129.41,139.24,158.54,0.021,1,1,EXACT_OR_NEAR_OPTIMAL
1819,Chris Olave,WR,Drake London / Juwan Johnson / Michael Penix Jr. / Nick Folk / Oscar Delp,48400,48000-48900,3-3,0,99.34,133.29,142.69,158.62,0.021,1,1,EXACT_OR_NEAR_OPTIMAL
1890,Daniel Carlson,K,Austin Hooper / Bijan Robinson / Drake London / Juwan Johnson / Tyler Shough,48800,48000-48900,3-3,0,101.19,129.29,138.16,155.06,0.021,0,1,FORCED_CAPTAIN
1955,Daniel Carlson,K,Chris Olave / Drake London / Jahan Dotson / Juwan Johnson / Tyler Shough,48000,48000-48900,2-4,1,101.29,132.6,142.36,157.59,0.021,0,2,FORCED_CAPTAIN
2024,Devaughn Vele,WR,Austin Hooper / Bijan Robinson / Chris Olave / Jahan Dotson / Tyler Shough,49700,49500-49900,3-3,1,98.4,130.7,141.77,160.96,0.021,0,1,FORCED_CAPTAIN
2112,Devaughn Vele,WR,Drake London / Juwan Johnson / Michael Penix Jr. / Olamide Zaccheaus / Tyler Shough,49700,49500-49900,3-3,1,92.91,127.56,137.47,158.03,0.021,0,2,FORCED_CAPTAIN
2183,Drake London,WR,Alvin Kamara / Bryce Lance / Daniel Carlson / Michael Penix Jr. / Tyler Shough,47200,<48000,2-4,1,92.76,124.45,134.47,153.98,0.021,1,1,EXACT_OR_NEAR_OPTIMAL
2255,Drake London,WR,Alvin Kamara / Devaughn Vele / Michael Penix Jr. / Treyton Welch / Tyler Shough,48600,48000-48900,2-4,1,92.79,127.24,137.96,158.13,0.021,0,1,EXACT_OR_NEAR_OPTIMAL
2282,Drake London,WR,Alvin Kamara / Kendre Miller / Michael Penix Jr. / Saints / Tyler Shough,49800,49500-49900,2-4,1,91.75,123.74,133.23,149.42,0.021,0,1,EXACT_OR_NEAR_OPTIMAL
2462,Drake London,WR,Chris Olave / Juwan Johnson / Kyle Pitts Sr. / Treyton Welch / Tyler Shough,48800,48000-48900,2-4,1,99.74,134.66,145.68,163.44,0.021,0,2,EXACT_OR_NEAR_OPTIMAL
2594,Falcons,DST,Bijan Robinson / Charlie Woerner / Chris Olave / Drake London / Tyler Shough,48200,48000-48900,4-2,0,102.94,131.75,141.3,163.14,0.021,0,1,FORCED_CAPTAIN
2601,Falcons,DST,Bijan Robinson / Chris Olave / Daniel Carlson / Nick Folk / Tyler Shough,47800,<48000,3-3,0,99.03,123.81,134.02,149.94,0.021,0,0,FORCED_CAPTAIN
2625,Falcons,DST,Bijan Robinson / Daniel Carlson / Drake London / Juwan Johnson / Michael Penix Jr.,48400,48000-48900,4-2,1,94.53,122.29,130.99,146.68,0.021,0,2,FORCED_CAPTAIN
2723,Jahan Dotson,WR,Bijan Robinson / Chris Olave / Drake London / Juwan Johnson / Nick Folk,49900,49500-49900,4-2,0,101.85,129.41,137.54,156.48,0.021,0,1,FORCED_CAPTAIN
2728,Jahan Dotson,WR,Bijan Robinson / Chris Olave / Falcons / Michael Penix Jr. / Tyler Shough,49300,49000-49400,4-2,1,101.21,130.84,141.41,162.01,0.021,0,2,FORCED_CAPTAIN
2913,Juwan Johnson,TE,Austin Hooper / Chris Olave / Kyle Pitts Sr. / Michael Penix Jr. / Tyler Shough,49100,49000-49400,3-3,1,96.47,130.7,141.26,164.59,0.021,1,2,EXACT_OR_NEAR_OPTIMAL
2990,Juwan Johnson,TE,Chris Olave / Daniel Carlson / Drake London / Jahan Dotson / Michael Penix Jr.,48700,48000-48900,3-3,1,97.94,129.13,138.27,158.47,0.021,0,2,FORCED_CAPTAIN
3018,Juwan Johnson,TE,Daniel Carlson / Drake London / Jahan Dotson / Michael Penix Jr. / Tyler Shough,47500,<48000,3-3,1,94.73,127.6,137.3,156.38,0.021,0,2,EXACT_OR_NEAR_OPTIMAL
3033,Juwan Johnson,TE,Drake London / Michael Penix Jr. / Nick Folk / Saints / Tyler Shough,49300,49000-49400,3-3,0,96.46,127.82,138.66,157.67,0.021,1,1,EXACT_OR_NEAR_OPTIMAL
3538,Michael Penix Jr.,QB,Chris Olave / Drake London / Kyle Pitts Sr. / Treyton Welch / Tyler Shough,49900,49500-49900,3-3,1,96.56,132.27,142.37,164.72,0.021,1,2,EXACT_OR_NEAR_OPTIMAL
3665,Nick Folk,K,Chris Olave / Devaughn Vele / Drake London / Falcons / Tyler Shough,49900,49500-49900,3-3,1,96.57,127.03,136.26,154.36,0.021,0,1,FORCED_CAPTAIN
4046,Saints,DST,Alvin Kamara / Bijan Robinson / Chris Olave / Daniel Carlson / Michael Penix Jr.,49700,49500-49900,2-4,0,99.09,121.78,130.63,145.89,0.021,2,0,EXACT_OR_NEAR_OPTIMAL
48,Alvin Kamara,RB,Bijan Robinson / Chris Olave / Drake London / Nick Folk / Treyton Welch,48700,48000-48900,3-3,0,100.36,126.88,135.24,157.93,0.0205,1,0,EXACT_OR_NEAR_OPTIMAL
661,Bijan Robinson,RB,CJ Donaldson / Daniel Carlson / Devaughn Vele / Drake London / Juwan Johnson,49100,49000-49400,2-4,0,95.33,123.78,132.04,151.23,0.0205,2,1,EXACT_OR_NEAR_OPTIMAL
748,Bijan Robinson,RB,Daniel Carlson / Jahan Dotson / Michael Penix Jr. / Nick Folk / Tyler Shough,49500,49500-49900,4-2,1,97.37,124.37,134.88,152.04,0.0205,1,2,EXACT_OR_NEAR_OPTIMAL
771,Bijan Robinson,RB,Drake London / Juwan Johnson / Kendre Miller / Kevin Austin Jr. / Michael Penix Jr.,49900,49500-49900,3-3,1,95.02,126.2,137.25,156.03,0.0205,1,3,EXACT_OR_NEAR_OPTIMAL
796,Brian Robinson Jr.,RB,Alvin Kamara / Bijan Robinson / Chris Olave / Saints / Tyler Shough,49100,49000-49400,2-4,1,101.32,128.49,137.53,157.87,0.0205,0,1,FORCED_CAPTAIN
1882,Daniel Carlson,K,Alvin Kamara / Devaughn Vele / Drake London / Juwan Johnson / Tyler Shough,49000,49000-49400,1-5,1,96.22,124.76,133.86,152.61,0.0205,1,2,EXACT_OR_NEAR_OPTIMAL
1983,Devaughn Vele,WR,Alvin Kamara / Bijan Robinson / Drake London / Michael Penix Jr. / Oscar Delp,49900,49500-49900,3-3,1,93.01,123.25,132.8,149.36,0.0205,1,1,EXACT_OR_NEAR_OPTIMAL
2083,Devaughn Vele,WR,Bryce Lance / Chris Olave / Daniel Carlson / Drake London / Tyler Shough,48700,48000-48900,1-5,1,95.96,128.51,139.22,159.2,0.0205,0,2,FORCED_CAPTAIN
2085,Devaughn Vele,WR,Bryce Lance / Drake London / Juwan Johnson / Michael Penix Jr. / Tyler Shough,49500,49500-49900,2-4,1,93.19,127.17,138.47,159.98,0.0205,0,2,FORCED_CAPTAIN
2168,Drake London,WR,Alvin Kamara / Brian Robinson Jr. / Chris Olave / Jahan Dotson / Michael Penix Jr.,48600,48000-48900,4-2,1,93.4,125.39,136.35,157.66,0.0205,0,1,EXACT_OR_NEAR_OPTIMAL
2424,Drake London,WR,Chris Olave / Daniel Carlson / Devaughn Vele / Michael Penix Jr. / Olamide Zaccheaus,49400,49000-49400,3-3,1,93.05,125.95,136.97,155.47,0.0205,1,1,EXACT_OR_NEAR_OPTIMAL
2448,Drake London,WR,Chris Olave / Devaughn Vele / Kyle Pitts Sr. / Oscar Delp / Tyler Shough,49400,49000-49400,2-4,1,95.75,129.53,141.71,160.94,0.0205,0,1,FORCED_CAPTAIN
2461,Drake London,WR,Chris Olave / Juwan Johnson / Kyle Pitts Sr. / Michael Penix Jr. / Olamide Zaccheaus,50000,50000,4-2,1,94.72,128.8,139.03,156.57,0.0205,0,3,EXACT_OR_NEAR_OPTIMAL
2473,Drake London,WR,Daniel Carlson / Devaughn Vele / Falcons / Michael Penix Jr. / Tyler Shough,49800,49500-49900,3-3,0,93.03,123.21,134.51,154.8,0.0205,0,0,EXACT_OR_NEAR_OPTIMAL
2580,Falcons,DST,Barion Brown / Bijan Robinson / Chris Olave / Drake London / Tyler Shough,48800,48000-48900,3-3,1,102.76,131.41,140.93,163.37,0.0205,0,2,FORCED_CAPTAIN
2605,Falcons,DST,Bijan Robinson / Chris Olave / Devaughn Vele / Juwan Johnson / Nick Folk,48600,48000-48900,3-3,0,95.15,121.44,130.69,146.07,0.0205,0,0,FORCED_CAPTAIN
2653,Falcons,DST,Chris Olave / Drake London / Michael Penix Jr. / Saints / Tyler Shough,49000,49000-49400,3-3,0,98.42,127.35,136.35,155.64,0.0205,0,1,EXACT_OR_NEAR_OPTIMAL
2694,Jahan Dotson,WR,Austin Hooper / Bijan Robinson / Chris Olave / Drake London / Tyler Shough,49500,49500-49900,4-2,0,103.92,134.98,145.23,166.89,0.0205,0,1,FORCED_CAPTAIN
2742,Jahan Dotson,WR,Bijan Robinson / Daniel Carlson / Drake London / Michael Penix Jr. / Tyler Shough,49700,49500-49900,4-2,1,98.54,128.67,136.94,153.98,0.0205,0,2,FORCED_CAPTAIN
2781,Juwan Johnson,TE,Alvin Kamara / Austin Hooper / Devaughn Vele / Drake London / Tyler Shough,48300,48000-48900,2-4,1,95.04,128.31,138.28,160.3,0.0205,0,1,EXACT_OR_NEAR_OPTIMAL
3453,Michael Penix Jr.,QB,Austin Hooper / Bijan Robinson / Chris Blair / Chris Olave / Tyler Shough,49500,49500-49900,4-2,1,100.93,133.74,144.36,165.93,0.0205,0,2,FORCED_CAPTAIN
3464,Michael Penix Jr.,QB,Austin Hooper / Chris Olave / Daniel Carlson / Drake London / Juwan Johnson,49300,49000-49400,3-3,1,97.08,128.83,138.84,158.01,0.0205,0,2,FORCED_CAPTAIN
3564,Nick Folk,K,Alvin Kamara / Bijan Robinson / Chris Olave / Devaughn Vele / Falcons,49100,49000-49400,3-3,0,93.78,118.05,127.63,140.31,0.0205,0,0,FORCED_CAPTAIN
3570,Nick Folk,K,Alvin Kamara / Bijan Robinson / Chris Olave / Kevin Austin Jr. / Tyler Shough,48100,48000-48900,2-4,1,100.36,128.9,139.3,155.41,0.0205,0,1,FORCED_CAPTAIN
3869,Olamide Zaccheaus,WR,Bijan Robinson / Chris Olave / Drake London / Saints / Tyler Shough,49400,49000-49400,3-3,0,104.32,132.77,142.58,162.97,0.0205,0,1,FORCED_CAPTAIN
4054,Saints,DST,Alvin Kamara / Bijan Robinson / Daniel Carlson / Drake London / Michael Penix Jr.,48900,48000-48900,3-3,1,93.43,119.05,126.7,141.9,0.0205,0,1,FORCED_CAPTAIN
4110,Saints,DST,Bijan Robinson / Chris Olave / Daniel Carlson / Drake London / Nick Folk,49100,49000-49400,3-3,0,97.98,120.85,127.57,145.89,0.0205,0,0,FORCED_CAPTAIN
4153,Saints,DST,Chris Olave / Devaughn Vele / Drake London / Nick Folk / Tyler Shough,49900,49500-49900,2-4,1,96.84,127.06,135.56,153.86,0.0205,1,1,EXACT_OR_NEAR_OPTIMAL
4156,Saints,DST,Chris Olave / Drake London / Falcons / Michael Penix Jr. / Tyler Shough,49300,49000-49400,3-3,0,98.89,127.7,137.52,157.31,0.0205,0,1,FORCED_CAPTAIN
4541,Tyler Shough,QB,Alvin Kamara / Bijan Robinson / Brian Robinson Jr. / Daniel Carlson / Devaughn Vele,49600,49500-49900,2-4,1,97.64,125.64,133.71,151.2,0.0205,2,1,EXACT_OR_NEAR_OPTIMAL
4572,Tyler Shough,QB,Alvin Kamara / Brian Robinson Jr. / Chris Olave / Juwan Johnson / Kendre Miller,48400,48000-48900,1-5,1,97.58,132.02,141.68,160.62,0.0205,1,2,EXACT_OR_NEAR_OPTIMAL
4669,Tyler Shough,QB,Alvin Kamara / Devaughn Vele / Jahan Dotson / Juwan Johnson / Michael Penix Jr.,48600,48000-48900,2-4,1,93.95,126.84,137.47,157.7,0.0205,0,1,EXACT_OR_NEAR_OPTIMAL
4832,Tyler Shough,QB,Chris Olave / Devaughn Vele / Jahan Dotson / Michael Penix Jr. / Saints,49200,49000-49400,2-4,1,96.34,129.78,139.74,159.04,0.0205,0,1,EXACT_OR_NEAR_OPTIMAL
66,Alvin Kamara,RB,Bijan Robinson / Daniel Carlson / Juwan Johnson / Kendre Miller / Tyler Shough,49100,49000-49400,1-5,1,97.49,125.42,132.84,145.85,0.02,1,2,EXACT_OR_NEAR_OPTIMAL
259,Austin Hooper,TE,Bijan Robinson / Bryce Lance / Chris Olave / Drake London / Tyler Shough,48200,48000-48900,3-3,1,102.3,133.34,144.71,165.49,0.02,0,2,FORCED_CAPTAIN
534,Bijan Robinson,RB,Alvin Kamara / Daniel Carlson / Falcons / Saints / Tyler Shough,46900,<48000,2-4,0,95.9,117.82,125.12,139.57,0.02,1,1,EXACT_OR_NEAR_OPTIMAL
603,Bijan Robinson,RB,Austin Hooper / Juwan Johnson / Michael Penix Jr. / Tyler Shough / Zachariah Branch,48900,48000-48900,4-2,1,97.36,128.79,139.13,160.26,0.02,1,3,EXACT_OR_NEAR_OPTIMAL
632,Bijan Robinson,RB,Brian Robinson Jr. / Falcons / Juwan Johnson / Nick Folk / Tyler Shough,47500,<48000,4-2,0,95.78,122.85,133.05,149.55,0.02,1,1,EXACT_OR_NEAR_OPTIMAL
656,Bijan Robinson,RB,CJ Donaldson / Chris Olave / Daniel Carlson / Drake London / Kendre Miller,49700,49500-49900,2-4,0,97.56,127.14,135.74,153.22,0.02,1,1,EXACT_OR_NEAR_OPTIMAL
1148,Charlie Woerner,TE,Alvin Kamara / Bijan Robinson / Chris Olave / Drake London / Michael Penix Jr.,49500,49500-49900,4-2,1,101.25,132.19,141.27,160.27,0.02,1,2,EXACT_OR_NEAR_OPTIMAL
1207,Charlie Woerner,TE,Bijan Robinson / Chris Olave / Devaughn Vele / Juwan Johnson / Tyler Shough,48300,48000-48900,2-4,1,101.9,134.0,144.98,165.75,0.02,0,2,FORCED_CAPTAIN
1521,Chris Olave,WR,Alvin Kamara / Drake London / Falcons / Michael Penix Jr. / Olamide Zaccheaus,47800,<48000,4-2,1,95.53,126.7,136.92,158.15,0.02,1,1,EXACT_OR_NEAR_OPTIMAL
1759,Chris Olave,WR,Daniel Carlson / Drake London / Falcons / Kyle Pitts Sr. / Michael Penix Jr.,49400,49000-49400,4-2,1,93.18,124.54,134.59,153.31,0.02,2,1,EXACT_OR_NEAR_OPTIMAL
1994,Devaughn Vele,WR,Alvin Kamara / Bryce Lance / Chris Olave / Michael Penix Jr. / Tyler Shough,49900,49500-49900,1-5,1,96.34,129.14,139.33,160.03,0.02,0,2,FORCED_CAPTAIN
2087,Devaughn Vele,WR,Chris Olave / Daniel Carlson / Drake London / Olamide Zaccheaus / Tyler Shough,48900,48000-48900,2-4,1,95.69,127.47,138.32,157.91,0.02,1,1,EXACT_OR_NEAR_OPTIMAL
2092,Devaughn Vele,WR,Chris Olave / Drake London / Jahan Dotson / Saints / Tyler Shough,49300,49000-49400,2-4,1,95.29,127.42,137.14,156.0,0.02,1,1,EXACT_OR_NEAR_OPTIMAL
2169,Drake London,WR,Alvin Kamara / Brian Robinson Jr. / Chris Olave / Oscar Delp / Tyler Shough,46600,<48000,2-4,1,97.91,130.64,140.91,162.06,0.02,0,1,FORCED_CAPTAIN
2173,Drake London,WR,Alvin Kamara / Brian Robinson Jr. / Daniel Carlson / Juwan Johnson / Tyler Shough,47600,<48000,2-4,1,95.55,125.87,134.66,154.52,0.02,0,1,EXACT_OR_NEAR_OPTIMAL
2688,Jahan Dotson,WR,Alvin Kamara / Chris Olave / Juwan Johnson / Michael Penix Jr. / Tyler Shough,48300,48000-48900,2-4,1,99.41,131.63,141.0,161.94,0.02,0,2,FORCED_CAPTAIN
2984,Juwan Johnson,TE,Chris Olave / Daniel Carlson / Devaughn Vele / Drake London / Nick Folk,49900,49500-49900,2-4,0,97.42,126.46,137.21,153.33,0.02,0,0,EXACT_OR_NEAR_OPTIMAL
3030,Juwan Johnson,TE,Drake London / Falcons / Michael Penix Jr. / Nick Folk / Tyler Shough,48700,48000-48900,4-2,0,95.52,126.22,136.57,157.29,0.02,0,1,EXACT_OR_NEAR_OPTIMAL
3397,Michael Penix Jr.,QB,Alvin Kamara / Austin Hooper / Chris Olave / Daniel Carlson / Drake London,48900,48000-48900,3-3,1,94.57,125.27,136.3,154.28,0.02,0,1,FORCED_CAPTAIN
3463,Michael Penix Jr.,QB,Austin Hooper / Bryce Lance / Chris Olave / Drake London / Tyler Shough,48500,48000-48900,3-3,1,97.46,133.08,143.51,166.79,0.02,0,2,FORCED_CAPTAIN
3512,Michael Penix Jr.,QB,Brian Robinson Jr. / Chris Olave / Daniel Carlson / Juwan Johnson / Tyler Shough,49900,49500-49900,2-4,1,100.54,132.25,141.6,159.21,0.02,0,2,FORCED_CAPTAIN
3558,Nick Folk,K,Alvin Kamara / Bijan Robinson / Bryce Lance / Chris Olave / Drake London,49500,49500-49900,3-3,0,99.85,126.43,134.36,153.83,0.02,1,0,EXACT_OR_NEAR_OPTIMAL
3650,Nick Folk,K,Bijan Robinson / Devaughn Vele / Falcons / Juwan Johnson / Tyler Shough,48300,48000-48900,3-3,1,93.08,120.39,128.29,149.28,0.02,0,1,FORCED_CAPTAIN
4018,Oscar Delp,TE,Bijan Robinson / Devaughn Vele / Drake London / Michael Penix Jr. / Tyler Shough,48800,48000-48900,3-3,1,97.03,129.04,138.76,157.81,0.02,0,2,FORCED_CAPTAIN
4057,Saints,DST,Alvin Kamara / Bijan Robinson / Daniel Carlson / Juwan Johnson / Tyler Shough,46900,<48000,1-5,1,96.72,120.98,128.46,144.5,0.02,0,2,FORCED_CAPTAIN
4098,Saints,DST,Bijan Robinson / Brian Robinson Jr. / Drake London / Juwan Johnson / Tyler Shough,48900,48000-48900,3-3,0,99.11,125.78,134.63,152.0,0.02,0,1,FORCED_CAPTAIN
4580,Tyler Shough,QB,Alvin Kamara / Brian Robinson Jr. / Devaughn Vele / Juwan Johnson / Michael Penix Jr.,49400,49000-49400,2-4,1,94.52,127.05,137.39,158.26,0.02,0,1,EXACT_OR_NEAR_OPTIMAL
100,Alvin Kamara,RB,Brian Robinson Jr. / Chris Olave / Daniel Carlson / Juwan Johnson / Tyler Shough,46900,<48000,1-5,1,98.04,128.5,137.67,155.6,0.0195,0,2,EXACT_OR_NEAR_OPTIMAL
107,Alvin Kamara,RB,Brian Robinson Jr. / Chris Olave / Juwan Johnson / Saints / Tyler Shough,46300,<48000,1-5,1,95.98,126.62,135.42,154.85,0.0195,0,2,FORCED_CAPTAIN
190,Alvin Kamara,RB,Devaughn Vele / Drake London / Jahan Dotson / Michael Penix Jr. / Tyler Shough,49900,49500-49900,3-3,1,93.39,124.36,134.71,155.4,0.0195,2,1,EXACT_OR_NEAR_OPTIMAL
254,Austin Hooper,TE,Bijan Robinson / Brian Robinson Jr. / Chris Olave / Drake London / Michael Penix Jr.,49600,49500-49900,5-1,1,97.13,129.13,139.66,157.97,0.0195,0,3,FORCED_CAPTAIN
475,Bijan Robinson,RB,Alvin Kamara / Brian Robinson Jr. / Daniel Carlson / Nick Folk / Tyler Shough,48300,48000-48900,3-3,0,96.27,121.39,129.37,144.21,0.0195,1,1,EXACT_OR_NEAR_OPTIMAL
544,Bijan Robinson,RB,Alvin Kamara / Devaughn Vele / Falcons / Michael Penix Jr. / Saints,49300,49000-49400,3-3,0,91.19,116.28,124.59,140.41,0.0195,1,1,EXACT_OR_NEAR_OPTIMAL
733,Bijan Robinson,RB,Daniel Carlson / Devaughn Vele / Drake London / Nick Folk / Saints,49900,49500-49900,3-3,0,93.07,117.4,125.44,142.71,0.0195,2,1,EXACT_OR_NEAR_OPTIMAL
875,Brian Robinson Jr.,RB,Bijan Robinson / Drake London / Juwan Johnson / Nick Folk / Tyler Shough,49900,49500-49900,4-2,0,99.49,127.99,136.97,155.94,0.0195,1,1,EXACT_OR_NEAR_OPTIMAL
1152,Charlie Woerner,TE,Alvin Kamara / Bijan Robinson / Chris Olave / Juwan Johnson / Tyler Shough,47500,<48000,2-4,1,104.54,136.1,145.95,165.48,0.0195,0,2,FORCED_CAPTAIN
1494,Chris Olave,WR,Alvin Kamara / Daniel Carlson / Drake London / Nick Folk / Saints,47600,<48000,2-4,0,95.19,122.1,130.43,151.3,0.0195,0,0,EXACT_OR_NEAR_OPTIMAL
1499,Chris Olave,WR,Alvin Kamara / Daniel Carlson / Falcons / Saints / Tyler Shough,45400,<48000,1-5,1,95.38,124.21,133.35,149.99,0.0195,0,2,EXACT_OR_NEAR_OPTIMAL
1623,Chris Olave,WR,Bijan Robinson / Brian Robinson Jr. / Daniel Carlson / Jahan Dotson / Michael Penix Jr.,48600,48000-48900,4-2,1,97.19,127.46,137.87,158.8,0.0195,1,1,EXACT_OR_NEAR_OPTIMAL
1843,Daniel Carlson,K,Alvin Kamara / Bijan Robinson / Brian Robinson Jr. / Drake London / Tyler Shough,49400,49000-49400,3-3,0,99.7,126.14,133.66,147.4,0.0195,0,0,FORCED_CAPTAIN
1852,Daniel Carlson,K,Alvin Kamara / Bijan Robinson / Chris Olave / Jahan Dotson / Michael Penix Jr.,48800,48000-48900,3-3,1,97.66,123.59,132.87,149.95,0.0195,0,1,FORCED_CAPTAIN
1977,Devaughn Vele,WR,Alvin Kamara / Bijan Robinson / Chris Olave / Daniel Carlson / Falcons,49700,49500-49900,2-4,0,96.09,119.62,129.22,148.07,0.0195,0,0,FORCED_CAPTAIN
2073,Devaughn Vele,WR,Bijan Robinson / Jahan Dotson / Juwan Johnson / Nick Folk / Tyler Shough,48900,48000-48900,3-3,1,93.13,122.54,132.52,154.27,0.0195,2,1,EXACT_OR_NEAR_OPTIMAL
2277,Drake London,WR,Alvin Kamara / Juwan Johnson / Kyle Pitts Sr. / Saints / Tyler Shough,49000,49000-49400,2-4,1,93.97,124.83,135.13,151.65,0.0195,1,1,EXACT_OR_NEAR_OPTIMAL
2283,Drake London,WR,Alvin Kamara / Michael Penix Jr. / Nick Folk / Olamide Zaccheaus / Tyler Shough,48000,48000-48900,4-2,1,91.75,124.26,134.74,157.0,0.0195,0,1,EXACT_OR_NEAR_OPTIMAL
2326,Drake London,WR,Bijan Robinson / Brian Robinson Jr. / Bryce Lance / Devaughn Vele / Tyler Shough,49800,49500-49900,3-3,1,96.85,128.47,136.54,154.48,0.0195,1,1,EXACT_OR_NEAR_OPTIMAL
2393,Drake London,WR,Brian Robinson Jr. / Daniel Carlson / Devaughn Vele / Michael Penix Jr. / Tyler Shough,50000,50000,3-3,1,92.07,124.28,135.52,155.93,0.0195,2,2,EXACT_OR_NEAR_OPTIMAL
2523,Falcons,DST,Alvin Kamara / Bijan Robinson / Brian Robinson Jr. / Chris Olave / Drake London,48800,48000-48900,4-2,0,98.41,124.64,131.66,150.58,0.0195,0,0,FORCED_CAPTAIN
2542,Falcons,DST,Alvin Kamara / Bijan Robinson / Devaughn Vele / Juwan Johnson / Tyler Shough,49000,49000-49400,2-4,1,97.73,124.25,132.69,152.08,0.0195,0,1,FORCED_CAPTAIN
2734,Jahan Dotson,WR,Bijan Robinson / Chris Olave / Juwan Johnson / Saints / Tyler Shough,48300,48000-48900,2-4,1,102.98,132.74,142.31,161.1,0.0195,0,2,FORCED_CAPTAIN
2771,Jahan Dotson,WR,Chris Olave / Drake London / Michael Penix Jr. / Nick Folk / Tyler Shough,49300,49000-49400,4-2,1,97.46,130.1,138.9,162.91,0.0195,0,2,FORCED_CAPTAIN
2961,Juwan Johnson,TE,Bijan Robinson / Devaughn Vele / Kendre Miller / Saints / Tyler Shough,49500,49500-49900,1-5,1,94.04,123.52,134.0,154.55,0.0195,1,2,EXACT_OR_NEAR_OPTIMAL
3012,Juwan Johnson,TE,Chris Olave / Kendre Miller / Michael Penix Jr. / Saints / Tyler Shough,49700,49500-49900,1-5,1,98.0,130.12,141.14,159.55,0.0195,1,3,EXACT_OR_NEAR_OPTIMAL
3027,Juwan Johnson,TE,Devaughn Vele / Drake London / Nick Folk / Saints / Tyler Shough,48100,48000-48900,2-4,1,92.15,124.72,134.62,153.07,0.0195,0,1,EXACT_OR_NEAR_OPTIMAL
3253,Kevin Austin Jr.,WR,Bijan Robinson / Drake London / Juwan Johnson / Michael Penix Jr. / Tyler Shough,49000,49000-49400,3-3,1,101.09,134.2,144.46,158.49,0.0195,0,3,FORCED_CAPTAIN
3411,Michael Penix Jr.,QB,Alvin Kamara / Bijan Robinson / Drake London / Jahan Dotson / Saints,49500,49500-49900,4-2,1,93.3,122.57,132.33,148.38,0.0195,0,1,FORCED_CAPTAIN
3472,Michael Penix Jr.,QB,Bijan Robinson / Brian Robinson Jr. / Chris Olave / Nick Muse / Tyler Shough,49700,49500-49900,4-2,1,101.8,133.35,145.08,166.35,0.0195,0,2,FORCED_CAPTAIN
3671,Nick Folk,K,Chris Olave / Drake London / Juwan Johnson / Olamide Zaccheaus / Tyler Shough,47900,<48000,3-3,1,98.53,132.01,140.38,156.58,0.0195,0,2,FORCED_CAPTAIN
3947,Oscar Delp,TE,Alvin Kamara / Bijan Robinson / Drake London / Juwan Johnson / Tyler Shough,46400,<48000,2-4,1,100.51,130.19,139.43,155.82,0.0195,0,2,FORCED_CAPTAIN
4129,Saints,DST,Bijan Robinson / Daniel Carlson / Drake London / Juwan Johnson / Michael Penix Jr.,49300,49000-49400,3-3,1,95.94,122.16,129.67,148.78,0.0195,0,2,FORCED_CAPTAIN
4649,Tyler Shough,QB,Alvin Kamara / Daniel Carlson / Drake London / Juwan Johnson / Kyle Pitts Sr.,49400,49000-49400,2-4,1,97.25,128.49,137.19,160.02,0.0195,1,1,EXACT_OR_NEAR_OPTIMAL
4812,Tyler Shough,QB,Bryce Lance / Drake London / Juwan Johnson / Michael Penix Jr. / Nick Folk,48000,48000-48900,3-3,1,95.76,129.33,139.58,160.49,0.0195,0,2,EXACT_OR_NEAR_OPTIMAL
79,Alvin Kamara,RB,Bijan Robinson / Drake London / Falcons / Juwan Johnson / Saints,47500,<48000,3-3,0,94.83,118.74,126.96,141.0,0.019,1,0,EXACT_OR_NEAR_OPTIMAL
112,Alvin Kamara,RB,Brian Robinson Jr. / Devaughn Vele / Drake London / Juwan Johnson / Tyler Shough,49100,49000-49400,2-4,1,94.79,125.26,134.96,156.93,0.019,0,1,EXACT_OR_NEAR_OPTIMAL
239,Austin Hooper,TE,Alvin Kamara / Chris Olave / Devaughn Vele / Drake London / Tyler Shough,49400,49000-49400,2-4,1,98.28,130.12,139.94,163.21,0.019,0,1,FORCED_CAPTAIN
295,Austin Hooper,TE,Bijan Robinson / Chris Olave / Juwan Johnson / Saints / Tyler Shough,48000,48000-48900,2-4,1,102.31,132.4,141.86,160.43,0.019,1,2,EXACT_OR_NEAR_OPTIMAL
478,Bijan Robinson,RB,Alvin Kamara / Brian Robinson Jr. / Drake London / Michael Penix Jr. / Zachariah Branch,49900,49500-49900,5-1,1,93.41,124.06,134.14,152.6,0.019,1,3,EXACT_OR_NEAR_OPTIMAL
541,Bijan Robinson,RB,Alvin Kamara / Devaughn Vele / Drake London / Jahan Dotson / Saints,49700,49500-49900,3-3,0,94.34,120.98,129.11,142.75,0.019,1,1,EXACT_OR_NEAR_OPTIMAL
571,Bijan Robinson,RB,Austin Hooper / Brian Robinson Jr. / Chris Olave / Falcons / Michael Penix Jr.,47700,<48000,5-1,1,93.92,122.13,132.97,155.86,0.019,1,3,EXACT_OR_NEAR_OPTIMAL
657,Bijan Robinson,RB,CJ Donaldson / Chris Olave / Daniel Carlson / Juwan Johnson / Nick Folk,47500,<48000,2-4,0,97.85,126.54,135.17,153.41,0.019,1,1,EXACT_OR_NEAR_OPTIMAL
664,Bijan Robinson,RB,Charlie Woerner / Chris Olave / Daniel Carlson / Michael Penix Jr. / Nick Folk,48300,48000-48900,4-2,1,96.88,125.28,134.9,152.87,0.019,1,2,EXACT_OR_NEAR_OPTIMAL
841,Brian Robinson Jr.,RB,Bijan Robinson / Chris Olave / Drake London / Falcons / Juwan Johnson,49300,49000-49400,4-2,0,100.44,127.55,137.11,155.23,0.019,0,1,FORCED_CAPTAIN
1800,Chris Olave,WR,Devaughn Vele / Michael Penix Jr. / Olamide Zaccheaus / Saints / Tyler Shough,48800,48000-48900,2-4,1,96.27,129.8,141.03,162.74,0.019,1,1,EXACT_OR_NEAR_OPTIMAL
1832,Chris Olave,WR,Juwan Johnson / Kendre Miller / Nick Folk / Saints / Tyler Shough,47800,<48000,1-5,1,95.29,127.92,138.0,156.79,0.019,0,2,EXACT_OR_NEAR_OPTIMAL
1842,Daniel Carlson,K,Alvin Kamara / Bijan Robinson / Brian Robinson Jr. / Drake London / Michael Penix Jr.,48800,48000-48900,4-2,1,92.57,119.52,128.63,144.01,0.019,0,1,FORCED_CAPTAIN
1860,Daniel Carlson,K,Alvin Kamara / Bijan Robinson / Drake London / Jahan Dotson / Michael Penix Jr.,48000,48000-48900,4-2,1,92.0,119.2,129.46,143.12,0.019,0,1,FORCED_CAPTAIN
1911,Daniel Carlson,K,Bijan Robinson / Chris Olave / Devaughn Vele / Juwan Johnson / Saints,49200,49000-49400,1-5,0,98.32,122.92,130.92,146.1,0.019,1,1,EXACT_OR_NEAR_OPTIMAL
1914,Daniel Carlson,K,Bijan Robinson / Chris Olave / Drake London / Falcons / Saints,47600,<48000,3-3,0,96.75,120.22,128.87,142.98,0.019,0,0,FORCED_CAPTAIN
1951,Daniel Carlson,K,Chris Olave / Devaughn Vele / Juwan Johnson / Nick Folk / Tyler Shough,48200,48000-48900,1-5,1,96.09,127.61,136.02,155.57,0.019,0,2,EXACT_OR_NEAR_OPTIMAL
1976,Devaughn Vele,WR,Alvin Kamara / Bijan Robinson / CJ Donaldson / Juwan Johnson / Tyler Shough,48900,48000-48900,1-5,1,95.35,124.96,135.64,155.68,0.019,1,2,EXACT_OR_NEAR_OPTIMAL
1993,Devaughn Vele,WR,Alvin Kamara / Brian Robinson Jr. / Drake London / Juwan Johnson / Tyler Shough,49500,49500-49900,2-4,1,93.47,124.7,136.78,156.59,0.019,0,1,EXACT_OR_NEAR_OPTIMAL
2008,Devaughn Vele,WR,Alvin Kamara / Chris Olave / Nick Folk / Saints / Tyler Shough,48700,48000-48900,1-5,1,92.74,123.62,132.5,149.54,0.019,0,2,FORCED_CAPTAIN
2049,Devaughn Vele,WR,Bijan Robinson / Chris Olave / Daniel Carlson / Drake London / Oscar Delp,49500,49500-49900,2-4,0,98.29,125.92,135.88,153.42,0.019,0,0,FORCED_CAPTAIN
2261,Drake London,WR,Alvin Kamara / Falcons / Juwan Johnson / Saints / Tyler Shough,46800,<48000,2-4,1,94.45,123.19,132.51,149.21,0.019,0,1,EXACT_OR_NEAR_OPTIMAL
2427,Drake London,WR,Chris Olave / Daniel Carlson / Falcons / Kyle Pitts Sr. / Michael Penix Jr.,49000,49000-49400,4-2,1,90.35,121.99,132.1,152.21,0.019,0,1,EXACT_OR_NEAR_OPTIMAL
2540,Falcons,DST,Alvin Kamara / Bijan Robinson / Devaughn Vele / Drake London / Juwan Johnson,49400,49000-49400,3-3,0,95.28,121.31,129.46,144.8,0.019,0,0,FORCED_CAPTAIN
2652,Falcons,DST,Chris Olave / Drake London / Juwan Johnson / Saints / Tyler Shough,47400,<48000,2-4,1,99.26,128.27,137.19,153.9,0.019,0,2,FORCED_CAPTAIN
2675,Jahan Dotson,WR,Alvin Kamara / Bijan Robinson / Drake London / Juwan Johnson / Michael Penix Jr.,49700,49500-49900,4-2,1,97.3,126.81,137.0,154.51,0.019,0,2,FORCED_CAPTAIN
2789,Juwan Johnson,TE,Alvin Kamara / Bijan Robinson / Chris Olave / Devaughn Vele / Kevin Austin Jr.,49300,49000-49400,1-5,0,101.36,130.04,139.85,160.02,0.019,1,1,EXACT_OR_NEAR_OPTIMAL
3230,Kevin Austin Jr.,WR,Bijan Robinson / Chris Olave / Drake London / Nick Folk / Tyler Shough,48800,48000-48900,3-3,1,103.14,132.16,143.48,166.99,0.019,0,2,FORCED_CAPTAIN
3621,Nick Folk,K,Bijan Robinson / Bryce Lance / Drake London / Juwan Johnson / Tyler Shough,48700,48000-48900,3-3,1,99.15,129.97,138.12,153.37,0.019,0,2,FORCED_CAPTAIN
3652,Nick Folk,K,Bijan Robinson / Devaughn Vele / Juwan Johnson / Saints / Tyler Shough,48900,48000-48900,2-4,1,94.01,120.84,129.61,147.48,0.019,0,1,FORCED_CAPTAIN
3827,Olamide Zaccheaus,WR,Alvin Kamara / Chris Olave / Drake London / Juwan Johnson / Tyler Shough,47800,<48000,2-4,1,101.59,134.2,145.3,162.37,0.019,0,2,FORCED_CAPTAIN
4350,Treyton Welch,TE,Bijan Robinson / Chris Olave / Devaughn Vele / Juwan Johnson / Tyler Shough,47700,<48000,1-5,1,101.79,133.91,144.56,166.27,0.019,1,3,EXACT_OR_NEAR_OPTIMAL
4583,Tyler Shough,QB,Alvin Kamara / Brian Robinson Jr. / Drake London / Juwan Johnson / Saints,46800,<48000,2-4,1,94.72,126.03,133.76,153.89,0.019,0,1,EXACT_OR_NEAR_OPTIMAL
4665,Tyler Shough,QB,Alvin Kamara / Devaughn Vele / Drake London / Nick Folk / Saints,48800,48000-48900,2-4,1,92.79,122.5,132.98,150.19,0.019,0,1,EXACT_OR_NEAR_OPTIMAL
5,Alvin Kamara,RB,Austin Hooper / Bijan Robinson / Chris Olave / Juwan Johnson / Nick Folk,48700,48000-48900,3-3,0,99.85,126.07,134.06,154.16,0.0185,0,0,FORCED_CAPTAIN
41,Alvin Kamara,RB,Bijan Robinson / Chris Olave / Daniel Carlson / Falcons / Nick Folk,46900,<48000,3-3,0,94.26,117.13,125.43,140.74,0.0185,0,0,FORCED_CAPTAIN
187,Alvin Kamara,RB,Daniel Carlson / Drake London / Michael Penix Jr. / Nick Folk / Tyler Shough,49300,49000-49400,3-3,0,94.76,122.55,131.42,152.19,0.0185,1,0,EXACT_OR_NEAR_OPTIMAL
266,Austin Hooper,TE,Bijan Robinson / Chris Olave / Daniel Carlson / Drake London / Juwan Johnson,49000,49000-49400,3-3,0,101.92,129.4,139.09,157.78,0.0185,0,1,FORCED_CAPTAIN
287,Austin Hooper,TE,Bijan Robinson / Chris Olave / Falcons / Juwan Johnson / Tyler Shough,47400,<48000,3-3,1,101.38,131.72,140.13,161.57,0.0185,0,2,FORCED_CAPTAIN
289,Austin Hooper,TE,Bijan Robinson / Chris Olave / Falcons / Michael Penix Jr. / Tyler Shough,49000,49000-49400,4-2,1,100.54,129.54,140.43,161.68,0.0185,0,2,FORCED_CAPTAIN
573,Bijan Robinson,RB,Austin Hooper / Brian Robinson Jr. / Chris Olave / Kendre Miller / Tyler Shough,49700,49500-49900,3-3,1,99.19,128.91,138.65,160.31,0.0185,1,2,EXACT_OR_NEAR_OPTIMAL
641,Bijan Robinson,RB,Bryce Lance / Chris Olave / Daniel Carlson / Juwan Johnson / Saints,46700,<48000,1-5,0,98.7,125.6,133.68,150.69,0.0185,1,2,EXACT_OR_NEAR_OPTIMAL
790,Brian Robinson Jr.,RB,Alvin Kamara / Bijan Robinson / Chris Olave / Falcons / Tyler Shough,48500,48000-48900,3-3,1,100.39,127.17,136.45,156.79,0.0185,0,1,FORCED_CAPTAIN
886,Brian Robinson Jr.,RB,Chris Olave / Daniel Carlson / Drake London / Michael Penix Jr. / Tyler Shough,49900,49500-49900,3-3,1,99.04,131.33,140.23,159.67,0.0185,0,2,EXACT_OR_NEAR_OPTIMAL
1032,CJ Donaldson,RB,Alvin Kamara / Bijan Robinson / Chris Olave / Juwan Johnson / Tyler Shough,48700,48000-48900,1-5,1,104.74,135.97,146.14,165.14,0.0185,0,3,EXACT_OR_NEAR_OPTIMAL
1122,CJ Donaldson,RB,Bijan Robinson / Drake London / Juwan Johnson / Michael Penix Jr. / Tyler Shough,49900,49500-49900,3-3,1,100.75,133.95,142.92,156.62,0.0185,0,3,EXACT_OR_NEAR_OPTIMAL
1247,Charlie Woerner,TE,Bijan Robinson / Drake London / Juwan Johnson / Michael Penix Jr. / Tyler Shough,48700,48000-48900,4-2,1,100.55,133.78,142.93,157.16,0.0185,0,3,FORCED_CAPTAIN
1596,Chris Olave,WR,Austin Hooper / Daniel Carlson / Michael Penix Jr. / Nick Folk / Tyler Shough,47800,<48000,3-3,0,96.41,128.68,139.2,157.82,0.0185,0,0,EXACT_OR_NEAR_OPTIMAL
1745,Chris Olave,WR,Charlie Woerner / Daniel Carlson / Devaughn Vele / Michael Penix Jr. / Tyler Shough,48000,48000-48900,2-4,1,96.3,130.46,141.92,162.77,0.0185,0,1,EXACT_OR_NEAR_OPTIMAL
1794,Chris Olave,WR,Devaughn Vele / Jahan Dotson / Michael Penix Jr. / Olamide Zaccheaus / Tyler Shough,47600,<48000,3-3,1,93.82,128.75,141.32,163.26,0.0185,0,1,EXACT_OR_NEAR_OPTIMAL
1895,Daniel Carlson,K,Bijan Robinson / Brian Robinson Jr. / Chris Olave / Nick Folk / Tyler Shough,48600,48000-48900,3-3,0,99.57,126.36,134.61,152.85,0.0185,0,0,FORCED_CAPTAIN
1945,Daniel Carlson,K,Bijan Robinson / Juwan Johnson / Michael Penix Jr. / Saints / Tyler Shough,49200,49000-49400,2-4,0,99.42,125.56,134.35,147.37,0.0185,0,1,FORCED_CAPTAIN
1948,Daniel Carlson,K,Bryce Lance / Chris Olave / Drake London / Michael Penix Jr. / Tyler Shough,48400,48000-48900,2-4,1,99.06,131.05,140.13,159.75,0.0185,0,2,EXACT_OR_NEAR_OPTIMAL
1960,Daniel Carlson,K,Chris Olave / Drake London / Michael Penix Jr. / Olamide Zaccheaus / Tyler Shough,48600,48000-48900,3-3,1,98.79,130.88,140.0,158.18,0.0185,0,2,FORCED_CAPTAIN
1962,Daniel Carlson,K,Chris Olave / Juwan Johnson / Michael Penix Jr. / Nick Folk / Tyler Shough,49400,49000-49400,2-4,1,100.4,131.1,140.07,156.47,0.0185,0,2,FORCED_CAPTAIN
2060,Devaughn Vele,WR,Bijan Robinson / Daniel Carlson / Drake London / Juwan Johnson / Saints,49900,49500-49900,2-4,0,93.86,118.87,127.79,144.56,0.0185,0,0,FORCED_CAPTAIN
2177,Drake London,WR,Alvin Kamara / Brian Robinson Jr. / Devaughn Vele / Juwan Johnson / Michael Penix Jr.,50000,50000,3-3,1,90.83,122.67,133.27,151.84,0.0185,1,2,EXACT_OR_NEAR_OPTIMAL
2207,Drake London,WR,Alvin Kamara / Chris Olave / Juwan Johnson / Kendre Miller / Saints,49400,49000-49400,1-5,0,95.8,124.31,133.67,150.9,0.0185,0,1,EXACT_OR_NEAR_OPTIMAL
2273,Drake London,WR,Alvin Kamara / Juwan Johnson / Kendre Miller / Nick Folk / Tyler Shough,49400,49000-49400,2-4,1,93.92,125.37,135.89,154.4,0.0185,0,1,EXACT_OR_NEAR_OPTIMAL
2370,Drake London,WR,Bijan Robinson / Daniel Carlson / Jahan Dotson / Saints / Tyler Shough,48400,48000-48900,3-3,0,97.72,124.54,132.06,149.28,0.0185,1,0,EXACT_OR_NEAR_OPTIMAL
2375,Drake London,WR,Bijan Robinson / Daniel Carlson / Kendre Miller / Michael Penix Jr. / Saints,49800,49500-49900,3-3,1,90.25,119.2,129.61,146.73,0.0185,2,1,EXACT_OR_NEAR_OPTIMAL
2390,Drake London,WR,Brian Robinson Jr. / Chris Olave / Jahan Dotson / Juwan Johnson / Michael Penix Jr.,49000,49000-49400,4-2,1,95.91,129.47,139.85,158.86,0.0185,0,2,EXACT_OR_NEAR_OPTIMAL
2417,Drake London,WR,Charlie Woerner / Chris Olave / Daniel Carlson / Juwan Johnson / Michael Penix Jr.,47600,<48000,3-3,1,96.16,128.01,138.9,155.84,0.0185,1,2,EXACT_OR_NEAR_OPTIMAL
2574,Falcons,DST,Austin Hooper / Bijan Robinson / Chris Olave / Drake London / Juwan Johnson,48200,48000-48900,4-2,0,99.91,127.31,136.12,153.83,0.0185,0,1,FORCED_CAPTAIN
2644,Falcons,DST,Chris Olave / Daniel Carlson / Drake London / Juwan Johnson / Tyler Shough,48000,48000-48900,2-4,1,101.32,130.89,138.72,157.62,0.0185,0,2,FORCED_CAPTAIN
2762,Jahan Dotson,WR,Chris Olave / Daniel Carlson / Drake London / Michael Penix Jr. / Tyler Shough,48700,48000-48900,3-3,1,98.19,130.42,140.15,159.94,0.0185,0,2,FORCED_CAPTAIN
2915,Juwan Johnson,TE,Austin Hooper / Daniel Carlson / Drake London / Michael Penix Jr. / Tyler Shough,47300,<48000,3-3,1,94.29,126.76,137.19,159.15,0.0185,0,2,EXACT_OR_NEAR_OPTIMAL
2982,Juwan Johnson,TE,CJ Donaldson / Devaughn Vele / Drake London / Michael Penix Jr. / Tyler Shough,48900,48000-48900,2-4,1,93.58,128.22,138.86,160.51,0.0185,0,2,EXACT_OR_NEAR_OPTIMAL
3401,Michael Penix Jr.,QB,Alvin Kamara / Bijan Robinson / Brian Robinson Jr. / Drake London / Falcons,49700,49500-49900,5-1,1,92.93,122.11,131.35,149.78,0.0185,0,2,FORCED_CAPTAIN
3450,Michael Penix Jr.,QB,Austin Hooper / Bijan Robinson / Brian Robinson Jr. / Drake London / Juwan Johnson,49300,49000-49400,5-1,1,93.47,126.44,135.27,152.41,0.0185,1,3,EXACT_OR_NEAR_OPTIMAL
3590,Nick Folk,K,Alvin Kamara / Chris Olave / Daniel Carlson / Drake London / Michael Penix Jr.,49700,49500-49900,3-3,0,95.08,122.87,131.93,152.53,0.0185,0,0,FORCED_CAPTAIN
3886,Olamide Zaccheaus,WR,Bijan Robinson / Devaughn Vele / Drake London / Juwan Johnson / Tyler Shough,49600,49500-49900,3-3,1,99.29,130.73,138.76,158.64,0.0185,0,2,FORCED_CAPTAIN
4351,Treyton Welch,TE,Bijan Robinson / Chris Olave / Devaughn Vele / Michael Penix Jr. / Tyler Shough,49300,49000-49400,2-4,1,100.96,133.33,143.7,164.41,0.0185,0,2,FORCED_CAPTAIN
4643,Tyler Shough,QB,Alvin Kamara / Daniel Carlson / Devaughn Vele / Drake London / Saints,48200,48000-48900,1-5,1,93.53,122.28,130.75,147.45,0.0185,0,2,EXACT_OR_NEAR_OPTIMAL
4675,Tyler Shough,QB,Alvin Kamara / Drake London / Falcons / Juwan Johnson / Saints,46600,<48000,2-4,1,95.68,124.48,134.26,150.72,0.0185,1,1,EXACT_OR_NEAR_OPTIMAL
4860,Tyler Shough,QB,Daniel Carlson / Drake London / Falcons / Juwan Johnson / Michael Penix Jr.,49200,49000-49400,3-3,0,99.4,129.55,139.42,157.99,0.0185,0,1,EXACT_OR_NEAR_OPTIMAL
4871,Tyler Shough,QB,Devaughn Vele / Drake London / Juwan Johnson / Kendre Miller / Nick Folk,50000,50000,2-4,1,92.5,125.94,135.52,154.07,0.0185,1,2,EXACT_OR_NEAR_OPTIMAL
4881,Tyler Shough,QB,Drake London / Jahan Dotson / Juwan Johnson / Kyle Pitts Sr. / Michael Penix Jr.,49600,49500-49900,4-2,1,94.4,128.64,139.43,157.85,0.0185,0,2,EXACT_OR_NEAR_OPTIMAL
228,Austin Hooper,TE,Alvin Kamara / Bijan Robinson / Drake London / Juwan Johnson / Michael Penix Jr.,49400,49000-49400,4-2,1,96.64,128.59,137.11,152.55,0.018,0,2,FORCED_CAPTAIN
274,Austin Hooper,TE,Bijan Robinson / Chris Olave / Devaughn Vele / Nick Folk / Tyler Shough,49600,49500-49900,3-3,1,98.49,129.32,139.35,158.94,0.018,0,1,FORCED_CAPTAIN
285,Austin Hooper,TE,Bijan Robinson / Chris Olave / Drake London / Olamide Zaccheaus / Tyler Shough,48400,48000-48900,4-2,0,102.03,132.58,143.86,165.29,0.018,0,1,FORCED_CAPTAIN
745,Bijan Robinson,RB,Daniel Carlson / Falcons / Juwan Johnson / Kyle Pitts Sr. / Tyler Shough,48900,48000-48900,3-3,0,96.99,124.4,133.11,152.18,0.018,1,1,EXACT_OR_NEAR_OPTIMAL
816,Brian Robinson Jr.,RB,Alvin Kamara / Chris Olave / Juwan Johnson / Michael Penix Jr. / Tyler Shough,49500,49500-49900,2-4,1,100.26,132.42,142.17,159.16,0.018,1,2,EXACT_OR_NEAR_OPTIMAL
865,Brian Robinson Jr.,RB,Bijan Robinson / Daniel Carlson / Drake London / Juwan Johnson / Tyler Shough,49300,49000-49400,3-3,0,100.22,128.41,136.23,153.43,0.018,0,1,FORCED_CAPTAIN
1503,Chris Olave,WR,Alvin Kamara / Daniel Carlson / Kyle Pitts Sr. / Saints / Tyler Shough,47600,<48000,1-5,1,94.9,125.39,135.43,152.45,0.018,0,2,EXACT_OR_NEAR_OPTIMAL
1547,Chris Olave,WR,Alvin Kamara / Jahan Dotson / Michael Penix Jr. / Olamide Zaccheaus / Tyler Shough,46800,<48000,3-3,1,96.46,130.3,142.47,162.73,0.018,0,1,EXACT_OR_NEAR_OPTIMAL
1631,Chris Olave,WR,Bijan Robinson / Brian Robinson Jr. / Falcons / Michael Penix Jr. / Saints,48600,48000-48900,4-2,1,96.65,124.99,134.18,152.0,0.018,1,1,EXACT_OR_NEAR_OPTIMAL
1686,Chris Olave,WR,Bijan Robinson / Drake London / Falcons / Kyle Pitts Sr. / Olamide Zaccheaus,49400,49000-49400,5-1,0,97.68,127.13,137.53,158.41,0.018,1,1,EXACT_OR_NEAR_OPTIMAL
1869,Daniel Carlson,K,Alvin Kamara / Brian Robinson Jr. / Chris Olave / Drake London / Tyler Shough,48400,48000-48900,2-4,1,99.35,128.65,136.26,156.71,0.018,0,1,FORCED_CAPTAIN
2078,Devaughn Vele,WR,Brian Robinson Jr. / Chris Olave / Drake London / Falcons / Tyler Shough,49500,49500-49900,3-3,1,94.92,126.35,136.14,157.2,0.018,0,1,FORCED_CAPTAIN
2113,Devaughn Vele,WR,Drake London / Juwan Johnson / Michael Penix Jr. / Oscar Delp / Tyler Shough,48100,48000-48900,2-4,1,91.96,126.38,136.1,157.26,0.018,0,2,FORCED_CAPTAIN
2138,Drake London,WR,Alvin Kamara / Austin Hooper / Michael Penix Jr. / Saints / Tyler Shough,47600,<48000,3-3,1,91.64,124.16,133.67,149.99,0.018,0,1,EXACT_OR_NEAR_OPTIMAL
2228,Drake London,WR,Alvin Kamara / Daniel Carlson / Jahan Dotson / Juwan Johnson / Tyler Shough,46800,<48000,2-4,1,94.99,125.09,134.46,152.48,0.018,1,1,EXACT_OR_NEAR_OPTIMAL
2244,Drake London,WR,Alvin Kamara / Devaughn Vele / Falcons / Juwan Johnson / Michael Penix Jr.,49800,49500-49900,3-3,0,91.79,122.07,131.55,154.11,0.018,0,0,EXACT_OR_NEAR_OPTIMAL
2269,Drake London,WR,Alvin Kamara / Jahan Dotson / Kyle Pitts Sr. / Michael Penix Jr. / Tyler Shough,49400,49000-49400,4-2,1,90.67,124.56,133.73,155.15,0.018,0,1,EXACT_OR_NEAR_OPTIMAL
2314,Drake London,WR,Austin Hooper / Daniel Carlson / Devaughn Vele / Michael Penix Jr. / Tyler Shough,49000,49000-49400,3-3,1,91.06,124.05,135.5,155.91,0.018,1,1,EXACT_OR_NEAR_OPTIMAL
2401,Drake London,WR,Bryce Lance / Chris Olave / Daniel Carlson / Devaughn Vele / Michael Penix Jr.,49200,49000-49400,2-4,0,93.33,125.84,136.65,156.35,0.018,0,0,EXACT_OR_NEAR_OPTIMAL
2404,Drake London,WR,Bryce Lance / Chris Olave / Devaughn Vele / Kendre Miller / Tyler Shough,50000,50000,1-5,1,95.6,129.22,141.54,159.85,0.018,0,3,EXACT_OR_NEAR_OPTIMAL
2459,Drake London,WR,Chris Olave / Jahan Dotson / Nick Folk / Saints / Tyler Shough,48000,48000-48900,3-3,0,96.64,128.0,136.41,158.01,0.018,1,0,EXACT_OR_NEAR_OPTIMAL
2613,Falcons,DST,Bijan Robinson / Chris Olave / Drake London / Michael Penix Jr. / Zachariah Branch,49400,49000-49400,5-1,1,96.17,126.09,135.66,153.27,0.018,0,3,FORCED_CAPTAIN
2702,Jahan Dotson,WR,Bijan Robinson / Brian Robinson Jr. / Chris Olave / Drake London / Michael Penix Jr.,49900,49500-49900,5-1,1,97.8,128.63,138.92,158.22,0.018,0,3,FORCED_CAPTAIN
2847,Juwan Johnson,TE,Alvin Kamara / Daniel Carlson / Devaughn Vele / Drake London / Michael Penix Jr.,49700,49500-49900,2-4,0,92.87,122.3,131.53,151.95,0.018,0,0,EXACT_OR_NEAR_OPTIMAL
3561,Nick Folk,K,Alvin Kamara / Bijan Robinson / CJ Donaldson / Chris Olave / Tyler Shough,48700,48000-48900,2-4,1,100.13,128.56,138.63,155.77,0.018,0,1,FORCED_CAPTAIN
3572,Nick Folk,K,Alvin Kamara / Bijan Robinson / Chris Olave / Tyler Shough / Zachariah Branch,49700,49500-49900,3-3,1,100.35,128.67,138.66,156.36,0.018,0,1,FORCED_CAPTAIN
3661,Nick Folk,K,Bryce Lance / Chris Olave / Drake London / Michael Penix Jr. / Tyler Shough,49300,49000-49400,3-3,1,97.97,131.0,138.64,163.61,0.018,0,2,FORCED_CAPTAIN
3664,Nick Folk,K,Chris Olave / Daniel Carlson / Juwan Johnson / Michael Penix Jr. / Tyler Shough,49700,49500-49900,2-4,1,100.03,130.66,138.63,155.74,0.018,0,2,FORCED_CAPTAIN
3925,Oscar Delp,TE,Alvin Kamara / Bijan Robinson / Chris Olave / Devaughn Vele / Tyler Shough,47600,<48000,1-5,1,101.02,132.23,141.9,160.27,0.018,0,2,FORCED_CAPTAIN
4296,Treyton Welch,TE,Alvin Kamara / Bijan Robinson / Chris Olave / Drake London / Michael Penix Jr.,48900,48000-48900,3-3,1,101.14,131.81,141.18,160.27,0.018,0,2,FORCED_CAPTAIN
4302,Treyton Welch,TE,Alvin Kamara / Bijan Robinson / Chris Olave / Juwan Johnson / Tyler Shough,46900,<48000,1-5,1,104.43,135.81,145.9,165.48,0.018,0,3,FORCED_CAPTAIN
4547,Tyler Shough,QB,Alvin Kamara / Bijan Robinson / Bryce Lance / Michael Penix Jr. / Nick Folk,49400,49000-49400,3-3,1,99.26,128.76,139.39,153.62,0.018,1,1,EXACT_OR_NEAR_OPTIMAL
4578,Tyler Shough,QB,Alvin Kamara / Brian Robinson Jr. / Daniel Carlson / Drake London / Juwan Johnson,47400,<48000,2-4,1,96.78,126.95,136.36,155.62,0.018,0,1,EXACT_OR_NEAR_OPTIMAL
4793,Tyler Shough,QB,Brian Robinson Jr. / Daniel Carlson / Devaughn Vele / Drake London / Juwan Johnson,48200,48000-48900,2-4,1,94.14,126.73,135.18,157.44,0.018,0,1,EXACT_OR_NEAR_OPTIMAL
4794,Tyler Shough,QB,Brian Robinson Jr. / Daniel Carlson / Devaughn Vele / Drake London / Michael Penix Jr.,49800,49500-49900,3-3,1,93.3,124.02,134.69,153.96,0.018,0,1,EXACT_OR_NEAR_OPTIMAL
4873,Tyler Shough,QB,Devaughn Vele / Drake London / Juwan Johnson / Kyle Pitts Sr. / Saints,49600,49500-49900,2-4,1,92.55,124.2,134.62,153.6,0.018,3,1,EXACT_OR_NEAR_OPTIMAL
246,Austin Hooper,TE,Alvin Kamara / Chris Olave / Juwan Johnson / Michael Penix Jr. / Tyler Shough,48000,48000-48900,2-4,1,98.75,130.73,140.37,161.87,0.0175,0,2,EXACT_OR_NEAR_OPTIMAL
280,Austin Hooper,TE,Bijan Robinson / Chris Olave / Drake London / Jahan Dotson / Michael Penix Jr.,48800,48000-48900,5-1,1,96.56,128.86,139.09,158.65,0.0175,0,3,FORCED_CAPTAIN
463,Bijan Robinson,RB,Alvin Kamara / Austin Hooper / Devaughn Vele / Saints / Tyler Shough,49100,49000-49400,2-4,1,96.35,122.48,131.59,148.05,0.0175,1,2,EXACT_OR_NEAR_OPTIMAL
838,Brian Robinson Jr.,RB,Bijan Robinson / Chris Olave / Devaughn Vele / Falcons / Tyler Shough,49300,49000-49400,3-3,1,97.75,126.59,136.42,156.11,0.0175,0,1,FORCED_CAPTAIN
851,Brian Robinson Jr.,RB,Bijan Robinson / Chris Olave / Jahan Dotson / Juwan Johnson / Tyler Shough,48300,48000-48900,3-3,1,101.37,132.51,141.64,160.99,0.0175,0,2,FORCED_CAPTAIN
1706,Chris Olave,WR,Bijan Robinson / Kendre Miller / Olamide Zaccheaus / Saints / Tyler Shough,48800,48000-48900,2-4,1,99.69,130.44,143.47,161.19,0.0175,1,1,EXACT_OR_NEAR_OPTIMAL
1728,Chris Olave,WR,Brian Robinson Jr. / Falcons / Juwan Johnson / Nick Folk / Tyler Shough,46000,<48000,3-3,1,95.26,128.5,137.46,157.91,0.0175,0,1,EXACT_OR_NEAR_OPTIMAL
1778,Chris Olave,WR,Daniel Carlson / Jahan Dotson / Michael Penix Jr. / Nick Folk / Tyler Shough,48000,48000-48900,3-3,0,96.85,128.26,139.68,159.94,0.0175,0,0,EXACT_OR_NEAR_OPTIMAL
1979,Devaughn Vele,WR,Alvin Kamara / Bijan Robinson / Chris Olave / Juwan Johnson / Oscar Delp,49100,49000-49400,1-5,0,99.51,126.57,136.45,154.34,0.0175,0,1,FORCED_CAPTAIN
2088,Devaughn Vele,WR,Chris Olave / Daniel Carlson / Falcons / Juwan Johnson / Tyler Shough,47900,<48000,1-5,1,95.04,126.26,135.06,154.54,0.0175,0,2,FORCED_CAPTAIN
2104,Devaughn Vele,WR,Daniel Carlson / Drake London / Juwan Johnson / Nick Folk / Tyler Shough,48900,48000-48900,2-4,1,91.64,122.34,131.81,154.29,0.0175,0,1,EXACT_OR_NEAR_OPTIMAL
2231,Drake London,WR,Alvin Kamara / Daniel Carlson / Juwan Johnson / Kyle Pitts Sr. / Michael Penix Jr.,49000,49000-49400,3-3,1,88.9,119.18,129.92,149.69,0.0175,1,1,EXACT_OR_NEAR_OPTIMAL
2263,Drake London,WR,Alvin Kamara / Falcons / Kyle Pitts Sr. / Michael Penix Jr. / Tyler Shough,50000,50000,4-2,1,92.2,123.42,133.53,151.79,0.0175,1,2,EXACT_OR_NEAR_OPTIMAL
2274,Drake London,WR,Alvin Kamara / Juwan Johnson / Kendre Miller / Saints / Tyler Shough,48200,48000-48900,1-5,1,92.59,123.7,133.3,148.28,0.0175,1,2,EXACT_OR_NEAR_OPTIMAL
2500,Drake London,WR,Devaughn Vele / Falcons / Juwan Johnson / Nick Folk / Tyler Shough,48800,48000-48900,3-3,1,93.13,123.78,132.52,154.65,0.0175,0,1,EXACT_OR_NEAR_OPTIMAL
2532,Falcons,DST,Alvin Kamara / Bijan Robinson / Chris Olave / Jahan Dotson / Tyler Shough,47600,<48000,3-3,1,100.3,126.42,136.58,154.65,0.0175,0,1,FORCED_CAPTAIN
2538,Falcons,DST,Alvin Kamara / Bijan Robinson / Daniel Carlson / Drake London / Michael Penix Jr.,48000,48000-48900,4-2,1,92.03,118.23,126.58,141.58,0.0175,0,1,FORCED_CAPTAIN
2548,Falcons,DST,Alvin Kamara / Bijan Robinson / Drake London / Nick Folk / Tyler Shough,49200,49000-49400,4-2,0,98.43,122.98,130.2,144.77,0.0175,1,0,EXACT_OR_NEAR_OPTIMAL
2883,Juwan Johnson,TE,Alvin Kamara / Devaughn Vele / Michael Penix Jr. / Saints / Tyler Shough,48700,48000-48900,1-5,1,93.26,124.04,134.04,151.76,0.0175,1,2,EXACT_OR_NEAR_OPTIMAL
2918,Juwan Johnson,TE,Bijan Robinson / Brian Robinson Jr. / Chris Olave / Devaughn Vele / Falcons,48900,48000-48900,3-3,0,97.21,125.5,134.65,154.51,0.0175,1,0,EXACT_OR_NEAR_OPTIMAL
2949,Juwan Johnson,TE,Bijan Robinson / Daniel Carlson / Devaughn Vele / Michael Penix Jr. / Nick Folk,49900,49500-49900,3-3,0,93.09,121.17,129.88,149.74,0.0175,1,0,EXACT_OR_NEAR_OPTIMAL
3414,Michael Penix Jr.,QB,Alvin Kamara / Bijan Robinson / Drake London / Nick Folk / Olamide Zaccheaus,49700,49500-49900,5-1,1,92.96,123.5,133.6,150.2,0.0175,2,2,EXACT_OR_NEAR_OPTIMAL
3423,Michael Penix Jr.,QB,Alvin Kamara / Bryce Lance / Devaughn Vele / Drake London / Tyler Shough,49700,49500-49900,2-4,1,92.84,125.12,135.09,158.11,0.0175,0,1,FORCED_CAPTAIN
3547,Michael Penix Jr.,QB,Devaughn Vele / Drake London / Juwan Johnson / Oscar Delp / Tyler Shough,48700,48000-48900,2-4,1,94.11,128.62,138.78,159.34,0.0175,0,2,FORCED_CAPTAIN
3674,Nick Folk,K,Chris Olave / Drake London / Michael Penix Jr. / Olamide Zaccheaus / Tyler Shough,49500,49500-49900,4-2,1,97.69,130.18,139.31,161.59,0.0175,0,2,FORCED_CAPTAIN
3851,Olamide Zaccheaus,WR,Bijan Robinson / Chris Olave / Daniel Carlson / Michael Penix Jr. / Tyler Shough,49000,49000-49400,3-3,1,101.7,131.24,141.12,161.91,0.0175,0,2,FORCED_CAPTAIN
3960,Oscar Delp,TE,Alvin Kamara / Chris Olave / Drake London / Michael Penix Jr. / Tyler Shough,47000,<48000,2-4,1,99.32,131.91,141.43,163.39,0.0175,0,2,FORCED_CAPTAIN
4087,Saints,DST,Austin Hooper / Bijan Robinson / Chris Olave / Drake London / Juwan Johnson,49100,49000-49400,3-3,0,101.31,126.96,135.59,152.7,0.0175,1,1,EXACT_OR_NEAR_OPTIMAL
4157,Saints,DST,Chris Olave / Drake London / Jahan Dotson / Michael Penix Jr. / Tyler Shough,48700,48000-48900,3-3,1,97.36,128.23,138.28,157.12,0.0175,0,2,FORCED_CAPTAIN
4582,Tyler Shough,QB,Alvin Kamara / Brian Robinson Jr. / Drake London / Juwan Johnson / Nick Folk,48000,48000-48900,3-3,1,96.04,127.85,137.6,156.91,0.0175,0,1,EXACT_OR_NEAR_OPTIMAL
4728,Tyler Shough,QB,Bijan Robinson / Brian Robinson Jr. / Chris Olave / Kendre Miller / Saints,50000,50000,2-4,1,100.31,130.28,139.09,157.87,0.0175,1,2,EXACT_OR_NEAR_OPTIMAL
4798,Tyler Shough,QB,Brian Robinson Jr. / Devaughn Vele / Drake London / Juwan Johnson / Nick Folk,48800,48000-48900,3-3,1,93.4,126.89,135.68,157.69,0.0175,0,1,EXACT_OR_NEAR_OPTIMAL
103,Alvin Kamara,RB,Brian Robinson Jr. / Chris Olave / Drake London / Kendre Miller / Tyler Shough,49700,49500-49900,2-4,1,97.02,128.15,137.78,157.58,0.017,1,1,EXACT_OR_NEAR_OPTIMAL
255,Austin Hooper,TE,Bijan Robinson / Brian Robinson Jr. / Chris Olave / Michael Penix Jr. / Tyler Shough,49200,49000-49400,4-2,1,99.58,130.47,141.54,161.83,0.017,0,2,FORCED_CAPTAIN
265,Austin Hooper,TE,Bijan Robinson / Chris Olave / Daniel Carlson / Devaughn Vele / Tyler Shough,49000,49000-49400,2-4,1,99.23,128.66,138.7,158.1,0.017,0,1,FORCED_CAPTAIN
297,Austin Hooper,TE,Bijan Robinson / Chris Olave / Michael Penix Jr. / Saints / Tyler Shough,49600,49500-49900,3-3,1,101.48,130.74,141.43,161.68,0.017,0,2,FORCED_CAPTAIN
319,Austin Hooper,TE,Chris Olave / Devaughn Vele / Juwan Johnson / Michael Penix Jr. / Tyler Shough,48800,48000-48900,2-4,1,96.1,128.68,138.64,162.59,0.017,1,2,EXACT_OR_NEAR_OPTIMAL
619,Bijan Robinson,RB,Brian Robinson Jr. / Chris Olave / Falcons / Kendre Miller / Michael Penix Jr.,49900,49500-49900,4-2,1,94.03,122.69,131.53,152.81,0.017,1,2,EXACT_OR_NEAR_OPTIMAL
1099,CJ Donaldson,RB,Bijan Robinson / Chris Olave / Drake London / Nick Folk / Tyler Shough,49700,49500-49900,3-3,1,102.79,132.43,143.5,163.2,0.017,0,2,EXACT_OR_NEAR_OPTIMAL
1619,Chris Olave,WR,Barion Brown / Juwan Johnson / Michael Penix Jr. / Saints / Tyler Shough,47600,<48000,1-5,1,99.2,133.55,144.28,163.33,0.017,1,3,EXACT_OR_NEAR_OPTIMAL
1755,Chris Olave,WR,Daniel Carlson / Devaughn Vele / Kyle Pitts Sr. / Nick Folk / Tyler Shough,49600,49500-49900,2-4,1,93.59,126.34,136.8,156.58,0.017,0,1,EXACT_OR_NEAR_OPTIMAL
1776,Chris Olave,WR,Daniel Carlson / Falcons / Kyle Pitts Sr. / Michael Penix Jr. / Tyler Shough,49000,49000-49400,3-3,0,95.63,126.86,138.81,155.63,0.017,2,0,EXACT_OR_NEAR_OPTIMAL
1838,Daniel Carlson,K,Alvin Kamara / Austin Hooper / Bijan Robinson / Chris Olave / Michael Penix Jr.,48600,48000-48900,3-3,1,97.22,123.37,132.76,149.53,0.017,0,1,FORCED_CAPTAIN
1863,Daniel Carlson,K,Alvin Kamara / Bijan Robinson / Drake London / Kendre Miller / Michael Penix Jr.,50000,50000,3-3,1,91.67,118.68,127.55,145.15,0.017,0,2,FORCED_CAPTAIN
1933,Daniel Carlson,K,Bijan Robinson / Devaughn Vele / Drake London / Michael Penix Jr. / Saints,50000,50000,3-3,1,91.82,117.91,126.88,143.13,0.017,1,2,EXACT_OR_NEAR_OPTIMAL
2015,Devaughn Vele,WR,Alvin Kamara / Drake London / Falcons / Juwan Johnson / Tyler Shough,49300,49000-49400,2-4,1,94.43,123.57,134.77,154.83,0.017,0,1,EXACT_OR_NEAR_OPTIMAL
2135,Drake London,WR,Alvin Kamara / Austin Hooper / Juwan Johnson / Nick Folk / Tyler Shough,47200,<48000,3-3,1,93.81,125.35,135.14,154.44,0.017,0,1,EXACT_OR_NEAR_OPTIMAL
2562,Falcons,DST,Alvin Kamara / Chris Olave / Drake London / Nick Folk / Tyler Shough,48200,48000-48900,3-3,1,98.08,125.63,134.47,154.3,0.017,0,1,EXACT_OR_NEAR_OPTIMAL
2876,Juwan Johnson,TE,Alvin Kamara / Devaughn Vele / Drake London / Olamide Zaccheaus / Tyler Shough,47500,<48000,2-4,1,93.81,127.07,137.26,157.43,0.017,0,1,EXACT_OR_NEAR_OPTIMAL
3017,Juwan Johnson,TE,Daniel Carlson / Drake London / Falcons / Michael Penix Jr. / Tyler Shough,48100,48000-48900,3-3,0,96.26,126.73,135.39,157.32,0.017,0,1,EXACT_OR_NEAR_OPTIMAL
3019,Juwan Johnson,TE,Daniel Carlson / Drake London / Kendre Miller / Michael Penix Jr. / Tyler Shough,49500,49500-49900,2-4,1,94.4,126.61,136.14,155.34,0.017,0,2,EXACT_OR_NEAR_OPTIMAL
3456,Michael Penix Jr.,QB,Austin Hooper / Bijan Robinson / Chris Olave / Jahan Dotson / Juwan Johnson,49300,49000-49400,4-2,1,98.57,128.05,138.68,162.24,0.017,0,2,FORCED_CAPTAIN
3478,Michael Penix Jr.,QB,Bijan Robinson / Bryce Lance / Daniel Carlson / Devaughn Vele / Drake London,49700,49500-49900,3-3,1,91.33,122.0,132.06,149.26,0.017,0,1,FORCED_CAPTAIN
3526,Michael Penix Jr.,QB,Charlie Woerner / Chris Olave / Devaughn Vele / Juwan Johnson / Tyler Shough,49700,49500-49900,2-4,1,98.69,132.73,142.78,162.98,0.017,1,2,EXACT_OR_NEAR_OPTIMAL
3578,Nick Folk,K,Alvin Kamara / Bijan Robinson / Drake London / Falcons / Juwan Johnson,47900,<48000,4-2,0,93.26,118.31,126.96,140.34,0.017,0,0,FORCED_CAPTAIN
3866,Olamide Zaccheaus,WR,Bijan Robinson / Chris Olave / Drake London / Michael Penix Jr. / Nick Folk,50000,50000,5-1,1,98.52,128.82,138.66,156.41,0.017,0,4,FORCED_CAPTAIN
4040,Saints,DST,Alvin Kamara / Bijan Robinson / Brian Robinson Jr. / Chris Olave / Drake London,49700,49500-49900,3-3,0,99.82,123.77,132.06,149.58,0.017,0,0,FORCED_CAPTAIN
4073,Saints,DST,Alvin Kamara / Chris Olave / Drake London / Falcons / Tyler Shough,47300,<48000,2-4,1,97.22,123.36,132.77,151.84,0.017,0,1,FORCED_CAPTAIN
4084,Saints,DST,Alvin Kamara / Devaughn Vele / Drake London / Juwan Johnson / Tyler Shough,48100,48000-48900,1-5,1,93.13,122.57,131.43,147.37,0.017,0,2,EXACT_OR_NEAR_OPTIMAL
4660,Tyler Shough,QB,Alvin Kamara / Devaughn Vele / Drake London / Juwan Johnson / Kevin Austin Jr.,47400,<48000,1-5,1,95.29,129.25,140.3,161.23,0.017,0,2,EXACT_OR_NEAR_OPTIMAL
4883,Tyler Shough,QB,Drake London / Juwan Johnson / Kendre Miller / Michael Penix Jr. / Saints,50000,50000,2-4,1,95.48,127.94,136.91,156.21,0.017,1,3,EXACT_OR_NEAR_OPTIMAL
97,Alvin Kamara,RB,Brian Robinson Jr. / Chris Olave / Daniel Carlson / Drake London / Michael Penix Jr.,48900,48000-48900,3-3,1,94.75,123.72,132.53,149.18,0.0165,0,1,EXACT_OR_NEAR_OPTIMAL
124,Alvin Kamara,RB,Bryce Lance / Devaughn Vele / Drake London / Michael Penix Jr. / Tyler Shough,48700,48000-48900,2-4,1,92.0,123.14,132.71,155.28,0.0165,0,1,EXACT_OR_NEAR_OPTIMAL
282,Austin Hooper,TE,Bijan Robinson / Chris Olave / Drake London / Juwan Johnson / Nick Folk,49600,49500-49900,4-2,0,101.19,129.05,139.18,157.74,0.0165,0,1,FORCED_CAPTAIN
674,Bijan Robinson,RB,Chris Blair / Chris Olave / Daniel Carlson / Drake London / Kendre Miller,49300,49000-49400,3-3,0,97.2,126.61,135.73,153.09,0.0165,1,1,EXACT_OR_NEAR_OPTIMAL
747,Bijan Robinson,RB,Daniel Carlson / Falcons / Michael Penix Jr. / Saints / Tyler Shough,48900,48000-48900,3-3,0,97.57,121.21,130.02,145.75,0.0165,1,1,EXACT_OR_NEAR_OPTIMAL
753,Bijan Robinson,RB,Devaughn Vele / Drake London / Jahan Dotson / Michael Penix Jr. / Zachariah Branch,49900,49500-49900,5-1,1,90.21,121.41,130.95,153.21,0.0165,1,3,EXACT_OR_NEAR_OPTIMAL
951,Bryce Lance,WR,Bijan Robinson / Brian Robinson Jr. / Chris Olave / Drake London / Tyler Shough,48700,48000-48900,3-3,1,102.84,134.14,143.87,164.77,0.0165,0,2,FORCED_CAPTAIN
966,Bryce Lance,WR,Bijan Robinson / Chris Olave / Daniel Carlson / Michael Penix Jr. / Tyler Shough,48700,48000-48900,2-4,1,102.12,132.28,141.47,162.29,0.0165,0,2,FORCED_CAPTAIN
978,Bryce Lance,WR,Bijan Robinson / Chris Olave / Drake London / Kendre Miller / Tyler Shough,49900,49500-49900,2-4,1,101.94,132.58,143.78,163.8,0.0165,0,2,FORCED_CAPTAIN
1330,Chris Blair,WR,Bijan Robinson / Chris Olave / Devaughn Vele / Juwan Johnson / Tyler Shough,48900,48000-48900,2-4,1,101.55,133.91,144.44,165.75,0.0165,0,2,EXACT_OR_NEAR_OPTIMAL
1394,Chris Olave,WR,Alvin Kamara / Austin Hooper / Bryce Lance / Michael Penix Jr. / Tyler Shough,46400,<48000,2-4,1,96.29,130.57,141.14,160.74,0.0165,0,1,EXACT_OR_NEAR_OPTIMAL
1421,Chris Olave,WR,Alvin Kamara / Bijan Robinson / Chris Blair / Michael Penix Jr. / Saints,49200,49000-49400,3-3,1,100.2,128.96,138.34,158.44,0.0165,1,1,EXACT_OR_NEAR_OPTIMAL
1471,Chris Olave,WR,Alvin Kamara / Bryce Lance / Drake London / Kyle Pitts Sr. / Michael Penix Jr.,49800,49500-49900,3-3,1,95.32,128.01,139.34,158.62,0.0165,1,1,EXACT_OR_NEAR_OPTIMAL
1595,Chris Olave,WR,Austin Hooper / Daniel Carlson / Kyle Pitts Sr. / Michael Penix Jr. / Tyler Shough,48200,48000-48900,3-3,1,93.66,126.82,138.23,157.48,0.0165,0,1,EXACT_OR_NEAR_OPTIMAL
1798,Chris Olave,WR,Devaughn Vele / Kevin Austin Jr. / Michael Penix Jr. / Nick Folk / Tyler Shough,48800,48000-48900,2-4,1,95.93,130.38,141.46,165.11,0.0165,0,1,EXACT_OR_NEAR_OPTIMAL
1899,Daniel Carlson,K,Bijan Robinson / Brian Robinson Jr. / Juwan Johnson / Michael Penix Jr. / Tyler Shough,48800,48000-48900,3-3,1,97.53,125.27,134.74,148.99,0.0165,1,2,EXACT_OR_NEAR_OPTIMAL
2023,Devaughn Vele,WR,Austin Hooper / Bijan Robinson / Bryce Lance / Chris Olave / Tyler Shough,48500,48000-48900,2-4,1,97.01,129.37,140.25,158.55,0.0165,0,1,FORCED_CAPTAIN
2105,Devaughn Vele,WR,Daniel Carlson / Drake London / Juwan Johnson / Saints / Tyler Shough,47700,<48000,1-5,1,90.31,120.47,129.94,146.98,0.0165,1,2,EXACT_OR_NEAR_OPTIMAL
2203,Drake London,WR,Alvin Kamara / Chris Olave / Falcons / Michael Penix Jr. / Olamide Zaccheaus,47400,<48000,4-2,1,92.7,123.4,135.29,155.96,0.0165,0,1,EXACT_OR_NEAR_OPTIMAL
2397,Drake London,WR,Brian Robinson Jr. / Devaughn Vele / Juwan Johnson / Nick Folk / Tyler Shough,49000,49000-49400,3-3,1,92.18,124.04,134.56,151.21,0.0165,0,1,EXACT_OR_NEAR_OPTIMAL
2648,Falcons,DST,Chris Olave / Devaughn Vele / Drake London / Nick Folk / Tyler Shough,49000,49000-49400,3-3,1,95.44,124.37,133.98,153.71,0.0165,2,1,EXACT_OR_NEAR_OPTIMAL
2704,Jahan Dotson,WR,Bijan Robinson / Brian Robinson Jr. / Chris Olave / Michael Penix Jr. / Tyler Shough,49500,49500-49900,4-2,1,100.25,131.17,141.39,163.32,0.0165,0,2,FORCED_CAPTAIN
3425,Michael Penix Jr.,QB,Alvin Kamara / Charlie Woerner / Chris Olave / Drake London / Juwan Johnson,49300,49000-49400,3-3,1,98.88,130.7,140.16,158.48,0.0165,0,2,FORCED_CAPTAIN
3601,Nick Folk,K,Alvin Kamara / Chris Olave / Juwan Johnson / Saints / Tyler Shough,47100,<48000,1-5,1,96.31,126.22,135.15,150.97,0.0165,0,2,FORCED_CAPTAIN
3656,Nick Folk,K,Bijan Robinson / Falcons / Juwan Johnson / Michael Penix Jr. / Tyler Shough,49500,49500-49900,4-2,0,97.39,125.01,133.64,150.35,0.0165,0,1,FORCED_CAPTAIN
3748,Nick Muse,TE,Bijan Robinson / Chris Olave / Devaughn Vele / Juwan Johnson / Tyler Shough,47700,<48000,2-4,1,101.35,133.43,144.36,165.75,0.0165,0,2,FORCED_CAPTAIN
3950,Oscar Delp,TE,Alvin Kamara / Bijan Robinson / Drake London / Michael Penix Jr. / Tyler Shough,48000,48000-48900,3-3,1,99.67,131.36,140.09,156.03,0.0165,0,2,FORCED_CAPTAIN
4144,Saints,DST,Brian Robinson Jr. / Chris Olave / Drake London / Michael Penix Jr. / Tyler Shough,49500,49500-49900,3-3,1,97.93,128.33,137.61,158.31,0.0165,0,2,FORCED_CAPTAIN
4536,Tyler Shough,QB,Alvin Kamara / Austin Hooper / Devaughn Vele / Juwan Johnson / Michael Penix Jr.,48400,48000-48900,2-4,1,93.51,126.48,136.02,156.74,0.0165,1,1,EXACT_OR_NEAR_OPTIMAL
4719,Tyler Shough,QB,Austin Hooper / Drake London / Juwan Johnson / Kyle Pitts Sr. / Michael Penix Jr.,49400,49000-49400,4-2,1,93.96,128.91,137.95,158.18,0.0165,0,2,EXACT_OR_NEAR_OPTIMAL
4768,Tyler Shough,QB,Bijan Robinson / Daniel Carlson / Drake London / Jahan Dotson / Nick Folk,49400,49000-49400,4-2,0,100.27,127.45,136.67,150.8,0.0165,1,0,EXACT_OR_NEAR_OPTIMAL
4829,Tyler Shough,QB,Chris Olave / Devaughn Vele / Drake London / Kendre Miller / Oscar Delp,48400,48000-48900,1-5,1,95.6,131.0,141.35,161.84,0.0165,1,2,EXACT_OR_NEAR_OPTIMAL
4867,Tyler Shough,QB,Devaughn Vele / Drake London / Falcons / Juwan Johnson / Nick Folk,48600,48000-48900,3-3,1,94.36,125.41,135.81,155.05,0.0165,1,1,EXACT_OR_NEAR_OPTIMAL
137,Alvin Kamara,RB,Chris Olave / Daniel Carlson / Kendre Miller / Michael Penix Jr. / Tyler Shough,49700,49500-49900,1-5,1,96.3,125.45,134.54,150.56,0.016,0,2,EXACT_OR_NEAR_OPTIMAL
195,Alvin Kamara,RB,Devaughn Vele / Juwan Johnson / Michael Penix Jr. / Nick Folk / Tyler Shough,49700,49500-49900,2-4,1,93.34,122.43,131.8,150.53,0.016,0,1,EXACT_OR_NEAR_OPTIMAL
208,Alvin Kamara,RB,Drake London / Juwan Johnson / Nick Folk / Saints / Tyler Shough,47100,<48000,2-4,1,93.54,122.17,130.84,147.29,0.016,0,1,EXACT_OR_NEAR_OPTIMAL
221,Austin Hooper,TE,Alvin Kamara / Bijan Robinson / Chris Olave / Nick Folk / Tyler Shough,48800,48000-48900,3-3,1,101.14,129.39,140.12,157.38,0.016,0,1,FORCED_CAPTAIN
301,Austin Hooper,TE,Bijan Robinson / Daniel Carlson / Drake London / Michael Penix Jr. / Tyler Shough,49400,49000-49400,4-2,1,97.87,128.22,137.56,154.28,0.016,0,2,FORCED_CAPTAIN
526,Bijan Robinson,RB,Alvin Kamara / Daniel Carlson / Drake London / Kendre Miller / Saints,48700,48000-48900,2-4,0,91.59,116.02,123.97,138.93,0.016,1,1,EXACT_OR_NEAR_OPTIMAL
584,Bijan Robinson,RB,Austin Hooper / Chris Olave / Devaughn Vele / Kevin Austin Jr. / Michael Penix Jr.,48900,48000-48900,3-3,1,95.43,125.48,136.44,159.07,0.016,1,2,EXACT_OR_NEAR_OPTIMAL
591,Bijan Robinson,RB,Austin Hooper / Chris Olave / Falcons / Olamide Zaccheaus / Tyler Shough,46500,<48000,4-2,0,98.82,126.81,138.56,156.67,0.016,1,1,EXACT_OR_NEAR_OPTIMAL
628,Bijan Robinson,RB,Brian Robinson Jr. / Devaughn Vele / Michael Penix Jr. / Olamide Zaccheaus / Tyler Shough,49900,49500-49900,4-2,1,94.9,124.16,134.61,155.91,0.016,1,2,EXACT_OR_NEAR_OPTIMAL
651,Bijan Robinson,RB,Bryce Lance / Daniel Carlson / Drake London / Kyle Pitts Sr. / Tyler Shough,49700,49500-49900,3-3,0,97.91,125.83,135.37,150.56,0.016,1,1,EXACT_OR_NEAR_OPTIMAL
834,Brian Robinson Jr.,RB,Bijan Robinson / Chris Olave / Daniel Carlson / Juwan Johnson / Michael Penix Jr.,49500,49500-49900,3-3,1,98.76,126.37,134.35,152.99,0.016,1,2,EXACT_OR_NEAR_OPTIMAL
846,Brian Robinson Jr.,RB,Bijan Robinson / Chris Olave / Drake London / Oscar Delp / Tyler Shough,48300,48000-48900,3-3,1,102.59,132.82,143.29,162.48,0.016,0,2,FORCED_CAPTAIN
894,Brian Robinson Jr.,RB,Chris Olave / Drake London / Juwan Johnson / Nick Folk / Tyler Shough,48900,48000-48900,3-3,1,99.15,132.43,141.6,157.42,0.016,1,2,EXACT_OR_NEAR_OPTIMAL
1713,Chris Olave,WR,Brian Robinson Jr. / Daniel Carlson / Drake London / Kyle Pitts Sr. / Michael Penix Jr.,49600,49500-49900,4-2,1,92.22,124.7,135.59,153.48,0.016,0,1,EXACT_OR_NEAR_OPTIMAL
1841,Daniel Carlson,K,Alvin Kamara / Bijan Robinson / Brian Robinson Jr. / Chris Olave / Juwan Johnson,48000,48000-48900,2-4,0,99.07,123.89,132.0,148.99,0.016,0,0,FORCED_CAPTAIN
1872,Daniel Carlson,K,Alvin Kamara / Chris Olave / Devaughn Vele / Nick Folk / Tyler Shough,47800,<48000,1-5,1,93.59,122.27,130.56,146.41,0.016,0,2,FORCED_CAPTAIN
1900,Daniel Carlson,K,Bijan Robinson / Bryce Lance / Chris Olave / Devaughn Vele / Drake London,49400,49000-49400,2-4,0,98.31,125.3,134.03,151.85,0.016,0,0,FORCED_CAPTAIN
1944,Daniel Carlson,K,Bijan Robinson / Drake London / Michael Penix Jr. / Oscar Delp / Tyler Shough,48000,48000-48900,3-3,1,98.18,127.25,136.11,150.83,0.016,0,2,FORCED_CAPTAIN
2013,Devaughn Vele,WR,Alvin Kamara / Daniel Carlson / Juwan Johnson / Michael Penix Jr. / Tyler Shough,49500,49500-49900,1-5,1,92.75,122.21,131.42,151.47,0.016,0,2,FORCED_CAPTAIN
2025,Devaughn Vele,WR,Austin Hooper / Bijan Robinson / Chris Olave / Juwan Johnson / Nick Folk,49900,49500-49900,3-3,0,95.89,123.59,134.54,153.71,0.016,0,0,FORCED_CAPTAIN
2062,Devaughn Vele,WR,Bijan Robinson / Daniel Carlson / Jahan Dotson / Michael Penix Jr. / Tyler Shough,49900,49500-49900,3-3,1,93.02,121.51,132.58,149.76,0.016,1,1,EXACT_OR_NEAR_OPTIMAL
2242,Drake London,WR,Alvin Kamara / Daniel Carlson / Michael Penix Jr. / Oscar Delp / Tyler Shough,45800,<48000,2-4,1,91.53,122.41,132.78,151.63,0.016,0,1,EXACT_OR_NEAR_OPTIMAL
2245,Drake London,WR,Alvin Kamara / Devaughn Vele / Jahan Dotson / Juwan Johnson / Michael Penix Jr.,49200,49000-49400,3-3,1,90.27,122.84,133.29,154.14,0.016,0,1,EXACT_OR_NEAR_OPTIMAL
2256,Drake London,WR,Alvin Kamara / Devaughn Vele / Nick Folk / Saints / Tyler Shough,49000,49000-49400,2-4,1,91.57,121.61,130.68,146.65,0.016,1,1,EXACT_OR_NEAR_OPTIMAL
2565,Falcons,DST,Alvin Kamara / Chris Olave / Juwan Johnson / Michael Penix Jr. / Tyler Shough,49200,49000-49400,2-4,1,101.7,130.62,139.56,156.19,0.016,0,2,EXACT_OR_NEAR_OPTIMAL
2581,Falcons,DST,Bijan Robinson / Brian Robinson Jr. / Chris Olave / Devaughn Vele / Drake London,49600,49500-49900,4-2,0,95.77,123.1,131.51,147.94,0.016,0,0,FORCED_CAPTAIN
2632,Falcons,DST,Bijan Robinson / Devaughn Vele / Drake London / Nick Folk / Tyler Shough,50000,50000,4-2,0,95.78,120.6,129.5,144.35,0.016,2,1,EXACT_OR_NEAR_OPTIMAL
2703,Jahan Dotson,WR,Bijan Robinson / Brian Robinson Jr. / Chris Olave / Juwan Johnson / Tyler Shough,47900,<48000,3-3,1,101.09,132.5,141.0,162.35,0.016,0,2,FORCED_CAPTAIN
2712,Jahan Dotson,WR,Bijan Robinson / Chris Olave / Daniel Carlson / Devaughn Vele / Tyler Shough,49300,49000-49400,2-4,1,99.89,129.07,139.06,161.43,0.016,0,1,FORCED_CAPTAIN
2720,Jahan Dotson,WR,Bijan Robinson / Chris Olave / Devaughn Vele / Nick Folk / Tyler Shough,49900,49500-49900,3-3,1,99.16,130.11,140.13,159.15,0.016,0,1,FORCED_CAPTAIN
2730,Jahan Dotson,WR,Bijan Robinson / Chris Olave / Juwan Johnson / Kyle Pitts Sr. / Tyler Shough,49900,49500-49900,3-3,1,101.56,132.77,141.87,164.5,0.016,0,2,FORCED_CAPTAIN
2793,Juwan Johnson,TE,Alvin Kamara / Bijan Robinson / Daniel Carlson / Kyle Pitts Sr. / Michael Penix Jr.,49500,49500-49900,3-3,1,92.99,120.71,129.99,145.0,0.016,1,1,EXACT_OR_NEAR_OPTIMAL
2819,Juwan Johnson,TE,Alvin Kamara / Bryce Lance / Devaughn Vele / Drake London / Tyler Shough,47300,<48000,1-5,1,94.09,126.74,137.3,161.31,0.016,1,2,EXACT_OR_NEAR_OPTIMAL
2831,Juwan Johnson,TE,Alvin Kamara / Chris Olave / Drake London / Falcons / Nick Folk,47900,<48000,3-3,0,97.07,125.02,133.71,151.51,0.016,0,0,EXACT_OR_NEAR_OPTIMAL
3750,Nick Muse,TE,Bijan Robinson / Chris Olave / Devaughn Vele / Michael Penix Jr. / Tyler Shough,49300,49000-49400,3-3,1,100.51,132.45,143.52,164.29,0.016,0,2,FORCED_CAPTAIN
3861,Olamide Zaccheaus,WR,Bijan Robinson / Chris Olave / Drake London / Falcons / Tyler Shough,48800,48000-48900,4-2,0,103.38,131.66,141.36,164.05,0.016,0,1,FORCED_CAPTAIN
3878,Olamide Zaccheaus,WR,Bijan Robinson / Chris Olave / Kyle Pitts Sr. / Michael Penix Jr. / Tyler Shough,50000,50000,4-2,1,98.23,128.57,139.92,163.65,0.016,0,3,FORCED_CAPTAIN
4141,Saints,DST,Bijan Robinson / Drake London / Jahan Dotson / Michael Penix Jr. / Tyler Shough,49700,49500-49900,4-2,1,97.71,125.69,133.26,152.01,0.016,0,2,FORCED_CAPTAIN
4385,Treyton Welch,TE,Bijan Robinson / Drake London / Juwan Johnson / Michael Penix Jr. / Tyler Shough,48100,48000-48900,3-3,1,100.44,133.18,142.87,157.16,0.016,0,3,FORCED_CAPTAIN
4527,Tyler Shough,QB,Alvin Kamara / Austin Hooper / Brian Robinson Jr. / Chris Olave / Michael Penix Jr.,47800,<48000,3-3,1,96.64,129.43,138.86,160.11,0.016,0,1,EXACT_OR_NEAR_OPTIMAL
304,Austin Hooper,TE,Bijan Robinson / Devaughn Vele / Juwan Johnson / Michael Penix Jr. / Tyler Shough,49800,49500-49900,3-3,1,96.45,126.88,138.17,158.21,0.0155,1,2,EXACT_OR_NEAR_OPTIMAL
349,Barion Brown,WR,Alvin Kamara / Bijan Robinson / Chris Olave / Juwan Johnson / Tyler Shough,48400,48000-48900,1-5,1,104.27,135.54,145.71,164.98,0.0155,0,3,EXACT_OR_NEAR_OPTIMAL
669,Bijan Robinson,RB,Charlie Woerner / Devaughn Vele / Drake London / Jahan Dotson / Tyler Shough,48700,48000-48900,4-2,0,96.97,126.98,137.03,156.38,0.0155,1,1,EXACT_OR_NEAR_OPTIMAL
754,Bijan Robinson,RB,Devaughn Vele / Drake London / Juwan Johnson / Olamide Zaccheaus / Saints,49100,49000-49400,3-3,0,95.18,122.1,131.02,149.53,0.0155,1,1,EXACT_OR_NEAR_OPTIMAL
810,Brian Robinson Jr.,RB,Alvin Kamara / Chris Olave / Devaughn Vele / Juwan Johnson / Tyler Shough,48300,48000-48900,1-5,1,95.95,128.49,138.48,157.93,0.0155,0,2,FORCED_CAPTAIN
916,Bryce Lance,WR,Alvin Kamara / Bijan Robinson / Chris Olave / Nick Folk / Tyler Shough,47300,<48000,2-4,1,99.72,128.34,139.42,156.23,0.0155,0,1,FORCED_CAPTAIN
922,Bryce Lance,WR,Alvin Kamara / Bijan Robinson / Devaughn Vele / Drake London / Tyler Shough,48900,48000-48900,2-4,1,97.2,126.54,135.29,152.35,0.0155,0,1,FORCED_CAPTAIN
992,Bryce Lance,WR,Bijan Robinson / Chris Olave / Michael Penix Jr. / Nick Folk / Tyler Shough,49300,49000-49400,3-3,1,101.39,132.35,142.76,162.33,0.0155,0,2,FORCED_CAPTAIN
1429,Chris Olave,WR,Alvin Kamara / Bijan Robinson / Devaughn Vele / Olamide Zaccheaus / Saints,49000,49000-49400,2-4,0,98.16,125.34,136.34,153.03,0.0155,1,0,EXACT_OR_NEAR_OPTIMAL
1783,Chris Olave,WR,Devaughn Vele / Drake London / Falcons / Juwan Johnson / Saints,49200,49000-49400,2-4,0,97.85,127.22,136.1,155.64,0.0155,2,0,EXACT_OR_NEAR_OPTIMAL
1931,Daniel Carlson,K,Bijan Robinson / Devaughn Vele / Drake London / Jahan Dotson / Michael Penix Jr.,48800,48000-48900,4-2,1,89.36,118.29,126.99,143.54,0.0155,1,1,EXACT_OR_NEAR_OPTIMAL
1932,Daniel Carlson,K,Bijan Robinson / Devaughn Vele / Drake London / Juwan Johnson / Nick Folk,49600,49500-49900,3-3,0,93.98,119.95,127.79,147.12,0.0155,0,0,FORCED_CAPTAIN
2048,Devaughn Vele,WR,Bijan Robinson / Chris Olave / Daniel Carlson / Drake London / Kevin Austin Jr.,49900,49500-49900,2-4,0,97.57,125.56,135.06,152.8,0.0155,0,0,FORCED_CAPTAIN
2292,Drake London,WR,Austin Hooper / Bijan Robinson / Daniel Carlson / Kyle Pitts Sr. / Michael Penix Jr.,49200,49000-49400,5-1,1,88.73,120.51,132.46,147.39,0.0155,1,2,EXACT_OR_NEAR_OPTIMAL
2310,Drake London,WR,Austin Hooper / Chris Olave / Juwan Johnson / Kendre Miller / Michael Penix Jr.,50000,50000,3-3,1,94.56,129.02,138.53,156.35,0.0155,1,3,EXACT_OR_NEAR_OPTIMAL
2330,Drake London,WR,Bijan Robinson / Brian Robinson Jr. / Daniel Carlson / Jahan Dotson / Michael Penix Jr.,47400,<48000,5-1,1,88.69,119.09,131.14,145.8,0.0155,1,2,EXACT_OR_NEAR_OPTIMAL
2501,Drake London,WR,Devaughn Vele / Falcons / Juwan Johnson / Saints / Tyler Shough,47600,<48000,2-4,1,91.81,121.17,131.35,148.73,0.0155,0,1,EXACT_OR_NEAR_OPTIMAL
2510,Drake London,WR,Devaughn Vele / Michael Penix Jr. / Nick Folk / Olamide Zaccheaus / Tyler Shough,48800,48000-48900,4-2,1,89.11,121.77,132.94,157.45,0.0155,1,1,EXACT_OR_NEAR_OPTIMAL
2519,Drake London,WR,Juwan Johnson / Kyle Pitts Sr. / Michael Penix Jr. / Olamide Zaccheaus / Tyler Shough,48800,48000-48900,4-2,1,91.51,125.97,137.36,156.95,0.0155,0,2,EXACT_OR_NEAR_OPTIMAL
2727,Jahan Dotson,WR,Bijan Robinson / Chris Olave / Falcons / Juwan Johnson / Tyler Shough,47700,<48000,3-3,1,102.05,131.52,140.54,163.31,0.0155,0,2,FORCED_CAPTAIN
3426,Michael Penix Jr.,QB,Alvin Kamara / Charlie Woerner / Chris Olave / Juwan Johnson / Tyler Shough,48900,48000-48900,2-4,1,101.33,134.5,144.36,163.29,0.0155,0,2,FORCED_CAPTAIN
3441,Michael Penix Jr.,QB,Alvin Kamara / Daniel Carlson / Drake London / Saints / Tyler Shough,49100,49000-49400,2-4,0,94.27,122.76,131.95,147.61,0.0155,0,0,EXACT_OR_NEAR_OPTIMAL
3469,Michael Penix Jr.,QB,Austin Hooper / Chris Olave / Juwan Johnson / Nick Folk / Tyler Shough,49500,49500-49900,3-3,1,98.8,131.49,140.26,162.97,0.0155,0,2,FORCED_CAPTAIN
3474,Michael Penix Jr.,QB,Bijan Robinson / Brian Robinson Jr. / Drake London / Jahan Dotson / Juwan Johnson,49500,49500-49900,5-1,1,93.92,125.81,135.48,153.71,0.0155,0,3,FORCED_CAPTAIN
3477,Michael Penix Jr.,QB,Bijan Robinson / Bryce Lance / Chris Olave / Tyler Shough / Zachariah Branch,49900,49500-49900,3-3,1,100.57,132.68,144.77,165.99,0.0155,0,2,FORCED_CAPTAIN
3502,Michael Penix Jr.,QB,Bijan Robinson / Devaughn Vele / Drake London / Falcons / Jahan Dotson,49700,49500-49900,5-1,1,89.73,120.43,130.56,148.65,0.0155,1,2,EXACT_OR_NEAR_OPTIMAL
3579,Nick Folk,K,Alvin Kamara / Bijan Robinson / Drake London / Jahan Dotson / Tyler Shough,49500,49500-49900,4-2,0,98.03,124.34,133.11,148.3,0.0155,0,0,FORCED_CAPTAIN
3581,Nick Folk,K,Alvin Kamara / Bijan Robinson / Falcons / Juwan Johnson / Tyler Shough,47500,<48000,3-3,1,95.72,121.6,129.23,147.08,0.0155,0,1,FORCED_CAPTAIN
3583,Nick Folk,K,Alvin Kamara / Bijan Robinson / Juwan Johnson / Saints / Tyler Shough,48100,48000-48900,2-4,1,96.65,122.84,130.05,146.1,0.0155,0,1,FORCED_CAPTAIN
3588,Nick Folk,K,Alvin Kamara / Chris Olave / Daniel Carlson / Devaughn Vele / Tyler Shough,48100,48000-48900,1-5,1,93.22,122.61,130.62,147.27,0.0155,0,2,FORCED_CAPTAIN
3676,Nick Folk,K,Daniel Carlson / Drake London / Juwan Johnson / Michael Penix Jr. / Tyler Shough,48900,48000-48900,3-3,0,94.37,124.05,132.98,150.81,0.0155,0,1,FORCED_CAPTAIN
4031,Oscar Delp,TE,Chris Olave / Devaughn Vele / Drake London / Michael Penix Jr. / Tyler Shough,47800,<48000,2-4,1,96.68,130.42,140.66,164.42,0.0155,0,2,FORCED_CAPTAIN
4562,Tyler Shough,QB,Alvin Kamara / Bijan Robinson / Falcons / Juwan Johnson / Kendre Miller,49200,49000-49400,2-4,1,98.89,127.13,135.91,152.81,0.0155,1,1,EXACT_OR_NEAR_OPTIMAL
4594,Tyler Shough,QB,Alvin Kamara / Bryce Lance / Chris Olave / Michael Penix Jr. / Saints,47200,<48000,1-5,1,97.59,128.92,140.11,158.05,0.0155,1,2,EXACT_OR_NEAR_OPTIMAL
4880,Tyler Shough,QB,Drake London / Falcons / Juwan Johnson / Michael Penix Jr. / Saints,48600,48000-48900,3-3,0,97.34,126.98,137.5,154.72,0.0155,0,1,EXACT_OR_NEAR_OPTIMAL
171,Alvin Kamara,RB,Daniel Carlson / Devaughn Vele / Drake London / Juwan Johnson / Michael Penix Jr.,49500,49500-49900,2-4,0,91.62,119.77,128.49,148.36,0.015,0,0,EXACT_OR_NEAR_OPTIMAL
216,Austin Hooper,TE,Alvin Kamara / Bijan Robinson / Chris Olave / Daniel Carlson / Tyler Shough,48200,48000-48900,2-4,1,101.87,129.91,139.06,158.31,0.015,0,1,FORCED_CAPTAIN
222,Austin Hooper,TE,Alvin Kamara / Bijan Robinson / Chris Olave / Saints / Tyler Shough,47600,<48000,2-4,1,99.81,127.3,136.99,155.43,0.015,0,1,FORCED_CAPTAIN
292,Austin Hooper,TE,Bijan Robinson / Chris Olave / Juwan Johnson / Kyle Pitts Sr. / Tyler Shough,49600,49500-49900,3-3,1,100.9,132.48,141.61,163.72,0.015,0,2,FORCED_CAPTAIN
308,Austin Hooper,TE,Bijan Robinson / Drake London / Michael Penix Jr. / Nick Folk / Tyler Shough,50000,50000,5-1,1,97.14,127.84,137.81,153.94,0.015,1,4,EXACT_OR_NEAR_OPTIMAL
351,Barion Brown,WR,Alvin Kamara / Bijan Robinson / Chris Olave / Michael Penix Jr. / Tyler Shough,50000,50000,2-4,1,103.43,133.11,144.98,164.9,0.015,0,3,EXACT_OR_NEAR_OPTIMAL
624,Bijan Robinson,RB,Brian Robinson Jr. / Daniel Carlson / Devaughn Vele / Nick Folk / Tyler Shough,49100,49000-49400,3-3,0,93.63,120.13,128.31,148.19,0.015,1,1,EXACT_OR_NEAR_OPTIMAL
801,Brian Robinson Jr.,RB,Alvin Kamara / Bijan Robinson / Devaughn Vele / Juwan Johnson / Tyler Shough,49300,49000-49400,2-4,1,96.3,124.89,133.22,155.48,0.015,0,1,FORCED_CAPTAIN
826,Brian Robinson Jr.,RB,Austin Hooper / Bijan Robinson / Chris Olave / Michael Penix Jr. / Tyler Shough,49700,49500-49900,4-2,1,100.09,130.73,141.92,162.9,0.015,0,2,FORCED_CAPTAIN
1075,CJ Donaldson,RB,Bijan Robinson / Chris Olave / Daniel Carlson / Drake London / Tyler Shough,49100,49000-49400,2-4,1,103.52,133.55,142.49,164.73,0.015,0,2,EXACT_OR_NEAR_OPTIMAL
1678,Chris Olave,WR,Bijan Robinson / Devaughn Vele / Jahan Dotson / Michael Penix Jr. / Olamide Zaccheaus,49800,49500-49900,4-2,1,97.37,129.56,140.89,160.68,0.015,1,1,EXACT_OR_NEAR_OPTIMAL
1797,Chris Olave,WR,Devaughn Vele / Kevin Austin Jr. / Kyle Pitts Sr. / Michael Penix Jr. / Tyler Shough,49200,49000-49400,2-4,1,93.19,127.98,141.05,162.66,0.015,0,1,EXACT_OR_NEAR_OPTIMAL
2039,Devaughn Vele,WR,Bijan Robinson / Brian Robinson Jr. / Chris Olave / Kevin Austin Jr. / Tyler Shough,48500,48000-48900,2-4,1,96.07,128.23,139.12,158.5,0.015,0,1,FORCED_CAPTAIN
2220,Drake London,WR,Alvin Kamara / Daniel Carlson / Devaughn Vele / Michael Penix Jr. / Nick Folk,49000,49000-49400,3-3,0,86.5,116.07,125.58,147.85,0.015,1,0,EXACT_OR_NEAR_OPTIMAL
2436,Drake London,WR,Chris Olave / Daniel Carlson / Kendre Miller / Michael Penix Jr. / Saints,48800,48000-48900,2-4,0,89.9,119.67,130.68,148.21,0.015,0,0,EXACT_OR_NEAR_OPTIMAL
2477,Drake London,WR,Daniel Carlson / Devaughn Vele / Juwan Johnson / Michael Penix Jr. / Nick Folk,49400,49000-49400,3-3,0,89.0,119.59,128.9,152.9,0.015,0,0,EXACT_OR_NEAR_OPTIMAL
2597,Falcons,DST,Bijan Robinson / Chris Olave / Daniel Carlson / Drake London / Saints,47000,<48000,3-3,0,95.25,118.61,126.76,142.51,0.015,1,0,EXACT_OR_NEAR_OPTIMAL
2693,Jahan Dotson,WR,Austin Hooper / Bijan Robinson / Chris Olave / Drake London / Michael Penix Jr.,48900,48000-48900,5-1,1,96.79,128.58,138.72,159.3,0.015,0,3,FORCED_CAPTAIN
2769,Jahan Dotson,WR,Chris Olave / Drake London / Kyle Pitts Sr. / Michael Penix Jr. / Tyler Shough,49700,49500-49900,4-2,1,94.72,128.46,137.97,160.07,0.015,0,2,FORCED_CAPTAIN
2889,Juwan Johnson,TE,Alvin Kamara / Drake London / Kyle Pitts Sr. / Nick Folk / Tyler Shough,48900,48000-48900,3-3,1,93.38,124.22,134.22,154.98,0.015,0,1,EXACT_OR_NEAR_OPTIMAL
2912,Juwan Johnson,TE,Austin Hooper / Chris Olave / Jahan Dotson / Michael Penix Jr. / Tyler Shough,46300,<48000,3-3,1,95.43,129.16,138.73,161.27,0.015,0,2,EXACT_OR_NEAR_OPTIMAL
3160,Kevin Austin Jr.,WR,Alvin Kamara / Bijan Robinson / Chris Olave / Devaughn Vele / Tyler Shough,48200,48000-48900,1-5,1,99.94,131.01,141.52,160.17,0.015,0,2,FORCED_CAPTAIN
3481,Michael Penix Jr.,QB,Bijan Robinson / CJ Donaldson / Chris Olave / Daniel Carlson / Juwan Johnson,49700,49500-49900,2-4,0,99.96,128.68,138.31,157.45,0.015,0,1,FORCED_CAPTAIN
3485,Michael Penix Jr.,QB,Bijan Robinson / Charlie Woerner / Drake London / Jahan Dotson / Tyler Shough,48500,48000-48900,5-1,1,95.94,129.04,138.9,156.78,0.015,0,3,FORCED_CAPTAIN
3560,Nick Folk,K,Alvin Kamara / Bijan Robinson / Bryce Lance / Drake London / Tyler Shough,48300,48000-48900,3-3,1,96.64,122.72,131.88,147.87,0.015,0,1,FORCED_CAPTAIN
3672,Nick Folk,K,Chris Olave / Drake London / Juwan Johnson / Oscar Delp / Tyler Shough,46300,<48000,2-4,1,97.57,130.78,140.07,156.58,0.015,0,2,FORCED_CAPTAIN
3689,Nick Muse,TE,Alvin Kamara / Bijan Robinson / Chris Olave / Drake London / Michael Penix Jr.,48900,48000-48900,4-2,1,100.7,131.19,140.98,159.91,0.015,0,2,FORCED_CAPTAIN
3905,Olamide Zaccheaus,WR,Chris Olave / Devaughn Vele / Drake London / Juwan Johnson / Tyler Shough,48600,48000-48900,2-4,1,98.95,133.16,143.27,161.15,0.015,0,2,FORCED_CAPTAIN
4051,Saints,DST,Alvin Kamara / Bijan Robinson / Chris Olave / Juwan Johnson / Nick Folk,48700,48000-48900,2-4,0,99.2,122.09,130.72,146.34,0.015,1,0,EXACT_OR_NEAR_OPTIMAL
4052,Saints,DST,Alvin Kamara / Bijan Robinson / Chris Olave / Olamide Zaccheaus / Tyler Shough,47500,<48000,2-4,1,100.04,126.75,136.4,153.29,0.015,0,1,FORCED_CAPTAIN
4134,Saints,DST,Bijan Robinson / Devaughn Vele / Drake London / Falcons / Tyler Shough,49100,49000-49400,3-3,0,94.92,119.3,126.15,143.22,0.015,0,0,FORCED_CAPTAIN
4304,Treyton Welch,TE,Alvin Kamara / Bijan Robinson / Chris Olave / Michael Penix Jr. / Tyler Shough,48500,48000-48900,2-4,1,103.6,133.86,144.75,164.95,0.015,0,2,FORCED_CAPTAIN
4662,Tyler Shough,QB,Alvin Kamara / Devaughn Vele / Drake London / Juwan Johnson / Treyton Welch,46800,<48000,1-5,1,94.85,128.43,139.76,160.22,0.015,0,2,EXACT_OR_NEAR_OPTIMAL
4678,Tyler Shough,QB,Alvin Kamara / Drake London / Jahan Dotson / Juwan Johnson / Saints,46000,<48000,2-4,1,94.15,125.13,134.75,151.45,0.015,0,1,EXACT_OR_NEAR_OPTIMAL
65,Alvin Kamara,RB,Bijan Robinson / Daniel Carlson / Drake London / Treyton Welch / Tyler Shough,46900,<48000,2-4,1,97.89,125.25,133.7,147.12,0.0145,0,1,FORCED_CAPTAIN
68,Alvin Kamara,RB,Bijan Robinson / Daniel Carlson / Juwan Johnson / Michael Penix Jr. / Nick Folk,48900,48000-48900,3-3,0,94.48,119.66,128.04,144.24,0.0145,0,0,FORCED_CAPTAIN
143,Alvin Kamara,RB,Chris Olave / Devaughn Vele / Falcons / Nick Folk / Tyler Shough,47700,<48000,2-4,1,93.12,121.2,130.74,148.24,0.0145,1,1,EXACT_OR_NEAR_OPTIMAL
179,Alvin Kamara,RB,Daniel Carlson / Devaughn Vele / Juwan Johnson / Michael Penix Jr. / Tyler Shough,49100,49000-49400,1-5,1,94.07,122.34,132.1,149.85,0.0145,1,2,EXACT_OR_NEAR_OPTIMAL
328,Austin Hooper,TE,Chris Olave / Drake London / Michael Penix Jr. / Nick Folk / Tyler Shough,49000,49000-49400,4-2,1,96.79,130.33,139.17,161.3,0.0145,0,2,FORCED_CAPTAIN
415,Barion Brown,WR,Bijan Robinson / Chris Olave / Drake London / Nick Folk / Tyler Shough,49400,49000-49400,3-3,1,102.31,131.77,142.62,164.47,0.0145,0,2,EXACT_OR_NEAR_OPTIMAL
486,Bijan Robinson,RB,Alvin Kamara / Bryce Lance / Juwan Johnson / Michael Penix Jr. / Nick Folk,48300,48000-48900,3-3,0,94.75,123.82,131.46,149.96,0.0145,1,1,EXACT_OR_NEAR_OPTIMAL
718,Bijan Robinson,RB,Chris Olave / Falcons / Michael Penix Jr. / Nick Folk / Zachariah Branch,48900,48000-48900,5-1,1,94.24,122.5,132.31,151.38,0.0145,1,3,EXACT_OR_NEAR_OPTIMAL
825,Brian Robinson Jr.,RB,Austin Hooper / Bijan Robinson / Chris Olave / Juwan Johnson / Tyler Shough,48100,48000-48900,3-3,1,100.92,132.06,141.73,160.26,0.0145,0,2,FORCED_CAPTAIN
842,Brian Robinson Jr.,RB,Bijan Robinson / Chris Olave / Drake London / Juwan Johnson / Saints,49900,49500-49900,3-3,0,101.37,127.95,135.83,153.33,0.0145,0,1,FORCED_CAPTAIN
1481,Chris Olave,WR,Alvin Kamara / Charlie Woerner / Drake London / Michael Penix Jr. / Nick Folk,48200,48000-48900,4-2,1,95.75,126.83,137.68,159.93,0.0145,0,1,EXACT_OR_NEAR_OPTIMAL
1873,Daniel Carlson,K,Alvin Kamara / Chris Olave / Drake London / Kyle Pitts Sr. / Michael Penix Jr.,49800,49500-49900,3-3,1,92.7,121.23,131.87,146.99,0.0145,0,1,FORCED_CAPTAIN
1971,Devaughn Vele,WR,Alvin Kamara / Austin Hooper / Drake London / Juwan Johnson / Tyler Shough,48500,48000-48900,2-4,1,92.46,124.23,134.98,154.93,0.0145,0,1,EXACT_OR_NEAR_OPTIMAL
1997,Devaughn Vele,WR,Alvin Kamara / Bryce Lance / Drake London / Michael Penix Jr. / Tyler Shough,49100,49000-49400,2-4,1,90.68,122.32,132.12,152.85,0.0145,0,1,FORCED_CAPTAIN
2054,Devaughn Vele,WR,Bijan Robinson / Chris Olave / Kendre Miller / Kevin Austin Jr. / Tyler Shough,49700,49500-49900,1-5,1,95.17,126.82,137.3,156.28,0.0145,0,2,FORCED_CAPTAIN
2056,Devaughn Vele,WR,Bijan Robinson / Chris Olave / Kyle Pitts Sr. / Nick Muse / Tyler Shough,49900,49500-49900,3-3,1,95.82,128.57,140.4,160.06,0.0145,0,1,FORCED_CAPTAIN
2275,Drake London,WR,Alvin Kamara / Juwan Johnson / Kyle Pitts Sr. / Michael Penix Jr. / Nick Folk,49600,49500-49900,4-2,1,88.17,118.81,128.58,148.28,0.0145,1,1,EXACT_OR_NEAR_OPTIMAL
2278,Drake London,WR,Alvin Kamara / Juwan Johnson / Michael Penix Jr. / Nick Folk / Saints,48000,48000-48900,3-3,0,89.58,118.47,128.15,148.27,0.0145,0,0,EXACT_OR_NEAR_OPTIMAL
2445,Drake London,WR,Chris Olave / Devaughn Vele / Falcons / Juwan Johnson / Saints,48800,48000-48900,2-4,0,95.02,123.08,131.35,151.46,0.0145,0,0,EXACT_OR_NEAR_OPTIMAL
2483,Drake London,WR,Daniel Carlson / Devaughn Vele / Michael Penix Jr. / Olamide Zaccheaus / Tyler Shough,48200,48000-48900,3-3,1,89.84,122.13,133.25,154.87,0.0145,0,1,EXACT_OR_NEAR_OPTIMAL
2518,Drake London,WR,Juwan Johnson / Kevin Austin Jr. / Michael Penix Jr. / Nick Folk / Tyler Shough,47200,<48000,3-3,1,92.58,125.73,136.31,157.69,0.0145,0,2,EXACT_OR_NEAR_OPTIMAL
2706,Jahan Dotson,WR,Bijan Robinson / Bryce Lance / Chris Olave / Drake London / Tyler Shough,48500,48000-48900,3-3,1,102.97,134.15,143.38,165.92,0.0145,0,2,FORCED_CAPTAIN
2857,Juwan Johnson,TE,Alvin Kamara / Daniel Carlson / Drake London / Kyle Pitts Sr. / Tyler Shough,48300,48000-48900,2-4,1,94.11,123.63,135.05,155.92,0.0145,0,1,FORCED_CAPTAIN
2997,Juwan Johnson,TE,Chris Olave / Devaughn Vele / Drake London / Falcons / Nick Folk,48700,48000-48900,3-3,0,94.42,122.92,131.8,152.54,0.0145,0,0,EXACT_OR_NEAR_OPTIMAL
3468,Michael Penix Jr.,QB,Austin Hooper / Chris Olave / Juwan Johnson / Kyle Pitts Sr. / Tyler Shough,49900,49500-49900,3-3,1,96.06,128.93,139.21,164.06,0.0145,0,2,FORCED_CAPTAIN
3482,Michael Penix Jr.,QB,Bijan Robinson / CJ Donaldson / Drake London / Jahan Dotson / Tyler Shough,49300,49000-49400,4-2,1,96.07,129.25,138.85,156.91,0.0145,0,2,FORCED_CAPTAIN
3484,Michael Penix Jr.,QB,Bijan Robinson / Charlie Woerner / Chris Olave / Olamide Zaccheaus / Tyler Shough,48300,48000-48900,4-2,1,99.94,131.72,143.01,164.29,0.0145,0,2,FORCED_CAPTAIN
3541,Michael Penix Jr.,QB,Chris Olave / Jahan Dotson / Juwan Johnson / Nick Folk / Tyler Shough,49700,49500-49900,3-3,1,99.24,131.73,140.67,161.65,0.0145,0,2,FORCED_CAPTAIN
3663,Nick Folk,K,Chris Olave / Daniel Carlson / Drake London / Saints / Tyler Shough,47500,<48000,2-4,0,95.09,121.98,131.68,148.59,0.0145,0,0,EXACT_OR_NEAR_OPTIMAL
4093,Saints,DST,Austin Hooper / Chris Olave / Drake London / Michael Penix Jr. / Tyler Shough,48500,48000-48900,3-3,1,96.92,128.59,137.27,158.35,0.0145,0,2,FORCED_CAPTAIN
4115,Saints,DST,Bijan Robinson / Chris Olave / Devaughn Vele / Jahan Dotson / Tyler Shough,49300,49000-49400,2-4,1,99.06,127.96,136.98,156.37,0.0145,0,1,FORCED_CAPTAIN
4533,Tyler Shough,QB,Alvin Kamara / Austin Hooper / Chris Olave / Jahan Dotson / Michael Penix Jr.,47000,<48000,3-3,1,96.08,129.81,139.6,161.1,0.0145,0,1,FORCED_CAPTAIN
4600,Tyler Shough,QB,Alvin Kamara / Bryce Lance / Drake London / Juwan Johnson / Saints,44800,<48000,1-5,1,92.76,124.31,134.34,153.37,0.0145,0,2,EXACT_OR_NEAR_OPTIMAL
4640,Tyler Shough,QB,Alvin Kamara / Chris Olave / Kyle Pitts Sr. / Michael Penix Jr. / Olamide Zaccheaus,49000,49000-49400,3-3,1,95.89,129.6,139.76,160.59,0.0145,1,1,EXACT_OR_NEAR_OPTIMAL
4852,Tyler Shough,QB,Daniel Carlson / Devaughn Vele / Drake London / Jahan Dotson / Michael Penix Jr.,49000,49000-49400,3-3,1,92.73,124.48,135.05,154.15,0.0145,0,1,EXACT_OR_NEAR_OPTIMAL
108,Alvin Kamara,RB,Brian Robinson Jr. / Chris Olave / Michael Penix Jr. / Nick Folk / Tyler Shough,49100,49000-49400,3-3,1,96.47,125.94,135.01,156.28,0.014,1,1,EXACT_OR_NEAR_OPTIMAL
213,Austin Hooper,TE,Alvin Kamara / Bijan Robinson / Chris Olave / Daniel Carlson / Drake London,48600,48000-48900,3-3,0,99.41,126.11,135.34,153.83,0.014,0,0,FORCED_CAPTAIN
218,Austin Hooper,TE,Alvin Kamara / Bijan Robinson / Chris Olave / Drake London / Nick Folk,49200,49000-49400,4-2,0,98.68,124.86,133.71,153.09,0.014,0,0,FORCED_CAPTAIN
291,Austin Hooper,TE,Bijan Robinson / Chris Olave / Jahan Dotson / Michael Penix Jr. / Tyler Shough,48400,48000-48900,4-2,1,99.02,130.51,141.22,163.72,0.014,0,2,FORCED_CAPTAIN
394,Barion Brown,WR,Bijan Robinson / Chris Olave / Daniel Carlson / Drake London / Tyler Shough,48800,48000-48900,2-4,1,103.05,132.79,142.45,164.73,0.014,0,2,EXACT_OR_NEAR_OPTIMAL
436,Barion Brown,WR,Bijan Robinson / Drake London / Juwan Johnson / Michael Penix Jr. / Tyler Shough,49600,49500-49900,3-3,1,100.27,132.77,142.46,155.54,0.014,0,3,EXACT_OR_NEAR_OPTIMAL
761,Bijan Robinson,RB,Drake London / Falcons / Jahan Dotson / Michael Penix Jr. / Saints,47500,<48000,5-1,1,90.6,118.71,128.42,145.45,0.014,1,3,EXACT_OR_NEAR_OPTIMAL
934,Bryce Lance,WR,Alvin Kamara / Chris Olave / Devaughn Vele / Drake London / Tyler Shough,47900,<48000,1-5,1,96.86,129.48,139.45,162.87,0.014,0,2,FORCED_CAPTAIN
1367,Chris Blair,WR,Bijan Robinson / Drake London / Juwan Johnson / Michael Penix Jr. / Tyler Shough,49300,49000-49400,4-2,1,100.2,132.91,142.29,156.01,0.014,0,3,EXACT_OR_NEAR_OPTIMAL
1513,Chris Olave,WR,Alvin Kamara / Devaughn Vele / Kyle Pitts Sr. / Olamide Zaccheaus / Tyler Shough,48400,48000-48900,2-4,1,93.19,127.16,138.94,158.79,0.014,0,1,EXACT_OR_NEAR_OPTIMAL
1765,Chris Olave,WR,Daniel Carlson / Drake London / Juwan Johnson / Kyle Pitts Sr. / Nick Folk,49600,49500-49900,3-3,0,96.28,126.89,135.43,152.05,0.014,1,0,EXACT_OR_NEAR_OPTIMAL
1910,Daniel Carlson,K,Bijan Robinson / Chris Olave / Devaughn Vele / Jahan Dotson / Michael Penix Jr.,49600,49500-49900,3-3,1,95.02,122.31,132.32,149.66,0.014,1,1,EXACT_OR_NEAR_OPTIMAL
1963,Daniel Carlson,K,Chris Olave / Juwan Johnson / Michael Penix Jr. / Saints / Tyler Shough,48200,48000-48900,1-5,1,99.07,128.2,136.43,149.91,0.014,0,3,FORCED_CAPTAIN
1978,Devaughn Vele,WR,Alvin Kamara / Bijan Robinson / Chris Olave / Juwan Johnson / Kevin Austin Jr.,49500,49500-49900,1-5,0,98.79,125.69,135.86,155.65,0.014,0,1,FORCED_CAPTAIN
1980,Devaughn Vele,WR,Alvin Kamara / Bijan Robinson / Daniel Carlson / Drake London / Saints,49500,49500-49900,2-4,0,91.36,114.82,124.35,138.28,0.014,0,0,FORCED_CAPTAIN
2022,Devaughn Vele,WR,Austin Hooper / Bijan Robinson / Brian Robinson Jr. / Drake London / Tyler Shough,49700,49500-49900,4-2,0,93.3,122.46,132.03,151.45,0.014,0,0,FORCED_CAPTAIN
2027,Devaughn Vele,WR,Austin Hooper / Bijan Robinson / Daniel Carlson / Michael Penix Jr. / Tyler Shough,49700,49500-49900,3-3,1,92.58,120.82,130.71,150.22,0.014,1,1,EXACT_OR_NEAR_OPTIMAL
2041,Devaughn Vele,WR,Bijan Robinson / Brian Robinson Jr. / Daniel Carlson / Juwan Johnson / Tyler Shough,49100,49000-49400,2-4,1,94.42,123.88,132.28,153.86,0.014,0,1,FORCED_CAPTAIN
2065,Devaughn Vele,WR,Bijan Robinson / Drake London / Falcons / Juwan Johnson / Nick Folk,49900,49500-49900,4-2,0,92.2,118.18,127.94,144.42,0.014,0,0,FORCED_CAPTAIN
2106,Devaughn Vele,WR,Daniel Carlson / Drake London / Michael Penix Jr. / Saints / Tyler Shough,49300,49000-49400,2-4,0,89.47,119.19,127.79,148.81,0.014,1,0,EXACT_OR_NEAR_OPTIMAL
2131,Drake London,WR,Alvin Kamara / Austin Hooper / Devaughn Vele / Juwan Johnson / Michael Penix Jr.,49000,49000-49400,3-3,1,89.83,122.66,132.35,152.34,0.014,0,1,EXACT_OR_NEAR_OPTIMAL
2413,Drake London,WR,Bryce Lance / Juwan Johnson / Kyle Pitts Sr. / Michael Penix Jr. / Tyler Shough,48600,48000-48900,3-3,1,91.79,126.26,136.52,157.57,0.014,0,2,EXACT_OR_NEAR_OPTIMAL
2425,Drake London,WR,Chris Olave / Daniel Carlson / Falcons / Juwan Johnson / Nick Folk,47000,<48000,3-3,0,93.93,121.49,130.67,148.72,0.014,0,0,EXACT_OR_NEAR_OPTIMAL
2530,Falcons,DST,Alvin Kamara / Bijan Robinson / Chris Olave / Drake London / Kendre Miller,50000,50000,3-3,0,97.51,122.86,130.47,148.03,0.014,0,1,FORCED_CAPTAIN
2624,Falcons,DST,Bijan Robinson / Daniel Carlson / Devaughn Vele / Drake London / Tyler Shough,49400,49000-49400,3-3,0,96.52,120.11,128.77,146.11,0.014,0,0,FORCED_CAPTAIN
2658,Jahan Dotson,WR,Alvin Kamara / Bijan Robinson / Chris Olave / Daniel Carlson / Drake London,48900,48000-48900,3-3,0,100.08,125.89,135.33,152.16,0.014,0,0,FORCED_CAPTAIN
2696,Jahan Dotson,WR,Austin Hooper / Bijan Robinson / Chris Olave / Michael Penix Jr. / Tyler Shough,48500,48000-48900,4-2,1,99.24,130.72,140.9,162.15,0.014,0,2,FORCED_CAPTAIN
2764,Jahan Dotson,WR,Chris Olave / Devaughn Vele / Juwan Johnson / Michael Penix Jr. / Tyler Shough,49100,49000-49400,2-4,1,96.77,129.75,139.18,160.05,0.014,0,2,FORCED_CAPTAIN
2886,Juwan Johnson,TE,Alvin Kamara / Drake London / Falcons / Nick Folk / Tyler Shough,46700,<48000,3-3,1,93.86,122.51,133.54,152.13,0.014,0,1,EXACT_OR_NEAR_OPTIMAL
2887,Juwan Johnson,TE,Alvin Kamara / Drake London / Falcons / Saints / Tyler Shough,45500,<48000,2-4,1,92.53,120.77,131.01,148.72,0.014,0,1,EXACT_OR_NEAR_OPTIMAL
3209,Kevin Austin Jr.,WR,Bijan Robinson / Chris Olave / Daniel Carlson / Drake London / Tyler Shough,48200,48000-48900,2-4,1,103.87,133.6,143.31,165.63,0.014,0,2,FORCED_CAPTAIN
3475,Michael Penix Jr.,QB,Bijan Robinson / Brian Robinson Jr. / Falcons / Juwan Johnson / Tyler Shough,49700,49500-49900,4-2,1,97.89,126.67,135.78,152.0,0.014,0,2,FORCED_CAPTAIN
3491,Michael Penix Jr.,QB,Bijan Robinson / Chris Olave / Drake London / Nick Muse / Zachariah Branch,48700,48000-48900,5-1,1,95.44,128.34,139.15,158.66,0.014,0,3,FORCED_CAPTAIN
3510,Michael Penix Jr.,QB,Bijan Robinson / Falcons / Jahan Dotson / Juwan Johnson / Tyler Shough,48900,48000-48900,4-2,1,97.33,126.57,136.51,152.77,0.014,0,2,FORCED_CAPTAIN
3535,Michael Penix Jr.,QB,Chris Olave / Drake London / Falcons / Juwan Johnson / Saints,49500,49500-49900,3-3,0,96.99,125.65,136.25,151.28,0.014,0,1,FORCED_CAPTAIN
3554,Nick Folk,K,Alvin Kamara / Austin Hooper / Chris Olave / Drake London / Tyler Shough,48300,48000-48900,3-3,1,97.24,127.03,137.22,156.72,0.014,0,1,FORCED_CAPTAIN
4103,Saints,DST,Bijan Robinson / CJ Donaldson / Chris Olave / Juwan Johnson / Tyler Shough,47300,<48000,1-5,1,100.64,129.79,138.57,156.53,0.014,0,3,FORCED_CAPTAIN
4107,Saints,DST,Bijan Robinson / Chris Olave / Daniel Carlson / Drake London / Falcons,47300,<48000,3-3,0,95.72,118.52,126.35,141.67,0.014,0,0,FORCED_CAPTAIN
4145,Saints,DST,Bryce Lance / Chris Olave / Drake London / Juwan Johnson / Tyler Shough,45900,<48000,1-5,1,96.81,128.86,136.26,156.67,0.014,0,3,FORCED_CAPTAIN
4347,Treyton Welch,TE,Bijan Robinson / Chris Olave / Devaughn Vele / Drake London / Michael Penix Jr.,49700,49500-49900,3-3,1,98.5,130.15,140.13,158.41,0.014,0,2,FORCED_CAPTAIN
4584,Tyler Shough,QB,Alvin Kamara / Brian Robinson Jr. / Drake London / Kyle Pitts Sr. / Michael Penix Jr.,50000,50000,4-2,1,92.46,124.28,132.9,153.87,0.014,0,2,EXACT_OR_NEAR_OPTIMAL
4667,Tyler Shough,QB,Alvin Kamara / Devaughn Vele / Falcons / Juwan Johnson / Michael Penix Jr.,49200,49000-49400,2-4,1,95.47,125.31,134.97,155.57,0.014,0,1,EXACT_OR_NEAR_OPTIMAL
4738,Tyler Shough,QB,Bijan Robinson / Bryce Lance / Devaughn Vele / Juwan Johnson / Kyle Pitts Sr.,49000,49000-49400,2-4,1,94.71,126.56,137.57,157.22,0.014,1,1,EXACT_OR_NEAR_OPTIMAL
21,Alvin Kamara,RB,Bijan Robinson / Brian Robinson Jr. / Drake London / Falcons / Michael Penix Jr.,48700,48000-48900,5-1,1,92.1,119.12,128.4,145.08,0.0135,0,2,FORCED_CAPTAIN
165,Alvin Kamara,RB,Chris Olave / Jahan Dotson / Michael Penix Jr. / Nick Folk / Tyler Shough,48300,48000-48900,3-3,1,95.91,125.67,134.93,153.84,0.0135,0,1,EXACT_OR_NEAR_OPTIMAL
267,Austin Hooper,TE,Bijan Robinson / Chris Olave / Daniel Carlson / Juwan Johnson / Michael Penix Jr.,48000,48000-48900,3-3,1,97.24,125.33,134.63,154.74,0.0135,1,2,EXACT_OR_NEAR_OPTIMAL
652,Bijan Robinson,RB,Bryce Lance / Daniel Carlson / Michael Penix Jr. / Nick Folk / Tyler Shough,48300,48000-48900,3-3,0,95.98,122.58,133.05,148.12,0.0135,1,1,EXACT_OR_NEAR_OPTIMAL
717,Bijan Robinson,RB,Chris Olave / Falcons / Kyle Pitts Sr. / Michael Penix Jr. / Zachariah Branch,49300,49000-49400,5-1,1,91.5,120.5,130.24,153.88,0.0135,1,3,EXACT_OR_NEAR_OPTIMAL
760,Bijan Robinson,RB,Drake London / Falcons / Jahan Dotson / Juwan Johnson / Nick Folk,47100,<48000,5-1,0,92.76,120.67,128.0,145.52,0.0135,1,2,EXACT_OR_NEAR_OPTIMAL
813,Brian Robinson Jr.,RB,Alvin Kamara / Chris Olave / Drake London / Juwan Johnson / Michael Penix Jr.,49900,49500-49900,3-3,1,97.8,127.55,135.75,156.26,0.0135,0,2,FORCED_CAPTAIN
971,Bryce Lance,WR,Bijan Robinson / Chris Olave / Devaughn Vele / Nick Folk / Tyler Shough,48100,48000-48900,2-4,1,97.08,128.24,137.83,158.74,0.0135,0,1,FORCED_CAPTAIN
990,Bryce Lance,WR,Bijan Robinson / Chris Olave / Juwan Johnson / Saints / Tyler Shough,46500,<48000,1-5,1,100.9,131.26,140.77,160.05,0.0135,0,3,FORCED_CAPTAIN
1273,Chris Blair,WR,Alvin Kamara / Bijan Robinson / Chris Olave / Juwan Johnson / Tyler Shough,48100,48000-48900,2-4,1,104.19,135.53,145.54,164.98,0.0135,0,2,EXACT_OR_NEAR_OPTIMAL
1276,Chris Blair,WR,Alvin Kamara / Bijan Robinson / Chris Olave / Michael Penix Jr. / Tyler Shough,49700,49500-49900,3-3,1,103.36,133.19,144.54,164.95,0.0135,0,2,EXACT_OR_NEAR_OPTIMAL
1409,Chris Olave,WR,Alvin Kamara / Bijan Robinson / Brian Robinson Jr. / Devaughn Vele / Jahan Dotson,49600,49500-49900,3-3,0,97.93,127.53,137.93,157.56,0.0135,1,0,EXACT_OR_NEAR_OPTIMAL
1802,Chris Olave,WR,Drake London / Falcons / Jahan Dotson / Michael Penix Jr. / Nick Folk,47200,<48000,5-1,1,91.4,121.74,132.05,154.62,0.0135,0,2,EXACT_OR_NEAR_OPTIMAL
1941,Daniel Carlson,K,Bijan Robinson / Drake London / Juwan Johnson / Michael Penix Jr. / Olamide Zaccheaus,47400,<48000,4-2,1,92.84,121.79,130.45,148.33,0.0135,0,2,FORCED_CAPTAIN
2005,Devaughn Vele,WR,Alvin Kamara / Chris Olave / Falcons / Nick Folk / Tyler Shough,48100,48000-48900,2-4,1,91.8,121.35,130.56,149.75,0.0135,0,1,FORCED_CAPTAIN
2031,Devaughn Vele,WR,Austin Hooper / Chris Olave / Daniel Carlson / Michael Penix Jr. / Tyler Shough,48700,48000-48900,2-4,1,92.23,124.32,133.29,153.1,0.0135,0,1,EXACT_OR_NEAR_OPTIMAL
2079,Devaughn Vele,WR,Brian Robinson Jr. / Chris Olave / Drake London / Jahan Dotson / Tyler Shough,48900,48000-48900,3-3,1,93.4,126.63,137.04,154.73,0.0135,0,1,FORCED_CAPTAIN
2547,Falcons,DST,Alvin Kamara / Bijan Robinson / Drake London / Michael Penix Jr. / Saints,47400,<48000,4-2,1,89.97,115.0,123.43,136.73,0.0135,1,1,EXACT_OR_NEAR_OPTIMAL
2591,Falcons,DST,Bijan Robinson / Bryce Lance / Chris Olave / Michael Penix Jr. / Tyler Shough,48400,48000-48900,3-3,1,100.58,128.54,139.93,158.59,0.0135,0,2,FORCED_CAPTAIN
2636,Falcons,DST,Bijan Robinson / Drake London / Juwan Johnson / Michael Penix Jr. / Saints,47800,<48000,4-2,1,92.47,119.07,126.72,141.96,0.0135,1,2,EXACT_OR_NEAR_OPTIMAL
2643,Falcons,DST,Chris Olave / Daniel Carlson / Devaughn Vele / Drake London / Tyler Shough,48400,48000-48900,2-4,1,96.17,124.42,133.57,150.96,0.0135,0,1,FORCED_CAPTAIN
2958,Juwan Johnson,TE,Bijan Robinson / Devaughn Vele / Drake London / Falcons / Saints,48500,48000-48900,3-3,0,93.44,119.28,129.42,146.03,0.0135,1,0,EXACT_OR_NEAR_OPTIMAL
3404,Michael Penix Jr.,QB,Alvin Kamara / Bijan Robinson / Bryce Lance / Drake London / Kyle Pitts Sr.,49900,49500-49900,4-2,1,90.5,122.37,132.37,150.56,0.0135,1,1,EXACT_OR_NEAR_OPTIMAL
3419,Michael Penix Jr.,QB,Alvin Kamara / Bryce Lance / Chris Olave / Daniel Carlson / Drake London,47900,<48000,2-4,0,93.63,123.74,132.89,152.83,0.0135,0,0,EXACT_OR_NEAR_OPTIMAL
3486,Michael Penix Jr.,QB,Bijan Robinson / Chris Olave / Daniel Carlson / Jahan Dotson / Kyle Pitts Sr.,49700,49500-49900,4-2,1,92.49,121.57,131.18,154.27,0.0135,0,1,FORCED_CAPTAIN
3498,Michael Penix Jr.,QB,Bijan Robinson / Daniel Carlson / Drake London / Nick Folk / Saints,49700,49500-49900,4-2,1,92.03,119.03,126.89,148.36,0.0135,0,1,FORCED_CAPTAIN
3516,Michael Penix Jr.,QB,Brian Robinson Jr. / Daniel Carlson / Drake London / Juwan Johnson / Tyler Shough,49100,49000-49400,3-3,1,94.88,126.27,136.3,154.05,0.0135,0,2,EXACT_OR_NEAR_OPTIMAL
3528,Michael Penix Jr.,QB,Chris Olave / Daniel Carlson / Devaughn Vele / Drake London / Jahan Dotson,49900,49500-49900,3-3,1,92.38,123.36,133.71,153.24,0.0135,0,1,EXACT_OR_NEAR_OPTIMAL
3533,Michael Penix Jr.,QB,Chris Olave / Devaughn Vele / Drake London / Juwan Johnson / Oscar Delp,49900,49500-49900,2-4,0,97.32,129.77,140.25,160.74,0.0135,0,1,FORCED_CAPTAIN
3542,Michael Penix Jr.,QB,Chris Olave / Jahan Dotson / Juwan Johnson / Saints / Tyler Shough,48500,48000-48900,2-4,1,97.92,129.32,137.81,155.48,0.0135,0,2,FORCED_CAPTAIN
3545,Michael Penix Jr.,QB,Daniel Carlson / Devaughn Vele / Drake London / Saints / Tyler Shough,49900,49500-49900,2-4,0,91.63,121.04,130.53,148.98,0.0135,0,0,EXACT_OR_NEAR_OPTIMAL
3597,Nick Folk,K,Alvin Kamara / Chris Olave / Falcons / Juwan Johnson / Tyler Shough,46500,<48000,2-4,1,95.37,124.68,134.12,151.32,0.0135,0,1,FORCED_CAPTAIN
3667,Nick Folk,K,Chris Olave / Drake London / Falcons / Juwan Johnson / Michael Penix Jr.,48900,48000-48900,4-2,0,94.59,122.88,131.27,148.58,0.0135,0,1,FORCED_CAPTAIN
3745,Nick Muse,TE,Bijan Robinson / Chris Olave / Devaughn Vele / Drake London / Michael Penix Jr.,49700,49500-49900,4-2,1,98.06,129.6,139.74,158.35,0.0135,0,2,FORCED_CAPTAIN
4151,Saints,DST,Chris Olave / Devaughn Vele / Drake London / Falcons / Tyler Shough,48100,48000-48900,2-4,1,94.58,123.03,131.38,150.71,0.0135,0,1,FORCED_CAPTAIN
4601,Tyler Shough,QB,Alvin Kamara / Bryce Lance / Drake London / Michael Penix Jr. / Nick Folk,47600,<48000,3-3,1,93.25,124.84,134.65,154.43,0.0135,0,1,EXACT_OR_NEAR_OPTIMAL
4676,Tyler Shough,QB,Alvin Kamara / Drake London / Falcons / Michael Penix Jr. / Nick Folk,49400,49000-49400,4-2,0,96.17,125.52,133.92,152.87,0.0135,0,0,EXACT_OR_NEAR_OPTIMAL
4677,Tyler Shough,QB,Alvin Kamara / Drake London / Falcons / Michael Penix Jr. / Saints,48200,48000-48900,3-3,0,94.84,122.89,131.57,148.83,0.0135,0,0,EXACT_OR_NEAR_OPTIMAL
4715,Tyler Shough,QB,Austin Hooper / Devaughn Vele / Drake London / Michael Penix Jr. / Nick Folk,49400,49000-49400,4-2,1,91.56,124.35,134.89,153.87,0.0135,0,1,EXACT_OR_NEAR_OPTIMAL
4,Alvin Kamara,RB,Austin Hooper / Bijan Robinson / Chris Olave / Drake London / Jahan Dotson,48900,48000-48900,4-2,0,99.91,127.37,136.57,157.46,0.013,1,0,EXACT_OR_NEAR_OPTIMAL
78,Alvin Kamara,RB,Bijan Robinson / Devaughn Vele / Michael Penix Jr. / Treyton Welch / Tyler Shough,48900,48000-48900,2-4,1,95.62,125.07,134.19,150.92,0.013,1,1,EXACT_OR_NEAR_OPTIMAL
89,Alvin Kamara,RB,Bijan Robinson / Falcons / Michael Penix Jr. / Saints / Tyler Shough,48700,48000-48900,3-3,0,96.45,120.6,128.63,141.63,0.013,1,0,EXACT_OR_NEAR_OPTIMAL
186,Alvin Kamara,RB,Daniel Carlson / Drake London / Kyle Pitts Sr. / Michael Penix Jr. / Tyler Shough,49700,49500-49900,3-3,1,92.02,120.8,129.86,147.79,0.013,0,1,EXACT_OR_NEAR_OPTIMAL
225,Austin Hooper,TE,Alvin Kamara / Bijan Robinson / Devaughn Vele / Drake London / Michael Penix Jr.,49800,49500-49900,4-2,1,91.49,121.06,131.75,147.84,0.013,0,1,FORCED_CAPTAIN
323,Austin Hooper,TE,Chris Olave / Drake London / Juwan Johnson / Nick Folk / Tyler Shough,47400,<48000,3-3,1,97.63,130.13,139.84,159.47,0.013,0,2,FORCED_CAPTAIN
705,Bijan Robinson,RB,Chris Olave / Drake London / Kendre Miller / Kevin Austin Jr. / Nick Folk,49700,49500-49900,3-3,0,97.06,125.78,135.21,154.09,0.013,1,1,EXACT_OR_NEAR_OPTIMAL
766,Bijan Robinson,RB,Drake London / Jahan Dotson / Michael Penix Jr. / Nick Folk / Saints,49300,49000-49400,5-1,1,92.86,120.94,130.21,149.27,0.013,1,3,EXACT_OR_NEAR_OPTIMAL
786,Brian Robinson Jr.,RB,Alvin Kamara / Bijan Robinson / Chris Olave / Drake London / Falcons,48900,48000-48900,4-2,0,97.93,123.8,131.39,149.95,0.013,0,0,FORCED_CAPTAIN
811,Brian Robinson Jr.,RB,Alvin Kamara / Chris Olave / Devaughn Vele / Michael Penix Jr. / Tyler Shough,49900,49500-49900,2-4,1,95.11,126.38,135.66,155.42,0.013,0,1,FORCED_CAPTAIN
830,Brian Robinson Jr.,RB,Bijan Robinson / Bryce Lance / Chris Olave / Drake London / Michael Penix Jr.,49100,49000-49400,4-2,1,96.69,127.68,136.36,156.23,0.013,0,2,FORCED_CAPTAIN
840,Brian Robinson Jr.,RB,Bijan Robinson / Chris Olave / Devaughn Vele / Saints / Tyler Shough,49900,49500-49900,2-4,1,98.68,126.93,136.71,156.85,0.013,0,1,FORCED_CAPTAIN
884,Brian Robinson Jr.,RB,Chris Olave / Daniel Carlson / Drake London / Juwan Johnson / Tyler Shough,48300,48000-48900,2-4,1,99.88,131.29,142.34,155.96,0.013,0,2,EXACT_OR_NEAR_OPTIMAL
896,Brian Robinson Jr.,RB,Chris Olave / Drake London / Michael Penix Jr. / Saints / Tyler Shough,49300,49000-49400,3-3,1,96.98,127.16,137.29,157.69,0.013,0,2,FORCED_CAPTAIN
945,Bryce Lance,WR,Austin Hooper / Bijan Robinson / Chris Olave / Drake London / Tyler Shough,47700,<48000,3-3,1,101.83,132.96,144.19,165.51,0.013,0,2,FORCED_CAPTAIN
979,Bryce Lance,WR,Bijan Robinson / Chris Olave / Drake London / Michael Penix Jr. / Nick Folk,49700,49500-49900,4-2,1,98.93,129.36,138.96,158.16,0.013,0,2,FORCED_CAPTAIN
991,Bryce Lance,WR,Bijan Robinson / Chris Olave / Kyle Pitts Sr. / Michael Penix Jr. / Tyler Shough,49700,49500-49900,3-3,1,98.64,129.7,141.99,161.26,0.013,0,2,FORCED_CAPTAIN
1200,Charlie Woerner,TE,Bijan Robinson / Chris Olave / Daniel Carlson / Drake London / Tyler Shough,47900,<48000,3-3,0,103.32,133.19,142.55,164.52,0.013,0,1,FORCED_CAPTAIN
1219,Charlie Woerner,TE,Bijan Robinson / Chris Olave / Drake London / Nick Folk / Tyler Shough,48500,48000-48900,4-2,0,102.59,132.15,142.77,163.32,0.013,0,1,FORCED_CAPTAIN
1488,Chris Olave,WR,Alvin Kamara / Daniel Carlson / Devaughn Vele / Juwan Johnson / Nick Folk,48600,48000-48900,1-5,0,95.83,124.52,133.0,149.08,0.013,1,1,EXACT_OR_NEAR_OPTIMAL
1525,Chris Olave,WR,Alvin Kamara / Drake London / Jahan Dotson / Michael Penix Jr. / Olamide Zaccheaus,47200,<48000,4-2,1,94.0,126.44,137.38,159.49,0.013,0,1,EXACT_OR_NEAR_OPTIMAL
1611,Chris Olave,WR,Austin Hooper / Juwan Johnson / Nick Folk / Saints / Tyler Shough,45600,<48000,2-4,1,95.19,127.66,139.8,156.61,0.013,0,1,EXACT_OR_NEAR_OPTIMAL
1857,Daniel Carlson,K,Alvin Kamara / Bijan Robinson / Chris Olave / Nick Folk / Saints,46400,<48000,2-4,0,92.67,113.78,120.79,132.9,0.013,0,0,FORCED_CAPTAIN
1935,Daniel Carlson,K,Bijan Robinson / Devaughn Vele / Juwan Johnson / Saints / Tyler Shough,48000,48000-48900,1-5,1,95.11,120.97,129.86,146.92,0.013,0,2,FORCED_CAPTAIN
2071,Devaughn Vele,WR,Bijan Robinson / Falcons / Juwan Johnson / Saints / Tyler Shough,48300,48000-48900,2-4,1,93.32,120.1,130.3,148.37,0.013,0,1,FORCED_CAPTAIN
2219,Drake London,WR,Alvin Kamara / Daniel Carlson / Devaughn Vele / Kyle Pitts Sr. / Tyler Shough,50000,50000,2-4,1,90.88,120.52,129.82,150.18,0.013,0,2,EXACT_OR_NEAR_OPTIMAL
2223,Drake London,WR,Alvin Kamara / Daniel Carlson / Falcons / Juwan Johnson / Michael Penix Jr.,46800,<48000,3-3,0,89.38,117.55,128.5,147.6,0.013,0,0,EXACT_OR_NEAR_OPTIMAL
2300,Drake London,WR,Austin Hooper / Brian Robinson Jr. / Juwan Johnson / Michael Penix Jr. / Tyler Shough,47600,<48000,4-2,1,92.25,126.94,136.3,157.17,0.013,0,2,EXACT_OR_NEAR_OPTIMAL
2307,Drake London,WR,Austin Hooper / Chris Olave / Devaughn Vele / Michael Penix Jr. / Saints,49600,49500-49900,3-3,1,92.21,124.44,135.5,153.82,0.013,0,1,EXACT_OR_NEAR_OPTIMAL
2426,Drake London,WR,Chris Olave / Daniel Carlson / Falcons / Juwan Johnson / Saints,45800,<48000,2-4,0,92.6,118.8,127.99,145.15,0.013,1,0,EXACT_OR_NEAR_OPTIMAL
2453,Drake London,WR,Chris Olave / Falcons / Juwan Johnson / Michael Penix Jr. / Oscar Delp,46200,<48000,3-3,0,94.25,126.57,136.2,154.08,0.013,0,1,EXACT_OR_NEAR_OPTIMAL
2521,Drake London,WR,Juwan Johnson / Michael Penix Jr. / Oscar Delp / Saints / Tyler Shough,45600,<48000,2-4,1,91.98,123.72,135.19,152.51,0.013,0,2,EXACT_OR_NEAR_OPTIMAL
2549,Falcons,DST,Alvin Kamara / Bijan Robinson / Juwan Johnson / Nick Folk / Tyler Shough,46600,<48000,3-3,1,94.59,119.57,127.28,144.58,0.013,0,1,FORCED_CAPTAIN
2630,Falcons,DST,Bijan Robinson / Devaughn Vele / Drake London / Michael Penix Jr. / Nick Folk,49400,49000-49400,5-1,1,88.65,116.49,125.54,141.84,0.013,0,2,FORCED_CAPTAIN
2772,Jahan Dotson,WR,Chris Olave / Drake London / Michael Penix Jr. / Saints / Tyler Shough,48100,48000-48900,3-3,1,96.14,127.29,138.69,157.61,0.013,0,2,FORCED_CAPTAIN
2815,Juwan Johnson,TE,Alvin Kamara / Brian Robinson Jr. / Devaughn Vele / Michael Penix Jr. / Tyler Shough,48300,48000-48900,2-4,1,91.37,123.27,133.86,153.7,0.013,0,1,EXACT_OR_NEAR_OPTIMAL
3013,Juwan Johnson,TE,Daniel Carlson / Devaughn Vele / Drake London / Kyle Pitts Sr. / Tyler Shough,49100,49000-49400,2-4,1,91.47,123.09,133.88,154.07,0.013,0,1,EXACT_OR_NEAR_OPTIMAL
3031,Juwan Johnson,TE,Drake London / Falcons / Michael Penix Jr. / Saints / Tyler Shough,47500,<48000,3-3,0,94.2,123.6,132.92,155.05,0.013,0,1,EXACT_OR_NEAR_OPTIMAL
3077,Kendre Miller,RB,Austin Hooper / Bijan Robinson / Chris Olave / Juwan Johnson / Tyler Shough,49900,49500-49900,2-4,1,99.57,130.49,140.21,160.06,0.013,0,2,FORCED_CAPTAIN
3270,Kevin Austin Jr.,WR,Chris Olave / Drake London / Juwan Johnson / Michael Penix Jr. / Tyler Shough,48000,48000-48900,2-4,1,100.75,134.77,146.27,164.16,0.013,0,3,FORCED_CAPTAIN
3410,Michael Penix Jr.,QB,Alvin Kamara / Bijan Robinson / Devaughn Vele / Nick Muse / Tyler Shough,49900,49500-49900,3-3,1,96.16,126.34,135.96,152.25,0.013,0,1,FORCED_CAPTAIN
3520,Michael Penix Jr.,QB,Brian Robinson Jr. / Drake London / Juwan Johnson / Nick Folk / Tyler Shough,49700,49500-49900,4-2,1,94.15,126.27,136.12,152.68,0.013,1,2,EXACT_OR_NEAR_OPTIMAL
3586,Nick Folk,K,Alvin Kamara / Brian Robinson Jr. / Chris Olave / Juwan Johnson / Tyler Shough,46700,<48000,2-4,1,94.41,125.27,134.78,151.14,0.013,0,1,FORCED_CAPTAIN
3694,Nick Muse,TE,Alvin Kamara / Bijan Robinson / Chris Olave / Juwan Johnson / Tyler Shough,46900,<48000,2-4,1,103.99,135.46,145.32,164.98,0.013,0,2,FORCED_CAPTAIN
3824,Olamide Zaccheaus,WR,Alvin Kamara / Bijan Robinson / Juwan Johnson / Michael Penix Jr. / Tyler Shough,47800,<48000,3-3,1,97.26,128.23,136.28,154.26,0.013,0,2,FORCED_CAPTAIN
3995,Oscar Delp,TE,Bijan Robinson / Chris Olave / Drake London / Saints / Tyler Shough,47000,<48000,2-4,1,102.89,131.73,142.03,161.72,0.013,0,2,FORCED_CAPTAIN
4030,Oscar Delp,TE,Chris Olave / Devaughn Vele / Drake London / Juwan Johnson / Tyler Shough,46200,<48000,1-5,1,97.52,131.86,141.95,160.74,0.013,0,3,FORCED_CAPTAIN
4075,Saints,DST,Alvin Kamara / Chris Olave / Drake London / Jahan Dotson / Tyler Shough,46700,<48000,2-4,1,95.7,124.59,134.19,153.44,0.013,0,1,FORCED_CAPTAIN
4082,Saints,DST,Alvin Kamara / Chris Olave / Juwan Johnson / Nick Folk / Tyler Shough,46500,<48000,1-5,1,95.64,125.2,133.74,149.75,0.013,0,2,FORCED_CAPTAIN
4089,Saints,DST,Austin Hooper / Bijan Robinson / Drake London / Juwan Johnson / Tyler Shough,47900,<48000,3-3,0,98.1,125.05,132.95,151.93,0.013,0,1,FORCED_CAPTAIN
4101,Saints,DST,Bijan Robinson / Bryce Lance / Chris Olave / Michael Penix Jr. / Tyler Shough,49300,49000-49400,2-4,1,101.98,130.4,140.04,159.9,0.013,0,2,FORCED_CAPTAIN
4657,Tyler Shough,QB,Alvin Kamara / Daniel Carlson / Juwan Johnson / Michael Penix Jr. / Saints,46800,<48000,1-5,1,94.0,123.06,131.52,146.33,0.013,0,2,EXACT_OR_NEAR_OPTIMAL
160,Alvin Kamara,RB,Chris Olave / Drake London / Kendre Miller / Michael Penix Jr. / Saints,49500,49500-49900,2-4,0,91.79,119.32,128.14,147.79,0.0125,0,0,EXACT_OR_NEAR_OPTIMAL
170,Alvin Kamara,RB,Chris Olave / Kyle Pitts Sr. / Michael Penix Jr. / Saints / Tyler Shough,49900,49500-49900,2-4,1,95.62,125.4,134.27,151.97,0.0125,2,1,EXACT_OR_NEAR_OPTIMAL
174,Alvin Kamara,RB,Daniel Carlson / Devaughn Vele / Drake London / Nick Folk / Tyler Shough,48100,48000-48900,2-4,1,90.45,117.71,126.0,143.15,0.0125,0,1,EXACT_OR_NEAR_OPTIMAL
539,Bijan Robinson,RB,Alvin Kamara / Daniel Carlson / Kyle Pitts Sr. / Michael Penix Jr. / Nick Folk,49700,49500-49900,4-2,1,89.62,115.02,124.19,142.18,0.0125,1,2,EXACT_OR_NEAR_OPTIMAL
548,Bijan Robinson,RB,Alvin Kamara / Devaughn Vele / Kyle Pitts Sr. / Olamide Zaccheaus / Tyler Shough,49900,49500-49900,3-3,1,93.71,122.25,131.87,149.52,0.0125,1,2,EXACT_OR_NEAR_OPTIMAL
587,Bijan Robinson,RB,Austin Hooper / Chris Olave / Drake London / Falcons / Olamide Zaccheaus,46900,<48000,5-1,0,96.36,125.12,134.94,152.27,0.0125,1,2,EXACT_OR_NEAR_OPTIMAL
1523,Chris Olave,WR,Alvin Kamara / Drake London / Falcons / Michael Penix Jr. / Zachariah Branch,48200,48000-48900,4-2,1,93.85,124.76,135.07,156.75,0.0125,0,1,EXACT_OR_NEAR_OPTIMAL
1763,Chris Olave,WR,Daniel Carlson / Drake London / Jahan Dotson / Michael Penix Jr. / Saints,47200,<48000,3-3,1,93.07,123.67,134.06,151.16,0.0125,1,1,EXACT_OR_NEAR_OPTIMAL
1814,Chris Olave,WR,Drake London / Juwan Johnson / Kendre Miller / Michael Penix Jr. / Olamide Zaccheaus,49600,49500-49900,3-3,1,96.17,130.05,139.66,157.74,0.0125,0,2,EXACT_OR_NEAR_OPTIMAL
1861,Daniel Carlson,K,Alvin Kamara / Bijan Robinson / Drake London / Jahan Dotson / Tyler Shough,48600,48000-48900,3-3,0,99.13,124.89,133.05,146.82,0.0125,0,0,FORCED_CAPTAIN
2193,Drake London,WR,Alvin Kamara / Chris Olave / Daniel Carlson / Falcons / Nick Folk,46600,<48000,3-3,0,91.42,117.34,125.06,148.51,0.0125,1,0,EXACT_OR_NEAR_OPTIMAL
2246,Drake London,WR,Alvin Kamara / Devaughn Vele / Juwan Johnson / Michael Penix Jr. / Olamide Zaccheaus,48200,48000-48900,3-3,1,88.6,121.06,130.24,150.98,0.0125,0,1,EXACT_OR_NEAR_OPTIMAL
2321,Drake London,WR,Austin Hooper / Juwan Johnson / Kendre Miller / Michael Penix Jr. / Tyler Shough,48800,48000-48900,3-3,1,91.35,125.39,136.19,153.53,0.0125,0,2,EXACT_OR_NEAR_OPTIMAL
2342,Drake London,WR,Bijan Robinson / CJ Donaldson / Chris Olave / Devaughn Vele / Jahan Dotson,49800,49500-49900,3-3,0,97.31,127.63,138.27,159.45,0.0125,1,0,EXACT_OR_NEAR_OPTIMAL
2495,Drake London,WR,Daniel Carlson / Kyle Pitts Sr. / Michael Penix Jr. / Nick Folk / Tyler Shough,49600,49500-49900,4-2,1,89.4,120.66,129.48,152.93,0.0125,0,1,EXACT_OR_NEAR_OPTIMAL
2515,Drake London,WR,Jahan Dotson / Juwan Johnson / Kendre Miller / Michael Penix Jr. / Tyler Shough,49000,49000-49400,3-3,1,91.8,125.05,137.3,155.08,0.0125,0,2,EXACT_OR_NEAR_OPTIMAL
2534,Falcons,DST,Alvin Kamara / Bijan Robinson / Chris Olave / Kyle Pitts Sr. / Michael Penix Jr.,49800,49500-49900,4-2,1,94.21,119.79,129.55,148.63,0.0125,1,1,EXACT_OR_NEAR_OPTIMAL
2855,Juwan Johnson,TE,Alvin Kamara / Daniel Carlson / Drake London / Falcons / Tyler Shough,46100,<48000,2-4,1,94.59,122.75,132.38,152.2,0.0125,0,1,EXACT_OR_NEAR_OPTIMAL
2957,Juwan Johnson,TE,Bijan Robinson / Daniel Carlson / Jahan Dotson / Nick Folk / Tyler Shough,45700,<48000,3-3,0,93.29,122.44,130.03,150.41,0.0125,1,0,EXACT_OR_NEAR_OPTIMAL
2965,Juwan Johnson,TE,Bijan Robinson / Drake London / Jahan Dotson / Kendre Miller / Michael Penix Jr.,49900,49500-49900,4-2,1,93.43,124.26,134.69,152.11,0.0125,1,2,EXACT_OR_NEAR_OPTIMAL
3024,Juwan Johnson,TE,Devaughn Vele / Drake London / Falcons / Nick Folk / Tyler Shough,47500,<48000,3-3,1,91.22,122.68,132.53,153.25,0.0125,0,1,EXACT_OR_NEAR_OPTIMAL
3248,Kevin Austin Jr.,WR,Bijan Robinson / Devaughn Vele / Drake London / Michael Penix Jr. / Tyler Shough,49400,49000-49400,3-3,1,95.95,127.34,137.11,155.59,0.0125,1,2,EXACT_OR_NEAR_OPTIMAL
3276,Kyle Pitts Sr.,TE,Alvin Kamara / Bijan Robinson / Bryce Lance / Chris Olave / Tyler Shough,49700,49500-49900,2-4,1,98.19,126.37,137.91,157.68,0.0125,0,1,FORCED_CAPTAIN
3395,Michael Penix Jr.,QB,Alvin Kamara / Austin Hooper / Bijan Robinson / Drake London / Jahan Dotson,48100,48000-48900,5-1,1,90.4,122.36,132.35,151.38,0.0125,1,2,EXACT_OR_NEAR_OPTIMAL
3431,Michael Penix Jr.,QB,Alvin Kamara / Chris Olave / Devaughn Vele / Drake London / Oscar Delp,49500,49500-49900,2-4,0,94.81,126.12,136.57,154.45,0.0125,0,0,FORCED_CAPTAIN
3480,Michael Penix Jr.,QB,Bijan Robinson / Bryce Lance / Juwan Johnson / Nick Folk / Tyler Shough,49500,49500-49900,3-3,1,98.2,128.97,137.68,154.3,0.0125,0,2,FORCED_CAPTAIN
3589,Nick Folk,K,Alvin Kamara / Chris Olave / Daniel Carlson / Drake London / Juwan Johnson,48100,48000-48900,2-4,0,95.91,122.75,129.68,147.13,0.0125,0,0,FORCED_CAPTAIN
3608,Nick Folk,K,Austin Hooper / Bijan Robinson / Chris Olave / Daniel Carlson / Drake London,48300,48000-48900,4-2,0,95.74,121.72,129.54,149.78,0.0125,0,0,FORCED_CAPTAIN
3611,Nick Folk,K,Austin Hooper / Chris Olave / Devaughn Vele / Drake London / Tyler Shough,49100,49000-49400,3-3,1,94.6,126.08,136.42,155.52,0.0125,0,1,FORCED_CAPTAIN
3784,Nick Muse,TE,Bijan Robinson / Drake London / Juwan Johnson / Michael Penix Jr. / Tyler Shough,48100,48000-48900,4-2,1,100.0,132.41,142.29,155.54,0.0125,0,3,FORCED_CAPTAIN
3816,Olamide Zaccheaus,WR,Alvin Kamara / Bijan Robinson / Devaughn Vele / Drake London / Tyler Shough,49200,49000-49400,3-3,1,96.79,125.93,134.4,151.31,0.0125,0,1,FORCED_CAPTAIN
3959,Oscar Delp,TE,Alvin Kamara / Chris Olave / Drake London / Juwan Johnson / Tyler Shough,45400,<48000,1-5,1,100.16,133.33,143.22,159.31,0.0125,0,3,FORCED_CAPTAIN
4131,Saints,DST,Bijan Robinson / Daniel Carlson / Juwan Johnson / Michael Penix Jr. / Tyler Shough,48900,48000-48900,2-4,0,98.39,123.92,132.74,146.46,0.0125,0,1,FORCED_CAPTAIN
4362,Treyton Welch,TE,Bijan Robinson / Chris Olave / Drake London / Nick Folk / Tyler Shough,47900,<48000,3-3,1,102.48,131.6,142.78,162.93,0.0125,0,2,FORCED_CAPTAIN
4548,Tyler Shough,QB,Alvin Kamara / Bijan Robinson / Bryce Lance / Michael Penix Jr. / Saints,48200,48000-48900,2-4,1,97.93,126.08,135.5,148.88,0.0125,1,1,EXACT_OR_NEAR_OPTIMAL
72,Alvin Kamara,RB,Bijan Robinson / Daniel Carlson / Nick Folk / Saints / Tyler Shough,46300,<48000,2-4,0,91.99,113.9,119.52,134.91,0.012,1,0,EXACT_OR_NEAR_OPTIMAL
92,Alvin Kamara,RB,Bijan Robinson / Juwan Johnson / Kendre Miller / Nick Folk / Tyler Shough,49700,49500-49900,2-4,1,96.75,125.12,133.59,149.78,0.012,1,1,EXACT_OR_NEAR_OPTIMAL
118,Alvin Kamara,RB,Bryce Lance / Chris Olave / Devaughn Vele / Drake London / Michael Penix Jr.,49900,49500-49900,2-4,0,95.21,125.35,134.32,155.53,0.012,0,0,FORCED_CAPTAIN
146,Alvin Kamara,RB,Chris Olave / Devaughn Vele / Kendre Miller / Nick Folk / Tyler Shough,49100,49000-49400,1-5,1,91.26,120.98,130.74,148.59,0.012,0,2,FORCED_CAPTAIN
567,Bijan Robinson,RB,Alvin Kamara / Michael Penix Jr. / Saints / Tyler Shough / Zachariah Branch,49900,49500-49900,3-3,1,97.76,125.09,133.57,149.85,0.012,1,2,EXACT_OR_NEAR_OPTIMAL
629,Bijan Robinson,RB,Brian Robinson Jr. / Drake London / Falcons / Kendre Miller / Michael Penix Jr.,49100,49000-49400,5-1,1,88.37,117.77,127.4,147.16,0.012,1,3,EXACT_OR_NEAR_OPTIMAL
864,Brian Robinson Jr.,RB,Bijan Robinson / Daniel Carlson / Drake London / Juwan Johnson / Michael Penix Jr.,48700,48000-48900,4-2,1,93.09,121.66,130.63,146.28,0.012,0,2,FORCED_CAPTAIN
905,Bryce Lance,WR,Alvin Kamara / Bijan Robinson / Chris Olave / Daniel Carlson / Tyler Shough,46700,<48000,1-5,1,100.45,128.46,137.28,155.09,0.012,0,2,FORCED_CAPTAIN
933,Bryce Lance,WR,Alvin Kamara / Bijan Robinson / Juwan Johnson / Michael Penix Jr. / Tyler Shough,47500,<48000,2-4,1,97.67,127.64,137.51,154.18,0.012,0,2,FORCED_CAPTAIN
959,Bryce Lance,WR,Bijan Robinson / Chris Olave / Daniel Carlson / Drake London / Juwan Johnson,47500,<48000,2-4,0,100.5,127.93,136.98,154.02,0.012,0,1,FORCED_CAPTAIN
981,Bryce Lance,WR,Bijan Robinson / Chris Olave / Falcons / Juwan Johnson / Tyler Shough,45900,<48000,2-4,1,99.96,129.76,138.89,159.13,0.012,0,2,FORCED_CAPTAIN
1483,Chris Olave,WR,Alvin Kamara / Daniel Carlson / Devaughn Vele / Drake London / Jahan Dotson,48800,48000-48900,2-4,0,95.88,125.48,134.9,156.16,0.012,0,0,EXACT_OR_NEAR_OPTIMAL
1530,Chris Olave,WR,Alvin Kamara / Drake London / Kevin Austin Jr. / Kyle Pitts Sr. / Michael Penix Jr.,48800,48000-48900,3-3,1,93.37,125.64,137.24,156.99,0.012,1,1,EXACT_OR_NEAR_OPTIMAL
1583,Chris Olave,WR,Austin Hooper / Brian Robinson Jr. / Drake London / Saints / Tyler Shough,46600,<48000,3-3,0,95.8,128.88,138.89,158.84,0.012,1,0,EXACT_OR_NEAR_OPTIMAL
1847,Daniel Carlson,K,Alvin Kamara / Bijan Robinson / Bryce Lance / Drake London / Tyler Shough,47400,<48000,2-4,1,97.74,124.75,131.43,146.55,0.012,0,1,FORCED_CAPTAIN
1967,Daniel Carlson,K,Drake London / Juwan Johnson / Michael Penix Jr. / Saints / Tyler Shough,47400,<48000,2-4,0,93.41,121.46,129.94,146.64,0.012,0,1,FORCED_CAPTAIN
2000,Devaughn Vele,WR,Alvin Kamara / Chris Olave / Daniel Carlson / Kyle Pitts Sr. / Tyler Shough,49700,49500-49900,1-5,1,92.05,122.46,132.83,150.18,0.012,0,2,EXACT_OR_NEAR_OPTIMAL
2032,Devaughn Vele,WR,Austin Hooper / Chris Olave / Drake London / Kendre Miller / Tyler Shough,49900,49500-49900,2-4,1,92.05,124.97,134.38,155.28,0.012,0,1,FORCED_CAPTAIN
2072,Devaughn Vele,WR,Bijan Robinson / Falcons / Michael Penix Jr. / Saints / Tyler Shough,49900,49500-49900,3-3,0,92.49,117.67,127.0,143.8,0.012,0,0,FORCED_CAPTAIN
2133,Drake London,WR,Alvin Kamara / Austin Hooper / Falcons / Michael Penix Jr. / Tyler Shough,47000,<48000,4-2,1,90.71,121.8,131.98,149.35,0.012,0,1,EXACT_OR_NEAR_OPTIMAL
2172,Drake London,WR,Alvin Kamara / Brian Robinson Jr. / Daniel Carlson / Juwan Johnson / Michael Penix Jr.,47000,<48000,3-3,1,88.42,117.42,128.19,148.98,0.012,1,1,EXACT_OR_NEAR_OPTIMAL
2197,Drake London,WR,Alvin Kamara / Chris Olave / Daniel Carlson / Kyle Pitts Sr. / Nick Folk,48800,48000-48900,3-3,0,90.94,118.61,127.24,148.11,0.012,1,0,EXACT_OR_NEAR_OPTIMAL
2259,Drake London,WR,Alvin Kamara / Falcons / Juwan Johnson / Michael Penix Jr. / Saints,46200,<48000,3-3,0,87.32,115.06,124.3,144.45,0.012,0,0,EXACT_OR_NEAR_OPTIMAL
2319,Drake London,WR,Austin Hooper / Devaughn Vele / Kyle Pitts Sr. / Michael Penix Jr. / Tyler Shough,50000,50000,4-2,1,87.59,122.29,132.6,156.49,0.012,0,2,EXACT_OR_NEAR_OPTIMAL
2563,Falcons,DST,Alvin Kamara / Chris Olave / Drake London / Saints / Tyler Shough,47000,<48000,2-4,1,96.75,122.7,132.11,149.54,0.012,0,1,FORCED_CAPTAIN
2604,Falcons,DST,Bijan Robinson / Chris Olave / Devaughn Vele / Jahan Dotson / Tyler Shough,48400,48000-48900,3-3,1,97.66,126.31,137.02,154.62,0.012,0,1,FORCED_CAPTAIN
2623,Falcons,DST,Bijan Robinson / Daniel Carlson / Devaughn Vele / Drake London / Michael Penix Jr.,48800,48000-48900,4-2,1,89.39,116.54,124.9,144.39,0.012,0,1,FORCED_CAPTAIN
2628,Falcons,DST,Bijan Robinson / Devaughn Vele / Drake London / Juwan Johnson / Nick Folk,47800,<48000,4-2,0,89.49,113.88,124.87,139.13,0.012,1,0,EXACT_OR_NEAR_OPTIMAL
2674,Jahan Dotson,WR,Alvin Kamara / Bijan Robinson / Devaughn Vele / Michael Penix Jr. / Tyler Shough,49700,49500-49900,3-3,1,94.61,123.57,132.68,148.06,0.012,0,1,FORCED_CAPTAIN
3513,Michael Penix Jr.,QB,Brian Robinson Jr. / Chris Olave / Drake London / Falcons / Juwan Johnson,49100,49000-49400,4-2,1,95.09,125.59,134.12,153.63,0.012,0,2,FORCED_CAPTAIN
3527,Michael Penix Jr.,QB,Charlie Woerner / Devaughn Vele / Drake London / Juwan Johnson / Tyler Shough,48900,48000-48900,3-3,1,93.03,126.87,136.88,158.75,0.012,0,2,EXACT_OR_NEAR_OPTIMAL
3550,Michael Penix Jr.,QB,Drake London / Jahan Dotson / Juwan Johnson / Nick Folk / Tyler Shough,48900,48000-48900,4-2,1,93.58,126.02,135.9,155.5,0.012,0,2,FORCED_CAPTAIN
3859,Olamide Zaccheaus,WR,Bijan Robinson / Chris Olave / Drake London / Falcons / Michael Penix Jr.,48200,48000-48900,5-1,1,96.25,126.25,136.12,152.89,0.012,0,3,FORCED_CAPTAIN
3874,Olamide Zaccheaus,WR,Bijan Robinson / Chris Olave / Juwan Johnson / Nick Folk / Tyler Shough,48000,48000-48900,3-3,1,101.81,133.79,142.64,162.85,0.012,0,2,FORCED_CAPTAIN
3879,Olamide Zaccheaus,WR,Bijan Robinson / Chris Olave / Michael Penix Jr. / Nick Folk / Tyler Shough,49600,49500-49900,4-2,1,100.97,130.96,141.08,159.96,0.012,0,2,FORCED_CAPTAIN
3926,Oscar Delp,TE,Alvin Kamara / Bijan Robinson / Chris Olave / Drake London / Juwan Johnson,47600,<48000,2-4,0,103.71,131.51,140.44,158.22,0.012,0,1,FORCED_CAPTAIN
4015,Oscar Delp,TE,Bijan Robinson / Devaughn Vele / Drake London / Juwan Johnson / Tyler Shough,47200,<48000,2-4,1,97.87,127.78,139.05,156.49,0.012,0,2,FORCED_CAPTAIN
4090,Saints,DST,Austin Hooper / Bijan Robinson / Drake London / Michael Penix Jr. / Tyler Shough,49500,49500-49900,4-2,1,97.27,124.83,134.08,150.22,0.012,0,2,FORCED_CAPTAIN
4105,Saints,DST,Bijan Robinson / Chris Olave / Daniel Carlson / Devaughn Vele / Juwan Johnson,48900,48000-48900,1-5,0,97.29,121.79,129.95,144.04,0.012,0,1,FORCED_CAPTAIN
4138,Saints,DST,Bijan Robinson / Drake London / Falcons / Juwan Johnson / Michael Penix Jr.,48100,48000-48900,4-2,1,92.94,118.16,127.29,142.56,0.012,0,2,FORCED_CAPTAIN
4706,Tyler Shough,QB,Austin Hooper / Chris Olave / Daniel Carlson / Juwan Johnson / Saints,44400,<48000,1-5,1,94.31,126.35,135.47,153.04,0.012,0,2,FORCED_CAPTAIN
4782,Tyler Shough,QB,Bijan Robinson / Juwan Johnson / Kendre Miller / Michael Penix Jr. / Olamide Zaccheaus,49600,49500-49900,3-3,1,97.37,129.38,139.23,157.0,0.012,1,2,EXACT_OR_NEAR_OPTIMAL
4850,Tyler Shough,QB,Chris Olave / Juwan Johnson / Kendre Miller / Michael Penix Jr. / Olamide Zaccheaus,48600,48000-48900,2-4,1,97.02,132.71,142.48,162.25,0.012,0,2,EXACT_OR_NEAR_OPTIMAL
86,Alvin Kamara,RB,Bijan Robinson / Drake London / Michael Penix Jr. / Nick Folk / Olamide Zaccheaus,48700,48000-48900,5-1,1,92.13,121.01,129.51,148.63,0.0115,0,2,FORCED_CAPTAIN
797,Brian Robinson Jr.,RB,Alvin Kamara / Bijan Robinson / Daniel Carlson / Drake London / Michael Penix Jr.,48300,48000-48900,4-2,1,90.59,117.7,127.4,142.34,0.0115,0,1,FORCED_CAPTAIN
814,Brian Robinson Jr.,RB,Alvin Kamara / Chris Olave / Drake London / Nick Folk / Tyler Shough,48500,48000-48900,3-3,1,96.64,127.38,135.84,155.63,0.0115,0,1,FORCED_CAPTAIN
958,Bryce Lance,WR,Bijan Robinson / Chris Olave / Daniel Carlson / Devaughn Vele / Tyler Shough,47500,<48000,1-5,1,97.81,126.82,137.12,159.34,0.0115,0,2,FORCED_CAPTAIN
1025,CJ Donaldson,RB,Alvin Kamara / Bijan Robinson / Chris Olave / Devaughn Vele / Tyler Shough,49100,49000-49400,1-5,1,99.6,130.05,140.37,158.54,0.0115,0,2,EXACT_OR_NEAR_OPTIMAL
1489,Chris Olave,WR,Alvin Kamara / Daniel Carlson / Devaughn Vele / Michael Penix Jr. / Saints,49000,49000-49400,1-5,0,93.66,120.5,130.24,146.36,0.0115,0,1,EXACT_OR_NEAR_OPTIMAL
1591,Chris Olave,WR,Austin Hooper / Daniel Carlson / Drake London / Falcons / Michael Penix Jr.,46400,<48000,4-2,1,91.69,122.38,133.11,152.34,0.0115,0,1,EXACT_OR_NEAR_OPTIMAL
1809,Chris Olave,WR,Drake London / Jahan Dotson / Kyle Pitts Sr. / Michael Penix Jr. / Nick Folk,49400,49000-49400,5-1,1,90.92,123.47,135.11,155.25,0.0115,1,2,EXACT_OR_NEAR_OPTIMAL
1880,Daniel Carlson,K,Alvin Kamara / Chris Olave / Michael Penix Jr. / Saints / Tyler Shough,47800,<48000,1-5,1,96.57,123.03,132.08,143.7,0.0115,0,2,FORCED_CAPTAIN
1885,Daniel Carlson,K,Austin Hooper / Bijan Robinson / Chris Olave / Devaughn Vele / Michael Penix Jr.,49400,49000-49400,3-3,1,94.58,122.52,131.71,147.49,0.0115,1,1,EXACT_OR_NEAR_OPTIMAL
1989,Devaughn Vele,WR,Alvin Kamara / Bijan Robinson / Michael Penix Jr. / Treyton Welch / Tyler Shough,49300,49000-49400,2-4,1,94.3,123.87,132.85,151.0,0.0115,1,1,EXACT_OR_NEAR_OPTIMAL
2020,Devaughn Vele,WR,Alvin Kamara / Drake London / Michael Penix Jr. / Oscar Delp / Tyler Shough,47700,<48000,2-4,1,89.45,121.0,131.36,151.33,0.0115,0,1,EXACT_OR_NEAR_OPTIMAL
2029,Devaughn Vele,WR,Austin Hooper / Bijan Robinson / Juwan Johnson / Saints / Tyler Shough,47500,<48000,2-4,1,91.36,119.37,129.73,148.87,0.0115,0,1,FORCED_CAPTAIN
2044,Devaughn Vele,WR,Bijan Robinson / Bryce Lance / Daniel Carlson / Drake London / Michael Penix Jr.,49100,49000-49400,3-3,1,89.18,117.6,127.69,146.42,0.0115,1,1,EXACT_OR_NEAR_OPTIMAL
2064,Devaughn Vele,WR,Bijan Robinson / Drake London / Falcons / Jahan Dotson / Michael Penix Jr.,49100,49000-49400,5-1,1,87.57,116.86,127.09,145.76,0.0115,0,2,FORCED_CAPTAIN
2077,Devaughn Vele,WR,Brian Robinson Jr. / Chris Olave / Daniel Carlson / Juwan Johnson / Tyler Shough,48100,48000-48900,1-5,1,94.08,126.39,137.72,157.22,0.0115,0,2,FORCED_CAPTAIN
2098,Devaughn Vele,WR,Chris Olave / Falcons / Juwan Johnson / Saints / Tyler Shough,47300,<48000,1-5,1,92.98,124.22,132.12,153.27,0.0115,0,2,FORCED_CAPTAIN
2152,Drake London,WR,Alvin Kamara / Bijan Robinson / Daniel Carlson / Kyle Pitts Sr. / Nick Folk,49800,49500-49900,4-2,0,91.29,118.2,126.36,143.7,0.0115,1,0,EXACT_OR_NEAR_OPTIMAL
2221,Drake London,WR,Alvin Kamara / Daniel Carlson / Devaughn Vele / Michael Penix Jr. / Saints,47800,<48000,2-4,0,85.17,113.86,122.92,141.56,0.0115,0,0,EXACT_OR_NEAR_OPTIMAL
2304,Drake London,WR,Austin Hooper / Chris Olave / Devaughn Vele / Falcons / Michael Penix Jr.,49000,49000-49400,4-2,1,91.28,122.93,135.4,154.27,0.0115,0,1,EXACT_OR_NEAR_OPTIMAL
2367,Drake London,WR,Bijan Robinson / Daniel Carlson / Jahan Dotson / Kendre Miller / Michael Penix Jr.,48600,48000-48900,4-2,1,87.79,118.74,129.15,146.23,0.0115,1,1,EXACT_OR_NEAR_OPTIMAL
2378,Drake London,WR,Bijan Robinson / Devaughn Vele / Kyle Pitts Sr. / Michael Penix Jr. / Nick Muse,49600,49500-49900,5-1,1,87.52,120.95,132.54,149.56,0.0115,1,2,EXACT_OR_NEAR_OPTIMAL
2442,Drake London,WR,Chris Olave / Devaughn Vele / Falcons / Jahan Dotson / Michael Penix Jr.,49200,49000-49400,4-2,1,91.72,123.42,134.79,155.0,0.0115,0,1,EXACT_OR_NEAR_OPTIMAL
2585,Falcons,DST,Bijan Robinson / Brian Robinson Jr. / Chris Olave / Juwan Johnson / Michael Penix Jr.,48200,48000-48900,4-2,1,96.24,123.31,131.42,150.38,0.0115,1,2,EXACT_OR_NEAR_OPTIMAL
2670,Jahan Dotson,WR,Alvin Kamara / Bijan Robinson / Chris Olave / Saints / Tyler Shough,47900,<48000,2-4,1,100.48,128.14,137.5,157.54,0.0115,0,1,FORCED_CAPTAIN
2715,Jahan Dotson,WR,Bijan Robinson / Chris Olave / Daniel Carlson / Juwan Johnson / Michael Penix Jr.,48300,48000-48900,3-3,1,97.91,125.8,134.37,153.65,0.0115,0,2,FORCED_CAPTAIN
2726,Jahan Dotson,WR,Bijan Robinson / Chris Olave / Drake London / Oscar Delp / Tyler Shough,47100,<48000,3-3,1,101.74,132.59,142.61,163.38,0.0115,0,2,FORCED_CAPTAIN
2751,Jahan Dotson,WR,Bijan Robinson / Drake London / Juwan Johnson / Nick Folk / Tyler Shough,48700,48000-48900,4-2,0,98.65,126.46,136.15,153.96,0.0115,0,1,FORCED_CAPTAIN
2765,Jahan Dotson,WR,Chris Olave / Drake London / Falcons / Michael Penix Jr. / Tyler Shough,47500,<48000,4-2,1,95.2,126.29,136.92,157.8,0.0115,0,2,FORCED_CAPTAIN
2978,Juwan Johnson,TE,Brian Robinson Jr. / Drake London / Kyle Pitts Sr. / Michael Penix Jr. / Tyler Shough,49300,49000-49400,4-2,1,91.82,125.47,135.16,156.0,0.0115,0,2,EXACT_OR_NEAR_OPTIMAL
3102,Kendre Miller,RB,Bijan Robinson / Chris Olave / Drake London / Treyton Welch / Tyler Shough,49900,49500-49900,2-4,1,100.08,129.6,141.77,158.2,0.0115,0,2,FORCED_CAPTAIN
3461,Michael Penix Jr.,QB,Austin Hooper / Bijan Robinson / Devaughn Vele / Drake London / Falcons,49500,49500-49900,5-1,1,89.28,120.7,130.1,148.96,0.0115,0,2,FORCED_CAPTAIN
3496,Michael Penix Jr.,QB,Bijan Robinson / Daniel Carlson / Drake London / Jahan Dotson / Nick Folk,48500,48000-48900,5-1,1,89.58,119.96,128.42,147.11,0.0115,0,2,FORCED_CAPTAIN
3549,Michael Penix Jr.,QB,Drake London / Jahan Dotson / Juwan Johnson / Kyle Pitts Sr. / Tyler Shough,49300,49000-49400,4-2,1,90.84,124.34,136.18,152.24,0.0115,0,2,EXACT_OR_NEAR_OPTIMAL
3562,Nick Folk,K,Alvin Kamara / Bijan Robinson / Chris Olave / Daniel Carlson / Falcons,46100,<48000,3-3,0,91.37,114.01,121.38,135.78,0.0115,0,0,FORCED_CAPTAIN
3609,Nick Folk,K,Austin Hooper / Bijan Robinson / Chris Olave / Daniel Carlson / Tyler Shough,47900,<48000,3-3,0,98.19,125.64,134.09,152.27,0.0115,0,0,FORCED_CAPTAIN
3698,Nick Muse,TE,Alvin Kamara / Bijan Robinson / Chris Olave / Michael Penix Jr. / Tyler Shough,48500,48000-48900,3-3,1,103.16,133.19,144.18,164.86,0.0115,0,2,FORCED_CAPTAIN
3976,Oscar Delp,TE,Bijan Robinson / Chris Olave / Daniel Carlson / Drake London / Michael Penix Jr.,47000,<48000,3-3,1,97.82,128.4,137.66,156.56,0.0115,0,2,FORCED_CAPTAIN
3981,Oscar Delp,TE,Bijan Robinson / Chris Olave / Devaughn Vele / Drake London / Juwan Johnson,48400,48000-48900,2-4,0,101.07,130.17,138.19,157.68,0.0115,0,1,FORCED_CAPTAIN
4002,Oscar Delp,TE,Bijan Robinson / Chris Olave / Juwan Johnson / Nick Folk / Tyler Shough,45600,<48000,2-4,1,100.38,131.5,140.29,163.62,0.0115,0,2,FORCED_CAPTAIN
4044,Saints,DST,Alvin Kamara / Bijan Robinson / Chris Olave / Daniel Carlson / Devaughn Vele,48500,48000-48900,1-5,0,94.79,115.92,124.47,140.87,0.0115,1,1,EXACT_OR_NEAR_OPTIMAL
4060,Saints,DST,Alvin Kamara / Bijan Robinson / Drake London / Falcons / Michael Penix Jr.,47700,<48000,4-2,1,90.44,115.34,123.51,136.53,0.0115,0,1,FORCED_CAPTAIN
4071,Saints,DST,Alvin Kamara / Chris Olave / Devaughn Vele / Drake London / Juwan Johnson,49300,49000-49400,1-5,0,96.34,122.24,131.61,146.12,0.0115,1,1,EXACT_OR_NEAR_OPTIMAL
4077,Saints,DST,Alvin Kamara / Chris Olave / Drake London / Kyle Pitts Sr. / Tyler Shough,49500,49500-49900,2-4,1,96.74,125.38,134.54,155.05,0.0115,1,1,EXACT_OR_NEAR_OPTIMAL
4125,Saints,DST,Bijan Robinson / Chris Olave / Michael Penix Jr. / Olamide Zaccheaus / Tyler Shough,49500,49500-49900,3-3,1,101.71,129.47,139.11,159.33,0.0115,0,2,FORCED_CAPTAIN
4152,Saints,DST,Chris Olave / Devaughn Vele / Drake London / Kendre Miller / Tyler Shough,49500,49500-49900,1-5,1,92.72,122.15,132.16,147.94,0.0115,0,2,FORCED_CAPTAIN
4532,Tyler Shough,QB,Alvin Kamara / Austin Hooper / Chris Olave / Falcons / Michael Penix Jr.,47600,<48000,3-3,1,97.6,128.35,137.37,155.25,0.0115,0,1,EXACT_OR_NEAR_OPTIMAL
4701,Tyler Shough,QB,Austin Hooper / Bijan Robinson / Drake London / Juwan Johnson / Treyton Welch,46600,<48000,3-3,1,99.83,131.84,140.79,159.48,0.0115,1,2,EXACT_OR_NEAR_OPTIMAL
4774,Tyler Shough,QB,Bijan Robinson / Devaughn Vele / Falcons / Jahan Dotson / Michael Penix Jr.,49600,49500-49900,4-2,1,95.75,124.0,134.49,150.81,0.0115,1,1,EXACT_OR_NEAR_OPTIMAL
4857,Tyler Shough,QB,Daniel Carlson / Devaughn Vele / Juwan Johnson / Kyle Pitts Sr. / Michael Penix Jr.,49200,49000-49400,2-4,1,89.94,122.19,130.97,153.63,0.0115,0,1,EXACT_OR_NEAR_OPTIMAL
87,Alvin Kamara,RB,Bijan Robinson / Falcons / Juwan Johnson / Kyle Pitts Sr. / Tyler Shough,48700,48000-48900,3-3,1,95.87,121.9,131.1,147.76,0.011,0,1,FORCED_CAPTAIN
104,Alvin Kamara,RB,Brian Robinson Jr. / Chris Olave / Drake London / Michael Penix Jr. / Nick Folk,49500,49500-49900,4-2,1,94.02,123.1,131.83,151.49,0.011,0,1,FORCED_CAPTAIN
128,Alvin Kamara,RB,Chris Olave / Daniel Carlson / Devaughn Vele / Kyle Pitts Sr. / Tyler Shough,49300,49000-49400,1-5,1,93.37,122.58,132.62,149.78,0.011,0,2,FORCED_CAPTAIN
227,Austin Hooper,TE,Alvin Kamara / Bijan Robinson / Devaughn Vele / Michael Penix Jr. / Tyler Shough,49400,49000-49400,3-3,1,93.95,121.96,131.51,150.47,0.011,0,1,FORCED_CAPTAIN
250,Austin Hooper,TE,Alvin Kamara / Drake London / Juwan Johnson / Michael Penix Jr. / Tyler Shough,47200,<48000,3-3,1,93.08,125.0,134.6,154.04,0.011,0,2,EXACT_OR_NEAR_OPTIMAL
503,Bijan Robinson,RB,Alvin Kamara / Chris Olave / Daniel Carlson / Oscar Delp / Saints,44900,<48000,1-5,0,94.97,118.74,128.07,143.88,0.011,1,2,EXACT_OR_NEAR_OPTIMAL
542,Bijan Robinson,RB,Alvin Kamara / Devaughn Vele / Falcons / Jahan Dotson / Michael Penix Jr.,48100,48000-48900,4-2,1,88.73,115.68,124.76,143.41,0.011,1,2,EXACT_OR_NEAR_OPTIMAL
605,Bijan Robinson,RB,Barion Brown / Daniel Carlson / Drake London / Michael Penix Jr. / Nick Folk,48100,48000-48900,4-2,1,91.03,120.8,129.76,149.66,0.011,1,2,EXACT_OR_NEAR_OPTIMAL
640,Bijan Robinson,RB,Bryce Lance / Chris Olave / Daniel Carlson / Juwan Johnson / Kendre Miller,47500,<48000,1-5,0,95.91,124.35,132.53,151.48,0.011,1,2,EXACT_OR_NEAR_OPTIMAL
778,Bijan Robinson,RB,Falcons / Juwan Johnson / Kyle Pitts Sr. / Michael Penix Jr. / Nick Folk,48900,48000-48900,5-1,1,89.13,116.97,125.29,144.85,0.011,1,3,EXACT_OR_NEAR_OPTIMAL
879,Brian Robinson Jr.,RB,Bijan Robinson / Juwan Johnson / Michael Penix Jr. / Nick Folk / Tyler Shough,48900,48000-48900,4-2,1,94.82,122.68,132.0,150.22,0.011,0,2,FORCED_CAPTAIN
898,Brian Robinson Jr.,RB,Devaughn Vele / Drake London / Juwan Johnson / Michael Penix Jr. / Tyler Shough,49500,49500-49900,3-3,1,91.96,123.84,134.03,153.7,0.011,1,2,EXACT_OR_NEAR_OPTIMAL
925,Bryce Lance,WR,Alvin Kamara / Bijan Robinson / Drake London / Juwan Johnson / Michael Penix Jr.,47900,<48000,3-3,1,95.22,125.56,134.14,151.62,0.011,0,2,FORCED_CAPTAIN
974,Bryce Lance,WR,Bijan Robinson / Chris Olave / Drake London / Falcons / Michael Penix Jr.,47900,<48000,4-2,1,96.67,126.59,136.63,154.2,0.011,0,2,FORCED_CAPTAIN
1134,CJ Donaldson,RB,Chris Olave / Drake London / Juwan Johnson / Michael Penix Jr. / Tyler Shough,48900,48000-48900,2-4,1,100.4,134.28,144.99,162.26,0.011,0,3,EXACT_OR_NEAR_OPTIMAL
1720,Chris Olave,WR,Brian Robinson Jr. / Devaughn Vele / Nick Folk / Saints / Tyler Shough,47000,<48000,2-4,1,91.05,123.62,134.14,150.99,0.011,0,1,EXACT_OR_NEAR_OPTIMAL
1830,Chris Olave,WR,Falcons / Michael Penix Jr. / Nick Folk / Saints / Tyler Shough,48000,48000-48900,3-3,0,96.32,126.39,136.68,153.78,0.011,0,0,EXACT_OR_NEAR_OPTIMAL
1906,Daniel Carlson,K,Bijan Robinson / Charlie Woerner / Chris Olave / Devaughn Vele / Tyler Shough,47800,<48000,2-4,1,98.45,126.39,138.12,157.99,0.011,0,1,FORCED_CAPTAIN
1988,Devaughn Vele,WR,Alvin Kamara / Bijan Robinson / Michael Penix Jr. / Nick Muse / Tyler Shough,49300,49000-49400,3-3,1,94.01,123.5,132.57,150.98,0.011,0,1,FORCED_CAPTAIN
1996,Devaughn Vele,WR,Alvin Kamara / Bryce Lance / Drake London / Juwan Johnson / Tyler Shough,47500,<48000,1-5,1,91.52,123.61,134.53,156.08,0.011,0,2,FORCED_CAPTAIN
2009,Devaughn Vele,WR,Alvin Kamara / Daniel Carlson / Drake London / Juwan Johnson / Michael Penix Jr.,49900,49500-49900,2-4,0,90.3,118.55,128.05,146.53,0.011,0,0,EXACT_OR_NEAR_OPTIMAL
2090,Devaughn Vele,WR,Chris Olave / Drake London / Falcons / Olamide Zaccheaus / Tyler Shough,47700,<48000,3-3,1,92.69,124.19,133.65,155.15,0.011,0,1,EXACT_OR_NEAR_OPTIMAL
2103,Devaughn Vele,WR,Daniel Carlson / Drake London / Juwan Johnson / Kyle Pitts Sr. / Tyler Shough,49300,49000-49400,2-4,1,88.89,119.23,130.15,150.98,0.011,0,1,EXACT_OR_NEAR_OPTIMAL
2164,Drake London,WR,Alvin Kamara / Brian Robinson Jr. / Chris Olave / Daniel Carlson / Devaughn Vele,49200,49000-49400,2-4,0,93.61,121.92,130.72,150.08,0.011,0,0,EXACT_OR_NEAR_OPTIMAL
2452,Drake London,WR,Chris Olave / Falcons / Jahan Dotson / Michael Penix Jr. / Nick Folk,46800,<48000,5-1,1,88.57,118.24,130.01,153.75,0.011,0,2,EXACT_OR_NEAR_OPTIMAL
2543,Falcons,DST,Alvin Kamara / Bijan Robinson / Drake London / Juwan Johnson / Nick Folk,47000,<48000,4-2,0,92.13,116.69,124.8,138.31,0.011,0,0,FORCED_CAPTAIN
2571,Falcons,DST,Alvin Kamara / Drake London / Juwan Johnson / Michael Penix Jr. / Tyler Shough,48400,48000-48900,3-3,1,96.03,124.79,133.19,150.96,0.011,0,2,EXACT_OR_NEAR_OPTIMAL
2587,Falcons,DST,Bijan Robinson / Brian Robinson Jr. / Drake London / Juwan Johnson / Michael Penix Jr.,47400,<48000,5-1,1,90.58,118.17,127.09,143.71,0.011,1,3,EXACT_OR_NEAR_OPTIMAL
2641,Falcons,DST,Bijan Robinson / Juwan Johnson / Michael Penix Jr. / Nick Folk / Tyler Shough,48600,48000-48900,4-2,0,96.25,122.36,131.34,147.02,0.011,1,1,EXACT_OR_NEAR_OPTIMAL
2692,Jahan Dotson,WR,Alvin Kamara / Drake London / Juwan Johnson / Michael Penix Jr. / Tyler Shough,47500,<48000,3-3,1,93.75,125.2,134.81,153.43,0.011,0,2,FORCED_CAPTAIN
2767,Jahan Dotson,WR,Chris Olave / Drake London / Juwan Johnson / Nick Folk / Tyler Shough,47700,<48000,3-3,1,98.3,131.25,138.48,158.25,0.011,0,2,FORCED_CAPTAIN
2778,Juwan Johnson,TE,Alvin Kamara / Austin Hooper / Chris Olave / Devaughn Vele / Drake London,49500,49500-49900,2-4,0,98.24,128.74,137.14,156.4,0.011,1,0,EXACT_OR_NEAR_OPTIMAL
2878,Juwan Johnson,TE,Alvin Kamara / Devaughn Vele / Falcons / Michael Penix Jr. / Tyler Shough,48100,48000-48900,2-4,1,92.33,121.79,131.66,152.18,0.011,0,1,EXACT_OR_NEAR_OPTIMAL
2967,Juwan Johnson,TE,Bijan Robinson / Drake London / Michael Penix Jr. / Nick Folk / Zachariah Branch,49700,49500-49900,5-1,1,94.21,125.29,134.68,151.34,0.011,1,3,EXACT_OR_NEAR_OPTIMAL
3064,Kendre Miller,RB,Alvin Kamara / Chris Olave / Daniel Carlson / Drake London / Tyler Shough,49700,49500-49900,1-5,1,96.02,124.86,133.86,152.34,0.011,0,2,FORCED_CAPTAIN
3101,Kendre Miller,RB,Bijan Robinson / Chris Olave / Drake London / Nick Muse / Tyler Shough,49900,49500-49900,3-3,1,99.79,129.32,141.09,158.2,0.011,0,2,FORCED_CAPTAIN
3141,Kendre Miller,RB,Chris Olave / Drake London / Juwan Johnson / Saints / Tyler Shough,49500,49500-49900,1-5,1,96.47,127.7,137.62,152.55,0.011,0,3,FORCED_CAPTAIN
3301,Kyle Pitts Sr.,TE,Alvin Kamara / Chris Olave / Daniel Carlson / Michael Penix Jr. / Tyler Shough,49900,49500-49900,2-4,1,93.41,122.81,132.82,149.59,0.011,0,1,FORCED_CAPTAIN
3508,Michael Penix Jr.,QB,Bijan Robinson / Drake London / Juwan Johnson / Kyle Pitts Sr. / Oscar Delp,48900,48000-48900,4-2,1,91.77,124.89,133.45,152.13,0.011,0,2,FORCED_CAPTAIN
3543,Michael Penix Jr.,QB,Chris Olave / Juwan Johnson / Kyle Pitts Sr. / Olamide Zaccheaus / Tyler Shough,49100,49000-49400,3-3,1,94.83,127.44,138.14,160.41,0.011,1,2,EXACT_OR_NEAR_OPTIMAL
3568,Nick Folk,K,Alvin Kamara / Bijan Robinson / Chris Olave / Jahan Dotson / Michael Penix Jr.,49700,49500-49900,4-2,1,96.57,123.02,131.01,151.25,0.011,1,1,EXACT_OR_NEAR_OPTIMAL
3616,Nick Folk,K,Bijan Robinson / Brian Robinson Jr. / Chris Olave / Falcons / Tyler Shough,47700,<48000,4-2,0,96.21,123.29,131.92,148.83,0.011,0,0,FORCED_CAPTAIN
3666,Nick Folk,K,Chris Olave / Devaughn Vele / Juwan Johnson / Kyle Pitts Sr. / Tyler Shough,49500,49500-49900,2-4,1,92.25,124.64,135.09,152.77,0.011,0,1,FORCED_CAPTAIN
3838,Olamide Zaccheaus,WR,Bijan Robinson / Brian Robinson Jr. / Chris Olave / Drake London / Tyler Shough,49000,49000-49400,4-2,0,102.42,132.66,142.99,161.13,0.011,0,1,FORCED_CAPTAIN
3846,Olamide Zaccheaus,WR,Bijan Robinson / Chris Olave / Daniel Carlson / Drake London / Juwan Johnson,47800,<48000,3-3,0,100.09,126.98,135.33,152.85,0.011,0,1,FORCED_CAPTAIN
4059,Saints,DST,Alvin Kamara / Bijan Robinson / Drake London / Falcons / Juwan Johnson,46100,<48000,3-3,0,91.27,114.25,121.53,133.08,0.011,0,0,FORCED_CAPTAIN
4118,Saints,DST,Bijan Robinson / Chris Olave / Drake London / Michael Penix Jr. / Oscar Delp,48300,48000-48900,3-3,1,98.3,126.36,135.52,152.98,0.011,0,2,FORCED_CAPTAIN
4579,Tyler Shough,QB,Alvin Kamara / Brian Robinson Jr. / Devaughn Vele / Drake London / Nick Folk,48400,48000-48900,3-3,1,90.9,121.42,130.98,151.31,0.011,0,1,EXACT_OR_NEAR_OPTIMAL
4585,Tyler Shough,QB,Alvin Kamara / Brian Robinson Jr. / Drake London / Michael Penix Jr. / Saints,48400,48000-48900,3-3,1,93.88,123.25,132.29,151.22,0.011,0,1,EXACT_OR_NEAR_OPTIMAL
4641,Tyler Shough,QB,Alvin Kamara / Daniel Carlson / Devaughn Vele / Drake London / Kyle Pitts Sr.,49800,49500-49900,2-4,1,92.11,121.59,130.0,151.05,0.011,1,1,EXACT_OR_NEAR_OPTIMAL
4680,Tyler Shough,QB,Alvin Kamara / Drake London / Jahan Dotson / Kyle Pitts Sr. / Michael Penix Jr.,49200,49000-49400,4-2,1,91.9,124.1,132.8,152.81,0.011,0,1,EXACT_OR_NEAR_OPTIMAL
4799,Tyler Shough,QB,Brian Robinson Jr. / Devaughn Vele / Drake London / Juwan Johnson / Saints,47600,<48000,2-4,1,92.08,124.24,133.82,154.24,0.011,1,1,EXACT_OR_NEAR_OPTIMAL
4803,Tyler Shough,QB,Bryce Lance / Chris Olave / Daniel Carlson / Juwan Johnson / Nick Folk,44600,<48000,1-5,1,94.7,128.51,137.42,157.23,0.011,0,2,EXACT_OR_NEAR_OPTIMAL
4868,Tyler Shough,QB,Devaughn Vele / Drake London / Falcons / Juwan Johnson / Saints,47400,<48000,2-4,1,93.04,123.72,133.03,150.55,0.011,0,1,EXACT_OR_NEAR_OPTIMAL
4946,Zachariah Branch,WR,Bijan Robinson / Chris Olave / Daniel Carlson / Drake London / Michael Penix Jr.,50000,50000,4-2,1,96.74,126.88,137.07,153.89,0.011,0,3,EXACT_OR_NEAR_OPTIMAL
119,Alvin Kamara,RB,Bryce Lance / Chris Olave / Drake London / Kendre Miller / Tyler Shough,47700,<48000,1-5,1,95.07,126.17,136.61,154.86,0.0105,1,2,EXACT_OR_NEAR_OPTIMAL
147,Alvin Kamara,RB,Chris Olave / Devaughn Vele / Kyle Pitts Sr. / Saints / Tyler Shough,48700,48000-48900,1-5,1,91.31,120.21,130.57,147.07,0.0105,0,2,EXACT_OR_NEAR_OPTIMAL
175,Alvin Kamara,RB,Daniel Carlson / Devaughn Vele / Drake London / Saints / Tyler Shough,46900,<48000,1-5,1,89.13,115.43,123.67,138.6,0.0105,0,2,EXACT_OR_NEAR_OPTIMAL
206,Alvin Kamara,RB,Drake London / Juwan Johnson / Kyle Pitts Sr. / Saints / Tyler Shough,47500,<48000,2-4,1,90.8,119.24,129.25,144.9,0.0105,1,1,EXACT_OR_NEAR_OPTIMAL
241,Austin Hooper,TE,Alvin Kamara / Chris Olave / Devaughn Vele / Michael Penix Jr. / Tyler Shough,48400,48000-48900,2-4,1,93.6,124.13,133.99,154.65,0.0105,0,1,FORCED_CAPTAIN
290,Austin Hooper,TE,Bijan Robinson / Chris Olave / Jahan Dotson / Juwan Johnson / Tyler Shough,46800,<48000,3-3,1,99.86,130.4,140.62,163.88,0.0105,0,2,FORCED_CAPTAIN
593,Bijan Robinson,RB,Austin Hooper / Chris Olave / Jahan Dotson / Kyle Pitts Sr. / Michael Penix Jr.,49100,49000-49400,5-1,1,92.87,123.54,133.8,158.46,0.0105,0,3,FORCED_CAPTAIN
728,Bijan Robinson,RB,Daniel Carlson / Devaughn Vele / Drake London / Falcons / Kendre Miller,48900,48000-48900,3-3,0,88.01,113.16,122.37,138.28,0.0105,1,1,EXACT_OR_NEAR_OPTIMAL
798,Brian Robinson Jr.,RB,Alvin Kamara / Bijan Robinson / Daniel Carlson / Drake London / Tyler Shough,48900,48000-48900,3-3,0,97.72,123.66,131.19,146.31,0.0105,1,0,EXACT_OR_NEAR_OPTIMAL
806,Brian Robinson Jr.,RB,Alvin Kamara / Chris Olave / Daniel Carlson / Drake London / Tyler Shough,47900,<48000,2-4,1,97.37,126.35,134.74,153.3,0.0105,0,1,FORCED_CAPTAIN
823,Brian Robinson Jr.,RB,Alvin Kamara / Drake London / Juwan Johnson / Michael Penix Jr. / Tyler Shough,48700,48000-48900,3-3,1,94.6,125.79,135.01,154.27,0.0105,0,2,EXACT_OR_NEAR_OPTIMAL
833,Brian Robinson Jr.,RB,Bijan Robinson / Chris Olave / Daniel Carlson / Drake London / Nick Folk,48500,48000-48900,4-2,0,95.14,121.15,128.41,145.71,0.0105,0,0,FORCED_CAPTAIN
856,Brian Robinson Jr.,RB,Bijan Robinson / Chris Olave / Michael Penix Jr. / Olamide Zaccheaus / Tyler Shough,48900,48000-48900,4-2,1,98.86,129.0,140.09,160.55,0.0105,0,2,FORCED_CAPTAIN
866,Brian Robinson Jr.,RB,Bijan Robinson / Daniel Carlson / Juwan Johnson / Michael Penix Jr. / Tyler Shough,48300,48000-48900,3-3,1,95.55,123.32,133.01,148.59,0.0105,0,2,FORCED_CAPTAIN
1144,Charlie Woerner,TE,Alvin Kamara / Bijan Robinson / Chris Olave / Devaughn Vele / Tyler Shough,47900,<48000,2-4,1,99.4,129.85,140.31,158.54,0.0105,0,1,FORCED_CAPTAIN
1239,Charlie Woerner,TE,Bijan Robinson / Devaughn Vele / Drake London / Michael Penix Jr. / Tyler Shough,49100,49000-49400,4-2,1,95.4,127.04,136.94,153.65,0.0105,0,2,FORCED_CAPTAIN
1322,Chris Blair,WR,Bijan Robinson / Chris Olave / Daniel Carlson / Drake London / Tyler Shough,48500,48000-48900,3-3,0,102.98,132.64,141.87,164.73,0.0105,0,1,EXACT_OR_NEAR_OPTIMAL
1811,Chris Olave,WR,Drake London / Jahan Dotson / Michael Penix Jr. / Nick Folk / Saints,47800,<48000,4-2,1,92.34,122.75,132.95,152.75,0.0105,1,1,EXACT_OR_NEAR_OPTIMAL
1844,Daniel Carlson,K,Alvin Kamara / Bijan Robinson / Brian Robinson Jr. / Juwan Johnson / Tyler Shough,46800,<48000,2-4,1,95.86,121.78,129.8,145.85,0.0105,0,1,FORCED_CAPTAIN
1936,Daniel Carlson,K,Bijan Robinson / Devaughn Vele / Michael Penix Jr. / Saints / Tyler Shough,49600,49500-49900,2-4,0,94.27,118.51,126.78,142.34,0.0105,0,0,FORCED_CAPTAIN
1947,Daniel Carlson,K,Brian Robinson Jr. / Chris Olave / Juwan Johnson / Michael Penix Jr. / Tyler Shough,47800,<48000,2-4,1,97.18,126.85,136.83,152.16,0.0105,0,2,FORCED_CAPTAIN
1959,Daniel Carlson,K,Chris Olave / Drake London / Kevin Austin Jr. / Michael Penix Jr. / Tyler Shough,47400,<48000,2-4,1,97.12,128.69,137.35,156.43,0.0105,0,2,FORCED_CAPTAIN
1985,Devaughn Vele,WR,Alvin Kamara / Bijan Robinson / Jahan Dotson / Juwan Johnson / Michael Penix Jr.,49900,49500-49900,3-3,1,91.79,119.7,128.85,146.58,0.0105,0,1,FORCED_CAPTAIN
2080,Devaughn Vele,WR,Brian Robinson Jr. / Chris Olave / Drake London / Oscar Delp / Tyler Shough,46300,<48000,2-4,1,90.78,122.71,134.13,151.16,0.0105,0,1,FORCED_CAPTAIN
2093,Devaughn Vele,WR,Chris Olave / Drake London / Juwan Johnson / Michael Penix Jr. / Oscar Delp,49300,49000-49400,2-4,0,95.16,126.53,136.94,156.57,0.0105,0,1,FORCED_CAPTAIN
2110,Devaughn Vele,WR,Drake London / Juwan Johnson / Kyle Pitts Sr. / Nick Folk / Tyler Shough,49900,49500-49900,3-3,1,88.16,119.69,130.49,150.61,0.0105,0,1,FORCED_CAPTAIN
2187,Drake London,WR,Alvin Kamara / Charlie Woerner / Chris Olave / Falcons / Tyler Shough,46600,<48000,3-3,1,97.79,128.0,138.32,159.79,0.0105,1,1,EXACT_OR_NEAR_OPTIMAL
2258,Drake London,WR,Alvin Kamara / Falcons / Juwan Johnson / Michael Penix Jr. / Nick Folk,47400,<48000,4-2,0,88.65,117.15,127.88,147.84,0.0105,1,0,EXACT_OR_NEAR_OPTIMAL
2371,Drake London,WR,Bijan Robinson / Daniel Carlson / Juwan Johnson / Kendre Miller / Nick Folk,49400,49000-49400,3-3,0,92.41,120.23,128.24,145.7,0.0105,1,0,EXACT_OR_NEAR_OPTIMAL
2476,Drake London,WR,Daniel Carlson / Devaughn Vele / Juwan Johnson / Kyle Pitts Sr. / Michael Penix Jr.,49800,49500-49900,3-3,1,86.26,117.86,126.36,147.32,0.0105,0,1,EXACT_OR_NEAR_OPTIMAL
2544,Falcons,DST,Alvin Kamara / Bijan Robinson / Drake London / Juwan Johnson / Saints,45800,<48000,3-3,0,90.81,114.58,121.45,133.84,0.0105,0,0,FORCED_CAPTAIN
2546,Falcons,DST,Alvin Kamara / Bijan Robinson / Drake London / Kyle Pitts Sr. / Michael Penix Jr.,49000,49000-49400,5-1,1,88.55,115.76,124.07,142.35,0.0105,0,2,FORCED_CAPTAIN
2634,Falcons,DST,Bijan Robinson / Drake London / Jahan Dotson / Michael Penix Jr. / Tyler Shough,48800,48000-48900,5-1,1,96.31,123.67,133.6,148.85,0.0105,0,3,FORCED_CAPTAIN
2673,Jahan Dotson,WR,Alvin Kamara / Bijan Robinson / Devaughn Vele / Juwan Johnson / Tyler Shough,48100,48000-48900,2-4,1,95.45,124.19,132.65,151.75,0.0105,0,1,FORCED_CAPTAIN
2739,Jahan Dotson,WR,Bijan Robinson / Daniel Carlson / Drake London / Juwan Johnson / Michael Penix Jr.,47500,<48000,4-2,1,92.25,121.6,129.58,148.14,0.0105,0,2,FORCED_CAPTAIN
2750,Jahan Dotson,WR,Bijan Robinson / Drake London / Falcons / Michael Penix Jr. / Tyler Shough,48500,48000-48900,5-1,1,95.55,123.67,132.86,151.9,0.0105,0,3,FORCED_CAPTAIN
2754,Jahan Dotson,WR,Bijan Robinson / Drake London / Michael Penix Jr. / Saints / Tyler Shough,49100,49000-49400,4-2,1,96.48,124.65,133.44,152.1,0.0105,0,2,FORCED_CAPTAIN
2869,Juwan Johnson,TE,Alvin Kamara / Daniel Carlson / Michael Penix Jr. / Saints / Tyler Shough,45700,<48000,1-5,1,90.85,118.68,128.67,143.99,0.0105,0,2,EXACT_OR_NEAR_OPTIMAL
3182,Kevin Austin Jr.,WR,Alvin Kamara / Bijan Robinson / Drake London / Michael Penix Jr. / Tyler Shough,48600,48000-48900,3-3,1,98.59,130.16,139.24,156.96,0.0105,0,2,FORCED_CAPTAIN
3348,Kyle Pitts Sr.,TE,Bijan Robinson / Chris Olave / Juwan Johnson / Oscar Delp / Tyler Shough,48700,48000-48900,2-4,1,99.47,130.53,141.14,162.65,0.0105,0,2,FORCED_CAPTAIN
3405,Michael Penix Jr.,QB,Alvin Kamara / Bijan Robinson / Chris Olave / Daniel Carlson / Kevin Austin Jr.,48700,48000-48900,2-4,0,97.69,125.45,134.07,152.86,0.0105,0,0,FORCED_CAPTAIN
3443,Michael Penix Jr.,QB,Alvin Kamara / Drake London / Jahan Dotson / Kyle Pitts Sr. / Tyler Shough,48900,48000-48900,4-2,1,88.33,120.08,130.5,149.25,0.0105,0,1,EXACT_OR_NEAR_OPTIMAL
3643,Nick Folk,K,Bijan Robinson / Chris Olave / Kendre Miller / Saints / Tyler Shough,49500,49500-49900,2-4,1,96.24,122.45,131.16,147.69,0.0105,1,1,EXACT_OR_NEAR_OPTIMAL
3654,Nick Folk,K,Bijan Robinson / Drake London / Jahan Dotson / Juwan Johnson / Michael Penix Jr.,49300,49000-49400,5-1,1,93.41,122.93,132.02,148.87,0.0105,0,3,FORCED_CAPTAIN
3762,Nick Muse,TE,Bijan Robinson / Chris Olave / Drake London / Nick Folk / Tyler Shough,47900,<48000,4-2,0,102.04,131.22,142.49,162.93,0.0105,0,1,FORCED_CAPTAIN
4063,Saints,DST,Alvin Kamara / Bijan Robinson / Falcons / Juwan Johnson / Tyler Shough,45700,<48000,2-4,1,93.73,116.79,124.77,140.39,0.0105,0,1,FORCED_CAPTAIN
4099,Saints,DST,Bijan Robinson / Bryce Lance / Chris Olave / Devaughn Vele / Tyler Shough,48100,48000-48900,1-5,1,97.67,126.0,135.71,155.36,0.0105,0,2,FORCED_CAPTAIN
4149,Saints,DST,Chris Olave / Daniel Carlson / Drake London / Nick Folk / Tyler Shough,46900,<48000,2-4,0,94.43,121.09,128.72,146.42,0.0105,1,0,EXACT_OR_NEAR_OPTIMAL
4858,Tyler Shough,QB,Daniel Carlson / Devaughn Vele / Juwan Johnson / Michael Penix Jr. / Nick Folk,48800,48000-48900,2-4,1,92.68,123.55,132.92,155.31,0.0105,0,1,EXACT_OR_NEAR_OPTIMAL
4872,Tyler Shough,QB,Devaughn Vele / Drake London / Juwan Johnson / Kendre Miller / Saints,48800,48000-48900,1-5,1,91.18,123.7,132.88,150.29,0.0105,0,2,EXACT_OR_NEAR_OPTIMAL
4919,Zachariah Branch,WR,Alvin Kamara / Chris Olave / Drake London / Michael Penix Jr. / Tyler Shough,50000,50000,3-3,1,98.24,131.05,140.53,162.52,0.0105,0,3,EXACT_OR_NEAR_OPTIMAL
9,Alvin Kamara,RB,Austin Hooper / Chris Olave / Daniel Carlson / Michael Penix Jr. / Tyler Shough,47500,<48000,2-4,1,96.19,125.66,134.42,151.65,0.01,0,1,EXACT_OR_NEAR_OPTIMAL
19,Alvin Kamara,RB,Bijan Robinson / Brian Robinson Jr. / Daniel Carlson / Devaughn Vele / Drake London,48700,48000-48900,3-3,0,90.79,114.88,123.99,138.54,0.01,0,0,FORCED_CAPTAIN
139,Alvin Kamara,RB,Chris Olave / Daniel Carlson / Nick Folk / Saints / Tyler Shough,45300,<48000,1-5,1,91.64,117.84,125.38,140.88,0.01,0,2,EXACT_OR_NEAR_OPTIMAL
152,Alvin Kamara,RB,Chris Olave / Drake London / Jahan Dotson / Kyle Pitts Sr. / Michael Penix Jr.,49100,49000-49400,4-2,1,90.71,120.58,130.5,149.95,0.01,0,1,FORCED_CAPTAIN
193,Alvin Kamara,RB,Devaughn Vele / Drake London / Michael Penix Jr. / Tyler Shough / Zachariah Branch,49300,49000-49400,3-3,1,90.05,120.91,130.68,150.14,0.01,0,1,EXACT_OR_NEAR_OPTIMAL
209,Alvin Kamara,RB,Drake London / Kyle Pitts Sr. / Michael Penix Jr. / Saints / Tyler Shough,49100,49000-49400,3-3,1,89.96,118.95,127.62,145.81,0.01,0,1,EXACT_OR_NEAR_OPTIMAL
215,Austin Hooper,TE,Alvin Kamara / Bijan Robinson / Chris Olave / Daniel Carlson / Michael Penix Jr.,47600,<48000,3-3,1,94.74,120.71,130.62,149.28,0.01,0,1,FORCED_CAPTAIN
563,Bijan Robinson,RB,Alvin Kamara / Jahan Dotson / Juwan Johnson / Kendre Miller / Michael Penix Jr.,49100,49000-49400,3-3,1,92.01,121.13,128.56,146.95,0.01,1,2,EXACT_OR_NEAR_OPTIMAL
574,Bijan Robinson,RB,Austin Hooper / Brian Robinson Jr. / Drake London / Nick Folk / Tyler Shough,49300,49000-49400,5-1,0,97.65,125.41,134.5,149.52,0.01,1,2,EXACT_OR_NEAR_OPTIMAL
650,Bijan Robinson,RB,Bryce Lance / Chris Olave / Juwan Johnson / Kyle Pitts Sr. / Nick Folk,48900,48000-48900,3-3,0,96.55,125.25,134.35,153.03,0.01,1,1,EXACT_OR_NEAR_OPTIMAL
750,Bijan Robinson,RB,Daniel Carlson / Kyle Pitts Sr. / Michael Penix Jr. / Olamide Zaccheaus / Tyler Shough,48900,48000-48900,4-2,1,92.96,120.22,130.87,148.2,0.01,1,2,EXACT_OR_NEAR_OPTIMAL
792,Brian Robinson Jr.,RB,Alvin Kamara / Bijan Robinson / Chris Olave / Jahan Dotson / Tyler Shough,47900,<48000,3-3,1,98.86,128.29,137.06,158.23,0.01,0,1,FORCED_CAPTAIN
800,Brian Robinson Jr.,RB,Alvin Kamara / Bijan Robinson / Devaughn Vele / Drake London / Juwan Johnson,49700,49500-49900,3-3,0,93.84,119.41,128.96,143.21,0.01,0,0,FORCED_CAPTAIN
835,Brian Robinson Jr.,RB,Bijan Robinson / Chris Olave / Daniel Carlson / Nick Folk / Tyler Shough,48100,48000-48900,3-3,0,97.59,125.05,133.44,151.12,0.01,0,0,FORCED_CAPTAIN
1003,Bryce Lance,WR,Bijan Robinson / Drake London / Michael Penix Jr. / Nick Folk / Tyler Shough,48500,48000-48900,4-2,1,95.72,126.89,135.04,152.15,0.01,0,2,FORCED_CAPTAIN
1257,Charlie Woerner,TE,Chris Olave / Drake London / Juwan Johnson / Michael Penix Jr. / Tyler Shough,47700,<48000,3-3,1,100.2,134.72,144.68,161.66,0.01,0,3,FORCED_CAPTAIN
1345,Chris Blair,WR,Bijan Robinson / Chris Olave / Drake London / Nick Folk / Tyler Shough,49100,49000-49400,4-2,0,102.24,131.53,142.75,163.49,0.01,0,1,EXACT_OR_NEAR_OPTIMAL
1845,Daniel Carlson,K,Alvin Kamara / Bijan Robinson / Bryce Lance / Chris Olave / Michael Penix Jr.,47600,<48000,2-4,0,96.28,122.03,130.14,148.43,0.01,0,0,FORCED_CAPTAIN
1879,Daniel Carlson,K,Alvin Kamara / Chris Olave / Kyle Pitts Sr. / Michael Penix Jr. / Tyler Shough,49400,49000-49400,2-4,1,95.15,123.72,133.4,148.34,0.01,0,1,FORCED_CAPTAIN
2012,Devaughn Vele,WR,Alvin Kamara / Daniel Carlson / Drake London / Saints / Tyler Shough,47300,<48000,1-5,1,87.81,114.95,123.54,139.34,0.01,0,2,EXACT_OR_NEAR_OPTIMAL
2052,Devaughn Vele,WR,Bijan Robinson / Chris Olave / Drake London / Kevin Austin Jr. / Saints,49300,49000-49400,2-4,0,95.51,122.83,131.31,148.72,0.01,0,0,FORCED_CAPTAIN
2066,Devaughn Vele,WR,Bijan Robinson / Drake London / Falcons / Juwan Johnson / Saints,48700,48000-48900,3-3,0,90.87,116.21,124.52,142.92,0.01,0,0,FORCED_CAPTAIN
2074,Devaughn Vele,WR,Bijan Robinson / Juwan Johnson / Kendre Miller / Saints / Tyler Shough,49700,49500-49900,1-5,1,91.46,119.17,128.9,148.21,0.01,0,2,FORCED_CAPTAIN
2084,Devaughn Vele,WR,Bryce Lance / Chris Olave / Drake London / Kyle Pitts Sr. / Tyler Shough,49700,49500-49900,2-4,1,92.49,125.26,136.17,156.76,0.01,1,1,EXACT_OR_NEAR_OPTIMAL
2165,Drake London,WR,Alvin Kamara / Brian Robinson Jr. / Chris Olave / Daniel Carlson / Nick Folk,46800,<48000,3-3,0,90.47,117.99,125.7,147.07,0.01,1,0,EXACT_OR_NEAR_OPTIMAL
2218,Drake London,WR,Alvin Kamara / Daniel Carlson / Devaughn Vele / Kyle Pitts Sr. / Michael Penix Jr.,49400,49000-49400,3-3,1,83.75,114.26,123.36,144.4,0.01,0,1,EXACT_OR_NEAR_OPTIMAL
2230,Drake London,WR,Alvin Kamara / Daniel Carlson / Juwan Johnson / Kendre Miller / Michael Penix Jr.,48200,48000-48900,2-4,0,87.52,116.68,128.27,145.09,0.01,0,0,EXACT_OR_NEAR_OPTIMAL
2318,Drake London,WR,Austin Hooper / Devaughn Vele / Juwan Johnson / Saints / Tyler Shough,46800,<48000,2-4,1,89.84,121.93,131.83,147.06,0.01,1,1,EXACT_OR_NEAR_OPTIMAL
2320,Drake London,WR,Austin Hooper / Falcons / Juwan Johnson / Michael Penix Jr. / Tyler Shough,47400,<48000,4-2,1,93.21,125.93,136.58,155.79,0.01,0,2,EXACT_OR_NEAR_OPTIMAL
2420,Drake London,WR,Charlie Woerner / Daniel Carlson / Juwan Johnson / Michael Penix Jr. / Tyler Shough,46400,<48000,3-3,1,92.95,125.47,136.3,154.27,0.01,0,2,EXACT_OR_NEAR_OPTIMAL
2487,Drake London,WR,Daniel Carlson / Falcons / Michael Penix Jr. / Nick Folk / Tyler Shough,47400,<48000,4-2,0,89.88,117.75,127.59,148.31,0.01,0,0,EXACT_OR_NEAR_OPTIMAL
2557,Falcons,DST,Alvin Kamara / Chris Olave / Devaughn Vele / Juwan Johnson / Tyler Shough,48000,48000-48900,1-5,1,97.39,126.51,135.47,156.92,0.01,0,2,FORCED_CAPTAIN
2683,Jahan Dotson,WR,Alvin Kamara / Chris Olave / Drake London / Juwan Johnson / Michael Penix Jr.,48700,48000-48900,3-3,1,96.96,127.31,136.04,156.64,0.01,0,2,FORCED_CAPTAIN
2710,Jahan Dotson,WR,Bijan Robinson / Chris Olave / Daniel Carlson / Devaughn Vele / Drake London,49700,49500-49900,3-3,0,97.44,124.43,133.09,153.23,0.01,0,0,FORCED_CAPTAIN
2725,Jahan Dotson,WR,Bijan Robinson / Chris Olave / Drake London / Michael Penix Jr. / Olamide Zaccheaus,48100,48000-48900,5-1,1,95.56,126.62,136.6,157.21,0.01,0,3,FORCED_CAPTAIN
3400,Michael Penix Jr.,QB,Alvin Kamara / Bijan Robinson / Brian Robinson Jr. / Chris Olave / Jahan Dotson,49900,49500-49900,4-2,1,97.07,126.02,135.07,152.94,0.01,0,1,FORCED_CAPTAIN
3407,Michael Penix Jr.,QB,Alvin Kamara / Bijan Robinson / Chris Olave / Kyle Pitts Sr. / Oscar Delp,49300,49000-49400,3-3,1,94.93,124.3,133.88,152.56,0.01,1,1,EXACT_OR_NEAR_OPTIMAL
3417,Michael Penix Jr.,QB,Alvin Kamara / Bijan Robinson / Kyle Pitts Sr. / Olamide Zaccheaus / Tyler Shough,49700,49500-49900,4-2,1,92.68,121.59,131.47,147.63,0.01,0,1,FORCED_CAPTAIN
3430,Michael Penix Jr.,QB,Alvin Kamara / Chris Olave / Devaughn Vele / Drake London / Kevin Austin Jr.,49900,49500-49900,2-4,0,94.09,124.72,135.41,154.43,0.01,0,0,EXACT_OR_NEAR_OPTIMAL
3566,Nick Folk,K,Alvin Kamara / Bijan Robinson / Chris Olave / Drake London / Treyton Welch,47900,<48000,3-3,0,97.47,122.95,131.43,150.43,0.01,0,0,FORCED_CAPTAIN
3600,Nick Folk,K,Alvin Kamara / Chris Olave / Juwan Johnson / Kyle Pitts Sr. / Tyler Shough,48700,48000-48900,2-4,1,94.89,125.91,135.5,155.27,0.01,0,1,FORCED_CAPTAIN
3867,Olamide Zaccheaus,WR,Bijan Robinson / Chris Olave / Drake London / Michael Penix Jr. / Saints,48800,48000-48900,4-2,1,97.19,125.61,135.48,151.63,0.01,0,2,FORCED_CAPTAIN
4062,Saints,DST,Alvin Kamara / Bijan Robinson / Drake London / Kyle Pitts Sr. / Michael Penix Jr.,49900,49500-49900,4-2,1,89.96,116.18,124.53,140.38,0.01,0,1,FORCED_CAPTAIN
4127,Saints,DST,Bijan Robinson / Daniel Carlson / Devaughn Vele / Drake London / Michael Penix Jr.,49700,49500-49900,3-3,1,90.79,116.26,124.44,140.71,0.01,0,1,FORCED_CAPTAIN
4150,Saints,DST,Chris Olave / Daniel Carlson / Juwan Johnson / Michael Penix Jr. / Tyler Shough,47900,<48000,1-5,1,98.04,127.46,135.22,148.8,0.01,0,3,FORCED_CAPTAIN
4293,Treyton Welch,TE,Alvin Kamara / Bijan Robinson / Chris Olave / Devaughn Vele / Tyler Shough,47300,<48000,1-5,1,99.29,129.84,139.67,160.17,0.01,0,2,FORCED_CAPTAIN
4340,Treyton Welch,TE,Bijan Robinson / Chris Olave / Daniel Carlson / Drake London / Tyler Shough,47300,<48000,2-4,1,103.22,133.23,142.32,164.51,0.01,0,2,FORCED_CAPTAIN
4380,Treyton Welch,TE,Bijan Robinson / Devaughn Vele / Drake London / Michael Penix Jr. / Tyler Shough,48500,48000-48900,3-3,1,95.29,126.78,136.87,153.63,0.01,0,2,FORCED_CAPTAIN
4658,Tyler Shough,QB,Alvin Kamara / Devaughn Vele / Drake London / Falcons / Nick Folk,48200,48000-48900,3-3,1,91.86,120.02,129.43,146.29,0.01,0,1,EXACT_OR_NEAR_OPTIMAL
164,Alvin Kamara,RB,Chris Olave / Jahan Dotson / Kyle Pitts Sr. / Michael Penix Jr. / Tyler Shough,48700,48000-48900,3-3,1,93.16,123.94,133.47,153.06,0.0095,0,1,EXACT_OR_NEAR_OPTIMAL
201,Alvin Kamara,RB,Drake London / Falcons / Michael Penix Jr. / Saints / Tyler Shough,46900,<48000,3-3,0,90.44,116.92,124.98,140.42,0.0095,0,0,EXACT_OR_NEAR_OPTIMAL
263,Austin Hooper,TE,Bijan Robinson / Chris Olave / Daniel Carlson / Devaughn Vele / Drake London,49400,49000-49400,3-3,0,96.77,124.5,132.75,154.24,0.0095,0,0,FORCED_CAPTAIN
327,Austin Hooper,TE,Chris Olave / Drake London / Kyle Pitts Sr. / Michael Penix Jr. / Tyler Shough,49400,49000-49400,4-2,1,94.05,127.85,138.3,157.82,0.0095,0,2,FORCED_CAPTAIN
787,Brian Robinson Jr.,RB,Alvin Kamara / Bijan Robinson / Chris Olave / Drake London / Saints,49500,49500-49900,3-3,0,98.87,123.4,132.32,149.21,0.0095,0,0,FORCED_CAPTAIN
876,Brian Robinson Jr.,RB,Bijan Robinson / Drake London / Juwan Johnson / Saints / Tyler Shough,48700,48000-48900,3-3,0,98.16,125.02,133.95,152.66,0.0095,0,1,FORCED_CAPTAIN
997,Bryce Lance,WR,Bijan Robinson / Daniel Carlson / Drake London / Michael Penix Jr. / Tyler Shough,47900,<48000,3-3,1,96.46,126.18,134.9,149.53,0.0095,0,2,FORCED_CAPTAIN
1540,Chris Olave,WR,Alvin Kamara / Falcons / Juwan Johnson / Michael Penix Jr. / Nick Folk,48600,48000-48900,3-3,0,97.14,124.67,133.66,150.01,0.0095,0,0,EXACT_OR_NEAR_OPTIMAL
1592,Chris Olave,WR,Austin Hooper / Daniel Carlson / Drake London / Kendre Miller / Michael Penix Jr.,47800,<48000,3-3,1,89.83,121.79,131.45,150.49,0.0095,0,1,EXACT_OR_NEAR_OPTIMAL
1722,Chris Olave,WR,Brian Robinson Jr. / Drake London / Falcons / Michael Penix Jr. / Saints,46800,<48000,4-2,1,90.64,119.73,130.13,150.79,0.0095,0,1,EXACT_OR_NEAR_OPTIMAL
1943,Daniel Carlson,K,Bijan Robinson / Drake London / Michael Penix Jr. / Nick Folk / Saints,47600,<48000,4-2,1,88.67,113.09,121.36,138.31,0.0095,0,1,FORCED_CAPTAIN
1968,Devaughn Vele,WR,Alvin Kamara / Austin Hooper / Chris Olave / Drake London / Juwan Johnson,49700,49500-49900,2-4,0,95.67,123.93,134.61,150.49,0.0095,0,0,FORCED_CAPTAIN
1974,Devaughn Vele,WR,Alvin Kamara / Bijan Robinson / Brian Robinson Jr. / Nick Folk / Tyler Shough,49300,49000-49400,3-3,1,91.19,118.66,127.15,144.61,0.0095,2,1,EXACT_OR_NEAR_OPTIMAL
1982,Devaughn Vele,WR,Alvin Kamara / Bijan Robinson / Drake London / Falcons / Saints,48300,48000-48900,3-3,0,88.37,111.54,120.24,132.04,0.0095,0,0,FORCED_CAPTAIN
2021,Devaughn Vele,WR,Alvin Kamara / Drake London / Michael Penix Jr. / Tyler Shough / Zachariah Branch,49700,49500-49900,3-3,1,88.73,120.51,130.35,150.01,0.0095,0,1,EXACT_OR_NEAR_OPTIMAL
2035,Devaughn Vele,WR,Austin Hooper / Chris Olave / Michael Penix Jr. / Nick Folk / Tyler Shough,49300,49000-49400,3-3,1,91.5,123.41,133.44,153.78,0.0095,1,1,EXACT_OR_NEAR_OPTIMAL
2196,Drake London,WR,Alvin Kamara / Chris Olave / Daniel Carlson / Kendre Miller / Nick Folk,48000,48000-48900,2-4,0,89.56,116.87,125.59,146.67,0.0095,1,0,EXACT_OR_NEAR_OPTIMAL
2227,Drake London,WR,Alvin Kamara / Daniel Carlson / Jahan Dotson / Juwan Johnson / Michael Penix Jr.,46200,<48000,3-3,1,87.86,116.84,127.89,146.09,0.0095,0,1,EXACT_OR_NEAR_OPTIMAL
2262,Drake London,WR,Alvin Kamara / Falcons / Kendre Miller / Michael Penix Jr. / Tyler Shough,49200,49000-49400,3-3,1,90.82,121.13,131.5,147.68,0.0095,0,1,EXACT_OR_NEAR_OPTIMAL
2432,Drake London,WR,Chris Olave / Daniel Carlson / Jahan Dotson / Kendre Miller / Michael Penix Jr.,47600,<48000,3-3,1,87.45,118.63,128.72,149.17,0.0095,0,1,EXACT_OR_NEAR_OPTIMAL
2479,Drake London,WR,Daniel Carlson / Devaughn Vele / Juwan Johnson / Michael Penix Jr. / Saints,48200,48000-48900,2-4,0,87.67,116.64,127.71,147.24,0.0095,1,0,EXACT_OR_NEAR_OPTIMAL
2484,Drake London,WR,Daniel Carlson / Devaughn Vele / Nick Folk / Saints / Tyler Shough,46800,<48000,2-4,0,86.51,113.22,123.37,141.79,0.0095,0,0,EXACT_OR_NEAR_OPTIMAL
2496,Drake London,WR,Devaughn Vele / Falcons / Jahan Dotson / Michael Penix Jr. / Tyler Shough,48000,48000-48900,4-2,1,88.51,120.07,130.97,152.74,0.0095,0,1,EXACT_OR_NEAR_OPTIMAL
2511,Drake London,WR,Devaughn Vele / Michael Penix Jr. / Nick Folk / Tyler Shough / Zachariah Branch,49200,49000-49400,4-2,1,87.43,119.84,131.45,151.62,0.0095,0,1,EXACT_OR_NEAR_OPTIMAL
2550,Falcons,DST,Alvin Kamara / Bijan Robinson / Juwan Johnson / Saints / Tyler Shough,45400,<48000,2-4,1,93.26,116.18,124.22,139.38,0.0095,0,1,FORCED_CAPTAIN
2561,Falcons,DST,Alvin Kamara / Chris Olave / Drake London / Michael Penix Jr. / Nick Folk,47600,<48000,4-2,0,90.95,117.33,126.28,144.64,0.0095,0,0,EXACT_OR_NEAR_OPTIMAL
2740,Jahan Dotson,WR,Bijan Robinson / Daniel Carlson / Drake London / Juwan Johnson / Tyler Shough,48100,48000-48900,3-3,0,99.38,127.13,136.07,152.67,0.0095,0,1,FORCED_CAPTAIN
2865,Juwan Johnson,TE,Alvin Kamara / Daniel Carlson / Kyle Pitts Sr. / Michael Penix Jr. / Tyler Shough,47300,<48000,2-4,1,89.43,119.03,129.8,145.95,0.0095,0,1,EXACT_OR_NEAR_OPTIMAL
2868,Juwan Johnson,TE,Alvin Kamara / Daniel Carlson / Michael Penix Jr. / Nick Folk / Tyler Shough,46900,<48000,2-4,1,92.18,121.31,131.16,147.7,0.0095,0,1,EXACT_OR_NEAR_OPTIMAL
3069,Kendre Miller,RB,Alvin Kamara / Chris Olave / Drake London / Saints / Tyler Shough,49100,49000-49400,1-5,1,93.96,122.54,131.81,150.56,0.0095,0,2,FORCED_CAPTAIN
3440,Michael Penix Jr.,QB,Alvin Kamara / Daniel Carlson / Drake London / Kendre Miller / Tyler Shough,49900,49500-49900,2-4,1,91.47,120.58,130.9,147.88,0.0095,1,1,EXACT_OR_NEAR_OPTIMAL
3471,Michael Penix Jr.,QB,Austin Hooper / Drake London / Juwan Johnson / Kyle Pitts Sr. / Tyler Shough,49100,49000-49400,4-2,1,90.39,124.38,135.0,153.1,0.0095,0,2,EXACT_OR_NEAR_OPTIMAL
3565,Nick Folk,K,Alvin Kamara / Bijan Robinson / Chris Olave / Drake London / Kevin Austin Jr.,48500,48000-48900,3-3,0,97.9,124.05,132.77,152.3,0.0095,0,0,FORCED_CAPTAIN
3593,Nick Folk,K,Alvin Kamara / Chris Olave / Devaughn Vele / Falcons / Tyler Shough,46900,<48000,2-4,1,90.23,118.33,127.09,143.85,0.0095,0,1,FORCED_CAPTAIN
3603,Nick Folk,K,Alvin Kamara / Daniel Carlson / Drake London / Juwan Johnson / Tyler Shough,46900,<48000,2-4,1,92.71,119.57,129.51,145.29,0.0095,0,1,FORCED_CAPTAIN
3632,Nick Folk,K,Bijan Robinson / Chris Olave / Drake London / Falcons / Jahan Dotson,47300,<48000,5-1,0,93.19,118.59,126.27,144.37,0.0095,0,1,FORCED_CAPTAIN
3657,Nick Folk,K,Brian Robinson Jr. / Chris Olave / Devaughn Vele / Juwan Johnson / Tyler Shough,47500,<48000,2-4,1,91.77,124.12,134.6,151.44,0.0095,0,1,FORCED_CAPTAIN
3808,Olamide Zaccheaus,WR,Alvin Kamara / Bijan Robinson / Chris Olave / Juwan Johnson / Michael Penix Jr.,49000,49000-49400,3-3,1,100.47,128.38,136.6,155.96,0.0095,1,2,EXACT_OR_NEAR_OPTIMAL
3832,Olamide Zaccheaus,WR,Austin Hooper / Bijan Robinson / Chris Olave / Drake London / Tyler Shough,48000,48000-48900,4-2,0,101.42,132.07,141.64,163.95,0.0095,0,1,FORCED_CAPTAIN
4137,Saints,DST,Bijan Robinson / Devaughn Vele / Juwan Johnson / Nick Folk / Tyler Shough,48300,48000-48900,2-4,1,93.35,119.03,127.44,146.7,0.0095,0,1,FORCED_CAPTAIN
4869,Tyler Shough,QB,Devaughn Vele / Drake London / Falcons / Michael Penix Jr. / Saints,49000,49000-49400,3-3,0,92.2,120.87,130.46,148.1,0.0095,0,0,EXACT_OR_NEAR_OPTIMAL
4962,Zachariah Branch,WR,Bijan Robinson / Chris Olave / Drake London / Saints / Tyler Shough,50000,50000,3-3,0,101.81,130.3,140.5,160.86,0.0095,0,2,EXACT_OR_NEAR_OPTIMAL
55,Alvin Kamara,RB,Bijan Robinson / Chris Olave / Kyle Pitts Sr. / Michael Penix Jr. / Olamide Zaccheaus,49900,49500-49900,4-2,1,95.05,122.44,132.35,153.02,0.009,1,1,EXACT_OR_NEAR_OPTIMAL
75,Alvin Kamara,RB,Bijan Robinson / Devaughn Vele / Jahan Dotson / Juwan Johnson / Michael Penix Jr.,49500,49500-49900,3-3,1,93.11,119.97,128.57,146.27,0.009,1,1,EXACT_OR_NEAR_OPTIMAL
91,Alvin Kamara,RB,Bijan Robinson / Jahan Dotson / Kyle Pitts Sr. / Michael Penix Jr. / Tyler Shough,49700,49500-49900,4-2,1,93.51,122.88,130.92,147.98,0.009,1,1,EXACT_OR_NEAR_OPTIMAL
114,Alvin Kamara,RB,Brian Robinson Jr. / Drake London / Juwan Johnson / Nick Folk / Tyler Shough,46700,<48000,3-3,1,91.65,120.75,129.62,149.4,0.009,0,1,EXACT_OR_NEAR_OPTIMAL
200,Alvin Kamara,RB,Drake London / Falcons / Juwan Johnson / Saints / Tyler Shough,45300,<48000,2-4,1,91.28,117.87,127.38,142.21,0.009,0,1,EXACT_OR_NEAR_OPTIMAL
275,Austin Hooper,TE,Bijan Robinson / Chris Olave / Devaughn Vele / Saints / Tyler Shough,48400,48000-48900,2-4,1,97.17,126.66,136.19,153.9,0.009,0,1,FORCED_CAPTAIN
822,Brian Robinson Jr.,RB,Alvin Kamara / Devaughn Vele / Drake London / Michael Penix Jr. / Tyler Shough,49100,49000-49400,3-3,1,89.45,118.85,128.36,146.49,0.009,0,1,FORCED_CAPTAIN
883,Brian Robinson Jr.,RB,Chris Olave / Daniel Carlson / Drake London / Juwan Johnson / Michael Penix Jr.,47700,<48000,3-3,1,92.75,121.73,129.73,150.13,0.009,0,2,FORCED_CAPTAIN
1363,Chris Blair,WR,Bijan Robinson / Devaughn Vele / Drake London / Michael Penix Jr. / Tyler Shough,49700,49500-49900,4-2,1,95.05,126.56,136.83,152.49,0.009,0,2,EXACT_OR_NEAR_OPTIMAL
1465,Chris Olave,WR,Alvin Kamara / Brian Robinson Jr. / Kyle Pitts Sr. / Nick Folk / Tyler Shough,47800,<48000,3-3,1,92.27,124.14,134.31,154.78,0.009,0,1,EXACT_OR_NEAR_OPTIMAL
1496,Chris Olave,WR,Alvin Kamara / Daniel Carlson / Falcons / Juwan Johnson / Michael Penix Jr.,48000,48000-48900,2-4,0,97.87,124.35,132.59,150.52,0.009,0,0,EXACT_OR_NEAR_OPTIMAL
1603,Chris Olave,WR,Austin Hooper / Drake London / Falcons / Michael Penix Jr. / Nick Folk,47000,<48000,5-1,1,90.96,121.63,130.53,154.1,0.009,0,2,EXACT_OR_NEAR_OPTIMAL
1791,Chris Olave,WR,Devaughn Vele / Falcons / Kyle Pitts Sr. / Nick Folk / Tyler Shough,48400,48000-48900,3-3,1,90.59,122.48,133.49,153.34,0.009,1,1,EXACT_OR_NEAR_OPTIMAL
1929,Daniel Carlson,K,Bijan Robinson / Chris Olave / Michael Penix Jr. / Nick Folk / Saints,48400,48000-48900,3-3,0,94.33,117.51,125.78,140.66,0.009,0,0,FORCED_CAPTAIN
2040,Devaughn Vele,WR,Bijan Robinson / Brian Robinson Jr. / Daniel Carlson / Drake London / Juwan Johnson,49500,49500-49900,3-3,0,91.97,117.96,128.42,145.75,0.009,0,0,FORCED_CAPTAIN
2271,Drake London,WR,Alvin Kamara / Juwan Johnson / Kendre Miller / Michael Penix Jr. / Nick Folk,48800,48000-48900,3-3,0,86.79,116.56,126.45,147.16,0.009,0,0,EXACT_OR_NEAR_OPTIMAL
2398,Drake London,WR,Brian Robinson Jr. / Devaughn Vele / Michael Penix Jr. / Olamide Zaccheaus / Tyler Shough,47200,<48000,4-2,1,85.89,119.08,129.68,152.94,0.009,0,1,EXACT_OR_NEAR_OPTIMAL
2412,Drake London,WR,Bryce Lance / Devaughn Vele / Kyle Pitts Sr. / Michael Penix Jr. / Tyler Shough,49000,49000-49400,3-3,1,86.64,120.9,131.59,154.7,0.009,0,1,EXACT_OR_NEAR_OPTIMAL
2416,Drake London,WR,CJ Donaldson / Juwan Johnson / Kyle Pitts Sr. / Michael Penix Jr. / Tyler Shough,48200,48000-48900,3-3,1,89.61,123.16,134.39,154.76,0.009,0,2,EXACT_OR_NEAR_OPTIMAL
2472,Drake London,WR,Daniel Carlson / Devaughn Vele / Falcons / Juwan Johnson / Michael Penix Jr.,47600,<48000,3-3,0,86.74,115.71,126.35,147.24,0.009,1,0,EXACT_OR_NEAR_OPTIMAL
2524,Falcons,DST,Alvin Kamara / Bijan Robinson / Brian Robinson Jr. / Chris Olave / Michael Penix Jr.,47800,<48000,4-2,1,93.74,118.75,128.25,146.87,0.009,0,1,FORCED_CAPTAIN
2566,Falcons,DST,Alvin Kamara / Chris Olave / Juwan Johnson / Nick Folk / Tyler Shough,45600,<48000,2-4,1,94.24,122.54,131.38,149.08,0.009,0,1,FORCED_CAPTAIN
2606,Falcons,DST,Bijan Robinson / Chris Olave / Devaughn Vele / Michael Penix Jr. / Saints,49000,49000-49400,3-3,0,92.99,117.77,125.73,141.55,0.009,1,0,EXACT_OR_NEAR_OPTIMAL
2660,Jahan Dotson,WR,Alvin Kamara / Bijan Robinson / Chris Olave / Daniel Carlson / Michael Penix Jr.,47900,<48000,3-3,1,95.41,121.79,130.96,148.85,0.009,0,1,FORCED_CAPTAIN
2667,Jahan Dotson,WR,Alvin Kamara / Bijan Robinson / Chris Olave / Kyle Pitts Sr. / Tyler Shough,49500,49500-49900,3-3,1,99.06,128.23,138.08,157.59,0.009,0,1,FORCED_CAPTAIN
2840,Juwan Johnson,TE,Alvin Kamara / Chris Olave / Kendre Miller / Kyle Pitts Sr. / Tyler Shough,49300,49000-49400,1-5,1,94.92,128.0,138.16,156.9,0.009,1,2,EXACT_OR_NEAR_OPTIMAL
2995,Juwan Johnson,TE,Chris Olave / Daniel Carlson / Jahan Dotson / Nick Folk / Tyler Shough,44700,<48000,2-4,1,92.94,124.68,134.44,152.65,0.009,0,1,EXACT_OR_NEAR_OPTIMAL
3035,Kendre Miller,RB,Alvin Kamara / Austin Hooper / Bijan Robinson / Chris Olave / Tyler Shough,49500,49500-49900,2-4,1,97.07,125.05,135.68,151.05,0.009,0,1,FORCED_CAPTAIN
3191,Kevin Austin Jr.,WR,Alvin Kamara / Chris Olave / Drake London / Michael Penix Jr. / Tyler Shough,47600,<48000,2-4,1,98.24,131.11,140.41,165.8,0.009,0,2,FORCED_CAPTAIN
3208,Kevin Austin Jr.,WR,Bijan Robinson / Chris Olave / Daniel Carlson / Drake London / Michael Penix Jr.,47600,<48000,3-3,1,96.74,126.87,136.71,155.81,0.009,0,2,FORCED_CAPTAIN
3288,Kyle Pitts Sr.,TE,Alvin Kamara / Bijan Robinson / Daniel Carlson / Juwan Johnson / Tyler Shough,49300,49000-49400,2-4,1,94.6,121.25,128.91,146.58,0.009,0,1,FORCED_CAPTAIN
3347,Kyle Pitts Sr.,TE,Bijan Robinson / Chris Olave / Juwan Johnson / Kevin Austin Jr. / Tyler Shough,49100,49000-49400,2-4,1,98.75,129.74,140.12,161.68,0.009,0,2,FORCED_CAPTAIN
3366,Kyle Pitts Sr.,TE,Bryce Lance / Chris Olave / Drake London / Michael Penix Jr. / Tyler Shough,49900,49500-49900,3-3,1,93.85,128.64,137.8,160.06,0.009,0,2,FORCED_CAPTAIN
3495,Michael Penix Jr.,QB,Bijan Robinson / Daniel Carlson / Drake London / Jahan Dotson / Kyle Pitts Sr.,48900,48000-48900,5-1,1,86.83,117.47,127.98,144.67,0.009,2,2,EXACT_OR_NEAR_OPTIMAL
3514,Michael Penix Jr.,QB,Brian Robinson Jr. / Chris Olave / Drake London / Juwan Johnson / Saints,49700,49500-49900,3-3,1,96.03,125.95,134.92,154.57,0.009,0,2,FORCED_CAPTAIN
3651,Nick Folk,K,Bijan Robinson / Devaughn Vele / Falcons / Michael Penix Jr. / Tyler Shough,49900,49500-49900,4-2,0,92.24,117.86,126.4,141.53,0.009,0,0,FORCED_CAPTAIN
3673,Nick Folk,K,Chris Olave / Drake London / Kevin Austin Jr. / Michael Penix Jr. / Tyler Shough,48300,48000-48900,3-3,1,96.02,128.33,136.91,160.52,0.009,0,2,FORCED_CAPTAIN
3818,Olamide Zaccheaus,WR,Alvin Kamara / Bijan Robinson / Drake London / Juwan Johnson / Michael Penix Jr.,48200,48000-48900,4-2,1,94.8,124.72,133.47,149.51,0.009,0,2,FORCED_CAPTAIN
3850,Olamide Zaccheaus,WR,Bijan Robinson / Chris Olave / Daniel Carlson / Juwan Johnson / Tyler Shough,47400,<48000,2-4,1,102.54,132.67,142.33,160.68,0.009,0,2,FORCED_CAPTAIN
4070,Saints,DST,Alvin Kamara / Chris Olave / Daniel Carlson / Michael Penix Jr. / Tyler Shough,47500,<48000,1-5,1,95.54,122.1,130.24,142.86,0.009,0,2,FORCED_CAPTAIN
4399,Treyton Welch,TE,Chris Olave / Drake London / Juwan Johnson / Michael Penix Jr. / Tyler Shough,47100,<48000,2-4,1,100.09,134.24,144.99,160.85,0.009,0,3,FORCED_CAPTAIN
4588,Tyler Shough,QB,Alvin Kamara / Bryce Lance / Chris Olave / Drake London / Kevin Austin Jr.,44800,<48000,1-5,1,96.47,130.12,141.85,163.14,0.009,0,2,EXACT_OR_NEAR_OPTIMAL
4612,Tyler Shough,QB,Alvin Kamara / Chris Olave / Daniel Carlson / Falcons / Saints,44800,<48000,1-5,1,93.78,121.29,128.84,143.41,0.009,0,2,EXACT_OR_NEAR_OPTIMAL
4656,Tyler Shough,QB,Alvin Kamara / Daniel Carlson / Juwan Johnson / Michael Penix Jr. / Nick Folk,48000,48000-48900,2-4,1,95.32,124.61,133.1,150.58,0.009,0,1,EXACT_OR_NEAR_OPTIMAL
2,Alvin Kamara,RB,Austin Hooper / Bijan Robinson / Chris Olave / Daniel Carlson / Devaughn Vele,48500,48000-48900,2-4,0,95.44,120.17,128.5,146.13,0.0085,1,0,EXACT_OR_NEAR_OPTIMAL
149,Alvin Kamara,RB,Chris Olave / Drake London / Falcons / Juwan Johnson / Saints,46500,<48000,2-4,0,94.49,119.4,126.96,141.62,0.0085,1,0,EXACT_OR_NEAR_OPTIMAL
219,Austin Hooper,TE,Alvin Kamara / Bijan Robinson / Chris Olave / Falcons / Tyler Shough,47000,<48000,3-3,1,98.87,125.7,136.17,151.98,0.0085,0,1,FORCED_CAPTAIN
271,Austin Hooper,TE,Bijan Robinson / Chris Olave / Devaughn Vele / Falcons / Tyler Shough,47800,<48000,3-3,1,96.23,124.99,134.96,154.08,0.0085,0,1,FORCED_CAPTAIN
283,Austin Hooper,TE,Bijan Robinson / Chris Olave / Drake London / Juwan Johnson / Saints,48400,48000-48900,3-3,0,99.86,125.83,135.82,152.2,0.0085,0,1,FORCED_CAPTAIN
300,Austin Hooper,TE,Bijan Robinson / Daniel Carlson / Drake London / Juwan Johnson / Tyler Shough,47800,<48000,3-3,0,98.71,126.69,135.58,153.59,0.0085,0,1,FORCED_CAPTAIN
307,Austin Hooper,TE,Bijan Robinson / Drake London / Juwan Johnson / Nick Folk / Tyler Shough,48400,48000-48900,4-2,0,97.98,127.15,136.69,155.12,0.0085,0,1,FORCED_CAPTAIN
329,Austin Hooper,TE,Chris Olave / Drake London / Michael Penix Jr. / Saints / Tyler Shough,47800,<48000,3-3,1,95.47,127.93,136.96,155.94,0.0085,1,2,EXACT_OR_NEAR_OPTIMAL
340,Barion Brown,WR,Alvin Kamara / Bijan Robinson / Chris Olave / Devaughn Vele / Tyler Shough,48800,48000-48900,1-5,1,99.12,130.05,139.67,158.42,0.0085,0,2,EXACT_OR_NEAR_OPTIMAL
794,Brian Robinson Jr.,RB,Alvin Kamara / Bijan Robinson / Chris Olave / Kendre Miller / Tyler Shough,49900,49500-49900,2-4,1,98.53,127.06,135.93,157.51,0.0085,1,1,EXACT_OR_NEAR_OPTIMAL
795,Brian Robinson Jr.,RB,Alvin Kamara / Bijan Robinson / Chris Olave / Michael Penix Jr. / Nick Folk,49700,49500-49900,4-2,1,95.52,121.73,129.84,147.7,0.0085,0,1,FORCED_CAPTAIN
843,Brian Robinson Jr.,RB,Bijan Robinson / Chris Olave / Drake London / Michael Penix Jr. / Oscar Delp,47700,<48000,4-2,1,95.46,126.87,135.15,154.89,0.0085,0,2,FORCED_CAPTAIN
889,Brian Robinson Jr.,RB,Chris Olave / Devaughn Vele / Drake London / Nick Folk / Tyler Shough,49300,49000-49400,3-3,1,94.0,125.94,134.89,154.23,0.0085,0,1,FORCED_CAPTAIN
938,Bryce Lance,WR,Alvin Kamara / Chris Olave / Juwan Johnson / Michael Penix Jr. / Tyler Shough,46500,<48000,1-5,1,97.33,130.22,139.69,158.06,0.0085,0,3,FORCED_CAPTAIN
1012,Bryce Lance,WR,Chris Olave / Devaughn Vele / Juwan Johnson / Michael Penix Jr. / Tyler Shough,47300,<48000,1-5,1,94.69,127.49,137.61,158.23,0.0085,0,3,FORCED_CAPTAIN
1015,Bryce Lance,WR,Chris Olave / Drake London / Juwan Johnson / Nick Folk / Tyler Shough,45900,<48000,2-4,1,96.22,128.64,138.54,158.08,0.0085,0,2,FORCED_CAPTAIN
1617,Chris Olave,WR,Barion Brown / Drake London / Falcons / Nick Folk / Tyler Shough,46000,<48000,3-3,1,94.65,126.52,137.11,159.74,0.0085,0,1,EXACT_OR_NEAR_OPTIMAL
1883,Daniel Carlson,K,Alvin Kamara / Drake London / Juwan Johnson / Nick Folk / Tyler Shough,46600,<48000,2-4,1,93.07,120.16,128.28,145.23,0.0085,0,1,FORCED_CAPTAIN
1953,Daniel Carlson,K,Chris Olave / Devaughn Vele / Michael Penix Jr. / Saints / Tyler Shough,48600,48000-48900,1-5,1,93.93,121.71,130.32,147.45,0.0085,1,2,EXACT_OR_NEAR_OPTIMAL
1972,Devaughn Vele,WR,Alvin Kamara / Bijan Robinson / Brian Robinson Jr. / Daniel Carlson / Drake London,49100,49000-49400,3-3,0,89.47,113.21,124.18,139.05,0.0085,0,0,FORCED_CAPTAIN
1984,Devaughn Vele,WR,Alvin Kamara / Bijan Robinson / Falcons / Saints / Tyler Shough,47900,<48000,2-4,1,90.82,115.01,123.63,137.58,0.0085,1,1,EXACT_OR_NEAR_OPTIMAL
2028,Devaughn Vele,WR,Austin Hooper / Bijan Robinson / Drake London / Jahan Dotson / Tyler Shough,48900,48000-48900,4-2,0,92.74,122.25,132.73,152.24,0.0085,0,0,FORCED_CAPTAIN
2037,Devaughn Vele,WR,Bijan Robinson / Brian Robinson Jr. / Bryce Lance / Chris Olave / Drake London,49900,49500-49900,3-3,0,95.56,124.05,134.15,150.39,0.0085,0,0,FORCED_CAPTAIN
2042,Devaughn Vele,WR,Bijan Robinson / Brian Robinson Jr. / Drake London / Falcons / Michael Penix Jr.,49900,49500-49900,5-1,1,88.14,117.11,126.06,143.95,0.0085,1,2,EXACT_OR_NEAR_OPTIMAL
2067,Devaughn Vele,WR,Bijan Robinson / Drake London / Falcons / Oscar Delp / Tyler Shough,47100,<48000,3-3,1,92.09,119.25,129.12,147.16,0.0085,1,1,EXACT_OR_NEAR_OPTIMAL
2252,Drake London,WR,Alvin Kamara / Devaughn Vele / Kyle Pitts Sr. / Saints / Tyler Shough,49400,49000-49400,2-4,1,88.82,119.11,127.57,146.45,0.0085,0,1,EXACT_OR_NEAR_OPTIMAL
2317,Drake London,WR,Austin Hooper / Devaughn Vele / Jahan Dotson / Michael Penix Jr. / Tyler Shough,47200,<48000,4-2,1,86.54,120.51,131.57,153.2,0.0085,0,1,EXACT_OR_NEAR_OPTIMAL
2498,Drake London,WR,Devaughn Vele / Falcons / Juwan Johnson / Michael Penix Jr. / Nick Folk,48200,48000-48900,4-2,0,86.01,115.58,124.95,148.39,0.0085,0,0,EXACT_OR_NEAR_OPTIMAL
2512,Drake London,WR,Falcons / Juwan Johnson / Kendre Miller / Michael Penix Jr. / Tyler Shough,49600,49500-49900,3-3,1,93.32,124.81,135.06,155.15,0.0085,1,2,EXACT_OR_NEAR_OPTIMAL
2529,Falcons,DST,Alvin Kamara / Bijan Robinson / Chris Olave / Devaughn Vele / Saints,47000,<48000,2-4,0,91.32,114.49,122.16,134.95,0.0085,0,0,FORCED_CAPTAIN
2558,Falcons,DST,Alvin Kamara / Chris Olave / Devaughn Vele / Michael Penix Jr. / Tyler Shough,49600,49500-49900,2-4,1,96.55,124.25,133.58,149.98,0.0085,0,1,FORCED_CAPTAIN
2611,Falcons,DST,Bijan Robinson / Chris Olave / Drake London / Kyle Pitts Sr. / Nick Folk,49200,49000-49400,5-1,0,93.1,118.68,127.72,143.65,0.0085,1,1,EXACT_OR_NEAR_OPTIMAL
2631,Falcons,DST,Bijan Robinson / Devaughn Vele / Drake London / Michael Penix Jr. / Saints,48200,48000-48900,4-2,1,87.33,113.73,120.68,138.59,0.0085,0,1,FORCED_CAPTAIN
2695,Jahan Dotson,WR,Austin Hooper / Bijan Robinson / Chris Olave / Juwan Johnson / Tyler Shough,46900,<48000,3-3,1,100.08,130.87,140.19,164.36,0.0085,0,2,FORCED_CAPTAIN
2927,Juwan Johnson,TE,Bijan Robinson / Bryce Lance / Devaughn Vele / Kyle Pitts Sr. / Tyler Shough,47900,<48000,2-4,1,91.57,123.14,132.82,153.47,0.0085,1,1,EXACT_OR_NEAR_OPTIMAL
3283,Kyle Pitts Sr.,TE,Alvin Kamara / Bijan Robinson / Chris Olave / Olamide Zaccheaus / Tyler Shough,49900,49500-49900,3-3,1,97.91,126.23,136.36,157.85,0.0085,0,1,FORCED_CAPTAIN
3339,Kyle Pitts Sr.,TE,Bijan Robinson / Chris Olave / Daniel Carlson / Saints / Tyler Shough,49900,49500-49900,2-4,0,96.98,122.96,132.76,149.29,0.0085,0,0,FORCED_CAPTAIN
3357,Kyle Pitts Sr.,TE,Bijan Robinson / Drake London / Michael Penix Jr. / Oscar Delp / Tyler Shough,49500,49500-49900,4-2,1,92.97,124.28,133.52,151.51,0.0085,0,2,FORCED_CAPTAIN
3385,Kyle Pitts Sr.,TE,Chris Olave / Juwan Johnson / Michael Penix Jr. / Saints / Tyler Shough,49700,49500-49900,2-4,1,93.86,124.48,135.3,153.69,0.0085,0,2,FORCED_CAPTAIN
3398,Michael Penix Jr.,QB,Alvin Kamara / Austin Hooper / Chris Olave / Drake London / Jahan Dotson,47100,<48000,4-2,1,90.06,122.21,132.29,151.64,0.0085,0,1,EXACT_OR_NEAR_OPTIMAL
3402,Michael Penix Jr.,QB,Alvin Kamara / Bijan Robinson / Brian Robinson Jr. / Falcons / Tyler Shough,49300,49000-49400,4-2,1,95.39,121.94,129.31,144.48,0.0085,1,1,EXACT_OR_NEAR_OPTIMAL
3418,Michael Penix Jr.,QB,Alvin Kamara / Brian Robinson Jr. / Devaughn Vele / Drake London / Juwan Johnson,49500,49500-49900,3-3,1,88.5,119.3,127.25,146.85,0.0085,0,1,EXACT_OR_NEAR_OPTIMAL
3433,Michael Penix Jr.,QB,Alvin Kamara / Chris Olave / Kyle Pitts Sr. / Olamide Zaccheaus / Tyler Shough,48700,48000-48900,3-3,1,92.33,123.93,134.59,153.9,0.0085,0,1,FORCED_CAPTAIN
3459,Michael Penix Jr.,QB,Austin Hooper / Bijan Robinson / Daniel Carlson / Drake London / Nick Folk,48300,48000-48900,5-1,1,89.13,119.37,129.06,145.99,0.0085,0,2,FORCED_CAPTAIN
3553,Nick Folk,K,Alvin Kamara / Austin Hooper / Bijan Robinson / Chris Olave / Michael Penix Jr.,49500,49500-49900,4-2,1,96.12,122.33,130.8,150.59,0.0085,0,1,FORCED_CAPTAIN
3613,Nick Folk,K,Barion Brown / Chris Olave / Drake London / Michael Penix Jr. / Tyler Shough,48700,48000-48900,3-3,1,95.47,127.44,136.53,159.03,0.0085,0,2,FORCED_CAPTAIN
3736,Nick Muse,TE,Bijan Robinson / Chris Olave / Daniel Carlson / Drake London / Tyler Shough,47300,<48000,3-3,0,102.78,132.45,141.6,164.51,0.0085,0,1,FORCED_CAPTAIN
3885,Olamide Zaccheaus,WR,Bijan Robinson / Devaughn Vele / Drake London / Juwan Johnson / Michael Penix Jr.,49000,49000-49400,4-2,1,92.16,122.84,131.98,149.64,0.0085,0,2,FORCED_CAPTAIN
3965,Oscar Delp,TE,Austin Hooper / Bijan Robinson / Chris Olave / Drake London / Tyler Shough,45600,<48000,3-3,1,99.99,130.23,141.13,160.75,0.0085,0,2,FORCED_CAPTAIN
4043,Saints,DST,Alvin Kamara / Bijan Robinson / Bryce Lance / Drake London / Tyler Shough,46500,<48000,2-4,1,94.65,119.68,127.5,143.33,0.0085,0,1,FORCED_CAPTAIN
4061,Saints,DST,Alvin Kamara / Bijan Robinson / Drake London / Juwan Johnson / Nick Folk,47900,<48000,3-3,0,93.54,117.35,124.0,139.19,0.0085,0,0,FORCED_CAPTAIN
4065,Saints,DST,Alvin Kamara / Bijan Robinson / Juwan Johnson / Nick Folk / Tyler Shough,47500,<48000,2-4,1,95.99,121.09,128.46,145.33,0.0085,0,1,FORCED_CAPTAIN
4113,Saints,DST,Bijan Robinson / Chris Olave / Devaughn Vele / Falcons / Michael Penix Jr.,49300,49000-49400,3-3,0,93.46,117.56,125.35,139.29,0.0085,0,0,FORCED_CAPTAIN
4143,Saints,DST,Bijan Robinson / Drake London / Michael Penix Jr. / Olamide Zaccheaus / Tyler Shough,48700,48000-48900,4-2,1,96.04,123.56,131.34,148.78,0.0085,0,2,FORCED_CAPTAIN
4645,Tyler Shough,QB,Alvin Kamara / Daniel Carlson / Devaughn Vele / Juwan Johnson / Nick Folk,46800,<48000,1-5,1,91.01,121.27,129.38,151.64,0.0085,0,2,EXACT_OR_NEAR_OPTIMAL
4663,Tyler Shough,QB,Alvin Kamara / Devaughn Vele / Drake London / Kendre Miller / Nick Folk,49600,49500-49900,2-4,1,90.0,119.98,129.9,148.61,0.0085,0,1,EXACT_OR_NEAR_OPTIMAL
4687,Tyler Shough,QB,Alvin Kamara / Drake London / Juwan Johnson / Oscar Delp / Saints,43400,<48000,1-5,1,91.54,122.42,132.4,148.27,0.0085,0,2,EXACT_OR_NEAR_OPTIMAL
4772,Tyler Shough,QB,Bijan Robinson / Daniel Carlson / Kyle Pitts Sr. / Michael Penix Jr. / Saints,50000,50000,3-3,1,95.31,121.52,129.23,144.98,0.0085,1,2,EXACT_OR_NEAR_OPTIMAL
102,Alvin Kamara,RB,Brian Robinson Jr. / Chris Olave / Devaughn Vele / Saints / Tyler Shough,46700,<48000,1-5,1,90.84,118.95,130.49,147.35,0.008,1,2,EXACT_OR_NEAR_OPTIMAL
126,Alvin Kamara,RB,CJ Donaldson / Devaughn Vele / Drake London / Michael Penix Jr. / Tyler Shough,48300,48000-48900,2-4,1,89.82,120.04,129.99,151.33,0.008,0,1,EXACT_OR_NEAR_OPTIMAL
183,Alvin Kamara,RB,Daniel Carlson / Drake London / Juwan Johnson / Michael Penix Jr. / Nick Folk,47100,<48000,3-3,0,88.47,114.78,123.5,141.41,0.008,0,0,EXACT_OR_NEAR_OPTIMAL
242,Austin Hooper,TE,Alvin Kamara / Chris Olave / Drake London / Juwan Johnson / Michael Penix Jr.,48400,48000-48900,3-3,1,96.29,127.69,135.08,154.64,0.008,0,2,FORCED_CAPTAIN
309,Austin Hooper,TE,Bijan Robinson / Drake London / Michael Penix Jr. / Saints / Tyler Shough,48800,48000-48900,4-2,1,95.81,124.24,134.45,149.02,0.008,0,2,FORCED_CAPTAIN
432,Barion Brown,WR,Bijan Robinson / Devaughn Vele / Drake London / Michael Penix Jr. / Tyler Shough,50000,50000,3-3,1,95.12,126.74,136.77,154.54,0.008,0,3,EXACT_OR_NEAR_OPTIMAL
847,Brian Robinson Jr.,RB,Bijan Robinson / Chris Olave / Falcons / Juwan Johnson / Michael Penix Jr.,48300,48000-48900,4-2,1,95.76,122.1,131.1,149.65,0.008,0,2,FORCED_CAPTAIN
950,Bryce Lance,WR,Bijan Robinson / Brian Robinson Jr. / Chris Olave / Drake London / Michael Penix Jr.,48100,48000-48900,4-2,1,95.71,127.3,136.18,154.25,0.008,0,2,FORCED_CAPTAIN
976,Bryce Lance,WR,Bijan Robinson / Chris Olave / Drake London / Juwan Johnson / Nick Folk,48100,48000-48900,3-3,0,99.77,127.5,138.04,152.42,0.008,0,1,FORCED_CAPTAIN
1074,CJ Donaldson,RB,Bijan Robinson / Chris Olave / Daniel Carlson / Drake London / Michael Penix Jr.,48500,48000-48900,3-3,1,96.39,126.69,136.3,153.79,0.008,0,2,EXACT_OR_NEAR_OPTIMAL
1101,CJ Donaldson,RB,Bijan Robinson / Chris Olave / Drake London / Saints / Tyler Shough,48500,48000-48900,2-4,1,101.47,129.7,139.79,158.91,0.008,0,2,EXACT_OR_NEAR_OPTIMAL
1146,Charlie Woerner,TE,Alvin Kamara / Bijan Robinson / Chris Olave / Drake London / Juwan Johnson,47900,<48000,3-3,0,102.09,129.27,138.8,157.28,0.008,0,1,FORCED_CAPTAIN
1165,Charlie Woerner,TE,Alvin Kamara / Bijan Robinson / Drake London / Michael Penix Jr. / Tyler Shough,48300,48000-48900,4-2,1,98.04,129.98,138.51,155.6,0.008,0,2,FORCED_CAPTAIN
1711,Chris Olave,WR,Brian Robinson Jr. / Daniel Carlson / Devaughn Vele / Saints / Tyler Shough,46400,<48000,1-5,1,91.78,123.68,134.15,150.57,0.008,0,2,EXACT_OR_NEAR_OPTIMAL
1912,Daniel Carlson,K,Bijan Robinson / Chris Olave / Devaughn Vele / Nick Folk / Saints,47200,<48000,2-4,0,90.03,111.98,120.12,134.71,0.008,1,0,EXACT_OR_NEAR_OPTIMAL
1928,Daniel Carlson,K,Bijan Robinson / Chris Olave / Kyle Pitts Sr. / Michael Penix Jr. / Nick Folk,50000,50000,4-2,1,92.92,119.1,128.25,147.0,0.008,0,2,FORCED_CAPTAIN
1964,Daniel Carlson,K,Devaughn Vele / Drake London / Michael Penix Jr. / Nick Folk / Tyler Shough,49000,49000-49400,3-3,0,89.59,116.94,126.61,146.81,0.008,0,0,EXACT_OR_NEAR_OPTIMAL
1966,Daniel Carlson,K,Drake London / Juwan Johnson / Kyle Pitts Sr. / Michael Penix Jr. / Tyler Shough,49000,49000-49400,3-3,1,92.0,121.7,131.61,148.6,0.008,0,2,FORCED_CAPTAIN
2007,Devaughn Vele,WR,Alvin Kamara / Chris Olave / Kendre Miller / Nick Folk / Tyler Shough,49500,49500-49900,1-5,1,89.94,120.28,131.67,150.2,0.008,1,2,EXACT_OR_NEAR_OPTIMAL
2045,Devaughn Vele,WR,Bijan Robinson / Bryce Lance / Drake London / Kendre Miller / Tyler Shough,49900,49500-49900,2-4,1,91.45,120.91,130.18,150.09,0.008,1,1,EXACT_OR_NEAR_OPTIMAL
2082,Devaughn Vele,WR,Brian Robinson Jr. / Drake London / Kyle Pitts Sr. / Michael Penix Jr. / Tyler Shough,49900,49500-49900,4-2,1,84.1,115.16,125.64,148.05,0.008,0,1,EXACT_OR_NEAR_OPTIMAL
2107,Devaughn Vele,WR,Drake London / Falcons / Michael Penix Jr. / Nick Folk / Tyler Shough,49300,49000-49400,4-2,0,87.81,116.3,127.21,147.52,0.008,0,0,EXACT_OR_NEAR_OPTIMAL
2266,Drake London,WR,Alvin Kamara / Jahan Dotson / Juwan Johnson / Michael Penix Jr. / Nick Folk,46800,<48000,4-2,1,87.12,117.59,127.9,147.43,0.008,0,1,EXACT_OR_NEAR_OPTIMAL
2305,Drake London,WR,Austin Hooper / Chris Olave / Devaughn Vele / Jahan Dotson / Michael Penix Jr.,48400,48000-48900,4-2,1,89.75,123.48,134.17,154.09,0.008,1,1,EXACT_OR_NEAR_OPTIMAL
2377,Drake London,WR,Bijan Robinson / Devaughn Vele / Juwan Johnson / Nick Folk / Zachariah Branch,49800,49500-49900,4-2,0,91.82,120.94,130.17,149.3,0.008,1,0,EXACT_OR_NEAR_OPTIMAL
2433,Drake London,WR,Chris Olave / Daniel Carlson / Juwan Johnson / Kyle Pitts Sr. / Nick Folk,49200,49000-49400,3-3,0,93.45,123.06,131.32,149.23,0.008,0,0,EXACT_OR_NEAR_OPTIMAL
2503,Drake London,WR,Devaughn Vele / Jahan Dotson / Kendre Miller / Michael Penix Jr. / Tyler Shough,49400,49000-49400,3-3,1,86.65,120.27,131.27,152.94,0.008,0,1,EXACT_OR_NEAR_OPTIMAL
2579,Falcons,DST,Austin Hooper / Chris Olave / Drake London / Michael Penix Jr. / Tyler Shough,47600,<48000,4-2,1,95.52,126.15,135.56,156.67,0.008,0,2,FORCED_CAPTAIN
2609,Falcons,DST,Bijan Robinson / Chris Olave / Drake London / Jahan Dotson / Nick Folk,46400,<48000,5-1,0,92.06,117.84,125.71,141.54,0.008,0,1,FORCED_CAPTAIN
2663,Jahan Dotson,WR,Alvin Kamara / Bijan Robinson / Chris Olave / Drake London / Saints,48300,48000-48900,3-3,0,98.02,123.58,130.77,148.93,0.008,0,0,FORCED_CAPTAIN
2665,Jahan Dotson,WR,Alvin Kamara / Bijan Robinson / Chris Olave / Falcons / Tyler Shough,47300,<48000,3-3,1,99.54,126.49,136.41,155.87,0.008,0,1,FORCED_CAPTAIN
2711,Jahan Dotson,WR,Bijan Robinson / Chris Olave / Daniel Carlson / Devaughn Vele / Michael Penix Jr.,48700,48000-48900,3-3,1,92.77,120.95,129.45,147.66,0.008,0,1,FORCED_CAPTAIN
2735,Jahan Dotson,WR,Bijan Robinson / Chris Olave / Michael Penix Jr. / Olamide Zaccheaus / Tyler Shough,47700,<48000,4-2,1,98.02,129.5,138.96,159.33,0.008,0,2,FORCED_CAPTAIN
2761,Jahan Dotson,WR,Chris Olave / Daniel Carlson / Drake London / Juwan Johnson / Tyler Shough,47100,<48000,2-4,1,99.03,130.63,139.78,158.37,0.008,0,2,FORCED_CAPTAIN
3044,Kendre Miller,RB,Alvin Kamara / Bijan Robinson / Chris Olave / Jahan Dotson / Tyler Shough,49700,49500-49900,2-4,1,97.51,125.77,135.43,153.91,0.008,0,1,FORCED_CAPTAIN
3091,Kendre Miller,RB,Bijan Robinson / Chris Olave / Daniel Carlson / Nick Folk / Tyler Shough,49900,49500-49900,2-4,1,96.24,122.74,132.96,146.98,0.008,0,1,FORCED_CAPTAIN
3226,Kevin Austin Jr.,WR,Bijan Robinson / Chris Olave / Drake London / Kyle Pitts Sr. / Michael Penix Jr.,48600,48000-48900,4-2,1,93.27,125.08,134.04,155.43,0.008,0,2,FORCED_CAPTAIN
3284,Kyle Pitts Sr.,TE,Alvin Kamara / Bijan Robinson / Chris Olave / Oscar Delp / Tyler Shough,48300,48000-48900,2-4,1,96.96,125.58,135.29,157.74,0.008,0,1,FORCED_CAPTAIN
3332,Kyle Pitts Sr.,TE,Bijan Robinson / Charlie Woerner / Chris Olave / Juwan Johnson / Tyler Shough,48900,48000-48900,3-3,1,98.38,129.4,140.02,161.68,0.008,0,2,FORCED_CAPTAIN
3531,Michael Penix Jr.,QB,Chris Olave / Daniel Carlson / Drake London / Nick Folk / Saints,48700,48000-48900,3-3,0,91.69,118.48,127.48,148.7,0.008,0,0,FORCED_CAPTAIN
3552,Michael Penix Jr.,QB,Drake London / Juwan Johnson / Kyle Pitts Sr. / Olamide Zaccheaus / Tyler Shough,48300,48000-48900,4-2,1,89.17,122.31,132.9,152.04,0.008,1,2,EXACT_OR_NEAR_OPTIMAL
3599,Nick Folk,K,Alvin Kamara / Chris Olave / Jahan Dotson / Juwan Johnson / Tyler Shough,45900,<48000,2-4,1,93.85,124.87,133.31,151.74,0.008,0,1,FORCED_CAPTAIN
3779,Nick Muse,TE,Bijan Robinson / Devaughn Vele / Drake London / Michael Penix Jr. / Tyler Shough,48500,48000-48900,4-2,1,94.85,126.41,136.72,152.39,0.008,0,2,FORCED_CAPTAIN
3853,Olamide Zaccheaus,WR,Bijan Robinson / Chris Olave / Devaughn Vele / Juwan Johnson / Michael Penix Jr.,49800,49500-49900,3-3,1,97.82,126.73,135.5,155.27,0.008,0,2,FORCED_CAPTAIN
3888,Olamide Zaccheaus,WR,Bijan Robinson / Devaughn Vele / Juwan Johnson / Michael Penix Jr. / Tyler Shough,48600,48000-48900,3-3,1,94.62,125.1,134.07,153.4,0.008,0,2,FORCED_CAPTAIN
3970,Oscar Delp,TE,Bijan Robinson / Brian Robinson Jr. / Chris Olave / Drake London / Tyler Shough,46600,<48000,3-3,1,101.0,130.85,142.29,161.1,0.008,0,2,FORCED_CAPTAIN
4133,Saints,DST,Bijan Robinson / Devaughn Vele / Drake London / Falcons / Michael Penix Jr.,48500,48000-48900,4-2,1,87.8,113.29,121.18,137.8,0.008,1,1,EXACT_OR_NEAR_OPTIMAL
4810,Tyler Shough,QB,Bryce Lance / Chris Olave / Juwan Johnson / Michael Penix Jr. / Olamide Zaccheaus,45400,<48000,2-4,1,95.97,132.03,142.15,161.81,0.008,1,2,EXACT_OR_NEAR_OPTIMAL
4878,Tyler Shough,QB,Devaughn Vele / Juwan Johnson / Kyle Pitts Sr. / Michael Penix Jr. / Nick Folk,49800,49500-49900,3-3,1,89.21,121.29,131.23,150.75,0.008,0,1,EXACT_OR_NEAR_OPTIMAL
4908,Zachariah Branch,WR,Alvin Kamara / Bijan Robinson / Drake London / Juwan Johnson / Tyler Shough,49400,49000-49400,3-3,1,99.42,129.49,137.32,154.65,0.008,0,2,EXACT_OR_NEAR_OPTIMAL
199,Alvin Kamara,RB,Drake London / Falcons / Juwan Johnson / Nick Folk / Tyler Shough,46500,<48000,3-3,1,92.61,119.34,128.45,145.82,0.0075,0,1,EXACT_OR_NEAR_OPTIMAL
204,Alvin Kamara,RB,Drake London / Juwan Johnson / Kendre Miller / Nick Folk / Tyler Shough,47900,<48000,2-4,1,90.75,119.45,128.7,146.54,0.0075,0,1,EXACT_OR_NEAR_OPTIMAL
276,Austin Hooper,TE,Bijan Robinson / Chris Olave / Drake London / Falcons / Juwan Johnson,47800,<48000,4-2,0,98.92,125.99,135.42,152.22,0.0075,0,1,FORCED_CAPTAIN
416,Barion Brown,WR,Bijan Robinson / Chris Olave / Drake London / Saints / Tyler Shough,48200,48000-48900,2-4,1,100.99,129.15,139.36,160.7,0.0075,0,2,EXACT_OR_NEAR_OPTIMAL
448,Barion Brown,WR,Chris Olave / Drake London / Juwan Johnson / Michael Penix Jr. / Tyler Shough,48600,48000-48900,2-4,1,99.92,134.08,144.29,162.87,0.0075,0,3,EXACT_OR_NEAR_OPTIMAL
758,Bijan Robinson,RB,Devaughn Vele / Juwan Johnson / Kyle Pitts Sr. / Michael Penix Jr. / Olamide Zaccheaus,49700,49500-49900,4-2,1,89.08,118.36,128.28,149.71,0.0075,1,2,EXACT_OR_NEAR_OPTIMAL
815,Brian Robinson Jr.,RB,Alvin Kamara / Chris Olave / Drake London / Saints / Tyler Shough,47300,<48000,2-4,1,95.31,123.77,134.15,152.34,0.0075,0,1,FORCED_CAPTAIN
836,Brian Robinson Jr.,RB,Bijan Robinson / Chris Olave / Devaughn Vele / Drake London / Falcons,49700,49500-49900,4-2,0,95.29,121.92,130.99,147.3,0.0075,0,0,FORCED_CAPTAIN
855,Brian Robinson Jr.,RB,Bijan Robinson / Chris Olave / Kevin Austin Jr. / Michael Penix Jr. / Tyler Shough,47700,<48000,3-3,1,97.19,126.92,137.74,159.85,0.0075,0,2,FORCED_CAPTAIN
871,Brian Robinson Jr.,RB,Bijan Robinson / Drake London / Falcons / Juwan Johnson / Michael Penix Jr.,47500,<48000,5-1,1,90.1,117.24,126.8,142.14,0.0075,0,3,FORCED_CAPTAIN
911,Bryce Lance,WR,Alvin Kamara / Bijan Robinson / Chris Olave / Juwan Johnson / Michael Penix Jr.,48700,48000-48900,2-4,0,100.88,129.04,136.81,156.23,0.0075,0,1,FORCED_CAPTAIN
921,Bryce Lance,WR,Alvin Kamara / Bijan Robinson / Devaughn Vele / Drake London / Michael Penix Jr.,48300,48000-48900,3-3,1,90.07,119.34,128.0,145.28,0.0075,0,1,FORCED_CAPTAIN
1047,CJ Donaldson,RB,Alvin Kamara / Bijan Robinson / Drake London / Michael Penix Jr. / Tyler Shough,49500,49500-49900,3-3,1,98.24,130.09,139.22,154.14,0.0075,0,2,EXACT_OR_NEAR_OPTIMAL
1199,Charlie Woerner,TE,Bijan Robinson / Chris Olave / Daniel Carlson / Drake London / Michael Penix Jr.,47300,<48000,4-2,1,96.19,126.52,135.94,153.64,0.0075,0,2,FORCED_CAPTAIN
1266,Chris Blair,WR,Alvin Kamara / Bijan Robinson / Chris Olave / Devaughn Vele / Tyler Shough,48500,48000-48900,2-4,1,99.05,129.72,139.66,158.42,0.0075,0,1,EXACT_OR_NEAR_OPTIMAL
1288,Chris Blair,WR,Alvin Kamara / Bijan Robinson / Drake London / Michael Penix Jr. / Tyler Shough,48900,48000-48900,4-2,1,97.69,129.28,137.89,153.85,0.0075,0,2,EXACT_OR_NEAR_OPTIMAL
1836,Chris Olave,WR,Kendre Miller / Kyle Pitts Sr. / Michael Penix Jr. / Saints / Tyler Shough,49800,49500-49900,2-4,1,91.71,123.8,135.12,152.07,0.0075,0,1,EXACT_OR_NEAR_OPTIMAL
1950,Daniel Carlson,K,Chris Olave / Devaughn Vele / Juwan Johnson / Kyle Pitts Sr. / Tyler Shough,48600,48000-48900,1-5,1,93.35,124.05,132.97,152.77,0.0075,0,2,FORCED_CAPTAIN
2069,Devaughn Vele,WR,Bijan Robinson / Drake London / Michael Penix Jr. / Nick Folk / Olamide Zaccheaus,49900,49500-49900,5-1,1,88.17,117.18,127.31,144.78,0.0075,1,2,EXACT_OR_NEAR_OPTIMAL
2111,Devaughn Vele,WR,Drake London / Juwan Johnson / Kyle Pitts Sr. / Saints / Tyler Shough,48700,48000-48900,2-4,1,86.84,116.86,127.37,146.35,0.0075,0,1,FORCED_CAPTAIN
2171,Drake London,WR,Alvin Kamara / Brian Robinson Jr. / Daniel Carlson / Devaughn Vele / Tyler Shough,48000,48000-48900,2-4,1,90.4,119.59,129.34,147.74,0.0075,1,1,EXACT_OR_NEAR_OPTIMAL
2241,Drake London,WR,Alvin Kamara / Daniel Carlson / Michael Penix Jr. / Nick Folk / Saints,45400,<48000,3-3,0,82.02,109.16,117.88,138.62,0.0075,0,0,EXACT_OR_NEAR_OPTIMAL
2250,Drake London,WR,Alvin Kamara / Devaughn Vele / Kendre Miller / Saints / Tyler Shough,48600,48000-48900,1-5,1,87.44,117.6,126.27,143.19,0.0075,0,2,EXACT_OR_NEAR_OPTIMAL
2293,Drake London,WR,Austin Hooper / Bijan Robinson / Daniel Carlson / Kyle Pitts Sr. / Tyler Shough,49800,49500-49900,4-2,0,95.85,125.62,133.88,149.19,0.0075,1,0,EXACT_OR_NEAR_OPTIMAL
2391,Drake London,WR,Brian Robinson Jr. / Daniel Carlson / Devaughn Vele / Juwan Johnson / Michael Penix Jr.,47800,<48000,3-3,1,85.78,115.74,127.17,147.35,0.0075,0,1,EXACT_OR_NEAR_OPTIMAL
2499,Drake London,WR,Devaughn Vele / Falcons / Juwan Johnson / Michael Penix Jr. / Saints,47000,<48000,3-3,0,84.68,112.94,123.13,143.36,0.0075,0,0,EXACT_OR_NEAR_OPTIMAL
2522,Drake London,WR,Kendre Miller / Kyle Pitts Sr. / Michael Penix Jr. / Nick Folk / Tyler Shough,49800,49500-49900,4-2,1,84.55,115.54,125.11,147.1,0.0075,0,1,EXACT_OR_NEAR_OPTIMAL
2655,Falcons,DST,Devaughn Vele / Drake London / Juwan Johnson / Michael Penix Jr. / Tyler Shough,49200,49000-49400,3-3,1,93.39,122.43,132.79,151.57,0.0075,0,2,EXACT_OR_NEAR_OPTIMAL
2657,Jahan Dotson,WR,Alvin Kamara / Bijan Robinson / Brian Robinson Jr. / Chris Olave / Tyler Shough,47500,<48000,3-3,1,98.58,128.02,135.94,158.18,0.0075,0,1,FORCED_CAPTAIN
2698,Jahan Dotson,WR,Austin Hooper / Bijan Robinson / Drake London / Michael Penix Jr. / Tyler Shough,47700,<48000,5-1,1,93.58,123.86,134.24,152.91,0.0075,0,3,FORCED_CAPTAIN
2724,Jahan Dotson,WR,Bijan Robinson / Chris Olave / Drake London / Juwan Johnson / Saints,48700,48000-48900,3-3,0,100.53,126.49,134.02,152.49,0.0075,0,1,FORCED_CAPTAIN
2737,Jahan Dotson,WR,Bijan Robinson / Daniel Carlson / Devaughn Vele / Drake London / Michael Penix Jr.,47900,<48000,4-2,1,87.1,116.13,124.34,140.69,0.0075,0,1,FORCED_CAPTAIN
3139,Kendre Miller,RB,Chris Olave / Drake London / Jahan Dotson / Michael Penix Jr. / Tyler Shough,49900,49500-49900,3-3,1,93.17,126.24,136.77,152.59,0.0075,0,2,FORCED_CAPTAIN
3264,Kevin Austin Jr.,WR,Chris Olave / Devaughn Vele / Drake London / Michael Penix Jr. / Tyler Shough,48400,48000-48900,2-4,1,95.6,129.63,138.79,162.31,0.0075,0,2,FORCED_CAPTAIN
3280,Kyle Pitts Sr.,TE,Alvin Kamara / Bijan Robinson / Chris Olave / Kevin Austin Jr. / Tyler Shough,48700,48000-48900,2-4,1,96.24,124.84,134.09,156.58,0.0075,0,1,FORCED_CAPTAIN
3346,Kyle Pitts Sr.,TE,Bijan Robinson / Chris Olave / Falcons / Nick Folk / Tyler Shough,49900,49500-49900,4-2,0,95.32,121.46,130.49,149.93,0.0075,1,0,EXACT_OR_NEAR_OPTIMAL
3349,Kyle Pitts Sr.,TE,Bijan Robinson / Chris Olave / Juwan Johnson / Treyton Welch / Tyler Shough,48500,48000-48900,2-4,1,98.31,129.08,139.59,161.61,0.0075,0,2,FORCED_CAPTAIN
3421,Michael Penix Jr.,QB,Alvin Kamara / Bryce Lance / Daniel Carlson / Drake London / Tyler Shough,46700,<48000,2-4,1,90.42,119.46,130.06,146.35,0.0075,0,1,EXACT_OR_NEAR_OPTIMAL
3524,Michael Penix Jr.,QB,Bryce Lance / Chris Olave / Juwan Johnson / Kyle Pitts Sr. / Tyler Shough,48900,48000-48900,2-4,1,95.11,128.48,139.16,159.69,0.0075,0,2,FORCED_CAPTAIN
3525,Michael Penix Jr.,QB,Bryce Lance / Drake London / Juwan Johnson / Kyle Pitts Sr. / Tyler Shough,48100,48000-48900,3-3,1,89.45,122.15,133.36,151.59,0.0075,0,2,EXACT_OR_NEAR_OPTIMAL
3624,Nick Folk,K,Bijan Robinson / Chris Olave / Daniel Carlson / Devaughn Vele / Saints,47500,<48000,2-4,0,89.66,112.49,120.53,134.75,0.0075,0,0,FORCED_CAPTAIN
3636,Nick Folk,K,Bijan Robinson / Chris Olave / Falcons / Jahan Dotson / Tyler Shough,46900,<48000,4-2,0,95.65,121.58,131.84,150.76,0.0075,0,0,FORCED_CAPTAIN
3687,Nick Muse,TE,Alvin Kamara / Bijan Robinson / Chris Olave / Devaughn Vele / Tyler Shough,47300,<48000,2-4,1,98.85,129.5,139.41,158.32,0.0075,0,1,FORCED_CAPTAIN
3826,Olamide Zaccheaus,WR,Alvin Kamara / Chris Olave / Devaughn Vele / Drake London / Tyler Shough,48200,48000-48900,2-4,1,96.44,128.47,137.72,158.68,0.0075,0,1,FORCED_CAPTAIN
3829,Olamide Zaccheaus,WR,Alvin Kamara / Chris Olave / Juwan Johnson / Michael Penix Jr. / Tyler Shough,46800,<48000,2-4,1,96.91,129.58,138.6,157.89,0.0075,0,2,FORCED_CAPTAIN
3979,Oscar Delp,TE,Bijan Robinson / Chris Olave / Daniel Carlson / Juwan Johnson / Tyler Shough,45000,<48000,1-5,1,101.11,132.04,140.5,160.37,0.0075,0,3,FORCED_CAPTAIN
4004,Oscar Delp,TE,Bijan Robinson / Chris Olave / Michael Penix Jr. / Nick Folk / Tyler Shough,47200,<48000,3-3,1,99.54,129.05,139.87,159.46,0.0075,0,2,FORCED_CAPTAIN
4811,Tyler Shough,QB,Bryce Lance / Daniel Carlson / Devaughn Vele / Drake London / Michael Penix Jr.,47800,<48000,2-4,1,91.34,122.62,133.51,155.46,0.0075,0,1,EXACT_OR_NEAR_OPTIMAL
240,Austin Hooper,TE,Alvin Kamara / Chris Olave / Devaughn Vele / Juwan Johnson / Tyler Shough,46800,<48000,1-5,1,94.44,125.54,135.73,156.62,0.007,0,2,FORCED_CAPTAIN
258,Austin Hooper,TE,Bijan Robinson / Bryce Lance / Chris Olave / Drake London / Michael Penix Jr.,47600,<48000,4-2,1,95.17,127.56,136.77,153.54,0.007,0,2,FORCED_CAPTAIN
264,Austin Hooper,TE,Bijan Robinson / Chris Olave / Daniel Carlson / Devaughn Vele / Michael Penix Jr.,48400,48000-48900,3-3,1,92.1,119.41,129.25,146.3,0.007,0,1,FORCED_CAPTAIN
272,Austin Hooper,TE,Bijan Robinson / Chris Olave / Devaughn Vele / Kyle Pitts Sr. / Tyler Shough,50000,50000,3-3,1,95.75,126.07,138.4,159.16,0.007,0,2,FORCED_CAPTAIN
293,Austin Hooper,TE,Bijan Robinson / Chris Olave / Juwan Johnson / Michael Penix Jr. / Nick Folk,48600,48000-48900,4-2,1,96.51,124.23,133.16,155.52,0.007,0,2,FORCED_CAPTAIN
296,Austin Hooper,TE,Bijan Robinson / Chris Olave / Michael Penix Jr. / Olamide Zaccheaus / Tyler Shough,47400,<48000,4-2,1,97.35,128.49,139.47,160.53,0.007,0,2,FORCED_CAPTAIN
302,Austin Hooper,TE,Bijan Robinson / Daniel Carlson / Juwan Johnson / Michael Penix Jr. / Tyler Shough,46800,<48000,3-3,1,94.04,122.67,131.12,148.7,0.007,0,2,FORCED_CAPTAIN
326,Austin Hooper,TE,Chris Olave / Drake London / Kendre Miller / Michael Penix Jr. / Tyler Shough,48600,48000-48900,3-3,1,92.67,125.82,135.31,153.37,0.007,0,2,FORCED_CAPTAIN
332,Austin Hooper,TE,Devaughn Vele / Drake London / Juwan Johnson / Michael Penix Jr. / Tyler Shough,48000,48000-48900,3-3,1,90.44,122.72,133.9,152.56,0.007,0,2,EXACT_OR_NEAR_OPTIMAL
839,Brian Robinson Jr.,RB,Bijan Robinson / Chris Olave / Devaughn Vele / Jahan Dotson / Tyler Shough,48700,48000-48900,3-3,1,96.22,125.75,136.68,156.36,0.007,0,1,FORCED_CAPTAIN
850,Brian Robinson Jr.,RB,Bijan Robinson / Chris Olave / Falcons / Nick Folk / Tyler Shough,46900,<48000,4-2,0,94.6,121.29,130.05,146.26,0.007,0,0,FORCED_CAPTAIN
857,Brian Robinson Jr.,RB,Bijan Robinson / Chris Olave / Michael Penix Jr. / Oscar Delp / Tyler Shough,47300,<48000,3-3,1,97.91,127.43,138.19,159.18,0.007,0,2,FORCED_CAPTAIN
873,Brian Robinson Jr.,RB,Bijan Robinson / Drake London / Falcons / Michael Penix Jr. / Tyler Shough,49700,49500-49900,5-1,1,96.39,124.88,134.04,149.62,0.007,0,3,FORCED_CAPTAIN
895,Brian Robinson Jr.,RB,Chris Olave / Drake London / Juwan Johnson / Saints / Tyler Shough,47700,<48000,2-4,1,97.82,129.13,138.53,156.32,0.007,0,2,FORCED_CAPTAIN
1027,CJ Donaldson,RB,Alvin Kamara / Bijan Robinson / Chris Olave / Drake London / Juwan Johnson,49100,49000-49400,2-4,0,102.29,129.95,138.92,156.75,0.007,0,1,EXACT_OR_NEAR_OPTIMAL
1046,CJ Donaldson,RB,Alvin Kamara / Bijan Robinson / Drake London / Juwan Johnson / Tyler Shough,47900,<48000,2-4,1,99.08,128.69,136.93,153.43,0.007,0,2,EXACT_OR_NEAR_OPTIMAL
1054,CJ Donaldson,RB,Alvin Kamara / Chris Olave / Drake London / Michael Penix Jr. / Tyler Shough,48500,48000-48900,2-4,1,97.9,130.86,139.43,162.57,0.007,0,2,EXACT_OR_NEAR_OPTIMAL
1178,Charlie Woerner,TE,Alvin Kamara / Chris Olave / Drake London / Michael Penix Jr. / Tyler Shough,47300,<48000,3-3,1,97.7,130.29,139.29,162.58,0.007,0,2,FORCED_CAPTAIN
1378,Chris Blair,WR,Chris Olave / Drake London / Juwan Johnson / Michael Penix Jr. / Tyler Shough,48300,48000-48900,3-3,1,99.85,133.92,144.48,162.55,0.007,0,3,EXACT_OR_NEAR_OPTIMAL
1466,Chris Olave,WR,Alvin Kamara / Brian Robinson Jr. / Kyle Pitts Sr. / Saints / Tyler Shough,46600,<48000,2-4,1,90.95,122.37,132.66,149.85,0.007,0,1,EXACT_OR_NEAR_OPTIMAL
1590,Chris Olave,WR,Austin Hooper / Daniel Carlson / Devaughn Vele / Saints / Tyler Shough,45400,<48000,1-5,1,90.77,122.46,132.48,151.51,0.007,0,2,EXACT_OR_NEAR_OPTIMAL
1875,Daniel Carlson,K,Alvin Kamara / Chris Olave / Drake London / Michael Penix Jr. / Olamide Zaccheaus,46000,<48000,3-3,1,89.99,117.82,127.84,144.55,0.007,0,1,EXACT_OR_NEAR_OPTIMAL
1957,Daniel Carlson,K,Chris Olave / Drake London / Juwan Johnson / Kendre Miller / Michael Penix Jr.,49400,49000-49400,2-4,0,93.82,123.01,130.27,148.27,0.007,0,1,FORCED_CAPTAIN
1961,Daniel Carlson,K,Chris Olave / Falcons / Juwan Johnson / Michael Penix Jr. / Tyler Shough,47600,<48000,2-4,1,98.14,125.9,135.58,151.66,0.007,0,2,FORCED_CAPTAIN
2038,Devaughn Vele,WR,Bijan Robinson / Brian Robinson Jr. / Chris Olave / Falcons / Juwan Johnson,49100,49000-49400,3-3,0,94.64,121.4,130.18,150.35,0.007,0,0,FORCED_CAPTAIN
2272,Drake London,WR,Alvin Kamara / Juwan Johnson / Kendre Miller / Michael Penix Jr. / Saints,47600,<48000,2-4,0,85.46,114.22,124.21,141.83,0.007,0,0,EXACT_OR_NEAR_OPTIMAL
2303,Drake London,WR,Austin Hooper / Chris Olave / Daniel Carlson / Juwan Johnson / Nick Folk,46200,<48000,3-3,0,91.96,121.66,130.31,149.39,0.007,1,0,EXACT_OR_NEAR_OPTIMAL
2396,Drake London,WR,Brian Robinson Jr. / Devaughn Vele / Juwan Johnson / Michael Penix Jr. / Nick Folk,48400,48000-48900,4-2,1,85.05,116.21,125.38,147.32,0.007,0,1,EXACT_OR_NEAR_OPTIMAL
2468,Drake London,WR,Chris Olave / Kyle Pitts Sr. / Nick Folk / Olamide Zaccheaus / Tyler Shough,48600,48000-48900,4-2,0,93.55,125.5,136.61,156.04,0.007,0,0,EXACT_OR_NEAR_OPTIMAL
2662,Jahan Dotson,WR,Alvin Kamara / Bijan Robinson / Chris Olave / Drake London / Falcons,47700,<48000,4-2,0,97.09,123.08,131.1,150.13,0.007,0,0,FORCED_CAPTAIN
2671,Jahan Dotson,WR,Alvin Kamara / Bijan Robinson / Daniel Carlson / Drake London / Michael Penix Jr.,47100,<48000,4-2,1,89.74,117.62,126.71,141.86,0.007,0,1,FORCED_CAPTAIN
2679,Jahan Dotson,WR,Alvin Kamara / Chris Olave / Daniel Carlson / Drake London / Tyler Shough,46700,<48000,2-4,1,96.53,126.07,134.05,152.65,0.007,0,1,FORCED_CAPTAIN
2686,Jahan Dotson,WR,Alvin Kamara / Chris Olave / Drake London / Saints / Tyler Shough,46100,<48000,2-4,1,94.47,123.21,133.62,152.72,0.007,0,1,FORCED_CAPTAIN
2743,Jahan Dotson,WR,Bijan Robinson / Daniel Carlson / Juwan Johnson / Michael Penix Jr. / Tyler Shough,47100,<48000,3-3,1,94.7,123.21,131.99,148.19,0.007,0,2,FORCED_CAPTAIN
2752,Jahan Dotson,WR,Bijan Robinson / Drake London / Juwan Johnson / Saints / Tyler Shough,47500,<48000,3-3,0,97.32,123.91,134.35,149.28,0.007,0,1,FORCED_CAPTAIN
2858,Juwan Johnson,TE,Alvin Kamara / Daniel Carlson / Drake London / Michael Penix Jr. / Nick Folk,47300,<48000,3-3,0,89.72,117.13,128.4,142.42,0.007,0,0,EXACT_OR_NEAR_OPTIMAL
2893,Juwan Johnson,TE,Alvin Kamara / Falcons / Michael Penix Jr. / Nick Folk / Tyler Shough,45700,<48000,3-3,1,89.18,117.31,127.3,144.61,0.007,0,1,EXACT_OR_NEAR_OPTIMAL
2922,Juwan Johnson,TE,Bijan Robinson / Brian Robinson Jr. / Falcons / Saints / Tyler Shough,44100,<48000,3-3,0,89.53,115.85,124.74,143.8,0.007,1,0,EXACT_OR_NEAR_OPTIMAL
3079,Kendre Miller,RB,Austin Hooper / Chris Olave / Drake London / Michael Penix Jr. / Tyler Shough,49700,49500-49900,3-3,1,92.73,125.74,136.09,153.38,0.007,0,2,FORCED_CAPTAIN
3084,Kendre Miller,RB,Bijan Robinson / Bryce Lance / Chris Olave / Juwan Johnson / Tyler Shough,48900,48000-48900,1-5,1,98.63,129.84,139.22,158.92,0.007,0,3,FORCED_CAPTAIN
3136,Kendre Miller,RB,Chris Olave / Devaughn Vele / Drake London / Saints / Tyler Shough,49900,49500-49900,1-5,1,91.32,120.25,131.49,146.73,0.007,0,2,FORCED_CAPTAIN
3179,Kevin Austin Jr.,WR,Alvin Kamara / Bijan Robinson / Drake London / Juwan Johnson / Tyler Shough,47000,<48000,2-4,1,99.43,129.26,138.03,154.52,0.007,0,2,FORCED_CAPTAIN
3231,Kevin Austin Jr.,WR,Bijan Robinson / Chris Olave / Drake London / Saints / Tyler Shough,47600,<48000,2-4,1,101.81,130.29,140.52,162.29,0.007,0,2,FORCED_CAPTAIN
3334,Kyle Pitts Sr.,TE,Bijan Robinson / Charlie Woerner / Drake London / Michael Penix Jr. / Tyler Shough,49700,49500-49900,5-1,1,91.88,122.93,131.83,150.33,0.007,0,3,FORCED_CAPTAIN
3337,Kyle Pitts Sr.,TE,Bijan Robinson / Chris Olave / Daniel Carlson / Falcons / Michael Penix Jr.,48700,48000-48900,4-2,1,88.92,114.86,123.51,144.85,0.007,0,1,FORCED_CAPTAIN
3340,Kyle Pitts Sr.,TE,Bijan Robinson / Chris Olave / Devaughn Vele / Kevin Austin Jr. / Tyler Shough,49500,49500-49900,2-4,1,93.6,123.96,135.21,157.9,0.007,0,1,FORCED_CAPTAIN
3367,Kyle Pitts Sr.,TE,CJ Donaldson / Chris Olave / Drake London / Michael Penix Jr. / Tyler Shough,49500,49500-49900,3-3,1,91.67,126.01,135.28,156.4,0.007,0,2,FORCED_CAPTAIN
3383,Kyle Pitts Sr.,TE,Chris Olave / Jahan Dotson / Juwan Johnson / Michael Penix Jr. / Tyler Shough,48500,48000-48900,3-3,1,91.4,122.53,133.83,154.84,0.007,0,2,FORCED_CAPTAIN
3633,Nick Folk,K,Bijan Robinson / Chris Olave / Drake London / Falcons / Kendre Miller,49300,49000-49400,4-2,0,92.85,118.71,125.65,143.95,0.007,0,0,FORCED_CAPTAIN
3670,Nick Folk,K,Chris Olave / Drake London / Juwan Johnson / Michael Penix Jr. / Saints,49500,49500-49900,3-3,0,95.52,123.38,131.81,146.36,0.007,0,1,FORCED_CAPTAIN
3675,Nick Folk,K,Daniel Carlson / Devaughn Vele / Drake London / Michael Penix Jr. / Tyler Shough,49300,49000-49400,3-3,0,89.23,117.32,126.52,146.65,0.007,0,0,FORCED_CAPTAIN
3803,Olamide Zaccheaus,WR,Alvin Kamara / Bijan Robinson / Chris Olave / Devaughn Vele / Michael Penix Jr.,49400,49000-49400,3-3,1,95.32,123.0,131.5,150.85,0.007,0,1,FORCED_CAPTAIN
3815,Olamide Zaccheaus,WR,Alvin Kamara / Bijan Robinson / Devaughn Vele / Drake London / Michael Penix Jr.,48600,48000-48900,4-2,1,89.66,118.82,128.52,143.54,0.007,0,1,FORCED_CAPTAIN
3844,Olamide Zaccheaus,WR,Bijan Robinson / Chris Olave / Daniel Carlson / Devaughn Vele / Tyler Shough,47800,<48000,2-4,1,97.39,126.62,136.44,154.25,0.007,0,1,FORCED_CAPTAIN
3856,Olamide Zaccheaus,WR,Bijan Robinson / Chris Olave / Devaughn Vele / Nick Folk / Tyler Shough,48400,48000-48900,3-3,1,96.66,127.23,136.82,154.51,0.007,0,1,FORCED_CAPTAIN
3883,Olamide Zaccheaus,WR,Bijan Robinson / Daniel Carlson / Drake London / Michael Penix Jr. / Tyler Shough,48200,48000-48900,4-2,1,96.04,125.59,133.39,149.77,0.007,0,2,FORCED_CAPTAIN
3903,Olamide Zaccheaus,WR,Chris Olave / Daniel Carlson / Drake London / Michael Penix Jr. / Tyler Shough,47200,<48000,3-3,1,95.69,127.38,136.94,157.03,0.007,0,2,FORCED_CAPTAIN
3907,Olamide Zaccheaus,WR,Chris Olave / Devaughn Vele / Juwan Johnson / Michael Penix Jr. / Tyler Shough,47600,<48000,2-4,1,94.27,127.91,136.55,157.35,0.007,0,2,FORCED_CAPTAIN
4066,Saints,DST,Alvin Kamara / Brian Robinson Jr. / Chris Olave / Juwan Johnson / Tyler Shough,44900,<48000,1-5,1,92.42,122.19,130.48,147.23,0.007,0,2,FORCED_CAPTAIN
4081,Saints,DST,Alvin Kamara / Chris Olave / Juwan Johnson / Kyle Pitts Sr. / Tyler Shough,46900,<48000,1-5,1,92.9,122.73,131.47,148.05,0.007,0,2,FORCED_CAPTAIN
4604,Tyler Shough,QB,Alvin Kamara / CJ Donaldson / Drake London / Juwan Johnson / Saints,44400,<48000,1-5,1,90.58,120.8,131.71,146.21,0.007,0,2,EXACT_OR_NEAR_OPTIMAL
4652,Tyler Shough,QB,Alvin Kamara / Daniel Carlson / Drake London / Michael Penix Jr. / Oscar Delp,45600,<48000,2-4,1,92.76,122.58,131.79,151.92,0.007,0,1,EXACT_OR_NEAR_OPTIMAL
4673,Tyler Shough,QB,Alvin Kamara / Devaughn Vele / Juwan Johnson / Nick Folk / Saints,46200,<48000,1-5,1,88.95,118.8,129.14,147.28,0.007,0,2,EXACT_OR_NEAR_OPTIMAL
4679,Tyler Shough,QB,Alvin Kamara / Drake London / Jahan Dotson / Kendre Miller / Michael Penix Jr.,48400,48000-48900,3-3,1,90.52,122.55,129.87,148.79,0.007,0,1,EXACT_OR_NEAR_OPTIMAL
4884,Tyler Shough,QB,Drake London / Juwan Johnson / Michael Penix Jr. / Oscar Delp / Saints,45400,<48000,2-4,1,93.2,125.27,135.08,152.65,0.007,1,2,EXACT_OR_NEAR_OPTIMAL
4934,Zachariah Branch,WR,Bijan Robinson / Brian Robinson Jr. / Chris Olave / Drake London / Tyler Shough,49600,49500-49900,4-2,0,99.91,129.59,139.29,159.56,0.007,0,1,EXACT_OR_NEAR_OPTIMAL
189,Alvin Kamara,RB,Daniel Carlson / Juwan Johnson / Michael Penix Jr. / Saints / Tyler Shough,45500,<48000,1-5,1,89.6,115.4,123.99,138.95,0.0065,0,2,EXACT_OR_NEAR_OPTIMAL
217,Austin Hooper,TE,Alvin Kamara / Bijan Robinson / Chris Olave / Devaughn Vele / Juwan Johnson,49000,49000-49400,2-4,0,97.99,124.28,132.55,152.63,0.0065,0,0,FORCED_CAPTAIN
286,Austin Hooper,TE,Bijan Robinson / Chris Olave / Falcons / Juwan Johnson / Michael Penix Jr.,46800,<48000,4-2,1,94.25,121.35,130.31,150.03,0.0065,0,2,FORCED_CAPTAIN
314,Austin Hooper,TE,Chris Olave / Daniel Carlson / Juwan Johnson / Michael Penix Jr. / Tyler Shough,45800,<48000,2-4,1,93.69,124.41,133.89,152.13,0.0065,0,2,FORCED_CAPTAIN
372,Barion Brown,WR,Alvin Kamara / Chris Olave / Drake London / Michael Penix Jr. / Tyler Shough,48200,48000-48900,2-4,1,97.42,130.29,138.57,161.79,0.0065,0,2,EXACT_OR_NEAR_OPTIMAL
799,Brian Robinson Jr.,RB,Alvin Kamara / Bijan Robinson / Daniel Carlson / Juwan Johnson / Tyler Shough,46300,<48000,2-4,1,93.88,119.73,128.01,146.07,0.0065,0,1,FORCED_CAPTAIN
824,Brian Robinson Jr.,RB,Austin Hooper / Bijan Robinson / Chris Olave / Devaughn Vele / Tyler Shough,48500,48000-48900,3-3,1,95.78,126.46,135.38,154.46,0.0065,0,1,FORCED_CAPTAIN
828,Brian Robinson Jr.,RB,Austin Hooper / Bijan Robinson / Drake London / Michael Penix Jr. / Tyler Shough,48900,48000-48900,5-1,1,94.42,124.8,134.42,147.14,0.0065,0,3,FORCED_CAPTAIN
858,Brian Robinson Jr.,RB,Bijan Robinson / Chris Olave / Michael Penix Jr. / Tyler Shough / Zachariah Branch,49300,49000-49400,4-2,1,97.19,126.64,137.9,159.18,0.0065,0,2,FORCED_CAPTAIN
888,Brian Robinson Jr.,RB,Chris Olave / Devaughn Vele / Drake London / Falcons / Tyler Shough,47500,<48000,3-3,1,91.74,121.28,130.57,149.56,0.0065,0,1,FORCED_CAPTAIN
892,Brian Robinson Jr.,RB,Chris Olave / Drake London / Falcons / Juwan Johnson / Tyler Shough,47100,<48000,3-3,1,96.88,127.5,137.01,154.03,0.0065,0,2,FORCED_CAPTAIN
893,Brian Robinson Jr.,RB,Chris Olave / Drake London / Falcons / Michael Penix Jr. / Tyler Shough,48700,48000-48900,4-2,1,96.05,126.21,136.72,156.46,0.0065,0,2,FORCED_CAPTAIN
942,Bryce Lance,WR,Alvin Kamara / Drake London / Juwan Johnson / Michael Penix Jr. / Tyler Shough,45700,<48000,2-4,1,91.67,122.38,133.05,152.47,0.0065,0,2,FORCED_CAPTAIN
952,Bryce Lance,WR,Bijan Robinson / Brian Robinson Jr. / Chris Olave / Juwan Johnson / Tyler Shough,46100,<48000,2-4,1,99.0,130.95,139.56,159.26,0.0065,0,2,FORCED_CAPTAIN
987,Bryce Lance,WR,Bijan Robinson / Chris Olave / Juwan Johnson / Kendre Miller / Tyler Shough,47300,<48000,1-5,1,98.1,129.49,138.57,161.62,0.0065,1,3,EXACT_OR_NEAR_OPTIMAL
993,Bryce Lance,WR,Bijan Robinson / Chris Olave / Michael Penix Jr. / Saints / Tyler Shough,48100,48000-48900,2-4,1,100.06,129.12,139.4,157.47,0.0065,0,2,FORCED_CAPTAIN
996,Bryce Lance,WR,Bijan Robinson / Daniel Carlson / Drake London / Juwan Johnson / Tyler Shough,46300,<48000,2-4,1,97.29,125.11,134.58,151.58,0.0065,0,2,FORCED_CAPTAIN
999,Bryce Lance,WR,Bijan Robinson / Devaughn Vele / Drake London / Juwan Johnson / Michael Penix Jr.,48700,48000-48900,3-3,1,92.58,122.84,132.44,148.72,0.0065,0,2,FORCED_CAPTAIN
1017,Bryce Lance,WR,Chris Olave / Drake London / Michael Penix Jr. / Nick Folk / Tyler Shough,47500,<48000,3-3,1,95.38,127.84,136.8,158.27,0.0065,0,2,FORCED_CAPTAIN
1079,CJ Donaldson,RB,Bijan Robinson / Chris Olave / Devaughn Vele / Drake London / Juwan Johnson,49900,49500-49900,2-4,0,99.65,127.68,136.96,156.15,0.0065,0,1,EXACT_OR_NEAR_OPTIMAL
1164,Charlie Woerner,TE,Alvin Kamara / Bijan Robinson / Drake London / Juwan Johnson / Tyler Shough,46700,<48000,3-3,1,98.88,128.63,136.99,153.23,0.0065,0,2,FORCED_CAPTAIN
1296,Chris Blair,WR,Alvin Kamara / Chris Olave / Drake London / Michael Penix Jr. / Tyler Shough,47900,<48000,3-3,1,97.35,130.13,138.85,162.58,0.0065,0,2,EXACT_OR_NEAR_OPTIMAL
1321,Chris Blair,WR,Bijan Robinson / Chris Olave / Daniel Carlson / Drake London / Michael Penix Jr.,47900,<48000,4-2,1,95.85,126.0,135.76,153.63,0.0065,0,2,EXACT_OR_NEAR_OPTIMAL
1529,Chris Olave,WR,Alvin Kamara / Drake London / Kendre Miller / Nick Folk / Saints,47800,<48000,2-4,0,90.34,117.08,126.01,144.99,0.0065,1,0,EXACT_OR_NEAR_OPTIMAL
1866,Daniel Carlson,K,Alvin Kamara / Bijan Robinson / Falcons / Michael Penix Jr. / Tyler Shough,48200,48000-48900,3-3,0,95.98,118.93,125.4,140.43,0.0065,0,0,FORCED_CAPTAIN
1981,Devaughn Vele,WR,Alvin Kamara / Bijan Robinson / Daniel Carlson / Falcons / Michael Penix Jr.,47900,<48000,3-3,0,85.75,109.26,116.82,133.37,0.0065,1,0,EXACT_OR_NEAR_OPTIMAL
1995,Devaughn Vele,WR,Alvin Kamara / Bryce Lance / Chris Olave / Nick Folk / Tyler Shough,46300,<48000,1-5,1,88.89,120.48,130.41,148.41,0.0065,1,2,EXACT_OR_NEAR_OPTIMAL
2034,Devaughn Vele,WR,Austin Hooper / Chris Olave / Kyle Pitts Sr. / Michael Penix Jr. / Tyler Shough,49700,49500-49900,3-3,1,88.76,121.93,130.89,152.36,0.0065,1,1,EXACT_OR_NEAR_OPTIMAL
2036,Devaughn Vele,WR,Austin Hooper / Drake London / Juwan Johnson / Nick Folk / Tyler Shough,46900,<48000,3-3,1,86.68,118.27,128.49,147.22,0.0065,0,1,EXACT_OR_NEAR_OPTIMAL
2170,Drake London,WR,Alvin Kamara / Brian Robinson Jr. / Daniel Carlson / Devaughn Vele / Michael Penix Jr.,47400,<48000,3-3,1,83.27,112.37,123.12,140.22,0.0065,0,1,EXACT_OR_NEAR_OPTIMAL
2214,Drake London,WR,Alvin Kamara / Daniel Carlson / Devaughn Vele / Falcons / Michael Penix Jr.,47200,<48000,3-3,0,84.23,112.98,122.16,139.82,0.0065,0,0,EXACT_OR_NEAR_OPTIMAL
2217,Drake London,WR,Alvin Kamara / Daniel Carlson / Devaughn Vele / Kendre Miller / Michael Penix Jr.,48600,48000-48900,2-4,0,82.37,111.85,121.83,140.16,0.0065,0,0,EXACT_OR_NEAR_OPTIMAL
2395,Drake London,WR,Brian Robinson Jr. / Devaughn Vele / Falcons / Juwan Johnson / Michael Penix Jr.,46600,<48000,4-2,1,82.78,111.85,121.85,142.0,0.0065,0,1,EXACT_OR_NEAR_OPTIMAL
2488,Drake London,WR,Daniel Carlson / Falcons / Michael Penix Jr. / Saints / Tyler Shough,46200,<48000,3-3,0,88.56,116.29,126.22,141.96,0.0065,0,0,EXACT_OR_NEAR_OPTIMAL
2494,Drake London,WR,Daniel Carlson / Kendre Miller / Kyle Pitts Sr. / Michael Penix Jr. / Tyler Shough,49200,49000-49400,3-3,1,85.28,116.62,126.53,144.61,0.0065,0,1,EXACT_OR_NEAR_OPTIMAL
2553,Falcons,DST,Alvin Kamara / Chris Olave / Daniel Carlson / Drake London / Michael Penix Jr.,47000,<48000,3-3,0,91.68,117.55,126.23,142.03,0.0065,0,0,FORCED_CAPTAIN
2620,Falcons,DST,Bijan Robinson / Chris Olave / Kyle Pitts Sr. / Michael Penix Jr. / Nick Folk,48200,48000-48900,5-1,1,88.43,114.49,122.42,141.97,0.0065,0,2,FORCED_CAPTAIN
2629,Falcons,DST,Bijan Robinson / Devaughn Vele / Drake London / Juwan Johnson / Saints,46600,<48000,3-3,0,88.17,111.51,120.27,135.63,0.0065,0,0,FORCED_CAPTAIN
2680,Jahan Dotson,WR,Alvin Kamara / Chris Olave / Devaughn Vele / Drake London / Michael Penix Jr.,49100,49000-49400,3-3,1,91.81,121.21,131.25,149.47,0.0065,0,1,FORCED_CAPTAIN
2757,Jahan Dotson,WR,Brian Robinson Jr. / Chris Olave / Drake London / Michael Penix Jr. / Tyler Shough,47700,<48000,4-2,1,94.24,126.47,137.57,156.82,0.0065,0,2,FORCED_CAPTAIN
2775,Jahan Dotson,WR,Devaughn Vele / Drake London / Juwan Johnson / Michael Penix Jr. / Tyler Shough,48300,48000-48900,3-3,1,91.11,123.74,134.05,154.23,0.0065,0,2,FORCED_CAPTAIN
2780,Juwan Johnson,TE,Alvin Kamara / Austin Hooper / Devaughn Vele / Drake London / Michael Penix Jr.,47700,<48000,3-3,1,87.91,118.74,127.35,147.54,0.0065,0,1,EXACT_OR_NEAR_OPTIMAL
2829,Juwan Johnson,TE,Alvin Kamara / Chris Olave / Devaughn Vele / Jahan Dotson / Michael Penix Jr.,48700,48000-48900,2-4,0,94.01,122.5,130.72,149.97,0.0065,1,0,EXACT_OR_NEAR_OPTIMAL
2853,Juwan Johnson,TE,Alvin Kamara / Daniel Carlson / Devaughn Vele / Nick Folk / Tyler Shough,45700,<48000,1-5,1,87.87,117.46,126.81,149.11,0.0065,0,2,EXACT_OR_NEAR_OPTIMAL
2875,Juwan Johnson,TE,Alvin Kamara / Devaughn Vele / Drake London / Michael Penix Jr. / Saints,49100,49000-49400,2-4,0,90.81,119.55,128.43,147.41,0.0065,0,0,EXACT_OR_NEAR_OPTIMAL
2909,Juwan Johnson,TE,Austin Hooper / Chris Olave / Daniel Carlson / Saints / Tyler Shough,43300,<48000,1-5,1,91.17,121.76,131.94,148.57,0.0065,1,2,EXACT_OR_NEAR_OPTIMAL
3028,Juwan Johnson,TE,Devaughn Vele / Kyle Pitts Sr. / Michael Penix Jr. / Nick Folk / Tyler Shough,48700,48000-48900,3-3,1,86.06,117.58,127.6,148.15,0.0065,0,1,EXACT_OR_NEAR_OPTIMAL
3105,Kendre Miller,RB,Bijan Robinson / Chris Olave / Juwan Johnson / Olamide Zaccheaus / Tyler Shough,49100,49000-49400,2-4,1,98.35,129.33,138.53,158.58,0.0065,0,2,FORCED_CAPTAIN
3227,Kevin Austin Jr.,WR,Bijan Robinson / Chris Olave / Drake London / Kyle Pitts Sr. / Tyler Shough,49200,49000-49400,3-3,1,100.4,131.0,140.66,163.46,0.0065,0,2,FORCED_CAPTAIN
3286,Kyle Pitts Sr.,TE,Alvin Kamara / Bijan Robinson / Daniel Carlson / Drake London / Juwan Johnson,49700,49500-49900,3-3,0,92.14,117.27,125.15,141.79,0.0065,0,0,FORCED_CAPTAIN
3303,Kyle Pitts Sr.,TE,Alvin Kamara / Chris Olave / Drake London / Falcons / Michael Penix Jr.,49100,49000-49400,4-2,1,87.97,116.65,126.0,143.61,0.0065,0,1,FORCED_CAPTAIN
3324,Kyle Pitts Sr.,TE,Bijan Robinson / Brian Robinson Jr. / Chris Olave / Daniel Carlson / Tyler Shough,49500,49500-49900,3-3,0,95.09,122.85,131.46,152.68,0.0065,0,0,FORCED_CAPTAIN
3342,Kyle Pitts Sr.,TE,Bijan Robinson / Chris Olave / Devaughn Vele / Oscar Delp / Tyler Shough,49100,49000-49400,2-4,1,94.32,124.51,136.44,159.44,0.0065,0,1,FORCED_CAPTAIN
3379,Kyle Pitts Sr.,TE,Chris Olave / Drake London / Kevin Austin Jr. / Michael Penix Jr. / Tyler Shough,48900,48000-48900,3-3,1,91.9,126.18,135.94,157.06,0.0065,0,2,FORCED_CAPTAIN
3380,Kyle Pitts Sr.,TE,Chris Olave / Drake London / Michael Penix Jr. / Oscar Delp / Tyler Shough,48500,48000-48900,3-3,1,92.62,126.82,136.4,157.21,0.0065,0,2,FORCED_CAPTAIN
3388,Kyle Pitts Sr.,TE,Daniel Carlson / Drake London / Juwan Johnson / Michael Penix Jr. / Tyler Shough,49500,49500-49900,3-3,1,90.26,120.12,130.16,148.04,0.0065,0,2,FORCED_CAPTAIN
3408,Michael Penix Jr.,QB,Alvin Kamara / Bijan Robinson / Daniel Carlson / Devaughn Vele / Falcons,48500,48000-48900,3-3,0,87.9,111.64,119.94,135.75,0.0065,0,0,FORCED_CAPTAIN
3420,Michael Penix Jr.,QB,Alvin Kamara / Bryce Lance / Chris Olave / Kyle Pitts Sr. / Tyler Shough,48500,48000-48900,2-4,1,92.61,124.3,133.68,153.22,0.0065,0,1,FORCED_CAPTAIN
3438,Michael Penix Jr.,QB,Alvin Kamara / Daniel Carlson / Drake London / Juwan Johnson / Nick Folk,48100,48000-48900,3-3,0,89.3,117.38,126.82,143.77,0.0065,0,0,EXACT_OR_NEAR_OPTIMAL
3551,Michael Penix Jr.,QB,Drake London / Juwan Johnson / Kendre Miller / Saints / Tyler Shough,49700,49500-49900,2-4,1,91.92,122.47,133.0,149.78,0.0065,0,2,EXACT_OR_NEAR_OPTIMAL
3556,Nick Folk,K,Alvin Kamara / Bijan Robinson / Brian Robinson Jr. / Chris Olave / Daniel Carlson,46300,<48000,3-3,0,90.41,113.44,121.67,136.28,0.0065,0,0,FORCED_CAPTAIN
3575,Nick Folk,K,Alvin Kamara / Bijan Robinson / Daniel Carlson / Drake London / Saints,45900,<48000,3-3,0,86.64,107.76,115.21,128.68,0.0065,0,0,FORCED_CAPTAIN
3580,Nick Folk,K,Alvin Kamara / Bijan Robinson / Drake London / Michael Penix Jr. / Olamide Zaccheaus,47900,<48000,5-1,1,89.24,116.62,125.09,141.9,0.0065,0,2,FORCED_CAPTAIN
3598,Nick Folk,K,Alvin Kamara / Chris Olave / Falcons / Michael Penix Jr. / Tyler Shough,48100,48000-48900,3-3,1,94.54,121.54,129.44,146.75,0.0065,1,1,EXACT_OR_NEAR_OPTIMAL
3792,Nick Muse,TE,Chris Olave / Drake London / Juwan Johnson / Michael Penix Jr. / Tyler Shough,47100,<48000,3-3,1,99.65,133.92,143.93,160.63,0.0065,0,3,FORCED_CAPTAIN
3802,Olamide Zaccheaus,WR,Alvin Kamara / Bijan Robinson / Chris Olave / Daniel Carlson / Tyler Shough,47000,<48000,2-4,1,100.04,127.74,136.59,154.69,0.0065,0,1,FORCED_CAPTAIN
3812,Olamide Zaccheaus,WR,Alvin Kamara / Bijan Robinson / Chris Olave / Nick Folk / Tyler Shough,47600,<48000,3-3,1,99.3,127.76,137.79,153.95,0.0065,0,1,FORCED_CAPTAIN
3840,Olamide Zaccheaus,WR,Bijan Robinson / Brian Robinson Jr. / Chris Olave / Michael Penix Jr. / Tyler Shough,48000,48000-48900,4-2,1,97.75,127.63,139.16,159.59,0.0065,0,2,FORCED_CAPTAIN
4076,Saints,DST,Alvin Kamara / Chris Olave / Drake London / Juwan Johnson / Nick Folk,46900,<48000,2-4,0,93.19,118.23,126.04,140.32,0.0065,0,0,FORCED_CAPTAIN
4080,Saints,DST,Alvin Kamara / Chris Olave / Jahan Dotson / Juwan Johnson / Tyler Shough,44100,<48000,1-5,1,91.86,121.07,129.65,145.94,0.0065,0,2,FORCED_CAPTAIN
4109,Saints,DST,Bijan Robinson / Chris Olave / Daniel Carlson / Drake London / Kendre Miller,48700,48000-48900,2-4,0,93.86,117.17,125.56,139.72,0.0065,0,0,FORCED_CAPTAIN
4126,Saints,DST,Bijan Robinson / Chris Olave / Michael Penix Jr. / Oscar Delp / Tyler Shough,47900,<48000,2-4,1,100.75,128.46,138.95,159.16,0.0065,0,2,FORCED_CAPTAIN
4128,Saints,DST,Bijan Robinson / Daniel Carlson / Devaughn Vele / Michael Penix Jr. / Tyler Shough,49300,49000-49400,2-4,0,93.24,116.89,124.17,140.4,0.0065,1,0,EXACT_OR_NEAR_OPTIMAL
4142,Saints,DST,Bijan Robinson / Drake London / Juwan Johnson / Kevin Austin Jr. / Tyler Shough,45900,<48000,2-4,1,95.21,122.29,130.74,146.49,0.0065,0,2,FORCED_CAPTAIN
4147,Saints,DST,Chris Olave / Daniel Carlson / Devaughn Vele / Michael Penix Jr. / Tyler Shough,48300,48000-48900,1-5,1,92.9,120.82,129.33,145.97,0.0065,0,2,EXACT_OR_NEAR_OPTIMAL
4162,Saints,DST,Chris Olave / Juwan Johnson / Kyle Pitts Sr. / Michael Penix Jr. / Tyler Shough,48900,48000-48900,2-4,1,94.57,124.57,133.92,151.85,0.0065,0,2,FORCED_CAPTAIN
4592,Tyler Shough,QB,Alvin Kamara / Bryce Lance / Chris Olave / Falcons / Michael Penix Jr.,46600,<48000,2-4,1,96.65,127.31,137.42,154.34,0.0065,1,1,EXACT_OR_NEAR_OPTIMAL
4870,Tyler Shough,QB,Devaughn Vele / Drake London / Jahan Dotson / Juwan Johnson / Kyle Pitts Sr.,48400,48000-48900,3-3,1,90.1,123.35,133.02,154.51,0.0065,0,1,EXACT_OR_NEAR_OPTIMAL
253,Austin Hooper,TE,Bijan Robinson / Brian Robinson Jr. / Chris Olave / Drake London / Juwan Johnson,48000,48000-48900,4-2,0,97.97,125.28,134.77,153.19,0.006,0,1,FORCED_CAPTAIN
261,Austin Hooper,TE,Bijan Robinson / Bryce Lance / Chris Olave / Michael Penix Jr. / Tyler Shough,47200,<48000,3-3,1,97.63,129.0,139.75,160.03,0.006,0,2,FORCED_CAPTAIN
393,Barion Brown,WR,Bijan Robinson / Chris Olave / Daniel Carlson / Drake London / Michael Penix Jr.,48200,48000-48900,3-3,1,95.92,125.85,135.83,153.61,0.006,0,2,FORCED_CAPTAIN
607,Bijan Robinson,RB,Brian Robinson Jr. / Bryce Lance / Chris Olave / Juwan Johnson / Saints,45700,<48000,2-4,0,94.75,121.69,130.87,148.44,0.006,1,1,EXACT_OR_NEAR_OPTIMAL
793,Brian Robinson Jr.,RB,Alvin Kamara / Bijan Robinson / Chris Olave / Juwan Johnson / Nick Folk,48100,48000-48900,3-3,0,96.36,121.43,129.57,148.74,0.006,0,0,FORCED_CAPTAIN
869,Brian Robinson Jr.,RB,Bijan Robinson / Devaughn Vele / Juwan Johnson / Nick Folk / Tyler Shough,47700,<48000,3-3,1,90.51,118.5,126.86,146.94,0.006,0,1,FORCED_CAPTAIN
877,Brian Robinson Jr.,RB,Bijan Robinson / Drake London / Michael Penix Jr. / Olamide Zaccheaus / Tyler Shough,48100,48000-48900,5-1,1,93.2,123.32,132.58,147.45,0.006,0,3,FORCED_CAPTAIN
881,Brian Robinson Jr.,RB,Chris Olave / Daniel Carlson / Devaughn Vele / Drake London / Tyler Shough,48700,48000-48900,2-4,1,94.73,125.67,134.16,154.14,0.006,0,1,FORCED_CAPTAIN
902,Bryce Lance,WR,Alvin Kamara / Bijan Robinson / Chris Olave / Daniel Carlson / Drake London,47100,<48000,2-4,0,98.0,124.25,132.75,148.83,0.006,0,0,FORCED_CAPTAIN
946,Bryce Lance,WR,Austin Hooper / Bijan Robinson / Chris Olave / Juwan Johnson / Tyler Shough,45100,<48000,2-4,1,97.99,129.48,138.57,160.11,0.006,0,2,FORCED_CAPTAIN
982,Bryce Lance,WR,Bijan Robinson / Chris Olave / Falcons / Michael Penix Jr. / Tyler Shough,47500,<48000,3-3,1,99.12,127.52,139.02,158.4,0.006,0,2,FORCED_CAPTAIN
1001,Bryce Lance,WR,Bijan Robinson / Devaughn Vele / Juwan Johnson / Michael Penix Jr. / Tyler Shough,48300,48000-48900,2-4,1,95.03,125.84,135.87,153.28,0.006,0,2,FORCED_CAPTAIN
1002,Bryce Lance,WR,Bijan Robinson / Drake London / Juwan Johnson / Nick Folk / Tyler Shough,46900,<48000,3-3,1,96.56,126.92,135.41,151.16,0.006,0,2,FORCED_CAPTAIN
1341,Chris Blair,WR,Bijan Robinson / Chris Olave / Drake London / Kyle Pitts Sr. / Michael Penix Jr.,48900,48000-48900,5-1,1,92.37,123.98,132.77,155.44,0.006,0,3,EXACT_OR_NEAR_OPTIMAL
1564,Chris Olave,WR,Austin Hooper / Bijan Robinson / Daniel Carlson / Devaughn Vele / Kyle Pitts Sr.,49200,49000-49400,3-3,0,92.91,122.03,131.92,154.67,0.006,1,0,EXACT_OR_NEAR_OPTIMAL
1589,Chris Olave,WR,Austin Hooper / Daniel Carlson / Devaughn Vele / Kyle Pitts Sr. / Tyler Shough,47000,<48000,2-4,1,89.36,122.44,131.79,154.0,0.006,0,1,EXACT_OR_NEAR_OPTIMAL
1715,Chris Olave,WR,Brian Robinson Jr. / Daniel Carlson / Falcons / Michael Penix Jr. / Tyler Shough,47000,<48000,3-3,0,95.15,125.85,136.28,153.94,0.006,1,0,EXACT_OR_NEAR_OPTIMAL
1810,Chris Olave,WR,Drake London / Jahan Dotson / Kyle Pitts Sr. / Michael Penix Jr. / Saints,48200,48000-48900,4-2,1,89.6,120.69,132.13,151.64,0.006,1,1,EXACT_OR_NEAR_OPTIMAL
1840,Daniel Carlson,K,Alvin Kamara / Austin Hooper / Chris Olave / Michael Penix Jr. / Tyler Shough,46400,<48000,2-4,1,93.67,122.05,130.67,144.93,0.006,0,1,FORCED_CAPTAIN
1870,Daniel Carlson,K,Alvin Kamara / Brian Robinson Jr. / Chris Olave / Juwan Johnson / Tyler Shough,45800,<48000,1-5,1,95.51,125.35,133.38,149.86,0.006,0,2,FORCED_CAPTAIN
1881,Daniel Carlson,K,Alvin Kamara / Devaughn Vele / Drake London / Juwan Johnson / Michael Penix Jr.,48400,48000-48900,2-4,0,89.09,116.22,125.78,143.13,0.006,0,0,EXACT_OR_NEAR_OPTIMAL
1904,Daniel Carlson,K,Bijan Robinson / Bryce Lance / Juwan Johnson / Michael Penix Jr. / Tyler Shough,46800,<48000,2-4,1,95.57,124.1,132.84,148.1,0.006,0,2,FORCED_CAPTAIN
1965,Daniel Carlson,K,Devaughn Vele / Drake London / Michael Penix Jr. / Saints / Tyler Shough,47800,<48000,2-4,0,88.27,114.81,123.25,140.87,0.006,0,0,EXACT_OR_NEAR_OPTIMAL
2114,Devaughn Vele,WR,Drake London / Kendre Miller / Michael Penix Jr. / Saints / Tyler Shough,49500,49500-49900,2-4,1,84.62,114.3,123.29,142.67,0.006,0,1,EXACT_OR_NEAR_OPTIMAL
2224,Drake London,WR,Alvin Kamara / Daniel Carlson / Falcons / Michael Penix Jr. / Nick Folk,44800,<48000,4-2,0,81.09,108.17,118.05,134.38,0.006,1,0,EXACT_OR_NEAR_OPTIMAL
2240,Drake London,WR,Alvin Kamara / Daniel Carlson / Kyle Pitts Sr. / Michael Penix Jr. / Nick Folk,47000,<48000,4-2,1,80.61,109.5,119.36,140.71,0.006,0,1,EXACT_OR_NEAR_OPTIMAL
2603,Falcons,DST,Bijan Robinson / Chris Olave / Devaughn Vele / Jahan Dotson / Michael Penix Jr.,47800,<48000,4-2,1,90.53,117.36,127.01,144.88,0.006,0,1,FORCED_CAPTAIN
2654,Falcons,DST,Chris Olave / Juwan Johnson / Michael Penix Jr. / Nick Folk / Tyler Shough,47600,<48000,3-3,1,95.91,124.23,133.09,151.51,0.006,0,2,EXACT_OR_NEAR_OPTIMAL
2729,Jahan Dotson,WR,Bijan Robinson / Chris Olave / Juwan Johnson / Kyle Pitts Sr. / Michael Penix Jr.,49300,49000-49400,4-2,1,94.43,122.83,132.29,154.15,0.006,0,2,FORCED_CAPTAIN
2768,Jahan Dotson,WR,Chris Olave / Drake London / Juwan Johnson / Saints / Tyler Shough,46500,<48000,2-4,1,96.97,128.36,136.48,154.92,0.006,0,2,FORCED_CAPTAIN
2822,Juwan Johnson,TE,Alvin Kamara / Chris Olave / Daniel Carlson / Devaughn Vele / Nick Folk,46900,<48000,1-5,0,91.08,117.82,126.63,144.03,0.006,0,1,EXACT_OR_NEAR_OPTIMAL
2859,Juwan Johnson,TE,Alvin Kamara / Daniel Carlson / Drake London / Michael Penix Jr. / Saints,46100,<48000,2-4,0,88.4,115.29,124.4,141.38,0.006,0,0,EXACT_OR_NEAR_OPTIMAL
2895,Juwan Johnson,TE,Alvin Kamara / Kyle Pitts Sr. / Michael Penix Jr. / Nick Folk / Tyler Shough,47900,<48000,3-3,1,88.7,118.73,129.63,148.76,0.006,0,1,EXACT_OR_NEAR_OPTIMAL
2907,Juwan Johnson,TE,Austin Hooper / Brian Robinson Jr. / Drake London / Michael Penix Jr. / Tyler Shough,46300,<48000,4-2,1,90.34,123.07,134.21,153.07,0.006,0,2,EXACT_OR_NEAR_OPTIMAL
3014,Juwan Johnson,TE,Daniel Carlson / Devaughn Vele / Drake London / Michael Penix Jr. / Nick Folk,48100,48000-48900,3-3,0,87.08,116.63,124.78,142.66,0.006,0,0,EXACT_OR_NEAR_OPTIMAL
3119,Kendre Miller,RB,Bijan Robinson / Devaughn Vele / Juwan Johnson / Nick Folk / Tyler Shough,49500,49500-49900,2-4,1,89.16,116.72,125.24,144.02,0.006,0,1,FORCED_CAPTAIN
3162,Kevin Austin Jr.,WR,Alvin Kamara / Bijan Robinson / Chris Olave / Drake London / Juwan Johnson,48200,48000-48900,2-4,0,102.63,130.37,139.17,157.09,0.006,0,1,FORCED_CAPTAIN
3211,Kevin Austin Jr.,WR,Bijan Robinson / Chris Olave / Devaughn Vele / Drake London / Juwan Johnson,49000,49000-49400,2-4,0,99.99,128.37,137.3,156.15,0.006,0,1,FORCED_CAPTAIN
3247,Kevin Austin Jr.,WR,Bijan Robinson / Devaughn Vele / Drake London / Juwan Johnson / Tyler Shough,47800,<48000,2-4,1,96.79,126.55,136.62,154.83,0.006,0,2,FORCED_CAPTAIN
3318,Kyle Pitts Sr.,TE,Austin Hooper / Bijan Robinson / Drake London / Juwan Johnson / Michael Penix Jr.,49700,49500-49900,5-1,1,88.85,120.03,128.38,145.5,0.006,0,3,FORCED_CAPTAIN
3321,Kyle Pitts Sr.,TE,Austin Hooper / Chris Olave / Juwan Johnson / Michael Penix Jr. / Tyler Shough,48300,48000-48900,3-3,1,90.96,122.19,132.01,155.09,0.006,0,2,FORCED_CAPTAIN
3345,Kyle Pitts Sr.,TE,Bijan Robinson / Chris Olave / Falcons / Michael Penix Jr. / Nick Folk,49300,49000-49400,5-1,1,88.19,114.28,123.14,141.89,0.006,0,2,FORCED_CAPTAIN
3358,Kyle Pitts Sr.,TE,Bijan Robinson / Jahan Dotson / Juwan Johnson / Michael Penix Jr. / Tyler Shough,49500,49500-49900,4-2,1,91.75,121.59,130.8,151.13,0.006,0,2,FORCED_CAPTAIN
3362,Kyle Pitts Sr.,TE,Brian Robinson Jr. / Chris Olave / Juwan Johnson / Michael Penix Jr. / Tyler Shough,49300,49000-49400,3-3,1,91.97,123.76,134.15,153.26,0.006,0,2,FORCED_CAPTAIN
3448,Michael Penix Jr.,QB,Alvin Kamara / Drake London / Nick Folk / Olamide Zaccheaus / Tyler Shough,47500,<48000,4-2,1,89.41,119.87,128.81,149.42,0.006,0,1,EXACT_OR_NEAR_OPTIMAL
3503,Michael Penix Jr.,QB,Bijan Robinson / Devaughn Vele / Drake London / Kyle Pitts Sr. / Nick Muse,49100,49000-49400,5-1,1,85.18,116.71,127.84,145.84,0.006,0,2,FORCED_CAPTAIN
3504,Michael Penix Jr.,QB,Bijan Robinson / Devaughn Vele / Falcons / Juwan Johnson / Nick Folk,49500,49500-49900,4-2,0,89.68,115.59,124.34,141.18,0.006,0,0,FORCED_CAPTAIN
3587,Nick Folk,K,Alvin Kamara / Brian Robinson Jr. / Chris Olave / Michael Penix Jr. / Tyler Shough,48300,48000-48900,3-3,1,93.58,122.51,131.44,149.91,0.006,0,1,FORCED_CAPTAIN
3647,Nick Folk,K,Bijan Robinson / Daniel Carlson / Drake London / Michael Penix Jr. / Saints,47900,<48000,4-2,1,88.31,112.67,120.11,138.74,0.006,0,1,FORCED_CAPTAIN
3659,Nick Folk,K,Brian Robinson Jr. / Drake London / Juwan Johnson / Michael Penix Jr. / Tyler Shough,47900,<48000,4-2,1,90.42,120.26,130.05,145.68,0.006,0,2,FORCED_CAPTAIN
3862,Olamide Zaccheaus,WR,Bijan Robinson / Chris Olave / Drake London / Jahan Dotson / Michael Penix Jr.,47600,<48000,5-1,1,94.73,125.63,136.17,155.1,0.006,0,3,FORCED_CAPTAIN
3957,Oscar Delp,TE,Alvin Kamara / Chris Olave / Devaughn Vele / Drake London / Tyler Shough,45800,<48000,1-5,1,95.02,126.15,136.89,157.85,0.006,0,2,FORCED_CAPTAIN
3987,Oscar Delp,TE,Bijan Robinson / Chris Olave / Devaughn Vele / Nick Folk / Tyler Shough,46000,<48000,2-4,1,95.23,125.17,135.13,152.27,0.006,0,1,FORCED_CAPTAIN
3993,Oscar Delp,TE,Bijan Robinson / Chris Olave / Drake London / Michael Penix Jr. / Nick Folk,47600,<48000,4-2,1,97.09,127.56,136.52,157.12,0.006,0,2,FORCED_CAPTAIN
4312,Treyton Welch,TE,Alvin Kamara / Bijan Robinson / Drake London / Juwan Johnson / Tyler Shough,46100,<48000,2-4,1,98.77,128.73,136.78,154.48,0.006,0,2,FORCED_CAPTAIN
4531,Tyler Shough,QB,Alvin Kamara / Austin Hooper / Chris Olave / Devaughn Vele / Kendre Miller,47800,<48000,1-5,1,91.43,124.3,134.49,151.74,0.006,2,2,EXACT_OR_NEAR_OPTIMAL
4576,Tyler Shough,QB,Alvin Kamara / Brian Robinson Jr. / Daniel Carlson / Devaughn Vele / Drake London,47800,<48000,2-4,1,91.63,120.87,129.3,149.04,0.006,0,1,EXACT_OR_NEAR_OPTIMAL
4630,Tyler Shough,QB,Alvin Kamara / Chris Olave / Falcons / Michael Penix Jr. / Olamide Zaccheaus,46800,<48000,3-3,1,96.38,127.46,136.39,155.24,0.006,1,1,EXACT_OR_NEAR_OPTIMAL
4688,Tyler Shough,QB,Alvin Kamara / Drake London / Kyle Pitts Sr. / Michael Penix Jr. / Olamide Zaccheaus,48200,48000-48900,4-2,1,90.23,122.1,131.19,152.69,0.006,0,1,EXACT_OR_NEAR_OPTIMAL
4904,Zachariah Branch,WR,Alvin Kamara / Bijan Robinson / Devaughn Vele / Drake London / Tyler Shough,49800,49500-49900,3-3,1,94.28,123.45,131.99,148.02,0.006,0,1,EXACT_OR_NEAR_OPTIMAL
4992,Zachariah Branch,WR,Chris Olave / Devaughn Vele / Drake London / Juwan Johnson / Tyler Shough,49200,49000-49400,2-4,1,96.43,130.07,141.35,158.42,0.006,0,2,EXACT_OR_NEAR_OPTIMAL
220,Austin Hooper,TE,Alvin Kamara / Bijan Robinson / Chris Olave / Michael Penix Jr. / Nick Folk,48200,48000-48900,4-2,1,94.01,119.55,129.79,147.44,0.0055,0,1,FORCED_CAPTAIN
226,Austin Hooper,TE,Alvin Kamara / Bijan Robinson / Devaughn Vele / Juwan Johnson / Tyler Shough,47800,<48000,2-4,1,94.78,123.75,133.05,152.65,0.0055,0,1,FORCED_CAPTAIN
257,Austin Hooper,TE,Bijan Robinson / Brian Robinson Jr. / Drake London / Michael Penix Jr. / Tyler Shough,48400,48000-48900,5-1,1,93.92,125.11,134.85,149.29,0.0055,0,3,FORCED_CAPTAIN
260,Austin Hooper,TE,Bijan Robinson / Bryce Lance / Chris Olave / Juwan Johnson / Tyler Shough,45600,<48000,2-4,1,98.47,129.96,139.39,158.93,0.0055,0,2,FORCED_CAPTAIN
318,Austin Hooper,TE,Chris Olave / Devaughn Vele / Drake London / Nick Folk / Tyler Shough,47800,<48000,3-3,1,92.49,123.77,133.43,152.55,0.0055,0,1,FORCED_CAPTAIN
324,Austin Hooper,TE,Chris Olave / Drake London / Juwan Johnson / Saints / Tyler Shough,46200,<48000,2-4,1,96.31,127.94,137.41,154.94,0.0055,0,2,EXACT_OR_NEAR_OPTIMAL
362,Barion Brown,WR,Alvin Kamara / Bijan Robinson / Drake London / Michael Penix Jr. / Tyler Shough,49200,49000-49400,3-3,1,97.77,129.06,137.9,153.84,0.0055,0,2,FORCED_CAPTAIN
413,Barion Brown,WR,Bijan Robinson / Chris Olave / Drake London / Kyle Pitts Sr. / Tyler Shough,49800,49500-49900,3-3,1,99.57,130.45,140.01,160.99,0.0055,0,2,EXACT_OR_NEAR_OPTIMAL
445,Barion Brown,WR,Chris Olave / Devaughn Vele / Drake London / Michael Penix Jr. / Tyler Shough,49000,49000-49400,2-4,1,94.78,128.24,138.01,161.58,0.0055,0,2,FORCED_CAPTAIN
623,Bijan Robinson,RB,Brian Robinson Jr. / Daniel Carlson / Devaughn Vele / Falcons / Juwan Johnson,45100,<48000,3-3,0,85.07,110.95,120.38,134.26,0.0055,1,1,EXACT_OR_NEAR_OPTIMAL
817,Brian Robinson Jr.,RB,Alvin Kamara / Chris Olave / Juwan Johnson / Nick Folk / Tyler Shough,45900,<48000,2-4,1,92.8,122.99,132.4,149.18,0.0055,0,1,FORCED_CAPTAIN
821,Brian Robinson Jr.,RB,Alvin Kamara / Devaughn Vele / Drake London / Juwan Johnson / Tyler Shough,47500,<48000,2-4,1,90.29,119.86,129.34,150.09,0.0055,0,1,FORCED_CAPTAIN
844,Brian Robinson Jr.,RB,Bijan Robinson / Chris Olave / Drake London / Michael Penix Jr. / Zachariah Branch,49700,49500-49900,5-1,1,94.74,125.46,133.97,154.89,0.0055,0,3,FORCED_CAPTAIN
853,Brian Robinson Jr.,RB,Bijan Robinson / Chris Olave / Juwan Johnson / Oscar Delp / Tyler Shough,45700,<48000,2-4,1,98.75,129.81,139.03,160.77,0.0055,0,2,FORCED_CAPTAIN
890,Brian Robinson Jr.,RB,Chris Olave / Devaughn Vele / Juwan Johnson / Nick Folk / Tyler Shough,46700,<48000,2-4,1,90.16,121.91,132.04,148.4,0.0055,0,1,FORCED_CAPTAIN
917,Bryce Lance,WR,Alvin Kamara / Bijan Robinson / Chris Olave / Saints / Tyler Shough,46100,<48000,1-5,1,98.39,126.21,135.56,154.23,0.0055,0,2,FORCED_CAPTAIN
923,Bryce Lance,WR,Alvin Kamara / Bijan Robinson / Devaughn Vele / Juwan Johnson / Tyler Shough,46300,<48000,1-5,1,93.37,122.45,132.33,148.43,0.0055,0,2,FORCED_CAPTAIN
986,Bryce Lance,WR,Bijan Robinson / Chris Olave / Jahan Dotson / Michael Penix Jr. / Tyler Shough,46900,<48000,3-3,1,97.6,128.24,139.48,159.57,0.0055,0,2,FORCED_CAPTAIN
1004,Bryce Lance,WR,Bijan Robinson / Drake London / Michael Penix Jr. / Saints / Tyler Shough,47300,<48000,3-3,1,94.4,122.23,131.88,147.01,0.0055,0,2,FORCED_CAPTAIN
1016,Bryce Lance,WR,Chris Olave / Drake London / Juwan Johnson / Saints / Tyler Shough,44700,<48000,1-5,1,94.89,127.38,135.47,156.12,0.0055,0,3,FORCED_CAPTAIN
1216,Charlie Woerner,TE,Bijan Robinson / Chris Olave / Drake London / Kyle Pitts Sr. / Tyler Shough,48900,48000-48900,4-2,0,99.85,130.79,140.15,160.64,0.0055,0,1,FORCED_CAPTAIN
1220,Charlie Woerner,TE,Bijan Robinson / Chris Olave / Drake London / Saints / Tyler Shough,47300,<48000,3-3,0,101.26,129.61,139.42,157.76,0.0055,0,1,FORCED_CAPTAIN
1346,Chris Blair,WR,Bijan Robinson / Chris Olave / Drake London / Saints / Tyler Shough,47900,<48000,3-3,0,100.92,128.7,139.11,158.54,0.0055,0,1,EXACT_OR_NEAR_OPTIMAL
1859,Daniel Carlson,K,Alvin Kamara / Bijan Robinson / Drake London / Falcons / Nick Folk,45000,<48000,4-2,0,86.07,107.47,115.37,129.68,0.0055,0,0,FORCED_CAPTAIN
1970,Devaughn Vele,WR,Alvin Kamara / Austin Hooper / Drake London / Juwan Johnson / Michael Penix Jr.,47900,<48000,3-3,1,85.33,114.76,123.9,143.61,0.0055,0,1,EXACT_OR_NEAR_OPTIMAL
1992,Devaughn Vele,WR,Alvin Kamara / Brian Robinson Jr. / Drake London / Juwan Johnson / Michael Penix Jr.,48900,48000-48900,3-3,1,86.34,114.61,124.52,144.9,0.0055,0,1,EXACT_OR_NEAR_OPTIMAL
2033,Devaughn Vele,WR,Austin Hooper / Chris Olave / Juwan Johnson / Kyle Pitts Sr. / Tyler Shough,48100,48000-48900,2-4,1,89.59,122.16,133.6,154.72,0.0055,0,1,FORCED_CAPTAIN
2216,Drake London,WR,Alvin Kamara / Daniel Carlson / Devaughn Vele / Juwan Johnson / Saints,46200,<48000,1-5,0,86.01,112.89,121.67,136.25,0.0055,0,1,EXACT_OR_NEAR_OPTIMAL
2253,Drake London,WR,Alvin Kamara / Devaughn Vele / Michael Penix Jr. / Nick Folk / Saints,48400,48000-48900,3-3,0,84.44,112.57,122.58,141.1,0.0055,0,0,EXACT_OR_NEAR_OPTIMAL
2267,Drake London,WR,Alvin Kamara / Jahan Dotson / Juwan Johnson / Michael Penix Jr. / Saints,45600,<48000,3-3,1,85.8,114.89,125.43,143.6,0.0055,0,1,EXACT_OR_NEAR_OPTIMAL
2551,Falcons,DST,Alvin Kamara / Bijan Robinson / Michael Penix Jr. / Saints / Tyler Shough,47000,<48000,3-3,0,92.42,114.48,121.79,133.87,0.0055,0,0,FORCED_CAPTAIN
2559,Falcons,DST,Alvin Kamara / Chris Olave / Devaughn Vele / Nick Folk / Tyler Shough,46000,<48000,2-4,1,89.1,116.27,124.8,140.39,0.0055,1,1,EXACT_OR_NEAR_OPTIMAL
2600,Falcons,DST,Bijan Robinson / Chris Olave / Daniel Carlson / Michael Penix Jr. / Nick Folk,47200,<48000,4-2,0,91.9,116.68,125.11,140.37,0.0055,0,0,FORCED_CAPTAIN
2627,Falcons,DST,Bijan Robinson / Devaughn Vele / Drake London / Jahan Dotson / Michael Penix Jr.,47000,<48000,5-1,1,84.87,113.0,121.38,139.02,0.0055,0,2,FORCED_CAPTAIN
2633,Falcons,DST,Bijan Robinson / Drake London / Jahan Dotson / Juwan Johnson / Michael Penix Jr.,46600,<48000,5-1,1,90.02,118.34,126.99,144.27,0.0055,0,3,FORCED_CAPTAIN
2701,Jahan Dotson,WR,Bijan Robinson / Brian Robinson Jr. / Chris Olave / Drake London / Juwan Johnson,48300,48000-48900,4-2,0,98.63,126.29,134.31,154.09,0.0055,0,1,FORCED_CAPTAIN
2774,Jahan Dotson,WR,Chris Olave / Juwan Johnson / Michael Penix Jr. / Nick Folk / Tyler Shough,46700,<48000,3-3,1,93.62,124.96,133.07,151.56,0.0055,0,2,FORCED_CAPTAIN
2825,Juwan Johnson,TE,Alvin Kamara / Chris Olave / Daniel Carlson / Kyle Pitts Sr. / Michael Penix Jr.,48500,48000-48900,2-4,0,92.64,120.27,128.24,146.39,0.0055,0,0,EXACT_OR_NEAR_OPTIMAL
3016,Juwan Johnson,TE,Daniel Carlson / Devaughn Vele / Michael Penix Jr. / Saints / Tyler Shough,46500,<48000,1-5,1,88.21,117.62,127.93,143.58,0.0055,0,2,EXACT_OR_NEAR_OPTIMAL
3029,Juwan Johnson,TE,Drake London / Falcons / Jahan Dotson / Michael Penix Jr. / Tyler Shough,46300,<48000,4-2,1,91.74,122.49,132.11,153.61,0.0055,0,2,EXACT_OR_NEAR_OPTIMAL
3038,Kendre Miller,RB,Alvin Kamara / Bijan Robinson / Bryce Lance / Chris Olave / Tyler Shough,48500,48000-48900,1-5,1,96.12,124.01,134.43,150.28,0.0055,0,2,FORCED_CAPTAIN
3100,Kendre Miller,RB,Bijan Robinson / Chris Olave / Drake London / Michael Penix Jr. / Oscar Delp,49500,49500-49900,3-3,1,94.11,124.83,134.05,151.87,0.0055,0,2,FORCED_CAPTAIN
3106,Kendre Miller,RB,Bijan Robinson / Chris Olave / Juwan Johnson / Oscar Delp / Tyler Shough,47500,<48000,1-5,1,97.4,127.9,138.16,157.97,0.0055,0,3,FORCED_CAPTAIN
3296,Kyle Pitts Sr.,TE,Alvin Kamara / Bijan Robinson / Juwan Johnson / Saints / Tyler Shough,48700,48000-48900,2-4,1,92.54,118.94,126.56,143.7,0.0055,0,1,FORCED_CAPTAIN
3307,Kyle Pitts Sr.,TE,Alvin Kamara / Chris Olave / Drake London / Michael Penix Jr. / Saints,49700,49500-49900,3-3,1,88.9,116.93,126.63,142.66,0.0055,0,1,FORCED_CAPTAIN
3308,Kyle Pitts Sr.,TE,Alvin Kamara / Chris Olave / Juwan Johnson / Nick Folk / Tyler Shough,48900,48000-48900,2-4,1,93.52,124.29,133.83,152.06,0.0055,0,1,FORCED_CAPTAIN
3312,Kyle Pitts Sr.,TE,Alvin Kamara / Daniel Carlson / Drake London / Michael Penix Jr. / Tyler Shough,49100,49000-49400,3-3,1,87.75,116.04,124.85,143.85,0.0055,0,1,FORCED_CAPTAIN
3320,Kyle Pitts Sr.,TE,Austin Hooper / Chris Olave / Drake London / Juwan Johnson / Tyler Shough,49300,49000-49400,3-3,1,95.63,127.66,139.11,156.72,0.0055,0,2,FORCED_CAPTAIN
3336,Kyle Pitts Sr.,TE,Bijan Robinson / Chris Olave / Daniel Carlson / Drake London / Falcons,49700,49500-49900,4-2,0,93.59,119.62,128.93,143.97,0.0055,0,0,FORCED_CAPTAIN
3341,Kyle Pitts Sr.,TE,Bijan Robinson / Chris Olave / Devaughn Vele / Nick Muse / Tyler Shough,48900,48000-48900,3-3,1,92.87,122.92,134.11,157.25,0.0055,0,1,FORCED_CAPTAIN
3355,Kyle Pitts Sr.,TE,Bijan Robinson / Drake London / Juwan Johnson / Michael Penix Jr. / Olamide Zaccheaus,48900,48000-48900,5-1,1,87.63,117.9,126.99,145.15,0.0055,0,3,FORCED_CAPTAIN
3378,Kyle Pitts Sr.,TE,Chris Olave / Drake London / Jahan Dotson / Juwan Johnson / Tyler Shough,49500,49500-49900,3-3,1,96.08,128.02,137.82,157.08,0.0055,0,2,FORCED_CAPTAIN
3387,Kyle Pitts Sr.,TE,Daniel Carlson / Devaughn Vele / Drake London / Michael Penix Jr. / Tyler Shough,49900,49500-49900,3-3,1,85.11,114.36,124.25,144.97,0.0055,0,1,FORCED_CAPTAIN
3447,Michael Penix Jr.,QB,Alvin Kamara / Drake London / Kendre Miller / Saints / Tyler Shough,49300,49000-49400,2-4,1,89.41,119.06,127.06,143.37,0.0055,1,1,EXACT_OR_NEAR_OPTIMAL
3573,Nick Folk,K,Alvin Kamara / Bijan Robinson / Daniel Carlson / Drake London / Falcons,45300,<48000,4-2,0,85.7,107.74,114.96,128.95,0.0055,0,0,FORCED_CAPTAIN
3582,Nick Folk,K,Alvin Kamara / Bijan Robinson / Juwan Johnson / Kendre Miller / Tyler Shough,48900,48000-48900,2-4,1,93.86,121.42,128.25,146.31,0.0055,0,1,FORCED_CAPTAIN
3604,Nick Folk,K,Alvin Kamara / Devaughn Vele / Drake London / Juwan Johnson / Michael Penix Jr.,49300,49000-49400,3-3,0,87.99,115.42,124.6,144.62,0.0055,0,0,EXACT_OR_NEAR_OPTIMAL
3637,Nick Folk,K,Bijan Robinson / Chris Olave / Falcons / Kyle Pitts Sr. / Michael Penix Jr.,49100,49000-49400,5-1,1,89.56,115.37,124.15,141.92,0.0055,0,2,FORCED_CAPTAIN
3800,Olamide Zaccheaus,WR,Alvin Kamara / Bijan Robinson / Chris Olave / Daniel Carlson / Drake London,47400,<48000,3-3,0,97.58,124.01,131.47,148.24,0.0055,0,0,FORCED_CAPTAIN
3974,Oscar Delp,TE,Bijan Robinson / Chris Olave / Daniel Carlson / Devaughn Vele / Tyler Shough,45400,<48000,1-5,1,95.97,123.57,135.3,155.76,0.0055,0,2,FORCED_CAPTAIN
3991,Oscar Delp,TE,Bijan Robinson / Chris Olave / Drake London / Falcons / Tyler Shough,46400,<48000,3-3,1,101.96,130.8,140.45,162.48,0.0055,0,2,FORCED_CAPTAIN
4122,Saints,DST,Bijan Robinson / Chris Olave / Jahan Dotson / Juwan Johnson / Michael Penix Jr.,48300,48000-48900,3-3,1,97.08,122.52,131.2,147.32,0.0055,1,2,EXACT_OR_NEAR_OPTIMAL
4132,Saints,DST,Bijan Robinson / Devaughn Vele / Drake London / Falcons / Juwan Johnson,46900,<48000,3-3,0,88.63,112.37,119.52,134.06,0.0055,0,0,FORCED_CAPTAIN
4314,Treyton Welch,TE,Alvin Kamara / Bijan Robinson / Drake London / Michael Penix Jr. / Tyler Shough,47700,<48000,3-3,1,97.93,130.06,137.96,153.84,0.0055,0,2,FORCED_CAPTAIN
4323,Treyton Welch,TE,Alvin Kamara / Chris Olave / Drake London / Michael Penix Jr. / Tyler Shough,46700,<48000,2-4,1,97.59,130.58,138.99,161.84,0.0055,0,2,FORCED_CAPTAIN
4339,Treyton Welch,TE,Bijan Robinson / Chris Olave / Daniel Carlson / Drake London / Michael Penix Jr.,46700,<48000,3-3,1,96.09,126.0,135.94,153.58,0.0055,0,2,FORCED_CAPTAIN
4364,Treyton Welch,TE,Bijan Robinson / Chris Olave / Drake London / Saints / Tyler Shough,46700,<48000,2-4,1,101.16,129.15,139.4,158.24,0.0055,0,2,FORCED_CAPTAIN
4644,Tyler Shough,QB,Alvin Kamara / Daniel Carlson / Devaughn Vele / Juwan Johnson / Kyle Pitts Sr.,47200,<48000,1-5,1,88.27,118.27,127.88,148.03,0.0055,1,2,EXACT_OR_NEAR_OPTIMAL
4671,Tyler Shough,QB,Alvin Kamara / Devaughn Vele / Juwan Johnson / Kyle Pitts Sr. / Saints,46600,<48000,1-5,1,86.21,116.2,127.18,146.86,0.0055,0,2,EXACT_OR_NEAR_OPTIMAL
4741,Tyler Shough,QB,Bijan Robinson / Charlie Woerner / Devaughn Vele / Kyle Pitts Sr. / Michael Penix Jr.,49400,49000-49400,4-2,1,91.56,122.3,132.41,150.69,0.0055,1,1,EXACT_OR_NEAR_OPTIMAL
4819,Tyler Shough,QB,Chris Olave / Daniel Carlson / Devaughn Vele / Falcons / Saints,45600,<48000,1-5,1,91.14,120.03,128.93,144.66,0.0055,1,2,EXACT_OR_NEAR_OPTIMAL
11,Alvin Kamara,RB,Austin Hooper / Devaughn Vele / Drake London / Juwan Johnson / Michael Penix Jr.,47500,<48000,3-3,1,86.65,116.42,123.95,145.22,0.005,0,1,EXACT_OR_NEAR_OPTIMAL
90,Alvin Kamara,RB,Bijan Robinson / Falcons / Nick Folk / Saints / Tyler Shough,45100,<48000,3-3,0,88.99,109.7,116.4,128.92,0.005,1,0,EXACT_OR_NEAR_OPTIMAL
173,Alvin Kamara,RB,Daniel Carlson / Devaughn Vele / Drake London / Juwan Johnson / Saints,44700,<48000,1-5,0,82.84,106.02,114.37,127.71,0.005,0,1,EXACT_OR_NEAR_OPTIMAL
182,Alvin Kamara,RB,Daniel Carlson / Drake London / Jahan Dotson / Juwan Johnson / Tyler Shough,45300,<48000,2-4,1,91.81,119.58,127.74,147.83,0.005,0,1,EXACT_OR_NEAR_OPTIMAL
252,Austin Hooper,TE,Bijan Robinson / Brian Robinson Jr. / Chris Olave / Devaughn Vele / Tyler Shough,48000,48000-48900,3-3,1,95.27,125.7,135.66,154.12,0.005,0,1,FORCED_CAPTAIN
270,Austin Hooper,TE,Bijan Robinson / Chris Olave / Daniel Carlson / Nick Folk / Tyler Shough,46600,<48000,3-3,0,96.08,123.48,131.78,150.14,0.005,0,0,FORCED_CAPTAIN
878,Brian Robinson Jr.,RB,Bijan Robinson / Juwan Johnson / Kyle Pitts Sr. / Michael Penix Jr. / Tyler Shough,49300,49000-49400,4-2,1,92.07,120.3,131.11,148.24,0.005,0,2,FORCED_CAPTAIN
909,Bryce Lance,WR,Alvin Kamara / Bijan Robinson / Chris Olave / Drake London / Nick Folk,47700,<48000,3-3,0,97.27,123.09,131.26,150.39,0.005,0,0,FORCED_CAPTAIN
920,Bryce Lance,WR,Alvin Kamara / Bijan Robinson / Daniel Carlson / Drake London / Tyler Shough,45900,<48000,2-4,1,94.79,121.52,128.92,144.26,0.005,0,1,FORCED_CAPTAIN
924,Bryce Lance,WR,Alvin Kamara / Bijan Robinson / Devaughn Vele / Michael Penix Jr. / Tyler Shough,47900,<48000,2-4,1,92.53,120.83,131.82,147.05,0.005,0,1,FORCED_CAPTAIN
930,Bryce Lance,WR,Alvin Kamara / Bijan Robinson / Drake London / Nick Folk / Tyler Shough,46500,<48000,3-3,1,94.06,120.79,129.09,144.01,0.005,0,1,FORCED_CAPTAIN
972,Bryce Lance,WR,Bijan Robinson / Chris Olave / Devaughn Vele / Saints / Tyler Shough,46900,<48000,1-5,1,95.75,124.41,134.58,155.27,0.005,0,2,FORCED_CAPTAIN
985,Bryce Lance,WR,Bijan Robinson / Chris Olave / Jahan Dotson / Juwan Johnson / Tyler Shough,45300,<48000,2-4,1,98.44,129.72,139.05,160.8,0.005,0,2,FORCED_CAPTAIN
1096,CJ Donaldson,RB,Bijan Robinson / Chris Olave / Drake London / Kyle Pitts Sr. / Michael Penix Jr.,49500,49500-49900,4-2,1,92.92,125.0,133.64,153.99,0.005,0,2,EXACT_OR_NEAR_OPTIMAL
1130,CJ Donaldson,RB,Chris Olave / Devaughn Vele / Drake London / Michael Penix Jr. / Tyler Shough,49300,49000-49400,2-4,1,95.26,128.51,138.79,162.04,0.005,0,2,EXACT_OR_NEAR_OPTIMAL
1238,Charlie Woerner,TE,Bijan Robinson / Devaughn Vele / Drake London / Juwan Johnson / Tyler Shough,47500,<48000,3-3,1,96.24,126.15,135.74,154.49,0.005,0,2,FORCED_CAPTAIN
1735,Chris Olave,WR,Bryce Lance / Drake London / Falcons / Kyle Pitts Sr. / Michael Penix Jr.,46400,<48000,4-2,1,87.27,118.63,128.94,147.16,0.005,0,1,EXACT_OR_NEAR_OPTIMAL
1742,Chris Olave,WR,CJ Donaldson / Daniel Carlson / Kyle Pitts Sr. / Michael Penix Jr. / Tyler Shough,46800,<48000,2-4,1,90.54,122.49,134.75,153.39,0.005,0,1,EXACT_OR_NEAR_OPTIMAL
1973,Devaughn Vele,WR,Alvin Kamara / Bijan Robinson / Brian Robinson Jr. / Kyle Pitts Sr. / Tyler Shough,49700,49500-49900,3-3,1,88.44,115.76,125.91,142.38,0.005,1,1,EXACT_OR_NEAR_OPTIMAL
1991,Devaughn Vele,WR,Alvin Kamara / Brian Robinson Jr. / Chris Olave / Saints / Tyler Shough,47100,<48000,1-5,1,89.52,119.52,130.0,145.23,0.005,0,2,FORCED_CAPTAIN
2014,Devaughn Vele,WR,Alvin Kamara / Drake London / Falcons / Juwan Johnson / Michael Penix Jr.,48700,48000-48900,3-3,0,87.3,114.98,123.48,141.61,0.005,0,0,EXACT_OR_NEAR_OPTIMAL
2068,Devaughn Vele,WR,Bijan Robinson / Drake London / Kyle Pitts Sr. / Michael Penix Jr. / Nick Muse,48500,48000-48900,5-1,1,83.03,112.66,123.97,141.59,0.005,0,2,FORCED_CAPTAIN
2109,Devaughn Vele,WR,Drake London / Juwan Johnson / Kendre Miller / Kyle Pitts Sr. / Tyler Shough,49500,49500-49900,2-4,1,84.04,114.59,125.29,145.2,0.005,0,1,FORCED_CAPTAIN
2127,Drake London,WR,Alvin Kamara / Austin Hooper / Daniel Carlson / Devaughn Vele / Michael Penix Jr.,46400,<48000,3-3,1,82.27,112.28,122.53,144.53,0.005,0,1,EXACT_OR_NEAR_OPTIMAL
2178,Drake London,WR,Alvin Kamara / Brian Robinson Jr. / Juwan Johnson / Kyle Pitts Sr. / Michael Penix Jr.,48000,48000-48900,4-2,1,84.94,115.19,125.97,144.51,0.005,0,1,EXACT_OR_NEAR_OPTIMAL
2447,Drake London,WR,Chris Olave / Devaughn Vele / Kyle Pitts Sr. / Michael Penix Jr. / Nick Muse,48600,48000-48900,4-2,1,87.17,120.79,130.8,149.89,0.005,0,1,EXACT_OR_NEAR_OPTIMAL
2555,Falcons,DST,Alvin Kamara / Chris Olave / Daniel Carlson / Juwan Johnson / Tyler Shough,45000,<48000,1-5,1,94.97,121.29,128.99,146.69,0.005,0,2,FORCED_CAPTAIN
2621,Falcons,DST,Bijan Robinson / Chris Olave / Michael Penix Jr. / Nick Folk / Saints,46600,<48000,4-2,0,89.84,113.94,121.04,136.24,0.005,0,0,FORCED_CAPTAIN
2668,Jahan Dotson,WR,Alvin Kamara / Bijan Robinson / Chris Olave / Michael Penix Jr. / Nick Folk,48500,48000-48900,4-2,1,94.67,121.04,129.5,147.06,0.005,0,1,FORCED_CAPTAIN
2691,Jahan Dotson,WR,Alvin Kamara / Devaughn Vele / Drake London / Michael Penix Jr. / Tyler Shough,47900,<48000,3-3,1,88.61,119.06,128.52,147.35,0.005,0,1,FORCED_CAPTAIN
2708,Jahan Dotson,WR,Bijan Robinson / Bryce Lance / Chris Olave / Juwan Johnson / Tyler Shough,45900,<48000,2-4,1,99.13,130.48,139.9,161.97,0.005,0,2,FORCED_CAPTAIN
2719,Jahan Dotson,WR,Bijan Robinson / Chris Olave / Devaughn Vele / Michael Penix Jr. / Nick Folk,49300,49000-49400,4-2,1,92.03,120.09,129.13,146.29,0.005,0,1,FORCED_CAPTAIN
2756,Jahan Dotson,WR,Bijan Robinson / Juwan Johnson / Kyle Pitts Sr. / Michael Penix Jr. / Tyler Shough,48100,48000-48900,4-2,1,91.23,120.68,130.23,150.43,0.005,0,2,FORCED_CAPTAIN
2763,Jahan Dotson,WR,Chris Olave / Devaughn Vele / Drake London / Juwan Johnson / Michael Penix Jr.,49500,49500-49900,3-3,1,94.32,124.97,134.79,152.54,0.005,0,2,FORCED_CAPTAIN
2837,Juwan Johnson,TE,Alvin Kamara / Chris Olave / Falcons / Michael Penix Jr. / Nick Folk,46900,<48000,3-3,0,92.39,117.9,127.07,143.79,0.005,0,0,EXACT_OR_NEAR_OPTIMAL
3039,Kendre Miller,RB,Alvin Kamara / Bijan Robinson / Chris Olave / Daniel Carlson / Juwan Johnson,49300,49000-49400,1-5,0,95.74,120.26,126.44,144.62,0.005,0,1,FORCED_CAPTAIN
3055,Kendre Miller,RB,Alvin Kamara / Bijan Robinson / Drake London / Michael Penix Jr. / Saints,49500,49500-49900,3-3,1,87.18,112.78,121.18,135.83,0.005,0,1,FORCED_CAPTAIN
3074,Kendre Miller,RB,Alvin Kamara / Devaughn Vele / Drake London / Juwan Johnson / Tyler Shough,49300,49000-49400,1-5,1,88.94,119.24,127.55,144.72,0.005,0,2,FORCED_CAPTAIN
3092,Kendre Miller,RB,Bijan Robinson / Chris Olave / Daniel Carlson / Saints / Tyler Shough,48700,48000-48900,1-5,1,94.92,120.21,128.96,143.84,0.005,0,2,FORCED_CAPTAIN
3110,Kendre Miller,RB,Bijan Robinson / Chris Olave / Nick Folk / Saints / Tyler Shough,49300,49000-49400,2-4,1,94.18,119.72,129.49,143.83,0.005,0,1,FORCED_CAPTAIN
3228,Kevin Austin Jr.,WR,Bijan Robinson / Chris Olave / Drake London / Michael Penix Jr. / Nick Folk,48200,48000-48900,4-2,1,96.01,125.77,134.63,156.22,0.005,0,2,FORCED_CAPTAIN
3300,Kyle Pitts Sr.,TE,Alvin Kamara / Chris Olave / Daniel Carlson / Juwan Johnson / Tyler Shough,48300,48000-48900,1-5,1,94.25,123.87,133.36,150.15,0.005,0,2,FORCED_CAPTAIN
3304,Kyle Pitts Sr.,TE,Alvin Kamara / Chris Olave / Drake London / Falcons / Tyler Shough,49700,49500-49900,3-3,1,95.1,124.16,131.95,152.06,0.005,0,1,FORCED_CAPTAIN
3311,Kyle Pitts Sr.,TE,Alvin Kamara / Chris Olave / Michael Penix Jr. / Saints / Tyler Shough,49300,49000-49400,2-4,1,91.36,120.9,129.61,146.12,0.005,0,1,FORCED_CAPTAIN
3322,Kyle Pitts Sr.,TE,Bijan Robinson / Brian Robinson Jr. / Chris Olave / Daniel Carlson / Drake London,49900,49500-49900,4-2,0,92.63,118.98,128.3,145.14,0.005,0,0,FORCED_CAPTAIN
3331,Kyle Pitts Sr.,TE,Bijan Robinson / Bryce Lance / Drake London / Juwan Johnson / Tyler Shough,49300,49000-49400,3-3,1,95.03,124.75,132.57,153.17,0.005,0,2,FORCED_CAPTAIN
3344,Kyle Pitts Sr.,TE,Bijan Robinson / Chris Olave / Drake London / Juwan Johnson / Kevin Austin Jr.,49500,49500-49900,3-3,0,96.29,124.14,133.69,151.4,0.005,0,1,FORCED_CAPTAIN
3352,Kyle Pitts Sr.,TE,Bijan Robinson / Daniel Carlson / Drake London / Michael Penix Jr. / Nick Folk,49700,49500-49900,5-1,1,85.52,113.01,123.03,140.27,0.005,0,2,FORCED_CAPTAIN
3359,Kyle Pitts Sr.,TE,Bijan Robinson / Juwan Johnson / Michael Penix Jr. / Olamide Zaccheaus / Tyler Shough,48500,48000-48900,4-2,1,90.08,119.23,128.78,150.84,0.005,0,2,FORCED_CAPTAIN
3368,Kyle Pitts Sr.,TE,Chris Olave / Daniel Carlson / Devaughn Vele / Juwan Johnson / Tyler Shough,49100,49000-49400,1-5,1,91.61,122.44,132.66,153.29,0.005,0,2,FORCED_CAPTAIN
3376,Kyle Pitts Sr.,TE,Chris Olave / Devaughn Vele / Juwan Johnson / Nick Folk / Tyler Shough,49700,49500-49900,2-4,1,90.88,122.89,132.54,152.89,0.005,0,1,FORCED_CAPTAIN
3382,Kyle Pitts Sr.,TE,Chris Olave / Falcons / Juwan Johnson / Michael Penix Jr. / Tyler Shough,49100,49000-49400,3-3,1,92.92,122.65,133.34,152.63,0.005,0,2,EXACT_OR_NEAR_OPTIMAL
3437,Michael Penix Jr.,QB,Alvin Kamara / Daniel Carlson / Drake London / Juwan Johnson / Kyle Pitts Sr.,48500,48000-48900,3-3,1,86.56,115.28,125.69,141.74,0.005,0,1,EXACT_OR_NEAR_OPTIMAL
3617,Nick Folk,K,Bijan Robinson / Brian Robinson Jr. / Chris Olave / Jahan Dotson / Tyler Shough,47100,<48000,4-2,0,94.69,122.88,131.94,149.56,0.005,0,0,FORCED_CAPTAIN
3718,Nick Muse,TE,Alvin Kamara / Chris Olave / Drake London / Michael Penix Jr. / Tyler Shough,46700,<48000,3-3,1,97.15,130.13,138.5,160.86,0.005,0,2,FORCED_CAPTAIN
3734,Nick Muse,TE,Bijan Robinson / Chris Olave / Daniel Carlson / Drake London / Michael Penix Jr.,46700,<48000,4-2,1,95.65,125.11,135.52,153.58,0.005,0,2,FORCED_CAPTAIN
3865,Olamide Zaccheaus,WR,Bijan Robinson / Chris Olave / Drake London / Kendre Miller / Michael Penix Jr.,49600,49500-49900,4-2,1,94.39,125.53,134.81,152.45,0.005,0,2,FORCED_CAPTAIN
3873,Olamide Zaccheaus,WR,Bijan Robinson / Chris Olave / Jahan Dotson / Michael Penix Jr. / Tyler Shough,47200,<48000,4-2,1,97.19,128.27,137.84,158.46,0.005,0,2,FORCED_CAPTAIN
3894,Olamide Zaccheaus,WR,Bijan Robinson / Drake London / Kyle Pitts Sr. / Michael Penix Jr. / Tyler Shough,49200,49000-49400,5-1,1,92.56,123.35,132.33,150.39,0.005,0,3,FORCED_CAPTAIN
3911,Olamide Zaccheaus,WR,Chris Olave / Drake London / Michael Penix Jr. / Nick Folk / Tyler Shough,47800,<48000,4-2,1,94.96,127.53,135.7,158.24,0.005,0,2,FORCED_CAPTAIN
3938,Oscar Delp,TE,Alvin Kamara / Bijan Robinson / Chris Olave / Nick Folk / Tyler Shough,45200,<48000,2-4,1,97.88,125.59,136.59,153.53,0.005,0,1,FORCED_CAPTAIN
3975,Oscar Delp,TE,Bijan Robinson / Chris Olave / Daniel Carlson / Drake London / Juwan Johnson,45400,<48000,2-4,0,98.66,125.32,133.77,153.15,0.005,0,1,FORCED_CAPTAIN
4064,Saints,DST,Alvin Kamara / Bijan Robinson / Falcons / Michael Penix Jr. / Tyler Shough,47300,<48000,3-3,0,92.89,114.91,121.81,134.7,0.005,0,0,FORCED_CAPTAIN
4106,Saints,DST,Bijan Robinson / Chris Olave / Daniel Carlson / Devaughn Vele / Nick Folk,46900,<48000,2-4,0,89.0,111.09,117.85,133.18,0.005,0,0,FORCED_CAPTAIN
4577,Tyler Shough,QB,Alvin Kamara / Brian Robinson Jr. / Daniel Carlson / Devaughn Vele / Juwan Johnson,45200,<48000,1-5,1,87.79,117.23,126.46,148.41,0.005,0,2,EXACT_OR_NEAR_OPTIMAL
4587,Tyler Shough,QB,Alvin Kamara / Brian Robinson Jr. / Juwan Johnson / Michael Penix Jr. / Nick Folk,47000,<48000,3-3,1,91.37,122.3,130.35,148.52,0.005,0,1,EXACT_OR_NEAR_OPTIMAL
4598,Tyler Shough,QB,Alvin Kamara / Bryce Lance / Devaughn Vele / Drake London / Saints,45200,<48000,1-5,1,87.62,117.14,126.3,146.12,0.005,0,2,EXACT_OR_NEAR_OPTIMAL
4674,Tyler Shough,QB,Alvin Kamara / Devaughn Vele / Kyle Pitts Sr. / Michael Penix Jr. / Nick Folk,49400,49000-49400,3-3,1,86.7,116.35,125.39,140.93,0.005,0,1,EXACT_OR_NEAR_OPTIMAL
4797,Tyler Shough,QB,Brian Robinson Jr. / Devaughn Vele / Drake London / Jahan Dotson / Michael Penix Jr.,48000,48000-48900,4-2,1,88.78,120.95,130.7,150.19,0.005,0,1,EXACT_OR_NEAR_OPTIMAL
69,Alvin Kamara,RB,Bijan Robinson / Daniel Carlson / Juwan Johnson / Nick Folk / Saints,44100,<48000,2-4,0,85.7,107.5,113.7,126.85,0.0045,1,0,EXACT_OR_NEAR_OPTIMAL
184,Alvin Kamara,RB,Daniel Carlson / Drake London / Juwan Johnson / Michael Penix Jr. / Saints,45900,<48000,2-4,0,87.14,112.38,121.53,136.66,0.0045,0,0,EXACT_OR_NEAR_OPTIMAL
231,Austin Hooper,TE,Alvin Kamara / Bijan Robinson / Drake London / Nick Folk / Tyler Shough,48000,48000-48900,4-2,0,95.47,121.21,131.09,144.86,0.0045,0,0,FORCED_CAPTAIN
244,Austin Hooper,TE,Alvin Kamara / Chris Olave / Drake London / Nick Folk / Tyler Shough,47000,<48000,3-3,1,95.13,124.74,135.38,157.0,0.0045,0,1,FORCED_CAPTAIN
273,Austin Hooper,TE,Bijan Robinson / Chris Olave / Devaughn Vele / Michael Penix Jr. / Nick Folk,49000,49000-49400,4-2,1,91.37,119.47,128.33,147.96,0.0045,0,1,FORCED_CAPTAIN
298,Austin Hooper,TE,Bijan Robinson / Daniel Carlson / Devaughn Vele / Drake London / Michael Penix Jr.,47600,<48000,4-2,1,86.44,115.95,124.68,142.51,0.0045,0,1,FORCED_CAPTAIN
311,Austin Hooper,TE,Chris Olave / Daniel Carlson / Drake London / Juwan Johnson / Michael Penix Jr.,46200,<48000,3-3,1,91.24,121.27,129.59,150.32,0.0045,0,2,FORCED_CAPTAIN
321,Austin Hooper,TE,Chris Olave / Drake London / Juwan Johnson / Kyle Pitts Sr. / Tyler Shough,47800,<48000,3-3,1,94.89,126.94,137.71,155.66,0.0045,0,2,FORCED_CAPTAIN
360,Barion Brown,WR,Alvin Kamara / Bijan Robinson / Drake London / Juwan Johnson / Tyler Shough,47600,<48000,2-4,1,98.6,128.57,136.78,152.71,0.0045,0,2,FORCED_CAPTAIN
598,Bijan Robinson,RB,Austin Hooper / Devaughn Vele / Drake London / Falcons / Nick Folk,47300,<48000,5-1,0,87.17,112.49,121.52,139.06,0.0045,1,2,EXACT_OR_NEAR_OPTIMAL
654,Bijan Robinson,RB,Bryce Lance / Drake London / Michael Penix Jr. / Nick Folk / Olamide Zaccheaus,45900,<48000,5-1,1,87.34,117.17,126.85,144.8,0.0045,1,3,EXACT_OR_NEAR_OPTIMAL
788,Brian Robinson Jr.,RB,Alvin Kamara / Bijan Robinson / Chris Olave / Falcons / Michael Penix Jr.,47900,<48000,4-2,1,93.26,118.4,127.7,142.49,0.0045,0,1,FORCED_CAPTAIN
808,Brian Robinson Jr.,RB,Alvin Kamara / Chris Olave / Daniel Carlson / Juwan Johnson / Tyler Shough,45300,<48000,1-5,1,93.54,123.03,131.5,149.15,0.0045,0,2,FORCED_CAPTAIN
829,Brian Robinson Jr.,RB,Bijan Robinson / Bryce Lance / Chris Olave / Devaughn Vele / Tyler Shough,47500,<48000,2-4,1,94.83,125.33,135.75,153.27,0.0045,0,1,FORCED_CAPTAIN
860,Brian Robinson Jr.,RB,Bijan Robinson / Daniel Carlson / Devaughn Vele / Drake London / Michael Penix Jr.,49100,49000-49400,4-2,1,87.95,116.33,124.74,139.6,0.0045,0,1,FORCED_CAPTAIN
874,Brian Robinson Jr.,RB,Bijan Robinson / Drake London / Juwan Johnson / Michael Penix Jr. / Saints,48100,48000-48900,4-2,1,91.04,117.91,125.44,142.16,0.0045,0,2,FORCED_CAPTAIN
887,Brian Robinson Jr.,RB,Chris Olave / Daniel Carlson / Juwan Johnson / Michael Penix Jr. / Tyler Shough,47300,<48000,2-4,1,95.2,125.97,135.21,151.17,0.0045,0,2,FORCED_CAPTAIN
900,Brian Robinson Jr.,RB,Drake London / Juwan Johnson / Michael Penix Jr. / Nick Folk / Tyler Shough,47100,<48000,4-2,1,88.81,118.91,127.73,144.14,0.0045,0,2,FORCED_CAPTAIN
944,Bryce Lance,WR,Austin Hooper / Bijan Robinson / Chris Olave / Drake London / Michael Penix Jr.,47100,<48000,4-2,1,94.7,126.5,135.55,152.37,0.0045,0,2,FORCED_CAPTAIN
977,Bryce Lance,WR,Bijan Robinson / Chris Olave / Drake London / Kendre Miller / Michael Penix Jr.,49300,49000-49400,3-3,1,94.81,125.17,136.16,152.13,0.0045,0,2,FORCED_CAPTAIN
1106,CJ Donaldson,RB,Bijan Robinson / Chris Olave / Juwan Johnson / Nick Folk / Tyler Shough,47100,<48000,2-4,1,98.95,128.91,139.75,158.93,0.0045,0,2,EXACT_OR_NEAR_OPTIMAL
1115,CJ Donaldson,RB,Bijan Robinson / Devaughn Vele / Drake London / Juwan Johnson / Tyler Shough,48700,48000-48900,2-4,1,96.44,126.42,135.93,154.75,0.0045,0,2,EXACT_OR_NEAR_OPTIMAL
1254,Charlie Woerner,TE,Chris Olave / Devaughn Vele / Drake London / Michael Penix Jr. / Tyler Shough,48100,48000-48900,3-3,1,95.05,128.42,138.78,160.81,0.0045,0,2,FORCED_CAPTAIN
1342,Chris Blair,WR,Bijan Robinson / Chris Olave / Drake London / Kyle Pitts Sr. / Tyler Shough,49500,49500-49900,4-2,0,99.5,129.99,139.45,160.64,0.0045,0,1,EXACT_OR_NEAR_OPTIMAL
2115,Devaughn Vele,WR,Drake London / Michael Penix Jr. / Nick Folk / Olamide Zaccheaus / Tyler Shough,47700,<48000,4-2,1,84.62,114.7,125.2,146.82,0.0045,0,1,EXACT_OR_NEAR_OPTIMAL
2215,Drake London,WR,Alvin Kamara / Daniel Carlson / Devaughn Vele / Jahan Dotson / Michael Penix Jr.,46600,<48000,3-3,1,82.71,112.04,122.49,142.01,0.0045,0,1,EXACT_OR_NEAR_OPTIMAL
2238,Drake London,WR,Alvin Kamara / Daniel Carlson / Kendre Miller / Kyle Pitts Sr. / Michael Penix Jr.,46600,<48000,3-3,1,76.48,105.81,115.06,134.72,0.0045,0,1,EXACT_OR_NEAR_OPTIMAL
2385,Drake London,WR,Bijan Robinson / Kyle Pitts Sr. / Nick Folk / Olamide Zaccheaus / Tyler Shough,49600,49500-49900,5-1,0,93.9,123.35,131.77,147.85,0.0045,1,1,EXACT_OR_NEAR_OPTIMAL
2475,Drake London,WR,Daniel Carlson / Devaughn Vele / Juwan Johnson / Kendre Miller / Michael Penix Jr.,49000,49000-49400,2-4,0,84.88,114.79,125.24,148.04,0.0045,0,0,EXACT_OR_NEAR_OPTIMAL
2502,Drake London,WR,Devaughn Vele / Jahan Dotson / Juwan Johnson / Michael Penix Jr. / Nick Folk,47600,<48000,4-2,1,84.48,115.42,125.03,148.71,0.0045,0,1,EXACT_OR_NEAR_OPTIMAL
2505,Drake London,WR,Devaughn Vele / Juwan Johnson / Kendre Miller / Michael Penix Jr. / Nick Folk,49600,49500-49900,3-3,0,84.15,114.61,124.65,146.25,0.0045,0,0,EXACT_OR_NEAR_OPTIMAL
2507,Drake London,WR,Devaughn Vele / Juwan Johnson / Michael Penix Jr. / Nick Folk / Saints,48800,48000-48900,3-3,0,86.94,116.57,125.46,147.16,0.0045,0,0,EXACT_OR_NEAR_OPTIMAL
2541,Falcons,DST,Alvin Kamara / Bijan Robinson / Devaughn Vele / Juwan Johnson / Michael Penix Jr.,48400,48000-48900,3-3,0,90.61,114.84,124.01,139.02,0.0045,0,0,FORCED_CAPTAIN
2659,Jahan Dotson,WR,Alvin Kamara / Bijan Robinson / Chris Olave / Daniel Carlson / Juwan Johnson,46300,<48000,2-4,0,96.24,120.78,127.59,147.24,0.0045,0,0,FORCED_CAPTAIN
2664,Jahan Dotson,WR,Alvin Kamara / Bijan Robinson / Chris Olave / Falcons / Michael Penix Jr.,46700,<48000,4-2,1,92.41,118.58,127.22,145.52,0.0045,0,1,FORCED_CAPTAIN
2700,Jahan Dotson,WR,Bijan Robinson / Brian Robinson Jr. / Chris Olave / Devaughn Vele / Tyler Shough,48300,48000-48900,3-3,1,95.94,125.98,136.42,155.39,0.0045,0,1,FORCED_CAPTAIN
2718,Jahan Dotson,WR,Bijan Robinson / Chris Olave / Devaughn Vele / Falcons / Michael Penix Jr.,47500,<48000,4-2,1,89.77,117.73,126.32,145.91,0.0045,0,1,FORCED_CAPTAIN
2747,Jahan Dotson,WR,Bijan Robinson / Devaughn Vele / Drake London / Nick Folk / Tyler Shough,49100,49000-49400,4-2,0,93.5,120.4,130.5,147.67,0.0045,0,0,FORCED_CAPTAIN
2753,Jahan Dotson,WR,Bijan Robinson / Drake London / Kendre Miller / Michael Penix Jr. / Tyler Shough,49900,49500-49900,4-2,1,93.69,124.22,133.11,151.91,0.0045,0,2,FORCED_CAPTAIN
2773,Jahan Dotson,WR,Chris Olave / Juwan Johnson / Kyle Pitts Sr. / Michael Penix Jr. / Tyler Shough,47100,<48000,3-3,1,90.88,122.15,132.93,153.47,0.0045,0,2,FORCED_CAPTAIN
3045,Kendre Miller,RB,Alvin Kamara / Bijan Robinson / Chris Olave / Juwan Johnson / Nick Folk,49900,49500-49900,2-4,0,95.01,119.84,127.72,145.64,0.0045,0,0,FORCED_CAPTAIN
3061,Kendre Miller,RB,Alvin Kamara / Brian Robinson Jr. / Chris Olave / Drake London / Tyler Shough,48700,48000-48900,2-4,1,92.07,121.91,131.31,151.87,0.0045,0,1,FORCED_CAPTAIN
3063,Kendre Miller,RB,Alvin Kamara / Chris Olave / Daniel Carlson / Drake London / Michael Penix Jr.,49100,49000-49400,2-4,0,88.89,116.31,124.76,141.39,0.0045,0,0,FORCED_CAPTAIN
3109,Kendre Miller,RB,Bijan Robinson / Chris Olave / Michael Penix Jr. / Oscar Delp / Tyler Shough,49100,49000-49400,2-4,1,96.56,126.6,137.45,154.68,0.0045,0,2,FORCED_CAPTAIN
3149,Kendre Miller,RB,Chris Olave / Juwan Johnson / Michael Penix Jr. / Saints / Tyler Shough,48500,48000-48900,1-5,1,91.79,121.19,131.03,145.41,0.0045,0,3,FORCED_CAPTAIN
3279,Kyle Pitts Sr.,TE,Alvin Kamara / Bijan Robinson / Chris Olave / Juwan Johnson / Saints,49900,49500-49900,2-4,0,95.75,120.04,127.23,146.15,0.0045,0,0,FORCED_CAPTAIN
3298,Kyle Pitts Sr.,TE,Alvin Kamara / Brian Robinson Jr. / Chris Olave / Drake London / Tyler Shough,49900,49500-49900,3-3,1,94.14,124.15,134.21,153.94,0.0045,0,1,FORCED_CAPTAIN
3309,Kyle Pitts Sr.,TE,Alvin Kamara / Chris Olave / Juwan Johnson / Saints / Tyler Shough,47700,<48000,1-5,1,92.19,122.27,130.88,149.13,0.0045,0,2,FORCED_CAPTAIN
3356,Kyle Pitts Sr.,TE,Bijan Robinson / Drake London / Juwan Johnson / Oscar Delp / Tyler Shough,47900,<48000,3-3,1,93.8,122.41,131.64,149.04,0.0045,0,2,FORCED_CAPTAIN
3434,Michael Penix Jr.,QB,Alvin Kamara / Daniel Carlson / Devaughn Vele / Drake London / Kyle Pitts Sr.,48900,48000-48900,3-3,1,81.41,109.47,118.8,138.66,0.0045,0,1,EXACT_OR_NEAR_OPTIMAL
3548,Michael Penix Jr.,QB,Devaughn Vele / Drake London / Nick Folk / Olamide Zaccheaus / Tyler Shough,48300,48000-48900,4-2,1,86.77,117.6,127.68,148.7,0.0045,0,1,FORCED_CAPTAIN
3557,Nick Folk,K,Alvin Kamara / Bijan Robinson / Brian Robinson Jr. / Devaughn Vele / Tyler Shough,48100,48000-48900,3-3,1,89.61,115.22,123.54,138.53,0.0045,0,1,FORCED_CAPTAIN
3622,Nick Folk,K,Bijan Robinson / Bryce Lance / Juwan Johnson / Michael Penix Jr. / Tyler Shough,47700,<48000,3-3,1,94.47,123.9,132.01,149.16,0.0045,0,2,FORCED_CAPTAIN
3707,Nick Muse,TE,Alvin Kamara / Bijan Robinson / Drake London / Michael Penix Jr. / Tyler Shough,47700,<48000,4-2,1,97.49,129.05,137.89,152.08,0.0045,0,2,FORCED_CAPTAIN
3813,Olamide Zaccheaus,WR,Alvin Kamara / Bijan Robinson / Chris Olave / Saints / Tyler Shough,46400,<48000,2-4,1,97.98,125.11,134.2,151.33,0.0045,0,1,FORCED_CAPTAIN
3831,Olamide Zaccheaus,WR,Alvin Kamara / Drake London / Juwan Johnson / Michael Penix Jr. / Tyler Shough,46000,<48000,3-3,1,91.25,122.69,132.03,152.01,0.0045,0,2,FORCED_CAPTAIN
3876,Olamide Zaccheaus,WR,Bijan Robinson / Chris Olave / Juwan Johnson / Saints / Tyler Shough,46800,<48000,2-4,1,100.48,130.48,139.7,156.62,0.0045,0,2,FORCED_CAPTAIN
3912,Olamide Zaccheaus,WR,Chris Olave / Drake London / Michael Penix Jr. / Saints / Tyler Shough,46600,<48000,3-3,1,93.64,124.36,135.04,155.76,0.0045,0,2,FORCED_CAPTAIN
4055,Saints,DST,Alvin Kamara / Bijan Robinson / Daniel Carlson / Drake London / Nick Folk,45300,<48000,3-3,0,85.98,106.88,113.54,126.23,0.0045,0,0,FORCED_CAPTAIN
4079,Saints,DST,Alvin Kamara / Chris Olave / Drake London / Olamide Zaccheaus / Tyler Shough,45700,<48000,2-4,1,94.03,122.49,132.05,150.51,0.0045,0,1,FORCED_CAPTAIN
4395,Treyton Welch,TE,Chris Olave / Devaughn Vele / Drake London / Michael Penix Jr. / Tyler Shough,47500,<48000,2-4,1,94.95,128.59,138.68,161.45,0.0045,0,2,FORCED_CAPTAIN
4647,Tyler Shough,QB,Alvin Kamara / Daniel Carlson / Devaughn Vele / Kyle Pitts Sr. / Michael Penix Jr.,48800,48000-48900,2-4,1,87.43,115.95,125.38,141.6,0.0045,0,1,EXACT_OR_NEAR_OPTIMAL
4666,Tyler Shough,QB,Alvin Kamara / Devaughn Vele / Drake London / Oscar Delp / Saints,43800,<48000,1-5,1,86.39,115.57,125.06,143.3,0.0045,0,2,EXACT_OR_NEAR_OPTIMAL
4856,Tyler Shough,QB,Daniel Carlson / Devaughn Vele / Jahan Dotson / Juwan Johnson / Michael Penix Jr.,46400,<48000,2-4,1,88.9,120.05,128.54,151.09,0.0045,0,1,EXACT_OR_NEAR_OPTIMAL
4862,Tyler Shough,QB,Daniel Carlson / Drake London / Jahan Dotson / Michael Penix Jr. / Nick Folk,46600,<48000,4-2,1,89.59,118.57,126.45,145.92,0.0045,0,1,EXACT_OR_NEAR_OPTIMAL
4866,Tyler Shough,QB,Devaughn Vele / Drake London / Falcons / Juwan Johnson / Kyle Pitts Sr.,49000,49000-49400,3-3,1,91.62,121.33,133.78,152.46,0.0045,0,1,EXACT_OR_NEAR_OPTIMAL
47,Alvin Kamara,RB,Bijan Robinson / Chris Olave / Devaughn Vele / Kyle Pitts Sr. / Olamide Zaccheaus,48700,48000-48900,3-3,0,90.74,116.77,125.08,141.72,0.004,1,0,EXACT_OR_NEAR_OPTIMAL
110,Alvin Kamara,RB,Brian Robinson Jr. / Daniel Carlson / Drake London / Juwan Johnson / Michael Penix Jr.,45500,<48000,3-3,1,85.25,111.75,120.37,138.47,0.004,0,1,EXACT_OR_NEAR_OPTIMAL
161,Alvin Kamara,RB,Chris Olave / Falcons / Juwan Johnson / Kyle Pitts Sr. / Tyler Shough,47700,<48000,2-4,1,95.52,125.05,133.84,151.61,0.004,0,1,EXACT_OR_NEAR_OPTIMAL
214,Austin Hooper,TE,Alvin Kamara / Bijan Robinson / Chris Olave / Daniel Carlson / Juwan Johnson,46000,<48000,2-4,0,95.58,121.03,128.05,146.9,0.004,0,0,FORCED_CAPTAIN
236,Austin Hooper,TE,Alvin Kamara / Chris Olave / Daniel Carlson / Drake London / Tyler Shough,46400,<48000,2-4,1,95.86,124.85,134.59,154.45,0.004,0,1,FORCED_CAPTAIN
310,Austin Hooper,TE,Bijan Robinson / Juwan Johnson / Michael Penix Jr. / Nick Folk / Tyler Shough,47400,<48000,4-2,1,93.3,121.58,130.71,149.7,0.004,0,2,FORCED_CAPTAIN
341,Barion Brown,WR,Alvin Kamara / Bijan Robinson / Chris Olave / Drake London / Juwan Johnson,48800,48000-48900,2-4,0,101.81,129.51,138.53,156.75,0.004,0,1,EXACT_OR_NEAR_OPTIMAL
772,Bijan Robinson,RB,Drake London / Juwan Johnson / Kendre Miller / Nick Folk / Olamide Zaccheaus,47500,<48000,4-2,0,89.23,117.27,125.44,140.84,0.004,1,1,EXACT_OR_NEAR_OPTIMAL
914,Bryce Lance,WR,Alvin Kamara / Bijan Robinson / Chris Olave / Kyle Pitts Sr. / Tyler Shough,47700,<48000,2-4,1,96.98,125.13,136.49,155.43,0.004,0,1,FORCED_CAPTAIN
947,Bryce Lance,WR,Austin Hooper / Bijan Robinson / Chris Olave / Michael Penix Jr. / Tyler Shough,46700,<48000,3-3,1,97.16,128.06,139.06,158.74,0.004,0,2,FORCED_CAPTAIN
969,Bryce Lance,WR,Bijan Robinson / Chris Olave / Devaughn Vele / Kendre Miller / Tyler Shough,47700,<48000,1-5,1,92.96,123.45,133.38,155.91,0.004,0,2,FORCED_CAPTAIN
970,Bryce Lance,WR,Bijan Robinson / Chris Olave / Devaughn Vele / Kyle Pitts Sr. / Tyler Shough,48500,48000-48900,2-4,1,94.33,124.63,136.16,158.71,0.004,0,1,FORCED_CAPTAIN
1129,CJ Donaldson,RB,Chris Olave / Devaughn Vele / Drake London / Juwan Johnson / Tyler Shough,47700,<48000,1-5,1,96.09,129.55,140.09,158.59,0.004,0,3,EXACT_OR_NEAR_OPTIMAL
1329,Chris Blair,WR,Bijan Robinson / Chris Olave / Devaughn Vele / Drake London / Juwan Johnson,49300,49000-49400,3-3,0,99.1,127.04,136.06,155.95,0.004,0,1,EXACT_OR_NEAR_OPTIMAL
1375,Chris Blair,WR,Chris Olave / Devaughn Vele / Drake London / Michael Penix Jr. / Tyler Shough,48700,48000-48900,3-3,1,94.71,128.05,137.74,161.45,0.004,0,2,FORCED_CAPTAIN
1487,Chris Olave,WR,Alvin Kamara / Daniel Carlson / Devaughn Vele / Juwan Johnson / Kyle Pitts Sr.,49000,49000-49400,1-5,0,93.08,121.06,130.0,147.17,0.004,0,1,EXACT_OR_NEAR_OPTIMAL
1512,Chris Olave,WR,Alvin Kamara / Devaughn Vele / Kyle Pitts Sr. / Michael Penix Jr. / Saints,50000,50000,2-4,0,90.19,118.68,128.53,144.84,0.004,0,1,EXACT_OR_NEAR_OPTIMAL
1867,Daniel Carlson,K,Alvin Kamara / Bijan Robinson / Juwan Johnson / Kyle Pitts Sr. / Michael Penix Jr.,48200,48000-48900,3-3,1,89.21,114.51,122.68,136.9,0.004,0,1,FORCED_CAPTAIN
1871,Daniel Carlson,K,Alvin Kamara / Chris Olave / Devaughn Vele / Falcons / Tyler Shough,46000,<48000,1-5,1,91.33,117.16,125.11,139.41,0.004,0,2,EXACT_OR_NEAR_OPTIMAL
1896,Daniel Carlson,K,Bijan Robinson / Brian Robinson Jr. / Devaughn Vele / Drake London / Juwan Johnson,48000,48000-48900,3-3,0,90.76,116.37,124.11,140.23,0.004,0,0,FORCED_CAPTAIN
2116,Devaughn Vele,WR,Juwan Johnson / Kyle Pitts Sr. / Michael Penix Jr. / Nick Folk / Tyler Shough,48900,48000-48900,3-3,1,83.49,113.36,122.72,142.62,0.004,0,1,EXACT_OR_NEAR_OPTIMAL
2134,Drake London,WR,Alvin Kamara / Austin Hooper / Juwan Johnson / Michael Penix Jr. / Saints,45400,<48000,3-3,1,85.35,114.26,126.16,142.41,0.004,0,1,EXACT_OR_NEAR_OPTIMAL
2159,Drake London,WR,Alvin Kamara / Bijan Robinson / Falcons / Kendre Miller / Nick Folk,47800,<48000,4-2,0,86.92,111.92,120.84,137.47,0.004,1,0,EXACT_OR_NEAR_OPTIMAL
2225,Drake London,WR,Alvin Kamara / Daniel Carlson / Falcons / Michael Penix Jr. / Saints,43600,<48000,3-3,0,79.76,105.56,115.29,130.69,0.004,0,0,EXACT_OR_NEAR_OPTIMAL
2239,Drake London,WR,Alvin Kamara / Daniel Carlson / Kendre Miller / Michael Penix Jr. / Saints,45000,<48000,2-4,0,77.9,105.9,113.91,134.07,0.004,0,0,EXACT_OR_NEAR_OPTIMAL
2247,Drake London,WR,Alvin Kamara / Devaughn Vele / Juwan Johnson / Nick Folk / Saints,46800,<48000,2-4,0,85.27,111.56,121.52,136.39,0.004,0,0,EXACT_OR_NEAR_OPTIMAL
2249,Drake London,WR,Alvin Kamara / Devaughn Vele / Kendre Miller / Michael Penix Jr. / Saints,48000,48000-48900,2-4,0,80.31,109.11,118.24,137.54,0.004,0,0,EXACT_OR_NEAR_OPTIMAL
2324,Drake London,WR,Barion Brown / Chris Olave / Kendre Miller / Nick Folk / Tyler Shough,47000,<48000,2-4,1,89.96,121.28,130.98,151.65,0.004,1,1,EXACT_OR_NEAR_OPTIMAL
2411,Drake London,WR,Bryce Lance / Devaughn Vele / Jahan Dotson / Michael Penix Jr. / Tyler Shough,46200,<48000,3-3,1,85.6,119.26,130.25,152.56,0.004,0,1,EXACT_OR_NEAR_OPTIMAL
2569,Falcons,DST,Alvin Kamara / Devaughn Vele / Drake London / Michael Penix Jr. / Tyler Shough,48800,48000-48900,3-3,1,90.89,118.63,126.96,144.51,0.004,0,1,EXACT_OR_NEAR_OPTIMAL
2577,Falcons,DST,Austin Hooper / Bijan Robinson / Chris Olave / Michael Penix Jr. / Nick Folk,45200,<48000,5-1,1,86.94,113.03,121.37,137.9,0.004,0,2,FORCED_CAPTAIN
2639,Falcons,DST,Bijan Robinson / Jahan Dotson / Juwan Johnson / Michael Penix Jr. / Tyler Shough,46200,<48000,4-2,1,92.47,118.95,128.24,145.02,0.004,0,2,FORCED_CAPTAIN
2646,Falcons,DST,Chris Olave / Daniel Carlson / Juwan Johnson / Michael Penix Jr. / Tyler Shough,47000,<48000,2-4,1,96.64,124.22,132.4,150.84,0.004,0,2,FORCED_CAPTAIN
2649,Falcons,DST,Chris Olave / Devaughn Vele / Juwan Johnson / Saints / Tyler Shough,45200,<48000,1-5,1,90.27,118.76,126.75,145.99,0.004,0,2,EXACT_OR_NEAR_OPTIMAL
2656,Falcons,DST,Drake London / Juwan Johnson / Michael Penix Jr. / Nick Folk / Tyler Shough,46800,<48000,4-2,0,90.25,117.61,125.74,143.99,0.004,0,1,EXACT_OR_NEAR_OPTIMAL
2666,Jahan Dotson,WR,Alvin Kamara / Bijan Robinson / Chris Olave / Juwan Johnson / Nick Folk,46900,<48000,3-3,0,95.51,120.3,127.54,148.38,0.004,0,0,FORCED_CAPTAIN
2677,Jahan Dotson,WR,Alvin Kamara / Bijan Robinson / Drake London / Michael Penix Jr. / Saints,46500,<48000,4-2,1,87.69,113.9,122.99,138.91,0.004,0,1,FORCED_CAPTAIN
2733,Jahan Dotson,WR,Bijan Robinson / Chris Olave / Juwan Johnson / Oscar Delp / Tyler Shough,44500,<48000,2-4,1,97.9,128.76,137.45,159.82,0.004,0,2,FORCED_CAPTAIN
2760,Jahan Dotson,WR,Chris Olave / Daniel Carlson / Drake London / Juwan Johnson / Michael Penix Jr.,46500,<48000,3-3,1,91.9,121.4,129.38,147.49,0.004,0,2,FORCED_CAPTAIN
2766,Jahan Dotson,WR,Chris Olave / Drake London / Juwan Johnson / Michael Penix Jr. / Nick Folk,47100,<48000,4-2,1,91.17,120.45,129.47,146.49,0.004,0,2,FORCED_CAPTAIN
2849,Juwan Johnson,TE,Alvin Kamara / Daniel Carlson / Devaughn Vele / Drake London / Saints,44900,<48000,1-5,0,84.09,108.88,119.02,133.44,0.004,0,1,EXACT_OR_NEAR_OPTIMAL
2872,Juwan Johnson,TE,Alvin Kamara / Devaughn Vele / Drake London / Jahan Dotson / Michael Penix Jr.,47900,<48000,3-3,1,88.35,118.55,128.59,145.61,0.004,0,1,EXACT_OR_NEAR_OPTIMAL
3034,Kendre Miller,RB,Alvin Kamara / Austin Hooper / Bijan Robinson / Chris Olave / Drake London,49900,49500-49900,3-3,0,94.61,120.36,130.27,147.63,0.004,0,0,FORCED_CAPTAIN
3049,Kendre Miller,RB,Alvin Kamara / Bijan Robinson / Daniel Carlson / Juwan Johnson / Tyler Shough,48100,48000-48900,1-5,1,92.53,118.8,125.74,140.82,0.004,0,2,FORCED_CAPTAIN
3050,Kendre Miller,RB,Alvin Kamara / Bijan Robinson / Daniel Carlson / Michael Penix Jr. / Tyler Shough,49700,49500-49900,2-4,1,91.69,116.5,123.82,137.66,0.004,0,1,FORCED_CAPTAIN
3051,Kendre Miller,RB,Alvin Kamara / Bijan Robinson / Drake London / Falcons / Michael Penix Jr.,48900,48000-48900,4-2,1,86.24,112.48,120.96,135.04,0.004,0,1,FORCED_CAPTAIN
3087,Kendre Miller,RB,Bijan Robinson / Chris Olave / Daniel Carlson / Drake London / Saints,49100,49000-49400,2-4,0,92.46,116.61,125.29,139.25,0.004,0,0,FORCED_CAPTAIN
3103,Kendre Miller,RB,Bijan Robinson / Chris Olave / Falcons / Nick Folk / Tyler Shough,48700,48000-48900,3-3,1,93.25,118.91,129.0,143.1,0.004,0,1,FORCED_CAPTAIN
3126,Kendre Miller,RB,Bijan Robinson / Drake London / Juwan Johnson / Michael Penix Jr. / Saints,49900,49500-49900,3-3,1,89.68,115.79,125.47,140.4,0.004,0,2,FORCED_CAPTAIN
3143,Kendre Miller,RB,Chris Olave / Drake London / Michael Penix Jr. / Olamide Zaccheaus / Tyler Shough,48900,48000-48900,3-3,1,91.51,123.78,135.12,151.18,0.004,0,2,FORCED_CAPTAIN
3210,Kevin Austin Jr.,WR,Bijan Robinson / Chris Olave / Daniel Carlson / Juwan Johnson / Tyler Shough,45600,<48000,1-5,1,100.03,130.06,139.11,157.25,0.004,0,3,FORCED_CAPTAIN
3263,Kevin Austin Jr.,WR,Chris Olave / Devaughn Vele / Drake London / Juwan Johnson / Tyler Shough,46800,<48000,1-5,1,96.44,130.47,140.43,158.9,0.004,0,3,FORCED_CAPTAIN
3274,Kyle Pitts Sr.,TE,Alvin Kamara / Austin Hooper / Bijan Robinson / Drake London / Michael Penix Jr.,49300,49000-49400,5-1,1,86.34,116.24,125.82,143.23,0.004,0,2,FORCED_CAPTAIN
3295,Kyle Pitts Sr.,TE,Alvin Kamara / Bijan Robinson / Falcons / Juwan Johnson / Tyler Shough,48100,48000-48900,3-3,1,91.6,116.83,125.37,142.42,0.004,0,1,FORCED_CAPTAIN
3305,Kyle Pitts Sr.,TE,Alvin Kamara / Chris Olave / Drake London / Jahan Dotson / Tyler Shough,49100,49000-49400,3-3,1,93.57,124.01,133.21,154.41,0.004,0,1,FORCED_CAPTAIN
3328,Kyle Pitts Sr.,TE,Bijan Robinson / Bryce Lance / Chris Olave / Juwan Johnson / Michael Penix Jr.,49500,49500-49900,3-3,1,93.57,121.96,131.1,152.87,0.004,1,2,EXACT_OR_NEAR_OPTIMAL
3330,Kyle Pitts Sr.,TE,Bijan Robinson / Bryce Lance / Drake London / Juwan Johnson / Michael Penix Jr.,48700,48000-48900,4-2,1,87.9,118.25,127.61,143.79,0.004,0,2,FORCED_CAPTAIN
3353,Kyle Pitts Sr.,TE,Bijan Robinson / Daniel Carlson / Drake London / Saints / Tyler Shough,49100,49000-49400,3-3,0,91.32,114.95,121.3,136.99,0.004,0,0,FORCED_CAPTAIN
3374,Kyle Pitts Sr.,TE,Chris Olave / Devaughn Vele / Falcons / Michael Penix Jr. / Tyler Shough,49500,49500-49900,3-3,1,87.78,117.17,127.3,146.19,0.004,0,1,FORCED_CAPTAIN
3384,Kyle Pitts Sr.,TE,Chris Olave / Juwan Johnson / Michael Penix Jr. / Olamide Zaccheaus / Tyler Shough,47500,<48000,3-3,1,89.74,120.84,131.93,152.56,0.004,0,2,FORCED_CAPTAIN
3393,Kyle Pitts Sr.,TE,Drake London / Juwan Johnson / Michael Penix Jr. / Saints / Tyler Shough,48900,48000-48900,3-3,1,88.2,118.36,127.47,146.59,0.004,0,2,FORCED_CAPTAIN
3493,Michael Penix Jr.,QB,Bijan Robinson / Chris Olave / Jahan Dotson / Juwan Johnson / Oscar Delp,46900,<48000,3-3,1,96.39,125.94,135.77,156.27,0.004,0,2,FORCED_CAPTAIN
3500,Michael Penix Jr.,QB,Bijan Robinson / Daniel Carlson / Jahan Dotson / Nick Folk / Tyler Shough,48100,48000-48900,4-2,1,92.03,118.44,127.86,142.54,0.004,0,1,FORCED_CAPTAIN
3577,Nick Folk,K,Alvin Kamara / Bijan Robinson / Daniel Carlson / Saints / Tyler Shough,45500,<48000,2-4,0,89.09,109.91,115.87,128.73,0.004,0,0,FORCED_CAPTAIN
3594,Nick Folk,K,Alvin Kamara / Chris Olave / Devaughn Vele / Kendre Miller / Tyler Shough,48300,48000-48900,1-5,1,88.37,117.33,127.01,145.05,0.004,0,2,FORCED_CAPTAIN
3615,Nick Folk,K,Bijan Robinson / Brian Robinson Jr. / Chris Olave / Drake London / Kendre Miller,49500,49500-49900,4-2,0,91.9,117.56,125.55,143.43,0.004,0,0,FORCED_CAPTAIN
3638,Nick Folk,K,Bijan Robinson / Chris Olave / Falcons / Michael Penix Jr. / Saints,47500,<48000,4-2,0,90.97,114.07,122.1,137.25,0.004,0,0,FORCED_CAPTAIN
3677,Nick Folk,K,Devaughn Vele / Drake London / Kendre Miller / Michael Penix Jr. / Tyler Shough,49500,49500-49900,3-3,1,84.37,112.97,122.31,142.32,0.004,0,1,FORCED_CAPTAIN
3760,Nick Muse,TE,Bijan Robinson / Chris Olave / Drake London / Kyle Pitts Sr. / Tyler Shough,48300,48000-48900,4-2,0,99.3,129.79,139.45,160.64,0.004,0,1,FORCED_CAPTAIN
3763,Nick Muse,TE,Bijan Robinson / Chris Olave / Drake London / Saints / Tyler Shough,46700,<48000,3-3,0,100.72,128.41,139.03,157.76,0.004,0,1,FORCED_CAPTAIN
3807,Olamide Zaccheaus,WR,Alvin Kamara / Bijan Robinson / Chris Olave / Falcons / Tyler Shough,45800,<48000,3-3,1,97.04,123.41,133.39,149.92,0.004,0,1,FORCED_CAPTAIN
3880,Olamide Zaccheaus,WR,Bijan Robinson / Chris Olave / Michael Penix Jr. / Saints / Tyler Shough,48400,48000-48900,3-3,1,99.64,128.66,137.82,157.49,0.004,0,2,FORCED_CAPTAIN
3895,Olamide Zaccheaus,WR,Bijan Robinson / Drake London / Michael Penix Jr. / Nick Folk / Tyler Shough,48800,48000-48900,5-1,1,95.31,125.13,133.54,150.01,0.004,0,3,FORCED_CAPTAIN
3923,Oscar Delp,TE,Alvin Kamara / Bijan Robinson / Chris Olave / Daniel Carlson / Tyler Shough,44600,<48000,1-5,1,98.61,125.87,135.22,153.59,0.004,0,2,FORCED_CAPTAIN
4011,Oscar Delp,TE,Bijan Robinson / Daniel Carlson / Drake London / Michael Penix Jr. / Tyler Shough,45800,<48000,3-3,1,94.61,123.77,132.38,147.28,0.004,0,2,FORCED_CAPTAIN
4042,Saints,DST,Alvin Kamara / Bijan Robinson / Brian Robinson Jr. / Juwan Johnson / Tyler Shough,45900,<48000,2-4,1,92.77,117.63,125.32,142.61,0.004,0,1,FORCED_CAPTAIN
4074,Saints,DST,Alvin Kamara / Chris Olave / Drake London / Jahan Dotson / Michael Penix Jr.,46100,<48000,3-3,1,88.57,115.0,124.86,142.11,0.004,0,1,FORCED_CAPTAIN
4111,Saints,DST,Bijan Robinson / Chris Olave / Daniel Carlson / Jahan Dotson / Michael Penix Jr.,45700,<48000,3-3,1,89.52,113.22,122.05,136.11,0.004,0,1,FORCED_CAPTAIN
4160,Saints,DST,Chris Olave / Drake London / Juwan Johnson / Michael Penix Jr. / Nick Folk,48900,48000-48900,3-3,0,94.86,121.78,129.94,144.44,0.004,0,1,FORCED_CAPTAIN
4378,Treyton Welch,TE,Bijan Robinson / Devaughn Vele / Drake London / Juwan Johnson / Tyler Shough,46900,<48000,2-4,1,96.13,125.65,136.17,154.75,0.004,0,2,FORCED_CAPTAIN
4717,Tyler Shough,QB,Austin Hooper / Devaughn Vele / Juwan Johnson / Michael Penix Jr. / Nick Folk,46800,<48000,3-3,1,87.72,119.17,128.89,148.26,0.004,0,1,EXACT_OR_NEAR_OPTIMAL
4877,Tyler Shough,QB,Devaughn Vele / Juwan Johnson / Kendre Miller / Michael Penix Jr. / Nick Folk,49000,49000-49400,2-4,1,87.83,120.0,129.32,148.39,0.004,0,1,EXACT_OR_NEAR_OPTIMAL
4918,Zachariah Branch,WR,Alvin Kamara / Chris Olave / Drake London / Juwan Johnson / Tyler Shough,48400,48000-48900,2-4,1,99.08,131.92,142.24,159.31,0.004,0,2,EXACT_OR_NEAR_OPTIMAL
4955,Zachariah Branch,WR,Bijan Robinson / Chris Olave / Devaughn Vele / Nick Folk / Tyler Shough,49000,49000-49400,3-3,1,94.15,124.2,133.21,152.25,0.004,0,1,EXACT_OR_NEAR_OPTIMAL
4969,Zachariah Branch,WR,Bijan Robinson / Chris Olave / Juwan Johnson / Nick Folk / Tyler Shough,48600,48000-48900,3-3,1,99.3,129.67,140.15,158.93,0.004,0,2,EXACT_OR_NEAR_OPTIMAL
4976,Zachariah Branch,WR,Bijan Robinson / Devaughn Vele / Drake London / Juwan Johnson / Michael Penix Jr.,49600,49500-49900,4-2,1,89.65,119.93,129.69,143.4,0.004,0,2,EXACT_OR_NEAR_OPTIMAL
99,Alvin Kamara,RB,Brian Robinson Jr. / Chris Olave / Daniel Carlson / Juwan Johnson / Michael Penix Jr.,46300,<48000,2-4,0,90.91,115.9,122.6,138.04,0.0035,1,0,EXACT_OR_NEAR_OPTIMAL
172,Alvin Kamara,RB,Daniel Carlson / Devaughn Vele / Drake London / Juwan Johnson / Nick Folk,45900,<48000,2-4,0,84.16,108.76,116.08,134.66,0.0035,0,0,EXACT_OR_NEAR_OPTIMAL
180,Alvin Kamara,RB,Daniel Carlson / Devaughn Vele / Michael Penix Jr. / Nick Folk / Tyler Shough,47100,<48000,2-4,1,85.78,110.74,118.83,135.74,0.0035,0,1,EXACT_OR_NEAR_OPTIMAL
181,Alvin Kamara,RB,Daniel Carlson / Drake London / Jahan Dotson / Juwan Johnson / Michael Penix Jr.,44700,<48000,3-3,1,84.69,111.47,120.12,137.85,0.0035,0,1,EXACT_OR_NEAR_OPTIMAL
431,Barion Brown,WR,Bijan Robinson / Devaughn Vele / Drake London / Juwan Johnson / Tyler Shough,48400,48000-48900,2-4,1,95.96,125.81,135.53,154.49,0.0035,0,2,FORCED_CAPTAIN
781,Brian Robinson Jr.,RB,Alvin Kamara / Austin Hooper / Bijan Robinson / Chris Olave / Drake London,48100,48000-48900,4-2,0,95.97,122.51,131.64,148.27,0.0035,0,0,FORCED_CAPTAIN
803,Brian Robinson Jr.,RB,Alvin Kamara / Bijan Robinson / Drake London / Falcons / Michael Penix Jr.,47100,<48000,5-1,1,87.6,113.98,123.26,137.59,0.0035,0,2,FORCED_CAPTAIN
837,Brian Robinson Jr.,RB,Bijan Robinson / Chris Olave / Devaughn Vele / Falcons / Michael Penix Jr.,48700,48000-48900,4-2,1,90.62,116.41,126.42,145.3,0.0035,0,1,FORCED_CAPTAIN
862,Brian Robinson Jr.,RB,Bijan Robinson / Daniel Carlson / Devaughn Vele / Juwan Johnson / Tyler Shough,47100,<48000,2-4,1,91.24,118.53,126.98,146.38,0.0035,0,1,FORCED_CAPTAIN
870,Brian Robinson Jr.,RB,Bijan Robinson / Devaughn Vele / Michael Penix Jr. / Nick Folk / Tyler Shough,49300,49000-49400,4-2,1,89.67,117.15,125.96,141.46,0.0035,0,1,FORCED_CAPTAIN
957,Bryce Lance,WR,Bijan Robinson / Chris Olave / Daniel Carlson / Devaughn Vele / Drake London,47900,<48000,2-4,0,95.36,122.46,130.97,150.08,0.0035,0,0,FORCED_CAPTAIN
973,Bryce Lance,WR,Bijan Robinson / Chris Olave / Drake London / Falcons / Juwan Johnson,46300,<48000,3-3,0,97.51,124.76,133.23,150.56,0.0035,0,1,FORCED_CAPTAIN
1020,Bryce Lance,WR,Devaughn Vele / Drake London / Juwan Johnson / Michael Penix Jr. / Tyler Shough,46500,<48000,2-4,1,89.03,121.49,131.21,153.47,0.0035,0,2,FORCED_CAPTAIN
1097,CJ Donaldson,RB,Bijan Robinson / Chris Olave / Drake London / Michael Penix Jr. / Nick Folk,49100,49000-49400,4-2,1,95.66,125.73,134.65,155.36,0.0035,0,2,EXACT_OR_NEAR_OPTIMAL
1217,Charlie Woerner,TE,Bijan Robinson / Chris Olave / Drake London / Michael Penix Jr. / Nick Folk,47900,<48000,5-1,1,95.46,125.59,133.99,155.62,0.0035,0,3,FORCED_CAPTAIN
1287,Chris Blair,WR,Alvin Kamara / Bijan Robinson / Drake London / Juwan Johnson / Tyler Shough,47300,<48000,3-3,1,98.53,128.49,136.57,152.98,0.0035,0,2,FORCED_CAPTAIN
1362,Chris Blair,WR,Bijan Robinson / Devaughn Vele / Drake London / Juwan Johnson / Tyler Shough,48100,48000-48900,3-3,1,95.89,125.41,135.41,154.49,0.0035,0,2,EXACT_OR_NEAR_OPTIMAL
1451,Chris Olave,WR,Alvin Kamara / Brian Robinson Jr. / Daniel Carlson / Juwan Johnson / Nick Folk,44600,<48000,2-4,0,89.46,116.67,124.71,140.84,0.0035,0,0,EXACT_OR_NEAR_OPTIMAL
1537,Chris Olave,WR,Alvin Kamara / Falcons / Jahan Dotson / Juwan Johnson / Michael Penix Jr.,46200,<48000,3-3,0,93.35,121.47,129.68,144.94,0.0035,0,0,EXACT_OR_NEAR_OPTIMAL
2184,Drake London,WR,Alvin Kamara / Bryce Lance / Juwan Johnson / Michael Penix Jr. / Nick Folk,45600,<48000,3-3,0,85.73,115.97,125.99,148.34,0.0035,0,0,EXACT_OR_NEAR_OPTIMAL
2185,Drake London,WR,Alvin Kamara / Bryce Lance / Juwan Johnson / Michael Penix Jr. / Saints,44400,<48000,2-4,0,84.41,113.15,123.48,141.49,0.0035,0,0,EXACT_OR_NEAR_OPTIMAL
2235,Drake London,WR,Alvin Kamara / Daniel Carlson / Juwan Johnson / Nick Folk / Saints,43800,<48000,2-4,0,82.86,107.4,116.49,134.18,0.0035,0,0,EXACT_OR_NEAR_OPTIMAL
2276,Drake London,WR,Alvin Kamara / Juwan Johnson / Kyle Pitts Sr. / Michael Penix Jr. / Olamide Zaccheaus,46200,<48000,4-2,1,82.71,113.5,123.85,143.97,0.0035,0,1,EXACT_OR_NEAR_OPTIMAL
2482,Drake London,WR,Daniel Carlson / Devaughn Vele / Kyle Pitts Sr. / Michael Penix Jr. / Saints,46600,<48000,3-3,1,76.64,104.66,114.9,133.11,0.0035,0,1,EXACT_OR_NEAR_OPTIMAL
2539,Falcons,DST,Alvin Kamara / Bijan Robinson / Daniel Carlson / Michael Penix Jr. / Tyler Shough,47600,<48000,3-3,0,94.48,117.14,124.36,137.68,0.0035,0,0,FORCED_CAPTAIN
2582,Falcons,DST,Bijan Robinson / Brian Robinson Jr. / Chris Olave / Devaughn Vele / Juwan Johnson,47000,<48000,3-3,0,91.93,118.13,126.27,144.44,0.0035,0,0,FORCED_CAPTAIN
2731,Jahan Dotson,WR,Bijan Robinson / Chris Olave / Juwan Johnson / Michael Penix Jr. / Saints,47700,<48000,3-3,1,95.85,122.27,131.23,149.19,0.0035,0,2,FORCED_CAPTAIN
2755,Jahan Dotson,WR,Bijan Robinson / Falcons / Juwan Johnson / Michael Penix Jr. / Tyler Shough,45900,<48000,4-2,1,91.71,118.16,127.74,145.48,0.0035,0,2,FORCED_CAPTAIN
2776,Jahan Dotson,WR,Drake London / Juwan Johnson / Michael Penix Jr. / Nick Folk / Tyler Shough,45900,<48000,4-2,1,87.96,117.72,127.3,146.26,0.0035,0,2,FORCED_CAPTAIN
2848,Juwan Johnson,TE,Alvin Kamara / Daniel Carlson / Devaughn Vele / Drake London / Nick Folk,46100,<48000,2-4,0,85.41,111.78,120.65,138.91,0.0035,1,0,EXACT_OR_NEAR_OPTIMAL
2879,Juwan Johnson,TE,Alvin Kamara / Devaughn Vele / Falcons / Nick Folk / Tyler Shough,44500,<48000,2-4,1,84.87,112.86,123.31,143.7,0.0035,0,1,EXACT_OR_NEAR_OPTIMAL
2885,Juwan Johnson,TE,Alvin Kamara / Drake London / Falcons / Michael Penix Jr. / Nick Folk,46100,<48000,4-2,0,86.73,113.71,123.5,141.36,0.0035,0,0,EXACT_OR_NEAR_OPTIMAL
3023,Juwan Johnson,TE,Devaughn Vele / Drake London / Falcons / Michael Penix Jr. / Nick Folk,46900,<48000,4-2,0,84.09,112.16,121.72,139.17,0.0035,0,0,EXACT_OR_NEAR_OPTIMAL
3036,Kendre Miller,RB,Alvin Kamara / Bijan Robinson / Brian Robinson Jr. / Drake London / Tyler Shough,49700,49500-49900,3-3,1,92.41,119.26,127.08,138.81,0.0035,0,1,FORCED_CAPTAIN
3058,Kendre Miller,RB,Alvin Kamara / Bijan Robinson / Juwan Johnson / Nick Folk / Tyler Shough,48700,48000-48900,2-4,1,91.8,118.75,126.43,143.62,0.0035,0,1,FORCED_CAPTAIN
3059,Kendre Miller,RB,Alvin Kamara / Bijan Robinson / Juwan Johnson / Saints / Tyler Shough,47500,<48000,1-5,1,90.47,115.9,122.99,137.78,0.0035,0,2,FORCED_CAPTAIN
3060,Kendre Miller,RB,Alvin Kamara / Bijan Robinson / Michael Penix Jr. / Saints / Tyler Shough,49100,49000-49400,2-4,1,89.63,114.32,121.08,134.33,0.0035,0,1,FORCED_CAPTAIN
3068,Kendre Miller,RB,Alvin Kamara / Chris Olave / Drake London / Michael Penix Jr. / Nick Folk,49700,49500-49900,3-3,0,88.16,115.45,125.3,141.35,0.0035,0,0,EXACT_OR_NEAR_OPTIMAL
3083,Kendre Miller,RB,Bijan Robinson / Bryce Lance / Chris Olave / Devaughn Vele / Tyler Shough,49300,49000-49400,1-5,1,93.48,123.38,134.06,152.39,0.0035,0,2,FORCED_CAPTAIN
3085,Kendre Miller,RB,Bijan Robinson / Chris Olave / Daniel Carlson / Drake London / Falcons,48500,48000-48900,3-3,0,91.53,116.86,125.28,140.49,0.0035,0,0,FORCED_CAPTAIN
3098,Kendre Miller,RB,Bijan Robinson / Chris Olave / Drake London / Juwan Johnson / Olamide Zaccheaus,49500,49500-49900,3-3,0,95.9,122.93,132.1,148.68,0.0035,0,1,FORCED_CAPTAIN
3122,Kendre Miller,RB,Bijan Robinson / Drake London / Falcons / Juwan Johnson / Tyler Shough,49900,49500-49900,3-3,1,95.88,122.78,131.88,147.19,0.0035,0,2,FORCED_CAPTAIN
3130,Kendre Miller,RB,Brian Robinson Jr. / Chris Olave / Drake London / Juwan Johnson / Tyler Shough,49100,49000-49400,2-4,1,94.57,126.97,136.17,150.59,0.0035,0,2,FORCED_CAPTAIN
3133,Kendre Miller,RB,Chris Olave / Daniel Carlson / Drake London / Juwan Johnson / Michael Penix Jr.,49500,49500-49900,2-4,0,91.4,120.47,127.68,148.61,0.0035,0,1,FORCED_CAPTAIN
3147,Kendre Miller,RB,Chris Olave / Juwan Johnson / Michael Penix Jr. / Nick Folk / Tyler Shough,49700,49500-49900,2-4,1,93.12,124.07,132.47,150.35,0.0035,0,2,FORCED_CAPTAIN
3216,Kevin Austin Jr.,WR,Bijan Robinson / Chris Olave / Devaughn Vele / Nick Folk / Tyler Shough,46600,<48000,2-4,1,94.16,124.63,132.61,152.24,0.0035,0,1,FORCED_CAPTAIN
3237,Kevin Austin Jr.,WR,Bijan Robinson / Chris Olave / Juwan Johnson / Nick Folk / Tyler Shough,46200,<48000,2-4,1,99.3,129.95,140.1,160.24,0.0035,0,2,FORCED_CAPTAIN
3278,Kyle Pitts Sr.,TE,Alvin Kamara / Bijan Robinson / Chris Olave / Falcons / Juwan Johnson,49300,49000-49400,3-3,0,94.81,119.51,126.95,146.52,0.0035,0,0,FORCED_CAPTAIN
3282,Kyle Pitts Sr.,TE,Alvin Kamara / Bijan Robinson / Chris Olave / Michael Penix Jr. / Zachariah Branch,49700,49500-49900,4-2,1,89.11,116.23,125.1,142.99,0.0035,0,1,FORCED_CAPTAIN
3287,Kyle Pitts Sr.,TE,Alvin Kamara / Bijan Robinson / Daniel Carlson / Juwan Johnson / Michael Penix Jr.,48700,48000-48900,3-3,1,87.47,112.7,121.54,136.19,0.0035,0,1,FORCED_CAPTAIN
3290,Kyle Pitts Sr.,TE,Alvin Kamara / Bijan Robinson / Drake London / Jahan Dotson / Michael Penix Jr.,49500,49500-49900,5-1,1,86.79,116.36,125.27,140.5,0.0035,0,2,FORCED_CAPTAIN
3291,Kyle Pitts Sr.,TE,Alvin Kamara / Bijan Robinson / Drake London / Juwan Johnson / Saints,49100,49000-49400,3-3,0,90.08,114.27,121.79,135.87,0.0035,0,0,FORCED_CAPTAIN
3299,Kyle Pitts Sr.,TE,Alvin Kamara / Chris Olave / Daniel Carlson / Devaughn Vele / Tyler Shough,48700,48000-48900,1-5,1,89.11,117.76,127.37,143.92,0.0035,0,2,FORCED_CAPTAIN
3302,Kyle Pitts Sr.,TE,Alvin Kamara / Chris Olave / Devaughn Vele / Nick Folk / Tyler Shough,49300,49000-49400,2-4,1,88.37,118.1,127.79,145.34,0.0035,0,1,FORCED_CAPTAIN
3325,Kyle Pitts Sr.,TE,Bijan Robinson / Brian Robinson Jr. / Chris Olave / Falcons / Tyler Shough,48300,48000-48900,4-2,0,92.09,117.62,128.19,148.29,0.0035,0,0,FORCED_CAPTAIN
3326,Kyle Pitts Sr.,TE,Bijan Robinson / Brian Robinson Jr. / Chris Olave / Kendre Miller / Tyler Shough,49700,49500-49900,3-3,1,90.23,117.41,127.18,148.33,0.0035,0,1,FORCED_CAPTAIN
3338,Kyle Pitts Sr.,TE,Bijan Robinson / Chris Olave / Daniel Carlson / Juwan Johnson / Saints,47700,<48000,2-4,0,90.69,115.07,121.22,138.49,0.0035,0,0,FORCED_CAPTAIN
3369,Kyle Pitts Sr.,TE,Chris Olave / Daniel Carlson / Drake London / Michael Penix Jr. / Nick Folk,48700,48000-48900,4-2,1,85.17,113.68,123.45,139.76,0.0035,0,1,FORCED_CAPTAIN
3373,Kyle Pitts Sr.,TE,Chris Olave / Devaughn Vele / Drake London / Falcons / Michael Penix Jr.,49900,49500-49900,4-2,1,85.33,114.39,124.15,142.38,0.0035,0,1,EXACT_OR_NEAR_OPTIMAL
3390,Kyle Pitts Sr.,TE,Devaughn Vele / Drake London / Juwan Johnson / Nick Folk / Tyler Shough,48900,48000-48900,3-3,1,85.22,114.56,124.14,140.7,0.0035,0,1,FORCED_CAPTAIN
3449,Michael Penix Jr.,QB,Alvin Kamara / Jahan Dotson / Juwan Johnson / Kyle Pitts Sr. / Tyler Shough,46300,<48000,3-3,1,84.5,113.5,122.32,142.29,0.0035,0,1,EXACT_OR_NEAR_OPTIMAL
3646,Nick Folk,K,Bijan Robinson / Daniel Carlson / Drake London / Jahan Dotson / Michael Penix Jr.,46700,<48000,5-1,1,85.85,112.56,120.99,139.29,0.0035,0,2,FORCED_CAPTAIN
3678,Nick Folk,K,Drake London / Juwan Johnson / Kendre Miller / Michael Penix Jr. / Tyler Shough,49100,49000-49400,3-3,1,89.52,119.69,128.58,145.39,0.0035,0,2,EXACT_OR_NEAR_OPTIMAL
3688,Nick Muse,TE,Alvin Kamara / Bijan Robinson / Chris Olave / Drake London / Juwan Johnson,47300,<48000,3-3,0,101.54,128.79,138.11,156.75,0.0035,0,1,FORCED_CAPTAIN
3706,Nick Muse,TE,Alvin Kamara / Bijan Robinson / Drake London / Juwan Johnson / Tyler Shough,46100,<48000,3-3,1,98.33,128.07,136.02,152.71,0.0035,0,2,FORCED_CAPTAIN
3778,Nick Muse,TE,Bijan Robinson / Devaughn Vele / Drake London / Juwan Johnson / Tyler Shough,46900,<48000,3-3,1,95.69,125.36,135.3,154.49,0.0035,0,2,FORCED_CAPTAIN
3790,Nick Muse,TE,Chris Olave / Devaughn Vele / Drake London / Michael Penix Jr. / Tyler Shough,47500,<48000,3-3,1,94.51,127.9,137.74,160.81,0.0035,0,2,FORCED_CAPTAIN
3814,Olamide Zaccheaus,WR,Alvin Kamara / Bijan Robinson / Daniel Carlson / Drake London / Michael Penix Jr.,45600,<48000,4-2,1,87.24,113.98,124.34,139.14,0.0035,0,1,FORCED_CAPTAIN
3842,Olamide Zaccheaus,WR,Bijan Robinson / Bryce Lance / Chris Olave / Drake London / Tyler Shough,47000,<48000,3-3,1,100.47,131.2,141.24,160.82,0.0035,0,2,FORCED_CAPTAIN
3849,Olamide Zaccheaus,WR,Bijan Robinson / Chris Olave / Daniel Carlson / Juwan Johnson / Michael Penix Jr.,46800,<48000,3-3,1,95.41,122.63,131.13,150.47,0.0035,0,2,FORCED_CAPTAIN
3881,Olamide Zaccheaus,WR,Bijan Robinson / Daniel Carlson / Drake London / Juwan Johnson / Michael Penix Jr.,46000,<48000,4-2,1,89.75,118.39,126.68,142.89,0.0035,0,2,FORCED_CAPTAIN
3908,Olamide Zaccheaus,WR,Chris Olave / Drake London / Falcons / Michael Penix Jr. / Tyler Shough,46000,<48000,4-2,1,92.7,122.51,133.11,151.65,0.0035,0,2,FORCED_CAPTAIN
3953,Oscar Delp,TE,Alvin Kamara / Bijan Robinson / Juwan Johnson / Michael Penix Jr. / Tyler Shough,45400,<48000,2-4,1,95.83,125.65,133.81,151.05,0.0035,0,2,FORCED_CAPTAIN
4000,Oscar Delp,TE,Bijan Robinson / Chris Olave / Juwan Johnson / Kyle Pitts Sr. / Tyler Shough,46000,<48000,2-4,1,97.64,128.99,138.22,159.53,0.0035,0,2,FORCED_CAPTAIN
4014,Oscar Delp,TE,Bijan Robinson / Devaughn Vele / Drake London / Juwan Johnson / Michael Penix Jr.,46600,<48000,3-3,1,90.74,120.69,129.89,146.48,0.0035,0,2,FORCED_CAPTAIN
4092,Saints,DST,Austin Hooper / Chris Olave / Drake London / Juwan Johnson / Michael Penix Jr.,46300,<48000,3-3,1,90.63,118.54,127.4,143.96,0.0035,0,2,FORCED_CAPTAIN
4295,Treyton Welch,TE,Alvin Kamara / Bijan Robinson / Chris Olave / Drake London / Juwan Johnson,47300,<48000,2-4,0,101.98,129.22,138.88,156.84,0.0035,0,1,FORCED_CAPTAIN
4655,Tyler Shough,QB,Alvin Kamara / Daniel Carlson / Juwan Johnson / Kendre Miller / Michael Penix Jr.,47600,<48000,1-5,1,91.2,120.42,129.09,143.92,0.0035,0,2,EXACT_OR_NEAR_OPTIMAL
4816,Tyler Shough,QB,Charlie Woerner / Devaughn Vele / Drake London / Kyle Pitts Sr. / Michael Penix Jr.,47600,<48000,4-2,1,85.56,117.39,127.58,147.36,0.0035,0,1,EXACT_OR_NEAR_OPTIMAL
4863,Tyler Shough,QB,Daniel Carlson / Drake London / Juwan Johnson / Kendre Miller / Saints,45800,<48000,1-5,1,88.76,117.92,126.22,141.62,0.0035,0,2,EXACT_OR_NEAR_OPTIMAL
4957,Zachariah Branch,WR,Bijan Robinson / Chris Olave / Drake London / Falcons / Tyler Shough,49400,49000-49400,4-2,0,100.87,129.39,139.36,161.98,0.0035,0,1,EXACT_OR_NEAR_OPTIMAL
4961,Zachariah Branch,WR,Bijan Robinson / Chris Olave / Drake London / Michael Penix Jr. / Saints,49400,49000-49400,4-2,1,94.68,122.76,133.36,150.28,0.0035,0,2,EXACT_OR_NEAR_OPTIMAL
13,Alvin Kamara,RB,Austin Hooper / Drake London / Juwan Johnson / Michael Penix Jr. / Nick Folk,45100,<48000,4-2,1,83.51,111.71,119.3,136.66,0.003,0,1,EXACT_OR_NEAR_OPTIMAL
135,Alvin Kamara,RB,Chris Olave / Daniel Carlson / Juwan Johnson / Nick Folk / Saints,43100,<48000,1-5,0,85.35,108.03,114.88,128.11,0.003,0,1,EXACT_OR_NEAR_OPTIMAL
188,Alvin Kamara,RB,Daniel Carlson / Drake London / Nick Folk / Saints / Tyler Shough,44500,<48000,2-4,0,85.98,109.7,117.53,133.62,0.003,0,0,EXACT_OR_NEAR_OPTIMAL
205,Alvin Kamara,RB,Drake London / Juwan Johnson / Kyle Pitts Sr. / Michael Penix Jr. / Saints,46900,<48000,3-3,1,83.67,110.48,119.03,135.37,0.003,0,1,EXACT_OR_NEAR_OPTIMAL
210,Alvin Kamara,RB,Jahan Dotson / Juwan Johnson / Kyle Pitts Sr. / Michael Penix Jr. / Tyler Shough,45300,<48000,3-3,1,83.66,111.54,121.62,140.83,0.003,0,1,EXACT_OR_NEAR_OPTIMAL
211,Alvin Kamara,RB,Juwan Johnson / Kyle Pitts Sr. / Michael Penix Jr. / Saints / Tyler Shough,46500,<48000,2-4,1,86.12,113.5,122.3,138.69,0.003,0,1,EXACT_OR_NEAR_OPTIMAL
230,Austin Hooper,TE,Alvin Kamara / Bijan Robinson / Drake London / Michael Penix Jr. / Saints,46200,<48000,4-2,1,87.02,114.68,123.71,137.76,0.003,0,1,FORCED_CAPTAIN
235,Austin Hooper,TE,Alvin Kamara / Chris Olave / Daniel Carlson / Drake London / Michael Penix Jr.,45800,<48000,3-3,1,88.73,117.34,127.07,144.65,0.003,0,1,FORCED_CAPTAIN
262,Austin Hooper,TE,Bijan Robinson / Bryce Lance / Drake London / Michael Penix Jr. / Tyler Shough,46400,<48000,4-2,1,91.97,123.68,132.8,147.06,0.003,0,2,FORCED_CAPTAIN
278,Austin Hooper,TE,Bijan Robinson / Chris Olave / Drake London / Falcons / Nick Folk,45800,<48000,5-1,0,90.63,115.79,124.25,142.02,0.003,0,1,FORCED_CAPTAIN
299,Austin Hooper,TE,Bijan Robinson / Daniel Carlson / Devaughn Vele / Michael Penix Jr. / Tyler Shough,47200,<48000,3-3,1,88.89,115.42,124.41,142.13,0.003,0,1,FORCED_CAPTAIN
320,Austin Hooper,TE,Chris Olave / Devaughn Vele / Michael Penix Jr. / Nick Folk / Tyler Shough,46800,<48000,3-3,1,87.81,117.71,126.71,146.97,0.003,0,1,FORCED_CAPTAIN
406,Barion Brown,WR,Bijan Robinson / Chris Olave / Drake London / Falcons / Tyler Shough,47600,<48000,3-3,1,100.05,128.1,138.36,161.35,0.003,0,2,EXACT_OR_NEAR_OPTIMAL
804,Brian Robinson Jr.,RB,Alvin Kamara / Bijan Robinson / Juwan Johnson / Saints / Tyler Shough,45700,<48000,2-4,1,91.82,116.53,125.24,142.07,0.003,0,1,FORCED_CAPTAIN
809,Brian Robinson Jr.,RB,Alvin Kamara / Chris Olave / Devaughn Vele / Drake London / Juwan Johnson,48700,48000-48900,2-4,0,93.5,120.47,130.67,145.24,0.003,0,0,FORCED_CAPTAIN
812,Brian Robinson Jr.,RB,Alvin Kamara / Chris Olave / Devaughn Vele / Nick Folk / Tyler Shough,46300,<48000,2-4,1,87.66,116.94,126.77,142.58,0.003,0,1,FORCED_CAPTAIN
818,Brian Robinson Jr.,RB,Alvin Kamara / Chris Olave / Juwan Johnson / Saints / Tyler Shough,44700,<48000,1-5,1,91.48,121.25,129.03,147.94,0.003,0,2,FORCED_CAPTAIN
819,Brian Robinson Jr.,RB,Alvin Kamara / Chris Olave / Michael Penix Jr. / Saints / Tyler Shough,46300,<48000,2-4,1,90.64,117.9,127.47,142.59,0.003,0,1,FORCED_CAPTAIN
827,Brian Robinson Jr.,RB,Austin Hooper / Bijan Robinson / Drake London / Juwan Johnson / Michael Penix Jr.,46700,<48000,5-1,1,88.13,117.19,126.76,140.58,0.003,0,3,FORCED_CAPTAIN
880,Brian Robinson Jr.,RB,Bryce Lance / Chris Olave / Drake London / Juwan Johnson / Tyler Shough,45300,<48000,2-4,1,93.97,127.0,136.48,152.11,0.003,0,2,FORCED_CAPTAIN
882,Brian Robinson Jr.,RB,Chris Olave / Daniel Carlson / Devaughn Vele / Juwan Johnson / Tyler Shough,46100,<48000,1-5,1,90.89,121.45,132.04,147.34,0.003,0,2,FORCED_CAPTAIN
953,Bryce Lance,WR,Bijan Robinson / Brian Robinson Jr. / Chris Olave / Michael Penix Jr. / Tyler Shough,47700,<48000,3-3,1,98.16,128.6,138.83,160.54,0.003,0,2,FORCED_CAPTAIN
954,Bryce Lance,WR,Bijan Robinson / Brian Robinson Jr. / Drake London / Juwan Johnson / Tyler Shough,45300,<48000,3-3,1,93.34,121.57,131.01,147.73,0.003,0,2,FORCED_CAPTAIN
963,Bryce Lance,WR,Bijan Robinson / Chris Olave / Daniel Carlson / Juwan Johnson / Michael Penix Jr.,46500,<48000,2-4,0,95.83,122.44,131.71,148.99,0.003,0,1,FORCED_CAPTAIN
995,Bryce Lance,WR,Bijan Robinson / Daniel Carlson / Devaughn Vele / Drake London / Tyler Shough,46700,<48000,2-4,1,92.15,118.79,128.91,145.28,0.003,0,1,FORCED_CAPTAIN
998,Bryce Lance,WR,Bijan Robinson / Daniel Carlson / Juwan Johnson / Michael Penix Jr. / Tyler Shough,45300,<48000,2-4,1,92.62,120.95,129.76,145.03,0.003,0,2,FORCED_CAPTAIN
1034,CJ Donaldson,RB,Alvin Kamara / Bijan Robinson / Chris Olave / Nick Folk / Tyler Shough,46700,<48000,2-4,1,96.45,123.65,133.88,151.43,0.003,0,1,EXACT_OR_NEAR_OPTIMAL
1041,CJ Donaldson,RB,Alvin Kamara / Bijan Robinson / Devaughn Vele / Drake London / Tyler Shough,48300,48000-48900,2-4,1,93.93,122.42,130.97,148.48,0.003,0,1,EXACT_OR_NEAR_OPTIMAL
1051,CJ Donaldson,RB,Alvin Kamara / Chris Olave / Devaughn Vele / Drake London / Tyler Shough,47300,<48000,1-5,1,93.59,124.44,135.07,156.45,0.003,0,2,FORCED_CAPTAIN
1091,CJ Donaldson,RB,Bijan Robinson / Chris Olave / Drake London / Falcons / Tyler Shough,47900,<48000,3-3,1,100.53,128.88,138.78,159.24,0.003,0,2,EXACT_OR_NEAR_OPTIMAL
1108,CJ Donaldson,RB,Bijan Robinson / Chris Olave / Kyle Pitts Sr. / Michael Penix Jr. / Tyler Shough,49100,49000-49400,3-3,1,95.37,125.58,136.57,158.27,0.003,0,2,EXACT_OR_NEAR_OPTIMAL
1159,Charlie Woerner,TE,Alvin Kamara / Bijan Robinson / Devaughn Vele / Drake London / Tyler Shough,47100,<48000,3-3,1,93.73,122.04,131.69,148.48,0.003,0,1,FORCED_CAPTAIN
1162,Charlie Woerner,TE,Alvin Kamara / Bijan Robinson / Drake London / Juwan Johnson / Michael Penix Jr.,46100,<48000,4-2,1,91.75,121.05,130.13,145.58,0.003,0,2,FORCED_CAPTAIN
1226,Charlie Woerner,TE,Bijan Robinson / Chris Olave / Juwan Johnson / Nick Folk / Tyler Shough,45900,<48000,3-3,1,98.75,128.7,139.06,158.69,0.003,0,2,FORCED_CAPTAIN
1253,Charlie Woerner,TE,Chris Olave / Devaughn Vele / Drake London / Juwan Johnson / Tyler Shough,46500,<48000,2-4,1,95.89,129.2,139.62,156.92,0.003,0,2,FORCED_CAPTAIN
1267,Chris Blair,WR,Alvin Kamara / Bijan Robinson / Chris Olave / Drake London / Juwan Johnson,48500,48000-48900,3-3,0,101.74,129.03,138.12,157.46,0.003,0,1,EXACT_OR_NEAR_OPTIMAL
2010,Devaughn Vele,WR,Alvin Kamara / Daniel Carlson / Drake London / Juwan Johnson / Saints,45100,<48000,1-5,0,81.51,105.38,114.39,127.43,0.003,0,1,EXACT_OR_NEAR_OPTIMAL
2011,Devaughn Vele,WR,Alvin Kamara / Daniel Carlson / Drake London / Kyle Pitts Sr. / Michael Penix Jr.,48300,48000-48900,3-3,1,79.26,106.26,115.38,134.37,0.003,0,1,EXACT_OR_NEAR_OPTIMAL
2081,Devaughn Vele,WR,Brian Robinson Jr. / Drake London / Juwan Johnson / Kyle Pitts Sr. / Michael Penix Jr.,47700,<48000,4-2,1,77.81,106.73,114.64,135.6,0.003,0,1,EXACT_OR_NEAR_OPTIMAL
2099,Devaughn Vele,WR,Chris Olave / Falcons / Nick Folk / Saints / Tyler Shough,45300,<48000,2-4,1,84.69,113.34,121.85,137.83,0.003,1,1,EXACT_OR_NEAR_OPTIMAL
2108,Devaughn Vele,WR,Drake London / Jahan Dotson / Kyle Pitts Sr. / Michael Penix Jr. / Tyler Shough,49100,49000-49400,4-2,1,83.54,115.65,125.24,146.31,0.003,1,1,EXACT_OR_NEAR_OPTIMAL
2128,Drake London,WR,Alvin Kamara / Austin Hooper / Daniel Carlson / Michael Penix Jr. / Nick Folk,44000,<48000,4-2,1,79.12,107.45,117.36,137.46,0.003,0,1,EXACT_OR_NEAR_OPTIMAL
2174,Drake London,WR,Alvin Kamara / Brian Robinson Jr. / Daniel Carlson / Michael Penix Jr. / Nick Folk,45000,<48000,4-2,1,80.13,107.31,118.78,134.98,0.003,0,1,EXACT_OR_NEAR_OPTIMAL
2485,Drake London,WR,Daniel Carlson / Falcons / Juwan Johnson / Michael Penix Jr. / Saints,44000,<48000,3-3,0,82.26,108.99,117.66,138.54,0.003,0,0,EXACT_OR_NEAR_OPTIMAL
2490,Drake London,WR,Daniel Carlson / Juwan Johnson / Kendre Miller / Kyle Pitts Sr. / Michael Penix Jr.,47000,<48000,3-3,1,78.99,108.91,118.47,136.62,0.003,0,1,EXACT_OR_NEAR_OPTIMAL
2497,Drake London,WR,Devaughn Vele / Falcons / Juwan Johnson / Kendre Miller / Michael Penix Jr.,47800,<48000,3-3,0,81.88,110.94,121.23,142.25,0.003,0,0,EXACT_OR_NEAR_OPTIMAL
2709,Jahan Dotson,WR,Bijan Robinson / Bryce Lance / Drake London / Michael Penix Jr. / Tyler Shough,46700,<48000,4-2,1,92.63,123.61,131.99,150.4,0.003,0,2,FORCED_CAPTAIN
2812,Juwan Johnson,TE,Alvin Kamara / Brian Robinson Jr. / Daniel Carlson / Devaughn Vele / Tyler Shough,44100,<48000,1-5,1,84.65,113.77,123.58,143.41,0.003,0,2,EXACT_OR_NEAR_OPTIMAL
2854,Juwan Johnson,TE,Alvin Kamara / Daniel Carlson / Drake London / Falcons / Saints,40700,<48000,2-4,0,78.68,101.56,110.61,123.53,0.003,0,0,EXACT_OR_NEAR_OPTIMAL
2856,Juwan Johnson,TE,Alvin Kamara / Daniel Carlson / Drake London / Kyle Pitts Sr. / Michael Penix Jr.,47700,<48000,3-3,1,86.98,115.43,126.12,142.14,0.003,0,1,EXACT_OR_NEAR_OPTIMAL
2862,Juwan Johnson,TE,Alvin Kamara / Daniel Carlson / Falcons / Nick Folk / Tyler Shough,41500,<48000,2-4,1,82.46,107.9,117.59,136.15,0.003,0,1,EXACT_OR_NEAR_OPTIMAL
2866,Juwan Johnson,TE,Alvin Kamara / Daniel Carlson / Kyle Pitts Sr. / Saints / Tyler Shough,42500,<48000,1-5,1,80.65,107.43,117.79,133.72,0.003,0,2,EXACT_OR_NEAR_OPTIMAL
2874,Juwan Johnson,TE,Alvin Kamara / Devaughn Vele / Drake London / Michael Penix Jr. / Olamide Zaccheaus,46900,<48000,3-3,1,86.69,116.21,126.57,145.69,0.003,0,1,EXACT_OR_NEAR_OPTIMAL
2975,Juwan Johnson,TE,Brian Robinson Jr. / Chris Olave / Falcons / Saints / Tyler Shough,43100,<48000,2-4,1,89.18,119.39,128.1,147.52,0.003,0,1,EXACT_OR_NEAR_OPTIMAL
3046,Kendre Miller,RB,Alvin Kamara / Bijan Robinson / Daniel Carlson / Devaughn Vele / Drake London,48900,48000-48900,2-4,0,84.93,107.7,116.01,130.93,0.003,0,0,FORCED_CAPTAIN
3065,Kendre Miller,RB,Alvin Kamara / Chris Olave / Daniel Carlson / Michael Penix Jr. / Tyler Shough,48700,48000-48900,1-5,1,91.35,119.33,127.63,142.01,0.003,0,2,FORCED_CAPTAIN
3066,Kendre Miller,RB,Alvin Kamara / Chris Olave / Devaughn Vele / Nick Folk / Tyler Shough,48100,48000-48900,1-5,1,86.31,114.93,124.29,141.79,0.003,0,2,FORCED_CAPTAIN
3120,Kendre Miller,RB,Bijan Robinson / Devaughn Vele / Juwan Johnson / Saints / Tyler Shough,48300,48000-48900,1-5,1,87.83,113.82,121.52,139.89,0.003,0,2,FORCED_CAPTAIN
3134,Kendre Miller,RB,Chris Olave / Daniel Carlson / Juwan Johnson / Michael Penix Jr. / Tyler Shough,49100,49000-49400,1-5,1,93.85,124.44,132.92,147.89,0.003,0,3,FORCED_CAPTAIN
3171,Kevin Austin Jr.,WR,Alvin Kamara / Bijan Robinson / Chris Olave / Nick Folk / Tyler Shough,45800,<48000,2-4,1,96.8,125.32,134.63,152.21,0.003,0,1,FORCED_CAPTAIN
3187,Kevin Austin Jr.,WR,Alvin Kamara / Chris Olave / Devaughn Vele / Drake London / Tyler Shough,46400,<48000,1-5,1,93.94,125.05,135.28,157.84,0.003,0,2,FORCED_CAPTAIN
3225,Kevin Austin Jr.,WR,Bijan Robinson / Chris Olave / Drake London / Kendre Miller / Tyler Shough,48400,48000-48900,2-4,1,99.02,128.65,140.28,159.18,0.003,0,2,FORCED_CAPTAIN
3240,Kevin Austin Jr.,WR,Bijan Robinson / Chris Olave / Michael Penix Jr. / Nick Folk / Tyler Shough,47800,<48000,3-3,1,98.46,127.65,138.35,159.7,0.003,0,2,FORCED_CAPTAIN
3281,Kyle Pitts Sr.,TE,Alvin Kamara / Bijan Robinson / Chris Olave / Michael Penix Jr. / Oscar Delp,47700,<48000,3-3,1,89.83,116.93,125.98,145.23,0.003,0,1,FORCED_CAPTAIN
3293,Kyle Pitts Sr.,TE,Alvin Kamara / Bijan Robinson / Drake London / Michael Penix Jr. / Oscar Delp,46900,<48000,4-2,1,84.17,112.41,121.52,140.17,0.003,0,1,FORCED_CAPTAIN
3297,Kyle Pitts Sr.,TE,Alvin Kamara / Brian Robinson Jr. / Chris Olave / Drake London / Michael Penix Jr.,49300,49000-49400,4-2,1,87.01,116.59,125.4,144.29,0.003,0,1,FORCED_CAPTAIN
3314,Kyle Pitts Sr.,TE,Alvin Kamara / Devaughn Vele / Juwan Johnson / Michael Penix Jr. / Tyler Shough,49500,49500-49900,2-4,1,86.33,115.61,126.21,145.19,0.003,0,1,FORCED_CAPTAIN
3317,Kyle Pitts Sr.,TE,Austin Hooper / Bijan Robinson / Chris Olave / Daniel Carlson / Tyler Shough,48500,48000-48900,3-3,0,94.08,121.75,131.57,150.98,0.003,0,0,FORCED_CAPTAIN
3323,Kyle Pitts Sr.,TE,Bijan Robinson / Brian Robinson Jr. / Chris Olave / Daniel Carlson / Michael Penix Jr.,48900,48000-48900,4-2,1,87.96,114.43,123.68,142.21,0.003,0,1,FORCED_CAPTAIN
3327,Kyle Pitts Sr.,TE,Bijan Robinson / Bryce Lance / Chris Olave / Devaughn Vele / Michael Penix Jr.,49900,49500-49900,3-3,1,88.42,116.81,126.3,148.73,0.003,0,1,FORCED_CAPTAIN
3364,Kyle Pitts Sr.,TE,Brian Robinson Jr. / Drake London / Juwan Johnson / Michael Penix Jr. / Tyler Shough,48500,48000-48900,4-2,1,86.3,117.03,126.73,144.49,0.003,0,2,FORCED_CAPTAIN
3377,Kyle Pitts Sr.,TE,Chris Olave / Devaughn Vele / Juwan Johnson / Saints / Tyler Shough,48500,48000-48900,1-5,1,89.55,119.88,131.07,149.36,0.003,0,2,FORCED_CAPTAIN
3391,Kyle Pitts Sr.,TE,Drake London / Juwan Johnson / Kendre Miller / Michael Penix Jr. / Tyler Shough,49700,49500-49900,3-3,1,85.4,116.0,126.18,143.33,0.003,0,2,FORCED_CAPTAIN
3399,Michael Penix Jr.,QB,Alvin Kamara / Austin Hooper / Drake London / Jahan Dotson / Tyler Shough,45900,<48000,4-2,1,86.85,118.11,128.25,145.51,0.003,0,1,EXACT_OR_NEAR_OPTIMAL
3427,Michael Penix Jr.,QB,Alvin Kamara / Chris Olave / Daniel Carlson / Devaughn Vele / Kyle Pitts Sr.,49700,49500-49900,2-4,0,87.08,114.05,122.58,138.71,0.003,0,0,EXACT_OR_NEAR_OPTIMAL
3649,Nick Folk,K,Bijan Robinson / Devaughn Vele / Falcons / Juwan Johnson / Michael Penix Jr.,47700,<48000,4-2,0,85.95,110.5,118.93,135.66,0.003,0,0,FORCED_CAPTAIN
3817,Olamide Zaccheaus,WR,Alvin Kamara / Bijan Robinson / Devaughn Vele / Juwan Johnson / Tyler Shough,46600,<48000,2-4,1,92.95,121.99,129.79,147.36,0.003,0,1,FORCED_CAPTAIN
3833,Olamide Zaccheaus,WR,Austin Hooper / Bijan Robinson / Chris Olave / Michael Penix Jr. / Tyler Shough,47000,<48000,4-2,1,96.74,127.31,138.24,157.71,0.003,0,2,FORCED_CAPTAIN
3839,Olamide Zaccheaus,WR,Bijan Robinson / Brian Robinson Jr. / Chris Olave / Juwan Johnson / Tyler Shough,46400,<48000,3-3,1,98.59,129.37,140.25,157.94,0.003,0,2,FORCED_CAPTAIN
3841,Olamide Zaccheaus,WR,Bijan Robinson / Brian Robinson Jr. / Drake London / Michael Penix Jr. / Tyler Shough,47200,<48000,5-1,1,92.09,122.37,130.66,147.46,0.003,0,3,FORCED_CAPTAIN
3857,Olamide Zaccheaus,WR,Bijan Robinson / Chris Olave / Devaughn Vele / Saints / Tyler Shough,47200,<48000,2-4,1,95.34,123.71,133.66,151.11,0.003,0,1,FORCED_CAPTAIN
3858,Olamide Zaccheaus,WR,Bijan Robinson / Chris Olave / Drake London / Falcons / Juwan Johnson,46600,<48000,4-2,0,97.09,123.61,131.51,149.31,0.003,0,1,FORCED_CAPTAIN
3870,Olamide Zaccheaus,WR,Bijan Robinson / Chris Olave / Falcons / Juwan Johnson / Tyler Shough,46200,<48000,3-3,1,99.55,129.28,138.04,159.24,0.003,0,2,FORCED_CAPTAIN
3989,Oscar Delp,TE,Bijan Robinson / Chris Olave / Drake London / Falcons / Michael Penix Jr.,45800,<48000,4-2,1,94.83,124.89,134.1,152.89,0.003,0,2,FORCED_CAPTAIN
3996,Oscar Delp,TE,Bijan Robinson / Chris Olave / Falcons / Juwan Johnson / Tyler Shough,43800,<48000,2-4,1,98.12,127.11,136.07,158.81,0.003,0,2,FORCED_CAPTAIN
3999,Oscar Delp,TE,Bijan Robinson / Chris Olave / Jahan Dotson / Juwan Johnson / Tyler Shough,43200,<48000,2-4,1,96.6,127.49,136.68,157.26,0.003,0,2,FORCED_CAPTAIN
4020,Oscar Delp,TE,Bijan Robinson / Devaughn Vele / Juwan Johnson / Michael Penix Jr. / Tyler Shough,46200,<48000,2-4,1,93.19,123.18,132.56,151.18,0.003,0,2,FORCED_CAPTAIN
4072,Saints,DST,Alvin Kamara / Chris Olave / Devaughn Vele / Falcons / Tyler Shough,45100,<48000,1-5,1,88.24,113.98,122.97,138.04,0.003,0,2,EXACT_OR_NEAR_OPTIMAL
4108,Saints,DST,Bijan Robinson / Chris Olave / Daniel Carlson / Drake London / Jahan Dotson,46700,<48000,3-3,0,94.2,117.8,125.47,142.5,0.003,0,0,FORCED_CAPTAIN
4121,Saints,DST,Bijan Robinson / Chris Olave / Falcons / Michael Penix Jr. / Nick Folk,46900,<48000,4-2,0,90.31,113.2,120.46,134.67,0.003,0,0,FORCED_CAPTAIN
4136,Saints,DST,Bijan Robinson / Devaughn Vele / Juwan Johnson / Kyle Pitts Sr. / Tyler Shough,48700,48000-48900,2-4,1,90.61,116.57,125.35,144.42,0.003,0,1,FORCED_CAPTAIN
4394,Treyton Welch,TE,Chris Olave / Devaughn Vele / Drake London / Juwan Johnson / Tyler Shough,45900,<48000,1-5,1,95.79,129.11,140.2,158.59,0.003,0,3,FORCED_CAPTAIN
4581,Tyler Shough,QB,Alvin Kamara / Brian Robinson Jr. / Devaughn Vele / Juwan Johnson / Saints,44600,<48000,1-5,1,85.73,116.05,125.53,147.64,0.003,0,2,EXACT_OR_NEAR_OPTIMAL
4861,Tyler Shough,QB,Daniel Carlson / Drake London / Falcons / Michael Penix Jr. / Nick Folk,47200,<48000,4-2,0,91.11,117.05,125.29,144.58,0.003,0,0,EXACT_OR_NEAR_OPTIMAL
4865,Tyler Shough,QB,Daniel Carlson / Juwan Johnson / Kyle Pitts Sr. / Michael Penix Jr. / Saints,45600,<48000,2-4,0,85.46,114.13,122.57,136.39,0.003,0,0,EXACT_OR_NEAR_OPTIMAL
4914,Zachariah Branch,WR,Alvin Kamara / Chris Olave / Devaughn Vele / Drake London / Tyler Shough,48800,48000-48900,2-4,1,93.93,125.34,135.32,157.67,0.003,0,1,EXACT_OR_NEAR_OPTIMAL
4929,Zachariah Branch,WR,Austin Hooper / Bijan Robinson / Chris Olave / Drake London / Tyler Shough,48600,48000-48900,4-2,0,98.9,128.99,139.44,160.64,0.003,0,1,EXACT_OR_NEAR_OPTIMAL
4936,Zachariah Branch,WR,Bijan Robinson / Brian Robinson Jr. / Chris Olave / Michael Penix Jr. / Tyler Shough,48600,48000-48900,4-2,1,95.24,124.46,135.6,156.78,0.003,0,2,EXACT_OR_NEAR_OPTIMAL
197,Alvin Kamara,RB,Drake London / Falcons / Juwan Johnson / Michael Penix Jr. / Nick Folk,45900,<48000,4-2,0,85.48,111.18,118.95,137.52,0.0025,0,0,EXACT_OR_NEAR_OPTIMAL
198,Alvin Kamara,RB,Drake London / Falcons / Juwan Johnson / Michael Penix Jr. / Saints,44700,<48000,3-3,0,84.15,109.24,117.21,130.85,0.0025,0,0,EXACT_OR_NEAR_OPTIMAL
212,Austin Hooper,TE,Alvin Kamara / Bijan Robinson / Brian Robinson Jr. / Chris Olave / Drake London,47600,<48000,4-2,0,95.46,122.5,131.7,149.02,0.0025,0,0,FORCED_CAPTAIN
224,Austin Hooper,TE,Alvin Kamara / Bijan Robinson / Daniel Carlson / Juwan Johnson / Tyler Shough,44800,<48000,2-4,1,92.37,118.86,126.18,140.97,0.0025,0,1,FORCED_CAPTAIN
238,Austin Hooper,TE,Alvin Kamara / Chris Olave / Daniel Carlson / Michael Penix Jr. / Tyler Shough,45400,<48000,2-4,1,91.19,119.78,128.65,145.36,0.0025,0,1,FORCED_CAPTAIN
330,Austin Hooper,TE,Chris Olave / Juwan Johnson / Michael Penix Jr. / Nick Folk / Tyler Shough,46400,<48000,3-3,1,92.96,123.8,132.22,152.48,0.0025,0,2,FORCED_CAPTAIN
357,Barion Brown,WR,Alvin Kamara / Bijan Robinson / Devaughn Vele / Drake London / Tyler Shough,48000,48000-48900,2-4,1,93.46,121.72,130.15,147.72,0.0025,0,1,FORCED_CAPTAIN
368,Barion Brown,WR,Alvin Kamara / Chris Olave / Devaughn Vele / Drake London / Tyler Shough,47000,<48000,1-5,1,93.11,124.39,134.12,156.46,0.0025,0,2,FORCED_CAPTAIN
383,Barion Brown,WR,Bijan Robinson / Brian Robinson Jr. / Chris Olave / Drake London / Tyler Shough,47800,<48000,3-3,1,99.09,128.54,138.94,159.64,0.0025,0,2,FORCED_CAPTAIN
409,Barion Brown,WR,Bijan Robinson / Chris Olave / Drake London / Juwan Johnson / Nick Folk,47200,<48000,3-3,0,96.02,122.95,131.78,150.04,0.0025,0,1,FORCED_CAPTAIN
412,Barion Brown,WR,Bijan Robinson / Chris Olave / Drake London / Kendre Miller / Tyler Shough,49000,49000-49400,2-4,1,98.19,127.91,138.39,157.95,0.0025,0,2,FORCED_CAPTAIN
414,Barion Brown,WR,Bijan Robinson / Chris Olave / Drake London / Michael Penix Jr. / Nick Folk,48800,48000-48900,4-2,1,95.19,125.12,134.19,154.66,0.0025,0,2,FORCED_CAPTAIN
423,Barion Brown,WR,Bijan Robinson / Chris Olave / Juwan Johnson / Nick Folk / Tyler Shough,46800,<48000,2-4,1,98.48,128.6,138.86,159.58,0.0025,0,2,FORCED_CAPTAIN
444,Barion Brown,WR,Chris Olave / Devaughn Vele / Drake London / Juwan Johnson / Tyler Shough,47400,<48000,1-5,1,95.62,129.03,139.25,157.45,0.0025,0,3,EXACT_OR_NEAR_OPTIMAL
583,Bijan Robinson,RB,Austin Hooper / Chris Olave / Devaughn Vele / Kendre Miller / Kyle Pitts Sr.,49900,49500-49900,3-3,0,88.23,115.04,125.96,145.78,0.0025,1,1,EXACT_OR_NEAR_OPTIMAL
784,Brian Robinson Jr.,RB,Alvin Kamara / Bijan Robinson / Chris Olave / Devaughn Vele / Nick Folk,48500,48000-48900,3-3,0,91.21,116.05,124.34,140.58,0.0025,0,0,FORCED_CAPTAIN
802,Brian Robinson Jr.,RB,Alvin Kamara / Bijan Robinson / Devaughn Vele / Nick Folk / Tyler Shough,47300,<48000,3-3,1,88.0,113.1,121.1,136.34,0.0025,0,1,FORCED_CAPTAIN
805,Brian Robinson Jr.,RB,Alvin Kamara / Bryce Lance / Chris Olave / Drake London / Tyler Shough,44900,<48000,2-4,1,91.47,121.86,130.4,149.85,0.0025,0,1,FORCED_CAPTAIN
859,Brian Robinson Jr.,RB,Bijan Robinson / Daniel Carlson / Devaughn Vele / Drake London / Juwan Johnson,47500,<48000,3-3,0,88.79,114.05,122.74,137.93,0.0025,0,0,FORCED_CAPTAIN
868,Brian Robinson Jr.,RB,Bijan Robinson / Devaughn Vele / Drake London / Kendre Miller / Tyler Shough,49900,49500-49900,3-3,1,90.22,117.31,126.06,139.99,0.0025,0,1,FORCED_CAPTAIN
891,Brian Robinson Jr.,RB,Chris Olave / Devaughn Vele / Kyle Pitts Sr. / Michael Penix Jr. / Tyler Shough,48700,48000-48900,3-3,1,86.58,117.62,126.18,146.6,0.0025,0,1,FORCED_CAPTAIN
906,Bryce Lance,WR,Alvin Kamara / Bijan Robinson / Chris Olave / Devaughn Vele / Michael Penix Jr.,49100,49000-49400,2-4,0,95.74,123.14,132.45,151.09,0.0025,0,0,FORCED_CAPTAIN
919,Bryce Lance,WR,Alvin Kamara / Bijan Robinson / Daniel Carlson / Drake London / Michael Penix Jr.,45300,<48000,3-3,1,87.66,114.39,123.95,140.16,0.0025,0,1,FORCED_CAPTAIN
968,Bryce Lance,WR,Bijan Robinson / Chris Olave / Devaughn Vele / Jahan Dotson / Tyler Shough,45700,<48000,2-4,1,93.29,123.53,134.45,155.96,0.0025,0,1,FORCED_CAPTAIN
1060,CJ Donaldson,RB,Austin Hooper / Bijan Robinson / Chris Olave / Drake London / Tyler Shough,47100,<48000,3-3,1,98.56,128.08,139.64,160.21,0.0025,0,2,FORCED_CAPTAIN
1067,CJ Donaldson,RB,Bijan Robinson / Brian Robinson Jr. / Chris Olave / Drake London / Tyler Shough,48100,48000-48900,3-3,1,99.57,129.18,139.65,159.42,0.0025,0,2,EXACT_OR_NEAR_OPTIMAL
1078,CJ Donaldson,RB,Bijan Robinson / Chris Olave / Daniel Carlson / Michael Penix Jr. / Tyler Shough,48100,48000-48900,2-4,1,98.85,127.63,138.21,158.51,0.0025,0,2,FORCED_CAPTAIN
1095,CJ Donaldson,RB,Bijan Robinson / Chris Olave / Drake London / Kendre Miller / Tyler Shough,49300,49000-49400,2-4,1,98.67,128.51,139.76,157.9,0.0025,0,2,FORCED_CAPTAIN
1204,Charlie Woerner,TE,Bijan Robinson / Chris Olave / Daniel Carlson / Michael Penix Jr. / Tyler Shough,46900,<48000,3-3,1,98.65,127.22,137.98,158.75,0.0025,0,2,FORCED_CAPTAIN
1212,Charlie Woerner,TE,Bijan Robinson / Chris Olave / Drake London / Falcons / Michael Penix Jr.,46100,<48000,5-1,1,93.2,122.74,132.46,150.72,0.0025,0,3,FORCED_CAPTAIN
1282,Chris Blair,WR,Alvin Kamara / Bijan Robinson / Devaughn Vele / Drake London / Tyler Shough,47700,<48000,3-3,1,93.39,121.72,130.05,147.73,0.0025,0,1,EXACT_OR_NEAR_OPTIMAL
1725,Chris Olave,WR,Brian Robinson Jr. / Drake London / Kendre Miller / Michael Penix Jr. / Saints,48200,48000-48900,3-3,1,88.78,118.08,129.21,148.04,0.0025,1,1,EXACT_OR_NEAR_OPTIMAL
1998,Devaughn Vele,WR,Alvin Kamara / Bryce Lance / Drake London / Nick Folk / Tyler Shough,45500,<48000,2-4,1,83.23,112.4,121.13,142.53,0.0025,0,1,EXACT_OR_NEAR_OPTIMAL
2017,Devaughn Vele,WR,Alvin Kamara / Drake London / Falcons / Saints / Tyler Shough,46100,<48000,2-4,1,84.81,110.93,119.76,132.72,0.0025,0,1,EXACT_OR_NEAR_OPTIMAL
2400,Drake London,WR,Brian Robinson Jr. / Juwan Johnson / Kyle Pitts Sr. / Michael Penix Jr. / Nick Folk,46400,<48000,5-1,1,79.16,108.9,118.21,138.24,0.0025,0,2,EXACT_OR_NEAR_OPTIMAL
2545,Falcons,DST,Alvin Kamara / Bijan Robinson / Drake London / Kendre Miller / Tyler Shough,48800,48000-48900,3-3,1,94.3,118.59,125.23,137.88,0.0025,0,1,FORCED_CAPTAIN
2572,Falcons,DST,Alvin Kamara / Drake London / Juwan Johnson / Nick Folk / Tyler Shough,44800,<48000,3-3,1,88.58,114.0,122.04,139.13,0.0025,0,1,EXACT_OR_NEAR_OPTIMAL
2748,Jahan Dotson,WR,Bijan Robinson / Devaughn Vele / Juwan Johnson / Nick Folk / Tyler Shough,46500,<48000,3-3,1,89.66,117.07,126.41,145.97,0.0025,0,1,FORCED_CAPTAIN
2749,Jahan Dotson,WR,Bijan Robinson / Drake London / Falcons / Juwan Johnson / Michael Penix Jr.,46300,<48000,5-1,1,89.25,117.61,125.87,145.46,0.0025,0,3,FORCED_CAPTAIN
2894,Juwan Johnson,TE,Alvin Kamara / Kendre Miller / Michael Penix Jr. / Saints / Tyler Shough,45900,<48000,1-5,1,86.0,115.12,124.18,139.42,0.0025,0,2,EXACT_OR_NEAR_OPTIMAL
3042,Kendre Miller,RB,Alvin Kamara / Bijan Robinson / Chris Olave / Drake London / Oscar Delp,47500,<48000,2-4,0,92.44,118.4,127.4,145.6,0.0025,0,0,FORCED_CAPTAIN
3047,Kendre Miller,RB,Alvin Kamara / Bijan Robinson / Daniel Carlson / Drake London / Juwan Johnson,48500,48000-48900,2-4,0,90.08,115.0,122.73,136.63,0.0025,0,0,FORCED_CAPTAIN
3052,Kendre Miller,RB,Alvin Kamara / Bijan Robinson / Drake London / Falcons / Tyler Shough,49500,49500-49900,3-3,1,93.37,118.41,125.73,137.18,0.0025,0,1,FORCED_CAPTAIN
3053,Kendre Miller,RB,Alvin Kamara / Bijan Robinson / Drake London / Juwan Johnson / Nick Folk,49100,49000-49400,3-3,0,89.34,114.49,123.11,135.75,0.0025,0,0,FORCED_CAPTAIN
3054,Kendre Miller,RB,Alvin Kamara / Bijan Robinson / Drake London / Juwan Johnson / Saints,47900,<48000,2-4,0,88.02,111.79,119.69,132.91,0.0025,1,0,EXACT_OR_NEAR_OPTIMAL
3075,Kendre Miller,RB,Alvin Kamara / Drake London / Juwan Johnson / Saints / Tyler Shough,45700,<48000,1-5,1,84.46,111.56,120.7,133.95,0.0025,0,2,FORCED_CAPTAIN
3078,Kendre Miller,RB,Austin Hooper / Chris Olave / Drake London / Juwan Johnson / Tyler Shough,48100,48000-48900,2-4,1,93.56,125.74,136.66,151.22,0.0025,0,2,FORCED_CAPTAIN
3081,Kendre Miller,RB,Bijan Robinson / Brian Robinson Jr. / Chris Olave / Drake London / Nick Folk,49300,49000-49400,4-2,0,89.83,115.05,123.24,140.37,0.0025,0,0,FORCED_CAPTAIN
3099,Kendre Miller,RB,Bijan Robinson / Chris Olave / Drake London / Juwan Johnson / Oscar Delp,47900,<48000,2-4,0,94.94,121.74,130.74,147.52,0.0025,0,1,FORCED_CAPTAIN
3104,Kendre Miller,RB,Bijan Robinson / Chris Olave / Jahan Dotson / Juwan Johnson / Michael Penix Jr.,49500,49500-49900,3-3,1,92.89,120.35,128.83,147.96,0.0025,0,2,FORCED_CAPTAIN
3107,Kendre Miller,RB,Bijan Robinson / Chris Olave / Juwan Johnson / Treyton Welch / Tyler Shough,47300,<48000,1-5,1,96.24,126.8,136.36,155.52,0.0025,0,3,FORCED_CAPTAIN
3108,Kendre Miller,RB,Bijan Robinson / Chris Olave / Kyle Pitts Sr. / Saints / Tyler Shough,49700,49500-49900,2-4,1,91.44,117.51,127.46,143.59,0.0025,0,1,FORCED_CAPTAIN
3114,Kendre Miller,RB,Bijan Robinson / Daniel Carlson / Drake London / Nick Folk / Tyler Shough,49100,49000-49400,3-3,0,90.58,114.91,121.87,136.47,0.0025,0,0,FORCED_CAPTAIN
3118,Kendre Miller,RB,Bijan Robinson / Devaughn Vele / Drake London / Juwan Johnson / Nick Folk,49900,49500-49900,3-3,0,86.7,112.35,120.34,137.83,0.0025,0,0,FORCED_CAPTAIN
3123,Kendre Miller,RB,Bijan Robinson / Drake London / Jahan Dotson / Juwan Johnson / Michael Penix Jr.,48700,48000-48900,4-2,1,87.23,115.24,125.45,140.75,0.0025,0,2,FORCED_CAPTAIN
3124,Kendre Miller,RB,Bijan Robinson / Drake London / Jahan Dotson / Juwan Johnson / Tyler Shough,49300,49000-49400,3-3,1,94.36,122.3,131.6,147.95,0.0025,0,2,FORCED_CAPTAIN
3131,Kendre Miller,RB,Bryce Lance / Chris Olave / Drake London / Juwan Johnson / Tyler Shough,47100,<48000,1-5,1,92.62,124.29,135.33,151.38,0.0025,0,3,FORCED_CAPTAIN
3138,Kendre Miller,RB,Chris Olave / Drake London / Falcons / Juwan Johnson / Tyler Shough,48900,48000-48900,2-4,1,95.53,125.37,134.6,151.79,0.0025,0,2,FORCED_CAPTAIN
3144,Kendre Miller,RB,Chris Olave / Drake London / Michael Penix Jr. / Tyler Shough / Zachariah Branch,49300,49000-49400,3-3,1,89.83,121.11,133.51,150.29,0.0025,0,2,FORCED_CAPTAIN
3150,Kendre Miller,RB,Daniel Carlson / Devaughn Vele / Drake London / Michael Penix Jr. / Tyler Shough,48700,48000-48900,2-4,1,83.04,111.04,119.12,138.71,0.0025,0,1,FORCED_CAPTAIN
3189,Kevin Austin Jr.,WR,Alvin Kamara / Chris Olave / Drake London / Juwan Johnson / Tyler Shough,46000,<48000,1-5,1,99.08,131.78,141.33,158.74,0.0025,0,3,FORCED_CAPTAIN
3206,Kevin Austin Jr.,WR,Bijan Robinson / Chris Olave / Daniel Carlson / Devaughn Vele / Tyler Shough,46000,<48000,1-5,1,94.89,122.72,133.2,153.85,0.0025,0,2,FORCED_CAPTAIN
3221,Kevin Austin Jr.,WR,Bijan Robinson / Chris Olave / Drake London / Falcons / Tyler Shough,47000,<48000,3-3,1,100.88,129.15,139.02,162.13,0.0025,0,2,FORCED_CAPTAIN
3251,Kevin Austin Jr.,WR,Bijan Robinson / Devaughn Vele / Juwan Johnson / Michael Penix Jr. / Tyler Shough,46800,<48000,2-4,1,92.11,121.59,131.17,149.21,0.0025,0,2,FORCED_CAPTAIN
3275,Kyle Pitts Sr.,TE,Alvin Kamara / Bijan Robinson / Brian Robinson Jr. / Chris Olave / Devaughn Vele,49900,49500-49900,3-3,0,88.71,113.86,122.21,141.5,0.0025,0,0,FORCED_CAPTAIN
3285,Kyle Pitts Sr.,TE,Alvin Kamara / Bijan Robinson / Daniel Carlson / Devaughn Vele / Michael Penix Jr.,49100,49000-49400,3-3,1,82.32,107.31,115.25,130.63,0.0025,0,1,FORCED_CAPTAIN
3292,Kyle Pitts Sr.,TE,Alvin Kamara / Bijan Robinson / Drake London / Michael Penix Jr. / Olamide Zaccheaus,48500,48000-48900,5-1,1,85.12,114.83,123.69,141.34,0.0025,0,2,FORCED_CAPTAIN
3313,Kyle Pitts Sr.,TE,Alvin Kamara / Devaughn Vele / Drake London / Juwan Johnson / Michael Penix Jr.,49900,49500-49900,3-3,1,83.88,112.93,120.34,143.04,0.0025,0,1,FORCED_CAPTAIN
3316,Kyle Pitts Sr.,TE,Alvin Kamara / Drake London / Michael Penix Jr. / Nick Folk / Tyler Shough,49700,49500-49900,4-2,1,87.02,115.29,125.1,143.55,0.0025,0,1,FORCED_CAPTAIN
3360,Kyle Pitts Sr.,TE,Brian Robinson Jr. / Chris Olave / Devaughn Vele / Michael Penix Jr. / Tyler Shough,49700,49500-49900,3-3,1,86.82,118.23,128.1,150.51,0.0025,0,1,FORCED_CAPTAIN
3361,Kyle Pitts Sr.,TE,Brian Robinson Jr. / Chris Olave / Drake London / Juwan Johnson / Michael Penix Jr.,49700,49500-49900,4-2,1,89.51,120.36,128.98,146.86,0.0025,0,2,FORCED_CAPTAIN
3363,Kyle Pitts Sr.,TE,Brian Robinson Jr. / Devaughn Vele / Drake London / Michael Penix Jr. / Tyler Shough,48900,48000-48900,4-2,1,81.16,110.43,120.58,140.89,0.0025,0,1,FORCED_CAPTAIN
3365,Kyle Pitts Sr.,TE,Bryce Lance / Chris Olave / Drake London / Juwan Johnson / Tyler Shough,48300,48000-48900,2-4,1,94.69,127.08,136.74,156.48,0.0025,0,2,FORCED_CAPTAIN
3428,Michael Penix Jr.,QB,Alvin Kamara / Chris Olave / Daniel Carlson / Devaughn Vele / Saints,48100,48000-48900,1-5,0,88.49,112.4,119.65,133.48,0.0025,0,1,EXACT_OR_NEAR_OPTIMAL
3442,Michael Penix Jr.,QB,Alvin Kamara / Drake London / Jahan Dotson / Juwan Johnson / Kyle Pitts Sr.,46700,<48000,4-2,1,82.04,111.82,121.93,139.38,0.0025,0,1,EXACT_OR_NEAR_OPTIMAL
3519,Michael Penix Jr.,QB,Brian Robinson Jr. / Devaughn Vele / Juwan Johnson / Kyle Pitts Sr. / Tyler Shough,47900,<48000,3-3,1,82.42,111.99,120.9,139.87,0.0025,1,1,EXACT_OR_NEAR_OPTIMAL
3584,Nick Folk,K,Alvin Kamara / Brian Robinson Jr. / Chris Olave / Daniel Carlson / Drake London,44500,<48000,3-3,0,84.4,108.75,115.88,132.77,0.0025,0,0,EXACT_OR_NEAR_OPTIMAL
3591,Nick Folk,K,Alvin Kamara / Chris Olave / Daniel Carlson / Falcons / Tyler Shough,43900,<48000,2-4,1,87.81,112.46,120.39,133.62,0.0025,0,1,FORCED_CAPTAIN
3602,Nick Folk,K,Alvin Kamara / Daniel Carlson / Devaughn Vele / Juwan Johnson / Tyler Shough,44700,<48000,1-5,1,83.72,110.65,119.14,136.92,0.0025,0,2,EXACT_OR_NEAR_OPTIMAL
3628,Nick Folk,K,Bijan Robinson / Chris Olave / Daniel Carlson / Kendre Miller / Michael Penix Jr.,49500,49500-49900,3-3,0,91.17,116.73,123.6,140.06,0.0025,0,0,FORCED_CAPTAIN
3648,Nick Folk,K,Bijan Robinson / Devaughn Vele / Drake London / Michael Penix Jr. / Olamide Zaccheaus,48700,48000-48900,5-1,1,86.6,114.3,124.34,140.71,0.0025,0,2,FORCED_CAPTAIN
3825,Olamide Zaccheaus,WR,Alvin Kamara / Chris Olave / Daniel Carlson / Drake London / Tyler Shough,45200,<48000,2-4,1,94.03,123.48,131.08,150.68,0.0025,0,1,FORCED_CAPTAIN
3863,Olamide Zaccheaus,WR,Bijan Robinson / Chris Olave / Drake London / Juwan Johnson / Kendre Miller,48000,48000-48900,3-3,0,95.23,121.7,131.12,147.84,0.0025,0,1,FORCED_CAPTAIN
3864,Olamide Zaccheaus,WR,Bijan Robinson / Chris Olave / Drake London / Juwan Johnson / Kyle Pitts Sr.,48800,48000-48900,4-2,0,96.61,123.77,132.63,148.6,0.0025,0,1,FORCED_CAPTAIN
3946,Oscar Delp,TE,Alvin Kamara / Bijan Robinson / Drake London / Juwan Johnson / Michael Penix Jr.,45800,<48000,3-3,1,93.38,122.7,131.55,148.05,0.0025,0,2,FORCED_CAPTAIN
3967,Oscar Delp,TE,Austin Hooper / Bijan Robinson / Chris Olave / Michael Penix Jr. / Tyler Shough,44600,<48000,3-3,1,95.31,125.8,137.45,157.21,0.0025,0,2,FORCED_CAPTAIN
4009,Oscar Delp,TE,Bijan Robinson / Daniel Carlson / Drake London / Juwan Johnson / Tyler Shough,44200,<48000,2-4,1,95.45,123.51,131.17,148.29,0.0025,0,2,FORCED_CAPTAIN
4053,Saints,DST,Alvin Kamara / Bijan Robinson / Daniel Carlson / Drake London / Kendre Miller,44900,<48000,2-4,0,81.85,102.98,109.15,119.77,0.0025,0,0,FORCED_CAPTAIN
4095,Saints,DST,Bijan Robinson / Brian Robinson Jr. / Chris Olave / Falcons / Juwan Johnson,43700,<48000,3-3,0,87.93,111.05,117.06,132.15,0.0025,0,0,FORCED_CAPTAIN
4154,Saints,DST,Chris Olave / Devaughn Vele / Drake London / Oscar Delp / Tyler Shough,44900,<48000,1-5,1,90.44,120.1,129.86,148.46,0.0025,0,2,FORCED_CAPTAIN
4164,Saints,DST,Devaughn Vele / Drake London / Juwan Johnson / Kyle Pitts Sr. / Tyler Shough,46900,<48000,2-4,1,84.6,113.0,121.97,137.31,0.0025,0,1,FORCED_CAPTAIN
4352,Treyton Welch,TE,Bijan Robinson / Chris Olave / Devaughn Vele / Nick Folk / Tyler Shough,45700,<48000,2-4,1,93.5,123.1,132.35,150.85,0.0025,0,1,FORCED_CAPTAIN
4360,Treyton Welch,TE,Bijan Robinson / Chris Olave / Drake London / Michael Penix Jr. / Nick Folk,47300,<48000,4-2,1,95.35,125.01,134.14,154.66,0.0025,0,2,FORCED_CAPTAIN
4370,Treyton Welch,TE,Bijan Robinson / Chris Olave / Juwan Johnson / Nick Folk / Tyler Shough,45300,<48000,2-4,1,98.65,128.68,138.76,159.62,0.0025,0,2,FORCED_CAPTAIN
4372,Treyton Welch,TE,Bijan Robinson / Chris Olave / Kyle Pitts Sr. / Michael Penix Jr. / Tyler Shough,47300,<48000,3-3,1,95.07,125.47,136.34,157.47,0.0025,0,2,FORCED_CAPTAIN
4670,Tyler Shough,QB,Alvin Kamara / Devaughn Vele / Juwan Johnson / Kendre Miller / Nick Folk,47000,<48000,1-5,1,86.16,116.4,126.69,145.53,0.0025,1,2,EXACT_OR_NEAR_OPTIMAL
4716,Tyler Shough,QB,Austin Hooper / Devaughn Vele / Juwan Johnson / Kyle Pitts Sr. / Michael Penix Jr.,47200,<48000,3-3,1,84.98,117.37,127.11,149.28,0.0025,0,1,EXACT_OR_NEAR_OPTIMAL
4859,Tyler Shough,QB,Daniel Carlson / Devaughn Vele / Juwan Johnson / Nick Folk / Saints,44000,<48000,1-5,1,83.9,112.84,121.48,139.27,0.0025,0,2,EXACT_OR_NEAR_OPTIMAL
4900,Zachariah Branch,WR,Alvin Kamara / Bijan Robinson / Chris Olave / Nick Folk / Tyler Shough,48200,48000-48900,3-3,1,96.79,124.89,134.48,152.5,0.0025,0,1,EXACT_OR_NEAR_OPTIMAL
4903,Zachariah Branch,WR,Alvin Kamara / Bijan Robinson / Devaughn Vele / Drake London / Michael Penix Jr.,49200,49000-49400,4-2,1,87.15,115.67,124.96,142.3,0.0025,0,1,EXACT_OR_NEAR_OPTIMAL
4911,Zachariah Branch,WR,Alvin Kamara / Bijan Robinson / Juwan Johnson / Michael Penix Jr. / Tyler Shough,48400,48000-48900,3-3,1,94.75,124.54,133.23,147.48,0.0025,0,2,EXACT_OR_NEAR_OPTIMAL
4945,Zachariah Branch,WR,Bijan Robinson / Chris Olave / Daniel Carlson / Drake London / Juwan Johnson,48400,48000-48900,3-3,0,97.57,125.02,133.01,152.15,0.0025,0,1,EXACT_OR_NEAR_OPTIMAL
4948,Zachariah Branch,WR,Bijan Robinson / Chris Olave / Daniel Carlson / Juwan Johnson / Tyler Shough,48000,48000-48900,2-4,1,100.03,129.5,139.57,157.36,0.0025,0,2,EXACT_OR_NEAR_OPTIMAL
4950,Zachariah Branch,WR,Bijan Robinson / Chris Olave / Daniel Carlson / Michael Penix Jr. / Tyler Shough,49600,49500-49900,3-3,1,99.19,128.16,138.48,159.84,0.0025,0,2,EXACT_OR_NEAR_OPTIMAL
4956,Zachariah Branch,WR,Bijan Robinson / Chris Olave / Drake London / Falcons / Michael Penix Jr.,48800,48000-48900,5-1,1,93.74,123.76,133.45,150.76,0.0025,0,3,EXACT_OR_NEAR_OPTIMAL
4970,Zachariah Branch,WR,Bijan Robinson / Chris Olave / Juwan Johnson / Saints / Tyler Shough,47400,<48000,2-4,1,97.97,126.34,136.69,153.86,0.0025,0,2,EXACT_OR_NEAR_OPTIMAL
4979,Zachariah Branch,WR,Bijan Robinson / Devaughn Vele / Juwan Johnson / Michael Penix Jr. / Tyler Shough,49200,49000-49400,3-3,1,92.1,122.4,131.51,150.04,0.0025,0,2,FORCED_CAPTAIN
36,Alvin Kamara,RB,Bijan Robinson / Chris Blair / Chris Olave / Michael Penix Jr. / Saints,47300,<48000,3-3,1,94.2,118.87,128.44,146.42,0.002,0,1,FORCED_CAPTAIN
96,Alvin Kamara,RB,Brian Robinson Jr. / Bryce Lance / Drake London / Juwan Johnson / Tyler Shough,43100,<48000,2-4,1,86.47,114.99,125.19,144.85,0.002,0,1,EXACT_OR_NEAR_OPTIMAL
194,Alvin Kamara,RB,Devaughn Vele / Falcons / Juwan Johnson / Nick Folk / Tyler Shough,44300,<48000,2-4,1,83.62,109.4,118.37,137.22,0.002,0,1,EXACT_OR_NEAR_OPTIMAL
237,Austin Hooper,TE,Alvin Kamara / Chris Olave / Daniel Carlson / Juwan Johnson / Tyler Shough,43800,<48000,1-5,1,92.02,122.18,129.82,146.35,0.002,0,2,FORCED_CAPTAIN
247,Austin Hooper,TE,Alvin Kamara / Chris Olave / Michael Penix Jr. / Nick Folk / Tyler Shough,46000,<48000,3-3,1,90.45,119.24,127.57,145.54,0.002,0,1,FORCED_CAPTAIN
249,Austin Hooper,TE,Alvin Kamara / Devaughn Vele / Juwan Johnson / Michael Penix Jr. / Tyler Shough,45000,<48000,2-4,1,84.1,113.01,121.42,141.67,0.002,0,1,FORCED_CAPTAIN
269,Austin Hooper,TE,Bijan Robinson / Chris Olave / Daniel Carlson / Kyle Pitts Sr. / Tyler Shough,47000,<48000,3-3,0,93.34,121.84,130.75,148.27,0.002,0,0,FORCED_CAPTAIN
306,Austin Hooper,TE,Bijan Robinson / Drake London / Falcons / Juwan Johnson / Michael Penix Jr.,46000,<48000,5-1,1,88.59,117.47,126.46,142.88,0.002,0,3,FORCED_CAPTAIN
331,Austin Hooper,TE,Daniel Carlson / Drake London / Juwan Johnson / Michael Penix Jr. / Tyler Shough,45000,<48000,3-3,1,88.03,118.49,127.83,145.39,0.002,0,2,FORCED_CAPTAIN
377,Barion Brown,WR,Austin Hooper / Bijan Robinson / Chris Olave / Drake London / Tyler Shough,46800,<48000,3-3,1,98.09,127.38,139.26,160.26,0.002,0,2,EXACT_OR_NEAR_OPTIMAL
782,Brian Robinson Jr.,RB,Alvin Kamara / Bijan Robinson / Chris Olave / Daniel Carlson / Nick Folk,45500,<48000,3-3,0,88.8,111.98,119.73,134.79,0.002,0,0,FORCED_CAPTAIN
848,Brian Robinson Jr.,RB,Bijan Robinson / Chris Olave / Falcons / Juwan Johnson / Saints,43500,<48000,3-3,0,86.98,110.31,116.38,134.61,0.002,0,0,FORCED_CAPTAIN
863,Brian Robinson Jr.,RB,Bijan Robinson / Daniel Carlson / Drake London / Jahan Dotson / Michael Penix Jr.,44300,<48000,5-1,1,81.02,107.75,117.1,130.16,0.002,0,2,FORCED_CAPTAIN
867,Brian Robinson Jr.,RB,Bijan Robinson / Devaughn Vele / Drake London / Falcons / Michael Penix Jr.,47900,<48000,5-1,1,84.95,112.89,121.42,136.32,0.002,0,2,FORCED_CAPTAIN
897,Brian Robinson Jr.,RB,Daniel Carlson / Devaughn Vele / Drake London / Michael Penix Jr. / Tyler Shough,46900,<48000,3-3,1,84.4,112.0,122.59,139.56,0.002,0,1,FORCED_CAPTAIN
899,Brian Robinson Jr.,RB,Devaughn Vele / Drake London / Kyle Pitts Sr. / Michael Penix Jr. / Tyler Shough,47900,<48000,4-2,1,80.92,109.86,119.43,139.9,0.002,0,1,FORCED_CAPTAIN
904,Bryce Lance,WR,Alvin Kamara / Bijan Robinson / Chris Olave / Daniel Carlson / Michael Penix Jr.,46100,<48000,2-4,0,93.32,118.86,127.16,145.93,0.002,0,0,FORCED_CAPTAIN
994,Bryce Lance,WR,Bijan Robinson / Daniel Carlson / Devaughn Vele / Drake London / Michael Penix Jr.,46100,<48000,3-3,1,85.02,112.57,122.17,138.58,0.002,0,1,FORCED_CAPTAIN
1073,CJ Donaldson,RB,Bijan Robinson / Chris Olave / Daniel Carlson / Drake London / Juwan Johnson,46900,<48000,2-4,0,97.23,124.41,131.4,151.34,0.002,0,1,EXACT_OR_NEAR_OPTIMAL
1077,CJ Donaldson,RB,Bijan Robinson / Chris Olave / Daniel Carlson / Juwan Johnson / Tyler Shough,46500,<48000,1-5,1,99.69,129.48,138.34,158.28,0.002,0,3,EXACT_OR_NEAR_OPTIMAL
1086,CJ Donaldson,RB,Bijan Robinson / Chris Olave / Devaughn Vele / Nick Folk / Tyler Shough,47500,<48000,2-4,1,93.81,123.1,133.24,150.97,0.002,0,1,EXACT_OR_NEAR_OPTIMAL
1087,CJ Donaldson,RB,Bijan Robinson / Chris Olave / Devaughn Vele / Saints / Tyler Shough,46300,<48000,1-5,1,92.48,120.56,130.46,148.38,0.002,0,2,FORCED_CAPTAIN
1092,CJ Donaldson,RB,Bijan Robinson / Chris Olave / Drake London / Juwan Johnson / Nick Folk,47500,<48000,3-3,0,96.5,123.16,132.35,151.52,0.002,0,1,FORCED_CAPTAIN
1114,CJ Donaldson,RB,Bijan Robinson / Devaughn Vele / Drake London / Juwan Johnson / Michael Penix Jr.,48100,48000-48900,3-3,1,89.31,118.82,128.41,143.74,0.002,0,2,EXACT_OR_NEAR_OPTIMAL
1187,Charlie Woerner,TE,Bijan Robinson / Brian Robinson Jr. / Chris Olave / Drake London / Tyler Shough,46900,<48000,4-2,0,99.37,128.97,138.98,159.56,0.002,0,1,FORCED_CAPTAIN
1197,Charlie Woerner,TE,Bijan Robinson / Chris Olave / Daniel Carlson / Devaughn Vele / Tyler Shough,45700,<48000,2-4,1,94.34,122.07,133.2,152.99,0.002,0,1,FORCED_CAPTAIN
1213,Charlie Woerner,TE,Bijan Robinson / Chris Olave / Drake London / Falcons / Tyler Shough,46700,<48000,4-2,0,100.33,128.17,138.97,159.4,0.002,0,1,FORCED_CAPTAIN
1218,Charlie Woerner,TE,Bijan Robinson / Chris Olave / Drake London / Michael Penix Jr. / Saints,46700,<48000,4-2,1,94.13,122.26,131.85,149.93,0.002,0,2,FORCED_CAPTAIN
1228,Charlie Woerner,TE,Bijan Robinson / Chris Olave / Kyle Pitts Sr. / Michael Penix Jr. / Tyler Shough,47900,<48000,4-2,1,95.17,124.95,135.66,157.47,0.002,0,2,FORCED_CAPTAIN
1343,Chris Blair,WR,Bijan Robinson / Chris Olave / Drake London / Michael Penix Jr. / Nick Folk,48500,48000-48900,5-1,1,95.11,125.01,134.16,154.64,0.002,0,3,FORCED_CAPTAIN
1355,Chris Blair,WR,Bijan Robinson / Chris Olave / Kyle Pitts Sr. / Michael Penix Jr. / Tyler Shough,48500,48000-48900,4-2,1,94.82,124.56,136.1,157.51,0.002,0,2,EXACT_OR_NEAR_OPTIMAL
1374,Chris Blair,WR,Chris Olave / Devaughn Vele / Drake London / Juwan Johnson / Tyler Shough,47100,<48000,2-4,1,95.54,129.06,138.8,156.92,0.002,0,2,FORCED_CAPTAIN
1884,Daniel Carlson,K,Alvin Kamara / Drake London / Michael Penix Jr. / Olamide Zaccheaus / Tyler Shough,44800,<48000,3-3,1,86.78,113.95,122.44,140.73,0.002,0,1,EXACT_OR_NEAR_OPTIMAL
2130,Drake London,WR,Alvin Kamara / Austin Hooper / Devaughn Vele / Falcons / Michael Penix Jr.,45200,<48000,4-2,1,79.27,107.59,118.05,139.71,0.002,0,1,EXACT_OR_NEAR_OPTIMAL
2176,Drake London,WR,Alvin Kamara / Brian Robinson Jr. / Daniel Carlson / Nick Folk / Tyler Shough,45600,<48000,3-3,0,87.26,113.81,123.91,140.12,0.002,0,0,EXACT_OR_NEAR_OPTIMAL
2248,Drake London,WR,Alvin Kamara / Devaughn Vele / Kendre Miller / Michael Penix Jr. / Nick Folk,49200,49000-49400,3-3,0,81.64,109.86,121.58,142.05,0.002,0,0,EXACT_OR_NEAR_OPTIMAL
2399,Drake London,WR,Brian Robinson Jr. / Falcons / Juwan Johnson / Michael Penix Jr. / Nick Folk,44200,<48000,5-1,1,79.64,107.28,117.0,138.86,0.002,0,2,EXACT_OR_NEAR_OPTIMAL
2556,Falcons,DST,Alvin Kamara / Chris Olave / Daniel Carlson / Nick Folk / Tyler Shough,43000,<48000,2-4,1,86.68,110.36,117.86,131.28,0.002,0,1,FORCED_CAPTAIN
2570,Falcons,DST,Alvin Kamara / Devaughn Vele / Drake London / Nick Folk / Tyler Shough,45200,<48000,3-3,1,83.43,107.37,114.81,130.64,0.002,0,1,EXACT_OR_NEAR_OPTIMAL
2642,Falcons,DST,Brian Robinson Jr. / Drake London / Juwan Johnson / Michael Penix Jr. / Tyler Shough,45200,<48000,4-2,1,87.03,113.77,122.68,140.16,0.002,0,2,EXACT_OR_NEAR_OPTIMAL
2676,Jahan Dotson,WR,Alvin Kamara / Bijan Robinson / Drake London / Kyle Pitts Sr. / Michael Penix Jr.,48100,48000-48900,5-1,1,86.27,114.89,124.87,139.76,0.002,0,2,FORCED_CAPTAIN
2685,Jahan Dotson,WR,Alvin Kamara / Chris Olave / Drake London / Michael Penix Jr. / Saints,45500,<48000,3-3,1,87.34,114.41,123.79,142.39,0.002,0,1,FORCED_CAPTAIN
2690,Jahan Dotson,WR,Alvin Kamara / Chris Olave / Kyle Pitts Sr. / Michael Penix Jr. / Tyler Shough,46700,<48000,3-3,1,88.38,117.93,128.0,145.96,0.002,0,1,FORCED_CAPTAIN
2705,Jahan Dotson,WR,Bijan Robinson / Brian Robinson Jr. / Daniel Carlson / Drake London / Michael Penix Jr.,43900,<48000,5-1,1,80.74,107.01,116.98,130.03,0.002,0,2,FORCED_CAPTAIN
2722,Jahan Dotson,WR,Bijan Robinson / Chris Olave / Drake London / Falcons / Nick Folk,46100,<48000,5-1,0,91.3,116.79,124.38,143.46,0.002,0,1,FORCED_CAPTAIN
2738,Jahan Dotson,WR,Bijan Robinson / Daniel Carlson / Drake London / Falcons / Michael Penix Jr.,43700,<48000,5-1,1,81.69,108.27,117.55,130.68,0.002,0,2,FORCED_CAPTAIN
2741,Jahan Dotson,WR,Bijan Robinson / Daniel Carlson / Drake London / Michael Penix Jr. / Nick Folk,45500,<48000,5-1,1,83.96,110.91,119.48,136.66,0.002,0,2,FORCED_CAPTAIN
2745,Jahan Dotson,WR,Bijan Robinson / Devaughn Vele / Drake London / Falcons / Michael Penix Jr.,46700,<48000,5-1,1,84.11,112.04,121.25,137.96,0.002,0,2,FORCED_CAPTAIN
2813,Juwan Johnson,TE,Alvin Kamara / Brian Robinson Jr. / Daniel Carlson / Saints / Tyler Shough,40500,<48000,1-5,1,80.17,106.25,116.12,134.37,0.002,0,2,EXACT_OR_NEAR_OPTIMAL
2851,Juwan Johnson,TE,Alvin Kamara / Daniel Carlson / Devaughn Vele / Michael Penix Jr. / Nick Folk,45100,<48000,2-4,0,80.74,104.81,114.29,130.5,0.002,0,0,EXACT_OR_NEAR_OPTIMAL
3041,Kendre Miller,RB,Alvin Kamara / Bijan Robinson / Chris Olave / Devaughn Vele / Saints,49100,49000-49400,1-5,0,88.53,111.1,118.55,133.47,0.002,0,1,FORCED_CAPTAIN
3067,Kendre Miller,RB,Alvin Kamara / Chris Olave / Drake London / Falcons / Michael Penix Jr.,47900,<48000,3-3,0,85.9,112.82,120.84,137.31,0.002,0,0,FORCED_CAPTAIN
3071,Kendre Miller,RB,Alvin Kamara / Chris Olave / Juwan Johnson / Nick Folk / Tyler Shough,47700,<48000,1-5,1,91.45,121.66,130.38,147.76,0.002,0,2,FORCED_CAPTAIN
3072,Kendre Miller,RB,Alvin Kamara / Chris Olave / Kyle Pitts Sr. / Michael Penix Jr. / Tyler Shough,49700,49500-49900,2-4,1,87.87,117.28,125.86,142.81,0.002,0,1,FORCED_CAPTAIN
3088,Kendre Miller,RB,Bijan Robinson / Chris Olave / Daniel Carlson / Juwan Johnson / Saints,46500,<48000,1-5,0,88.62,111.44,118.44,133.62,0.002,0,1,FORCED_CAPTAIN
3097,Kendre Miller,RB,Bijan Robinson / Chris Olave / Drake London / Jahan Dotson / Nick Folk,48500,48000-48900,4-2,0,89.27,115.15,121.68,143.37,0.002,0,0,FORCED_CAPTAIN
3115,Kendre Miller,RB,Bijan Robinson / Daniel Carlson / Drake London / Saints / Tyler Shough,47900,<48000,2-4,0,89.25,111.92,119.08,131.92,0.002,0,0,FORCED_CAPTAIN
3121,Kendre Miller,RB,Bijan Robinson / Drake London / Falcons / Juwan Johnson / Michael Penix Jr.,49300,49000-49400,4-2,1,88.75,115.75,125.06,140.93,0.002,0,2,FORCED_CAPTAIN
3129,Kendre Miller,RB,Brian Robinson Jr. / Chris Olave / Devaughn Vele / Drake London / Tyler Shough,49500,49500-49900,2-4,1,89.43,120.2,130.47,146.02,0.002,0,1,FORCED_CAPTAIN
3135,Kendre Miller,RB,Chris Olave / Devaughn Vele / Drake London / Falcons / Tyler Shough,49300,49000-49400,2-4,1,90.39,119.2,128.27,146.84,0.002,0,1,FORCED_CAPTAIN
3137,Kendre Miller,RB,Chris Olave / Devaughn Vele / Juwan Johnson / Nick Folk / Tyler Shough,48500,48000-48900,1-5,1,88.81,120.19,129.23,147.33,0.002,0,2,FORCED_CAPTAIN
3140,Kendre Miller,RB,Chris Olave / Drake London / Juwan Johnson / Michael Penix Jr. / Saints,48900,48000-48900,2-4,0,89.34,116.69,125.24,143.14,0.002,0,1,FORCED_CAPTAIN
3152,Kendre Miller,RB,Devaughn Vele / Drake London / Kyle Pitts Sr. / Michael Penix Jr. / Tyler Shough,49700,49500-49900,3-3,1,79.57,109.2,118.04,138.06,0.002,0,1,FORCED_CAPTAIN
3153,Kendre Miller,RB,Devaughn Vele / Drake London / Michael Penix Jr. / Nick Folk / Tyler Shough,49300,49000-49400,3-3,1,82.31,110.75,119.96,139.94,0.002,0,1,FORCED_CAPTAIN
3167,Kevin Austin Jr.,WR,Alvin Kamara / Bijan Robinson / Chris Olave / Juwan Johnson / Michael Penix Jr.,47200,<48000,2-4,0,97.96,124.64,132.86,153.35,0.002,0,1,FORCED_CAPTAIN
3178,Kevin Austin Jr.,WR,Alvin Kamara / Bijan Robinson / Drake London / Juwan Johnson / Michael Penix Jr.,46400,<48000,3-3,1,92.3,121.29,130.86,146.88,0.002,0,2,FORCED_CAPTAIN
3184,Kevin Austin Jr.,WR,Alvin Kamara / Bijan Robinson / Juwan Johnson / Michael Penix Jr. / Tyler Shough,46000,<48000,2-4,1,94.75,124.37,132.77,148.89,0.002,0,2,FORCED_CAPTAIN
3207,Kevin Austin Jr.,WR,Bijan Robinson / Chris Olave / Daniel Carlson / Drake London / Juwan Johnson,46000,<48000,2-4,0,97.58,124.56,133.0,148.89,0.002,0,1,FORCED_CAPTAIN
3219,Kevin Austin Jr.,WR,Bijan Robinson / Chris Olave / Drake London / Falcons / Michael Penix Jr.,46400,<48000,4-2,1,93.75,123.02,133.03,151.8,0.002,0,2,FORCED_CAPTAIN
3239,Kevin Austin Jr.,WR,Bijan Robinson / Chris Olave / Kyle Pitts Sr. / Michael Penix Jr. / Tyler Shough,48200,48000-48900,3-3,1,95.72,125.28,137.02,160.16,0.002,0,2,FORCED_CAPTAIN
3289,Kyle Pitts Sr.,TE,Alvin Kamara / Bijan Robinson / Drake London / Falcons / Juwan Johnson,48500,48000-48900,4-2,0,89.15,113.9,121.55,135.77,0.002,0,0,FORCED_CAPTAIN
3294,Kyle Pitts Sr.,TE,Alvin Kamara / Bijan Robinson / Drake London / Olamide Zaccheaus / Tyler Shough,49100,49000-49400,4-2,0,92.25,119.61,127.32,143.73,0.002,0,0,FORCED_CAPTAIN
3315,Kyle Pitts Sr.,TE,Alvin Kamara / Drake London / Juwan Johnson / Saints / Tyler Shough,46900,<48000,2-4,1,86.53,113.54,123.18,140.46,0.002,0,1,FORCED_CAPTAIN
3319,Kyle Pitts Sr.,TE,Austin Hooper / Chris Olave / Drake London / Juwan Johnson / Michael Penix Jr.,48700,48000-48900,4-2,1,88.5,119.92,129.47,148.47,0.002,0,2,FORCED_CAPTAIN
3335,Kyle Pitts Sr.,TE,Bijan Robinson / Chris Olave / Daniel Carlson / Devaughn Vele / Nick Folk,49300,49000-49400,3-3,0,86.87,111.85,120.55,137.78,0.002,0,0,FORCED_CAPTAIN
3351,Kyle Pitts Sr.,TE,Bijan Robinson / Daniel Carlson / Drake London / Kendre Miller / Michael Penix Jr.,49300,49000-49400,4-2,1,81.4,109.16,118.64,134.82,0.002,0,1,FORCED_CAPTAIN
3386,Kyle Pitts Sr.,TE,Daniel Carlson / Devaughn Vele / Drake London / Juwan Johnson / Tyler Shough,48300,48000-48900,2-4,1,85.95,114.5,123.92,141.68,0.002,0,1,FORCED_CAPTAIN
3396,Michael Penix Jr.,QB,Alvin Kamara / Austin Hooper / Brian Robinson Jr. / Drake London / Juwan Johnson,44500,<48000,4-2,1,81.12,110.19,119.98,136.57,0.002,0,1,EXACT_OR_NEAR_OPTIMAL
3444,Michael Penix Jr.,QB,Alvin Kamara / Drake London / Juwan Johnson / Nick Folk / Olamide Zaccheaus,45300,<48000,4-2,1,83.12,112.08,121.29,140.55,0.002,0,1,EXACT_OR_NEAR_OPTIMAL
3517,Michael Penix Jr.,QB,Brian Robinson Jr. / Devaughn Vele / Drake London / Juwan Johnson / Kyle Pitts Sr.,48300,48000-48900,4-2,1,79.97,110.29,118.67,135.66,0.002,0,1,EXACT_OR_NEAR_OPTIMAL
3702,Nick Muse,TE,Alvin Kamara / Bijan Robinson / Devaughn Vele / Drake London / Tyler Shough,46500,<48000,3-3,1,93.19,121.51,130.05,147.72,0.002,0,1,FORCED_CAPTAIN
3789,Nick Muse,TE,Chris Olave / Devaughn Vele / Drake London / Juwan Johnson / Tyler Shough,45900,<48000,2-4,1,95.34,128.58,138.8,156.92,0.002,0,2,FORCED_CAPTAIN
3801,Olamide Zaccheaus,WR,Alvin Kamara / Bijan Robinson / Chris Olave / Daniel Carlson / Michael Penix Jr.,46400,<48000,3-3,1,92.91,118.55,126.4,143.38,0.002,0,1,FORCED_CAPTAIN
3820,Olamide Zaccheaus,WR,Alvin Kamara / Bijan Robinson / Drake London / Michael Penix Jr. / Nick Folk,46200,<48000,5-1,1,86.51,113.95,122.7,137.59,0.002,0,2,FORCED_CAPTAIN
3843,Olamide Zaccheaus,WR,Bijan Robinson / Bryce Lance / Drake London / Michael Penix Jr. / Tyler Shough,45200,<48000,4-2,1,90.13,120.59,128.81,144.78,0.002,0,2,FORCED_CAPTAIN
3882,Olamide Zaccheaus,WR,Bijan Robinson / Daniel Carlson / Drake London / Juwan Johnson / Tyler Shough,46600,<48000,3-3,0,96.88,125.24,132.26,149.42,0.002,0,1,FORCED_CAPTAIN
3890,Olamide Zaccheaus,WR,Bijan Robinson / Drake London / Jahan Dotson / Michael Penix Jr. / Tyler Shough,46400,<48000,5-1,1,91.52,122.15,130.61,149.04,0.002,0,3,FORCED_CAPTAIN
3896,Olamide Zaccheaus,WR,Bijan Robinson / Drake London / Michael Penix Jr. / Saints / Tyler Shough,47600,<48000,4-2,1,93.98,122.5,130.18,147.82,0.002,0,2,FORCED_CAPTAIN
3906,Olamide Zaccheaus,WR,Chris Olave / Devaughn Vele / Drake London / Nick Folk / Tyler Shough,46600,<48000,3-3,1,90.65,122.31,131.05,149.52,0.002,0,1,FORCED_CAPTAIN
3917,Olamide Zaccheaus,WR,Devaughn Vele / Drake London / Juwan Johnson / Michael Penix Jr. / Tyler Shough,46800,<48000,3-3,1,88.61,121.24,130.68,150.42,0.002,0,2,FORCED_CAPTAIN
3942,Oscar Delp,TE,Alvin Kamara / Bijan Robinson / Daniel Carlson / Drake London / Tyler Shough,43800,<48000,2-4,1,92.95,118.8,126.36,139.73,0.002,0,1,FORCED_CAPTAIN
3997,Oscar Delp,TE,Bijan Robinson / Chris Olave / Falcons / Michael Penix Jr. / Tyler Shough,45400,<48000,3-3,1,97.28,125.12,136.73,155.88,0.002,0,2,FORCED_CAPTAIN
4003,Oscar Delp,TE,Bijan Robinson / Chris Olave / Juwan Johnson / Saints / Tyler Shough,44400,<48000,1-5,1,99.05,128.22,137.88,158.3,0.002,0,3,FORCED_CAPTAIN
4005,Oscar Delp,TE,Bijan Robinson / Chris Olave / Michael Penix Jr. / Saints / Tyler Shough,46000,<48000,2-4,1,98.22,126.54,137.03,156.36,0.002,0,2,FORCED_CAPTAIN
4025,Oscar Delp,TE,Bijan Robinson / Drake London / Michael Penix Jr. / Nick Folk / Tyler Shough,46400,<48000,4-2,1,93.88,124.52,131.51,146.97,0.002,0,2,FORCED_CAPTAIN
4091,Saints,DST,Austin Hooper / Chris Olave / Daniel Carlson / Juwan Johnson / Tyler Shough,41700,<48000,1-5,1,86.36,114.04,121.97,137.66,0.002,0,2,FORCED_CAPTAIN
4158,Saints,DST,Chris Olave / Drake London / Juwan Johnson / Kendre Miller / Michael Penix Jr.,48500,48000-48900,2-4,0,90.74,117.6,125.94,142.85,0.002,0,1,FORCED_CAPTAIN
4322,Treyton Welch,TE,Alvin Kamara / Chris Olave / Drake London / Juwan Johnson / Tyler Shough,45100,<48000,1-5,1,98.43,130.5,140.85,158.15,0.002,0,3,FORCED_CAPTAIN
4337,Treyton Welch,TE,Bijan Robinson / Chris Olave / Daniel Carlson / Devaughn Vele / Tyler Shough,45100,<48000,1-5,1,94.23,122.33,132.77,151.26,0.002,0,2,FORCED_CAPTAIN
4344,Treyton Welch,TE,Bijan Robinson / Chris Olave / Daniel Carlson / Michael Penix Jr. / Tyler Shough,46300,<48000,2-4,1,98.54,127.45,137.74,158.75,0.002,0,2,FORCED_CAPTAIN
4537,Tyler Shough,QB,Alvin Kamara / Austin Hooper / Devaughn Vele / Juwan Johnson / Saints,43600,<48000,1-5,1,84.73,115.22,124.55,143.42,0.002,0,2,EXACT_OR_NEAR_OPTIMAL
4648,Tyler Shough,QB,Alvin Kamara / Daniel Carlson / Drake London / Falcons / Saints,44000,<48000,2-4,0,88.12,111.09,118.51,133.55,0.002,0,0,EXACT_OR_NEAR_OPTIMAL
4780,Tyler Shough,QB,Bijan Robinson / Falcons / Jahan Dotson / Michael Penix Jr. / Saints,46000,<48000,4-2,1,91.27,115.76,123.24,137.61,0.002,1,1,EXACT_OR_NEAR_OPTIMAL
4898,Zachariah Branch,WR,Alvin Kamara / Bijan Robinson / Chris Olave / Juwan Johnson / Michael Penix Jr.,49600,49500-49900,3-3,1,97.95,125.55,132.93,153.57,0.002,0,2,FORCED_CAPTAIN
4907,Zachariah Branch,WR,Alvin Kamara / Bijan Robinson / Drake London / Juwan Johnson / Michael Penix Jr.,48800,48000-48900,4-2,1,92.29,121.93,131.07,146.1,0.002,0,2,EXACT_OR_NEAR_OPTIMAL
4963,Zachariah Branch,WR,Bijan Robinson / Chris Olave / Falcons / Juwan Johnson / Tyler Shough,46800,<48000,3-3,1,97.03,125.65,135.2,154.82,0.002,0,2,EXACT_OR_NEAR_OPTIMAL
73,Alvin Kamara,RB,Bijan Robinson / Devaughn Vele / Drake London / Kyle Pitts Sr. / Olamide Zaccheaus,47900,<48000,4-2,0,85.08,111.06,119.32,133.61,0.0015,0,0,FORCED_CAPTAIN
178,Alvin Kamara,RB,Daniel Carlson / Devaughn Vele / Juwan Johnson / Michael Penix Jr. / Nick Folk,44900,<48000,2-4,0,79.49,102.0,108.47,127.69,0.0015,0,0,EXACT_OR_NEAR_OPTIMAL
196,Alvin Kamara,RB,Devaughn Vele / Kyle Pitts Sr. / Michael Penix Jr. / Saints / Tyler Shough,46900,<48000,2-4,1,80.98,107.65,115.41,130.63,0.0015,0,1,EXACT_OR_NEAR_OPTIMAL
202,Alvin Kamara,RB,Drake London / Falcons / Nick Folk / Saints / Tyler Shough,43300,<48000,3-3,0,82.99,106.04,112.41,126.6,0.0015,0,0,EXACT_OR_NEAR_OPTIMAL
245,Austin Hooper,TE,Alvin Kamara / Chris Olave / Falcons / Michael Penix Jr. / Tyler Shough,44200,<48000,3-3,1,88.19,115.34,123.0,140.1,0.0015,0,1,FORCED_CAPTAIN
251,Austin Hooper,TE,Bijan Robinson / Brian Robinson Jr. / Chris Olave / Devaughn Vele / Michael Penix Jr.,47400,<48000,4-2,1,88.14,115.57,125.09,142.7,0.0015,0,1,FORCED_CAPTAIN
288,Austin Hooper,TE,Bijan Robinson / Chris Olave / Falcons / Michael Penix Jr. / Nick Folk,44800,<48000,5-1,1,85.96,111.1,121.04,138.78,0.0015,0,2,FORCED_CAPTAIN
396,Barion Brown,WR,Bijan Robinson / Chris Olave / Daniel Carlson / Juwan Johnson / Tyler Shough,46200,<48000,1-5,1,99.21,128.87,138.12,157.14,0.0015,0,3,FORCED_CAPTAIN
425,Barion Brown,WR,Bijan Robinson / Chris Olave / Kyle Pitts Sr. / Michael Penix Jr. / Tyler Shough,48800,48000-48900,3-3,1,94.9,124.55,136.1,157.55,0.0015,0,2,FORCED_CAPTAIN
426,Barion Brown,WR,Bijan Robinson / Chris Olave / Michael Penix Jr. / Nick Folk / Tyler Shough,48400,48000-48900,3-3,1,97.64,126.4,137.59,156.89,0.0015,0,2,FORCED_CAPTAIN
757,Bijan Robinson,RB,Devaughn Vele / Juwan Johnson / Kendre Miller / Nick Folk / Saints,47500,<48000,2-4,0,84.38,108.54,116.88,133.7,0.0015,1,1,EXACT_OR_NEAR_OPTIMAL
779,Bijan Robinson,RB,Falcons / Kendre Miller / Nick Folk / Saints / Tyler Shough,45500,<48000,3-3,0,85.26,107.22,114.01,125.32,0.0015,1,1,EXACT_OR_NEAR_OPTIMAL
872,Brian Robinson Jr.,RB,Bijan Robinson / Drake London / Falcons / Juwan Johnson / Nick Folk,43900,<48000,5-1,0,82.65,106.44,114.75,129.17,0.0015,0,1,FORCED_CAPTAIN
885,Brian Robinson Jr.,RB,Chris Olave / Daniel Carlson / Drake London / Michael Penix Jr. / Nick Folk,45700,<48000,4-2,1,84.46,111.38,119.95,137.1,0.0015,0,1,FORCED_CAPTAIN
901,Bryce Lance,WR,Alvin Kamara / Austin Hooper / Bijan Robinson / Chris Olave / Tyler Shough,44700,<48000,2-4,1,95.49,124.33,134.59,152.23,0.0015,0,1,FORCED_CAPTAIN
910,Bryce Lance,WR,Alvin Kamara / Bijan Robinson / Chris Olave / Jahan Dotson / Tyler Shough,44900,<48000,2-4,1,95.93,124.33,135.35,153.17,0.0015,0,1,FORCED_CAPTAIN
913,Bryce Lance,WR,Alvin Kamara / Bijan Robinson / Chris Olave / Kevin Austin Jr. / Tyler Shough,42700,<48000,1-5,1,92.6,120.93,131.46,149.13,0.0015,0,2,FORCED_CAPTAIN
928,Bryce Lance,WR,Alvin Kamara / Bijan Robinson / Drake London / Michael Penix Jr. / Nick Folk,45900,<48000,4-2,1,86.93,114.29,123.86,140.47,0.0015,0,1,FORCED_CAPTAIN
929,Bryce Lance,WR,Alvin Kamara / Bijan Robinson / Drake London / Michael Penix Jr. / Saints,44700,<48000,3-3,1,85.6,111.69,120.74,133.59,0.0015,0,1,FORCED_CAPTAIN
939,Bryce Lance,WR,Alvin Kamara / Chris Olave / Juwan Johnson / Nick Folk / Tyler Shough,42900,<48000,1-5,1,89.87,121.07,130.05,148.55,0.0015,0,2,FORCED_CAPTAIN
941,Bryce Lance,WR,Alvin Kamara / Devaughn Vele / Drake London / Juwan Johnson / Tyler Shough,44500,<48000,1-5,1,87.36,117.37,127.32,147.7,0.0015,0,2,FORCED_CAPTAIN
943,Bryce Lance,WR,Austin Hooper / Bijan Robinson / Chris Olave / Drake London / Juwan Johnson,45500,<48000,3-3,0,95.54,122.98,131.98,148.32,0.0015,0,1,FORCED_CAPTAIN
955,Bryce Lance,WR,Bijan Robinson / CJ Donaldson / Chris Olave / Juwan Johnson / Tyler Shough,43700,<48000,1-5,1,94.87,125.27,135.83,157.06,0.0015,0,3,FORCED_CAPTAIN
989,Bryce Lance,WR,Bijan Robinson / Chris Olave / Juwan Johnson / Oscar Delp / Tyler Shough,42700,<48000,1-5,1,95.82,126.48,137.38,159.36,0.0015,0,3,FORCED_CAPTAIN
1024,CJ Donaldson,RB,Alvin Kamara / Bijan Robinson / Chris Olave / Devaughn Vele / Drake London,49500,49500-49900,2-4,0,97.14,123.81,132.9,150.98,0.0015,0,0,EXACT_OR_NEAR_OPTIMAL
1044,CJ Donaldson,RB,Alvin Kamara / Bijan Robinson / Drake London / Juwan Johnson / Michael Penix Jr.,47300,<48000,3-3,1,91.95,120.77,130.03,145.77,0.0015,0,2,FORCED_CAPTAIN
1062,CJ Donaldson,RB,Austin Hooper / Bijan Robinson / Chris Olave / Michael Penix Jr. / Tyler Shough,46100,<48000,3-3,1,93.89,123.65,135.41,153.43,0.0015,0,2,EXACT_OR_NEAR_OPTIMAL
1089,CJ Donaldson,RB,Bijan Robinson / Chris Olave / Drake London / Falcons / Michael Penix Jr.,47300,<48000,4-2,1,93.4,122.84,132.26,150.28,0.0015,0,2,FORCED_CAPTAIN
1104,CJ Donaldson,RB,Bijan Robinson / Chris Olave / Falcons / Michael Penix Jr. / Tyler Shough,46900,<48000,3-3,1,95.85,123.21,134.07,152.64,0.0015,0,2,FORCED_CAPTAIN
1107,CJ Donaldson,RB,Bijan Robinson / Chris Olave / Juwan Johnson / Saints / Tyler Shough,45900,<48000,1-5,1,97.63,126.29,136.18,154.15,0.0015,0,3,EXACT_OR_NEAR_OPTIMAL
1109,CJ Donaldson,RB,Bijan Robinson / Chris Olave / Michael Penix Jr. / Nick Folk / Tyler Shough,48700,48000-48900,3-3,1,98.12,126.56,138.78,156.9,0.0015,0,2,FORCED_CAPTAIN
1110,CJ Donaldson,RB,Bijan Robinson / Chris Olave / Michael Penix Jr. / Saints / Tyler Shough,47500,<48000,2-4,1,96.79,124.59,133.24,155.14,0.0015,0,2,FORCED_CAPTAIN
1116,CJ Donaldson,RB,Bijan Robinson / Devaughn Vele / Juwan Johnson / Michael Penix Jr. / Tyler Shough,47700,<48000,2-4,1,91.76,121.5,130.36,150.73,0.0015,0,2,EXACT_OR_NEAR_OPTIMAL
1123,CJ Donaldson,RB,Bijan Robinson / Drake London / Kyle Pitts Sr. / Michael Penix Jr. / Tyler Shough,48300,48000-48900,4-2,1,89.71,120.11,129.51,147.21,0.0015,0,2,EXACT_OR_NEAR_OPTIMAL
1173,Charlie Woerner,TE,Alvin Kamara / Chris Olave / Devaughn Vele / Drake London / Tyler Shough,46100,<48000,2-4,1,93.39,124.39,134.64,155.76,0.0015,0,1,FORCED_CAPTAIN
1184,Charlie Woerner,TE,Austin Hooper / Bijan Robinson / Chris Olave / Drake London / Tyler Shough,45900,<48000,4-2,0,98.36,128.16,139.08,160.21,0.0015,0,1,FORCED_CAPTAIN
1198,Charlie Woerner,TE,Bijan Robinson / Chris Olave / Daniel Carlson / Drake London / Juwan Johnson,45700,<48000,3-3,0,97.03,123.83,131.4,150.51,0.0015,0,1,FORCED_CAPTAIN
1210,Charlie Woerner,TE,Bijan Robinson / Chris Olave / Devaughn Vele / Nick Folk / Tyler Shough,46300,<48000,3-3,1,93.61,123.1,131.73,150.63,0.0015,0,1,FORCED_CAPTAIN
1215,Charlie Woerner,TE,Bijan Robinson / Chris Olave / Drake London / Juwan Johnson / Nick Folk,46300,<48000,4-2,0,96.3,123.08,131.78,150.88,0.0015,0,1,FORCED_CAPTAIN
1232,Charlie Woerner,TE,Bijan Robinson / Daniel Carlson / Devaughn Vele / Drake London / Michael Penix Jr.,44300,<48000,4-2,1,81.55,108.7,118.0,132.81,0.0015,0,1,FORCED_CAPTAIN
1237,Charlie Woerner,TE,Bijan Robinson / Devaughn Vele / Drake London / Juwan Johnson / Michael Penix Jr.,46900,<48000,4-2,1,89.11,119.28,128.03,142.83,0.0015,0,2,FORCED_CAPTAIN
1248,Charlie Woerner,TE,Bijan Robinson / Drake London / Kyle Pitts Sr. / Michael Penix Jr. / Tyler Shough,47100,<48000,5-1,1,89.51,120.1,128.55,146.99,0.0015,0,3,FORCED_CAPTAIN
1285,Chris Blair,WR,Alvin Kamara / Bijan Robinson / Drake London / Juwan Johnson / Michael Penix Jr.,46700,<48000,4-2,1,91.4,120.17,129.61,145.32,0.0015,0,2,FORCED_CAPTAIN
1293,Chris Blair,WR,Alvin Kamara / Chris Olave / Devaughn Vele / Drake London / Tyler Shough,46700,<48000,2-4,1,93.04,123.52,134.23,157.0,0.0015,0,1,FORCED_CAPTAIN
1304,Chris Blair,WR,Austin Hooper / Bijan Robinson / Chris Olave / Drake London / Tyler Shough,46500,<48000,4-2,0,98.01,127.33,138.85,160.26,0.0015,0,1,FORCED_CAPTAIN
1311,Chris Blair,WR,Bijan Robinson / Brian Robinson Jr. / Chris Olave / Drake London / Tyler Shough,47500,<48000,4-2,0,99.02,128.01,138.94,159.42,0.0015,0,1,EXACT_OR_NEAR_OPTIMAL
1334,Chris Blair,WR,Bijan Robinson / Chris Olave / Drake London / Falcons / Michael Penix Jr.,46700,<48000,5-1,1,92.85,122.14,132.06,149.43,0.0015,0,3,EXACT_OR_NEAR_OPTIMAL
1340,Chris Blair,WR,Bijan Robinson / Chris Olave / Drake London / Kendre Miller / Tyler Shough,48700,48000-48900,3-3,1,98.12,127.29,138.32,157.9,0.0015,0,2,EXACT_OR_NEAR_OPTIMAL
1352,Chris Blair,WR,Bijan Robinson / Chris Olave / Juwan Johnson / Nick Folk / Tyler Shough,46500,<48000,3-3,1,98.41,128.36,138.76,158.69,0.0015,0,2,EXACT_OR_NEAR_OPTIMAL
1952,Daniel Carlson,K,Chris Olave / Devaughn Vele / Michael Penix Jr. / Nick Folk / Saints,44400,<48000,2-4,0,79.34,101.08,108.17,119.43,0.0015,0,0,EXACT_OR_NEAR_OPTIMAL
2026,Devaughn Vele,WR,Austin Hooper / Bijan Robinson / Daniel Carlson / Michael Penix Jr. / Nick Folk,45500,<48000,4-2,1,77.99,102.13,110.85,127.03,0.0015,0,1,FORCED_CAPTAIN
2315,Drake London,WR,Austin Hooper / Daniel Carlson / Juwan Johnson / Kyle Pitts Sr. / Michael Penix Jr.,44800,<48000,4-2,1,78.88,109.4,119.03,137.83,0.0015,0,1,EXACT_OR_NEAR_OPTIMAL
2478,Drake London,WR,Daniel Carlson / Devaughn Vele / Juwan Johnson / Michael Penix Jr. / Olamide Zaccheaus,46000,<48000,3-3,1,83.55,113.59,124.41,147.75,0.0015,0,1,EXACT_OR_NEAR_OPTIMAL
2622,Falcons,DST,Bijan Robinson / Chris Olave / Michael Penix Jr. / Nick Folk / Zachariah Branch,44800,<48000,5-1,1,84.04,109.21,116.62,131.97,0.0015,0,2,FORCED_CAPTAIN
2640,Falcons,DST,Bijan Robinson / Jahan Dotson / Michael Penix Jr. / Saints / Tyler Shough,43000,<48000,4-2,1,82.85,103.91,111.4,124.04,0.0015,0,1,FORCED_CAPTAIN
2647,Falcons,DST,Chris Olave / Daniel Carlson / Kyle Pitts Sr. / Michael Penix Jr. / Tyler Shough,45400,<48000,3-3,0,85.61,110.47,120.34,133.63,0.0015,0,0,FORCED_CAPTAIN
2689,Jahan Dotson,WR,Alvin Kamara / Chris Olave / Juwan Johnson / Nick Folk / Tyler Shough,44700,<48000,2-4,1,91.96,122.37,130.41,149.11,0.0015,0,1,FORCED_CAPTAIN
2697,Jahan Dotson,WR,Austin Hooper / Bijan Robinson / Drake London / Juwan Johnson / Tyler Shough,46100,<48000,4-2,0,94.42,122.46,132.42,148.22,0.0015,0,1,FORCED_CAPTAIN
2717,Jahan Dotson,WR,Bijan Robinson / Chris Olave / Daniel Carlson / Michael Penix Jr. / Saints,45100,<48000,3-3,1,88.29,112.97,121.09,137.63,0.0015,0,1,FORCED_CAPTAIN
2759,Jahan Dotson,WR,Bryce Lance / Chris Olave / Drake London / Michael Penix Jr. / Tyler Shough,45700,<48000,3-3,1,92.29,125.24,135.28,154.92,0.0015,0,2,FORCED_CAPTAIN
2884,Juwan Johnson,TE,Alvin Kamara / Drake London / Falcons / Jahan Dotson / Michael Penix Jr.,43700,<48000,4-2,1,82.94,110.63,119.39,135.59,0.0015,0,1,EXACT_OR_NEAR_OPTIMAL
2916,Juwan Johnson,TE,Austin Hooper / Daniel Carlson / Michael Penix Jr. / Saints / Tyler Shough,41500,<48000,2-4,0,80.83,108.1,117.99,132.96,0.0015,0,0,EXACT_OR_NEAR_OPTIMAL
3037,Kendre Miller,RB,Alvin Kamara / Bijan Robinson / Brian Robinson Jr. / Juwan Johnson / Tyler Shough,47100,<48000,2-4,1,88.58,114.84,122.34,139.15,0.0015,0,1,FORCED_CAPTAIN
3040,Kendre Miller,RB,Alvin Kamara / Bijan Robinson / Chris Olave / Daniel Carlson / Nick Folk,47300,<48000,2-4,0,87.45,109.26,116.33,131.35,0.0015,0,0,FORCED_CAPTAIN
3043,Kendre Miller,RB,Alvin Kamara / Bijan Robinson / Chris Olave / Falcons / Juwan Johnson,48100,48000-48900,2-4,0,92.74,115.95,123.53,141.37,0.0015,0,0,FORCED_CAPTAIN
3048,Kendre Miller,RB,Alvin Kamara / Bijan Robinson / Daniel Carlson / Drake London / Saints,45300,<48000,2-4,0,80.46,101.82,108.23,119.5,0.0015,0,0,FORCED_CAPTAIN
3070,Kendre Miller,RB,Alvin Kamara / Chris Olave / Juwan Johnson / Kyle Pitts Sr. / Tyler Shough,48100,48000-48900,1-5,1,88.71,118.12,127.92,143.08,0.0015,0,2,FORCED_CAPTAIN
3073,Kendre Miller,RB,Alvin Kamara / Daniel Carlson / Drake London / Michael Penix Jr. / Tyler Shough,47900,<48000,2-4,1,85.69,112.79,120.87,135.57,0.0015,0,1,FORCED_CAPTAIN
3076,Kendre Miller,RB,Austin Hooper / Bijan Robinson / Chris Olave / Daniel Carlson / Drake London,47700,<48000,3-3,0,89.56,115.31,123.95,140.62,0.0015,0,0,FORCED_CAPTAIN
3090,Kendre Miller,RB,Bijan Robinson / Chris Olave / Daniel Carlson / Michael Penix Jr. / Nick Folk,49300,49000-49400,3-3,0,89.11,114.31,121.97,138.42,0.0015,0,0,FORCED_CAPTAIN
3095,Kendre Miller,RB,Bijan Robinson / Chris Olave / Devaughn Vele / Oscar Delp / Tyler Shough,47900,<48000,1-5,1,92.25,122.16,131.81,149.23,0.0015,0,2,FORCED_CAPTAIN
3096,Kendre Miller,RB,Bijan Robinson / Chris Olave / Drake London / Falcons / Nick Folk,49100,49000-49400,4-2,0,90.79,115.82,123.73,140.83,0.0015,0,0,FORCED_CAPTAIN
3111,Kendre Miller,RB,Bijan Robinson / Daniel Carlson / Drake London / Jahan Dotson / Michael Penix Jr.,46100,<48000,4-2,1,79.67,106.35,115.12,130.0,0.0015,0,1,FORCED_CAPTAIN
3113,Kendre Miller,RB,Bijan Robinson / Daniel Carlson / Drake London / Michael Penix Jr. / Nick Folk,48500,48000-48900,4-2,1,83.45,110.16,118.09,136.43,0.0015,0,1,FORCED_CAPTAIN
3117,Kendre Miller,RB,Bijan Robinson / Devaughn Vele / Drake London / Falcons / Michael Penix Jr.,49700,49500-49900,4-2,1,83.6,110.28,118.91,136.45,0.0015,0,1,FORCED_CAPTAIN
3145,Kendre Miller,RB,Chris Olave / Falcons / Juwan Johnson / Saints / Tyler Shough,43100,<48000,1-5,1,82.08,108.15,116.52,131.16,0.0015,0,2,FORCED_CAPTAIN
3146,Kendre Miller,RB,Chris Olave / Jahan Dotson / Juwan Johnson / Michael Penix Jr. / Tyler Shough,47300,<48000,2-4,1,89.33,119.86,128.99,145.78,0.0015,0,2,FORCED_CAPTAIN
3151,Kendre Miller,RB,Daniel Carlson / Drake London / Juwan Johnson / Michael Penix Jr. / Tyler Shough,48300,48000-48900,2-4,1,88.19,117.26,125.75,141.56,0.0015,0,2,FORCED_CAPTAIN
3164,Kevin Austin Jr.,WR,Alvin Kamara / Bijan Robinson / Chris Olave / Drake London / Nick Folk,46200,<48000,3-3,0,94.34,119.95,128.13,147.98,0.0015,0,0,FORCED_CAPTAIN
3224,Kevin Austin Jr.,WR,Bijan Robinson / Chris Olave / Drake London / Juwan Johnson / Nick Folk,46600,<48000,3-3,0,96.85,124.06,132.57,150.88,0.0015,0,1,FORCED_CAPTAIN
3256,Kevin Austin Jr.,WR,Bijan Robinson / Drake London / Michael Penix Jr. / Nick Folk / Tyler Shough,47000,<48000,4-2,1,92.8,122.38,131.06,146.51,0.0015,0,2,FORCED_CAPTAIN
3261,Kevin Austin Jr.,WR,Chris Olave / Daniel Carlson / Drake London / Michael Penix Jr. / Tyler Shough,45400,<48000,2-4,1,93.19,123.92,133.15,153.32,0.0015,0,2,FORCED_CAPTAIN
3277,Kyle Pitts Sr.,TE,Alvin Kamara / Bijan Robinson / Bryce Lance / Drake London / Tyler Shough,48900,48000-48900,3-3,1,92.53,119.86,128.66,145.06,0.0015,0,1,FORCED_CAPTAIN
3310,Kyle Pitts Sr.,TE,Alvin Kamara / Chris Olave / Michael Penix Jr. / Olamide Zaccheaus / Tyler Shough,47100,<48000,3-3,1,87.23,117.71,127.59,145.18,0.0015,0,1,FORCED_CAPTAIN
3329,Kyle Pitts Sr.,TE,Bijan Robinson / Bryce Lance / Devaughn Vele / Drake London / Tyler Shough,49700,49500-49900,3-3,1,89.89,117.66,127.53,144.55,0.0015,0,1,FORCED_CAPTAIN
3343,Kyle Pitts Sr.,TE,Bijan Robinson / Chris Olave / Drake London / Jahan Dotson / Nick Folk,49700,49500-49900,5-1,0,91.34,117.83,126.16,146.58,0.0015,0,1,FORCED_CAPTAIN
3354,Kyle Pitts Sr.,TE,Bijan Robinson / Devaughn Vele / Juwan Johnson / Saints / Tyler Shough,49500,49500-49900,2-4,1,89.9,116.63,124.47,145.69,0.0015,0,1,FORCED_CAPTAIN
3370,Kyle Pitts Sr.,TE,Chris Olave / Daniel Carlson / Drake London / Nick Folk / Tyler Shough,49300,49000-49400,3-3,0,92.3,120.97,130.11,146.92,0.0015,0,0,FORCED_CAPTAIN
3371,Kyle Pitts Sr.,TE,Chris Olave / Daniel Carlson / Drake London / Saints / Tyler Shough,48100,48000-48900,2-4,0,90.98,119.18,127.65,143.62,0.0015,0,0,FORCED_CAPTAIN
3372,Kyle Pitts Sr.,TE,Chris Olave / Daniel Carlson / Falcons / Michael Penix Jr. / Tyler Shough,46500,<48000,3-3,0,85.36,111.81,120.7,136.11,0.0015,0,0,FORCED_CAPTAIN
3381,Kyle Pitts Sr.,TE,Chris Olave / Drake London / Nick Folk / Saints / Tyler Shough,48700,48000-48900,3-3,0,90.24,118.05,126.9,145.14,0.0015,0,0,FORCED_CAPTAIN
3389,Kyle Pitts Sr.,TE,Devaughn Vele / Drake London / Juwan Johnson / Kendre Miller / Tyler Shough,48500,48000-48900,2-4,1,81.1,109.74,118.83,136.08,0.0015,0,1,FORCED_CAPTAIN
3392,Kyle Pitts Sr.,TE,Drake London / Juwan Johnson / Michael Penix Jr. / Olamide Zaccheaus / Tyler Shough,46700,<48000,4-2,1,84.07,114.63,124.73,144.93,0.0015,0,2,FORCED_CAPTAIN
3422,Michael Penix Jr.,QB,Alvin Kamara / Bryce Lance / Devaughn Vele / Drake London / Juwan Johnson,47500,<48000,2-4,0,86.54,116.65,125.43,145.63,0.0015,0,0,EXACT_OR_NEAR_OPTIMAL
3436,Michael Penix Jr.,QB,Alvin Kamara / Daniel Carlson / Devaughn Vele / Saints / Tyler Shough,46900,<48000,1-5,1,85.29,109.62,116.86,131.11,0.0015,0,2,EXACT_OR_NEAR_OPTIMAL
3439,Michael Penix Jr.,QB,Alvin Kamara / Daniel Carlson / Drake London / Kendre Miller / Saints,44500,<48000,2-4,0,75.56,100.55,107.61,126.95,0.0015,0,0,EXACT_OR_NEAR_OPTIMAL
3555,Nick Folk,K,Alvin Kamara / Austin Hooper / Chris Olave / Michael Penix Jr. / Tyler Shough,47300,<48000,3-3,1,92.57,121.49,130.13,148.88,0.0015,0,1,FORCED_CAPTAIN
3607,Nick Folk,K,Alvin Kamara / Falcons / Juwan Johnson / Michael Penix Jr. / Tyler Shough,44700,<48000,3-3,1,85.04,110.83,118.21,132.3,0.0015,0,1,EXACT_OR_NEAR_OPTIMAL
3714,Nick Muse,TE,Alvin Kamara / Chris Olave / Devaughn Vele / Drake London / Tyler Shough,45500,<48000,2-4,1,92.84,123.48,134.03,154.46,0.0015,0,1,FORCED_CAPTAIN
3756,Nick Muse,TE,Bijan Robinson / Chris Olave / Drake London / Juwan Johnson / Nick Folk,45700,<48000,4-2,0,95.75,122.52,131.43,149.48,0.0015,0,1,FORCED_CAPTAIN
3761,Nick Muse,TE,Bijan Robinson / Chris Olave / Drake London / Michael Penix Jr. / Nick Folk,47300,<48000,5-1,1,94.91,124.81,133.66,154.64,0.0015,0,3,FORCED_CAPTAIN
3770,Nick Muse,TE,Bijan Robinson / Chris Olave / Kyle Pitts Sr. / Michael Penix Jr. / Tyler Shough,47300,<48000,4-2,1,94.62,124.44,135.58,157.47,0.0015,0,2,FORCED_CAPTAIN
3822,Olamide Zaccheaus,WR,Alvin Kamara / Bijan Robinson / Drake London / Saints / Tyler Shough,45600,<48000,3-3,0,92.31,117.73,125.27,140.03,0.0015,0,0,FORCED_CAPTAIN
3852,Olamide Zaccheaus,WR,Bijan Robinson / Chris Olave / Devaughn Vele / Drake London / Kyle Pitts Sr.,49200,49000-49400,4-2,0,91.46,119.31,128.13,143.83,0.0015,0,0,FORCED_CAPTAIN
3854,Olamide Zaccheaus,WR,Bijan Robinson / Chris Olave / Devaughn Vele / Kyle Pitts Sr. / Michael Penix Jr.,48200,48000-48900,4-2,1,86.79,114.15,123.91,144.41,0.0015,0,1,FORCED_CAPTAIN
3884,Olamide Zaccheaus,WR,Bijan Robinson / Daniel Carlson / Juwan Johnson / Michael Penix Jr. / Tyler Shough,45600,<48000,3-3,1,92.2,120.12,128.71,142.63,0.0015,0,2,FORCED_CAPTAIN
3898,Olamide Zaccheaus,WR,Bijan Robinson / Juwan Johnson / Kyle Pitts Sr. / Michael Penix Jr. / Tyler Shough,46600,<48000,4-2,1,88.73,117.65,127.13,146.24,0.0015,0,2,FORCED_CAPTAIN
3904,Olamide Zaccheaus,WR,Chris Olave / Devaughn Vele / Drake London / Falcons / Tyler Shough,44800,<48000,3-3,1,88.39,117.58,126.32,145.36,0.0015,0,1,FORCED_CAPTAIN
3936,Oscar Delp,TE,Alvin Kamara / Bijan Robinson / Chris Olave / Kyle Pitts Sr. / Tyler Shough,45600,<48000,2-4,1,95.13,122.96,133.35,152.85,0.0015,0,1,FORCED_CAPTAIN
3939,Oscar Delp,TE,Alvin Kamara / Bijan Robinson / Chris Olave / Saints / Tyler Shough,44000,<48000,1-5,1,96.55,123.65,132.29,150.87,0.0015,0,2,FORCED_CAPTAIN
3956,Oscar Delp,TE,Alvin Kamara / Chris Olave / Daniel Carlson / Drake London / Tyler Shough,42800,<48000,1-5,1,92.6,120.48,130.4,149.09,0.0015,0,2,FORCED_CAPTAIN
3971,Oscar Delp,TE,Bijan Robinson / Brian Robinson Jr. / Chris Olave / Juwan Johnson / Tyler Shough,44000,<48000,2-4,1,97.16,128.35,136.71,158.39,0.0015,0,2,FORCED_CAPTAIN
3973,Oscar Delp,TE,Bijan Robinson / Chris Olave / Daniel Carlson / Devaughn Vele / Drake London,45800,<48000,2-4,0,93.51,119.71,128.52,146.85,0.0015,0,0,FORCED_CAPTAIN
4024,Oscar Delp,TE,Bijan Robinson / Drake London / Juwan Johnson / Saints / Tyler Shough,43600,<48000,2-4,1,93.39,119.86,128.25,144.23,0.0015,0,2,FORCED_CAPTAIN
4085,Saints,DST,Alvin Kamara / Devaughn Vele / Juwan Johnson / Michael Penix Jr. / Tyler Shough,47100,<48000,1-5,1,88.45,115.38,124.35,141.34,0.0015,0,2,FORCED_CAPTAIN
4096,Saints,DST,Bijan Robinson / Brian Robinson Jr. / Chris Olave / Falcons / Michael Penix Jr.,45300,<48000,4-2,1,87.09,109.29,117.54,132.37,0.0015,0,1,FORCED_CAPTAIN
4135,Saints,DST,Bijan Robinson / Devaughn Vele / Jahan Dotson / Michael Penix Jr. / Tyler Shough,47500,<48000,3-3,1,88.73,113.2,121.56,137.55,0.0015,0,1,FORCED_CAPTAIN
4140,Saints,DST,Bijan Robinson / Drake London / Falcons / Michael Penix Jr. / Nick Folk,46100,<48000,5-1,1,84.65,108.31,115.28,131.73,0.0015,0,2,FORCED_CAPTAIN
4305,Treyton Welch,TE,Alvin Kamara / Bijan Robinson / Chris Olave / Nick Folk / Tyler Shough,44900,<48000,2-4,1,96.14,123.61,134.03,151.59,0.0015,0,1,FORCED_CAPTAIN
4377,Treyton Welch,TE,Bijan Robinson / Devaughn Vele / Drake London / Juwan Johnson / Michael Penix Jr.,46300,<48000,3-3,1,89.0,118.71,127.9,143.4,0.0015,0,2,FORCED_CAPTAIN
4387,Treyton Welch,TE,Bijan Robinson / Drake London / Kyle Pitts Sr. / Michael Penix Jr. / Tyler Shough,46500,<48000,4-2,1,89.4,119.79,129.06,146.99,0.0015,0,2,FORCED_CAPTAIN
4646,Tyler Shough,QB,Alvin Kamara / Daniel Carlson / Devaughn Vele / Kendre Miller / Michael Penix Jr.,48000,48000-48900,1-5,1,86.05,114.07,121.15,136.16,0.0015,0,2,EXACT_OR_NEAR_OPTIMAL
4654,Tyler Shough,QB,Alvin Kamara / Daniel Carlson / Falcons / Juwan Johnson / Saints,41400,<48000,1-5,1,84.28,109.53,117.43,132.3,0.0015,0,2,EXACT_OR_NEAR_OPTIMAL
4668,Tyler Shough,QB,Alvin Kamara / Devaughn Vele / Falcons / Michael Penix Jr. / Nick Folk,47200,<48000,3-3,1,87.18,113.85,122.26,137.34,0.0015,0,1,EXACT_OR_NEAR_OPTIMAL
4690,Tyler Shough,QB,Alvin Kamara / Falcons / Jahan Dotson / Juwan Johnson / Michael Penix Jr.,44400,<48000,3-3,1,88.54,116.24,125.28,142.63,0.0015,1,1,EXACT_OR_NEAR_OPTIMAL
4896,Zachariah Branch,WR,Alvin Kamara / Bijan Robinson / Chris Olave / Drake London / Nick Folk,48600,48000-48900,4-2,0,94.34,119.98,127.26,147.45,0.0015,0,0,FORCED_CAPTAIN
4944,Zachariah Branch,WR,Bijan Robinson / Chris Olave / Daniel Carlson / Devaughn Vele / Tyler Shough,48400,48000-48900,2-4,1,94.88,123.01,133.73,154.45,0.0015,0,1,FORCED_CAPTAIN
4953,Zachariah Branch,WR,Bijan Robinson / Chris Olave / Devaughn Vele / Kyle Pitts Sr. / Tyler Shough,49400,49000-49400,3-3,1,91.41,120.78,132.46,154.08,0.0015,0,1,EXACT_OR_NEAR_OPTIMAL
4958,Zachariah Branch,WR,Bijan Robinson / Chris Olave / Drake London / Juwan Johnson / Kendre Miller,48600,48000-48900,3-3,0,92.72,119.56,128.86,147.68,0.0015,0,1,EXACT_OR_NEAR_OPTIMAL
4959,Zachariah Branch,WR,Bijan Robinson / Chris Olave / Drake London / Juwan Johnson / Nick Folk,49000,49000-49400,4-2,0,96.84,124.53,133.44,151.17,0.0015,0,1,EXACT_OR_NEAR_OPTIMAL
4968,Zachariah Branch,WR,Bijan Robinson / Chris Olave / Juwan Johnson / Kyle Pitts Sr. / Tyler Shough,49000,49000-49400,3-3,1,96.55,127.42,137.34,157.64,0.0015,0,2,FORCED_CAPTAIN
4975,Zachariah Branch,WR,Bijan Robinson / Daniel Carlson / Drake London / Michael Penix Jr. / Tyler Shough,48800,48000-48900,4-2,1,93.53,123.05,131.89,145.52,0.0015,0,2,FORCED_CAPTAIN
4994,Zachariah Branch,WR,Chris Olave / Devaughn Vele / Juwan Johnson / Michael Penix Jr. / Tyler Shough,48200,48000-48900,2-4,1,91.76,123.5,133.95,153.23,0.0015,0,2,EXACT_OR_NEAR_OPTIMAL
5000,Zachariah Branch,WR,Chris Olave / Drake London / Kendre Miller / Michael Penix Jr. / Tyler Shough,48000,48000-48900,3-3,1,88.33,119.38,131.54,148.55,0.0015,0,2,EXACT_OR_NEAR_OPTIMAL
5001,Zachariah Branch,WR,Chris Olave / Drake London / Kyle Pitts Sr. / Michael Penix Jr. / Tyler Shough,48800,48000-48900,4-2,1,89.71,122.59,132.9,153.03,0.0015,0,2,FORCED_CAPTAIN
95,Alvin Kamara,RB,Brian Robinson Jr. / Bryce Lance / Drake London / Juwan Johnson / Michael Penix Jr.,42500,<48000,3-3,1,79.34,106.35,114.44,135.6,0.001,0,1,EXACT_OR_NEAR_OPTIMAL
109,Alvin Kamara,RB,Brian Robinson Jr. / Daniel Carlson / Devaughn Vele / Juwan Johnson / Michael Penix Jr.,43300,<48000,2-4,0,76.27,98.58,105.32,121.11,0.001,0,0,EXACT_OR_NEAR_OPTIMAL
129,Alvin Kamara,RB,Chris Olave / Daniel Carlson / Devaughn Vele / Nick Folk / Saints,43500,<48000,1-5,0,80.2,101.86,108.66,120.84,0.001,0,1,EXACT_OR_NEAR_OPTIMAL
176,Alvin Kamara,RB,Daniel Carlson / Devaughn Vele / Falcons / Michael Penix Jr. / Nick Folk,41100,<48000,3-3,0,68.93,87.89,93.56,105.93,0.001,0,0,EXACT_OR_NEAR_OPTIMAL
223,Austin Hooper,TE,Alvin Kamara / Bijan Robinson / Daniel Carlson / Devaughn Vele / Michael Penix Jr.,44600,<48000,3-3,1,80.09,103.86,111.02,127.61,0.001,0,1,FORCED_CAPTAIN
256,Austin Hooper,TE,Bijan Robinson / Brian Robinson Jr. / Devaughn Vele / Drake London / Tyler Shough,47200,<48000,4-2,0,89.61,116.52,125.18,143.05,0.001,0,0,FORCED_CAPTAIN
303,Austin Hooper,TE,Bijan Robinson / Devaughn Vele / Drake London / Saints / Tyler Shough,47600,<48000,3-3,0,91.51,117.47,124.71,142.77,0.001,0,0,FORCED_CAPTAIN
305,Austin Hooper,TE,Bijan Robinson / Devaughn Vele / Juwan Johnson / Saints / Tyler Shough,45000,<48000,2-4,1,87.67,113.46,122.89,140.74,0.001,0,1,FORCED_CAPTAIN
322,Austin Hooper,TE,Chris Olave / Drake London / Juwan Johnson / Michael Penix Jr. / Saints,45600,<48000,3-3,1,89.18,117.95,127.76,143.05,0.001,0,2,FORCED_CAPTAIN
342,Barion Brown,WR,Alvin Kamara / Bijan Robinson / Chris Olave / Drake London / Nick Folk,46800,<48000,3-3,0,93.52,118.69,126.56,147.24,0.001,0,0,EXACT_OR_NEAR_OPTIMAL
365,Barion Brown,WR,Alvin Kamara / Bijan Robinson / Juwan Johnson / Michael Penix Jr. / Tyler Shough,46600,<48000,2-4,1,93.93,123.32,131.49,147.09,0.001,0,2,FORCED_CAPTAIN
371,Barion Brown,WR,Alvin Kamara / Chris Olave / Drake London / Juwan Johnson / Tyler Shough,46600,<48000,1-5,1,98.26,130.53,140.2,157.71,0.001,0,3,EXACT_OR_NEAR_OPTIMAL
390,Barion Brown,WR,Bijan Robinson / Chris Olave / Daniel Carlson / Devaughn Vele / Tyler Shough,46600,<48000,1-5,1,94.06,122.17,132.75,151.26,0.001,0,2,FORCED_CAPTAIN
399,Barion Brown,WR,Bijan Robinson / Chris Olave / Daniel Carlson / Michael Penix Jr. / Tyler Shough,47800,<48000,2-4,1,98.37,127.19,137.74,158.78,0.001,0,2,FORCED_CAPTAIN
403,Barion Brown,WR,Bijan Robinson / Chris Olave / Devaughn Vele / Nick Folk / Tyler Shough,47200,<48000,2-4,1,93.33,123.08,132.41,151.79,0.001,0,1,EXACT_OR_NEAR_OPTIMAL
411,Barion Brown,WR,Bijan Robinson / Chris Olave / Drake London / Kendre Miller / Michael Penix Jr.,48400,48000-48900,3-3,1,91.06,121.01,131.02,148.59,0.001,0,2,FORCED_CAPTAIN
430,Barion Brown,WR,Bijan Robinson / Devaughn Vele / Drake London / Juwan Johnson / Michael Penix Jr.,47800,<48000,3-3,1,88.83,118.49,127.39,142.44,0.001,0,2,FORCED_CAPTAIN
433,Barion Brown,WR,Bijan Robinson / Devaughn Vele / Juwan Johnson / Michael Penix Jr. / Tyler Shough,47400,<48000,2-4,1,91.29,120.55,130.43,148.59,0.001,0,2,FORCED_CAPTAIN
442,Barion Brown,WR,Chris Olave / Daniel Carlson / Drake London / Michael Penix Jr. / Tyler Shough,46000,<48000,2-4,1,92.36,123.67,132.12,149.76,0.001,0,2,FORCED_CAPTAIN
449,Barion Brown,WR,Chris Olave / Drake London / Juwan Johnson / Nick Folk / Tyler Shough,45000,<48000,2-4,1,92.47,124.39,133.44,149.76,0.001,0,2,EXACT_OR_NEAR_OPTIMAL
451,Barion Brown,WR,Chris Olave / Drake London / Michael Penix Jr. / Nick Folk / Tyler Shough,46600,<48000,3-3,1,91.63,122.69,132.44,154.52,0.001,0,2,FORCED_CAPTAIN
785,Brian Robinson Jr.,RB,Alvin Kamara / Bijan Robinson / Chris Olave / Devaughn Vele / Saints,47300,<48000,2-4,0,89.88,112.97,122.01,137.3,0.001,0,0,FORCED_CAPTAIN
789,Brian Robinson Jr.,RB,Alvin Kamara / Bijan Robinson / Chris Olave / Falcons / Saints,43100,<48000,3-3,0,84.48,105.35,113.05,128.2,0.001,0,0,FORCED_CAPTAIN
791,Brian Robinson Jr.,RB,Alvin Kamara / Bijan Robinson / Chris Olave / Jahan Dotson / Juwan Johnson,45700,<48000,3-3,0,92.57,117.78,124.12,144.98,0.001,0,0,FORCED_CAPTAIN
915,Bryce Lance,WR,Alvin Kamara / Bijan Robinson / Chris Olave / Michael Penix Jr. / Nick Folk,46700,<48000,3-3,0,92.59,118.33,126.32,143.72,0.001,0,0,FORCED_CAPTAIN
935,Bryce Lance,WR,Alvin Kamara / Chris Olave / Devaughn Vele / Nick Folk / Tyler Shough,43300,<48000,1-5,1,84.73,113.73,123.95,141.35,0.001,0,2,FORCED_CAPTAIN
1013,Bryce Lance,WR,Chris Olave / Devaughn Vele / Michael Penix Jr. / Nick Folk / Tyler Shough,45300,<48000,2-4,1,86.39,116.36,125.9,145.63,0.001,0,1,FORCED_CAPTAIN
1018,Bryce Lance,WR,Chris Olave / Juwan Johnson / Michael Penix Jr. / Nick Folk / Tyler Shough,44900,<48000,2-4,1,91.54,122.6,132.12,150.47,0.001,0,2,FORCED_CAPTAIN
1021,CJ Donaldson,RB,Alvin Kamara / Bijan Robinson / Chris Olave / Daniel Carlson / Drake London,46500,<48000,2-4,0,94.73,119.98,128.7,144.73,0.001,0,0,EXACT_OR_NEAR_OPTIMAL
1023,CJ Donaldson,RB,Alvin Kamara / Bijan Robinson / Chris Olave / Daniel Carlson / Tyler Shough,46100,<48000,1-5,1,97.18,123.77,132.82,151.04,0.001,0,2,EXACT_OR_NEAR_OPTIMAL
1035,CJ Donaldson,RB,Alvin Kamara / Bijan Robinson / Chris Olave / Saints / Tyler Shough,45500,<48000,1-5,1,95.12,121.81,131.25,148.68,0.001,0,2,FORCED_CAPTAIN
1040,CJ Donaldson,RB,Alvin Kamara / Bijan Robinson / Devaughn Vele / Drake London / Michael Penix Jr.,47700,<48000,3-3,1,86.81,115.2,124.63,139.23,0.001,0,1,EXACT_OR_NEAR_OPTIMAL
1042,CJ Donaldson,RB,Alvin Kamara / Bijan Robinson / Devaughn Vele / Juwan Johnson / Tyler Shough,45700,<48000,1-5,1,90.1,117.81,126.78,145.7,0.001,0,2,FORCED_CAPTAIN
1049,CJ Donaldson,RB,Alvin Kamara / Bijan Robinson / Juwan Johnson / Michael Penix Jr. / Tyler Shough,46900,<48000,2-4,1,94.4,124.1,132.63,147.47,0.001,0,2,EXACT_OR_NEAR_OPTIMAL
1053,CJ Donaldson,RB,Alvin Kamara / Chris Olave / Drake London / Juwan Johnson / Tyler Shough,46900,<48000,1-5,1,98.73,130.62,140.76,158.18,0.001,0,3,EXACT_OR_NEAR_OPTIMAL
1059,CJ Donaldson,RB,Austin Hooper / Bijan Robinson / Chris Olave / Drake London / Michael Penix Jr.,46500,<48000,4-2,1,91.43,122.55,131.71,150.15,0.001,0,2,EXACT_OR_NEAR_OPTIMAL
1071,CJ Donaldson,RB,Bijan Robinson / Chris Olave / Daniel Carlson / Devaughn Vele / Drake London,47300,<48000,2-4,0,92.09,118.82,126.61,145.18,0.001,0,0,FORCED_CAPTAIN
1072,CJ Donaldson,RB,Bijan Robinson / Chris Olave / Daniel Carlson / Devaughn Vele / Tyler Shough,46900,<48000,1-5,1,94.54,122.33,133.38,152.28,0.001,0,2,EXACT_OR_NEAR_OPTIMAL
1083,CJ Donaldson,RB,Bijan Robinson / Chris Olave / Devaughn Vele / Juwan Johnson / Michael Penix Jr.,48900,48000-48900,2-4,0,94.97,122.09,132.4,150.27,0.001,0,1,FORCED_CAPTAIN
1085,CJ Donaldson,RB,Bijan Robinson / Chris Olave / Devaughn Vele / Kyle Pitts Sr. / Tyler Shough,47900,<48000,2-4,1,91.07,120.33,131.88,152.72,0.001,0,1,FORCED_CAPTAIN
1094,CJ Donaldson,RB,Bijan Robinson / Chris Olave / Drake London / Kendre Miller / Michael Penix Jr.,48700,48000-48900,3-3,1,91.54,121.74,131.46,149.33,0.001,0,2,EXACT_OR_NEAR_OPTIMAL
1098,CJ Donaldson,RB,Bijan Robinson / Chris Olave / Drake London / Michael Penix Jr. / Saints,47900,<48000,3-3,1,94.34,122.64,131.85,149.41,0.001,0,2,FORCED_CAPTAIN
1136,CJ Donaldson,RB,Chris Olave / Drake London / Juwan Johnson / Saints / Tyler Shough,44100,<48000,1-5,1,91.62,121.82,130.76,149.4,0.001,0,3,EXACT_OR_NEAR_OPTIMAL
1138,CJ Donaldson,RB,Chris Olave / Drake London / Michael Penix Jr. / Saints / Tyler Shough,45700,<48000,2-4,1,90.78,120.6,130.17,151.05,0.001,0,2,EXACT_OR_NEAR_OPTIMAL
1150,Charlie Woerner,TE,Alvin Kamara / Bijan Robinson / Chris Olave / Juwan Johnson / Michael Penix Jr.,46900,<48000,3-3,1,97.41,124.34,132.23,153.15,0.001,0,2,FORCED_CAPTAIN
1168,Charlie Woerner,TE,Alvin Kamara / Bijan Robinson / Juwan Johnson / Michael Penix Jr. / Tyler Shough,45700,<48000,3-3,1,94.2,124.16,132.27,147.17,0.001,0,2,FORCED_CAPTAIN
1175,Charlie Woerner,TE,Alvin Kamara / Chris Olave / Drake London / Juwan Johnson / Michael Penix Jr.,45100,<48000,3-3,1,91.4,120.51,129.0,146.23,0.001,0,2,FORCED_CAPTAIN
1177,Charlie Woerner,TE,Alvin Kamara / Chris Olave / Drake London / Juwan Johnson / Tyler Shough,45700,<48000,2-4,1,98.53,130.44,140.86,158.15,0.001,0,2,FORCED_CAPTAIN
1186,Charlie Woerner,TE,Bijan Robinson / Brian Robinson Jr. / Chris Olave / Drake London / Michael Penix Jr.,46300,<48000,5-1,1,92.24,122.62,131.05,150.9,0.001,0,3,FORCED_CAPTAIN
1190,Charlie Woerner,TE,Bijan Robinson / Brian Robinson Jr. / Chris Olave / Michael Penix Jr. / Tyler Shough,45900,<48000,4-2,1,94.69,123.41,134.66,155.26,0.001,0,2,FORCED_CAPTAIN
1202,Charlie Woerner,TE,Bijan Robinson / Chris Olave / Daniel Carlson / Juwan Johnson / Tyler Shough,45300,<48000,2-4,1,99.49,129.36,138.35,157.67,0.001,0,2,FORCED_CAPTAIN
1227,Charlie Woerner,TE,Bijan Robinson / Chris Olave / Juwan Johnson / Saints / Tyler Shough,44700,<48000,2-4,1,97.43,126.36,136.06,154.08,0.001,0,2,FORCED_CAPTAIN
1229,Charlie Woerner,TE,Bijan Robinson / Chris Olave / Michael Penix Jr. / Nick Folk / Tyler Shough,47500,<48000,4-2,1,97.92,126.6,138.23,156.89,0.001,0,2,FORCED_CAPTAIN
1230,Charlie Woerner,TE,Bijan Robinson / Chris Olave / Michael Penix Jr. / Saints / Tyler Shough,46300,<48000,3-3,1,96.59,124.72,134.06,155.16,0.001,0,2,FORCED_CAPTAIN
1242,Charlie Woerner,TE,Bijan Robinson / Devaughn Vele / Juwan Johnson / Michael Penix Jr. / Tyler Shough,46500,<48000,3-3,1,91.56,120.94,130.53,150.05,0.001,0,2,FORCED_CAPTAIN
1251,Charlie Woerner,TE,Chris Olave / Daniel Carlson / Drake London / Michael Penix Jr. / Tyler Shough,45100,<48000,3-3,1,92.64,123.94,132.37,150.02,0.001,0,2,FORCED_CAPTAIN
1289,Chris Blair,WR,Alvin Kamara / Bijan Robinson / Juwan Johnson / Michael Penix Jr. / Tyler Shough,46300,<48000,3-3,1,93.86,123.5,131.49,147.47,0.001,0,2,EXACT_OR_NEAR_OPTIMAL
1319,Chris Blair,WR,Bijan Robinson / Chris Olave / Daniel Carlson / Devaughn Vele / Tyler Shough,46300,<48000,2-4,1,93.99,122.0,132.16,152.99,0.001,0,1,FORCED_CAPTAIN
1326,Chris Blair,WR,Bijan Robinson / Chris Olave / Daniel Carlson / Michael Penix Jr. / Tyler Shough,47500,<48000,3-3,1,98.3,127.05,137.98,158.77,0.001,0,2,FORCED_CAPTAIN
1331,Chris Blair,WR,Bijan Robinson / Chris Olave / Devaughn Vele / Kyle Pitts Sr. / Tyler Shough,47300,<48000,3-3,1,90.52,120.14,130.8,152.72,0.001,0,1,EXACT_OR_NEAR_OPTIMAL
1337,Chris Blair,WR,Bijan Robinson / Chris Olave / Drake London / Juwan Johnson / Nick Folk,46900,<48000,4-2,0,95.95,122.77,131.51,150.04,0.001,0,1,EXACT_OR_NEAR_OPTIMAL
1344,Chris Blair,WR,Bijan Robinson / Chris Olave / Drake London / Michael Penix Jr. / Saints,47300,<48000,4-2,1,93.79,121.96,131.6,148.91,0.001,0,2,EXACT_OR_NEAR_OPTIMAL
1358,Chris Blair,WR,Bijan Robinson / Daniel Carlson / Drake London / Michael Penix Jr. / Tyler Shough,46700,<48000,4-2,1,92.64,121.85,129.82,144.85,0.001,0,2,EXACT_OR_NEAR_OPTIMAL
1361,Chris Blair,WR,Bijan Robinson / Devaughn Vele / Drake London / Juwan Johnson / Michael Penix Jr.,47500,<48000,4-2,1,88.76,118.24,127.38,142.83,0.001,0,2,FORCED_CAPTAIN
2016,Devaughn Vele,WR,Alvin Kamara / Drake London / Falcons / Kyle Pitts Sr. / Michael Penix Jr.,47100,<48000,4-2,1,76.27,102.7,111.24,130.01,0.001,0,1,EXACT_OR_NEAR_OPTIMAL
2136,Drake London,WR,Alvin Kamara / Austin Hooper / Kyle Pitts Sr. / Michael Penix Jr. / Saints,43800,<48000,4-2,1,74.32,103.86,112.19,130.87,0.001,0,1,EXACT_OR_NEAR_OPTIMAL
2257,Drake London,WR,Alvin Kamara / Falcons / Jahan Dotson / Michael Penix Jr. / Nick Folk,43000,<48000,5-1,1,76.57,103.75,112.93,132.84,0.001,0,2,EXACT_OR_NEAR_OPTIMAL
2260,Drake London,WR,Alvin Kamara / Falcons / Juwan Johnson / Nick Folk / Saints,42600,<48000,3-3,0,79.87,104.13,112.75,129.26,0.001,0,0,EXACT_OR_NEAR_OPTIMAL
2268,Drake London,WR,Alvin Kamara / Jahan Dotson / Kyle Pitts Sr. / Michael Penix Jr. / Saints,44000,<48000,4-2,1,74.76,103.22,112.49,133.85,0.001,0,1,EXACT_OR_NEAR_OPTIMAL
2392,Drake London,WR,Brian Robinson Jr. / Daniel Carlson / Devaughn Vele / Juwan Johnson / Saints,43000,<48000,2-4,0,77.0,101.84,111.96,126.14,0.001,0,0,EXACT_OR_NEAR_OPTIMAL
2419,Drake London,WR,Charlie Woerner / Daniel Carlson / Devaughn Vele / Juwan Johnson / Michael Penix Jr.,44600,<48000,3-3,1,81.51,111.59,122.28,141.9,0.001,0,1,EXACT_OR_NEAR_OPTIMAL
2564,Falcons,DST,Alvin Kamara / Chris Olave / Jahan Dotson / Michael Penix Jr. / Tyler Shough,44800,<48000,3-3,1,89.62,116.74,124.62,142.37,0.001,0,1,FORCED_CAPTAIN
2568,Falcons,DST,Alvin Kamara / Daniel Carlson / Drake London / Nick Folk / Saints,36800,<48000,3-3,0,65.11,83.18,89.01,100.26,0.001,0,0,EXACT_OR_NEAR_OPTIMAL
2573,Falcons,DST,Alvin Kamara / Jahan Dotson / Juwan Johnson / Michael Penix Jr. / Tyler Shough,41400,<48000,3-3,1,80.12,103.51,111.24,125.62,0.001,0,1,FORCED_CAPTAIN
2592,Falcons,DST,Bijan Robinson / Bryce Lance / Chris Olave / Saints / Tyler Shough,43600,<48000,2-4,1,91.8,116.49,125.48,142.98,0.001,0,1,FORCED_CAPTAIN
2595,Falcons,DST,Bijan Robinson / Charlie Woerner / Juwan Johnson / Michael Penix Jr. / Tyler Shough,43800,<48000,4-2,1,88.77,114.8,123.29,139.12,0.001,0,2,FORCED_CAPTAIN
2672,Jahan Dotson,WR,Alvin Kamara / Bijan Robinson / Daniel Carlson / Juwan Johnson / Michael Penix Jr.,44500,<48000,3-3,1,85.91,110.73,118.6,133.54,0.001,0,1,FORCED_CAPTAIN
2687,Jahan Dotson,WR,Alvin Kamara / Chris Olave / Falcons / Michael Penix Jr. / Tyler Shough,44500,<48000,3-3,1,88.86,116.43,125.01,141.52,0.001,0,1,FORCED_CAPTAIN
2746,Jahan Dotson,WR,Bijan Robinson / Devaughn Vele / Drake London / Michael Penix Jr. / Saints,47300,<48000,4-2,1,85.04,111.59,120.62,137.39,0.001,0,1,FORCED_CAPTAIN
2770,Jahan Dotson,WR,Chris Olave / Drake London / Michael Penix Jr. / Nick Folk / Saints,43900,<48000,4-2,1,81.55,107.45,116.59,134.86,0.001,0,1,FORCED_CAPTAIN
2850,Juwan Johnson,TE,Alvin Kamara / Daniel Carlson / Devaughn Vele / Falcons / Saints,38500,<48000,1-5,0,69.7,90.83,98.11,113.35,0.001,0,1,EXACT_OR_NEAR_OPTIMAL
2864,Juwan Johnson,TE,Alvin Kamara / Daniel Carlson / Kyle Pitts Sr. / Michael Penix Jr. / Saints,41900,<48000,2-4,0,73.52,96.93,103.75,117.81,0.001,0,0,EXACT_OR_NEAR_OPTIMAL
2870,Juwan Johnson,TE,Alvin Kamara / Devaughn Vele / Drake London / Falcons / Nick Folk,44900,<48000,3-3,0,82.42,108.65,116.3,136.71,0.001,0,0,EXACT_OR_NEAR_OPTIMAL
2873,Juwan Johnson,TE,Alvin Kamara / Devaughn Vele / Drake London / Kyle Pitts Sr. / Nick Folk,47100,<48000,3-3,0,81.94,108.19,118.14,137.7,0.001,0,0,EXACT_OR_NEAR_OPTIMAL
3022,Juwan Johnson,TE,Daniel Carlson / Jahan Dotson / Michael Penix Jr. / Nick Folk / Tyler Shough,42900,<48000,3-3,0,82.6,111.05,120.02,135.53,0.001,0,0,EXACT_OR_NEAR_OPTIMAL
3056,Kendre Miller,RB,Alvin Kamara / Bijan Robinson / Drake London / Oscar Delp / Tyler Shough,46300,<48000,2-4,1,89.23,115.95,123.97,136.05,0.001,0,1,FORCED_CAPTAIN
3057,Kendre Miller,RB,Alvin Kamara / Bijan Robinson / Falcons / Juwan Johnson / Tyler Shough,46900,<48000,2-4,1,89.54,114.3,121.09,137.87,0.001,0,1,FORCED_CAPTAIN
3062,Kendre Miller,RB,Alvin Kamara / Brian Robinson Jr. / Chris Olave / Juwan Johnson / Tyler Shough,46100,<48000,1-5,1,88.23,117.71,126.66,143.02,0.001,0,2,FORCED_CAPTAIN
3082,Kendre Miller,RB,Bijan Robinson / Bryce Lance / Chris Olave / Devaughn Vele / Drake London,49700,49500-49900,2-4,0,91.03,117.58,127.47,142.71,0.001,0,0,FORCED_CAPTAIN
3086,Kendre Miller,RB,Bijan Robinson / Chris Olave / Daniel Carlson / Drake London / Jahan Dotson,47900,<48000,3-3,0,90.0,115.95,124.69,140.46,0.001,0,0,FORCED_CAPTAIN
3094,Kendre Miller,RB,Bijan Robinson / Chris Olave / Devaughn Vele / Nick Muse / Tyler Shough,47700,<48000,2-4,1,90.8,119.89,130.58,148.24,0.001,0,1,FORCED_CAPTAIN
3112,Kendre Miller,RB,Bijan Robinson / Daniel Carlson / Drake London / Kyle Pitts Sr. / Michael Penix Jr.,48900,48000-48900,4-2,1,80.71,108.02,117.28,132.81,0.001,0,1,FORCED_CAPTAIN
3128,Kendre Miller,RB,Bijan Robinson / Juwan Johnson / Michael Penix Jr. / Saints / Tyler Shough,49500,49500-49900,2-4,1,92.14,119.27,126.3,143.48,0.001,0,2,FORCED_CAPTAIN
3142,Kendre Miller,RB,Chris Olave / Drake London / Kyle Pitts Sr. / Nick Folk / Tyler Shough,49100,49000-49400,3-3,1,86.76,114.68,125.51,140.28,0.001,0,1,FORCED_CAPTAIN
3156,Kevin Austin Jr.,WR,Alvin Kamara / Bijan Robinson / Chris Olave / Daniel Carlson / Drake London,45600,<48000,2-4,0,95.07,120.66,128.73,146.65,0.001,0,0,FORCED_CAPTAIN
3159,Kevin Austin Jr.,WR,Alvin Kamara / Bijan Robinson / Chris Olave / Devaughn Vele / Michael Penix Jr.,47600,<48000,2-4,0,92.81,119.52,129.24,146.51,0.001,0,0,FORCED_CAPTAIN
3186,Kevin Austin Jr.,WR,Alvin Kamara / Chris Olave / Daniel Carlson / Drake London / Tyler Shough,43400,<48000,1-5,1,91.52,119.71,128.34,148.59,0.001,0,2,FORCED_CAPTAIN
3194,Kevin Austin Jr.,WR,Alvin Kamara / Devaughn Vele / Drake London / Michael Penix Jr. / Tyler Shough,44600,<48000,2-4,1,83.6,112.36,122.25,138.67,0.001,0,1,FORCED_CAPTAIN
3229,Kevin Austin Jr.,WR,Bijan Robinson / Chris Olave / Drake London / Michael Penix Jr. / Saints,47000,<48000,3-3,1,94.68,122.55,132.36,149.76,0.001,0,2,FORCED_CAPTAIN
3232,Kevin Austin Jr.,WR,Bijan Robinson / Chris Olave / Falcons / Juwan Johnson / Tyler Shough,44400,<48000,2-4,1,97.04,125.69,135.08,155.34,0.001,0,2,FORCED_CAPTAIN
3241,Kevin Austin Jr.,WR,Bijan Robinson / Chris Olave / Michael Penix Jr. / Saints / Tyler Shough,46600,<48000,2-4,1,97.14,125.37,134.3,156.53,0.001,0,2,FORCED_CAPTAIN
3244,Kevin Austin Jr.,WR,Bijan Robinson / Daniel Carlson / Drake London / Juwan Johnson / Tyler Shough,44800,<48000,2-4,1,94.37,122.49,129.8,145.53,0.001,0,2,FORCED_CAPTAIN
3260,Kevin Austin Jr.,WR,Chris Olave / Daniel Carlson / Drake London / Juwan Johnson / Tyler Shough,43800,<48000,1-5,1,94.03,124.78,134.33,150.3,0.001,0,3,FORCED_CAPTAIN
3266,Kevin Austin Jr.,WR,Chris Olave / Devaughn Vele / Juwan Johnson / Michael Penix Jr. / Tyler Shough,45800,<48000,1-5,1,91.76,123.21,133.37,152.55,0.001,0,3,FORCED_CAPTAIN
3350,Kyle Pitts Sr.,TE,Bijan Robinson / Daniel Carlson / Devaughn Vele / Juwan Johnson / Michael Penix Jr.,49500,49500-49900,3-3,1,84.83,111.25,118.94,136.95,0.001,0,1,FORCED_CAPTAIN
3375,Kyle Pitts Sr.,TE,Chris Olave / Devaughn Vele / Falcons / Nick Folk / Tyler Shough,45900,<48000,3-3,1,80.32,108.2,116.21,133.33,0.001,0,1,FORCED_CAPTAIN
3435,Michael Penix Jr.,QB,Alvin Kamara / Daniel Carlson / Devaughn Vele / Nick Folk / Saints,42700,<48000,2-4,0,70.7,89.81,95.62,105.14,0.001,0,0,EXACT_OR_NEAR_OPTIMAL
3724,Nick Muse,TE,Austin Hooper / Bijan Robinson / Chris Olave / Drake London / Tyler Shough,45300,<48000,4-2,0,97.81,127.01,138.7,160.21,0.001,0,1,FORCED_CAPTAIN
3751,Nick Muse,TE,Bijan Robinson / Chris Olave / Devaughn Vele / Nick Folk / Tyler Shough,45700,<48000,3-3,1,93.06,122.38,131.54,150.29,0.001,0,1,FORCED_CAPTAIN
3768,Nick Muse,TE,Bijan Robinson / Chris Olave / Juwan Johnson / Nick Folk / Tyler Shough,45300,<48000,3-3,1,98.21,128.22,138.53,158.69,0.001,0,2,FORCED_CAPTAIN
3781,Nick Muse,TE,Bijan Robinson / Devaughn Vele / Juwan Johnson / Michael Penix Jr. / Tyler Shough,45900,<48000,3-3,1,91.01,120.37,129.58,148.59,0.001,0,2,FORCED_CAPTAIN
3810,Olamide Zaccheaus,WR,Alvin Kamara / Bijan Robinson / Chris Olave / Kendre Miller / Tyler Shough,47200,<48000,2-4,1,95.18,123.38,133.48,148.69,0.001,0,1,FORCED_CAPTAIN
3811,Olamide Zaccheaus,WR,Alvin Kamara / Bijan Robinson / Chris Olave / Michael Penix Jr. / Saints,45800,<48000,3-3,1,90.85,114.47,122.93,139.44,0.001,0,1,FORCED_CAPTAIN
3821,Olamide Zaccheaus,WR,Alvin Kamara / Bijan Robinson / Drake London / Michael Penix Jr. / Saints,45000,<48000,4-2,1,85.19,111.46,119.77,134.14,0.001,0,1,FORCED_CAPTAIN
3845,Olamide Zaccheaus,WR,Bijan Robinson / Chris Olave / Daniel Carlson / Drake London / Falcons,44000,<48000,4-2,0,89.53,114.79,122.09,137.57,0.001,0,0,FORCED_CAPTAIN
3855,Olamide Zaccheaus,WR,Bijan Robinson / Chris Olave / Devaughn Vele / Michael Penix Jr. / Saints,46600,<48000,3-3,1,88.21,112.54,121.57,138.63,0.001,0,1,FORCED_CAPTAIN
3868,Olamide Zaccheaus,WR,Bijan Robinson / Chris Olave / Drake London / Oscar Delp / Tyler Shough,45600,<48000,3-3,1,99.24,129.85,139.49,159.53,0.001,0,2,FORCED_CAPTAIN
3871,Olamide Zaccheaus,WR,Bijan Robinson / Chris Olave / Falcons / Michael Penix Jr. / Saints,42400,<48000,4-2,1,82.8,105.36,113.06,129.32,0.001,0,1,FORCED_CAPTAIN
3887,Olamide Zaccheaus,WR,Bijan Robinson / Devaughn Vele / Drake London / Michael Penix Jr. / Nick Folk,47000,<48000,5-1,1,83.87,111.43,121.64,136.52,0.001,0,2,FORCED_CAPTAIN
3892,Olamide Zaccheaus,WR,Bijan Robinson / Drake London / Juwan Johnson / Michael Penix Jr. / Nick Folk,46600,<48000,5-1,1,89.02,118.53,126.49,142.35,0.001,0,3,FORCED_CAPTAIN
3893,Olamide Zaccheaus,WR,Bijan Robinson / Drake London / Juwan Johnson / Saints / Tyler Shough,46000,<48000,3-3,0,94.82,121.76,129.66,146.74,0.001,0,1,FORCED_CAPTAIN
3910,Olamide Zaccheaus,WR,Chris Olave / Drake London / Juwan Johnson / Saints / Tyler Shough,45000,<48000,2-4,1,94.47,125.69,135.04,152.63,0.001,0,2,FORCED_CAPTAIN
3913,Olamide Zaccheaus,WR,Chris Olave / Jahan Dotson / Juwan Johnson / Michael Penix Jr. / Tyler Shough,42800,<48000,3-3,1,87.34,118.52,127.38,145.78,0.001,0,2,FORCED_CAPTAIN
3918,Olamide Zaccheaus,WR,Devaughn Vele / Drake London / Michael Penix Jr. / Nick Folk / Tyler Shough,44800,<48000,4-2,1,80.32,108.09,118.2,137.96,0.001,0,1,FORCED_CAPTAIN
3921,Oscar Delp,TE,Alvin Kamara / Bijan Robinson / Chris Olave / Daniel Carlson / Drake London,45000,<48000,2-4,0,96.15,121.59,130.62,147.72,0.001,0,0,FORCED_CAPTAIN
3927,Oscar Delp,TE,Alvin Kamara / Bijan Robinson / Chris Olave / Drake London / Kendre Miller,45200,<48000,2-4,0,91.3,117.02,125.74,144.84,0.001,0,0,FORCED_CAPTAIN
3929,Oscar Delp,TE,Alvin Kamara / Bijan Robinson / Chris Olave / Drake London / Saints,44400,<48000,2-4,0,94.1,118.66,126.49,144.2,0.001,0,0,FORCED_CAPTAIN
3931,Oscar Delp,TE,Alvin Kamara / Bijan Robinson / Chris Olave / Falcons / Michael Penix Jr.,42800,<48000,3-3,0,88.48,113.08,121.78,137.36,0.001,0,0,FORCED_CAPTAIN
3943,Oscar Delp,TE,Alvin Kamara / Bijan Robinson / Devaughn Vele / Juwan Johnson / Tyler Shough,44200,<48000,1-5,1,91.52,119.95,129.27,148.12,0.001,0,2,FORCED_CAPTAIN
3955,Oscar Delp,TE,Alvin Kamara / Bijan Robinson / Michael Penix Jr. / Nick Folk / Tyler Shough,43400,<48000,3-3,1,87.54,111.8,121.07,135.26,0.001,0,1,FORCED_CAPTAIN
3964,Oscar Delp,TE,Alvin Kamara / Drake London / Juwan Johnson / Michael Penix Jr. / Tyler Shough,43600,<48000,2-4,1,89.82,120.2,129.44,149.22,0.001,0,2,FORCED_CAPTAIN
3972,Oscar Delp,TE,Bijan Robinson / Bryce Lance / Chris Olave / Drake London / Tyler Shough,44600,<48000,2-4,1,99.04,130.0,138.48,161.94,0.001,0,2,FORCED_CAPTAIN
3983,Oscar Delp,TE,Bijan Robinson / Chris Olave / Devaughn Vele / Falcons / Tyler Shough,44200,<48000,2-4,1,92.97,120.83,131.43,151.47,0.001,0,1,FORCED_CAPTAIN
3988,Oscar Delp,TE,Bijan Robinson / Chris Olave / Devaughn Vele / Saints / Tyler Shough,44800,<48000,1-5,1,93.91,122.14,132.63,151.01,0.001,0,2,FORCED_CAPTAIN
4012,Oscar Delp,TE,Bijan Robinson / Daniel Carlson / Juwan Johnson / Michael Penix Jr. / Tyler Shough,43200,<48000,2-4,1,90.78,118.58,126.86,141.04,0.001,0,2,FORCED_CAPTAIN
4019,Oscar Delp,TE,Bijan Robinson / Devaughn Vele / Drake London / Saints / Tyler Shough,44000,<48000,2-4,1,88.25,113.87,122.01,137.46,0.001,0,1,FORCED_CAPTAIN
4034,Oscar Delp,TE,Chris Olave / Drake London / Juwan Johnson / Nick Folk / Tyler Shough,43800,<48000,2-4,1,94.37,126.8,135.74,150.86,0.001,0,2,FORCED_CAPTAIN
4037,Oscar Delp,TE,Devaughn Vele / Drake London / Juwan Johnson / Michael Penix Jr. / Tyler Shough,44400,<48000,2-4,1,87.18,118.36,129.04,147.67,0.001,0,2,FORCED_CAPTAIN
4047,Saints,DST,Alvin Kamara / Bijan Robinson / Chris Olave / Daniel Carlson / Oscar Delp,41100,<48000,1-5,0,85.24,105.11,112.69,125.94,0.001,0,1,FORCED_CAPTAIN
4083,Saints,DST,Alvin Kamara / Daniel Carlson / Drake London / Juwan Johnson / Nick Folk,40900,<48000,2-4,0,76.13,97.37,104.34,116.38,0.001,1,0,EXACT_OR_NEAR_OPTIMAL
4163,Saints,DST,Daniel Carlson / Devaughn Vele / Drake London / Nick Folk / Tyler Shough,43900,<48000,2-4,0,79.78,103.23,111.51,124.4,0.001,0,0,EXACT_OR_NEAR_OPTIMAL
4301,Treyton Welch,TE,Alvin Kamara / Bijan Robinson / Chris Olave / Juwan Johnson / Michael Penix Jr.,46300,<48000,2-4,0,97.3,124.41,132.24,153.15,0.001,0,1,FORCED_CAPTAIN
4310,Treyton Welch,TE,Alvin Kamara / Bijan Robinson / Drake London / Juwan Johnson / Michael Penix Jr.,45500,<48000,3-3,1,91.64,120.67,129.81,145.46,0.001,0,2,FORCED_CAPTAIN
4316,Treyton Welch,TE,Alvin Kamara / Bijan Robinson / Juwan Johnson / Michael Penix Jr. / Tyler Shough,45100,<48000,2-4,1,94.1,124.12,131.69,147.3,0.001,0,2,FORCED_CAPTAIN
4353,Treyton Welch,TE,Bijan Robinson / Chris Olave / Devaughn Vele / Saints / Tyler Shough,44500,<48000,1-5,1,92.17,120.16,129.9,148.38,0.001,0,2,FORCED_CAPTAIN
4356,Treyton Welch,TE,Bijan Robinson / Chris Olave / Drake London / Falcons / Tyler Shough,46100,<48000,3-3,1,100.22,128.34,138.36,159.39,0.001,0,2,FORCED_CAPTAIN
4359,Treyton Welch,TE,Bijan Robinson / Chris Olave / Drake London / Kendre Miller / Tyler Shough,47500,<48000,2-4,1,98.36,128.12,139.22,157.95,0.001,0,2,FORCED_CAPTAIN
4361,Treyton Welch,TE,Bijan Robinson / Chris Olave / Drake London / Michael Penix Jr. / Saints,46100,<48000,3-3,1,94.03,122.04,131.76,149.2,0.001,0,2,FORCED_CAPTAIN
4368,Treyton Welch,TE,Bijan Robinson / Chris Olave / Juwan Johnson / Kyle Pitts Sr. / Tyler Shough,45700,<48000,2-4,1,95.9,126.17,136.08,157.04,0.001,0,2,FORCED_CAPTAIN
4371,Treyton Welch,TE,Bijan Robinson / Chris Olave / Juwan Johnson / Saints / Tyler Shough,44100,<48000,1-5,1,97.32,126.02,135.95,153.86,0.001,0,3,FORCED_CAPTAIN
4381,Treyton Welch,TE,Bijan Robinson / Devaughn Vele / Juwan Johnson / Michael Penix Jr. / Tyler Shough,45900,<48000,2-4,1,91.46,120.49,130.36,148.8,0.001,0,2,FORCED_CAPTAIN
4595,Tyler Shough,QB,Alvin Kamara / Bryce Lance / Daniel Carlson / Juwan Johnson / Nick Folk,40800,<48000,1-5,1,82.69,111.23,119.88,137.69,0.001,0,2,EXACT_OR_NEAR_OPTIMAL
4692,Tyler Shough,QB,Alvin Kamara / Juwan Johnson / Michael Penix Jr. / Nick Folk / Zachariah Branch,45600,<48000,3-3,1,87.46,118.28,126.36,144.03,0.001,0,1,EXACT_OR_NEAR_OPTIMAL
4855,Tyler Shough,QB,Daniel Carlson / Devaughn Vele / Falcons / Michael Penix Jr. / Saints,43800,<48000,2-4,0,80.8,103.17,110.77,126.68,0.001,0,0,EXACT_OR_NEAR_OPTIMAL
4890,Zachariah Branch,WR,Alvin Kamara / Bijan Robinson / Chris Olave / Daniel Carlson / Drake London,48000,48000-48900,3-3,0,95.07,120.92,128.91,145.65,0.001,0,0,FORCED_CAPTAIN
4893,Zachariah Branch,WR,Alvin Kamara / Bijan Robinson / Chris Olave / Daniel Carlson / Tyler Shough,47600,<48000,2-4,1,97.52,124.75,133.59,152.6,0.001,0,1,FORCED_CAPTAIN
4894,Zachariah Branch,WR,Alvin Kamara / Bijan Robinson / Chris Olave / Devaughn Vele / Michael Penix Jr.,50000,50000,3-3,1,92.81,119.63,129.72,147.21,0.001,0,2,EXACT_OR_NEAR_OPTIMAL
4899,Zachariah Branch,WR,Alvin Kamara / Bijan Robinson / Chris Olave / Kendre Miller / Tyler Shough,47800,<48000,2-4,1,92.67,119.41,130.54,146.04,0.001,0,1,EXACT_OR_NEAR_OPTIMAL
4906,Zachariah Branch,WR,Alvin Kamara / Bijan Robinson / Devaughn Vele / Michael Penix Jr. / Tyler Shough,48800,48000-48900,3-3,1,89.6,117.02,126.77,141.17,0.001,0,1,EXACT_OR_NEAR_OPTIMAL
4917,Zachariah Branch,WR,Alvin Kamara / Chris Olave / Drake London / Juwan Johnson / Michael Penix Jr.,47800,<48000,3-3,1,91.95,120.87,130.09,149.08,0.001,0,2,EXACT_OR_NEAR_OPTIMAL
4920,Zachariah Branch,WR,Alvin Kamara / Chris Olave / Juwan Johnson / Michael Penix Jr. / Tyler Shough,47400,<48000,2-4,1,94.4,126.18,134.84,155.84,0.001,0,2,FORCED_CAPTAIN
4960,Zachariah Branch,WR,Bijan Robinson / Chris Olave / Drake London / Juwan Johnson / Saints,47800,<48000,3-3,0,95.51,121.67,129.25,146.47,0.001,0,1,EXACT_OR_NEAR_OPTIMAL
4967,Zachariah Branch,WR,Bijan Robinson / Chris Olave / Jahan Dotson / Michael Penix Jr. / Tyler Shough,47800,<48000,4-2,1,94.67,124.72,134.92,155.23,0.001,0,2,FORCED_CAPTAIN
4974,Zachariah Branch,WR,Bijan Robinson / Daniel Carlson / Drake London / Juwan Johnson / Tyler Shough,47200,<48000,3-3,0,94.37,122.34,129.15,146.57,0.001,0,1,FORCED_CAPTAIN
4983,Zachariah Branch,WR,Bijan Robinson / Drake London / Michael Penix Jr. / Nick Folk / Tyler Shough,49400,49000-49400,5-1,1,92.8,123.07,131.02,145.83,0.001,0,3,FORCED_CAPTAIN
4985,Zachariah Branch,WR,Bijan Robinson / Juwan Johnson / Michael Penix Jr. / Nick Folk / Tyler Shough,46800,<48000,4-2,1,88.96,116.33,124.38,142.22,0.001,0,2,EXACT_OR_NEAR_OPTIMAL
4989,Zachariah Branch,WR,Chris Olave / Daniel Carlson / Drake London / Michael Penix Jr. / Tyler Shough,47800,<48000,3-3,1,93.18,124.15,134.35,153.22,0.001,0,2,EXACT_OR_NEAR_OPTIMAL
5002,Zachariah Branch,WR,Chris Olave / Drake London / Michael Penix Jr. / Nick Folk / Tyler Shough,48400,48000-48900,4-2,1,92.45,123.88,134.4,154.85,0.001,0,2,EXACT_OR_NEAR_OPTIMAL
5004,Zachariah Branch,WR,Devaughn Vele / Drake London / Juwan Johnson / Michael Penix Jr. / Tyler Shough,47400,<48000,3-3,1,86.1,118.34,127.97,146.27,0.001,0,2,FORCED_CAPTAIN
111,Alvin Kamara,RB,Brian Robinson Jr. / Devaughn Vele / Drake London / Juwan Johnson / Kendre Miller,44500,<48000,2-4,0,76.09,100.19,108.19,125.23,0.0005,0,0,EXACT_OR_NEAR_OPTIMAL
113,Alvin Kamara,RB,Brian Robinson Jr. / Drake London / Jahan Dotson / Juwan Johnson / Michael Penix Jr.,43700,<48000,4-2,1,80.73,107.54,116.8,134.78,0.0005,0,1,EXACT_OR_NEAR_OPTIMAL
115,Alvin Kamara,RB,Brian Robinson Jr. / Falcons / Juwan Johnson / Nick Folk / Tyler Shough,40300,<48000,3-3,1,77.25,101.22,109.49,124.92,0.0005,0,1,EXACT_OR_NEAR_OPTIMAL
116,Alvin Kamara,RB,Brian Robinson Jr. / Jahan Dotson / Michael Penix Jr. / Nick Folk / Saints,35900,<48000,4-2,1,58.98,77.02,82.33,93.85,0.0005,0,1,EXACT_OR_NEAR_OPTIMAL
117,Alvin Kamara,RB,Brian Robinson Jr. / Jahan Dotson / Michael Penix Jr. / Nick Folk / Tyler Shough,41300,<48000,4-2,1,74.89,99.01,106.46,121.28,0.0005,0,1,EXACT_OR_NEAR_OPTIMAL
122,Alvin Kamara,RB,Bryce Lance / Daniel Carlson / Devaughn Vele / Drake London / Nick Folk,40300,<48000,2-4,0,70.7,92.77,99.91,115.2,0.0005,0,0,EXACT_OR_NEAR_OPTIMAL
123,Alvin Kamara,RB,Bryce Lance / Daniel Carlson / Drake London / Nick Folk / Tyler Shough,42100,<48000,2-4,1,82.13,107.51,116.14,132.77,0.0005,0,1,EXACT_OR_NEAR_OPTIMAL
177,Alvin Kamara,RB,Daniel Carlson / Devaughn Vele / Falcons / Nick Folk / Saints,36300,<48000,2-4,0,60.15,76.94,82.25,91.82,0.0005,0,0,EXACT_OR_NEAR_OPTIMAL
191,Alvin Kamara,RB,Devaughn Vele / Drake London / Juwan Johnson / Michael Penix Jr. / Zachariah Branch,47100,<48000,3-3,1,83.76,112.44,120.0,139.5,0.0005,0,1,EXACT_OR_NEAR_OPTIMAL
233,Austin Hooper,TE,Alvin Kamara / Bijan Robinson / Kendre Miller / Michael Penix Jr. / Tyler Shough,46600,<48000,3-3,1,86.68,113.12,121.07,136.3,0.0005,0,1,FORCED_CAPTAIN
234,Austin Hooper,TE,Alvin Kamara / Bijan Robinson / Nick Folk / Saints / Tyler Shough,42200,<48000,3-3,0,82.02,102.21,110.07,123.02,0.0005,0,0,FORCED_CAPTAIN
248,Austin Hooper,TE,Alvin Kamara / Chris Olave / Michael Penix Jr. / Saints / Tyler Shough,44800,<48000,2-4,1,89.13,117.04,125.77,142.01,0.0005,0,1,FORCED_CAPTAIN
313,Austin Hooper,TE,Chris Olave / Daniel Carlson / Falcons / Juwan Johnson / Michael Penix Jr.,39800,<48000,3-3,0,76.84,99.3,107.01,123.6,0.0005,0,0,EXACT_OR_NEAR_OPTIMAL
316,Austin Hooper,TE,Chris Olave / Devaughn Vele / Drake London / Jahan Dotson / Michael Penix Jr.,44800,<48000,4-2,1,81.57,111.06,121.65,138.47,0.0005,0,1,FORCED_CAPTAIN
325,Austin Hooper,TE,Chris Olave / Drake London / Kendre Miller / Michael Penix Jr. / Saints,43200,<48000,3-3,1,76.76,104.39,112.38,127.77,0.0005,0,1,FORCED_CAPTAIN
338,Barion Brown,WR,Alvin Kamara / Bijan Robinson / Chris Olave / Daniel Carlson / Tyler Shough,45800,<48000,1-5,1,96.71,123.58,132.7,152.08,0.0005,0,2,FORCED_CAPTAIN
350,Barion Brown,WR,Alvin Kamara / Bijan Robinson / Chris Olave / Kyle Pitts Sr. / Tyler Shough,46800,<48000,2-4,1,93.23,120.7,131.08,151.65,0.0005,0,1,FORCED_CAPTAIN
378,Barion Brown,WR,Austin Hooper / Bijan Robinson / Chris Olave / Juwan Johnson / Tyler Shough,44200,<48000,2-4,1,94.25,124.55,134.51,154.17,0.0005,0,2,FORCED_CAPTAIN
384,Barion Brown,WR,Bijan Robinson / Brian Robinson Jr. / Chris Olave / Juwan Johnson / Tyler Shough,45200,<48000,2-4,1,95.26,124.91,134.63,154.91,0.0005,0,2,FORCED_CAPTAIN
388,Barion Brown,WR,Bijan Robinson / Bryce Lance / Chris Olave / Drake London / Tyler Shough,45800,<48000,2-4,1,97.14,127.08,137.43,159.17,0.0005,0,2,FORCED_CAPTAIN
405,Barion Brown,WR,Bijan Robinson / Chris Olave / Drake London / Falcons / Michael Penix Jr.,47000,<48000,4-2,1,92.92,122.54,132.06,150.76,0.0005,0,2,FORCED_CAPTAIN
424,Barion Brown,WR,Bijan Robinson / Chris Olave / Juwan Johnson / Saints / Tyler Shough,45600,<48000,1-5,1,97.15,125.86,135.95,153.86,0.0005,0,3,FORCED_CAPTAIN
437,Barion Brown,WR,Bijan Robinson / Drake London / Kyle Pitts Sr. / Michael Penix Jr. / Tyler Shough,48000,48000-48900,4-2,1,89.23,119.31,128.58,146.99,0.0005,0,2,EXACT_OR_NEAR_OPTIMAL
452,Barion Brown,WR,Chris Olave / Drake London / Michael Penix Jr. / Saints / Tyler Shough,45400,<48000,2-4,1,90.31,120.13,129.56,149.29,0.0005,0,2,FORCED_CAPTAIN
807,Brian Robinson Jr.,RB,Alvin Kamara / Chris Olave / Daniel Carlson / Juwan Johnson / Michael Penix Jr.,44700,<48000,2-4,0,86.41,111.13,117.43,132.3,0.0005,0,0,FORCED_CAPTAIN
820,Brian Robinson Jr.,RB,Alvin Kamara / Daniel Carlson / Drake London / Juwan Johnson / Saints,39100,<48000,2-4,0,71.96,93.28,100.07,113.57,0.0005,0,0,FORCED_CAPTAIN
832,Brian Robinson Jr.,RB,Bijan Robinson / Charlie Woerner / Falcons / Michael Penix Jr. / Tyler Shough,40300,<48000,5-1,1,76.77,98.24,106.84,122.51,0.0005,0,2,FORCED_CAPTAIN
903,Bryce Lance,WR,Alvin Kamara / Bijan Robinson / Chris Olave / Daniel Carlson / Juwan Johnson,44500,<48000,1-5,0,94.16,119.05,126.27,142.82,0.0005,0,1,FORCED_CAPTAIN
926,Bryce Lance,WR,Alvin Kamara / Bijan Robinson / Drake London / Juwan Johnson / Saints,43100,<48000,2-4,0,86.44,109.84,118.11,131.5,0.0005,0,0,FORCED_CAPTAIN
931,Bryce Lance,WR,Alvin Kamara / Bijan Robinson / Falcons / Michael Penix Jr. / Tyler Shough,43700,<48000,3-3,1,87.12,111.66,119.5,132.8,0.0005,0,1,FORCED_CAPTAIN
932,Bryce Lance,WR,Alvin Kamara / Bijan Robinson / Juwan Johnson / Kendre Miller / Tyler Shough,43500,<48000,1-5,1,86.1,112.92,121.05,136.59,0.0005,0,2,FORCED_CAPTAIN
940,Bryce Lance,WR,Alvin Kamara / Daniel Carlson / Drake London / Michael Penix Jr. / Tyler Shough,43100,<48000,2-4,1,84.11,110.58,120.07,138.61,0.0005,0,1,FORCED_CAPTAIN
949,Bryce Lance,WR,Bijan Robinson / Brian Robinson Jr. / Chris Olave / Daniel Carlson / Drake London,43900,<48000,3-3,0,88.99,115.26,121.79,138.23,0.0005,0,0,FORCED_CAPTAIN
962,Bryce Lance,WR,Bijan Robinson / Chris Olave / Daniel Carlson / Falcons / Juwan Johnson,41100,<48000,2-4,0,86.11,110.44,117.45,132.8,0.0005,0,0,FORCED_CAPTAIN
965,Bryce Lance,WR,Bijan Robinson / Chris Olave / Daniel Carlson / Michael Penix Jr. / Nick Folk,44500,<48000,3-3,0,87.53,112.36,120.52,136.64,0.0005,0,0,FORCED_CAPTAIN
967,Bryce Lance,WR,Bijan Robinson / Chris Olave / Devaughn Vele / Drake London / Kendre Miller,48100,48000-48900,2-4,0,90.5,117.58,126.8,142.34,0.0005,0,0,FORCED_CAPTAIN
983,Bryce Lance,WR,Bijan Robinson / Chris Olave / Falcons / Nick Folk / Tyler Shough,43900,<48000,3-3,1,91.67,118.11,128.43,144.42,0.0005,0,1,FORCED_CAPTAIN
984,Bryce Lance,WR,Bijan Robinson / Chris Olave / Falcons / Saints / Tyler Shough,42700,<48000,2-4,1,90.34,115.29,124.46,142.58,0.0005,0,1,FORCED_CAPTAIN
1008,Bryce Lance,WR,Chris Olave / Daniel Carlson / Juwan Johnson / Michael Penix Jr. / Tyler Shough,44300,<48000,1-5,1,92.27,123.05,131.59,148.38,0.0005,0,3,FORCED_CAPTAIN
1009,Bryce Lance,WR,Chris Olave / Devaughn Vele / Drake London / Falcons / Tyler Shough,44500,<48000,2-4,1,88.81,118.75,127.91,149.33,0.0005,0,1,FORCED_CAPTAIN
1029,CJ Donaldson,RB,Alvin Kamara / Bijan Robinson / Chris Olave / Drake London / Saints,45900,<48000,2-4,0,92.67,116.82,124.54,142.72,0.0005,0,0,FORCED_CAPTAIN
1037,CJ Donaldson,RB,Alvin Kamara / Bijan Robinson / Daniel Carlson / Drake London / Tyler Shough,45300,<48000,2-4,1,91.52,117.51,124.35,137.0,0.0005,0,1,FORCED_CAPTAIN
1043,CJ Donaldson,RB,Alvin Kamara / Bijan Robinson / Devaughn Vele / Michael Penix Jr. / Tyler Shough,47300,<48000,2-4,1,89.26,116.71,125.48,140.3,0.0005,0,1,FORCED_CAPTAIN
1061,CJ Donaldson,RB,Austin Hooper / Bijan Robinson / Chris Olave / Juwan Johnson / Tyler Shough,44500,<48000,2-4,1,94.72,125.15,135.57,155.1,0.0005,0,2,EXACT_OR_NEAR_OPTIMAL
1066,CJ Donaldson,RB,Bijan Robinson / Brian Robinson Jr. / Chris Olave / Drake London / Michael Penix Jr.,47500,<48000,4-2,1,92.44,121.86,131.83,150.02,0.0005,0,2,FORCED_CAPTAIN
1080,CJ Donaldson,RB,Bijan Robinson / Chris Olave / Devaughn Vele / Drake London / Kendre Miller,47500,<48000,2-4,0,87.23,113.53,122.62,139.26,0.0005,0,0,FORCED_CAPTAIN
1105,CJ Donaldson,RB,Bijan Robinson / Chris Olave / Juwan Johnson / Kyle Pitts Sr. / Tyler Shough,47500,<48000,2-4,1,96.21,126.56,136.29,157.07,0.0005,0,2,FORCED_CAPTAIN
1112,CJ Donaldson,RB,Bijan Robinson / Daniel Carlson / Drake London / Juwan Johnson / Michael Penix Jr.,45100,<48000,3-3,1,86.9,114.42,123.64,140.18,0.0005,0,2,EXACT_OR_NEAR_OPTIMAL
1113,CJ Donaldson,RB,Bijan Robinson / Daniel Carlson / Drake London / Juwan Johnson / Tyler Shough,45700,<48000,2-4,1,94.02,121.16,129.14,145.53,0.0005,0,2,FORCED_CAPTAIN
1117,CJ Donaldson,RB,Bijan Robinson / Devaughn Vele / Juwan Johnson / Saints / Tyler Shough,42900,<48000,1-5,1,82.98,107.51,116.69,135.78,0.0005,0,2,FORCED_CAPTAIN
1121,CJ Donaldson,RB,Bijan Robinson / Drake London / Jahan Dotson / Michael Penix Jr. / Tyler Shough,45500,<48000,4-2,1,88.67,118.07,127.06,144.4,0.0005,0,2,FORCED_CAPTAIN
1124,CJ Donaldson,RB,Bijan Robinson / Drake London / Michael Penix Jr. / Nick Folk / Tyler Shough,47900,<48000,4-2,1,92.45,121.99,130.29,145.04,0.0005,0,2,FORCED_CAPTAIN
1132,CJ Donaldson,RB,Chris Olave / Devaughn Vele / Juwan Johnson / Michael Penix Jr. / Tyler Shough,46700,<48000,1-5,1,91.42,122.83,132.12,153.09,0.0005,0,3,EXACT_OR_NEAR_OPTIMAL
1135,CJ Donaldson,RB,Chris Olave / Drake London / Juwan Johnson / Nick Folk / Tyler Shough,45300,<48000,2-4,1,92.95,125.26,133.64,149.9,0.0005,0,2,FORCED_CAPTAIN
1137,CJ Donaldson,RB,Chris Olave / Drake London / Michael Penix Jr. / Nick Folk / Tyler Shough,46900,<48000,3-3,1,92.11,123.03,132.59,154.49,0.0005,0,2,FORCED_CAPTAIN
1153,Charlie Woerner,TE,Alvin Kamara / Bijan Robinson / Chris Olave / Michael Penix Jr. / Nick Folk,44900,<48000,4-2,1,89.12,113.7,122.5,140.13,0.0005,0,1,FORCED_CAPTAIN
1160,Charlie Woerner,TE,Alvin Kamara / Bijan Robinson / Devaughn Vele / Juwan Johnson / Tyler Shough,44500,<48000,2-4,1,89.9,117.65,126.51,145.85,0.0005,0,1,FORCED_CAPTAIN
1169,Charlie Woerner,TE,Alvin Kamara / Bijan Robinson / Michael Penix Jr. / Nick Folk / Tyler Shough,43700,<48000,4-2,1,85.91,109.94,119.41,133.01,0.0005,0,1,FORCED_CAPTAIN
1172,Charlie Woerner,TE,Alvin Kamara / Chris Olave / Daniel Carlson / Juwan Johnson / Tyler Shough,40500,<48000,1-5,1,87.14,115.86,124.12,140.25,0.0005,0,2,FORCED_CAPTAIN
1181,Charlie Woerner,TE,Alvin Kamara / Devaughn Vele / Drake London / Michael Penix Jr. / Tyler Shough,44300,<48000,3-3,1,83.05,111.93,121.59,138.29,0.0005,0,1,FORCED_CAPTAIN
1182,Charlie Woerner,TE,Alvin Kamara / Drake London / Juwan Johnson / Michael Penix Jr. / Tyler Shough,43900,<48000,3-3,1,88.2,119.05,127.82,147.4,0.0005,0,2,FORCED_CAPTAIN
1211,Charlie Woerner,TE,Bijan Robinson / Chris Olave / Devaughn Vele / Saints / Tyler Shough,45100,<48000,2-4,1,92.28,120.34,130.04,148.09,0.0005,0,1,FORCED_CAPTAIN
1222,Charlie Woerner,TE,Bijan Robinson / Chris Olave / Falcons / Michael Penix Jr. / Tyler Shough,45700,<48000,4-2,1,95.65,123.28,134.34,152.44,0.0005,0,2,FORCED_CAPTAIN
1223,Charlie Woerner,TE,Bijan Robinson / Chris Olave / Jahan Dotson / Juwan Johnson / Tyler Shough,43500,<48000,3-3,1,94.97,125.14,135.29,155.16,0.0005,0,2,FORCED_CAPTAIN
1224,Charlie Woerner,TE,Bijan Robinson / Chris Olave / Juwan Johnson / Kyle Pitts Sr. / Tyler Shough,46300,<48000,3-3,1,96.01,126.77,135.68,158.21,0.0005,0,2,FORCED_CAPTAIN
1243,Charlie Woerner,TE,Bijan Robinson / Drake London / Falcons / Juwan Johnson / Michael Penix Jr.,42700,<48000,5-1,1,83.7,110.38,119.6,135.88,0.0005,0,3,FORCED_CAPTAIN
1245,Charlie Woerner,TE,Bijan Robinson / Drake London / Falcons / Michael Penix Jr. / Tyler Shough,44900,<48000,5-1,1,89.99,117.28,126.38,140.17,0.0005,0,3,FORCED_CAPTAIN
1249,Charlie Woerner,TE,Bijan Robinson / Falcons / Juwan Johnson / Michael Penix Jr. / Tyler Shough,42300,<48000,4-2,1,86.15,112.3,120.25,136.77,0.0005,0,2,FORCED_CAPTAIN
1261,Chris Blair,WR,Alvin Kamara / Bijan Robinson / Chris Olave / Daniel Carlson / Drake London,45900,<48000,3-3,0,94.18,119.25,126.73,144.72,0.0005,0,0,EXACT_OR_NEAR_OPTIMAL
1264,Chris Blair,WR,Alvin Kamara / Bijan Robinson / Chris Olave / Devaughn Vele / Drake London,48900,48000-48900,3-3,0,96.59,123.3,132.4,151.76,0.0005,0,0,FORCED_CAPTAIN
1265,Chris Blair,WR,Alvin Kamara / Bijan Robinson / Chris Olave / Devaughn Vele / Juwan Johnson,46300,<48000,2-4,0,92.76,118.42,125.56,144.23,0.0005,0,0,FORCED_CAPTAIN
1268,Chris Blair,WR,Alvin Kamara / Bijan Robinson / Chris Olave / Drake London / Nick Folk,46500,<48000,4-2,0,93.45,118.47,126.23,146.84,0.0005,0,0,FORCED_CAPTAIN
1272,Chris Blair,WR,Alvin Kamara / Bijan Robinson / Chris Olave / Juwan Johnson / Michael Penix Jr.,47500,<48000,3-3,1,97.06,124.15,131.94,153.12,0.0005,0,2,FORCED_CAPTAIN
1275,Chris Blair,WR,Alvin Kamara / Bijan Robinson / Chris Olave / Michael Penix Jr. / Saints,44300,<48000,3-3,1,87.44,110.68,119.41,136.32,0.0005,0,1,EXACT_OR_NEAR_OPTIMAL
1284,Chris Blair,WR,Alvin Kamara / Bijan Robinson / Devaughn Vele / Michael Penix Jr. / Tyler Shough,46700,<48000,3-3,1,88.71,115.94,124.11,140.3,0.0005,0,1,FORCED_CAPTAIN
1335,Chris Blair,WR,Bijan Robinson / Chris Olave / Drake London / Falcons / Tyler Shough,47300,<48000,4-2,0,99.98,127.99,138.13,161.08,0.0005,0,1,FORCED_CAPTAIN
1336,Chris Blair,WR,Bijan Robinson / Chris Olave / Drake London / Jahan Dotson / Michael Penix Jr.,46100,<48000,5-1,1,91.33,121.83,131.0,151.5,0.0005,0,3,EXACT_OR_NEAR_OPTIMAL
1339,Chris Blair,WR,Bijan Robinson / Chris Olave / Drake London / Kendre Miller / Michael Penix Jr.,48100,48000-48900,4-2,1,90.99,121.41,130.64,147.89,0.0005,0,2,FORCED_CAPTAIN
1349,Chris Blair,WR,Bijan Robinson / Chris Olave / Falcons / Michael Penix Jr. / Nick Folk,42100,<48000,5-1,1,80.72,104.54,112.79,127.6,0.0005,0,2,FORCED_CAPTAIN
1350,Chris Blair,WR,Bijan Robinson / Chris Olave / Falcons / Michael Penix Jr. / Tyler Shough,46300,<48000,4-2,1,95.31,122.4,133.65,153.46,0.0005,0,2,EXACT_OR_NEAR_OPTIMAL
1356,Chris Blair,WR,Bijan Robinson / Chris Olave / Michael Penix Jr. / Nick Folk / Tyler Shough,48100,48000-48900,4-2,1,97.57,126.35,137.58,156.9,0.0005,0,2,FORCED_CAPTAIN
1364,Chris Blair,WR,Bijan Robinson / Devaughn Vele / Juwan Johnson / Michael Penix Jr. / Tyler Shough,47100,<48000,3-3,1,91.21,120.4,129.93,148.8,0.0005,0,2,FORCED_CAPTAIN
1368,Chris Blair,WR,Bijan Robinson / Drake London / Kyle Pitts Sr. / Michael Penix Jr. / Tyler Shough,47700,<48000,5-1,1,89.16,119.32,128.5,145.75,0.0005,0,3,FORCED_CAPTAIN
1369,Chris Blair,WR,Bijan Robinson / Drake London / Michael Penix Jr. / Nick Folk / Tyler Shough,47300,<48000,5-1,1,91.91,121.44,129.22,144.6,0.0005,0,3,FORCED_CAPTAIN
2019,Devaughn Vele,WR,Alvin Kamara / Drake London / Michael Penix Jr. / Nick Folk / Olamide Zaccheaus,45100,<48000,4-2,1,75.82,102.26,111.26,130.35,0.0005,0,1,EXACT_OR_NEAR_OPTIMAL
2030,Devaughn Vele,WR,Austin Hooper / Chris Olave / Daniel Carlson / Michael Penix Jr. / Nick Folk,44500,<48000,3-3,0,77.65,102.99,110.38,125.28,0.0005,0,0,EXACT_OR_NEAR_OPTIMAL
2182,Drake London,WR,Alvin Kamara / Bryce Lance / Daniel Carlson / Kendre Miller / Michael Penix Jr.,42600,<48000,2-4,0,74.05,102.82,111.56,130.63,0.0005,0,0,EXACT_OR_NEAR_OPTIMAL
2313,Drake London,WR,Austin Hooper / Daniel Carlson / Devaughn Vele / Juwan Johnson / Saints,42000,<48000,2-4,0,75.99,101.79,110.84,127.15,0.0005,0,0,EXACT_OR_NEAR_OPTIMAL
2491,Drake London,WR,Daniel Carlson / Juwan Johnson / Kendre Miller / Michael Penix Jr. / Oscar Delp,41600,<48000,2-4,0,75.33,103.43,112.11,136.06,0.0005,0,0,EXACT_OR_NEAR_OPTIMAL
2552,Falcons,DST,Alvin Kamara / Brian Robinson Jr. / Drake London / Juwan Johnson / Michael Penix Jr.,42600,<48000,4-2,1,78.23,102.75,110.81,126.57,0.0005,0,1,EXACT_OR_NEAR_OPTIMAL
2554,Falcons,DST,Alvin Kamara / Chris Olave / Daniel Carlson / Drake London / Saints,42200,<48000,2-4,0,82.9,103.75,110.3,125.45,0.0005,0,0,EXACT_OR_NEAR_OPTIMAL
2567,Falcons,DST,Alvin Kamara / Daniel Carlson / Drake London / Michael Penix Jr. / Nick Folk,41600,<48000,4-2,0,73.89,96.05,103.61,118.48,0.0005,0,0,FORCED_CAPTAIN
2682,Jahan Dotson,WR,Alvin Kamara / Chris Olave / Devaughn Vele / Nick Folk / Tyler Shough,45100,<48000,2-4,1,86.81,115.98,125.73,142.24,0.0005,0,1,FORCED_CAPTAIN
2699,Jahan Dotson,WR,Austin Hooper / Chris Olave / Devaughn Vele / Drake London / Michael Penix Jr.,44900,<48000,4-2,1,81.8,111.05,121.03,138.05,0.0005,0,1,FORCED_CAPTAIN
2707,Jahan Dotson,WR,Bijan Robinson / Bryce Lance / Chris Olave / Juwan Johnson / Michael Penix Jr.,45300,<48000,3-3,1,92.0,119.16,128.89,146.64,0.0005,0,2,FORCED_CAPTAIN
2714,Jahan Dotson,WR,Bijan Robinson / Chris Olave / Daniel Carlson / Drake London / Kendre Miller,46900,<48000,3-3,0,90.17,116.6,124.59,141.4,0.0005,0,0,FORCED_CAPTAIN
2744,Jahan Dotson,WR,Bijan Robinson / Daniel Carlson / Michael Penix Jr. / Nick Folk / Tyler Shough,45100,<48000,4-2,1,86.41,110.7,118.62,133.8,0.0005,0,1,FORCED_CAPTAIN
2758,Jahan Dotson,WR,Brian Robinson Jr. / Devaughn Vele / Drake London / Michael Penix Jr. / Tyler Shough,44700,<48000,4-2,1,79.6,108.3,118.31,136.98,0.0005,0,1,FORCED_CAPTAIN
2863,Juwan Johnson,TE,Alvin Kamara / Daniel Carlson / Jahan Dotson / Kyle Pitts Sr. / Michael Penix Jr.,40700,<48000,3-3,1,71.06,95.74,103.71,119.29,0.0005,0,1,EXACT_OR_NEAR_OPTIMAL
2867,Juwan Johnson,TE,Alvin Kamara / Daniel Carlson / Michael Penix Jr. / Nick Folk / Olamide Zaccheaus,39300,<48000,3-3,0,72.14,95.39,103.78,117.53,0.0005,0,0,EXACT_OR_NEAR_OPTIMAL
2880,Juwan Johnson,TE,Alvin Kamara / Devaughn Vele / Jahan Dotson / Michael Penix Jr. / Saints,42100,<48000,2-4,0,74.9,98.64,106.54,121.52,0.0005,0,0,EXACT_OR_NEAR_OPTIMAL
2881,Juwan Johnson,TE,Alvin Kamara / Devaughn Vele / Michael Penix Jr. / Nick Folk / Olamide Zaccheaus,42300,<48000,3-3,0,74.56,99.47,108.49,125.56,0.0005,0,0,EXACT_OR_NEAR_OPTIMAL
2979,Juwan Johnson,TE,Brian Robinson Jr. / Falcons / Nick Folk / Saints / Tyler Shough,37700,<48000,3-3,0,71.39,96.23,106.27,120.36,0.0005,0,0,EXACT_OR_NEAR_OPTIMAL
3032,Juwan Johnson,TE,Drake London / Kyle Pitts Sr. / Michael Penix Jr. / Nick Folk / Saints,45500,<48000,4-2,1,79.13,105.81,114.17,130.02,0.0005,0,1,EXACT_OR_NEAR_OPTIMAL
3080,Kendre Miller,RB,Bijan Robinson / Brian Robinson Jr. / Chris Olave / Drake London / Falcons,47500,<48000,4-2,0,87.57,112.26,120.39,136.97,0.0005,0,0,FORCED_CAPTAIN
3093,Kendre Miller,RB,Bijan Robinson / Chris Olave / Devaughn Vele / Jahan Dotson / Michael Penix Jr.,49900,49500-49900,3-3,1,87.74,115.17,123.5,141.92,0.0005,0,1,FORCED_CAPTAIN
3116,Kendre Miller,RB,Bijan Robinson / Daniel Carlson / Kyle Pitts Sr. / Michael Penix Jr. / Tyler Shough,48500,48000-48900,3-3,1,83.16,108.06,115.37,130.46,0.0005,0,1,FORCED_CAPTAIN
3125,Kendre Miller,RB,Bijan Robinson / Drake London / Juwan Johnson / Michael Penix Jr. / Olamide Zaccheaus,47700,<48000,4-2,1,85.56,113.59,123.88,138.82,0.0005,0,2,FORCED_CAPTAIN
3127,Kendre Miller,RB,Bijan Robinson / Falcons / Nick Folk / Saints / Tyler Shough,42100,<48000,3-3,0,74.13,92.14,97.43,107.24,0.0005,0,0,FORCED_CAPTAIN
3132,Kendre Miller,RB,Chris Olave / Daniel Carlson / Devaughn Vele / Nick Folk / Tyler Shough,45900,<48000,1-5,1,81.25,108.89,116.82,130.3,0.0005,0,2,FORCED_CAPTAIN
3148,Kendre Miller,RB,Chris Olave / Juwan Johnson / Michael Penix Jr. / Olamide Zaccheaus / Tyler Shough,46300,<48000,2-4,1,87.67,118.08,128.08,144.66,0.0005,0,2,FORCED_CAPTAIN
3165,Kevin Austin Jr.,WR,Alvin Kamara / Bijan Robinson / Chris Olave / Falcons / Tyler Shough,44000,<48000,2-4,1,94.53,121.27,130.49,149.14,0.0005,0,1,FORCED_CAPTAIN
3175,Kevin Austin Jr.,WR,Alvin Kamara / Bijan Robinson / Devaughn Vele / Drake London / Michael Penix Jr.,46800,<48000,3-3,1,87.15,115.82,124.95,141.41,0.0005,0,1,FORCED_CAPTAIN
3192,Kevin Austin Jr.,WR,Alvin Kamara / Chris Olave / Drake London / Saints / Tyler Shough,42800,<48000,1-5,1,89.46,116.66,126.21,148.67,0.0005,0,2,FORCED_CAPTAIN
3196,Kevin Austin Jr.,WR,Alvin Kamara / Drake London / Juwan Johnson / Michael Penix Jr. / Tyler Shough,44200,<48000,2-4,1,88.74,119.73,128.08,148.71,0.0005,0,2,FORCED_CAPTAIN
3198,Kevin Austin Jr.,WR,Austin Hooper / Bijan Robinson / Chris Olave / Michael Penix Jr. / Tyler Shough,45200,<48000,3-3,1,94.23,123.77,135.96,156.2,0.0005,0,2,FORCED_CAPTAIN
3203,Kevin Austin Jr.,WR,Bijan Robinson / Bryce Lance / Chris Olave / Drake London / Tyler Shough,45200,<48000,2-4,1,97.96,128.18,138.53,161.15,0.0005,0,2,FORCED_CAPTAIN
3204,Kevin Austin Jr.,WR,Bijan Robinson / Bryce Lance / Chris Olave / Juwan Johnson / Tyler Shough,42600,<48000,1-5,1,94.13,125.3,134.7,153.96,0.0005,0,3,FORCED_CAPTAIN
3212,Kevin Austin Jr.,WR,Bijan Robinson / Chris Olave / Devaughn Vele / Drake London / Saints,45800,<48000,2-4,0,90.37,115.73,123.22,140.73,0.0005,0,0,FORCED_CAPTAIN
3213,Kevin Austin Jr.,WR,Bijan Robinson / Chris Olave / Devaughn Vele / Falcons / Tyler Shough,44800,<48000,2-4,1,91.89,119.75,130.16,149.51,0.0005,0,1,FORCED_CAPTAIN
3223,Kevin Austin Jr.,WR,Bijan Robinson / Chris Olave / Drake London / Juwan Johnson / Kendre Miller,46200,<48000,2-4,0,92.72,119.42,128.98,145.78,0.0005,0,1,FORCED_CAPTAIN
3233,Kevin Austin Jr.,WR,Bijan Robinson / Chris Olave / Falcons / Michael Penix Jr. / Tyler Shough,46000,<48000,3-3,1,96.2,123.66,135.64,154.55,0.0005,0,2,FORCED_CAPTAIN
3234,Kevin Austin Jr.,WR,Bijan Robinson / Chris Olave / Jahan Dotson / Michael Penix Jr. / Tyler Shough,45400,<48000,3-3,1,94.68,124.5,135.46,155.93,0.0005,0,2,FORCED_CAPTAIN
3238,Kevin Austin Jr.,WR,Bijan Robinson / Chris Olave / Juwan Johnson / Oscar Delp / Tyler Shough,41200,<48000,1-5,1,92.9,122.9,132.24,152.9,0.0005,0,3,FORCED_CAPTAIN
3255,Kevin Austin Jr.,WR,Bijan Robinson / Drake London / Juwan Johnson / Saints / Tyler Shough,44200,<48000,2-4,1,92.31,118.65,127.55,142.09,0.0005,0,2,FORCED_CAPTAIN
3262,Kevin Austin Jr.,WR,Chris Olave / Devaughn Vele / Drake London / Falcons / Tyler Shough,43000,<48000,2-4,1,85.89,114.63,124.13,143.5,0.0005,0,1,FORCED_CAPTAIN
3265,Kevin Austin Jr.,WR,Chris Olave / Devaughn Vele / Drake London / Saints / Tyler Shough,43600,<48000,1-5,1,86.82,115.63,126.73,143.73,0.0005,0,2,FORCED_CAPTAIN
3272,Kevin Austin Jr.,WR,Chris Olave / Drake London / Juwan Johnson / Saints / Tyler Shough,43200,<48000,1-5,1,91.97,123.0,131.14,149.83,0.0005,0,3,FORCED_CAPTAIN
3273,Kevin Austin Jr.,WR,Devaughn Vele / Drake London / Juwan Johnson / Michael Penix Jr. / Tyler Shough,45000,<48000,2-4,1,86.1,117.63,127.56,145.19,0.0005,0,2,FORCED_CAPTAIN
3306,Kyle Pitts Sr.,TE,Alvin Kamara / Chris Olave / Drake London / Juwan Johnson / Nick Folk,49300,49000-49400,3-3,0,91.07,117.84,126.42,142.35,0.0005,0,0,FORCED_CAPTAIN
3333,Kyle Pitts Sr.,TE,Bijan Robinson / Charlie Woerner / Devaughn Vele / Michael Penix Jr. / Tyler Shough,47500,<48000,4-2,1,82.9,110.34,119.96,138.34,0.0005,0,1,FORCED_CAPTAIN
3466,Michael Penix Jr.,QB,Austin Hooper / Chris Olave / Drake London / Kendre Miller / Saints,46300,<48000,3-3,1,82.6,111.82,121.59,136.75,0.0005,1,1,EXACT_OR_NEAR_OPTIMAL
3470,Michael Penix Jr.,QB,Austin Hooper / Drake London / Juwan Johnson / Kendre Miller / Saints,42900,<48000,3-3,1,73.1,99.46,109.17,124.63,0.0005,0,1,EXACT_OR_NEAR_OPTIMAL
3518,Michael Penix Jr.,QB,Brian Robinson Jr. / Devaughn Vele / Juwan Johnson / Kyle Pitts Sr. / Nick Folk,43700,<48000,4-2,1,67.84,91.73,99.11,112.86,0.0005,0,1,EXACT_OR_NEAR_OPTIMAL
3544,Michael Penix Jr.,QB,Daniel Carlson / Devaughn Vele / Drake London / Jahan Dotson / Kyle Pitts Sr.,44900,<48000,4-2,1,71.84,99.93,109.55,128.97,0.0005,0,1,EXACT_OR_NEAR_OPTIMAL
3546,Michael Penix Jr.,QB,Devaughn Vele / Drake London / Juwan Johnson / Kyle Pitts Sr. / Olamide Zaccheaus,46500,<48000,4-2,1,77.74,108.36,116.4,136.54,0.0005,0,1,EXACT_OR_NEAR_OPTIMAL
3606,Nick Folk,K,Alvin Kamara / Falcons / Juwan Johnson / Kyle Pitts Sr. / Michael Penix Jr.,40900,<48000,4-2,0,67.71,88.81,95.62,106.97,0.0005,0,0,EXACT_OR_NEAR_OPTIMAL
3690,Nick Muse,TE,Alvin Kamara / Bijan Robinson / Chris Olave / Drake London / Nick Folk,45300,<48000,4-2,0,93.25,118.42,126.14,146.84,0.0005,0,0,FORCED_CAPTAIN
3709,Nick Muse,TE,Alvin Kamara / Bijan Robinson / Juwan Johnson / Michael Penix Jr. / Tyler Shough,45100,<48000,3-3,1,93.66,123.0,131.26,147.09,0.0005,0,2,FORCED_CAPTAIN
3728,Nick Muse,TE,Bijan Robinson / Brian Robinson Jr. / Chris Olave / Drake London / Michael Penix Jr.,45700,<48000,5-1,1,91.69,121.31,130.26,149.75,0.0005,0,3,FORCED_CAPTAIN
3733,Nick Muse,TE,Bijan Robinson / Chris Olave / Daniel Carlson / Drake London / Juwan Johnson,45100,<48000,3-3,0,96.48,123.15,130.86,148.89,0.0005,0,1,FORCED_CAPTAIN
3742,Nick Muse,TE,Bijan Robinson / Chris Olave / Daniel Carlson / Michael Penix Jr. / Tyler Shough,46300,<48000,3-3,1,98.1,126.97,137.31,157.7,0.0005,0,2,FORCED_CAPTAIN
3753,Nick Muse,TE,Bijan Robinson / Chris Olave / Drake London / Falcons / Michael Penix Jr.,45500,<48000,5-1,1,92.65,121.81,131.78,149.18,0.0005,0,3,FORCED_CAPTAIN
3754,Nick Muse,TE,Bijan Robinson / Chris Olave / Drake London / Falcons / Tyler Shough,46100,<48000,4-2,0,99.78,127.81,138.13,159.24,0.0005,0,1,FORCED_CAPTAIN
3757,Nick Muse,TE,Bijan Robinson / Chris Olave / Drake London / Juwan Johnson / Saints,44500,<48000,3-3,0,94.42,119.91,127.05,143.21,0.0005,0,1,FORCED_CAPTAIN
3759,Nick Muse,TE,Bijan Robinson / Chris Olave / Drake London / Kendre Miller / Michael Penix Jr.,46900,<48000,4-2,1,90.79,120.89,130.22,147.88,0.0005,0,2,FORCED_CAPTAIN
3771,Nick Muse,TE,Bijan Robinson / Chris Olave / Michael Penix Jr. / Nick Folk / Tyler Shough,46900,<48000,4-2,1,97.37,126.18,137.52,156.79,0.0005,0,2,FORCED_CAPTAIN
3799,Olamide Zaccheaus,WR,Alvin Kamara / Austin Hooper / Bijan Robinson / Chris Olave / Michael Penix Jr.,44400,<48000,4-2,1,87.94,114.3,122.24,142.15,0.0005,0,1,FORCED_CAPTAIN
3806,Olamide Zaccheaus,WR,Alvin Kamara / Bijan Robinson / Chris Olave / Falcons / Juwan Johnson,43600,<48000,3-3,0,90.75,114.62,121.14,139.6,0.0005,0,0,FORCED_CAPTAIN
3872,Olamide Zaccheaus,WR,Bijan Robinson / Chris Olave / Falcons / Nick Folk / Tyler Shough,44200,<48000,4-2,0,91.25,116.64,125.54,142.7,0.0005,0,0,FORCED_CAPTAIN
3875,Olamide Zaccheaus,WR,Bijan Robinson / Chris Olave / Juwan Johnson / Oscar Delp / Tyler Shough,43000,<48000,2-4,1,95.4,125.92,136.26,156.03,0.0005,0,2,FORCED_CAPTAIN
3889,Olamide Zaccheaus,WR,Bijan Robinson / Drake London / Falcons / Juwan Johnson / Michael Penix Jr.,44800,<48000,5-1,1,86.75,114.05,123.49,138.5,0.0005,0,3,FORCED_CAPTAIN
3901,Olamide Zaccheaus,WR,Chris Olave / Daniel Carlson / Devaughn Vele / Drake London / Tyler Shough,46000,<48000,2-4,1,91.39,121.64,130.27,148.36,0.0005,0,1,FORCED_CAPTAIN
3902,Olamide Zaccheaus,WR,Chris Olave / Daniel Carlson / Devaughn Vele / Nick Folk / Tyler Shough,41400,<48000,2-4,1,79.26,107.06,115.42,129.99,0.0005,0,1,FORCED_CAPTAIN
3920,Oscar Delp,TE,Alvin Kamara / Bijan Robinson / Chris Olave / Daniel Carlson / Devaughn Vele,42800,<48000,1-5,0,87.17,110.19,118.53,135.91,0.0005,0,1,FORCED_CAPTAIN
3922,Oscar Delp,TE,Alvin Kamara / Bijan Robinson / Chris Olave / Daniel Carlson / Saints,39200,<48000,1-5,0,82.7,102.32,109.99,125.42,0.0005,0,1,FORCED_CAPTAIN
3933,Oscar Delp,TE,Alvin Kamara / Bijan Robinson / Chris Olave / Falcons / Tyler Shough,43400,<48000,2-4,1,95.61,121.59,131.05,150.13,0.0005,0,1,FORCED_CAPTAIN
3940,Oscar Delp,TE,Alvin Kamara / Bijan Robinson / Daniel Carlson / Devaughn Vele / Tyler Shough,41600,<48000,1-5,1,83.96,107.66,116.81,127.76,0.0005,0,2,FORCED_CAPTAIN
3941,Oscar Delp,TE,Alvin Kamara / Bijan Robinson / Daniel Carlson / Drake London / Michael Penix Jr.,43200,<48000,3-3,1,85.82,112.42,121.93,137.67,0.0005,0,1,FORCED_CAPTAIN
3951,Oscar Delp,TE,Alvin Kamara / Bijan Robinson / Falcons / Michael Penix Jr. / Tyler Shough,41600,<48000,3-3,1,85.28,108.61,115.81,129.22,0.0005,0,1,FORCED_CAPTAIN
3963,Oscar Delp,TE,Alvin Kamara / Devaughn Vele / Drake London / Juwan Johnson / Tyler Shough,42400,<48000,1-5,1,85.52,114.72,124.67,142.19,0.0005,0,2,FORCED_CAPTAIN
3969,Oscar Delp,TE,Bijan Robinson / Brian Robinson Jr. / Chris Olave / Devaughn Vele / Tyler Shough,44400,<48000,2-4,1,92.01,121.37,132.03,151.17,0.0005,0,1,FORCED_CAPTAIN
3990,Oscar Delp,TE,Bijan Robinson / Chris Olave / Drake London / Falcons / Nick Folk,42200,<48000,4-2,0,87.37,112.36,120.77,138.42,0.0005,0,0,FORCED_CAPTAIN
3998,Oscar Delp,TE,Bijan Robinson / Chris Olave / Falcons / Nick Folk / Tyler Shough,41800,<48000,3-3,1,89.83,115.03,124.24,141.91,0.0005,0,1,FORCED_CAPTAIN
4016,Oscar Delp,TE,Bijan Robinson / Devaughn Vele / Drake London / Michael Penix Jr. / Nick Folk,44600,<48000,4-2,1,82.44,109.6,118.64,133.64,0.0005,0,1,FORCED_CAPTAIN
4029,Oscar Delp,TE,Chris Olave / Devaughn Vele / Drake London / Falcons / Tyler Shough,42400,<48000,2-4,1,86.97,115.24,125.64,146.03,0.0005,0,1,FORCED_CAPTAIN
4067,Saints,DST,Alvin Kamara / Brian Robinson Jr. / Daniel Carlson / Juwan Johnson / Nick Folk,34700,<48000,2-4,0,60.78,78.61,84.63,96.49,0.0005,0,0,EXACT_OR_NEAR_OPTIMAL
4068,Saints,DST,Alvin Kamara / Brian Robinson Jr. / Daniel Carlson / Michael Penix Jr. / Nick Folk,36300,<48000,3-3,0,59.94,75.21,80.33,88.73,0.0005,0,0,EXACT_OR_NEAR_OPTIMAL
4185,Spencer Rattler,QB,Alvin Kamara / Bijan Robinson / Drake London / Oscar Delp / Tyler Shough,47800,<48000,2-4,1,83.75,109.51,117.8,129.3,0.0005,0,1,EXACT_OR_NEAR_OPTIMAL
4243,Spencer Rattler,QB,Bijan Robinson / Chris Olave / Falcons / Saints / Tyler Shough,49000,49000-49400,2-4,0,86.44,110.42,118.41,135.55,0.0005,0,0,EXACT_OR_NEAR_OPTIMAL
4285,Treyton Welch,TE,Alvin Kamara / Bijan Robinson / Brian Robinson Jr. / Chris Olave / Tyler Shough,43300,<48000,2-4,1,92.92,120.71,129.95,149.72,0.0005,0,1,FORCED_CAPTAIN
4291,Treyton Welch,TE,Alvin Kamara / Bijan Robinson / Chris Olave / Daniel Carlson / Tyler Shough,44300,<48000,1-5,1,96.87,124.32,132.19,151.04,0.0005,0,2,FORCED_CAPTAIN
4292,Treyton Welch,TE,Alvin Kamara / Bijan Robinson / Chris Olave / Devaughn Vele / Drake London,47700,<48000,2-4,0,96.83,123.32,132.7,150.74,0.0005,0,0,FORCED_CAPTAIN
4294,Treyton Welch,TE,Alvin Kamara / Bijan Robinson / Chris Olave / Drake London / Falcons,43500,<48000,3-3,0,91.43,116.31,123.69,142.14,0.0005,0,0,FORCED_CAPTAIN
4297,Treyton Welch,TE,Alvin Kamara / Bijan Robinson / Chris Olave / Drake London / Nick Folk,45300,<48000,3-3,0,93.69,118.81,126.98,146.84,0.0005,0,0,FORCED_CAPTAIN
4300,Treyton Welch,TE,Alvin Kamara / Bijan Robinson / Chris Olave / Falcons / Tyler Shough,43100,<48000,2-4,1,93.88,120.37,129.46,147.64,0.0005,0,1,FORCED_CAPTAIN
4308,Treyton Welch,TE,Alvin Kamara / Bijan Robinson / Devaughn Vele / Juwan Johnson / Tyler Shough,43900,<48000,1-5,1,89.79,117.36,126.52,145.67,0.0005,0,2,FORCED_CAPTAIN
4309,Treyton Welch,TE,Alvin Kamara / Bijan Robinson / Devaughn Vele / Michael Penix Jr. / Tyler Shough,45500,<48000,2-4,1,88.95,116.41,125.3,139.76,0.0005,0,1,FORCED_CAPTAIN
4331,Treyton Welch,TE,Bijan Robinson / Brian Robinson Jr. / Chris Olave / Juwan Johnson / Tyler Shough,43700,<48000,2-4,1,95.43,125.5,134.78,155.58,0.0005,0,2,FORCED_CAPTAIN
4345,Treyton Welch,TE,Bijan Robinson / Chris Olave / Daniel Carlson / Saints / Tyler Shough,41500,<48000,1-5,1,89.76,114.6,122.65,140.0,0.0005,0,2,FORCED_CAPTAIN
4349,Treyton Welch,TE,Bijan Robinson / Chris Olave / Devaughn Vele / Falcons / Tyler Shough,43900,<48000,2-4,1,91.24,118.67,129.81,148.92,0.0005,0,1,FORCED_CAPTAIN
4354,Treyton Welch,TE,Bijan Robinson / Chris Olave / Drake London / Falcons / Michael Penix Jr.,45500,<48000,4-2,1,93.09,121.81,132.42,149.43,0.0005,0,2,FORCED_CAPTAIN
4367,Treyton Welch,TE,Bijan Robinson / Chris Olave / Falcons / Michael Penix Jr. / Tyler Shough,45100,<48000,3-3,1,95.55,123.06,133.57,154.33,0.0005,0,2,FORCED_CAPTAIN
4404,Treyton Welch,TE,Devaughn Vele / Drake London / Juwan Johnson / Michael Penix Jr. / Tyler Shough,44100,<48000,2-4,1,85.45,117.07,126.73,146.81,0.0005,0,2,FORCED_CAPTAIN
4586,Tyler Shough,QB,Alvin Kamara / Brian Robinson Jr. / Juwan Johnson / Kendre Miller / Nick Folk,43000,<48000,2-4,1,79.79,108.21,117.33,135.73,0.0005,0,1,EXACT_OR_NEAR_OPTIMAL
4691,Tyler Shough,QB,Alvin Kamara / Falcons / Juwan Johnson / Michael Penix Jr. / Olamide Zaccheaus,43400,<48000,3-3,1,86.88,114.95,124.55,139.32,0.0005,0,1,EXACT_OR_NEAR_OPTIMAL
4718,Tyler Shough,QB,Austin Hooper / Drake London / Falcons / Michael Penix Jr. / Saints,44000,<48000,4-2,1,84.82,111.74,119.82,135.17,0.0005,0,1,EXACT_OR_NEAR_OPTIMAL
4795,Tyler Shough,QB,Brian Robinson Jr. / Daniel Carlson / Devaughn Vele / Jahan Dotson / Juwan Johnson,41200,<48000,2-4,1,78.22,107.54,115.64,134.52,0.0005,0,1,EXACT_OR_NEAR_OPTIMAL
4876,Tyler Shough,QB,Devaughn Vele / Falcons / Jahan Dotson / Michael Penix Jr. / Saints,42000,<48000,3-3,0,76.28,100.67,107.89,121.39,0.0005,0,0,EXACT_OR_NEAR_OPTIMAL
4891,Zachariah Branch,WR,Alvin Kamara / Bijan Robinson / Chris Olave / Daniel Carlson / Michael Penix Jr.,47000,<48000,3-3,1,90.39,115.28,124.15,141.26,0.0005,0,1,FORCED_CAPTAIN
4895,Zachariah Branch,WR,Alvin Kamara / Bijan Robinson / Chris Olave / Drake London / Falcons,46800,<48000,4-2,0,92.08,117.42,125.43,143.84,0.0005,0,0,FORCED_CAPTAIN
4901,Zachariah Branch,WR,Alvin Kamara / Bijan Robinson / Chris Olave / Saints / Tyler Shough,47000,<48000,2-4,1,95.46,122.08,131.65,149.16,0.0005,0,1,FORCED_CAPTAIN
4905,Zachariah Branch,WR,Alvin Kamara / Bijan Robinson / Devaughn Vele / Juwan Johnson / Michael Penix Jr.,46600,<48000,3-3,1,83.31,108.68,116.35,134.08,0.0005,0,1,FORCED_CAPTAIN
4912,Zachariah Branch,WR,Alvin Kamara / Bijan Robinson / Kendre Miller / Michael Penix Jr. / Tyler Shough,46000,<48000,3-3,1,82.33,107.61,115.43,128.34,0.0005,0,1,EXACT_OR_NEAR_OPTIMAL
4921,Zachariah Branch,WR,Alvin Kamara / Chris Olave / Juwan Johnson / Nick Folk / Tyler Shough,43800,<48000,2-4,1,86.95,116.76,125.76,144.09,0.0005,0,1,FORCED_CAPTAIN
4930,Zachariah Branch,WR,Austin Hooper / Bijan Robinson / Chris Olave / Juwan Johnson / Tyler Shough,46000,<48000,3-3,1,95.07,125.84,135.98,155.72,0.0005,0,2,FORCED_CAPTAIN
4943,Zachariah Branch,WR,Bijan Robinson / Chris Olave / Daniel Carlson / Devaughn Vele / Michael Penix Jr.,47800,<48000,3-3,1,87.75,113.26,123.73,139.56,0.0005,0,1,EXACT_OR_NEAR_OPTIMAL
4947,Zachariah Branch,WR,Bijan Robinson / Chris Olave / Daniel Carlson / Juwan Johnson / Michael Penix Jr.,47400,<48000,3-3,1,92.9,119.78,128.0,146.31,0.0005,0,2,EXACT_OR_NEAR_OPTIMAL
4951,Zachariah Branch,WR,Bijan Robinson / Chris Olave / Devaughn Vele / Drake London / Kendre Miller,49000,49000-49400,3-3,0,87.57,114.05,123.51,139.38,0.0005,0,0,EXACT_OR_NEAR_OPTIMAL
4964,Zachariah Branch,WR,Bijan Robinson / Chris Olave / Falcons / Michael Penix Jr. / Nick Folk,44200,<48000,5-1,1,81.61,105.83,113.58,129.74,0.0005,0,2,EXACT_OR_NEAR_OPTIMAL
4966,Zachariah Branch,WR,Bijan Robinson / Chris Olave / Jahan Dotson / Juwan Johnson / Tyler Shough,46200,<48000,3-3,1,95.51,125.68,135.87,155.91,0.0005,0,2,EXACT_OR_NEAR_OPTIMAL
4972,Zachariah Branch,WR,Bijan Robinson / Chris Olave / Michael Penix Jr. / Saints / Tyler Shough,49000,49000-49400,3-3,1,97.13,125.06,134.18,155.82,0.0005,0,2,FORCED_CAPTAIN
4973,Zachariah Branch,WR,Bijan Robinson / Daniel Carlson / Drake London / Juwan Johnson / Michael Penix Jr.,46600,<48000,4-2,1,87.24,115.32,123.89,140.72,0.0005,0,2,FORCED_CAPTAIN
4978,Zachariah Branch,WR,Bijan Robinson / Devaughn Vele / Drake London / Saints / Tyler Shough,47000,<48000,3-3,0,87.16,112.82,120.21,135.55,0.0005,0,0,FORCED_CAPTAIN
4981,Zachariah Branch,WR,Bijan Robinson / Drake London / Falcons / Juwan Johnson / Michael Penix Jr.,45400,<48000,5-1,1,84.24,111.32,120.01,136.37,0.0005,0,3,FORCED_CAPTAIN
4982,Zachariah Branch,WR,Bijan Robinson / Drake London / Juwan Johnson / Michael Penix Jr. / Nick Folk,47200,<48000,5-1,1,86.5,114.64,124.32,137.97,0.0005,0,3,EXACT_OR_NEAR_OPTIMAL
4988,Zachariah Branch,WR,Chris Olave / Daniel Carlson / Drake London / Juwan Johnson / Tyler Shough,46200,<48000,2-4,1,94.02,124.41,134.92,151.12,0.0005,0,2,EXACT_OR_NEAR_OPTIMAL
4996,Zachariah Branch,WR,Chris Olave / Drake London / Falcons / Juwan Johnson / Tyler Shough,45000,<48000,3-3,1,91.03,120.77,129.93,147.05,0.0005,0,2,FORCED_CAPTAIN
4999,Zachariah Branch,WR,Chris Olave / Drake London / Juwan Johnson / Saints / Tyler Shough,45600,<48000,2-4,1,91.96,122.53,131.32,150.09,0.0005,0,2,EXACT_OR_NEAR_OPTIMAL
315,Austin Hooper,TE,Chris Olave / Daniel Carlson / Juwan Johnson / Saints / Tyler Shough,41000,<48000,1-5,1,84.91,113.06,121.1,136.35,0.0,0,2,FORCED_CAPTAIN
333,Barion Brown,WR,Alvin Kamara / Austin Hooper / Bijan Robinson / Chris Olave / Nick Folk,39600,<48000,3-3,0,77.16,98.7,107.0,121.82,0.0,0,0,FORCED_CAPTAIN
334,Barion Brown,WR,Alvin Kamara / Bijan Robinson / Brian Robinson Jr. / Chris Olave / Drake London,45200,<48000,3-3,0,90.3,115.95,124.55,142.77,0.0,0,0,FORCED_CAPTAIN
335,Barion Brown,WR,Alvin Kamara / Bijan Robinson / Chris Olave / Daniel Carlson / Devaughn Vele,44000,<48000,1-5,0,85.27,108.09,116.62,133.55,0.0,0,1,FORCED_CAPTAIN
336,Barion Brown,WR,Alvin Kamara / Bijan Robinson / Chris Olave / Daniel Carlson / Drake London,46200,<48000,2-4,0,94.25,119.4,128.11,145.01,0.0,0,0,FORCED_CAPTAIN
337,Barion Brown,WR,Alvin Kamara / Bijan Robinson / Chris Olave / Daniel Carlson / Juwan Johnson,43600,<48000,1-5,0,90.41,114.34,121.3,139.1,0.0,0,1,FORCED_CAPTAIN
339,Barion Brown,WR,Alvin Kamara / Bijan Robinson / Chris Olave / Devaughn Vele / Michael Penix Jr.,48200,48000-48900,2-4,0,91.99,118.53,127.94,146.41,0.0,0,0,FORCED_CAPTAIN
343,Barion Brown,WR,Alvin Kamara / Bijan Robinson / Chris Olave / Drake London / Saints,45600,<48000,2-4,0,92.19,116.11,123.42,142.29,0.0,0,0,FORCED_CAPTAIN
344,Barion Brown,WR,Alvin Kamara / Bijan Robinson / Chris Olave / Falcons / Michael Penix Jr.,44000,<48000,3-3,0,86.58,111.1,120.04,134.69,0.0,0,0,FORCED_CAPTAIN
345,Barion Brown,WR,Alvin Kamara / Bijan Robinson / Chris Olave / Falcons / Tyler Shough,44600,<48000,2-4,1,93.71,119.95,129.58,147.96,0.0,0,1,FORCED_CAPTAIN
346,Barion Brown,WR,Alvin Kamara / Bijan Robinson / Chris Olave / Jahan Dotson / Juwan Johnson,41800,<48000,2-4,0,85.9,109.99,116.69,136.53,0.0,0,0,FORCED_CAPTAIN
347,Barion Brown,WR,Alvin Kamara / Bijan Robinson / Chris Olave / Juwan Johnson / Michael Penix Jr.,47800,<48000,2-4,0,97.14,124.33,132.17,153.12,0.0,0,1,FORCED_CAPTAIN
348,Barion Brown,WR,Alvin Kamara / Bijan Robinson / Chris Olave / Juwan Johnson / Nick Folk,44200,<48000,2-4,0,89.68,114.23,121.99,140.43,0.0,0,0,FORCED_CAPTAIN
352,Barion Brown,WR,Alvin Kamara / Bijan Robinson / Chris Olave / Saints / Tyler Shough,45200,<48000,1-5,1,94.65,121.09,130.96,148.84,0.0,0,2,FORCED_CAPTAIN
353,Barion Brown,WR,Alvin Kamara / Bijan Robinson / Daniel Carlson / Devaughn Vele / Tyler Shough,42800,<48000,1-5,1,82.06,105.4,113.38,126.65,0.0,0,2,FORCED_CAPTAIN
354,Barion Brown,WR,Alvin Kamara / Bijan Robinson / Daniel Carlson / Drake London / Michael Penix Jr.,44400,<48000,3-3,1,83.91,110.04,119.29,135.88,0.0,0,1,FORCED_CAPTAIN
355,Barion Brown,WR,Alvin Kamara / Bijan Robinson / Daniel Carlson / Juwan Johnson / Michael Penix Jr.,41800,<48000,2-4,0,80.08,103.73,110.0,123.81,0.0,0,0,FORCED_CAPTAIN
356,Barion Brown,WR,Alvin Kamara / Bijan Robinson / Devaughn Vele / Drake London / Michael Penix Jr.,47400,<48000,3-3,1,86.33,114.52,123.78,138.51,0.0,0,1,FORCED_CAPTAIN
358,Barion Brown,WR,Alvin Kamara / Bijan Robinson / Devaughn Vele / Juwan Johnson / Michael Penix Jr.,44800,<48000,2-4,0,82.49,106.84,114.38,133.69,0.0,0,0,FORCED_CAPTAIN
359,Barion Brown,WR,Alvin Kamara / Bijan Robinson / Devaughn Vele / Juwan Johnson / Tyler Shough,45400,<48000,1-5,1,89.62,117.32,125.44,145.63,0.0,0,2,FORCED_CAPTAIN
361,Barion Brown,WR,Alvin Kamara / Bijan Robinson / Drake London / Kendre Miller / Tyler Shough,45200,<48000,2-4,1,86.19,112.89,119.88,133.11,0.0,0,1,FORCED_CAPTAIN
363,Barion Brown,WR,Alvin Kamara / Bijan Robinson / Drake London / Nick Folk / Saints,40200,<48000,3-3,0,74.4,94.41,100.55,113.54,0.0,0,0,FORCED_CAPTAIN
364,Barion Brown,WR,Alvin Kamara / Bijan Robinson / Juwan Johnson / Kendre Miller / Tyler Shough,42600,<48000,1-5,1,82.35,108.83,115.26,130.47,0.0,0,2,FORCED_CAPTAIN
366,Barion Brown,WR,Alvin Kamara / Chris Olave / Daniel Carlson / Drake London / Tyler Shough,44000,<48000,1-5,1,90.7,119.08,127.97,147.0,0.0,0,2,FORCED_CAPTAIN
367,Barion Brown,WR,Alvin Kamara / Chris Olave / Daniel Carlson / Nick Folk / Tyler Shough,39400,<48000,1-5,1,78.57,103.44,111.65,125.65,0.0,0,2,FORCED_CAPTAIN
369,Barion Brown,WR,Alvin Kamara / Chris Olave / Devaughn Vele / Nick Folk / Tyler Shough,42400,<48000,1-5,1,80.98,109.05,118.32,134.92,0.0,0,2,FORCED_CAPTAIN
370,Barion Brown,WR,Alvin Kamara / Chris Olave / Drake London / Juwan Johnson / Michael Penix Jr.,46000,<48000,2-4,0,91.13,120.24,128.47,145.58,0.0,0,1,FORCED_CAPTAIN
373,Barion Brown,WR,Alvin Kamara / Devaughn Vele / Drake London / Juwan Johnson / Tyler Shough,43600,<48000,1-5,1,83.61,112.57,122.11,139.66,0.0,0,2,FORCED_CAPTAIN
374,Barion Brown,WR,Alvin Kamara / Drake London / Juwan Johnson / Michael Penix Jr. / Tyler Shough,44800,<48000,2-4,1,87.92,118.63,127.14,146.62,0.0,0,2,FORCED_CAPTAIN
375,Barion Brown,WR,Austin Hooper / Bijan Robinson / Chris Olave / Drake London / Juwan Johnson,44600,<48000,3-3,0,91.79,118.82,127.57,144.25,0.0,0,1,FORCED_CAPTAIN
376,Barion Brown,WR,Austin Hooper / Bijan Robinson / Chris Olave / Drake London / Michael Penix Jr.,46200,<48000,4-2,1,90.96,122.29,131.79,149.99,0.0,0,2,FORCED_CAPTAIN
379,Barion Brown,WR,Austin Hooper / Bijan Robinson / Chris Olave / Michael Penix Jr. / Nick Folk,41600,<48000,4-2,1,78.83,103.13,112.3,129.62,0.0,0,1,FORCED_CAPTAIN
380,Barion Brown,WR,Austin Hooper / Bijan Robinson / Chris Olave / Michael Penix Jr. / Tyler Shough,45800,<48000,3-3,1,93.41,122.94,134.31,155.06,0.0,0,2,FORCED_CAPTAIN
381,Barion Brown,WR,Austin Hooper / Bijan Robinson / Devaughn Vele / Michael Penix Jr. / Tyler Shough,42800,<48000,3-3,1,78.76,104.76,113.03,130.12,0.0,0,1,FORCED_CAPTAIN
382,Barion Brown,WR,Bijan Robinson / Brian Robinson Jr. / Chris Olave / Drake London / Juwan Johnson,45600,<48000,3-3,0,92.8,119.44,127.7,144.78,0.0,0,1,FORCED_CAPTAIN
385,Barion Brown,WR,Bijan Robinson / Brian Robinson Jr. / Chris Olave / Michael Penix Jr. / Tyler Shough,46800,<48000,3-3,1,94.42,123.2,134.66,155.26,0.0,0,2,FORCED_CAPTAIN
386,Barion Brown,WR,Bijan Robinson / Brian Robinson Jr. / Daniel Carlson / Drake London / Michael Penix Jr.,41200,<48000,4-2,1,74.91,100.52,108.86,122.65,0.0,0,1,FORCED_CAPTAIN
387,Barion Brown,WR,Bijan Robinson / Brian Robinson Jr. / Drake London / Juwan Johnson / Michael Penix Jr.,43800,<48000,4-2,1,82.47,109.94,118.84,135.16,0.0,0,2,FORCED_CAPTAIN
389,Barion Brown,WR,Bijan Robinson / Charlie Woerner / Falcons / Michael Penix Jr. / Tyler Shough,36400,<48000,4-2,1,70.1,90.65,98.2,114.83,0.0,0,1,FORCED_CAPTAIN
391,Barion Brown,WR,Bijan Robinson / Chris Olave / Daniel Carlson / Drake London / Falcons,42800,<48000,3-3,0,86.2,110.8,118.92,135.28,0.0,0,0,FORCED_CAPTAIN
392,Barion Brown,WR,Bijan Robinson / Chris Olave / Daniel Carlson / Drake London / Juwan Johnson,46600,<48000,2-4,0,96.76,123.87,131.09,148.89,0.0,0,1,FORCED_CAPTAIN
395,Barion Brown,WR,Bijan Robinson / Chris Olave / Daniel Carlson / Falcons / Juwan Johnson,40200,<48000,2-4,0,82.36,105.11,112.59,127.53,0.0,0,0,FORCED_CAPTAIN
397,Barion Brown,WR,Bijan Robinson / Chris Olave / Daniel Carlson / Michael Penix Jr. / Nick Folk,43600,<48000,3-3,0,83.79,107.61,116.1,131.45,0.0,0,0,FORCED_CAPTAIN
398,Barion Brown,WR,Bijan Robinson / Chris Olave / Daniel Carlson / Michael Penix Jr. / Saints,42400,<48000,2-4,0,82.46,105.26,113.23,129.5,0.0,0,0,FORCED_CAPTAIN
400,Barion Brown,WR,Bijan Robinson / Chris Olave / Devaughn Vele / Falcons / Tyler Shough,45400,<48000,2-4,1,91.07,118.77,129.81,149.17,0.0,0,1,FORCED_CAPTAIN
402,Barion Brown,WR,Bijan Robinson / Chris Olave / Devaughn Vele / Michael Penix Jr. / Saints,45400,<48000,2-4,0,84.88,109.2,117.62,132.98,0.0,0,0,FORCED_CAPTAIN
404,Barion Brown,WR,Bijan Robinson / Chris Olave / Devaughn Vele / Saints / Tyler Shough,46000,<48000,1-5,1,92.0,120.19,129.9,148.65,0.0,0,2,FORCED_CAPTAIN
407,Barion Brown,WR,Bijan Robinson / Chris Olave / Drake London / Jahan Dotson / Juwan Johnson,44800,<48000,3-3,0,92.24,119.37,126.56,144.83,0.0,0,1,FORCED_CAPTAIN
408,Barion Brown,WR,Bijan Robinson / Chris Olave / Drake London / Jahan Dotson / Michael Penix Jr.,46400,<48000,4-2,1,91.4,121.89,131.1,150.96,0.0,0,2,FORCED_CAPTAIN
410,Barion Brown,WR,Bijan Robinson / Chris Olave / Drake London / Juwan Johnson / Saints,46000,<48000,2-4,0,94.7,120.34,127.61,143.36,0.0,0,1,FORCED_CAPTAIN
417,Barion Brown,WR,Bijan Robinson / Chris Olave / Falcons / Jahan Dotson / Michael Penix Jr.,40000,<48000,4-2,1,77.01,101.67,109.72,126.86,0.0,0,1,FORCED_CAPTAIN
418,Barion Brown,WR,Bijan Robinson / Chris Olave / Falcons / Juwan Johnson / Tyler Shough,45000,<48000,2-4,1,96.22,124.4,133.84,153.99,0.0,0,2,FORCED_CAPTAIN
419,Barion Brown,WR,Bijan Robinson / Chris Olave / Falcons / Michael Penix Jr. / Nick Folk,42400,<48000,4-2,0,80.79,104.54,112.67,128.86,0.0,0,0,FORCED_CAPTAIN
420,Barion Brown,WR,Bijan Robinson / Chris Olave / Falcons / Nick Folk / Tyler Shough,43000,<48000,3-3,1,87.92,113.25,123.2,139.68,0.0,0,1,FORCED_CAPTAIN
421,Barion Brown,WR,Bijan Robinson / Chris Olave / Jahan Dotson / Nick Folk / Tyler Shough,42400,<48000,3-3,1,86.4,112.7,123.16,139.84,0.0,0,1,FORCED_CAPTAIN
422,Barion Brown,WR,Bijan Robinson / Chris Olave / Juwan Johnson / Kyle Pitts Sr. / Tyler Shough,47200,<48000,2-4,1,95.73,126.17,135.66,156.8,0.0,0,2,FORCED_CAPTAIN
427,Barion Brown,WR,Bijan Robinson / Daniel Carlson / Devaughn Vele / Drake London / Juwan Johnson,43600,<48000,2-4,0,82.11,106.31,114.37,130.05,0.0,0,0,FORCED_CAPTAIN
428,Barion Brown,WR,Bijan Robinson / Daniel Carlson / Drake London / Juwan Johnson / Michael Penix Jr.,44800,<48000,3-3,1,86.42,114.27,122.5,140.57,0.0,0,2,FORCED_CAPTAIN
429,Barion Brown,WR,Bijan Robinson / Daniel Carlson / Juwan Johnson / Michael Penix Jr. / Tyler Shough,44400,<48000,2-4,1,88.87,115.85,123.92,139.34,0.0,0,2,FORCED_CAPTAIN
434,Barion Brown,WR,Bijan Robinson / Drake London / Falcons / Juwan Johnson / Michael Penix Jr.,43600,<48000,4-2,1,83.42,110.27,118.52,135.88,0.0,0,2,FORCED_CAPTAIN
435,Barion Brown,WR,Bijan Robinson / Drake London / Juwan Johnson / Michael Penix Jr. / Nick Folk,45400,<48000,4-2,1,85.69,113.55,123.03,137.97,0.0,0,2,FORCED_CAPTAIN
438,Barion Brown,WR,Bijan Robinson / Drake London / Michael Penix Jr. / Olamide Zaccheaus / Tyler Shough,44200,<48000,4-2,1,86.53,115.96,124.12,139.66,0.0,0,2,FORCED_CAPTAIN
439,Barion Brown,WR,Bijan Robinson / Falcons / Michael Penix Jr. / Nick Folk / Tyler Shough,41200,<48000,4-2,0,77.59,98.7,106.71,120.15,0.0,0,0,FORCED_CAPTAIN
440,Barion Brown,WR,Brian Robinson Jr. / Devaughn Vele / Kyle Pitts Sr. / Michael Penix Jr. / Tyler Shough,37800,<48000,3-3,1,58.89,81.4,87.79,102.81,0.0,0,1,FORCED_CAPTAIN
441,Barion Brown,WR,Chris Olave / Daniel Carlson / Drake London / Juwan Johnson / Tyler Shough,44400,<48000,1-5,1,93.2,123.81,132.83,149.18,0.0,0,3,FORCED_CAPTAIN
443,Barion Brown,WR,Chris Olave / Daniel Carlson / Nick Folk / Saints / Tyler Shough,36600,<48000,1-5,1,71.45,94.23,102.01,114.73,0.0,0,2,FORCED_CAPTAIN
446,Barion Brown,WR,Chris Olave / Devaughn Vele / Juwan Johnson / Michael Penix Jr. / Tyler Shough,46400,<48000,1-5,1,90.94,122.54,131.8,152.45,0.0,0,3,FORCED_CAPTAIN
447,Barion Brown,WR,Chris Olave / Drake London / Falcons / Michael Penix Jr. / Tyler Shough,44800,<48000,3-3,1,89.37,118.36,128.43,147.93,0.0,0,2,FORCED_CAPTAIN
450,Barion Brown,WR,Chris Olave / Drake London / Juwan Johnson / Saints / Tyler Shough,43800,<48000,1-5,1,91.14,121.43,130.14,148.88,0.0,0,3,FORCED_CAPTAIN
861,Brian Robinson Jr.,RB,Bijan Robinson / Daniel Carlson / Devaughn Vele / Falcons / Juwan Johnson,41100,<48000,3-3,0,74.39,96.67,103.74,116.15,0.0,0,0,FORCED_CAPTAIN
918,Bryce Lance,WR,Alvin Kamara / Bijan Robinson / Daniel Carlson / Drake London / Juwan Johnson,43700,<48000,2-4,0,88.5,113.47,121.43,133.23,0.0,0,0,FORCED_CAPTAIN
948,Bryce Lance,WR,Austin Hooper / Chris Olave / Drake London / Nick Folk / Tyler Shough,41300,<48000,3-3,1,83.69,112.75,120.77,139.02,0.0,0,1,FORCED_CAPTAIN
956,Bryce Lance,WR,Bijan Robinson / Charlie Woerner / Falcons / Michael Penix Jr. / Tyler Shough,37300,<48000,4-2,1,73.84,96.38,103.87,119.74,0.0,0,1,FORCED_CAPTAIN
1005,Bryce Lance,WR,Bijan Robinson / Jahan Dotson / Michael Penix Jr. / Saints / Tyler Shough,40300,<48000,3-3,1,78.48,101.23,109.81,124.03,0.0,0,1,FORCED_CAPTAIN
1006,Bryce Lance,WR,Brian Robinson Jr. / Devaughn Vele / Kyle Pitts Sr. / Michael Penix Jr. / Tyler Shough,38700,<48000,3-3,1,62.64,86.52,94.41,110.81,0.0,0,1,FORCED_CAPTAIN
1007,Bryce Lance,WR,Chris Olave / Daniel Carlson / Falcons / Juwan Johnson / Tyler Shough,38900,<48000,1-5,1,82.56,109.84,116.6,132.73,0.0,0,2,FORCED_CAPTAIN
1019,Bryce Lance,WR,Chris Olave / Juwan Johnson / Michael Penix Jr. / Olamide Zaccheaus / Tyler Shough,41500,<48000,2-4,1,86.09,117.23,126.46,144.51,0.0,0,2,FORCED_CAPTAIN
1022,CJ Donaldson,RB,Alvin Kamara / Bijan Robinson / Chris Olave / Daniel Carlson / Juwan Johnson,43900,<48000,1-5,0,90.89,114.75,121.52,139.55,0.0,0,1,FORCED_CAPTAIN
1026,CJ Donaldson,RB,Alvin Kamara / Bijan Robinson / Chris Olave / Drake London / Falcons,45300,<48000,3-3,0,91.73,116.89,124.25,142.28,0.0,0,0,FORCED_CAPTAIN
1028,CJ Donaldson,RB,Alvin Kamara / Bijan Robinson / Chris Olave / Drake London / Kendre Miller,46700,<48000,2-4,0,89.87,115.17,124.17,140.33,0.0,0,0,FORCED_CAPTAIN
1030,CJ Donaldson,RB,Alvin Kamara / Bijan Robinson / Chris Olave / Juwan Johnson / Michael Penix Jr.,48100,48000-48900,2-4,0,97.61,124.47,132.4,153.57,0.0,0,1,FORCED_CAPTAIN
1031,CJ Donaldson,RB,Alvin Kamara / Bijan Robinson / Chris Olave / Juwan Johnson / Nick Folk,44500,<48000,2-4,0,90.16,114.58,122.2,141.48,0.0,0,0,FORCED_CAPTAIN
1033,CJ Donaldson,RB,Alvin Kamara / Bijan Robinson / Chris Olave / Kendre Miller / Tyler Shough,46300,<48000,1-5,1,92.33,119.36,129.87,145.65,0.0,0,2,FORCED_CAPTAIN
1036,CJ Donaldson,RB,Alvin Kamara / Bijan Robinson / Daniel Carlson / Drake London / Michael Penix Jr.,44700,<48000,3-3,1,84.39,110.87,119.73,135.88,0.0,0,1,FORCED_CAPTAIN
1038,CJ Donaldson,RB,Alvin Kamara / Bijan Robinson / Daniel Carlson / Juwan Johnson / Nick Folk,38500,<48000,2-4,0,73.1,93.57,100.44,112.07,0.0,0,0,FORCED_CAPTAIN
1039,CJ Donaldson,RB,Alvin Kamara / Bijan Robinson / Daniel Carlson / Juwan Johnson / Tyler Shough,42700,<48000,1-5,1,87.68,113.19,120.46,137.29,0.0,0,2,FORCED_CAPTAIN
1045,CJ Donaldson,RB,Alvin Kamara / Bijan Robinson / Drake London / Juwan Johnson / Nick Folk,43700,<48000,3-3,0,84.5,108.53,118.2,131.62,0.0,0,0,FORCED_CAPTAIN
1048,CJ Donaldson,RB,Alvin Kamara / Bijan Robinson / Falcons / Juwan Johnson / Tyler Shough,41500,<48000,2-4,1,84.69,108.32,116.55,131.74,0.0,0,1,FORCED_CAPTAIN
1050,CJ Donaldson,RB,Alvin Kamara / Brian Robinson Jr. / Juwan Johnson / Saints / Tyler Shough,34100,<48000,1-5,1,64.26,86.94,93.23,109.79,0.0,0,2,FORCED_CAPTAIN
1052,CJ Donaldson,RB,Alvin Kamara / Chris Olave / Drake London / Juwan Johnson / Michael Penix Jr.,46300,<48000,2-4,0,91.61,120.33,129.07,147.58,0.0,0,1,FORCED_CAPTAIN
1055,CJ Donaldson,RB,Alvin Kamara / Chris Olave / Juwan Johnson / Michael Penix Jr. / Tyler Shough,45900,<48000,1-5,1,94.06,125.46,134.24,154.15,0.0,0,3,FORCED_CAPTAIN
1056,CJ Donaldson,RB,Alvin Kamara / Daniel Carlson / Drake London / Juwan Johnson / Saints,35500,<48000,1-5,0,65.76,85.48,92.52,105.35,0.0,0,1,FORCED_CAPTAIN
1057,CJ Donaldson,RB,Alvin Kamara / Drake London / Juwan Johnson / Michael Penix Jr. / Tyler Shough,45100,<48000,2-4,1,88.4,119.09,127.61,146.68,0.0,0,2,FORCED_CAPTAIN
1058,CJ Donaldson,RB,Austin Hooper / Bijan Robinson / Chris Olave / Daniel Carlson / Tyler Shough,41900,<48000,2-4,1,87.16,113.89,123.0,140.81,0.0,0,1,FORCED_CAPTAIN
1063,CJ Donaldson,RB,Austin Hooper / Chris Olave / Drake London / Michael Penix Jr. / Tyler Shough,44300,<48000,3-3,1,87.88,119.55,130.16,149.96,0.0,0,2,FORCED_CAPTAIN
1064,CJ Donaldson,RB,Austin Hooper / Chris Olave / Juwan Johnson / Saints / Tyler Shough,36900,<48000,1-5,1,75.26,102.64,110.37,126.89,0.0,0,2,FORCED_CAPTAIN
1065,CJ Donaldson,RB,Bijan Robinson / Brian Robinson Jr. / Chris Olave / Daniel Carlson / Drake London,43300,<48000,3-3,0,85.72,110.77,118.35,134.5,0.0,0,0,FORCED_CAPTAIN
1068,CJ Donaldson,RB,Bijan Robinson / Brian Robinson Jr. / Chris Olave / Michael Penix Jr. / Tyler Shough,47100,<48000,3-3,1,94.9,123.78,134.5,155.26,0.0,0,2,FORCED_CAPTAIN
1069,CJ Donaldson,RB,Bijan Robinson / Bryce Lance / Chris Olave / Drake London / Tyler Shough,46100,<48000,2-4,1,97.62,127.35,137.93,159.17,0.0,0,2,FORCED_CAPTAIN
1070,CJ Donaldson,RB,Bijan Robinson / Bryce Lance / Drake London / Michael Penix Jr. / Tyler Shough,44300,<48000,3-3,1,87.28,117.09,125.98,139.23,0.0,0,2,FORCED_CAPTAIN
1076,CJ Donaldson,RB,Bijan Robinson / Chris Olave / Daniel Carlson / Falcons / Tyler Shough,42700,<48000,2-4,1,89.13,113.12,122.44,138.98,0.0,0,1,FORCED_CAPTAIN
1081,CJ Donaldson,RB,Bijan Robinson / Chris Olave / Devaughn Vele / Falcons / Saints,40300,<48000,2-4,0,75.64,97.58,104.22,118.33,0.0,0,0,FORCED_CAPTAIN
1082,CJ Donaldson,RB,Bijan Robinson / Chris Olave / Devaughn Vele / Falcons / Tyler Shough,45700,<48000,2-4,1,91.55,119.1,130.17,148.75,0.0,0,1,FORCED_CAPTAIN
1088,CJ Donaldson,RB,Bijan Robinson / Chris Olave / Drake London / Falcons / Juwan Johnson,45700,<48000,3-3,0,94.24,120.58,128.38,145.25,0.0,0,1,FORCED_CAPTAIN
1090,CJ Donaldson,RB,Bijan Robinson / Chris Olave / Drake London / Falcons / Nick Folk,43700,<48000,4-2,0,85.95,110.37,118.78,134.92,0.0,0,0,FORCED_CAPTAIN
1093,CJ Donaldson,RB,Bijan Robinson / Chris Olave / Drake London / Juwan Johnson / Saints,46300,<48000,2-4,0,95.17,120.71,127.98,144.65,0.0,0,1,FORCED_CAPTAIN
1100,CJ Donaldson,RB,Bijan Robinson / Chris Olave / Drake London / Oscar Delp / Tyler Shough,44700,<48000,2-4,1,96.39,125.84,136.83,157.1,0.0,0,2,FORCED_CAPTAIN
1102,CJ Donaldson,RB,Bijan Robinson / Chris Olave / Falcons / Juwan Johnson / Saints,39900,<48000,2-4,0,80.78,103.02,109.13,123.18,0.0,0,0,FORCED_CAPTAIN
1103,CJ Donaldson,RB,Bijan Robinson / Chris Olave / Falcons / Juwan Johnson / Tyler Shough,45300,<48000,2-4,1,96.69,125.33,134.25,154.82,0.0,0,2,FORCED_CAPTAIN
1111,CJ Donaldson,RB,Bijan Robinson / Daniel Carlson / Devaughn Vele / Juwan Johnson / Tyler Shough,43500,<48000,1-5,1,85.04,111.01,120.1,138.13,0.0,0,2,FORCED_CAPTAIN
1118,CJ Donaldson,RB,Bijan Robinson / Devaughn Vele / Michael Penix Jr. / Saints / Tyler Shough,44500,<48000,2-4,1,82.14,106.19,113.63,130.05,0.0,0,1,FORCED_CAPTAIN
1119,CJ Donaldson,RB,Bijan Robinson / Drake London / Falcons / Juwan Johnson / Nick Folk,40300,<48000,4-2,0,76.45,99.4,106.94,121.48,0.0,0,0,FORCED_CAPTAIN
1120,CJ Donaldson,RB,Bijan Robinson / Drake London / Falcons / Nick Folk / Saints,37100,<48000,4-2,0,66.83,85.34,91.59,104.16,0.0,0,0,FORCED_CAPTAIN
1125,CJ Donaldson,RB,Bijan Robinson / Jahan Dotson / Michael Penix Jr. / Saints / Tyler Shough,39700,<48000,3-3,1,75.21,96.7,104.09,119.71,0.0,0,1,FORCED_CAPTAIN
1126,CJ Donaldson,RB,Bijan Robinson / Juwan Johnson / Michael Penix Jr. / Nick Folk / Tyler Shough,45300,<48000,3-3,1,88.62,116.2,123.45,142.37,0.0,0,2,FORCED_CAPTAIN
1127,CJ Donaldson,RB,Chris Olave / Daniel Carlson / Drake London / Juwan Johnson / Tyler Shough,44700,<48000,1-5,1,93.68,123.81,133.8,148.37,0.0,0,3,FORCED_CAPTAIN
1128,CJ Donaldson,RB,Chris Olave / Daniel Carlson / Drake London / Michael Penix Jr. / Tyler Shough,46300,<48000,2-4,1,92.84,123.74,133.12,151.27,0.0,0,2,FORCED_CAPTAIN
1131,CJ Donaldson,RB,Chris Olave / Devaughn Vele / Falcons / Juwan Johnson / Tyler Shough,41300,<48000,1-5,1,81.7,110.11,117.32,138.28,0.0,0,2,FORCED_CAPTAIN
1133,CJ Donaldson,RB,Chris Olave / Drake London / Falcons / Nick Folk / Tyler Shough,41500,<48000,3-3,1,82.39,108.34,116.75,134.59,0.0,0,1,FORCED_CAPTAIN
1139,CJ Donaldson,RB,Chris Olave / Juwan Johnson / Michael Penix Jr. / Nick Folk / Tyler Shough,44300,<48000,2-4,1,88.27,117.79,126.4,144.31,0.0,0,2,FORCED_CAPTAIN
1140,CJ Donaldson,RB,Devaughn Vele / Drake London / Juwan Johnson / Michael Penix Jr. / Tyler Shough,45900,<48000,2-4,1,85.76,117.28,126.73,144.22,0.0,0,2,FORCED_CAPTAIN
1141,Charlie Woerner,TE,Alvin Kamara / Bijan Robinson / Brian Robinson Jr. / Chris Olave / Tyler Shough,43900,<48000,3-3,1,93.03,120.5,129.77,149.42,0.0,0,1,FORCED_CAPTAIN
1142,Charlie Woerner,TE,Alvin Kamara / Bijan Robinson / Bryce Lance / Chris Olave / Tyler Shough,41900,<48000,2-4,1,91.07,118.71,129.09,146.94,0.0,0,1,FORCED_CAPTAIN
1143,Charlie Woerner,TE,Alvin Kamara / Bijan Robinson / Chris Olave / Daniel Carlson / Juwan Johnson,42700,<48000,2-4,0,90.69,114.56,121.3,139.1,0.0,0,0,FORCED_CAPTAIN
1145,Charlie Woerner,TE,Alvin Kamara / Bijan Robinson / Chris Olave / Drake London / Falcons,44100,<48000,4-2,0,91.53,117.09,124.42,143.84,0.0,0,0,FORCED_CAPTAIN
1147,Charlie Woerner,TE,Alvin Kamara / Bijan Robinson / Chris Olave / Drake London / Kendre Miller,45500,<48000,3-3,0,89.67,115.16,123.88,143.33,0.0,0,0,FORCED_CAPTAIN
1149,Charlie Woerner,TE,Alvin Kamara / Bijan Robinson / Chris Olave / Falcons / Juwan Johnson,41500,<48000,3-3,0,87.69,111.1,118.04,137.31,0.0,0,0,FORCED_CAPTAIN
1151,Charlie Woerner,TE,Alvin Kamara / Bijan Robinson / Chris Olave / Juwan Johnson / Nick Folk,43300,<48000,3-3,0,89.96,114.19,122.66,141.55,0.0,0,0,FORCED_CAPTAIN
1155,Charlie Woerner,TE,Alvin Kamara / Bijan Robinson / Chris Olave / Nick Folk / Tyler Shough,45500,<48000,3-3,1,96.25,123.65,133.95,152.21,0.0,0,1,FORCED_CAPTAIN
1156,Charlie Woerner,TE,Alvin Kamara / Bijan Robinson / Chris Olave / Saints / Tyler Shough,44300,<48000,2-4,1,94.92,121.13,131.46,148.74,0.0,0,1,FORCED_CAPTAIN
1157,Charlie Woerner,TE,Alvin Kamara / Bijan Robinson / Daniel Carlson / Juwan Johnson / Tyler Shough,41500,<48000,2-4,1,87.48,113.03,120.44,135.41,0.0,0,1,FORCED_CAPTAIN
1158,Charlie Woerner,TE,Alvin Kamara / Bijan Robinson / Daniel Carlson / Michael Penix Jr. / Tyler Shough,43100,<48000,3-3,1,86.64,111.01,117.43,134.29,0.0,0,1,FORCED_CAPTAIN
1161,Charlie Woerner,TE,Alvin Kamara / Bijan Robinson / Drake London / Falcons / Juwan Johnson,40700,<48000,4-2,0,82.03,105.7,113.35,125.77,0.0,0,0,FORCED_CAPTAIN
1163,Charlie Woerner,TE,Alvin Kamara / Bijan Robinson / Drake London / Juwan Johnson / Nick Folk,42500,<48000,4-2,0,84.29,108.6,117.01,130.68,0.0,0,0,FORCED_CAPTAIN
1166,Charlie Woerner,TE,Alvin Kamara / Bijan Robinson / Drake London / Nick Folk / Saints,39300,<48000,4-2,0,74.68,94.47,101.2,114.12,0.0,0,0,FORCED_CAPTAIN
1167,Charlie Woerner,TE,Alvin Kamara / Bijan Robinson / Juwan Johnson / Kendre Miller / Tyler Shough,41700,<48000,2-4,1,82.63,109.17,116.81,130.69,0.0,0,1,FORCED_CAPTAIN
1170,Charlie Woerner,TE,Alvin Kamara / Brian Robinson Jr. / Chris Olave / Michael Penix Jr. / Tyler Shough,41100,<48000,3-3,1,82.34,109.57,118.51,139.02,0.0,0,1,FORCED_CAPTAIN
1171,Charlie Woerner,TE,Alvin Kamara / Chris Olave / Daniel Carlson / Drake London / Tyler Shough,43100,<48000,2-4,1,90.97,119.21,127.91,147.39,0.0,0,1,FORCED_CAPTAIN
1174,Charlie Woerner,TE,Alvin Kamara / Chris Olave / Devaughn Vele / Juwan Johnson / Tyler Shough,43500,<48000,1-5,1,89.55,120.6,130.39,148.4,0.0,0,2,FORCED_CAPTAIN
1176,Charlie Woerner,TE,Alvin Kamara / Chris Olave / Drake London / Juwan Johnson / Saints,40300,<48000,2-4,0,82.62,106.7,114.59,128.85,0.0,0,0,FORCED_CAPTAIN
1179,Charlie Woerner,TE,Alvin Kamara / Chris Olave / Juwan Johnson / Saints / Tyler Shough,39900,<48000,1-5,1,85.08,113.93,122.01,138.77,0.0,0,2,FORCED_CAPTAIN
1180,Charlie Woerner,TE,Alvin Kamara / Devaughn Vele / Drake London / Juwan Johnson / Tyler Shough,42700,<48000,2-4,1,83.89,112.87,122.35,140.59,0.0,0,1,FORCED_CAPTAIN
1183,Charlie Woerner,TE,Austin Hooper / Bijan Robinson / Chris Olave / Devaughn Vele / Michael Penix Jr.,43100,<48000,4-2,1,82.25,108.87,118.0,136.33,0.0,0,1,FORCED_CAPTAIN
1185,Charlie Woerner,TE,Austin Hooper / Chris Olave / Drake London / Michael Penix Jr. / Tyler Shough,43100,<48000,4-2,1,87.68,119.71,129.27,149.44,0.0,0,2,FORCED_CAPTAIN
1188,Charlie Woerner,TE,Bijan Robinson / Brian Robinson Jr. / Chris Olave / Falcons / Michael Penix Jr.,39900,<48000,5-1,1,77.85,101.76,110.1,127.56,0.0,0,2,FORCED_CAPTAIN
1189,Charlie Woerner,TE,Bijan Robinson / Brian Robinson Jr. / Chris Olave / Juwan Johnson / Tyler Shough,44300,<48000,3-3,1,95.53,126.39,134.67,155.12,0.0,0,2,FORCED_CAPTAIN
1191,Charlie Woerner,TE,Bijan Robinson / Brian Robinson Jr. / Daniel Carlson / Drake London / Michael Penix Jr.,40300,<48000,5-1,1,75.18,100.9,109.11,124.57,0.0,0,2,FORCED_CAPTAIN
1192,Charlie Woerner,TE,Bijan Robinson / Brian Robinson Jr. / Devaughn Vele / Juwan Johnson / Tyler Shough,41300,<48000,3-3,1,80.89,107.41,115.56,134.82,0.0,0,1,FORCED_CAPTAIN
1193,Charlie Woerner,TE,Bijan Robinson / Brian Robinson Jr. / Drake London / Juwan Johnson / Michael Penix Jr.,42900,<48000,5-1,1,82.74,110.04,119.5,135.24,0.0,0,3,FORCED_CAPTAIN
1194,Charlie Woerner,TE,Bijan Robinson / Brian Robinson Jr. / Drake London / Juwan Johnson / Tyler Shough,43500,<48000,4-2,0,89.87,117.45,126.06,141.82,0.0,0,1,FORCED_CAPTAIN
1195,Charlie Woerner,TE,Bijan Robinson / Bryce Lance / Chris Olave / Drake London / Tyler Shough,44900,<48000,3-3,1,97.42,127.7,137.33,158.59,0.0,0,2,FORCED_CAPTAIN
1196,Charlie Woerner,TE,Bijan Robinson / Bryce Lance / Daniel Carlson / Juwan Johnson / Tyler Shough,36300,<48000,2-4,1,76.52,101.17,107.8,121.95,0.0,0,1,FORCED_CAPTAIN
1201,Charlie Woerner,TE,Bijan Robinson / Chris Olave / Daniel Carlson / Falcons / Tyler Shough,41500,<48000,3-3,0,88.93,112.97,122.33,139.47,0.0,0,0,FORCED_CAPTAIN
1203,Charlie Woerner,TE,Bijan Robinson / Chris Olave / Daniel Carlson / Michael Penix Jr. / Nick Folk,42700,<48000,4-2,1,84.06,107.93,116.25,132.14,0.0,0,1,FORCED_CAPTAIN
1205,Charlie Woerner,TE,Bijan Robinson / Chris Olave / Daniel Carlson / Nick Folk / Saints,37900,<48000,3-3,0,75.28,95.43,101.24,115.93,0.0,0,0,FORCED_CAPTAIN
1206,Charlie Woerner,TE,Bijan Robinson / Chris Olave / Daniel Carlson / Nick Folk / Tyler Shough,43300,<48000,3-3,0,91.19,116.98,126.58,143.28,0.0,0,0,FORCED_CAPTAIN
1208,Charlie Woerner,TE,Bijan Robinson / Chris Olave / Devaughn Vele / Michael Penix Jr. / Saints,44500,<48000,3-3,1,85.15,109.63,118.64,132.99,0.0,0,1,FORCED_CAPTAIN
1221,Charlie Woerner,TE,Bijan Robinson / Chris Olave / Falcons / Juwan Johnson / Tyler Shough,44100,<48000,3-3,1,96.49,125.32,133.79,154.51,0.0,0,2,FORCED_CAPTAIN
1231,Charlie Woerner,TE,Bijan Robinson / Chris Olave / Nick Folk / Saints / Tyler Shough,42700,<48000,3-3,0,89.13,114.53,122.96,139.79,0.0,0,0,FORCED_CAPTAIN
1233,Charlie Woerner,TE,Bijan Robinson / Daniel Carlson / Drake London / Falcons / Michael Penix Jr.,40100,<48000,5-1,1,76.14,100.77,109.56,124.57,0.0,0,2,FORCED_CAPTAIN
1234,Charlie Woerner,TE,Bijan Robinson / Daniel Carlson / Drake London / Falcons / Saints,35300,<48000,4-2,0,67.36,85.84,93.55,103.22,0.0,0,0,FORCED_CAPTAIN
1235,Charlie Woerner,TE,Bijan Robinson / Daniel Carlson / Drake London / Juwan Johnson / Tyler Shough,44500,<48000,3-3,0,93.82,121.69,128.62,145.5,0.0,0,1,FORCED_CAPTAIN
1236,Charlie Woerner,TE,Bijan Robinson / Daniel Carlson / Drake London / Michael Penix Jr. / Nick Folk,41900,<48000,5-1,1,78.4,103.97,111.85,127.14,0.0,0,2,FORCED_CAPTAIN
1240,Charlie Woerner,TE,Bijan Robinson / Devaughn Vele / Drake London / Saints / Tyler Shough,44300,<48000,3-3,0,86.62,111.83,119.05,136.5,0.0,0,0,FORCED_CAPTAIN
1241,Charlie Woerner,TE,Bijan Robinson / Devaughn Vele / Juwan Johnson / Kyle Pitts Sr. / Tyler Shough,43300,<48000,3-3,1,81.36,108.3,116.47,136.7,0.0,0,1,FORCED_CAPTAIN
1244,Charlie Woerner,TE,Bijan Robinson / Drake London / Falcons / Michael Penix Jr. / Saints,39500,<48000,5-1,1,74.08,97.25,105.42,120.42,0.0,0,2,FORCED_CAPTAIN
1246,Charlie Woerner,TE,Bijan Robinson / Drake London / Jahan Dotson / Juwan Johnson / Michael Penix Jr.,42100,<48000,5-1,1,82.18,110.31,118.37,136.83,0.0,0,3,FORCED_CAPTAIN
1250,Charlie Woerner,TE,Chris Olave / Daniel Carlson / Drake London / Juwan Johnson / Tyler Shough,43500,<48000,2-4,1,93.48,123.85,132.85,147.92,0.0,0,2,FORCED_CAPTAIN
1252,Charlie Woerner,TE,Chris Olave / Devaughn Vele / Drake London / Falcons / Tyler Shough,42700,<48000,3-3,1,85.34,113.47,123.18,141.7,0.0,0,1,FORCED_CAPTAIN
1255,Charlie Woerner,TE,Chris Olave / Devaughn Vele / Falcons / Juwan Johnson / Tyler Shough,40100,<48000,2-4,1,81.5,110.09,117.75,138.12,0.0,0,1,FORCED_CAPTAIN
1256,Charlie Woerner,TE,Chris Olave / Drake London / Falcons / Juwan Johnson / Tyler Shough,42300,<48000,3-3,1,90.48,120.43,129.35,146.39,0.0,0,2,FORCED_CAPTAIN
1258,Charlie Woerner,TE,Chris Olave / Drake London / Juwan Johnson / Nick Folk / Tyler Shough,44100,<48000,3-3,1,92.75,124.78,133.06,149.76,0.0,0,2,FORCED_CAPTAIN
1259,Charlie Woerner,TE,Chris Olave / Drake London / Juwan Johnson / Saints / Tyler Shough,42900,<48000,2-4,1,91.42,121.43,130.69,148.88,0.0,0,2,FORCED_CAPTAIN
1260,Charlie Woerner,TE,Daniel Carlson / Devaughn Vele / Drake London / Michael Penix Jr. / Tyler Shough,42100,<48000,3-3,1,77.99,105.23,113.74,130.9,0.0,0,1,FORCED_CAPTAIN
1262,Chris Blair,WR,Alvin Kamara / Bijan Robinson / Chris Olave / Daniel Carlson / Juwan Johnson,43300,<48000,2-4,0,90.34,114.42,121.3,139.1,0.0,0,0,FORCED_CAPTAIN
1263,Chris Blair,WR,Alvin Kamara / Bijan Robinson / Chris Olave / Daniel Carlson / Michael Penix Jr.,44900,<48000,3-3,1,89.5,114.05,122.94,139.2,0.0,0,1,FORCED_CAPTAIN
1269,Chris Blair,WR,Alvin Kamara / Bijan Robinson / Chris Olave / Falcons / Michael Penix Jr.,43700,<48000,4-2,1,86.51,110.77,120.03,134.64,0.0,0,1,FORCED_CAPTAIN
1270,Chris Blair,WR,Alvin Kamara / Bijan Robinson / Chris Olave / Falcons / Saints,38900,<48000,3-3,0,77.73,97.32,104.74,118.17,0.0,0,0,FORCED_CAPTAIN
1271,Chris Blair,WR,Alvin Kamara / Bijan Robinson / Chris Olave / Falcons / Tyler Shough,44300,<48000,3-3,1,93.64,119.54,129.12,147.03,0.0,0,1,FORCED_CAPTAIN
1274,Chris Blair,WR,Alvin Kamara / Bijan Robinson / Chris Olave / Kyle Pitts Sr. / Tyler Shough,46500,<48000,3-3,1,93.16,120.72,131.08,151.65,0.0,0,1,FORCED_CAPTAIN
1277,Chris Blair,WR,Alvin Kamara / Bijan Robinson / Chris Olave / Nick Folk / Tyler Shough,46100,<48000,3-3,1,95.9,122.92,133.94,151.41,0.0,0,1,FORCED_CAPTAIN
1278,Chris Blair,WR,Alvin Kamara / Bijan Robinson / Chris Olave / Saints / Tyler Shough,44900,<48000,2-4,1,94.57,120.84,130.52,148.7,0.0,0,1,FORCED_CAPTAIN
1279,Chris Blair,WR,Alvin Kamara / Bijan Robinson / Daniel Carlson / Devaughn Vele / Michael Penix Jr.,41900,<48000,3-3,1,74.86,96.32,104.23,117.5,0.0,0,1,FORCED_CAPTAIN
1280,Chris Blair,WR,Alvin Kamara / Bijan Robinson / Daniel Carlson / Drake London / Juwan Johnson,42500,<48000,3-3,0,84.68,109.2,116.18,128.49,0.0,0,0,FORCED_CAPTAIN
1281,Chris Blair,WR,Alvin Kamara / Bijan Robinson / Daniel Carlson / Drake London / Michael Penix Jr.,44100,<48000,4-2,1,83.84,109.97,119.08,135.92,0.0,0,1,FORCED_CAPTAIN
1283,Chris Blair,WR,Alvin Kamara / Bijan Robinson / Devaughn Vele / Juwan Johnson / Tyler Shough,45100,<48000,2-4,1,89.55,116.92,126.09,145.63,0.0,0,1,FORCED_CAPTAIN
1286,Chris Blair,WR,Alvin Kamara / Bijan Robinson / Drake London / Juwan Johnson / Nick Folk,43100,<48000,4-2,0,83.95,108.11,116.49,129.01,0.0,0,0,FORCED_CAPTAIN
1290,Chris Blair,WR,Alvin Kamara / Bijan Robinson / Michael Penix Jr. / Nick Folk / Tyler Shough,44300,<48000,4-2,1,85.56,109.65,119.13,130.38,0.0,0,1,FORCED_CAPTAIN
1291,Chris Blair,WR,Alvin Kamara / Chris Olave / Daniel Carlson / Drake London / Tyler Shough,43700,<48000,2-4,1,90.63,118.66,127.85,147.39,0.0,0,1,FORCED_CAPTAIN
1292,Chris Blair,WR,Alvin Kamara / Chris Olave / Daniel Carlson / Nick Folk / Tyler Shough,39100,<48000,2-4,1,78.5,103.44,111.29,124.15,0.0,0,1,FORCED_CAPTAIN
1294,Chris Blair,WR,Alvin Kamara / Chris Olave / Drake London / Juwan Johnson / Michael Penix Jr.,45700,<48000,3-3,1,91.06,120.17,128.75,146.14,0.0,0,2,FORCED_CAPTAIN
1295,Chris Blair,WR,Alvin Kamara / Chris Olave / Drake London / Juwan Johnson / Tyler Shough,46300,<48000,2-4,1,98.19,130.13,140.2,158.16,0.0,0,2,FORCED_CAPTAIN
1297,Chris Blair,WR,Alvin Kamara / Chris Olave / Falcons / Michael Penix Jr. / Tyler Shough,41500,<48000,3-3,1,82.96,108.71,116.14,132.89,0.0,0,1,FORCED_CAPTAIN
1298,Chris Blair,WR,Alvin Kamara / Chris Olave / Juwan Johnson / Saints / Tyler Shough,40500,<48000,1-5,1,84.73,113.76,121.59,138.3,0.0,0,2,FORCED_CAPTAIN
1299,Chris Blair,WR,Alvin Kamara / Devaughn Vele / Drake London / Juwan Johnson / Tyler Shough,43300,<48000,2-4,1,83.54,111.81,122.11,139.94,0.0,0,1,FORCED_CAPTAIN
1300,Chris Blair,WR,Alvin Kamara / Drake London / Juwan Johnson / Michael Penix Jr. / Tyler Shough,44500,<48000,3-3,1,87.85,118.43,127.61,146.68,0.0,0,2,FORCED_CAPTAIN
1301,Chris Blair,WR,Alvin Kamara / Falcons / Juwan Johnson / Nick Folk / Tyler Shough,34500,<48000,3-3,1,66.0,87.67,94.23,109.96,0.0,0,1,FORCED_CAPTAIN
1302,Chris Blair,WR,Austin Hooper / Bijan Robinson / Chris Olave / Drake London / Juwan Johnson,44300,<48000,4-2,0,91.72,118.27,127.06,145.34,0.0,0,1,FORCED_CAPTAIN
1303,Chris Blair,WR,Austin Hooper / Bijan Robinson / Chris Olave / Drake London / Michael Penix Jr.,45900,<48000,5-1,1,90.88,121.88,131.08,150.16,0.0,0,3,FORCED_CAPTAIN
1305,Chris Blair,WR,Austin Hooper / Bijan Robinson / Chris Olave / Michael Penix Jr. / Nick Folk,41300,<48000,5-1,1,78.75,102.69,112.12,129.3,0.0,0,2,FORCED_CAPTAIN
1306,Chris Blair,WR,Austin Hooper / Bijan Robinson / Chris Olave / Michael Penix Jr. / Tyler Shough,45500,<48000,4-2,1,93.34,122.89,134.04,154.64,0.0,0,2,FORCED_CAPTAIN
1307,Chris Blair,WR,Austin Hooper / Bijan Robinson / Chris Olave / Nick Folk / Tyler Shough,41900,<48000,4-2,0,85.88,111.94,122.12,138.78,0.0,0,0,FORCED_CAPTAIN
1308,Chris Blair,WR,Austin Hooper / Bijan Robinson / Devaughn Vele / Michael Penix Jr. / Tyler Shough,42500,<48000,4-2,1,78.69,104.39,112.82,130.94,0.0,0,1,FORCED_CAPTAIN
1309,Chris Blair,WR,Austin Hooper / Bijan Robinson / Drake London / Michael Penix Jr. / Tyler Shough,44700,<48000,5-1,1,87.68,117.2,126.77,141.63,0.0,0,3,FORCED_CAPTAIN
1310,Chris Blair,WR,Austin Hooper / Chris Olave / Juwan Johnson / Saints / Tyler Shough,36300,<48000,2-4,1,74.71,102.27,110.34,126.58,0.0,0,1,FORCED_CAPTAIN
1312,Chris Blair,WR,Bijan Robinson / Brian Robinson Jr. / Chris Olave / Falcons / Saints,35700,<48000,4-2,0,68.72,88.8,95.38,107.83,0.0,0,0,FORCED_CAPTAIN
1313,Chris Blair,WR,Bijan Robinson / Brian Robinson Jr. / Chris Olave / Juwan Johnson / Tyler Shough,44900,<48000,3-3,1,95.18,125.37,134.63,154.91,0.0,0,2,FORCED_CAPTAIN
1314,Chris Blair,WR,Bijan Robinson / Brian Robinson Jr. / Chris Olave / Michael Penix Jr. / Tyler Shough,46500,<48000,4-2,1,94.35,123.13,134.44,155.31,0.0,0,2,FORCED_CAPTAIN
1315,Chris Blair,WR,Bijan Robinson / Bryce Lance / Chris Olave / Daniel Carlson / Tyler Shough,40300,<48000,2-4,1,85.67,111.45,119.6,137.89,0.0,0,1,FORCED_CAPTAIN
1316,Chris Blair,WR,Bijan Robinson / Bryce Lance / Chris Olave / Drake London / Tyler Shough,45500,<48000,3-3,1,97.07,126.53,136.94,159.47,0.0,0,2,FORCED_CAPTAIN
1317,Chris Blair,WR,Bijan Robinson / Bryce Lance / Chris Olave / Falcons / Tyler Shough,39100,<48000,3-3,1,82.68,107.95,117.74,134.94,0.0,0,1,FORCED_CAPTAIN
1318,Chris Blair,WR,Bijan Robinson / Bryce Lance / Chris Olave / Juwan Johnson / Tyler Shough,42900,<48000,2-4,1,93.23,123.3,133.16,153.61,0.0,0,2,FORCED_CAPTAIN
1320,Chris Blair,WR,Bijan Robinson / Chris Olave / Daniel Carlson / Drake London / Juwan Johnson,46300,<48000,3-3,0,96.68,123.34,131.0,150.51,0.0,0,1,FORCED_CAPTAIN
1323,Chris Blair,WR,Bijan Robinson / Chris Olave / Daniel Carlson / Juwan Johnson / Michael Penix Jr.,45300,<48000,3-3,1,92.01,117.88,127.25,144.94,0.0,0,2,FORCED_CAPTAIN
1324,Chris Blair,WR,Bijan Robinson / Chris Olave / Daniel Carlson / Juwan Johnson / Tyler Shough,45900,<48000,2-4,1,99.14,129.0,138.1,156.98,0.0,0,2,FORCED_CAPTAIN
1325,Chris Blair,WR,Bijan Robinson / Chris Olave / Daniel Carlson / Michael Penix Jr. / Saints,42100,<48000,3-3,1,82.39,104.52,113.23,129.5,0.0,0,1,FORCED_CAPTAIN
1327,Chris Blair,WR,Bijan Robinson / Chris Olave / Daniel Carlson / Nick Folk / Tyler Shough,43900,<48000,3-3,0,90.85,116.7,126.2,143.27,0.0,0,0,FORCED_CAPTAIN
1328,Chris Blair,WR,Bijan Robinson / Chris Olave / Daniel Carlson / Saints / Tyler Shough,42700,<48000,2-4,0,89.52,114.11,122.08,139.69,0.0,0,0,FORCED_CAPTAIN
1332,Chris Blair,WR,Bijan Robinson / Chris Olave / Devaughn Vele / Saints / Tyler Shough,45700,<48000,2-4,1,91.93,120.15,129.64,148.65,0.0,0,1,FORCED_CAPTAIN
1333,Chris Blair,WR,Bijan Robinson / Chris Olave / Drake London / Falcons / Juwan Johnson,45100,<48000,4-2,0,93.69,119.75,127.83,144.26,0.0,0,1,FORCED_CAPTAIN
1338,Chris Blair,WR,Bijan Robinson / Chris Olave / Drake London / Juwan Johnson / Saints,45700,<48000,3-3,0,94.62,119.99,127.24,144.4,0.0,0,1,FORCED_CAPTAIN
1347,Chris Blair,WR,Bijan Robinson / Chris Olave / Falcons / Jahan Dotson / Michael Penix Jr.,39700,<48000,5-1,1,76.94,101.75,109.95,126.22,0.0,0,2,FORCED_CAPTAIN
1348,Chris Blair,WR,Bijan Robinson / Chris Olave / Falcons / Juwan Johnson / Tyler Shough,44700,<48000,3-3,1,96.14,124.35,133.78,153.74,0.0,0,2,FORCED_CAPTAIN
1351,Chris Blair,WR,Bijan Robinson / Chris Olave / Jahan Dotson / Michael Penix Jr. / Tyler Shough,45700,<48000,4-2,1,93.78,123.74,133.86,155.23,0.0,0,2,FORCED_CAPTAIN
1353,Chris Blair,WR,Bijan Robinson / Chris Olave / Juwan Johnson / Oscar Delp / Tyler Shough,41500,<48000,2-4,1,92.0,121.94,131.61,152.86,0.0,0,2,FORCED_CAPTAIN
1354,Chris Blair,WR,Bijan Robinson / Chris Olave / Juwan Johnson / Saints / Tyler Shough,45300,<48000,2-4,1,97.08,125.86,135.69,153.86,0.0,0,2,FORCED_CAPTAIN
1357,Chris Blair,WR,Bijan Robinson / Daniel Carlson / Devaughn Vele / Drake London / Michael Penix Jr.,44900,<48000,4-2,1,81.2,108.55,117.25,134.29,0.0,0,1,FORCED_CAPTAIN
1359,Chris Blair,WR,Bijan Robinson / Daniel Carlson / Juwan Johnson / Michael Penix Jr. / Tyler Shough,44100,<48000,3-3,1,88.8,115.71,124.18,140.23,0.0,0,2,FORCED_CAPTAIN
1360,Chris Blair,WR,Bijan Robinson / Devaughn Vele / Drake London / Falcons / Michael Penix Jr.,43700,<48000,5-1,1,78.21,105.23,112.59,130.25,0.0,0,2,FORCED_CAPTAIN
1365,Chris Blair,WR,Bijan Robinson / Drake London / Falcons / Juwan Johnson / Michael Penix Jr.,43300,<48000,5-1,1,83.35,109.95,118.72,136.29,0.0,0,3,FORCED_CAPTAIN
1366,Chris Blair,WR,Bijan Robinson / Drake London / Falcons / Michael Penix Jr. / Tyler Shough,45500,<48000,5-1,1,89.64,116.67,125.7,141.25,0.0,0,3,FORCED_CAPTAIN
1370,Chris Blair,WR,Brian Robinson Jr. / Chris Olave / Drake London / Juwan Johnson / Tyler Shough,43100,<48000,3-3,1,89.18,120.76,130.02,146.48,0.0,0,2,FORCED_CAPTAIN
1371,Chris Blair,WR,Chris Olave / Daniel Carlson / Drake London / Michael Penix Jr. / Nick Folk,41500,<48000,4-2,1,77.71,103.3,111.46,129.22,0.0,0,1,FORCED_CAPTAIN
1372,Chris Blair,WR,Chris Olave / Daniel Carlson / Falcons / Juwan Johnson / Tyler Shough,37700,<48000,2-4,1,78.74,104.16,112.1,128.74,0.0,0,1,FORCED_CAPTAIN
1373,Chris Blair,WR,Chris Olave / Devaughn Vele / Drake London / Falcons / Tyler Shough,43300,<48000,3-3,1,84.99,112.95,122.64,140.09,0.0,0,1,FORCED_CAPTAIN
1376,Chris Blair,WR,Chris Olave / Devaughn Vele / Falcons / Juwan Johnson / Tyler Shough,40700,<48000,2-4,1,81.15,109.47,116.91,138.38,0.0,0,1,FORCED_CAPTAIN
1377,Chris Blair,WR,Chris Olave / Devaughn Vele / Juwan Johnson / Michael Penix Jr. / Tyler Shough,46100,<48000,2-4,1,90.87,122.61,131.48,152.45,0.0,0,2,FORCED_CAPTAIN
1379,Chris Blair,WR,Chris Olave / Drake London / Juwan Johnson / Nick Folk / Tyler Shough,44700,<48000,3-3,1,92.4,124.21,133.06,149.61,0.0,0,2,FORCED_CAPTAIN
1380,Chris Blair,WR,Chris Olave / Drake London / Juwan Johnson / Saints / Tyler Shough,43500,<48000,2-4,1,91.07,121.28,129.98,148.76,0.0,0,2,FORCED_CAPTAIN
1381,Chris Blair,WR,Chris Olave / Drake London / Michael Penix Jr. / Nick Folk / Tyler Shough,46300,<48000,4-2,1,91.56,122.52,131.96,153.68,0.0,0,2,FORCED_CAPTAIN
1382,Chris Blair,WR,Devaughn Vele / Drake London / Juwan Johnson / Michael Penix Jr. / Tyler Shough,45300,<48000,3-3,1,85.21,116.75,126.43,145.19,0.0,0,2,FORCED_CAPTAIN
1383,Chris Blair,WR,Devaughn Vele / Drake London / Juwan Johnson / Saints / Tyler Shough,40500,<48000,2-4,1,76.43,103.92,112.41,127.32,0.0,0,1,FORCED_CAPTAIN
2650,Falcons,DST,Chris Olave / Devaughn Vele / Kyle Pitts Sr. / Nick Folk / Tyler Shough,44800,<48000,3-3,1,80.56,107.55,116.47,131.27,0.0,0,1,FORCED_CAPTAIN
3089,Kendre Miller,RB,Bijan Robinson / Chris Olave / Daniel Carlson / Kyle Pitts Sr. / Michael Penix Jr.,49700,49500-49900,3-3,1,86.37,112.78,120.68,139.18,0.0,0,1,FORCED_CAPTAIN
3154,Kevin Austin Jr.,WR,Alvin Kamara / Austin Hooper / Bijan Robinson / Chris Olave / Michael Penix Jr.,42600,<48000,3-3,1,85.44,111.11,120.08,137.07,0.0,0,1,FORCED_CAPTAIN
3155,Kevin Austin Jr.,WR,Alvin Kamara / Bijan Robinson / Chris Olave / Daniel Carlson / Devaughn Vele,43400,<48000,1-5,0,86.09,108.94,117.42,135.9,0.0,0,1,FORCED_CAPTAIN
3157,Kevin Austin Jr.,WR,Alvin Kamara / Bijan Robinson / Chris Olave / Daniel Carlson / Juwan Johnson,43000,<48000,1-5,0,91.24,115.13,122.32,139.87,0.0,0,1,FORCED_CAPTAIN
3158,Kevin Austin Jr.,WR,Alvin Kamara / Bijan Robinson / Chris Olave / Daniel Carlson / Michael Penix Jr.,44600,<48000,2-4,0,90.4,115.54,123.55,140.72,0.0,0,0,FORCED_CAPTAIN
3161,Kevin Austin Jr.,WR,Alvin Kamara / Bijan Robinson / Chris Olave / Drake London / Falcons,44400,<48000,3-3,0,92.08,117.04,124.63,144.27,0.0,0,0,FORCED_CAPTAIN
3166,Kevin Austin Jr.,WR,Alvin Kamara / Bijan Robinson / Chris Olave / Jahan Dotson / Juwan Johnson,41200,<48000,2-4,0,86.72,111.08,117.93,137.02,0.0,0,0,FORCED_CAPTAIN
3168,Kevin Austin Jr.,WR,Alvin Kamara / Bijan Robinson / Chris Olave / Juwan Johnson / Nick Folk,43600,<48000,2-4,0,90.5,115.05,123.12,140.47,0.0,0,0,FORCED_CAPTAIN
3172,Kevin Austin Jr.,WR,Alvin Kamara / Bijan Robinson / Chris Olave / Saints / Tyler Shough,44600,<48000,1-5,1,95.47,122.13,131.88,150.44,0.0,0,2,FORCED_CAPTAIN
3173,Kevin Austin Jr.,WR,Alvin Kamara / Bijan Robinson / Daniel Carlson / Devaughn Vele / Tyler Shough,42200,<48000,1-5,1,82.88,106.04,113.91,127.54,0.0,0,2,FORCED_CAPTAIN
3174,Kevin Austin Jr.,WR,Alvin Kamara / Bijan Robinson / Daniel Carlson / Drake London / Tyler Shough,44400,<48000,2-4,1,91.87,117.6,124.58,138.85,0.0,0,1,FORCED_CAPTAIN
3176,Kevin Austin Jr.,WR,Alvin Kamara / Bijan Robinson / Devaughn Vele / Juwan Johnson / Tyler Shough,44800,<48000,1-5,1,90.44,118.69,127.62,145.67,0.0,0,2,FORCED_CAPTAIN
3177,Kevin Austin Jr.,WR,Alvin Kamara / Bijan Robinson / Drake London / Falcons / Juwan Johnson,41000,<48000,3-3,0,82.58,106.29,113.63,125.77,0.0,0,0,FORCED_CAPTAIN
3180,Kevin Austin Jr.,WR,Alvin Kamara / Bijan Robinson / Drake London / Kendre Miller / Tyler Shough,44600,<48000,2-4,1,87.01,113.19,121.18,134.79,0.0,0,1,FORCED_CAPTAIN
3181,Kevin Austin Jr.,WR,Alvin Kamara / Bijan Robinson / Drake London / Michael Penix Jr. / Saints,43200,<48000,3-3,1,82.68,107.61,116.53,132.32,0.0,0,1,FORCED_CAPTAIN
3183,Kevin Austin Jr.,WR,Alvin Kamara / Bijan Robinson / Drake London / Nick Folk / Saints,39600,<48000,3-3,0,75.22,95.23,101.93,114.12,0.0,0,0,FORCED_CAPTAIN
3185,Kevin Austin Jr.,WR,Alvin Kamara / Bijan Robinson / Michael Penix Jr. / Nick Folk / Tyler Shough,44000,<48000,3-3,1,86.46,111.07,120.75,132.83,0.0,0,1,FORCED_CAPTAIN
3188,Kevin Austin Jr.,WR,Alvin Kamara / Chris Olave / Drake London / Juwan Johnson / Saints,40600,<48000,1-5,0,83.17,107.37,114.88,129.62,0.0,0,1,FORCED_CAPTAIN
3190,Kevin Austin Jr.,WR,Alvin Kamara / Chris Olave / Drake London / Michael Penix Jr. / Saints,42200,<48000,2-4,0,82.33,108.02,117.18,133.99,0.0,0,0,FORCED_CAPTAIN
3193,Kevin Austin Jr.,WR,Alvin Kamara / Daniel Carlson / Drake London / Michael Penix Jr. / Tyler Shough,41600,<48000,2-4,1,81.18,107.51,115.82,131.47,0.0,0,1,FORCED_CAPTAIN
3195,Kevin Austin Jr.,WR,Alvin Kamara / Devaughn Vele / Juwan Johnson / Michael Penix Jr. / Tyler Shough,42000,<48000,1-5,1,79.76,107.46,116.32,134.98,0.0,0,2,FORCED_CAPTAIN
3197,Kevin Austin Jr.,WR,Austin Hooper / Bijan Robinson / Chris Olave / Juwan Johnson / Tyler Shough,43600,<48000,2-4,1,95.07,125.85,135.83,155.73,0.0,0,2,FORCED_CAPTAIN
3199,Kevin Austin Jr.,WR,Austin Hooper / Bijan Robinson / Chris Olave / Nick Folk / Tyler Shough,41600,<48000,3-3,1,86.78,112.93,122.64,140.86,0.0,0,1,FORCED_CAPTAIN
3200,Kevin Austin Jr.,WR,Bijan Robinson / Brian Robinson Jr. / Chris Olave / Falcons / Michael Penix Jr.,40200,<48000,4-2,1,78.4,102.47,110.77,128.5,0.0,0,1,FORCED_CAPTAIN
3201,Kevin Austin Jr.,WR,Bijan Robinson / Brian Robinson Jr. / Chris Olave / Juwan Johnson / Tyler Shough,44600,<48000,2-4,1,96.08,126.33,135.72,155.58,0.0,0,2,FORCED_CAPTAIN
3202,Kevin Austin Jr.,WR,Bijan Robinson / Brian Robinson Jr. / Drake London / Juwan Johnson / Tyler Shough,43800,<48000,3-3,1,90.42,118.12,126.81,142.38,0.0,0,2,FORCED_CAPTAIN
3205,Kevin Austin Jr.,WR,Bijan Robinson / Charlie Woerner / Falcons / Michael Penix Jr. / Tyler Shough,35800,<48000,4-2,1,70.92,91.5,99.22,115.09,0.0,0,1,FORCED_CAPTAIN
3215,Kevin Austin Jr.,WR,Bijan Robinson / Chris Olave / Devaughn Vele / Kyle Pitts Sr. / Michael Penix Jr.,46400,<48000,3-3,1,84.28,110.81,120.97,141.2,0.0,0,1,FORCED_CAPTAIN
3217,Kevin Austin Jr.,WR,Bijan Robinson / Chris Olave / Devaughn Vele / Saints / Tyler Shough,45400,<48000,1-5,1,92.83,120.92,131.05,149.28,0.0,0,2,FORCED_CAPTAIN
3218,Kevin Austin Jr.,WR,Bijan Robinson / Chris Olave / Drake London / Falcons / Juwan Johnson,44800,<48000,3-3,0,94.58,121.01,129.94,146.47,0.0,0,1,FORCED_CAPTAIN
3220,Kevin Austin Jr.,WR,Bijan Robinson / Chris Olave / Drake London / Falcons / Nick Folk,42800,<48000,4-2,0,86.29,110.72,118.91,135.48,0.0,0,0,FORCED_CAPTAIN
3222,Kevin Austin Jr.,WR,Bijan Robinson / Chris Olave / Drake London / Jahan Dotson / Nick Folk,42200,<48000,4-2,0,84.77,109.63,117.05,138.4,0.0,0,0,FORCED_CAPTAIN
3235,Kevin Austin Jr.,WR,Bijan Robinson / Chris Olave / Jahan Dotson / Nick Folk / Tyler Shough,41800,<48000,3-3,1,87.22,113.47,123.96,142.38,0.0,0,1,FORCED_CAPTAIN
3242,Kevin Austin Jr.,WR,Bijan Robinson / Daniel Carlson / Drake London / Falcons / Michael Penix Jr.,40400,<48000,4-2,1,76.69,101.06,109.59,125.81,0.0,0,1,FORCED_CAPTAIN
3243,Kevin Austin Jr.,WR,Bijan Robinson / Daniel Carlson / Drake London / Falcons / Saints,35600,<48000,3-3,0,67.91,86.88,93.74,103.57,0.0,0,0,FORCED_CAPTAIN
3245,Kevin Austin Jr.,WR,Bijan Robinson / Daniel Carlson / Juwan Johnson / Michael Penix Jr. / Tyler Shough,43800,<48000,2-4,1,89.7,117.32,125.72,140.76,0.0,0,2,FORCED_CAPTAIN
3246,Kevin Austin Jr.,WR,Bijan Robinson / Devaughn Vele / Drake London / Falcons / Juwan Johnson,41800,<48000,3-3,0,79.94,103.51,112.84,127.66,0.0,0,0,FORCED_CAPTAIN
3249,Kevin Austin Jr.,WR,Bijan Robinson / Devaughn Vele / Juwan Johnson / Kendre Miller / Tyler Shough,42800,<48000,1-5,1,80.53,107.45,115.6,134.31,0.0,0,2,FORCED_CAPTAIN
3250,Kevin Austin Jr.,WR,Bijan Robinson / Devaughn Vele / Juwan Johnson / Kyle Pitts Sr. / Tyler Shough,43600,<48000,2-4,1,81.91,108.92,117.78,138.1,0.0,0,1,FORCED_CAPTAIN
3252,Kevin Austin Jr.,WR,Bijan Robinson / Drake London / Falcons / Juwan Johnson / Nick Folk,39400,<48000,4-2,0,76.79,100.1,107.18,121.42,0.0,0,0,FORCED_CAPTAIN
3254,Kevin Austin Jr.,WR,Bijan Robinson / Drake London / Juwan Johnson / Nick Folk / Tyler Shough,45400,<48000,3-3,1,93.64,121.88,129.8,144.66,0.0,0,2,FORCED_CAPTAIN
3257,Kevin Austin Jr.,WR,Bijan Robinson / Drake London / Michael Penix Jr. / Olamide Zaccheaus / Tyler Shough,43600,<48000,4-2,1,87.35,117.22,124.47,141.9,0.0,0,2,FORCED_CAPTAIN
3258,Kevin Austin Jr.,WR,Brian Robinson Jr. / Chris Olave / Devaughn Vele / Juwan Johnson / Tyler Shough,40600,<48000,1-5,1,81.09,111.84,120.92,137.96,0.0,0,2,FORCED_CAPTAIN
3259,Kevin Austin Jr.,WR,Bryce Lance / Chris Olave / Drake London / Michael Penix Jr. / Tyler Shough,42400,<48000,2-4,1,87.28,118.15,129.18,149.87,0.0,0,2,FORCED_CAPTAIN
3267,Kevin Austin Jr.,WR,Chris Olave / Drake London / Falcons / Juwan Johnson / Nick Folk,38400,<48000,3-3,0,76.45,99.25,108.55,123.52,0.0,0,0,FORCED_CAPTAIN
3268,Kevin Austin Jr.,WR,Chris Olave / Drake London / Falcons / Michael Penix Jr. / Tyler Shough,44200,<48000,3-3,1,90.19,119.19,130.44,150.02,0.0,0,2,FORCED_CAPTAIN
3269,Kevin Austin Jr.,WR,Chris Olave / Drake London / Falcons / Nick Folk / Tyler Shough,40600,<48000,3-3,1,82.74,108.91,116.85,137.42,0.0,0,1,FORCED_CAPTAIN
3271,Kevin Austin Jr.,WR,Chris Olave / Drake London / Juwan Johnson / Nick Folk / Tyler Shough,44400,<48000,2-4,1,93.29,125.16,134.63,150.31,0.0,0,2,FORCED_CAPTAIN
3679,Nick Muse,TE,Alvin Kamara / Bijan Robinson / Brian Robinson Jr. / Chris Olave / Michael Penix Jr.,42700,<48000,4-2,1,85.35,110.59,118.89,136.72,0.0,0,1,FORCED_CAPTAIN
3680,Nick Muse,TE,Alvin Kamara / Bijan Robinson / Brian Robinson Jr. / Chris Olave / Tyler Shough,43300,<48000,3-3,1,92.48,120.24,129.45,149.19,0.0,0,1,FORCED_CAPTAIN
3681,Nick Muse,TE,Alvin Kamara / Bijan Robinson / Chris Olave / Daniel Carlson / Drake London,44700,<48000,3-3,0,93.98,118.97,126.68,144.72,0.0,0,0,FORCED_CAPTAIN
3682,Nick Muse,TE,Alvin Kamara / Bijan Robinson / Chris Olave / Daniel Carlson / Juwan Johnson,42100,<48000,2-4,0,90.14,114.01,120.99,139.1,0.0,0,0,FORCED_CAPTAIN
3683,Nick Muse,TE,Alvin Kamara / Bijan Robinson / Chris Olave / Daniel Carlson / Michael Penix Jr.,43700,<48000,3-3,1,89.3,113.75,122.5,139.04,0.0,0,1,FORCED_CAPTAIN
3684,Nick Muse,TE,Alvin Kamara / Bijan Robinson / Chris Olave / Daniel Carlson / Nick Folk,40100,<48000,3-3,0,81.85,103.21,110.8,125.47,0.0,0,0,FORCED_CAPTAIN
3685,Nick Muse,TE,Alvin Kamara / Bijan Robinson / Chris Olave / Daniel Carlson / Saints,38900,<48000,2-4,0,80.52,100.16,107.16,121.93,0.0,0,0,FORCED_CAPTAIN
3686,Nick Muse,TE,Alvin Kamara / Bijan Robinson / Chris Olave / Devaughn Vele / Michael Penix Jr.,46700,<48000,3-3,1,91.72,118.3,127.15,146.41,0.0,0,1,FORCED_CAPTAIN
3692,Nick Muse,TE,Alvin Kamara / Bijan Robinson / Chris Olave / Falcons / Michael Penix Jr.,42500,<48000,4-2,1,86.31,110.61,118.98,134.64,0.0,0,1,FORCED_CAPTAIN
3693,Nick Muse,TE,Alvin Kamara / Bijan Robinson / Chris Olave / Falcons / Tyler Shough,43100,<48000,3-3,1,93.44,119.41,128.56,147.03,0.0,0,1,FORCED_CAPTAIN
3695,Nick Muse,TE,Alvin Kamara / Bijan Robinson / Chris Olave / Kendre Miller / Tyler Shough,44500,<48000,2-4,1,91.58,118.3,128.76,144.65,0.0,0,1,FORCED_CAPTAIN
3696,Nick Muse,TE,Alvin Kamara / Bijan Robinson / Chris Olave / Kevin Austin Jr. / Tyler Shough,40300,<48000,2-4,1,88.58,115.44,125.5,144.03,0.0,0,1,FORCED_CAPTAIN
3697,Nick Muse,TE,Alvin Kamara / Bijan Robinson / Chris Olave / Kyle Pitts Sr. / Tyler Shough,45300,<48000,3-3,1,92.96,120.49,130.77,151.5,0.0,0,1,FORCED_CAPTAIN
3699,Nick Muse,TE,Alvin Kamara / Bijan Robinson / Chris Olave / Saints / Tyler Shough,43700,<48000,2-4,1,94.37,120.84,130.5,148.16,0.0,0,1,FORCED_CAPTAIN
3700,Nick Muse,TE,Alvin Kamara / Bijan Robinson / Daniel Carlson / Devaughn Vele / Drake London,41700,<48000,3-3,0,79.33,101.77,109.93,123.54,0.0,0,0,FORCED_CAPTAIN
3701,Nick Muse,TE,Alvin Kamara / Bijan Robinson / Devaughn Vele / Drake London / Falcons,40500,<48000,4-2,0,76.34,98.51,106.09,117.97,0.0,0,0,FORCED_CAPTAIN
3703,Nick Muse,TE,Alvin Kamara / Bijan Robinson / Devaughn Vele / Juwan Johnson / Tyler Shough,43900,<48000,2-4,1,89.35,116.94,125.14,145.63,0.0,0,1,FORCED_CAPTAIN
3704,Nick Muse,TE,Alvin Kamara / Bijan Robinson / Devaughn Vele / Michael Penix Jr. / Tyler Shough,45500,<48000,3-3,1,88.51,115.9,123.87,139.54,0.0,0,1,FORCED_CAPTAIN
3705,Nick Muse,TE,Alvin Kamara / Bijan Robinson / Drake London / Juwan Johnson / Saints,40700,<48000,3-3,0,82.42,105.54,112.64,125.55,0.0,0,0,FORCED_CAPTAIN
3708,Nick Muse,TE,Alvin Kamara / Bijan Robinson / Drake London / Nick Folk / Saints,38700,<48000,4-2,0,74.13,93.9,99.77,112.26,0.0,0,0,FORCED_CAPTAIN
3710,Nick Muse,TE,Alvin Kamara / Bijan Robinson / Kendre Miller / Michael Penix Jr. / Tyler Shough,42700,<48000,3-3,1,81.24,106.4,113.11,126.2,0.0,0,1,FORCED_CAPTAIN
3711,Nick Muse,TE,Alvin Kamara / Chris Olave / Daniel Carlson / Drake London / Tyler Shough,42500,<48000,2-4,1,90.43,118.45,127.26,145.72,0.0,0,1,FORCED_CAPTAIN
3712,Nick Muse,TE,Alvin Kamara / Chris Olave / Daniel Carlson / Juwan Johnson / Tyler Shough,39900,<48000,1-5,1,86.59,115.12,123.78,139.48,0.0,0,2,FORCED_CAPTAIN
3713,Nick Muse,TE,Alvin Kamara / Chris Olave / Daniel Carlson / Nick Folk / Tyler Shough,37900,<48000,2-4,1,78.3,103.36,111.21,124.15,0.0,0,1,FORCED_CAPTAIN
3715,Nick Muse,TE,Alvin Kamara / Chris Olave / Devaughn Vele / Juwan Johnson / Tyler Shough,42900,<48000,1-5,1,89.0,120.02,129.55,148.17,0.0,0,2,FORCED_CAPTAIN
3716,Nick Muse,TE,Alvin Kamara / Chris Olave / Devaughn Vele / Nick Folk / Tyler Shough,40900,<48000,2-4,1,80.71,108.61,118.26,134.37,0.0,0,1,FORCED_CAPTAIN
3717,Nick Muse,TE,Alvin Kamara / Chris Olave / Drake London / Juwan Johnson / Tyler Shough,45100,<48000,2-4,1,97.99,129.77,140.18,157.24,0.0,0,2,FORCED_CAPTAIN
3719,Nick Muse,TE,Alvin Kamara / Chris Olave / Juwan Johnson / Michael Penix Jr. / Tyler Shough,44100,<48000,2-4,1,93.31,124.99,133.23,152.32,0.0,0,2,FORCED_CAPTAIN
3720,Nick Muse,TE,Alvin Kamara / Chris Olave / Juwan Johnson / Saints / Tyler Shough,39300,<48000,1-5,1,84.53,113.05,121.34,138.3,0.0,0,2,FORCED_CAPTAIN
3721,Nick Muse,TE,Alvin Kamara / Chris Olave / Michael Penix Jr. / Saints / Tyler Shough,40900,<48000,2-4,1,83.69,109.8,119.21,133.78,0.0,0,1,FORCED_CAPTAIN
3722,Nick Muse,TE,Alvin Kamara / Daniel Carlson / Devaughn Vele / Drake London / Michael Penix Jr.,38900,<48000,3-3,1,68.65,91.69,100.45,115.82,0.0,0,1,FORCED_CAPTAIN
3723,Nick Muse,TE,Alvin Kamara / Drake London / Juwan Johnson / Michael Penix Jr. / Tyler Shough,43300,<48000,3-3,1,87.65,118.32,126.79,146.62,0.0,0,2,FORCED_CAPTAIN
3725,Nick Muse,TE,Austin Hooper / Bijan Robinson / Chris Olave / Michael Penix Jr. / Tyler Shough,44300,<48000,4-2,1,93.14,122.82,133.61,153.35,0.0,0,2,FORCED_CAPTAIN
3726,Nick Muse,TE,Austin Hooper / Bijan Robinson / Devaughn Vele / Michael Penix Jr. / Tyler Shough,41300,<48000,4-2,1,78.49,104.39,112.78,129.81,0.0,0,1,FORCED_CAPTAIN
3727,Nick Muse,TE,Austin Hooper / Chris Olave / Drake London / Michael Penix Jr. / Tyler Shough,42500,<48000,4-2,1,87.13,118.39,128.66,149.07,0.0,0,2,FORCED_CAPTAIN
3729,Nick Muse,TE,Bijan Robinson / Brian Robinson Jr. / Chris Olave / Juwan Johnson / Tyler Shough,43700,<48000,3-3,1,94.98,124.82,134.48,154.91,0.0,0,2,FORCED_CAPTAIN
3730,Nick Muse,TE,Bijan Robinson / Brian Robinson Jr. / Daniel Carlson / Drake London / Michael Penix Jr.,39700,<48000,5-1,1,74.63,100.46,108.63,121.87,0.0,0,2,FORCED_CAPTAIN
3731,Nick Muse,TE,Bijan Robinson / Bryce Lance / Chris Olave / Drake London / Tyler Shough,44300,<48000,3-3,1,96.87,126.57,136.51,158.59,0.0,0,2,FORCED_CAPTAIN
3732,Nick Muse,TE,Bijan Robinson / Chris Olave / Daniel Carlson / Drake London / Falcons,41300,<48000,4-2,0,85.93,110.14,117.71,135.22,0.0,0,0,FORCED_CAPTAIN
3735,Nick Muse,TE,Bijan Robinson / Chris Olave / Daniel Carlson / Drake London / Saints,41900,<48000,3-3,0,86.86,110.05,117.77,133.41,0.0,0,0,FORCED_CAPTAIN
3737,Nick Muse,TE,Bijan Robinson / Chris Olave / Daniel Carlson / Falcons / Tyler Shough,40900,<48000,3-3,0,88.38,112.2,121.02,138.98,0.0,0,0,FORCED_CAPTAIN
3738,Nick Muse,TE,Bijan Robinson / Chris Olave / Daniel Carlson / Jahan Dotson / Michael Penix Jr.,39700,<48000,4-2,1,79.73,104.27,112.67,131.31,0.0,0,1,FORCED_CAPTAIN
3739,Nick Muse,TE,Bijan Robinson / Chris Olave / Daniel Carlson / Juwan Johnson / Michael Penix Jr.,44100,<48000,3-3,1,91.81,117.71,126.82,144.77,0.0,0,2,FORCED_CAPTAIN
3740,Nick Muse,TE,Bijan Robinson / Chris Olave / Daniel Carlson / Juwan Johnson / Tyler Shough,44700,<48000,2-4,1,98.94,128.54,137.88,156.98,0.0,0,2,FORCED_CAPTAIN
3741,Nick Muse,TE,Bijan Robinson / Chris Olave / Daniel Carlson / Michael Penix Jr. / Nick Folk,42100,<48000,4-2,1,83.52,107.08,115.4,130.66,0.0,0,1,FORCED_CAPTAIN
3743,Nick Muse,TE,Bijan Robinson / Chris Olave / Daniel Carlson / Nick Folk / Saints,37300,<48000,3-3,0,74.73,94.65,100.87,115.51,0.0,0,0,FORCED_CAPTAIN
3744,Nick Muse,TE,Bijan Robinson / Chris Olave / Daniel Carlson / Nick Folk / Tyler Shough,42700,<48000,3-3,0,90.65,116.5,126.03,142.77,0.0,0,0,FORCED_CAPTAIN
3746,Nick Muse,TE,Bijan Robinson / Chris Olave / Devaughn Vele / Drake London / Saints,44900,<48000,3-3,0,89.28,114.33,122.28,139.91,0.0,0,0,FORCED_CAPTAIN
3747,Nick Muse,TE,Bijan Robinson / Chris Olave / Devaughn Vele / Falcons / Tyler Shough,43900,<48000,3-3,1,90.8,118.27,129.28,148.63,0.0,0,1,FORCED_CAPTAIN
3749,Nick Muse,TE,Bijan Robinson / Chris Olave / Devaughn Vele / Michael Penix Jr. / Nick Folk,45100,<48000,4-2,1,85.93,111.51,121.71,136.35,0.0,0,1,FORCED_CAPTAIN
3752,Nick Muse,TE,Bijan Robinson / Chris Olave / Devaughn Vele / Saints / Tyler Shough,44500,<48000,2-4,1,91.73,119.66,129.64,148.09,0.0,0,1,FORCED_CAPTAIN
3764,Nick Muse,TE,Bijan Robinson / Chris Olave / Falcons / Juwan Johnson / Tyler Shough,43500,<48000,3-3,1,95.94,124.14,133.4,153.74,0.0,0,2,FORCED_CAPTAIN
3765,Nick Muse,TE,Bijan Robinson / Chris Olave / Falcons / Nick Folk / Tyler Shough,41500,<48000,4-2,0,87.65,112.46,122.03,138.38,0.0,0,0,FORCED_CAPTAIN
3766,Nick Muse,TE,Bijan Robinson / Chris Olave / Jahan Dotson / Nick Folk / Tyler Shough,40900,<48000,4-2,0,86.13,112.42,122.2,139.68,0.0,0,0,FORCED_CAPTAIN
3769,Nick Muse,TE,Bijan Robinson / Chris Olave / Juwan Johnson / Saints / Tyler Shough,44100,<48000,2-4,1,96.88,125.7,135.49,153.86,0.0,0,2,FORCED_CAPTAIN
3772,Nick Muse,TE,Bijan Robinson / Daniel Carlson / Devaughn Vele / Drake London / Juwan Johnson,42100,<48000,3-3,0,81.84,105.95,114.27,130.05,0.0,0,0,FORCED_CAPTAIN
3773,Nick Muse,TE,Bijan Robinson / Daniel Carlson / Devaughn Vele / Michael Penix Jr. / Tyler Shough,43300,<48000,3-3,1,83.45,108.22,116.59,132.1,0.0,0,1,FORCED_CAPTAIN
3774,Nick Muse,TE,Bijan Robinson / Daniel Carlson / Drake London / Michael Penix Jr. / Nick Folk,41300,<48000,5-1,1,77.85,103.59,111.08,126.73,0.0,0,2,FORCED_CAPTAIN
3775,Nick Muse,TE,Bijan Robinson / Daniel Carlson / Drake London / Michael Penix Jr. / Tyler Shough,45500,<48000,4-2,1,92.44,121.49,129.7,143.69,0.0,0,2,FORCED_CAPTAIN
3776,Nick Muse,TE,Bijan Robinson / Daniel Carlson / Juwan Johnson / Michael Penix Jr. / Tyler Shough,42900,<48000,3-3,1,88.6,115.47,123.75,139.34,0.0,0,2,FORCED_CAPTAIN
3777,Nick Muse,TE,Bijan Robinson / Devaughn Vele / Drake London / Falcons / Nick Folk,38900,<48000,5-1,0,70.55,91.73,98.59,114.83,0.0,0,1,FORCED_CAPTAIN
3780,Nick Muse,TE,Bijan Robinson / Devaughn Vele / Juwan Johnson / Kyle Pitts Sr. / Tyler Shough,42700,<48000,3-3,1,80.82,107.64,115.74,135.74,0.0,0,1,FORCED_CAPTAIN
3782,Nick Muse,TE,Bijan Robinson / Devaughn Vele / Michael Penix Jr. / Saints / Tyler Shough,42700,<48000,3-3,1,81.4,105.67,112.66,128.84,0.0,0,1,FORCED_CAPTAIN
3783,Nick Muse,TE,Bijan Robinson / Drake London / Jahan Dotson / Juwan Johnson / Michael Penix Jr.,41500,<48000,5-1,1,81.63,109.54,118.23,134.83,0.0,0,3,FORCED_CAPTAIN
3785,Nick Muse,TE,Bijan Robinson / Drake London / Juwan Johnson / Nick Folk / Tyler Shough,44500,<48000,4-2,0,92.54,120.77,128.17,143.19,0.0,0,1,FORCED_CAPTAIN
3786,Nick Muse,TE,Bijan Robinson / Drake London / Michael Penix Jr. / Nick Folk / Tyler Shough,46100,<48000,5-1,1,91.71,121.23,129.29,144.41,0.0,0,3,FORCED_CAPTAIN
3787,Nick Muse,TE,Chris Olave / Daniel Carlson / Drake London / Juwan Johnson / Tyler Shough,42900,<48000,2-4,1,92.93,123.42,132.64,147.61,0.0,0,2,FORCED_CAPTAIN
3788,Nick Muse,TE,Chris Olave / Devaughn Vele / Drake London / Falcons / Tyler Shough,42100,<48000,3-3,1,84.79,112.78,122.5,140.09,0.0,0,1,FORCED_CAPTAIN
3791,Nick Muse,TE,Chris Olave / Devaughn Vele / Juwan Johnson / Michael Penix Jr. / Tyler Shough,44900,<48000,2-4,1,90.67,122.46,131.21,152.37,0.0,0,2,FORCED_CAPTAIN
3793,Nick Muse,TE,Chris Olave / Drake London / Juwan Johnson / Nick Folk / Tyler Shough,43500,<48000,3-3,1,92.2,124.13,132.88,149.61,0.0,0,2,FORCED_CAPTAIN
3794,Nick Muse,TE,Chris Olave / Drake London / Juwan Johnson / Saints / Tyler Shough,42300,<48000,2-4,1,90.87,120.98,129.74,148.76,0.0,0,2,FORCED_CAPTAIN
3795,Nick Muse,TE,Chris Olave / Drake London / Michael Penix Jr. / Nick Folk / Tyler Shough,45100,<48000,4-2,1,91.36,122.18,131.87,153.51,0.0,0,2,FORCED_CAPTAIN
3796,Nick Muse,TE,Chris Olave / Falcons / Kyle Pitts Sr. / Michael Penix Jr. / Tyler Shough,39100,<48000,4-2,1,74.22,99.38,109.24,125.08,0.0,0,1,FORCED_CAPTAIN
3797,Nick Muse,TE,Chris Olave / Juwan Johnson / Michael Penix Jr. / Olamide Zaccheaus / Tyler Shough,39100,<48000,3-3,1,82.07,111.9,120.75,139.28,0.0,0,2,FORCED_CAPTAIN
3798,Nick Muse,TE,Daniel Carlson / Devaughn Vele / Drake London / Juwan Johnson / Tyler Shough,39900,<48000,2-4,1,78.28,105.77,114.15,130.69,0.0,0,1,FORCED_CAPTAIN
3823,Olamide Zaccheaus,WR,Alvin Kamara / Bijan Robinson / Juwan Johnson / Kendre Miller / Tyler Shough,43800,<48000,2-4,1,85.68,112.52,120.29,133.23,0.0,0,1,FORCED_CAPTAIN
3830,Olamide Zaccheaus,WR,Alvin Kamara / Chris Olave / Michael Penix Jr. / Saints / Tyler Shough,43600,<48000,2-4,1,87.29,114.99,123.44,140.13,0.0,0,1,FORCED_CAPTAIN
3834,Olamide Zaccheaus,WR,Austin Hooper / Bijan Robinson / Chris Olave / Nick Folk / Tyler Shough,43400,<48000,4-2,0,89.29,116.28,124.84,142.53,0.0,0,0,FORCED_CAPTAIN
3835,Olamide Zaccheaus,WR,Austin Hooper / Chris Olave / Devaughn Vele / Drake London / Michael Penix Jr.,43400,<48000,4-2,1,79.3,108.2,117.4,133.93,0.0,0,1,FORCED_CAPTAIN
3836,Olamide Zaccheaus,WR,Austin Hooper / Chris Olave / Drake London / Michael Penix Jr. / Tyler Shough,45200,<48000,4-2,1,90.73,123.66,133.22,153.93,0.0,0,2,FORCED_CAPTAIN
3837,Olamide Zaccheaus,WR,Bijan Robinson / Brian Robinson Jr. / Chris Olave / Daniel Carlson / Drake London,44200,<48000,4-2,0,88.57,114.16,122.01,136.84,0.0,0,0,FORCED_CAPTAIN
3860,Olamide Zaccheaus,WR,Bijan Robinson / Chris Olave / Drake London / Falcons / Nick Folk,44600,<48000,5-1,0,88.8,113.6,120.95,138.13,0.0,0,1,FORCED_CAPTAIN
3877,Olamide Zaccheaus,WR,Bijan Robinson / Chris Olave / Kyle Pitts Sr. / Michael Penix Jr. / Nick Folk,45800,<48000,5-1,1,83.64,109.24,117.1,137.21,0.0,0,2,FORCED_CAPTAIN
3891,Olamide Zaccheaus,WR,Bijan Robinson / Drake London / Juwan Johnson / Kendre Miller / Michael Penix Jr.,46200,<48000,4-2,1,84.89,113.07,122.77,138.53,0.0,0,2,FORCED_CAPTAIN
3897,Olamide Zaccheaus,WR,Bijan Robinson / Jahan Dotson / Michael Penix Jr. / Saints / Tyler Shough,40600,<48000,4-2,1,78.07,100.55,107.92,122.1,0.0,0,1,FORCED_CAPTAIN
3899,Olamide Zaccheaus,WR,Brian Robinson Jr. / Chris Olave / Devaughn Vele / Drake London / Tyler Shough,45000,<48000,3-3,1,87.43,117.98,126.9,144.33,0.0,0,1,FORCED_CAPTAIN
3900,Olamide Zaccheaus,WR,Brian Robinson Jr. / Devaughn Vele / Drake London / Michael Penix Jr. / Tyler Shough,43200,<48000,4-2,1,77.1,105.53,114.68,132.25,0.0,0,1,FORCED_CAPTAIN
3914,Olamide Zaccheaus,WR,Chris Olave / Juwan Johnson / Michael Penix Jr. / Saints / Tyler Shough,44000,<48000,2-4,1,89.8,119.88,129.28,144.03,0.0,0,2,FORCED_CAPTAIN
3915,Olamide Zaccheaus,WR,Daniel Carlson / Devaughn Vele / Drake London / Michael Penix Jr. / Tyler Shough,44200,<48000,3-3,1,81.05,109.21,117.82,135.3,0.0,0,1,FORCED_CAPTAIN
3916,Olamide Zaccheaus,WR,Daniel Carlson / Drake London / Juwan Johnson / Michael Penix Jr. / Tyler Shough,43800,<48000,3-3,1,86.2,116.07,124.4,141.54,0.0,0,2,FORCED_CAPTAIN
3919,Oscar Delp,TE,Alvin Kamara / Austin Hooper / Bijan Robinson / Chris Olave / Michael Penix Jr.,42000,<48000,3-3,1,86.52,112.62,121.35,138.37,0.0,0,1,FORCED_CAPTAIN
3924,Oscar Delp,TE,Alvin Kamara / Bijan Robinson / Chris Olave / Devaughn Vele / Falcons,41600,<48000,2-4,0,84.18,107.15,115.78,131.98,0.0,0,0,FORCED_CAPTAIN
3932,Oscar Delp,TE,Alvin Kamara / Bijan Robinson / Chris Olave / Falcons / Nick Folk,39200,<48000,3-3,0,81.03,102.47,109.5,126.19,0.0,0,0,FORCED_CAPTAIN
3934,Oscar Delp,TE,Alvin Kamara / Bijan Robinson / Chris Olave / Juwan Johnson / Saints,41800,<48000,1-5,0,90.26,113.8,120.8,138.04,0.0,0,1,FORCED_CAPTAIN
3944,Oscar Delp,TE,Alvin Kamara / Bijan Robinson / Drake London / Falcons / Michael Penix Jr.,42000,<48000,4-2,1,82.82,108.18,116.84,132.43,0.0,0,1,FORCED_CAPTAIN
3945,Oscar Delp,TE,Alvin Kamara / Bijan Robinson / Drake London / Falcons / Nick Folk,38400,<48000,4-2,0,75.37,96.39,103.07,116.37,0.0,0,0,FORCED_CAPTAIN
3948,Oscar Delp,TE,Alvin Kamara / Bijan Robinson / Drake London / Kendre Miller / Saints,38600,<48000,2-4,0,72.18,92.67,99.41,111.27,0.0,0,0,FORCED_CAPTAIN
3949,Oscar Delp,TE,Alvin Kamara / Bijan Robinson / Drake London / Kyle Pitts Sr. / Michael Penix Jr.,44200,<48000,4-2,1,82.34,110.2,118.18,135.89,0.0,0,1,FORCED_CAPTAIN
3952,Oscar Delp,TE,Alvin Kamara / Bijan Robinson / Juwan Johnson / Kendre Miller / Tyler Shough,41400,<48000,1-5,1,84.25,110.36,118.01,133.18,0.0,0,2,FORCED_CAPTAIN
3954,Oscar Delp,TE,Alvin Kamara / Bijan Robinson / Juwan Johnson / Saints / Tyler Shough,40600,<48000,1-5,1,87.05,112.13,120.0,133.98,0.0,0,2,FORCED_CAPTAIN
3958,Oscar Delp,TE,Alvin Kamara / Chris Olave / Devaughn Vele / Nick Folk / Tyler Shough,41200,<48000,1-5,1,82.88,111.29,121.37,140.3,0.0,0,2,FORCED_CAPTAIN
3961,Oscar Delp,TE,Alvin Kamara / Chris Olave / Michael Penix Jr. / Nick Folk / Tyler Shough,42400,<48000,2-4,1,87.19,114.28,124.18,143.78,0.0,0,1,FORCED_CAPTAIN
3962,Oscar Delp,TE,Alvin Kamara / Daniel Carlson / Drake London / Juwan Johnson / Saints,34000,<48000,1-5,0,67.19,87.84,94.17,108.04,0.0,0,1,FORCED_CAPTAIN
3966,Oscar Delp,TE,Austin Hooper / Bijan Robinson / Chris Olave / Michael Penix Jr. / Nick Folk,40400,<48000,4-2,1,80.73,105.16,114.47,131.83,0.0,0,1,FORCED_CAPTAIN
3968,Oscar Delp,TE,Austin Hooper / Chris Olave / Drake London / Juwan Johnson / Michael Penix Jr.,40600,<48000,3-3,1,83.01,112.87,120.88,138.48,0.0,0,2,FORCED_CAPTAIN
3978,Oscar Delp,TE,Bijan Robinson / Chris Olave / Daniel Carlson / Falcons / Juwan Johnson,39000,<48000,2-4,0,84.27,107.72,114.31,131.19,0.0,0,0,FORCED_CAPTAIN
3980,Oscar Delp,TE,Bijan Robinson / Chris Olave / Daniel Carlson / Saints / Tyler Shough,41800,<48000,1-5,1,91.49,116.24,125.53,141.87,0.0,0,2,FORCED_CAPTAIN
3985,Oscar Delp,TE,Bijan Robinson / Chris Olave / Devaughn Vele / Michael Penix Jr. / Saints,44200,<48000,2-4,0,86.78,111.13,119.69,136.21,0.0,0,0,FORCED_CAPTAIN
4006,Oscar Delp,TE,Bijan Robinson / Daniel Carlson / Devaughn Vele / Drake London / Michael Penix Jr.,44000,<48000,3-3,1,83.18,110.37,118.68,134.86,0.0,0,1,FORCED_CAPTAIN
4007,Oscar Delp,TE,Bijan Robinson / Daniel Carlson / Drake London / Falcons / Michael Penix Jr.,39800,<48000,4-2,1,77.77,102.43,110.5,125.95,0.0,0,1,FORCED_CAPTAIN
4008,Oscar Delp,TE,Bijan Robinson / Daniel Carlson / Drake London / Falcons / Saints,35000,<48000,3-3,0,68.99,88.12,94.13,106.06,0.0,0,0,FORCED_CAPTAIN
4010,Oscar Delp,TE,Bijan Robinson / Daniel Carlson / Drake London / Michael Penix Jr. / Nick Folk,41600,<48000,4-2,1,80.03,106.09,113.3,130.59,0.0,0,1,FORCED_CAPTAIN
4013,Oscar Delp,TE,Bijan Robinson / Devaughn Vele / Drake London / Falcons / Juwan Johnson,41200,<48000,3-3,0,81.02,105.27,113.18,128.69,0.0,0,0,FORCED_CAPTAIN
4017,Oscar Delp,TE,Bijan Robinson / Devaughn Vele / Drake London / Michael Penix Jr. / Saints,43400,<48000,3-3,1,81.12,106.92,114.93,130.0,0.0,0,1,FORCED_CAPTAIN
4021,Oscar Delp,TE,Bijan Robinson / Devaughn Vele / Juwan Johnson / Saints / Tyler Shough,41400,<48000,1-5,1,84.41,109.5,118.69,137.7,0.0,0,2,FORCED_CAPTAIN
4022,Oscar Delp,TE,Bijan Robinson / Devaughn Vele / Michael Penix Jr. / Saints / Tyler Shough,43000,<48000,2-4,1,83.57,108.07,115.55,133.12,0.0,0,1,FORCED_CAPTAIN
4026,Oscar Delp,TE,Bijan Robinson / Falcons / Kendre Miller / Saints / Tyler Shough,34800,<48000,2-4,1,66.59,83.54,89.87,101.27,0.0,0,1,FORCED_CAPTAIN
4027,Oscar Delp,TE,Chris Olave / Daniel Carlson / Drake London / Michael Penix Jr. / Tyler Shough,44800,<48000,2-4,1,94.27,125.48,134.0,152.56,0.0,0,2,FORCED_CAPTAIN
4028,Oscar Delp,TE,Chris Olave / Daniel Carlson / Kyle Pitts Sr. / Michael Penix Jr. / Tyler Shough,40600,<48000,2-4,1,79.39,105.59,115.96,133.37,0.0,0,1,FORCED_CAPTAIN
4032,Oscar Delp,TE,Chris Olave / Devaughn Vele / Falcons / Nick Folk / Tyler Shough,37800,<48000,2-4,1,74.83,101.23,109.41,127.06,0.0,0,1,FORCED_CAPTAIN
4035,Oscar Delp,TE,Chris Olave / Drake London / Juwan Johnson / Saints / Tyler Shough,42600,<48000,1-5,1,93.05,124.0,132.81,150.53,0.0,0,3,FORCED_CAPTAIN
4036,Oscar Delp,TE,Daniel Carlson / Devaughn Vele / Drake London / Juwan Johnson / Tyler Shough,40200,<48000,1-5,1,80.46,108.41,117.89,134.5,0.0,0,2,FORCED_CAPTAIN
4038,Oscar Delp,TE,Devaughn Vele / Drake London / Juwan Johnson / Saints / Tyler Shough,39600,<48000,1-5,1,78.4,106.72,115.02,130.92,0.0,0,2,FORCED_CAPTAIN
4165,Spencer Rattler,QB,Alvin Kamara / Austin Hooper / Bijan Robinson / Michael Penix Jr. / Tyler Shough,49200,49000-49400,3-3,1,81.25,106.8,113.49,128.72,0.0,0,1,FORCED_CAPTAIN
4166,Spencer Rattler,QB,Alvin Kamara / Austin Hooper / Chris Olave / Drake London / Tyler Shough,49200,49000-49400,2-4,1,85.58,114.23,123.41,141.95,0.0,0,1,FORCED_CAPTAIN
4167,Spencer Rattler,QB,Alvin Kamara / Austin Hooper / Chris Olave / Michael Penix Jr. / Tyler Shough,48200,48000-48900,2-4,1,80.91,108.26,117.65,133.97,0.0,0,1,FORCED_CAPTAIN
4168,Spencer Rattler,QB,Alvin Kamara / Barion Brown / Bijan Robinson / Chris Olave / Tyler Shough,49400,49000-49400,1-5,1,88.15,115.09,124.7,143.57,0.0,0,2,FORCED_CAPTAIN
4169,Spencer Rattler,QB,Alvin Kamara / Bijan Robinson / Bryce Lance / Chris Olave / Tyler Shough,50000,50000,1-5,1,90.64,118.42,128.42,145.75,0.0,0,3,FORCED_CAPTAIN
4170,Spencer Rattler,QB,Alvin Kamara / Bijan Robinson / Bryce Lance / Drake London / Tyler Shough,49200,49000-49400,2-4,1,84.98,111.3,119.44,132.87,0.0,0,1,FORCED_CAPTAIN
4171,Spencer Rattler,QB,Alvin Kamara / Bijan Robinson / CJ Donaldson / Chris Olave / Juwan Johnson,47400,<48000,1-5,1,82.17,105.83,112.88,131.48,0.0,0,2,FORCED_CAPTAIN
4172,Spencer Rattler,QB,Alvin Kamara / Bijan Robinson / Chris Olave / Daniel Carlson / Nick Folk,48800,48000-48900,2-4,1,81.97,103.4,110.86,125.59,0.0,0,1,FORCED_CAPTAIN
4173,Spencer Rattler,QB,Alvin Kamara / Bijan Robinson / Chris Olave / Drake London / Oscar Delp,49000,49000-49400,2-4,1,86.96,112.29,119.84,138.74,0.0,0,1,FORCED_CAPTAIN
4174,Spencer Rattler,QB,Alvin Kamara / Bijan Robinson / Chris Olave / Falcons / Juwan Johnson,49600,49500-49900,2-4,1,87.26,110.78,117.36,136.55,0.0,0,1,FORCED_CAPTAIN
4175,Spencer Rattler,QB,Alvin Kamara / Bijan Robinson / Chris Olave / Treyton Welch / Tyler Shough,48400,48000-48900,1-5,1,88.26,115.09,125.18,143.57,0.0,0,2,FORCED_CAPTAIN
4176,Spencer Rattler,QB,Alvin Kamara / Bijan Robinson / Daniel Carlson / Falcons / Tyler Shough,45800,<48000,2-4,0,76.5,94.49,100.76,111.62,0.0,0,0,FORCED_CAPTAIN
4177,Spencer Rattler,QB,Alvin Kamara / Bijan Robinson / Daniel Carlson / Juwan Johnson / Michael Penix Jr.,49000,49000-49400,2-4,1,79.92,103.62,110.03,123.81,0.0,0,1,FORCED_CAPTAIN
4178,Spencer Rattler,QB,Alvin Kamara / Bijan Robinson / Daniel Carlson / Juwan Johnson / Tyler Shough,49600,49500-49900,1-5,1,87.05,112.82,119.56,135.41,0.0,0,2,FORCED_CAPTAIN
4179,Spencer Rattler,QB,Alvin Kamara / Bijan Robinson / Devaughn Vele / Drake London / Falcons,49200,49000-49400,3-3,1,76.46,98.82,106.46,118.23,0.0,0,1,FORCED_CAPTAIN
4180,Spencer Rattler,QB,Alvin Kamara / Bijan Robinson / Devaughn Vele / Juwan Johnson / Kyle Pitts Sr.,48800,48000-48900,2-4,1,72.14,94.71,100.71,115.66,0.0,0,1,FORCED_CAPTAIN
4181,Spencer Rattler,QB,Alvin Kamara / Bijan Robinson / Devaughn Vele / Juwan Johnson / Nick Folk,48400,48000-48900,2-4,1,74.88,96.66,104.42,118.05,0.0,0,1,FORCED_CAPTAIN
4182,Spencer Rattler,QB,Alvin Kamara / Bijan Robinson / Drake London / Juwan Johnson / Saints,49400,49000-49400,2-4,1,82.54,105.91,112.88,125.74,0.0,0,1,FORCED_CAPTAIN
4183,Spencer Rattler,QB,Alvin Kamara / Bijan Robinson / Drake London / Michael Penix Jr. / Olamide Zaccheaus,48800,48000-48900,4-2,1,77.58,104.24,113.95,126.96,0.0,0,1,FORCED_CAPTAIN
4184,Spencer Rattler,QB,Alvin Kamara / Bijan Robinson / Drake London / Olamide Zaccheaus / Tyler Shough,49400,49000-49400,3-3,0,84.7,110.77,117.81,130.67,0.0,0,0,FORCED_CAPTAIN
4186,Spencer Rattler,QB,Alvin Kamara / Bijan Robinson / Falcons / Juwan Johnson / Tyler Shough,48400,48000-48900,2-4,1,84.06,107.76,115.6,131.73,0.0,0,1,FORCED_CAPTAIN
4187,Spencer Rattler,QB,Alvin Kamara / Bijan Robinson / Jahan Dotson / Juwan Johnson / Tyler Shough,47800,<48000,2-4,1,82.53,108.73,115.75,130.77,0.0,0,1,FORCED_CAPTAIN
4188,Spencer Rattler,QB,Alvin Kamara / Bijan Robinson / Juwan Johnson / Kendre Miller / Tyler Shough,49800,49500-49900,1-5,1,82.2,108.42,115.26,130.72,0.0,0,2,FORCED_CAPTAIN
4189,Spencer Rattler,QB,Alvin Kamara / Bijan Robinson / Juwan Johnson / Olamide Zaccheaus / Tyler Shough,46800,<48000,2-4,1,80.87,106.96,114.19,127.41,0.0,0,1,FORCED_CAPTAIN
4190,Spencer Rattler,QB,Alvin Kamara / Bijan Robinson / Juwan Johnson / Saints / Tyler Shough,49000,49000-49400,1-5,1,84.99,109.71,117.11,133.11,0.0,0,2,FORCED_CAPTAIN
4191,Spencer Rattler,QB,Alvin Kamara / Brian Robinson Jr. / Chris Olave / Juwan Johnson / Tyler Shough,47600,<48000,1-5,1,82.75,112.42,120.35,137.65,0.0,0,2,FORCED_CAPTAIN
4192,Spencer Rattler,QB,Alvin Kamara / Brian Robinson Jr. / Chris Olave / Michael Penix Jr. / Tyler Shough,49200,49000-49400,2-4,1,81.91,109.15,117.84,136.52,0.0,0,1,FORCED_CAPTAIN
4193,Spencer Rattler,QB,Alvin Kamara / Chris Olave / Daniel Carlson / Drake London / Juwan Johnson,49000,49000-49400,1-5,1,84.25,109.06,115.8,132.04,0.0,0,2,FORCED_CAPTAIN
4194,Spencer Rattler,QB,Alvin Kamara / Chris Olave / Daniel Carlson / Drake London / Nick Folk,47000,<48000,2-4,1,75.96,98.1,105.8,123.43,0.0,0,1,FORCED_CAPTAIN
4195,Spencer Rattler,QB,Alvin Kamara / Chris Olave / Devaughn Vele / Falcons / Tyler Shough,47800,<48000,1-5,1,78.57,104.38,113.19,130.0,0.0,0,2,FORCED_CAPTAIN
4196,Spencer Rattler,QB,Alvin Kamara / Chris Olave / Devaughn Vele / Nick Folk / Tyler Shough,49600,49500-49900,1-5,1,80.83,108.84,118.32,134.74,0.0,0,2,FORCED_CAPTAIN
4197,Spencer Rattler,QB,Alvin Kamara / Chris Olave / Drake London / Falcons / Michael Penix Jr.,49400,49000-49400,3-3,1,80.42,105.95,114.72,132.64,0.0,0,1,FORCED_CAPTAIN
4198,Spencer Rattler,QB,Alvin Kamara / Chris Olave / Drake London / Falcons / Tyler Shough,50000,50000,2-4,1,87.55,114.9,123.34,141.89,0.0,0,2,FORCED_CAPTAIN
4199,Spencer Rattler,QB,Alvin Kamara / Chris Olave / Drake London / Jahan Dotson / Tyler Shough,49400,49000-49400,2-4,1,86.03,114.94,123.77,142.39,0.0,0,1,FORCED_CAPTAIN
4200,Spencer Rattler,QB,Alvin Kamara / Chris Olave / Drake London / Juwan Johnson / Saints,48400,48000-48900,1-5,1,82.19,106.45,113.99,128.85,0.0,0,2,FORCED_CAPTAIN
4201,Spencer Rattler,QB,Alvin Kamara / Chris Olave / Drake London / Michael Penix Jr. / Saints,50000,50000,2-4,1,81.35,107.03,116.01,133.11,0.0,0,2,FORCED_CAPTAIN
4202,Spencer Rattler,QB,Alvin Kamara / Chris Olave / Jahan Dotson / Michael Penix Jr. / Tyler Shough,48400,48000-48900,2-4,1,81.35,109.24,118.53,134.41,0.0,0,1,FORCED_CAPTAIN
4203,Spencer Rattler,QB,Alvin Kamara / Chris Olave / Juwan Johnson / Nick Folk / Tyler Shough,49200,49000-49400,1-5,1,85.97,115.55,123.83,141.85,0.0,0,2,FORCED_CAPTAIN
4204,Spencer Rattler,QB,Alvin Kamara / Chris Olave / Michael Penix Jr. / Saints / Tyler Shough,49600,49500-49900,1-5,1,83.81,109.88,119.39,134.18,0.0,0,2,FORCED_CAPTAIN
4205,Spencer Rattler,QB,Alvin Kamara / Daniel Carlson / Drake London / Juwan Johnson / Tyler Shough,47800,<48000,1-5,1,81.04,106.47,115.38,131.85,0.0,0,2,FORCED_CAPTAIN
4206,Spencer Rattler,QB,Alvin Kamara / Daniel Carlson / Drake London / Michael Penix Jr. / Tyler Shough,49400,49000-49400,2-4,0,80.21,106.3,114.63,129.49,0.0,0,0,FORCED_CAPTAIN
4207,Spencer Rattler,QB,Alvin Kamara / Devaughn Vele / Drake London / Kyle Pitts Sr. / Michael Penix Jr.,48600,48000-48900,3-3,1,65.29,90.24,98.29,115.13,0.0,0,1,FORCED_CAPTAIN
4208,Spencer Rattler,QB,Alvin Kamara / Devaughn Vele / Juwan Johnson / Michael Penix Jr. / Tyler Shough,49800,49500-49900,1-5,1,78.78,106.37,115.27,131.29,0.0,0,2,FORCED_CAPTAIN
4209,Spencer Rattler,QB,Alvin Kamara / Drake London / Juwan Johnson / Nick Folk / Tyler Shough,48400,48000-48900,2-4,1,80.31,107.41,115.35,132.03,0.0,0,1,FORCED_CAPTAIN
4210,Spencer Rattler,QB,Austin Hooper / Bijan Robinson / Chris Olave / Daniel Carlson / Drake London,49200,49000-49400,3-3,0,84.08,109.91,117.3,133.45,0.0,0,0,FORCED_CAPTAIN
4211,Spencer Rattler,QB,Austin Hooper / Bijan Robinson / Drake London / Juwan Johnson / Michael Penix Jr.,50000,50000,4-2,1,81.3,110.04,118.57,134.61,0.0,0,3,FORCED_CAPTAIN
4212,Spencer Rattler,QB,Austin Hooper / Bijan Robinson / Juwan Johnson / Michael Penix Jr. / Tyler Shough,49600,49500-49900,3-3,1,83.76,111.48,120.04,137.49,0.0,0,2,FORCED_CAPTAIN
4213,Spencer Rattler,QB,Austin Hooper / Chris Olave / Devaughn Vele / Drake London / Tyler Shough,50000,50000,2-4,1,82.94,113.47,121.98,140.27,0.0,0,2,FORCED_CAPTAIN
4214,Spencer Rattler,QB,Austin Hooper / Chris Olave / Drake London / Juwan Johnson / Tyler Shough,49600,49500-49900,2-4,1,88.09,119.44,128.69,145.44,0.0,0,2,FORCED_CAPTAIN
4215,Spencer Rattler,QB,Austin Hooper / Chris Olave / Juwan Johnson / Michael Penix Jr. / Tyler Shough,48600,48000-48900,2-4,1,83.41,112.81,121.52,141.46,0.0,0,2,FORCED_CAPTAIN
4216,Spencer Rattler,QB,Barion Brown / Bijan Robinson / Chris Olave / Juwan Johnson / Tyler Shough,49800,49500-49900,1-5,1,90.65,120.06,130.42,150.14,0.0,0,3,FORCED_CAPTAIN
4217,Spencer Rattler,QB,Bijan Robinson / Brian Robinson Jr. / Chris Olave / Falcons / Tyler Shough,48600,48000-48900,3-3,0,84.55,109.07,118.94,137.09,0.0,0,0,FORCED_CAPTAIN
4218,Spencer Rattler,QB,Bijan Robinson / Brian Robinson Jr. / Chris Olave / Saints / Tyler Shough,49200,49000-49400,2-4,0,85.48,109.96,118.82,137.37,0.0,0,0,FORCED_CAPTAIN
4219,Spencer Rattler,QB,Bijan Robinson / Brian Robinson Jr. / Daniel Carlson / Drake London / Tyler Shough,49000,49000-49400,3-3,0,81.88,105.17,111.95,124.55,0.0,0,0,FORCED_CAPTAIN
4220,Spencer Rattler,QB,Bijan Robinson / Bryce Lance / Chris Olave / Daniel Carlson / Drake London,48200,48000-48900,2-4,1,83.13,108.67,115.76,131.06,0.0,0,1,FORCED_CAPTAIN
4221,Spencer Rattler,QB,Bijan Robinson / Bryce Lance / Chris Olave / Jahan Dotson / Tyler Shough,46000,<48000,2-4,1,81.07,107.18,117.37,134.69,0.0,0,1,FORCED_CAPTAIN
4222,Spencer Rattler,QB,Bijan Robinson / Bryce Lance / Chris Olave / Juwan Johnson / Michael Penix Jr.,49800,49500-49900,2-4,1,86.02,112.13,120.82,137.21,0.0,0,2,FORCED_CAPTAIN
4223,Spencer Rattler,QB,Bijan Robinson / Bryce Lance / Chris Olave / Nick Folk / Tyler Shough,48400,48000-48900,2-4,1,84.86,111.33,120.99,136.21,0.0,0,1,FORCED_CAPTAIN
4224,Spencer Rattler,QB,Bijan Robinson / Bryce Lance / Devaughn Vele / Drake London / Tyler Shough,50000,50000,2-4,1,82.34,109.16,116.51,134.17,0.0,0,2,FORCED_CAPTAIN
4225,Spencer Rattler,QB,Bijan Robinson / CJ Donaldson / Chris Olave / Juwan Johnson / Tyler Shough,50000,50000,1-5,1,90.97,120.2,130.65,150.14,0.0,0,4,FORCED_CAPTAIN
4226,Spencer Rattler,QB,Bijan Robinson / Charlie Woerner / Chris Olave / Drake London / Juwan Johnson,49600,49500-49900,3-3,1,88.38,115.22,122.07,139.98,0.0,0,2,FORCED_CAPTAIN
4227,Spencer Rattler,QB,Bijan Robinson / Charlie Woerner / Drake London / Michael Penix Jr. / Tyler Shough,50000,50000,4-2,1,84.34,113.58,121.94,134.94,0.0,0,3,FORCED_CAPTAIN
4228,Spencer Rattler,QB,Bijan Robinson / Charlie Woerner / Falcons / Michael Penix Jr. / Tyler Shough,43600,<48000,4-2,1,69.94,90.43,97.95,114.83,0.0,0,1,FORCED_CAPTAIN
4229,Spencer Rattler,QB,Bijan Robinson / Chris Blair / Chris Olave / Juwan Johnson / Tyler Shough,49600,49500-49900,2-4,1,90.6,119.97,130.42,150.14,0.0,0,2,FORCED_CAPTAIN
4230,Spencer Rattler,QB,Bijan Robinson / Chris Olave / Daniel Carlson / Drake London / Falcons,50000,50000,3-3,0,86.05,110.25,117.71,135.22,0.0,0,1,FORCED_CAPTAIN
4231,Spencer Rattler,QB,Bijan Robinson / Chris Olave / Daniel Carlson / Falcons / Juwan Johnson,47400,<48000,2-4,1,82.21,104.89,112.32,127.35,0.0,0,1,FORCED_CAPTAIN
4232,Spencer Rattler,QB,Bijan Robinson / Chris Olave / Daniel Carlson / Falcons / Tyler Shough,49600,49500-49900,2-4,0,88.5,112.29,121.02,139.08,0.0,0,0,FORCED_CAPTAIN
4233,Spencer Rattler,QB,Bijan Robinson / Chris Olave / Daniel Carlson / Jahan Dotson / Tyler Shough,49000,49000-49400,2-4,0,86.98,112.82,122.12,141.29,0.0,0,0,FORCED_CAPTAIN
4234,Spencer Rattler,QB,Bijan Robinson / Chris Olave / Daniel Carlson / Juwan Johnson / Nick Folk,49200,49000-49400,2-4,1,84.47,108.99,116.09,130.28,0.0,0,1,FORCED_CAPTAIN
4235,Spencer Rattler,QB,Bijan Robinson / Chris Olave / Daniel Carlson / Juwan Johnson / Saints,48000,48000-48900,1-5,1,83.14,105.32,112.87,126.0,0.0,0,2,FORCED_CAPTAIN
4236,Spencer Rattler,QB,Bijan Robinson / Chris Olave / Devaughn Vele / Drake London / Oscar Delp,49800,49500-49900,2-4,1,84.32,110.39,120.03,135.71,0.0,0,1,FORCED_CAPTAIN
4237,Spencer Rattler,QB,Bijan Robinson / Chris Olave / Devaughn Vele / Kevin Austin Jr. / Tyler Shough,49800,49500-49900,1-5,1,86.05,114.75,124.54,144.29,0.0,0,2,FORCED_CAPTAIN
4238,Spencer Rattler,QB,Bijan Robinson / Chris Olave / Devaughn Vele / Oscar Delp / Tyler Shough,49400,49000-49400,1-5,1,86.77,115.51,125.94,144.29,0.0,0,2,FORCED_CAPTAIN
4239,Spencer Rattler,QB,Bijan Robinson / Chris Olave / Drake London / Falcons / Jahan Dotson,48200,48000-48900,4-2,0,81.53,106.36,114.08,131.43,0.0,0,0,FORCED_CAPTAIN
4240,Spencer Rattler,QB,Bijan Robinson / Chris Olave / Drake London / Falcons / Saints,49400,49000-49400,3-3,0,83.99,106.56,114.14,130.28,0.0,0,0,FORCED_CAPTAIN
4241,Spencer Rattler,QB,Bijan Robinson / Chris Olave / Drake London / Juwan Johnson / Oscar Delp,49400,49000-49400,2-4,1,89.47,116.11,124.18,141.34,0.0,0,2,FORCED_CAPTAIN
4242,Spencer Rattler,QB,Bijan Robinson / Chris Olave / Falcons / Michael Penix Jr. / Nick Folk,49600,49500-49900,4-2,0,80.64,104.38,112.37,127.3,0.0,0,0,FORCED_CAPTAIN
4244,Spencer Rattler,QB,Bijan Robinson / Chris Olave / Jahan Dotson / Juwan Johnson / Nick Folk,47400,<48000,3-3,1,79.95,103.72,111.74,127.55,0.0,0,1,FORCED_CAPTAIN
4245,Spencer Rattler,QB,Bijan Robinson / Chris Olave / Jahan Dotson / Nick Folk / Tyler Shough,49600,49500-49900,3-3,0,86.25,112.47,122.2,139.68,0.0,0,0,FORCED_CAPTAIN
4246,Spencer Rattler,QB,Bijan Robinson / Chris Olave / Juwan Johnson / Kevin Austin Jr. / Tyler Shough,49400,49000-49400,1-5,1,91.2,120.54,131.6,152.5,0.0,0,3,FORCED_CAPTAIN
4247,Spencer Rattler,QB,Bijan Robinson / Chris Olave / Juwan Johnson / Oscar Delp / Tyler Shough,49000,49000-49400,1-5,1,91.92,121.81,131.6,152.86,0.0,0,3,FORCED_CAPTAIN
4248,Spencer Rattler,QB,Bijan Robinson / Daniel Carlson / Drake London / Juwan Johnson / Nick Folk,48400,48000-48900,3-3,0,78.81,101.9,109.39,123.88,0.0,0,0,FORCED_CAPTAIN
4249,Spencer Rattler,QB,Bijan Robinson / Daniel Carlson / Drake London / Juwan Johnson / Saints,47200,<48000,2-4,0,77.48,99.1,106.01,119.0,0.0,0,0,FORCED_CAPTAIN
4250,Spencer Rattler,QB,Bijan Robinson / Daniel Carlson / Drake London / Michael Penix Jr. / Nick Folk,50000,50000,4-2,1,77.97,103.73,111.09,126.73,0.0,0,2,FORCED_CAPTAIN
4251,Spencer Rattler,QB,Bijan Robinson / Daniel Carlson / Juwan Johnson / Nick Folk / Tyler Shough,48000,48000-48900,2-4,0,81.26,105.9,112.46,127.53,0.0,0,0,FORCED_CAPTAIN
4252,Spencer Rattler,QB,Bijan Robinson / Daniel Carlson / Juwan Johnson / Saints / Tyler Shough,46800,<48000,1-5,0,79.94,101.77,110.21,125.72,0.0,0,1,FORCED_CAPTAIN
4253,Spencer Rattler,QB,Bijan Robinson / Devaughn Vele / Drake London / Falcons / Juwan Johnson,49600,49500-49900,3-3,1,78.96,102.36,111.13,126.49,0.0,0,1,FORCED_CAPTAIN
4254,Spencer Rattler,QB,Bijan Robinson / Devaughn Vele / Jahan Dotson / Juwan Johnson / Tyler Shough,48600,48000-48900,2-4,1,79.89,105.78,114.51,131.96,0.0,0,1,FORCED_CAPTAIN
4255,Spencer Rattler,QB,Bijan Robinson / Devaughn Vele / Juwan Johnson / Saints / Tyler Shough,49800,49500-49900,1-5,1,82.35,106.99,116.13,134.54,0.0,0,2,FORCED_CAPTAIN
4256,Spencer Rattler,QB,Bijan Robinson / Drake London / Falcons / Kyle Pitts Sr. / Michael Penix Jr.,49200,49000-49400,5-1,1,72.23,97.74,106.48,122.69,0.0,0,2,FORCED_CAPTAIN
4257,Spencer Rattler,QB,Bijan Robinson / Drake London / Jahan Dotson / Kyle Pitts Sr. / Michael Penix Jr.,48600,48000-48900,5-1,1,70.71,97.06,107.11,120.31,0.0,0,2,FORCED_CAPTAIN
4258,Spencer Rattler,QB,Bijan Robinson / Drake London / Juwan Johnson / Michael Penix Jr. / Olamide Zaccheaus,49200,49000-49400,4-2,1,80.08,107.46,116.6,131.68,0.0,0,2,FORCED_CAPTAIN
4259,Spencer Rattler,QB,Bijan Robinson / Drake London / Nick Folk / Saints / Tyler Shough,50000,50000,3-3,0,83.04,105.21,111.3,125.07,0.0,0,1,FORCED_CAPTAIN
4260,Spencer Rattler,QB,Bijan Robinson / Falcons / Juwan Johnson / Nick Folk / Tyler Shough,46800,<48000,3-3,0,78.27,101.18,109.07,125.42,0.0,0,0,FORCED_CAPTAIN
4261,Spencer Rattler,QB,Brian Robinson Jr. / Chris Olave / Juwan Johnson / Michael Penix Jr. / Tyler Shough,49600,49500-49900,2-4,1,84.42,114.68,122.59,141.14,0.0,0,2,FORCED_CAPTAIN
4262,Spencer Rattler,QB,Brian Robinson Jr. / Drake London / Juwan Johnson / Michael Penix Jr. / Tyler Shough,48800,48000-48900,3-3,1,78.76,107.66,115.88,131.98,0.0,0,2,FORCED_CAPTAIN
4263,Spencer Rattler,QB,Bryce Lance / Chris Olave / Drake London / Juwan Johnson / Tyler Shough,48600,48000-48900,1-5,1,87.14,118.6,127.85,144.62,0.0,0,3,FORCED_CAPTAIN
4264,Spencer Rattler,QB,Chris Olave / Daniel Carlson / Drake London / Juwan Johnson / Saints,46200,<48000,1-5,1,77.14,99.51,107.59,122.15,0.0,0,2,FORCED_CAPTAIN
4265,Spencer Rattler,QB,Chris Olave / Daniel Carlson / Drake London / Nick Folk / Tyler Shough,49600,49500-49900,2-4,0,84.75,112.09,120.58,137.46,0.0,0,0,FORCED_CAPTAIN
4266,Spencer Rattler,QB,Chris Olave / Daniel Carlson / Juwan Johnson / Nick Folk / Tyler Shough,47000,<48000,1-5,1,80.92,108.6,116.68,132.47,0.0,0,2,FORCED_CAPTAIN
4267,Spencer Rattler,QB,Chris Olave / Daniel Carlson / Kyle Pitts Sr. / Michael Penix Jr. / Tyler Shough,49000,49000-49400,2-4,0,77.34,103.34,113.08,129.47,0.0,0,0,FORCED_CAPTAIN
4268,Spencer Rattler,QB,Chris Olave / Devaughn Vele / Falcons / Juwan Johnson / Tyler Shough,48200,48000-48900,1-5,1,81.07,109.56,116.8,137.91,0.0,0,2,FORCED_CAPTAIN
4269,Spencer Rattler,QB,Chris Olave / Devaughn Vele / Falcons / Saints / Tyler Shough,45000,<48000,1-5,1,71.45,96.35,104.19,118.58,0.0,0,2,FORCED_CAPTAIN
4270,Spencer Rattler,QB,Chris Olave / Devaughn Vele / Juwan Johnson / Nick Folk / Tyler Shough,50000,50000,1-5,1,83.33,114.11,122.71,142.05,0.0,0,3,FORCED_CAPTAIN
4271,Spencer Rattler,QB,Chris Olave / Drake London / Jahan Dotson / Juwan Johnson / Tyler Shough,49800,49500-49900,2-4,1,88.53,119.65,128.45,145.64,0.0,0,2,FORCED_CAPTAIN
4272,Spencer Rattler,QB,Chris Olave / Drake London / Juwan Johnson / Olamide Zaccheaus / Tyler Shough,48800,48000-48900,2-4,1,86.86,117.93,126.92,142.19,0.0,0,2,FORCED_CAPTAIN
4273,Spencer Rattler,QB,Chris Olave / Drake London / Juwan Johnson / Tyler Shough / Zachariah Branch,49200,49000-49400,2-4,1,85.19,115.86,125.12,140.9,0.0,0,2,FORCED_CAPTAIN
4274,Spencer Rattler,QB,Chris Olave / Drake London / Kevin Austin Jr. / Michael Penix Jr. / Tyler Shough,49200,49000-49400,2-4,1,84.35,113.75,124.94,145.17,0.0,0,2,FORCED_CAPTAIN
4275,Spencer Rattler,QB,Chris Olave / Drake London / Nick Folk / Saints / Tyler Shough,49000,49000-49400,2-4,0,82.7,108.63,116.97,135.46,0.0,0,0,FORCED_CAPTAIN
4276,Spencer Rattler,QB,Chris Olave / Falcons / Juwan Johnson / Michael Penix Jr. / Tyler Shough,49400,49000-49400,2-4,1,85.38,113.53,120.98,139.69,0.0,0,2,FORCED_CAPTAIN
4277,Spencer Rattler,QB,Chris Olave / Jahan Dotson / Juwan Johnson / Michael Penix Jr. / Tyler Shough,48800,48000-48900,2-4,1,83.85,113.56,122.09,140.91,0.0,0,2,FORCED_CAPTAIN
4278,Spencer Rattler,QB,Chris Olave / Juwan Johnson / Michael Penix Jr. / Saints / Tyler Shough,50000,50000,1-5,1,86.31,114.87,122.65,139.66,0.0,0,4,FORCED_CAPTAIN
4279,Spencer Rattler,QB,Daniel Carlson / Drake London / Juwan Johnson / Michael Penix Jr. / Tyler Shough,49800,49500-49900,2-4,0,82.71,110.75,119.5,136.06,0.0,0,1,FORCED_CAPTAIN
4280,Spencer Rattler,QB,Devaughn Vele / Drake London / Falcons / Juwan Johnson / Tyler Shough,47400,<48000,2-4,1,75.41,101.18,110.64,126.87,0.0,0,1,FORCED_CAPTAIN
4281,Spencer Rattler,QB,Devaughn Vele / Drake London / Juwan Johnson / Kyle Pitts Sr. / Tyler Shough,49600,49500-49900,2-4,1,74.93,102.52,111.89,128.72,0.0,0,1,FORCED_CAPTAIN
4282,Spencer Rattler,QB,Devaughn Vele / Drake London / Juwan Johnson / Michael Penix Jr. / Nick Folk,48600,48000-48900,3-3,1,70.54,96.44,103.83,120.96,0.0,0,1,FORCED_CAPTAIN
4283,Spencer Rattler,QB,Devaughn Vele / Drake London / Michael Penix Jr. / Saints / Tyler Shough,49600,49500-49900,2-4,0,75.51,102.25,110.26,126.45,0.0,0,0,FORCED_CAPTAIN
4284,Spencer Rattler,QB,Drake London / Juwan Johnson / Michael Penix Jr. / Saints / Tyler Shough,49200,49000-49400,2-4,0,80.65,108.69,116.24,133.62,0.0,0,1,FORCED_CAPTAIN
4286,Treyton Welch,TE,Alvin Kamara / Bijan Robinson / Brian Robinson Jr. / Drake London / Tyler Shough,42500,<48000,3-3,1,87.26,112.99,121.02,134.11,0.0,0,1,FORCED_CAPTAIN
4287,Treyton Welch,TE,Alvin Kamara / Bijan Robinson / Chris Olave / Daniel Carlson / Devaughn Vele,42500,<48000,1-5,0,85.44,107.85,116.51,133.66,0.0,0,1,FORCED_CAPTAIN
4288,Treyton Welch,TE,Alvin Kamara / Bijan Robinson / Chris Olave / Daniel Carlson / Drake London,44700,<48000,2-4,0,94.42,119.61,126.76,144.84,0.0,0,0,FORCED_CAPTAIN
4289,Treyton Welch,TE,Alvin Kamara / Bijan Robinson / Chris Olave / Daniel Carlson / Juwan Johnson,42100,<48000,1-5,0,90.58,114.79,121.03,139.55,0.0,0,1,FORCED_CAPTAIN
4290,Treyton Welch,TE,Alvin Kamara / Bijan Robinson / Chris Olave / Daniel Carlson / Saints,38900,<48000,1-5,0,80.96,100.69,107.25,122.38,0.0,0,1,FORCED_CAPTAIN
4299,Treyton Welch,TE,Alvin Kamara / Bijan Robinson / Chris Olave / Falcons / Juwan Johnson,40900,<48000,2-4,0,87.59,110.84,117.51,136.55,0.0,0,0,FORCED_CAPTAIN
4303,Treyton Welch,TE,Alvin Kamara / Bijan Robinson / Chris Olave / Kendre Miller / Tyler Shough,44500,<48000,1-5,1,92.02,118.99,129.82,145.28,0.0,0,2,FORCED_CAPTAIN
4306,Treyton Welch,TE,Alvin Kamara / Bijan Robinson / Chris Olave / Saints / Tyler Shough,43700,<48000,1-5,1,94.81,121.09,130.54,148.69,0.0,0,2,FORCED_CAPTAIN
4307,Treyton Welch,TE,Alvin Kamara / Bijan Robinson / Devaughn Vele / Drake London / Juwan Johnson,44300,<48000,2-4,0,87.33,112.59,122.36,138.05,0.0,0,0,FORCED_CAPTAIN
4311,Treyton Welch,TE,Alvin Kamara / Bijan Robinson / Drake London / Juwan Johnson / Nick Folk,41900,<48000,3-3,0,84.19,108.6,117.41,129.18,0.0,0,0,FORCED_CAPTAIN
4313,Treyton Welch,TE,Alvin Kamara / Bijan Robinson / Drake London / Michael Penix Jr. / Saints,42300,<48000,3-3,1,82.02,107.21,115.53,131.04,0.0,0,1,FORCED_CAPTAIN
4315,Treyton Welch,TE,Alvin Kamara / Bijan Robinson / Drake London / Nick Folk / Saints,38700,<48000,3-3,0,74.57,94.65,100.55,114.07,0.0,0,0,FORCED_CAPTAIN
4317,Treyton Welch,TE,Alvin Kamara / Brian Robinson Jr. / Chris Olave / Daniel Carlson / Tyler Shough,36300,<48000,1-5,1,75.52,100.53,108.07,123.23,0.0,0,2,FORCED_CAPTAIN
4318,Treyton Welch,TE,Alvin Kamara / Chris Olave / Daniel Carlson / Drake London / Tyler Shough,42500,<48000,1-5,1,90.87,119.21,127.92,147.0,0.0,0,2,FORCED_CAPTAIN
4319,Treyton Welch,TE,Alvin Kamara / Chris Olave / Daniel Carlson / Nick Folk / Tyler Shough,37900,<48000,1-5,1,78.74,103.54,111.63,125.65,0.0,0,2,FORCED_CAPTAIN
4320,Treyton Welch,TE,Alvin Kamara / Chris Olave / Devaughn Vele / Nick Folk / Tyler Shough,40900,<48000,1-5,1,81.15,108.81,118.59,135.98,0.0,0,2,FORCED_CAPTAIN
4321,Treyton Welch,TE,Alvin Kamara / Chris Olave / Drake London / Juwan Johnson / Michael Penix Jr.,44500,<48000,2-4,0,91.3,120.77,128.41,145.58,0.0,0,1,FORCED_CAPTAIN
4324,Treyton Welch,TE,Alvin Kamara / Chris Olave / Drake London / Saints / Tyler Shough,41900,<48000,1-5,1,88.81,116.01,126.19,145.82,0.0,0,2,FORCED_CAPTAIN
4325,Treyton Welch,TE,Alvin Kamara / Devaughn Vele / Drake London / Juwan Johnson / Tyler Shough,42100,<48000,1-5,1,83.78,112.5,122.15,139.95,0.0,0,2,FORCED_CAPTAIN
4326,Treyton Welch,TE,Alvin Kamara / Drake London / Juwan Johnson / Michael Penix Jr. / Tyler Shough,43300,<48000,2-4,1,88.09,119.05,127.66,146.68,0.0,0,2,FORCED_CAPTAIN
4327,Treyton Welch,TE,Austin Hooper / Bijan Robinson / Chris Olave / Devaughn Vele / Michael Penix Jr.,42500,<48000,3-3,1,82.14,108.56,118.0,135.85,0.0,0,1,FORCED_CAPTAIN
4328,Treyton Welch,TE,Austin Hooper / Bijan Robinson / Chris Olave / Juwan Johnson / Michael Penix Jr.,42100,<48000,3-3,1,87.29,112.92,122.71,143.37,0.0,0,2,FORCED_CAPTAIN
4329,Treyton Welch,TE,Austin Hooper / Bijan Robinson / Chris Olave / Michael Penix Jr. / Tyler Shough,44300,<48000,3-3,1,93.58,123.19,134.31,154.23,0.0,0,2,FORCED_CAPTAIN
4330,Treyton Welch,TE,Bijan Robinson / Brian Robinson Jr. / Chris Olave / Daniel Carlson / Drake London,41500,<48000,3-3,0,85.41,110.1,117.56,134.48,0.0,0,0,FORCED_CAPTAIN
4332,Treyton Welch,TE,Bijan Robinson / Brian Robinson Jr. / Drake London / Michael Penix Jr. / Tyler Shough,44500,<48000,4-2,1,88.93,118.23,127.14,141.9,0.0,0,2,FORCED_CAPTAIN
4333,Treyton Welch,TE,Bijan Robinson / Bryce Lance / Chris Olave / Drake London / Tyler Shough,44300,<48000,2-4,1,97.31,127.48,137.42,158.59,0.0,0,2,FORCED_CAPTAIN
4334,Treyton Welch,TE,Bijan Robinson / Bryce Lance / Chris Olave / Falcons / Tyler Shough,37900,<48000,2-4,1,82.92,108.15,117.91,134.93,0.0,0,1,FORCED_CAPTAIN
4335,Treyton Welch,TE,Bijan Robinson / Bryce Lance / Chris Olave / Nick Folk / Tyler Shough,39700,<48000,2-4,1,85.18,111.57,121.5,136.99,0.0,0,1,FORCED_CAPTAIN
4336,Treyton Welch,TE,Bijan Robinson / Charlie Woerner / Falcons / Michael Penix Jr. / Tyler Shough,34900,<48000,4-2,1,70.27,90.59,98.55,114.98,0.0,0,1,FORCED_CAPTAIN
4338,Treyton Welch,TE,Bijan Robinson / Chris Olave / Daniel Carlson / Drake London / Juwan Johnson,45100,<48000,2-4,0,96.92,123.77,131.16,148.89,0.0,0,1,FORCED_CAPTAIN
4341,Treyton Welch,TE,Bijan Robinson / Chris Olave / Daniel Carlson / Juwan Johnson / Michael Penix Jr.,44100,<48000,2-4,0,92.25,118.2,127.29,144.77,0.0,0,1,FORCED_CAPTAIN
4342,Treyton Welch,TE,Bijan Robinson / Chris Olave / Daniel Carlson / Juwan Johnson / Tyler Shough,44700,<48000,1-5,1,99.38,128.87,138.37,157.14,0.0,0,3,FORCED_CAPTAIN
4343,Treyton Welch,TE,Bijan Robinson / Chris Olave / Daniel Carlson / Michael Penix Jr. / Nick Folk,42100,<48000,3-3,0,83.96,107.73,115.4,131.45,0.0,0,0,FORCED_CAPTAIN
4346,Treyton Welch,TE,Bijan Robinson / Chris Olave / Devaughn Vele / Drake London / Falcons,44300,<48000,3-3,0,88.78,114.9,123.34,139.22,0.0,0,0,FORCED_CAPTAIN
4348,Treyton Welch,TE,Bijan Robinson / Chris Olave / Devaughn Vele / Falcons / Michael Penix Jr.,43300,<48000,3-3,0,84.11,108.95,118.91,134.54,0.0,0,0,FORCED_CAPTAIN
4355,Treyton Welch,TE,Bijan Robinson / Chris Olave / Drake London / Falcons / Nick Folk,41900,<48000,4-2,0,85.64,109.83,118.21,134.55,0.0,0,0,FORCED_CAPTAIN
4363,Treyton Welch,TE,Bijan Robinson / Chris Olave / Drake London / Oscar Delp / Tyler Shough,42900,<48000,2-4,1,96.08,126.12,136.21,156.82,0.0,0,2,FORCED_CAPTAIN
4365,Treyton Welch,TE,Bijan Robinson / Chris Olave / Falcons / Juwan Johnson / Tyler Shough,43500,<48000,2-4,1,96.38,124.73,133.8,154.51,0.0,0,2,FORCED_CAPTAIN
4366,Treyton Welch,TE,Bijan Robinson / Chris Olave / Falcons / Michael Penix Jr. / Saints,39700,<48000,3-3,0,79.64,101.65,109.72,126.26,0.0,0,0,FORCED_CAPTAIN
4373,Treyton Welch,TE,Bijan Robinson / Daniel Carlson / Devaughn Vele / Drake London / Tyler Shough,44300,<48000,2-4,1,88.57,113.66,123.0,139.28,0.0,0,1,FORCED_CAPTAIN
4374,Treyton Welch,TE,Bijan Robinson / Daniel Carlson / Drake London / Juwan Johnson / Michael Penix Jr.,43300,<48000,3-3,1,86.59,114.43,122.73,141.1,0.0,0,2,FORCED_CAPTAIN
4375,Treyton Welch,TE,Bijan Robinson / Daniel Carlson / Drake London / Michael Penix Jr. / Tyler Shough,45500,<48000,3-3,1,92.88,122.02,130.42,145.52,0.0,0,2,FORCED_CAPTAIN
4376,Treyton Welch,TE,Bijan Robinson / Daniel Carlson / Juwan Johnson / Michael Penix Jr. / Tyler Shough,42900,<48000,2-4,1,89.04,116.16,124.39,140.23,0.0,0,2,FORCED_CAPTAIN
4379,Treyton Welch,TE,Bijan Robinson / Devaughn Vele / Drake London / Michael Penix Jr. / Saints,43100,<48000,3-3,1,79.38,105.14,112.81,128.68,0.0,0,1,FORCED_CAPTAIN
4382,Treyton Welch,TE,Bijan Robinson / Drake London / Falcons / Juwan Johnson / Michael Penix Jr.,42100,<48000,4-2,1,83.59,110.47,119.0,135.88,0.0,0,2,FORCED_CAPTAIN
4383,Treyton Welch,TE,Bijan Robinson / Drake London / Falcons / Juwan Johnson / Nick Folk,38500,<48000,4-2,0,76.14,99.61,106.59,120.85,0.0,0,0,FORCED_CAPTAIN
4384,Treyton Welch,TE,Bijan Robinson / Drake London / Falcons / Nick Folk / Saints,35300,<48000,4-2,0,66.52,85.14,91.5,104.31,0.0,0,0,FORCED_CAPTAIN
4386,Treyton Welch,TE,Bijan Robinson / Drake London / Juwan Johnson / Saints / Tyler Shough,43300,<48000,2-4,1,91.66,118.11,126.73,142.1,0.0,0,2,FORCED_CAPTAIN
4388,Treyton Welch,TE,Bijan Robinson / Juwan Johnson / Michael Penix Jr. / Nick Folk / Tyler Shough,43500,<48000,3-3,1,88.31,116.24,123.74,140.61,0.0,0,2,FORCED_CAPTAIN
4389,Treyton Welch,TE,Brian Robinson Jr. / Devaughn Vele / Kyle Pitts Sr. / Michael Penix Jr. / Tyler Shough,36300,<48000,3-3,1,59.06,81.43,89.17,103.72,0.0,0,1,FORCED_CAPTAIN
4390,Treyton Welch,TE,Chris Olave / Daniel Carlson / Devaughn Vele / Drake London / Tyler Shough,43300,<48000,1-5,1,88.23,118.31,126.75,144.92,0.0,0,2,FORCED_CAPTAIN
4391,Treyton Welch,TE,Chris Olave / Daniel Carlson / Drake London / Michael Penix Jr. / Tyler Shough,44500,<48000,2-4,1,92.53,123.7,132.38,150.22,0.0,0,2,FORCED_CAPTAIN
4392,Treyton Welch,TE,Chris Olave / Daniel Carlson / Nick Folk / Saints / Tyler Shough,35100,<48000,1-5,1,71.62,94.37,101.74,114.1,0.0,0,2,FORCED_CAPTAIN
4393,Treyton Welch,TE,Chris Olave / Devaughn Vele / Drake London / Falcons / Tyler Shough,42100,<48000,2-4,1,85.23,113.32,122.8,140.6,0.0,0,1,FORCED_CAPTAIN
4396,Treyton Welch,TE,Chris Olave / Devaughn Vele / Falcons / Juwan Johnson / Tyler Shough,39500,<48000,1-5,1,81.39,109.39,116.85,138.38,0.0,0,2,FORCED_CAPTAIN
4397,Treyton Welch,TE,Chris Olave / Devaughn Vele / Falcons / Kyle Pitts Sr. / Tyler Shough,37900,<48000,2-4,1,70.36,95.8,104.02,120.2,0.0,0,1,FORCED_CAPTAIN
4398,Treyton Welch,TE,Chris Olave / Drake London / Falcons / Juwan Johnson / Tyler Shough,41700,<48000,2-4,1,90.38,120.35,129.34,147.3,0.0,0,2,FORCED_CAPTAIN
4400,Treyton Welch,TE,Chris Olave / Drake London / Juwan Johnson / Nick Folk / Tyler Shough,43500,<48000,2-4,1,92.64,124.68,133.64,150.66,0.0,0,2,FORCED_CAPTAIN
4401,Treyton Welch,TE,Chris Olave / Drake London / Juwan Johnson / Saints / Tyler Shough,42300,<48000,1-5,1,91.31,121.51,130.53,149.83,0.0,0,3,FORCED_CAPTAIN
4402,Treyton Welch,TE,Chris Olave / Drake London / Michael Penix Jr. / Nick Folk / Tyler Shough,45100,<48000,3-3,1,91.8,123.01,132.37,153.51,0.0,0,2,FORCED_CAPTAIN
4403,Treyton Welch,TE,Daniel Carlson / Drake London / Falcons / Michael Penix Jr. / Nick Folk,33100,<48000,4-2,0,57.89,78.74,85.65,99.42,0.0,0,0,FORCED_CAPTAIN
4405,Tua Tagovailoa,QB,Alvin Kamara / Austin Hooper / Bijan Robinson / Drake London / Michael Penix Jr.,49600,49500-49900,5-1,1,78.74,106.54,114.88,129.24,0.0,0,2,FORCED_CAPTAIN
4406,Tua Tagovailoa,QB,Alvin Kamara / Austin Hooper / Bijan Robinson / Michael Penix Jr. / Tyler Shough,49200,49000-49400,4-2,1,81.19,106.7,112.94,128.72,0.0,0,1,FORCED_CAPTAIN
4407,Tua Tagovailoa,QB,Alvin Kamara / Austin Hooper / Chris Olave / Michael Penix Jr. / Tyler Shough,48200,48000-48900,3-3,1,80.84,108.19,117.62,133.96,0.0,0,1,FORCED_CAPTAIN
4408,Tua Tagovailoa,QB,Alvin Kamara / Bijan Robinson / Brian Robinson Jr. / Devaughn Vele / Drake London,49400,49000-49400,4-2,1,75.44,98.23,105.93,119.68,0.0,0,1,FORCED_CAPTAIN
4409,Tua Tagovailoa,QB,Alvin Kamara / Bijan Robinson / Bryce Lance / Chris Olave / Tyler Shough,50000,50000,2-4,1,90.58,118.41,128.25,145.75,0.0,0,2,FORCED_CAPTAIN
4410,Tua Tagovailoa,QB,Alvin Kamara / Bijan Robinson / Bryce Lance / Drake London / Michael Penix Jr.,48600,48000-48900,4-2,1,77.79,104.69,113.7,128.42,0.0,0,1,FORCED_CAPTAIN
4411,Tua Tagovailoa,QB,Alvin Kamara / Bijan Robinson / Bryce Lance / Drake London / Tyler Shough,49200,49000-49400,3-3,1,84.92,111.35,119.0,132.87,0.0,0,1,FORCED_CAPTAIN
4412,Tua Tagovailoa,QB,Alvin Kamara / Bijan Robinson / Charlie Woerner / Chris Olave / Tyler Shough,48800,48000-48900,3-3,1,88.27,115.07,124.77,143.57,0.0,0,1,FORCED_CAPTAIN
4413,Tua Tagovailoa,QB,Alvin Kamara / Bijan Robinson / Chris Olave / Daniel Carlson / Nick Folk,48800,48000-48900,3-3,0,81.91,103.27,110.86,125.49,0.0,0,0,FORCED_CAPTAIN
4414,Tua Tagovailoa,QB,Alvin Kamara / Bijan Robinson / Chris Olave / Falcons / Juwan Johnson,49600,49500-49900,3-3,0,87.2,110.57,117.19,136.54,0.0,0,0,FORCED_CAPTAIN
4415,Tua Tagovailoa,QB,Alvin Kamara / Bijan Robinson / Chris Olave / Jahan Dotson / Juwan Johnson,49000,49000-49400,3-3,1,85.68,109.68,116.51,136.53,0.0,0,1,FORCED_CAPTAIN
4416,Tua Tagovailoa,QB,Alvin Kamara / Bijan Robinson / Chris Olave / Oscar Delp / Tyler Shough,48600,48000-48900,2-4,1,89.35,116.36,126.23,144.28,0.0,0,1,FORCED_CAPTAIN
4417,Tua Tagovailoa,QB,Alvin Kamara / Bijan Robinson / Chris Olave / Treyton Welch / Tyler Shough,48400,48000-48900,2-4,1,88.2,114.83,124.79,143.39,0.0,0,1,FORCED_CAPTAIN
4418,Tua Tagovailoa,QB,Alvin Kamara / Bijan Robinson / Daniel Carlson / Drake London / Juwan Johnson,50000,50000,3-3,1,84.54,108.96,116.14,128.41,0.0,0,2,FORCED_CAPTAIN
4419,Tua Tagovailoa,QB,Alvin Kamara / Bijan Robinson / Daniel Carlson / Juwan Johnson / Tyler Shough,49600,49500-49900,2-4,1,86.99,112.83,119.47,135.41,0.0,0,1,FORCED_CAPTAIN
4420,Tua Tagovailoa,QB,Alvin Kamara / Bijan Robinson / Devaughn Vele / Drake London / Falcons,49200,49000-49400,4-2,1,76.4,98.51,106.44,117.97,0.0,0,1,FORCED_CAPTAIN
4421,Tua Tagovailoa,QB,Alvin Kamara / Bijan Robinson / Devaughn Vele / Drake London / Saints,49800,49500-49900,3-3,1,77.33,99.68,106.11,118.9,0.0,0,1,FORCED_CAPTAIN
4422,Tua Tagovailoa,QB,Alvin Kamara / Bijan Robinson / Devaughn Vele / Falcons / Michael Penix Jr.,48200,48000-48900,4-2,0,71.72,92.64,100.36,114.69,0.0,0,0,FORCED_CAPTAIN
4423,Tua Tagovailoa,QB,Alvin Kamara / Bijan Robinson / Devaughn Vele / Juwan Johnson / Kyle Pitts Sr.,48800,48000-48900,3-3,1,72.08,95.14,100.53,115.59,0.0,0,1,FORCED_CAPTAIN
4424,Tua Tagovailoa,QB,Alvin Kamara / Bijan Robinson / Drake London / Falcons / Juwan Johnson,48800,48000-48900,4-2,1,81.54,105.03,112.64,125.34,0.0,0,1,FORCED_CAPTAIN
4425,Tua Tagovailoa,QB,Alvin Kamara / Bijan Robinson / Drake London / Jahan Dotson / Michael Penix Jr.,49800,49500-49900,5-1,1,79.18,106.04,115.47,131.64,0.0,0,2,FORCED_CAPTAIN
4426,Tua Tagovailoa,QB,Alvin Kamara / Bijan Robinson / Drake London / Juwan Johnson / Saints,49400,49000-49400,3-3,1,82.48,105.57,112.95,125.55,0.0,0,1,FORCED_CAPTAIN
4427,Tua Tagovailoa,QB,Alvin Kamara / Bijan Robinson / Drake London / Olamide Zaccheaus / Tyler Shough,49400,49000-49400,4-2,1,84.64,110.63,117.77,130.67,0.0,0,1,FORCED_CAPTAIN
4428,Tua Tagovailoa,QB,Alvin Kamara / Bijan Robinson / Drake London / Oscar Delp / Tyler Shough,47800,<48000,3-3,1,83.69,109.48,117.46,129.54,0.0,0,1,FORCED_CAPTAIN
4429,Tua Tagovailoa,QB,Alvin Kamara / Bijan Robinson / Falcons / Juwan Johnson / Tyler Shough,48400,48000-48900,3-3,1,84.0,107.78,115.81,131.19,0.0,0,1,FORCED_CAPTAIN
4430,Tua Tagovailoa,QB,Alvin Kamara / Bijan Robinson / Juwan Johnson / Saints / Tyler Shough,49000,49000-49400,2-4,1,84.93,109.6,116.96,133.07,0.0,0,1,FORCED_CAPTAIN
4431,Tua Tagovailoa,QB,Alvin Kamara / Brian Robinson Jr. / Chris Olave / Michael Penix Jr. / Tyler Shough,49200,49000-49400,3-3,1,81.85,109.08,117.7,136.52,0.0,0,1,FORCED_CAPTAIN
4432,Tua Tagovailoa,QB,Alvin Kamara / Chris Olave / Daniel Carlson / Devaughn Vele / Tyler Shough,49000,49000-49400,1-5,1,81.5,108.31,117.12,132.5,0.0,0,2,FORCED_CAPTAIN
4433,Tua Tagovailoa,QB,Alvin Kamara / Chris Olave / Daniel Carlson / Juwan Johnson / Tyler Shough,48600,48000-48900,1-5,1,86.64,115.17,123.78,140.25,0.0,0,2,FORCED_CAPTAIN
4434,Tua Tagovailoa,QB,Alvin Kamara / Chris Olave / Devaughn Vele / Falcons / Tyler Shough,47800,<48000,2-4,1,78.5,104.43,113.13,130.08,0.0,0,1,FORCED_CAPTAIN
4435,Tua Tagovailoa,QB,Alvin Kamara / Chris Olave / Devaughn Vele / Saints / Tyler Shough,48400,48000-48900,1-5,1,79.44,106.37,115.89,131.59,0.0,0,2,FORCED_CAPTAIN
4436,Tua Tagovailoa,QB,Alvin Kamara / Chris Olave / Drake London / Falcons / Michael Penix Jr.,49400,49000-49400,4-2,0,80.36,105.95,115.15,132.43,0.0,0,0,FORCED_CAPTAIN
4437,Tua Tagovailoa,QB,Alvin Kamara / Chris Olave / Drake London / Falcons / Tyler Shough,50000,50000,3-3,1,87.49,114.77,123.35,141.87,0.0,0,2,FORCED_CAPTAIN
4438,Tua Tagovailoa,QB,Alvin Kamara / Chris Olave / Drake London / Jahan Dotson / Michael Penix Jr.,48800,48000-48900,4-2,1,78.84,106.42,114.89,132.67,0.0,0,1,FORCED_CAPTAIN
4439,Tua Tagovailoa,QB,Alvin Kamara / Chris Olave / Drake London / Jahan Dotson / Tyler Shough,49400,49000-49400,3-3,1,85.97,114.79,123.82,142.38,0.0,0,1,FORCED_CAPTAIN
4440,Tua Tagovailoa,QB,Alvin Kamara / Chris Olave / Drake London / Michael Penix Jr. / Saints,50000,50000,3-3,0,81.29,107.03,115.99,132.97,0.0,0,1,FORCED_CAPTAIN
4441,Tua Tagovailoa,QB,Alvin Kamara / Chris Olave / Drake London / Oscar Delp / Tyler Shough,46800,<48000,2-4,1,83.35,112.14,120.75,141.13,0.0,0,1,FORCED_CAPTAIN
4442,Tua Tagovailoa,QB,Alvin Kamara / Chris Olave / Jahan Dotson / Michael Penix Jr. / Tyler Shough,48400,48000-48900,3-3,1,81.29,109.03,118.53,134.41,0.0,0,1,FORCED_CAPTAIN
4443,Tua Tagovailoa,QB,Alvin Kamara / Chris Olave / Juwan Johnson / Nick Folk / Tyler Shough,49200,49000-49400,2-4,1,85.91,115.32,123.83,141.84,0.0,0,1,FORCED_CAPTAIN
4444,Tua Tagovailoa,QB,Alvin Kamara / Chris Olave / Juwan Johnson / Saints / Tyler Shough,48000,48000-48900,1-5,1,84.59,113.05,121.49,138.32,0.0,0,2,FORCED_CAPTAIN
4445,Tua Tagovailoa,QB,Alvin Kamara / Daniel Carlson / Drake London / Juwan Johnson / Tyler Shough,47800,<48000,2-4,1,80.98,106.49,114.97,131.85,0.0,0,1,FORCED_CAPTAIN
4446,Tua Tagovailoa,QB,Alvin Kamara / Devaughn Vele / Juwan Johnson / Michael Penix Jr. / Tyler Shough,49800,49500-49900,2-4,1,78.72,105.94,115.27,131.29,0.0,0,1,FORCED_CAPTAIN
4447,Tua Tagovailoa,QB,Alvin Kamara / Drake London / Juwan Johnson / Saints / Tyler Shough,47200,<48000,2-4,1,78.92,105.23,113.61,127.13,0.0,0,1,FORCED_CAPTAIN
4448,Tua Tagovailoa,QB,Alvin Kamara / Drake London / Michael Penix Jr. / Nick Folk / Tyler Shough,50000,50000,4-2,0,79.41,106.05,114.38,132.5,0.0,0,1,FORCED_CAPTAIN
4449,Tua Tagovailoa,QB,Austin Hooper / Bijan Robinson / Chris Olave / Daniel Carlson / Drake London,49200,49000-49400,4-2,1,84.02,109.83,117.32,133.45,0.0,0,1,FORCED_CAPTAIN
4450,Tua Tagovailoa,QB,Austin Hooper / Bijan Robinson / Chris Olave / Drake London / Kendre Miller,49400,49000-49400,4-2,1,79.16,103.96,112.42,128.24,0.0,0,1,FORCED_CAPTAIN
4451,Tua Tagovailoa,QB,Austin Hooper / Bijan Robinson / Drake London / Juwan Johnson / Michael Penix Jr.,50000,50000,5-1,1,81.24,110.04,118.57,134.27,0.0,0,4,FORCED_CAPTAIN
4452,Tua Tagovailoa,QB,Austin Hooper / Chris Olave / Devaughn Vele / Drake London / Tyler Shough,50000,50000,3-3,1,82.88,113.48,121.57,140.27,0.0,0,2,FORCED_CAPTAIN
4453,Tua Tagovailoa,QB,Austin Hooper / Chris Olave / Drake London / Juwan Johnson / Michael Penix Jr.,49000,49000-49400,4-2,1,80.9,110.06,118.49,135.25,0.0,0,2,FORCED_CAPTAIN
4454,Tua Tagovailoa,QB,Austin Hooper / Chris Olave / Drake London / Juwan Johnson / Tyler Shough,49600,49500-49900,3-3,1,88.02,119.46,128.69,145.43,0.0,0,2,FORCED_CAPTAIN
4455,Tua Tagovailoa,QB,Austin Hooper / Chris Olave / Juwan Johnson / Michael Penix Jr. / Tyler Shough,48600,48000-48900,3-3,1,83.35,112.8,121.52,141.33,0.0,0,2,FORCED_CAPTAIN
4456,Tua Tagovailoa,QB,Austin Hooper / Devaughn Vele / Drake London / Juwan Johnson / Tyler Shough,46600,<48000,3-3,1,73.38,101.34,109.97,126.68,0.0,0,1,FORCED_CAPTAIN
4457,Tua Tagovailoa,QB,Barion Brown / Bijan Robinson / Chris Olave / Juwan Johnson / Tyler Shough,49800,49500-49900,2-4,1,90.59,120.06,130.12,149.16,0.0,0,2,FORCED_CAPTAIN
4458,Tua Tagovailoa,QB,Bijan Robinson / Brian Robinson Jr. / Chris Olave / Daniel Carlson / Tyler Shough,49800,49500-49900,3-3,1,87.48,112.76,122.05,140.18,0.0,0,1,FORCED_CAPTAIN
4459,Tua Tagovailoa,QB,Bijan Robinson / Brian Robinson Jr. / Chris Olave / Falcons / Tyler Shough,48600,48000-48900,4-2,1,84.49,109.05,118.94,136.85,0.0,0,1,FORCED_CAPTAIN
4460,Tua Tagovailoa,QB,Bijan Robinson / Brian Robinson Jr. / Chris Olave / Saints / Tyler Shough,49200,49000-49400,3-3,1,85.42,109.92,118.67,136.82,0.0,0,1,FORCED_CAPTAIN
4461,Tua Tagovailoa,QB,Bijan Robinson / Brian Robinson Jr. / Daniel Carlson / Drake London / Michael Penix Jr.,48400,48000-48900,5-1,1,74.69,100.52,108.76,121.87,0.0,0,2,FORCED_CAPTAIN
4462,Tua Tagovailoa,QB,Bijan Robinson / Brian Robinson Jr. / Devaughn Vele / Drake London / Juwan Johnson,49800,49500-49900,4-2,1,77.94,101.9,110.83,124.67,0.0,0,1,FORCED_CAPTAIN
4463,Tua Tagovailoa,QB,Bijan Robinson / Bryce Lance / Chris Olave / Daniel Carlson / Drake London,48200,48000-48900,3-3,1,83.07,108.67,115.76,131.06,0.0,0,1,FORCED_CAPTAIN
4464,Tua Tagovailoa,QB,Bijan Robinson / Bryce Lance / Chris Olave / Juwan Johnson / Michael Penix Jr.,49800,49500-49900,3-3,0,85.96,112.06,120.55,137.21,0.0,0,1,FORCED_CAPTAIN
4465,Tua Tagovailoa,QB,Bijan Robinson / Bryce Lance / Chris Olave / Nick Folk / Tyler Shough,48400,48000-48900,3-3,1,84.8,111.33,120.99,136.2,0.0,0,1,FORCED_CAPTAIN
4466,Tua Tagovailoa,QB,Bijan Robinson / Bryce Lance / Devaughn Vele / Drake London / Tyler Shough,50000,50000,3-3,1,82.28,109.07,117.21,134.17,0.0,0,2,FORCED_CAPTAIN
4467,Tua Tagovailoa,QB,Bijan Robinson / Bryce Lance / Drake London / Juwan Johnson / Michael Penix Jr.,49000,49000-49400,4-2,1,80.3,107.7,117.22,132.98,0.0,0,2,FORCED_CAPTAIN
4468,Tua Tagovailoa,QB,Bijan Robinson / Bryce Lance / Drake London / Juwan Johnson / Tyler Shough,49600,49500-49900,3-3,1,87.43,115.52,123.45,141.58,0.0,0,2,FORCED_CAPTAIN
4469,Tua Tagovailoa,QB,Bijan Robinson / CJ Donaldson / Chris Olave / Juwan Johnson / Tyler Shough,50000,50000,2-4,1,90.91,120.37,130.43,148.56,0.0,0,3,FORCED_CAPTAIN
4470,Tua Tagovailoa,QB,Bijan Robinson / Charlie Woerner / Chris Olave / Drake London / Juwan Johnson,49600,49500-49900,4-2,1,88.32,115.05,122.05,139.94,0.0,0,2,FORCED_CAPTAIN
4471,Tua Tagovailoa,QB,Bijan Robinson / Chris Olave / Daniel Carlson / Devaughn Vele / Saints,48400,48000-48900,2-4,0,77.94,99.26,106.39,121.17,0.0,0,0,FORCED_CAPTAIN
4472,Tua Tagovailoa,QB,Bijan Robinson / Chris Olave / Daniel Carlson / Drake London / Falcons,50000,50000,4-2,1,85.99,110.22,117.71,135.22,0.0,0,2,FORCED_CAPTAIN
4473,Tua Tagovailoa,QB,Bijan Robinson / Chris Olave / Daniel Carlson / Falcons / Michael Penix Jr.,49000,49000-49400,4-2,0,81.31,104.22,113.03,130.46,0.0,0,0,FORCED_CAPTAIN
4474,Tua Tagovailoa,QB,Bijan Robinson / Chris Olave / Daniel Carlson / Falcons / Tyler Shough,49600,49500-49900,3-3,0,88.44,112.29,121.31,138.98,0.0,0,0,FORCED_CAPTAIN
4475,Tua Tagovailoa,QB,Bijan Robinson / Chris Olave / Daniel Carlson / Juwan Johnson / Nick Folk,49200,49000-49400,3-3,0,84.41,108.93,115.8,130.28,0.0,0,0,FORCED_CAPTAIN
4476,Tua Tagovailoa,QB,Bijan Robinson / Chris Olave / Daniel Carlson / Juwan Johnson / Saints,48000,48000-48900,2-4,0,83.08,105.49,112.51,125.99,0.0,0,0,FORCED_CAPTAIN
4477,Tua Tagovailoa,QB,Bijan Robinson / Chris Olave / Daniel Carlson / Michael Penix Jr. / Saints,49600,49500-49900,3-3,0,82.25,104.06,112.89,129.02,0.0,0,0,FORCED_CAPTAIN
4478,Tua Tagovailoa,QB,Bijan Robinson / Chris Olave / Daniel Carlson / Nick Folk / Saints,46000,<48000,3-3,0,74.79,94.68,100.87,115.51,0.0,0,0,FORCED_CAPTAIN
4479,Tua Tagovailoa,QB,Bijan Robinson / Chris Olave / Devaughn Vele / Juwan Johnson / Zachariah Branch,49200,49000-49400,3-3,1,79.7,104.08,112.73,131.4,0.0,0,1,FORCED_CAPTAIN
4480,Tua Tagovailoa,QB,Bijan Robinson / Chris Olave / Devaughn Vele / Kevin Austin Jr. / Tyler Shough,49800,49500-49900,2-4,1,85.99,114.74,124.51,144.29,0.0,0,1,FORCED_CAPTAIN
4481,Tua Tagovailoa,QB,Bijan Robinson / Chris Olave / Devaughn Vele / Oscar Delp / Tyler Shough,49400,49000-49400,2-4,1,86.71,115.39,126.63,144.29,0.0,0,1,FORCED_CAPTAIN
4482,Tua Tagovailoa,QB,Bijan Robinson / Chris Olave / Drake London / Jahan Dotson / Nick Folk,50000,50000,5-1,1,83.73,108.64,115.15,136.98,0.0,0,3,FORCED_CAPTAIN
4483,Tua Tagovailoa,QB,Bijan Robinson / Chris Olave / Drake London / Juwan Johnson / Oscar Delp,49400,49000-49400,3-3,1,89.4,116.09,123.68,141.34,0.0,0,2,FORCED_CAPTAIN
4484,Tua Tagovailoa,QB,Bijan Robinson / Chris Olave / Falcons / Michael Penix Jr. / Nick Folk,49600,49500-49900,5-1,0,80.58,104.46,112.11,127.26,0.0,0,1,FORCED_CAPTAIN
4485,Tua Tagovailoa,QB,Bijan Robinson / Chris Olave / Jahan Dotson / Nick Folk / Tyler Shough,49600,49500-49900,4-2,1,86.18,112.49,122.38,139.68,0.0,0,1,FORCED_CAPTAIN
4486,Tua Tagovailoa,QB,Bijan Robinson / Chris Olave / Juwan Johnson / Michael Penix Jr. / Oscar Delp,48400,48000-48900,3-3,0,84.73,110.61,118.99,137.01,0.0,0,1,FORCED_CAPTAIN
4487,Tua Tagovailoa,QB,Bijan Robinson / Chris Olave / Juwan Johnson / Oscar Delp / Tyler Shough,49000,49000-49400,2-4,1,91.86,121.76,130.85,152.86,0.0,0,2,FORCED_CAPTAIN
4488,Tua Tagovailoa,QB,Bijan Robinson / Chris Olave / Juwan Johnson / Treyton Welch / Tyler Shough,48800,48000-48900,2-4,1,90.7,120.01,130.34,148.56,0.0,0,2,FORCED_CAPTAIN
4489,Tua Tagovailoa,QB,Bijan Robinson / Daniel Carlson / Devaughn Vele / Falcons / Juwan Johnson,44400,<48000,3-3,0,67.5,87.55,95.2,108.04,0.0,0,0,FORCED_CAPTAIN
4490,Tua Tagovailoa,QB,Bijan Robinson / Daniel Carlson / Drake London / Michael Penix Jr. / Nick Folk,50000,50000,5-1,1,77.91,103.61,111.09,127.03,0.0,0,3,FORCED_CAPTAIN
4491,Tua Tagovailoa,QB,Bijan Robinson / Devaughn Vele / Jahan Dotson / Juwan Johnson / Tyler Shough,48600,48000-48900,3-3,1,79.83,105.82,114.11,131.89,0.0,0,1,FORCED_CAPTAIN
4492,Tua Tagovailoa,QB,Bijan Robinson / Devaughn Vele / Juwan Johnson / Saints / Tyler Shough,49800,49500-49900,2-4,1,82.29,106.75,115.9,134.4,0.0,0,1,FORCED_CAPTAIN
4493,Tua Tagovailoa,QB,Bijan Robinson / Drake London / Juwan Johnson / Michael Penix Jr. / Olamide Zaccheaus,49200,49000-49400,5-1,1,80.02,107.46,116.6,130.9,0.0,0,3,FORCED_CAPTAIN
4494,Tua Tagovailoa,QB,Bijan Robinson / Drake London / Juwan Johnson / Oscar Delp / Tyler Shough,48200,48000-48900,3-3,1,86.2,113.96,122.17,137.53,0.0,0,2,FORCED_CAPTAIN
4495,Tua Tagovailoa,QB,Bijan Robinson / Drake London / Michael Penix Jr. / Oscar Delp / Tyler Shough,49800,49500-49900,4-2,1,85.36,114.46,122.95,136.08,0.0,0,2,FORCED_CAPTAIN
4496,Tua Tagovailoa,QB,Bijan Robinson / Drake London / Michael Penix Jr. / Treyton Welch / Tyler Shough,49600,49500-49900,4-2,1,84.2,113.36,121.38,136.08,0.0,0,2,FORCED_CAPTAIN
4497,Tua Tagovailoa,QB,Bijan Robinson / Drake London / Nick Folk / Saints / Tyler Shough,50000,50000,4-2,1,82.98,104.91,111.12,125.07,0.0,0,2,FORCED_CAPTAIN
4498,Tua Tagovailoa,QB,Bijan Robinson / Falcons / Juwan Johnson / Nick Folk / Tyler Shough,46800,<48000,4-2,0,78.21,101.18,108.92,125.12,0.0,0,0,FORCED_CAPTAIN
4499,Tua Tagovailoa,QB,Bijan Robinson / Falcons / Juwan Johnson / Saints / Tyler Shough,45600,<48000,3-3,0,76.88,98.35,105.33,120.18,0.0,0,0,FORCED_CAPTAIN
4500,Tua Tagovailoa,QB,Bijan Robinson / Jahan Dotson / Juwan Johnson / Michael Penix Jr. / Tyler Shough,49800,49500-49900,4-2,1,84.14,111.27,120.04,136.73,0.0,0,2,FORCED_CAPTAIN
4501,Tua Tagovailoa,QB,Brian Robinson Jr. / Chris Olave / Drake London / Juwan Johnson / Michael Penix Jr.,50000,50000,4-2,1,81.9,110.22,118.41,133.14,0.0,0,3,FORCED_CAPTAIN
4502,Tua Tagovailoa,QB,Brian Robinson Jr. / Chris Olave / Juwan Johnson / Michael Penix Jr. / Tyler Shough,49600,49500-49900,3-3,1,84.36,114.68,122.59,141.13,0.0,0,2,FORCED_CAPTAIN
4503,Tua Tagovailoa,QB,Bryce Lance / Chris Olave / Devaughn Vele / Drake London / Tyler Shough,49000,49000-49400,2-4,1,81.93,112.14,121.62,139.05,0.0,0,1,FORCED_CAPTAIN
4504,Tua Tagovailoa,QB,Bryce Lance / Chris Olave / Drake London / Juwan Johnson / Tyler Shough,48600,48000-48900,2-4,1,87.08,118.6,127.86,144.39,0.0,0,2,FORCED_CAPTAIN
4505,Tua Tagovailoa,QB,Bryce Lance / Drake London / Juwan Johnson / Michael Penix Jr. / Tyler Shough,46800,<48000,3-3,1,76.74,104.87,114.87,132.72,0.0,0,2,FORCED_CAPTAIN
4506,Tua Tagovailoa,QB,Chris Olave / Daniel Carlson / Devaughn Vele / Drake London / Juwan Johnson,49800,49500-49900,2-4,0,81.55,107.28,115.26,130.28,0.0,0,0,FORCED_CAPTAIN
4507,Tua Tagovailoa,QB,Chris Olave / Daniel Carlson / Devaughn Vele / Juwan Johnson / Tyler Shough,49400,49000-49400,1-5,1,84.0,113.21,122.96,141.07,0.0,0,2,FORCED_CAPTAIN
4508,Tua Tagovailoa,QB,Chris Olave / Daniel Carlson / Drake London / Nick Folk / Tyler Shough,49600,49500-49900,3-3,0,84.69,112.28,120.58,137.46,0.0,0,0,FORCED_CAPTAIN
4509,Tua Tagovailoa,QB,Chris Olave / Daniel Carlson / Drake London / Saints / Tyler Shough,48400,48000-48900,2-4,0,83.37,109.65,117.99,134.43,0.0,0,0,FORCED_CAPTAIN
4510,Tua Tagovailoa,QB,Chris Olave / Devaughn Vele / Drake London / Falcons / Juwan Johnson,48600,48000-48900,3-3,0,78.55,102.24,110.84,126.59,0.0,0,0,FORCED_CAPTAIN
4511,Tua Tagovailoa,QB,Chris Olave / Devaughn Vele / Juwan Johnson / Nick Folk / Tyler Shough,50000,50000,2-4,1,83.27,114.23,122.47,142.05,0.0,0,2,FORCED_CAPTAIN
4512,Tua Tagovailoa,QB,Chris Olave / Drake London / Falcons / Saints / Tyler Shough,47200,<48000,3-3,0,80.37,105.55,113.76,129.46,0.0,0,0,FORCED_CAPTAIN
4513,Tua Tagovailoa,QB,Chris Olave / Drake London / Jahan Dotson / Juwan Johnson / Tyler Shough,49800,49500-49900,3-3,1,88.47,119.65,128.6,145.64,0.0,0,2,FORCED_CAPTAIN
4514,Tua Tagovailoa,QB,Chris Olave / Drake London / Kevin Austin Jr. / Michael Penix Jr. / Tyler Shough,49200,49000-49400,3-3,1,84.29,113.94,125.46,145.21,0.0,0,2,FORCED_CAPTAIN
4515,Tua Tagovailoa,QB,Chris Olave / Drake London / Michael Penix Jr. / Oscar Delp / Tyler Shough,48800,48000-48900,3-3,1,85.01,115.29,125.89,144.86,0.0,0,2,FORCED_CAPTAIN
4516,Tua Tagovailoa,QB,Chris Olave / Drake London / Nick Folk / Saints / Tyler Shough,49000,49000-49400,3-3,0,82.64,108.65,117.15,135.46,0.0,0,0,FORCED_CAPTAIN
4517,Tua Tagovailoa,QB,Chris Olave / Falcons / Juwan Johnson / Michael Penix Jr. / Tyler Shough,49400,49000-49400,3-3,1,85.32,113.34,121.03,139.31,0.0,0,2,FORCED_CAPTAIN
4518,Tua Tagovailoa,QB,Chris Olave / Juwan Johnson / Michael Penix Jr. / Saints / Tyler Shough,50000,50000,2-4,1,86.25,114.78,122.5,139.61,0.0,0,3,FORCED_CAPTAIN
4519,Tua Tagovailoa,QB,Daniel Carlson / Devaughn Vele / Drake London / Juwan Johnson / Tyler Shough,48600,48000-48900,2-4,1,78.34,105.92,114.15,130.69,0.0,0,1,FORCED_CAPTAIN
4520,Tua Tagovailoa,QB,Daniel Carlson / Drake London / Juwan Johnson / Michael Penix Jr. / Tyler Shough,49800,49500-49900,3-3,0,82.65,110.88,119.52,135.91,0.0,0,1,FORCED_CAPTAIN
4521,Tua Tagovailoa,QB,Devaughn Vele / Drake London / Juwan Johnson / Kyle Pitts Sr. / Tyler Shough,49600,49500-49900,3-3,1,74.87,102.42,111.98,128.72,0.0,0,1,FORCED_CAPTAIN
4522,Tua Tagovailoa,QB,Devaughn Vele / Drake London / Juwan Johnson / Nick Folk / Tyler Shough,49200,49000-49400,3-3,1,77.61,106.13,114.22,131.65,0.0,0,1,FORCED_CAPTAIN
4523,Tua Tagovailoa,QB,Drake London / Juwan Johnson / Kendre Miller / Michael Penix Jr. / Tyler Shough,50000,50000,3-3,1,77.8,106.01,115.87,131.45,0.0,0,3,FORCED_CAPTAIN
4524,Tua Tagovailoa,QB,Drake London / Juwan Johnson / Michael Penix Jr. / Saints / Tyler Shough,49200,49000-49400,3-3,0,80.59,108.55,116.24,133.61,0.0,0,1,FORCED_CAPTAIN
4885,Zachariah Branch,WR,Alvin Kamara / Austin Hooper / Bijan Robinson / Chris Olave / Tyler Shough,45600,<48000,3-3,1,92.56,119.89,130.01,148.19,0.0,0,1,FORCED_CAPTAIN
4886,Zachariah Branch,WR,Alvin Kamara / Barion Brown / Bijan Robinson / Chris Olave / Tyler Shough,44000,<48000,2-4,1,89.12,115.97,125.98,145.04,0.0,0,1,FORCED_CAPTAIN
4887,Zachariah Branch,WR,Alvin Kamara / Bijan Robinson / Brian Robinson Jr. / Chris Olave / Juwan Johnson,44400,<48000,3-3,0,87.28,111.51,118.3,136.55,0.0,0,0,FORCED_CAPTAIN
4888,Zachariah Branch,WR,Alvin Kamara / Bijan Robinson / Brian Robinson Jr. / Chris Olave / Michael Penix Jr.,46000,<48000,4-2,1,86.44,111.91,120.64,138.89,0.0,0,1,FORCED_CAPTAIN
4889,Zachariah Branch,WR,Alvin Kamara / Bijan Robinson / Brian Robinson Jr. / Chris Olave / Tyler Shough,46600,<48000,3-3,1,93.57,121.07,130.64,151.01,0.0,0,1,FORCED_CAPTAIN
4892,Zachariah Branch,WR,Alvin Kamara / Bijan Robinson / Chris Olave / Daniel Carlson / Nick Folk,43400,<48000,3-3,0,82.94,104.73,111.86,126.73,0.0,0,0,FORCED_CAPTAIN
4897,Zachariah Branch,WR,Alvin Kamara / Bijan Robinson / Chris Olave / Falcons / Tyler Shough,46400,<48000,3-3,1,94.53,120.74,130.31,147.64,0.0,0,1,FORCED_CAPTAIN
4902,Zachariah Branch,WR,Alvin Kamara / Bijan Robinson / Daniel Carlson / Juwan Johnson / Tyler Shough,44200,<48000,2-4,1,88.02,113.67,120.87,135.41,0.0,0,1,FORCED_CAPTAIN
4909,Zachariah Branch,WR,Alvin Kamara / Bijan Robinson / Drake London / Nick Folk / Tyler Shough,47400,<48000,4-2,0,91.13,117.03,125.25,139.71,0.0,0,0,FORCED_CAPTAIN
4910,Zachariah Branch,WR,Alvin Kamara / Bijan Robinson / Falcons / Michael Penix Jr. / Tyler Shough,44600,<48000,4-2,1,84.19,107.22,115.14,127.65,0.0,0,1,FORCED_CAPTAIN
4913,Zachariah Branch,WR,Alvin Kamara / Chris Olave / Daniel Carlson / Juwan Johnson / Tyler Shough,43200,<48000,1-5,1,87.68,116.72,125.34,142.78,0.0,0,2,FORCED_CAPTAIN
4915,Zachariah Branch,WR,Alvin Kamara / Chris Olave / Devaughn Vele / Juwan Johnson / Tyler Shough,46200,<48000,1-5,1,90.09,121.26,130.73,148.77,0.0,0,2,FORCED_CAPTAIN
4916,Zachariah Branch,WR,Alvin Kamara / Chris Olave / Devaughn Vele / Nick Folk / Tyler Shough,44200,<48000,2-4,1,81.8,109.87,119.91,137.25,0.0,0,1,FORCED_CAPTAIN
4922,Zachariah Branch,WR,Alvin Kamara / Chris Olave / Michael Penix Jr. / Nick Folk / Tyler Shough,45400,<48000,3-3,1,86.11,114.15,122.98,140.59,0.0,0,1,FORCED_CAPTAIN
4923,Zachariah Branch,WR,Alvin Kamara / Chris Olave / Michael Penix Jr. / Saints / Tyler Shough,44200,<48000,2-4,1,84.78,112.21,120.85,136.94,0.0,0,1,FORCED_CAPTAIN
4924,Zachariah Branch,WR,Alvin Kamara / Daniel Carlson / Drake London / Michael Penix Jr. / Tyler Shough,44000,<48000,3-3,1,81.18,107.6,115.9,133.12,0.0,0,1,FORCED_CAPTAIN
4925,Zachariah Branch,WR,Alvin Kamara / Devaughn Vele / Juwan Johnson / Nick Folk / Tyler Shough,40800,<48000,2-4,1,72.3,98.45,106.34,123.85,0.0,0,1,FORCED_CAPTAIN
4926,Zachariah Branch,WR,Alvin Kamara / Drake London / Juwan Johnson / Michael Penix Jr. / Tyler Shough,46600,<48000,3-3,1,88.74,119.72,128.71,148.58,0.0,0,2,FORCED_CAPTAIN
4927,Zachariah Branch,WR,Austin Hooper / Bijan Robinson / Chris Olave / Daniel Carlson / Tyler Shough,43400,<48000,3-3,0,87.51,113.78,122.44,140.82,0.0,0,0,FORCED_CAPTAIN
4928,Zachariah Branch,WR,Austin Hooper / Bijan Robinson / Chris Olave / Devaughn Vele / Michael Penix Jr.,45800,<48000,4-2,1,82.79,109.56,118.83,138.96,0.0,0,1,FORCED_CAPTAIN
4931,Zachariah Branch,WR,Austin Hooper / Bijan Robinson / Chris Olave / Michael Penix Jr. / Tyler Shough,47600,<48000,4-2,1,94.23,124.26,135.3,155.82,0.0,0,2,FORCED_CAPTAIN
4932,Zachariah Branch,WR,Austin Hooper / Bijan Robinson / Devaughn Vele / Michael Penix Jr. / Tyler Shough,44600,<48000,4-2,1,79.58,105.67,114.46,130.67,0.0,0,1,FORCED_CAPTAIN
4933,Zachariah Branch,WR,Austin Hooper / Chris Olave / Drake London / Michael Penix Jr. / Tyler Shough,45800,<48000,4-2,1,88.22,120.12,130.45,151.61,0.0,0,2,FORCED_CAPTAIN
4935,Zachariah Branch,WR,Bijan Robinson / Brian Robinson Jr. / Chris Olave / Juwan Johnson / Tyler Shough,47000,<48000,3-3,1,96.07,126.01,135.89,154.91,0.0,0,2,FORCED_CAPTAIN
4937,Zachariah Branch,WR,Bijan Robinson / Bryce Lance / Chris Olave / Devaughn Vele / Tyler Shough,45400,<48000,2-4,1,88.98,118.83,128.87,149.21,0.0,0,1,FORCED_CAPTAIN
4938,Zachariah Branch,WR,Bijan Robinson / Bryce Lance / Chris Olave / Drake London / Tyler Shough,47600,<48000,3-3,1,97.96,128.39,138.46,159.55,0.0,0,2,FORCED_CAPTAIN
4939,Zachariah Branch,WR,Bijan Robinson / Bryce Lance / Chris Olave / Juwan Johnson / Tyler Shough,45000,<48000,2-4,1,94.12,124.23,134.71,153.91,0.0,0,2,FORCED_CAPTAIN
4940,Zachariah Branch,WR,Bijan Robinson / Bryce Lance / Drake London / Michael Penix Jr. / Tyler Shough,45800,<48000,4-2,1,87.62,117.83,126.65,141.07,0.0,0,2,FORCED_CAPTAIN
4941,Zachariah Branch,WR,Bijan Robinson / Bryce Lance / Juwan Johnson / Michael Penix Jr. / Tyler Shough,43200,<48000,3-3,1,83.78,111.83,119.81,136.64,0.0,0,2,FORCED_CAPTAIN
4942,Zachariah Branch,WR,Bijan Robinson / Charlie Woerner / Falcons / Michael Penix Jr. / Tyler Shough,38200,<48000,5-1,1,70.92,91.54,99.69,115.62,0.0,0,2,FORCED_CAPTAIN
4949,Zachariah Branch,WR,Bijan Robinson / Chris Olave / Daniel Carlson / Michael Penix Jr. / Nick Folk,45400,<48000,4-2,1,84.61,109.17,116.4,132.36,0.0,0,1,FORCED_CAPTAIN
4952,Zachariah Branch,WR,Bijan Robinson / Chris Olave / Devaughn Vele / Falcons / Tyler Shough,47200,<48000,3-3,1,91.89,119.46,130.6,149.83,0.0,0,1,FORCED_CAPTAIN
4954,Zachariah Branch,WR,Bijan Robinson / Chris Olave / Devaughn Vele / Michael Penix Jr. / Saints,47200,<48000,3-3,1,85.69,110.12,119.05,134.41,0.0,0,1,FORCED_CAPTAIN
4965,Zachariah Branch,WR,Bijan Robinson / Chris Olave / Falcons / Michael Penix Jr. / Saints,43000,<48000,4-2,1,80.28,102.4,110.58,127.1,0.0,0,1,FORCED_CAPTAIN
4971,Zachariah Branch,WR,Bijan Robinson / Chris Olave / Kendre Miller / Michael Penix Jr. / Tyler Shough,49800,49500-49900,3-3,1,94.34,123.56,134.63,154.38,0.0,0,2,FORCED_CAPTAIN
4977,Zachariah Branch,WR,Bijan Robinson / Devaughn Vele / Drake London / Michael Penix Jr. / Saints,46400,<48000,4-2,1,80.03,105.84,115.13,129.9,0.0,0,1,FORCED_CAPTAIN
4980,Zachariah Branch,WR,Bijan Robinson / Devaughn Vele / Juwan Johnson / Nick Folk / Tyler Shough,45600,<48000,3-3,1,84.65,111.92,119.78,140.56,0.0,0,1,FORCED_CAPTAIN
4984,Zachariah Branch,WR,Bijan Robinson / Falcons / Kendre Miller / Saints / Tyler Shough,37800,<48000,3-3,0,65.5,82.28,87.78,99.64,0.0,0,0,FORCED_CAPTAIN
4986,Zachariah Branch,WR,Brian Robinson Jr. / Chris Olave / Devaughn Vele / Drake London / Tyler Shough,45600,<48000,3-3,1,84.92,114.83,124.9,143.49,0.0,0,1,FORCED_CAPTAIN
4987,Zachariah Branch,WR,Chris Olave / Daniel Carlson / Devaughn Vele / Drake London / Tyler Shough,46600,<48000,2-4,1,88.87,118.79,127.88,147.05,0.0,0,1,FORCED_CAPTAIN
4990,Zachariah Branch,WR,Chris Olave / Daniel Carlson / Juwan Johnson / Michael Penix Jr. / Tyler Shough,45200,<48000,2-4,1,89.34,119.13,127.8,144.83,0.0,0,2,FORCED_CAPTAIN
4991,Zachariah Branch,WR,Chris Olave / Devaughn Vele / Drake London / Falcons / Tyler Shough,45400,<48000,3-3,1,85.88,114.26,124.6,143.9,0.0,0,1,FORCED_CAPTAIN
4993,Zachariah Branch,WR,Chris Olave / Devaughn Vele / Drake London / Saints / Tyler Shough,46000,<48000,2-4,1,86.82,116.04,125.43,144.3,0.0,0,1,FORCED_CAPTAIN
4995,Zachariah Branch,WR,Chris Olave / Devaughn Vele / Michael Penix Jr. / Nick Folk / Tyler Shough,46200,<48000,3-3,1,83.47,112.87,121.64,142.3,0.0,0,1,FORCED_CAPTAIN
4997,Zachariah Branch,WR,Chris Olave / Drake London / Jahan Dotson / Michael Penix Jr. / Tyler Shough,46000,<48000,4-2,1,88.67,120.26,130.87,151.96,0.0,0,2,FORCED_CAPTAIN
4998,Zachariah Branch,WR,Chris Olave / Drake London / Juwan Johnson / Nick Folk / Tyler Shough,46800,<48000,3-3,1,93.29,126.04,133.93,151.58,0.0,0,2,FORCED_CAPTAIN
5003,Zachariah Branch,WR,Daniel Carlson / Drake London / Falcons / Michael Penix Jr. / Nick Folk,36400,<48000,5-1,1,58.54,79.58,87.03,100.56,0.0,0,2,FORCED_CAPTAIN
