cpt,flex1,flex2,flex3,flex4,flex5,actual_copies,observed,log_prod_own,E1
Tyler Shough,Bijan Robinson,Brian Robinson Jr.,Bryce Lance,Chris Olave,Juwan Johnson,530,1,-7.3165,31.4349
Juwan Johnson,Austin Hooper,Bijan Robinson,Brian Robinson Jr.,Chris Olave,Tyler Shough,429,1,-8.3413,11.2813
Bijan Robinson,CJ Donaldson,Chris Olave,Drake London,Oscar Delp,Tyler Shough,366,1,-8.7688,7.3567
Tyler Shough,Bijan Robinson,Bryce Lance,Chris Olave,Drake London,Oscar Delp,310,1,-7.6624,22.2429
Chris Olave,Bijan Robinson,Bryce Lance,Drake London,Oscar Delp,Tyler Shough,298,1,-7.6227,23.1439
Bijan Robinson,Alvin Kamara,Bryce Lance,Chris Olave,Jahan Dotson,Tyler Shough,267,1,-7.4392,27.8068
Bijan Robinson,Brian Robinson Jr.,Chris Olave,Juwan Johnson,Oscar Delp,Tyler Shough,224,1,-7.3839,29.3869
Bijan Robinson,Bryce Lance,Chris Olave,Michael Penix Jr.,Oscar Delp,Tyler Shough,202,1,-7.2436,33.8132
Bijan Robinson,Alvin Kamara,Bryce Lance,Daniel Carlson,Michael Penix Jr.,Tyler Shough,190,1,-7.5206,25.6328
Tyler Shough,Bijan Robinson,Bryce Lance,Chris Olave,Michael Penix Jr.,Olamide Zaccheaus,153,1,-8.0603,14.942
Juwan Johnson,Bijan Robinson,Bryce Lance,Chris Olave,Daniel Carlson,Tyler Shough,140,1,-7.5776,24.2128
Chris Olave,Bijan Robinson,Jahan Dotson,Michael Penix Jr.,Oscar Delp,Tyler Shough,134,1,-8.0686,14.8175
Tyler Shough,Alvin Kamara,Bijan Robinson,Bryce Lance,Chris Olave,Saints,134,1,-8.4682,9.9366
Chris Olave,Bijan Robinson,Drake London,Olamide Zaccheaus,Oscar Delp,Tyler Shough,132,1,-8.5067,9.5609
Tyler Shough,Bijan Robinson,Chris Olave,Juwan Johnson,Kendre Miller,Oscar Delp,128,1,-8.3748,10.9091
Chris Olave,Bijan Robinson,Bryce Lance,Daniel Carlson,Kyle Pitts Sr.,Tyler Shough,124,1,-7.9375,16.8936
Chris Olave,Bijan Robinson,Bryce Lance,Jahan Dotson,Juwan Johnson,Tyler Shough,123,1,-7.5706,24.3817
Drake London,Brian Robinson Jr.,Bryce Lance,Chris Olave,Michael Penix Jr.,Tyler Shough,112,1,-7.6479,22.5684
Chris Olave,Alvin Kamara,Bijan Robinson,Daniel Carlson,Oscar Delp,Tyler Shough,111,1,-8.078,14.6798
Tyler Shough,Bijan Robinson,Chris Olave,Daniel Carlson,Juwan Johnson,Oscar Delp,107,1,-7.8211,18.9786
Bijan Robinson,Bryce Lance,Chris Olave,Juwan Johnson,Olamide Zaccheaus,Tyler Shough,106,1,-7.6296,22.9847
Tyler Shough,Bijan Robinson,Bryce Lance,Drake London,Jahan Dotson,Michael Penix Jr.,106,1,-7.9301,17.0199
Tyler Shough,Bijan Robinson,Chris Olave,Daniel Carlson,Devaughn Vele,Oscar Delp,105,1,-8.2678,12.1413
Tyler Shough,Bijan Robinson,Bryce Lance,Chris Olave,Devaughn Vele,Jahan Dotson,93,1,-8.057,14.9906
Bijan Robinson,Drake London,Jahan Dotson,Michael Penix Jr.,Oscar Delp,Tyler Shough,93,1,-7.9974,15.911
Tyler Shough,Alvin Kamara,Chris Olave,Drake London,Juwan Johnson,Oscar Delp,89,1,-8.2506,12.3528
Bijan Robinson,Bryce Lance,Chris Olave,Daniel Carlson,Kendre Miller,Tyler Shough,89,1,-7.6893,21.6526
Tyler Shough,Bijan Robinson,Chris Olave,Falcons,Michael Penix Jr.,Oscar Delp,87,1,-8.3276,11.4373
Tyler Shough,Brian Robinson Jr.,Chris Olave,Devaughn Vele,Juwan Johnson,Kyle Pitts Sr.,86,1,-8.746,7.5268
Tyler Shough,Bijan Robinson,Bryce Lance,Chris Olave,Jahan Dotson,Juwan Johnson,83,1,-7.6103,23.4325
Chris Olave,Bijan Robinson,Bryce Lance,Daniel Carlson,Nick Folk,Tyler Shough,83,1,-7.7868,19.6404
Drake London,Alvin Kamara,Bijan Robinson,Bryce Lance,Daniel Carlson,Tyler Shough,81,1,-7.8577,18.2974
Bijan Robinson,Bryce Lance,Chris Olave,Devaughn Vele,Olamide Zaccheaus,Tyler Shough,80,1,-8.0763,14.7041
Chris Olave,Austin Hooper,Bijan Robinson,Juwan Johnson,Olamide Zaccheaus,Tyler Shough,80,1,-8.7909,7.1963
Tyler Shough,Alvin Kamara,Bijan Robinson,Bryce Lance,Daniel Carlson,Drake London,78,1,-7.9394,16.8617
Tyler Shough,Alvin Kamara,Bijan Robinson,Chris Olave,Nick Folk,Oscar Delp,76,1,-8.3409,11.2854
Bijan Robinson,Daniel Carlson,Drake London,Juwan Johnson,Oscar Delp,Tyler Shough,76,1,-7.7102,21.2048
Bijan Robinson,Daniel Carlson,Juwan Johnson,Kendre Miller,Nick Folk,Tyler Shough,76,1,-8.4281,10.3435
Chris Olave,Bijan Robinson,Jahan Dotson,Juwan Johnson,Olamide Zaccheaus,Tyler Shough,74,1,-8.4546,10.0723
Drake London,Bijan Robinson,Bryce Lance,Chris Olave,Oscar Delp,Tyler Shough,73,1,-7.5807,24.1368
Bryce Lance,Bijan Robinson,Chris Olave,Daniel Carlson,Drake London,Tyler Shough,73,1,-9.5597,3.336
Bijan Robinson,Alvin Kamara,Brian Robinson Jr.,Bryce Lance,Drake London,Tyler Shough,72,1,-7.5022,26.109
Juwan Johnson,Alvin Kamara,Bijan Robinson,Drake London,Oscar Delp,Tyler Shough,70,1,-8.4487,10.1321
Tyler Shough,Austin Hooper,Bijan Robinson,Chris Olave,Daniel Carlson,Nick Folk,70,1,-8.5598,9.0668
Drake London,Austin Hooper,Bijan Robinson,Bryce Lance,Michael Penix Jr.,Tyler Shough,70,1,-8.1846,13.1955
Kyle Pitts Sr.,Bryce Lance,Chris Olave,Drake London,Michael Penix Jr.,Tyler Shough,70,1,-8.6853,7.9973
Bijan Robinson,Brian Robinson Jr.,Chris Olave,Jahan Dotson,Kendre Miller,Tyler Shough,69,1,-8.1168,14.1202
Brian Robinson Jr.,Bijan Robinson,Bryce Lance,Chris Olave,Drake London,Tyler Shough,69,1,-8.9396,6.2017
Chris Olave,Bijan Robinson,Bryce Lance,Charlie Woerner,Drake London,Tyler Shough,69,1,-9.5283,3.4423
Drake London,Bijan Robinson,Daniel Carlson,Falcons,Michael Penix Jr.,Nick Folk,69,1,-9.3222,4.2302
Bijan Robinson,Chris Olave,Devaughn Vele,Falcons,Oscar Delp,Tyler Shough,68,1,-8.3436,11.2552
Bijan Robinson,Brian Robinson Jr.,Chris Olave,Daniel Carlson,Jahan Dotson,Tyler Shough,67,1,-7.5631,24.5652
Chris Olave,Alvin Kamara,Bijan Robinson,Bryce Lance,Falcons,Tyler Shough,67,1,-8.0864,14.5568
Bijan Robinson,Juwan Johnson,Kyle Pitts Sr.,Michael Penix Jr.,Oscar Delp,Tyler Shough,66,1,-8.133,13.8937
Tyler Shough,Alvin Kamara,Bijan Robinson,Brian Robinson Jr.,Bryce Lance,Chris Olave,65,1,-7.6131,23.368
Bijan Robinson,Alvin Kamara,Bryce Lance,Drake London,Falcons,Tyler Shough,65,1,-8.0152,15.6311
Drake London,Alvin Kamara,Bryce Lance,Juwan Johnson,Michael Penix Jr.,Tyler Shough,65,1,-8.0394,15.2564
Tyler Shough,Bijan Robinson,Brian Robinson Jr.,Daniel Carlson,Devaughn Vele,Juwan Johnson,64,1,-8.2787,12.0097
Chris Olave,Austin Hooper,Bijan Robinson,Bryce Lance,Juwan Johnson,Tyler Shough,64,1,-7.9068,17.4199
Bryce Lance,Bijan Robinson,Chris Olave,Drake London,Kendre Miller,Tyler Shough,64,1,-10.1134,1.9175
Chris Olave,Bryce Lance,Drake London,Jahan Dotson,Michael Penix Jr.,Tyler Shough,62,1,-7.9837,16.1311
Alvin Kamara,Bijan Robinson,Bryce Lance,Chris Olave,Nick Folk,Tyler Shough,61,1,-8.451,10.1086
Tyler Shough,Bijan Robinson,Bryce Lance,Chris Blair,Chris Olave,Drake London,61,1,-9.6127,3.1638
Bijan Robinson,Alvin Kamara,Brian Robinson Jr.,Chris Olave,Oscar Delp,Tyler Shough,60,1,-7.6804,21.8456
Chris Olave,Alvin Kamara,Bijan Robinson,Bryce Lance,Jahan Dotson,Tyler Shough,60,1,-7.8672,18.1248
Chris Olave,Bijan Robinson,Brian Robinson Jr.,Daniel Carlson,Falcons,Tyler Shough,60,1,-8.2103,12.8598
Chris Olave,Bijan Robinson,Bryce Lance,CJ Donaldson,Michael Penix Jr.,Tyler Shough,60,1,-8.7106,7.7975
Juwan Johnson,Bijan Robinson,Chris Olave,Kyle Pitts Sr.,Oscar Delp,Tyler Shough,60,1,-8.4865,9.7561
Tyler Shough,Austin Hooper,Bijan Robinson,Bryce Lance,Chris Olave,Juwan Johnson,59,1,-7.9465,16.7417
Bijan Robinson,Brian Robinson Jr.,Bryce Lance,Chris Olave,Kyle Pitts Sr.,Tyler Shough,58,1,-7.54,25.1401
Bijan Robinson,Chris Olave,Daniel Carlson,Falcons,Jahan Dotson,Tyler Shough,58,1,-8.0761,14.7069
Chris Olave,Austin Hooper,Bijan Robinson,Bryce Lance,Devaughn Vele,Tyler Shough,58,1,-8.3535,11.1441
Bijan Robinson,Bryce Lance,Chris Olave,Juwan Johnson,Tyler Shough,Zachariah Branch,58,1,-8.5152,9.4809
Bijan Robinson,Bryce Lance,Chris Olave,Kevin Austin Jr.,Michael Penix Jr.,Tyler Shough,58,1,-9.0006,5.8349
Tyler Shough,Chris Olave,Devaughn Vele,Juwan Johnson,Nick Folk,Saints,58,1,-9.4505,3.7209
Drake London,Chris Olave,Daniel Carlson,Michael Penix Jr.,Oscar Delp,Tyler Shough,58,1,-8.1525,13.6256
Drake London,Bijan Robinson,Chris Olave,Jahan Dotson,Michael Penix Jr.,Oscar Delp,57,1,-8.582,8.8677
Chris Olave,Bijan Robinson,Daniel Carlson,Jahan Dotson,Saints,Tyler Shough,57,1,-8.8462,6.8086
Tyler Shough,Bryce Lance,Chris Olave,Drake London,Juwan Johnson,Nick Folk,57,1,-7.9594,16.5271
Bijan Robinson,Brian Robinson Jr.,Chris Olave,Daniel Carlson,Juwan Johnson,Nick Folk,56,1,-8.1034,14.3107
Bijan Robinson,Brian Robinson Jr.,Devaughn Vele,Falcons,Juwan Johnson,Tyler Shough,56,1,-8.3545,11.1332
Bijan Robinson,Alvin Kamara,Devaughn Vele,Juwan Johnson,Oscar Delp,Tyler Shough,56,1,-8.2221,12.7088
Tyler Shough,Austin Hooper,Bijan Robinson,Chris Olave,Juwan Johnson,Olamide Zaccheaus,56,1,-8.8306,6.9161
Bijan Robinson,Austin Hooper,Brian Robinson Jr.,Chris Olave,Kendre Miller,Tyler Shough,55,1,-8.453,10.0884
Bijan Robinson,Chris Olave,Falcons,Jahan Dotson,Kyle Pitts Sr.,Michael Penix Jr.,55,1,-9.0543,5.5297
Michael Penix Jr.,Bijan Robinson,Bryce Lance,Drake London,Jahan Dotson,Tyler Shough,55,1,-8.8561,6.742
Juwan Johnson,Bijan Robinson,Bryce Lance,Drake London,Nick Folk,Tyler Shough,55,1,-8.1576,13.556
Chris Olave,Daniel Carlson,Drake London,Michael Penix Jr.,Oscar Delp,Tyler Shough,55,1,-8.1945,13.0651
Tyler Shough,Bijan Robinson,Brian Robinson Jr.,Chris Olave,Daniel Carlson,Saints,54,1,-8.5922,8.7782
Juwan Johnson,Bijan Robinson,Brian Robinson Jr.,Devaughn Vele,Kyle Pitts Sr.,Tyler Shough,53,1,-8.9441,6.1737
Bijan Robinson,Chris Olave,Falcons,Juwan Johnson,Oscar Delp,Tyler Shough,53,1,-7.8969,17.5936
Bijan Robinson,Bryce Lance,Daniel Carlson,Drake London,Nick Folk,Tyler Shough,53,1,-7.7156,21.0899
Bijan Robinson,Chris Olave,Falcons,Jahan Dotson,Michael Penix Jr.,Nick Folk,52,1,-8.9037,6.4287
Bijan Robinson,Daniel Carlson,Drake London,Jahan Dotson,Michael Penix Jr.,Nick Folk,52,1,-8.717,7.7483
Drake London,Alvin Kamara,Bijan Robinson,Bryce Lance,Michael Penix Jr.,Nick Folk,52,1,-8.6852,7.9983
Tyler Shough,Bijan Robinson,Bryce Lance,Chris Olave,Kyle Pitts Sr.,Nick Folk,52,1,-8.2005,12.9873
Tyler Shough,Barion Brown,Bijan Robinson,Bryce Lance,Chris Olave,Drake London,52,1,-10.0596,2.0235
Drake London,Bijan Robinson,Bryce Lance,Michael Penix Jr.,Olamide Zaccheaus,Tyler Shough,52,1,-8.3353,11.3486
Bijan Robinson,Alvin Kamara,Falcons,Jahan Dotson,Michael Penix Jr.,Tyler Shough,51,1,-8.4611,10.0075
Bijan Robinson,CJ Donaldson,Chris Olave,Jahan Dotson,Juwan Johnson,Tyler Shough,51,1,-8.7167,7.7501
Bijan Robinson,Bryce Lance,Devaughn Vele,Drake London,Falcons,Michael Penix Jr.,51,1,-8.7696,7.351
Chris Olave,Bijan Robinson,Brian Robinson Jr.,Jahan Dotson,Nick Folk,Tyler Shough,50,1,-8.2144,12.808
Bijan Robinson,Alvin Kamara,Daniel Carlson,Jahan Dotson,Juwan Johnson,Tyler Shough,50,1,-7.9547,16.6062
Tyler Shough,Austin Hooper,Bijan Robinson,Bryce Lance,Chris Olave,Devaughn Vele,50,1,-8.3932,10.7103
Tyler Shough,Bijan Robinson,Chris Olave,Juwan Johnson,Nick Folk,Treyton Welch,50,1,-10.2942,1.6003
Tyler Shough,Alvin Kamara,Bijan Robinson,Brian Robinson Jr.,Juwan Johnson,Nick Folk,49,1,-8.3518,11.163
Chris Olave,Bijan Robinson,Brian Robinson Jr.,Juwan Johnson,Oscar Delp,Tyler Shough,49,1,-7.8119,19.1547
Tyler Shough,Brian Robinson Jr.,Chris Olave,Devaughn Vele,Juwan Johnson,Nick Folk,49,1,-8.5953,8.7506
Bijan Robinson,Chris Olave,Daniel Carlson,Drake London,Falcons,Jahan Dotson,49,1,-8.6315,8.4395
Oscar Delp,Alvin Kamara,Bijan Robinson,Chris Olave,Drake London,Tyler Shough,49,1,-10.5686,1.2163
Bijan Robinson,CJ Donaldson,Chris Olave,Daniel Carlson,Nick Folk,Tyler Shough,49,1,-8.933,6.243
Tyler Shough,Bijan Robinson,Chris Olave,Daniel Carlson,Jahan Dotson,Kendre Miller,49,1,-8.5541,9.1191
Bijan Robinson,Austin Hooper,Brian Robinson Jr.,Chris Olave,Daniel Carlson,Tyler Shough,48,1,-7.8993,17.551
Chris Olave,Austin Hooper,Bijan Robinson,Brian Robinson Jr.,Nick Folk,Tyler Shough,48,1,-8.5506,9.1509
Saints,Bijan Robinson,Brian Robinson Jr.,Chris Olave,Juwan Johnson,Tyler Shough,48,1,-9.1455,5.0479
Bijan Robinson,Bryce Lance,Devaughn Vele,Juwan Johnson,Nick Folk,Tyler Shough,48,1,-7.931,17.0034
Tyler Shough,Bijan Robinson,Bryce Lance,Chris Olave,Falcons,Juwan Johnson,48,1,-7.8295,18.8197
Tyler Shough,Bijan Robinson,Chris Olave,Drake London,Olamide Zaccheaus,Oscar Delp,48,1,-8.5465,9.1887
Bijan Robinson,Brian Robinson Jr.,Bryce Lance,Chris Olave,Nick Folk,Tyler Shough,47,1,-7.3893,29.2277
Drake London,Alvin Kamara,Bijan Robinson,Falcons,Jahan Dotson,Michael Penix Jr.,47,1,-9.4025,3.9038
Bijan Robinson,Chris Olave,Drake London,Michael Penix Jr.,Olamide Zaccheaus,Oscar Delp,47,1,-8.683,8.0158
Drake London,Bijan Robinson,Daniel Carlson,Falcons,Kyle Pitts Sr.,Michael Penix Jr.,47,1,-9.4728,3.6386
Bijan Robinson,Bryce Lance,CJ Donaldson,Drake London,Michael Penix Jr.,Tyler Shough,46,1,-8.6394,8.3729
Chris Olave,Daniel Carlson,Jahan Dotson,Juwan Johnson,Michael Penix Jr.,Tyler Shough,46,1,-8.1424,13.7638
Michael Penix Jr.,Bijan Robinson,Bryce Lance,Chris Olave,Drake London,Olamide Zaccheaus,46,1,-9.5417,3.3966
Drake London,Bijan Robinson,Brian Robinson Jr.,Michael Penix Jr.,Oscar Delp,Tyler Shough,45,1,-8.0896,14.5096
Tyler Shough,Alvin Kamara,Bijan Robinson,Chris Olave,Daniel Carlson,Oscar Delp,45,1,-8.1177,14.1083
Bijan Robinson,Alvin Kamara,Daniel Carlson,Drake London,Oscar Delp,Tyler Shough,45,1,-8.0068,15.7632
Tyler Shough,Brian Robinson Jr.,Bryce Lance,Chris Olave,Drake London,Michael Penix Jr.,45,1,-7.7296,20.7976
Tyler Shough,Alvin Kamara,Chris Olave,Daniel Carlson,Juwan Johnson,Nick Folk,45,1,-8.4147,10.4829
Drake London,Bijan Robinson,Falcons,Jahan Dotson,Juwan Johnson,Michael Penix Jr.,45,1,-9.1059,5.2514
Chris Olave,Bijan Robinson,Bryce Lance,Kendre Miller,Nick Folk,Tyler Shough,45,1,-8.3406,11.2894
Chris Olave,Drake London,Jahan Dotson,Michael Penix Jr.,Olamide Zaccheaus,Tyler Shough,45,1,-8.8677,6.6639
Kendre Miller,Austin Hooper,Bijan Robinson,Chris Olave,Juwan Johnson,Tyler Shough,45,1,-9.9799,2.1914
Drake London,Bijan Robinson,Falcons,Michael Penix Jr.,Oscar Delp,Tyler Shough,45,1,-8.6026,8.6867
Tyler Shough,Alvin Kamara,Austin Hooper,Bijan Robinson,Chris Olave,Jahan Dotson,44,1,-8.6401,8.3671
Tyler Shough,Alvin Kamara,Bijan Robinson,Daniel Carlson,Devaughn Vele,Saints,44,1,-9.4304,3.7963
Chris Olave,Bijan Robinson,Daniel Carlson,Nick Folk,Olamide Zaccheaus,Tyler Shough,44,1,-8.6709,8.1136
Bijan Robinson,Austin Hooper,Brian Robinson Jr.,Devaughn Vele,Juwan Johnson,Tyler Shough,43,1,-8.4715,9.9039
Chris Olave,Alvin Kamara,Devaughn Vele,Juwan Johnson,Olamide Zaccheaus,Tyler Shough,43,1,-9.0924,5.3227
Chris Olave,Bijan Robinson,CJ Donaldson,Drake London,Oscar Delp,Tyler Shough,43,1,-9.1968,4.7951
Bijan Robinson,Bryce Lance,Chris Blair,Chris Olave,Michael Penix Jr.,Tyler Shough,43,1,-9.1938,4.8095
Bijan Robinson,Chris Olave,Kevin Austin Jr.,Michael Penix Jr.,Olamide Zaccheaus,Tyler Shough,43,1,-9.8846,2.4105
Drake London,Bijan Robinson,Chris Olave,Oscar Delp,Tyler Shough,Zachariah Branch,43,1,-9.3503,4.113
Bijan Robinson,Bryce Lance,Drake London,Kyle Pitts Sr.,Michael Penix Jr.,Nick Folk,43,1,-8.6938,7.9296
Drake London,Bryce Lance,Chris Olave,Jahan Dotson,Michael Penix Jr.,Tyler Shough,43,1,-7.9417,16.8232
Saints,Bijan Robinson,Chris Olave,Drake London,Falcons,Juwan Johnson,43,1,-10.2139,1.7342
Bijan Robinson,Alvin Kamara,Daniel Carlson,Devaughn Vele,Jahan Dotson,Tyler Shough,42,1,-8.4014,10.6236
Chris Olave,Austin Hooper,Bijan Robinson,Brian Robinson Jr.,Kyle Pitts Sr.,Tyler Shough,42,1,-8.7012,7.8711
Tyler Shough,Bijan Robinson,Chris Olave,Daniel Carlson,Juwan Johnson,Kevin Austin Jr.,42,1,-9.5781,3.275
Bijan Robinson,Chris Olave,Daniel Carlson,Kendre Miller,Olamide Zaccheaus,Tyler Shough,42,1,-8.5734,8.9449
Drake London,Bijan Robinson,Bryce Lance,Chris Blair,Chris Olave,Tyler Shough,42,1,-9.5309,3.4332
Chris Olave,Bijan Robinson,Bryce Lance,Daniel Carlson,Kendre Miller,Tyler Shough,42,1,-8.1173,14.1134
Chris Olave,Daniel Carlson,Drake London,Kendre Miller,Saints,Tyler Shough,42,1,-9.5258,3.4508
Bijan Robinson,Austin Hooper,Brian Robinson Jr.,Chris Olave,Daniel Carlson,Drake London,41,1,-8.4547,10.0715
Chris Olave,Brian Robinson Jr.,Daniel Carlson,Devaughn Vele,Juwan Johnson,Tyler Shough,41,1,-8.3324,11.3826
Bijan Robinson,Bryce Lance,Devaughn Vele,Drake London,Jahan Dotson,Tyler Shough,41,1,-7.9461,16.7489
Tyler Shough,Austin Hooper,Brian Robinson Jr.,Chris Olave,Drake London,Juwan Johnson,41,1,-8.4999,9.6265
Tyler Shough,Alvin Kamara,Bijan Robinson,Brian Robinson Jr.,Chris Olave,Olamide Zaccheaus,40,1,-8.4971,9.6535
Chris Olave,Austin Hooper,Brian Robinson Jr.,Drake London,Juwan Johnson,Tyler Shough,40,1,-8.4602,10.0165
Tyler Shough,Bijan Robinson,Chris Olave,Jahan Dotson,Juwan Johnson,Olamide Zaccheaus,40,1,-8.4944,9.6801
Michael Penix Jr.,Bijan Robinson,Drake London,Jahan Dotson,Olamide Zaccheaus,Tyler Shough,40,1,-9.7401,2.7852
Tyler Shough,Bijan Robinson,Bryce Lance,Charlie Woerner,Chris Olave,Drake London,40,1,-9.568,3.3083
Alvin Kamara,Chris Olave,Daniel Carlson,Drake London,Saints,Tyler Shough,40,1,-9.6363,3.0899
Drake London,Devaughn Vele,Jahan Dotson,Kendre Miller,Michael Penix Jr.,Tyler Shough,40,1,-9.4576,3.6944
Drake London,Chris Olave,Kendre Miller,Michael Penix Jr.,Oscar Delp,Tyler Shough,40,1,-8.7062,7.8321
Bijan Robinson,Brian Robinson Jr.,Charlie Woerner,Chris Olave,Juwan Johnson,Tyler Shough,39,1,-9.2895,4.3709
Bijan Robinson,Alvin Kamara,Austin Hooper,Chris Olave,Olamide Zaccheaus,Tyler Shough,39,1,-8.6594,8.2072
Chris Olave,Alvin Kamara,Bijan Robinson,Kendre Miller,Oscar Delp,Tyler Shough,39,1,-8.6317,8.438
Juwan Johnson,Alvin Kamara,Bijan Robinson,Daniel Carlson,Nick Folk,Tyler Shough,39,1,-8.6129,8.5983
Bijan Robinson,Bryce Lance,Chris Olave,Falcons,Nick Folk,Tyler Shough,39,1,-7.9023,17.4983
Bijan Robinson,Chris Olave,Michael Penix Jr.,Olamide Zaccheaus,Oscar Delp,Tyler Shough,39,1,-8.1276,13.9685
Tyler Shough,Alvin Kamara,Bijan Robinson,Bryce Lance,Drake London,Kendre Miller,39,1,-8.4931,9.6922
Chris Olave,Bijan Robinson,Jahan Dotson,Kendre Miller,Saints,Tyler Shough,39,1,-9.4,3.9136
Bijan Robinson,Alvin Kamara,Austin Hooper,Brian Robinson Jr.,Chris Olave,Juwan Johnson,38,1,-8.52,9.4355
Drake London,Bijan Robinson,CJ Donaldson,Jahan Dotson,Michael Penix Jr.,Tyler Shough,38,1,-9.4225,3.8266
Drake London,Alvin Kamara,Juwan Johnson,Michael Penix Jr.,Olamide Zaccheaus,Tyler Shough,38,1,-8.9235,6.3025
Devaughn Vele,Bijan Robinson,Brian Robinson Jr.,Juwan Johnson,Nick Folk,Tyler Shough,37,1,-9.1087,5.2368
Alvin Kamara,Austin Hooper,Bijan Robinson,Devaughn Vele,Juwan Johnson,Tyler Shough,37,1,-9.5332,3.4253
Bijan Robinson,Alvin Kamara,Austin Hooper,Bryce Lance,Chris Olave,Tyler Shough,37,1,-7.7754,19.867
Tyler Shough,Bijan Robinson,Chris Olave,Devaughn Vele,Jahan Dotson,Olamide Zaccheaus,37,1,-8.9411,6.1927
Saints,Bijan Robinson,Chris Olave,Devaughn Vele,Falcons,Tyler Shough,37,1,-10.1052,1.9334
Drake London,Bryce Lance,Chris Olave,Falcons,Michael Penix Jr.,Tyler Shough,37,1,-8.1609,13.5114
Bijan Robinson,Alvin Kamara,Austin Hooper,Brian Robinson Jr.,Michael Penix Jr.,Tyler Shough,36,1,-8.2843,11.9429
Chris Olave,Brian Robinson Jr.,Drake London,Jahan Dotson,Juwan Johnson,Tyler Shough,36,1,-8.124,14.0195
Tyler Shough,Bijan Robinson,Brian Robinson Jr.,Chris Olave,Kendre Miller,Saints,36,1,-9.1459,5.0458
Bijan Robinson,Alvin Kamara,Drake London,Falcons,Michael Penix Jr.,Olamide Zaccheaus,36,1,-9.5035,3.5287
Bijan Robinson,Bryce Lance,Chris Olave,Drake London,Juwan Johnson,Olamide Zaccheaus,36,1,-8.185,13.1897
Tyler Shough,Austin Hooper,Bijan Robinson,Chris Olave,Juwan Johnson,Zachariah Branch,36,1,-9.7161,2.8528
Drake London,Bijan Robinson,Falcons,Kendre Miller,Michael Penix Jr.,Nick Folk,36,1,-9.8759,2.4316
Chris Olave,Alvin Kamara,Bijan Robinson,Jahan Dotson,Olamide Zaccheaus,Tyler Shough,35,1,-8.7512,7.4875
Falcons,Bijan Robinson,Brian Robinson Jr.,Drake London,Michael Penix Jr.,Tyler Shough,35,1,-9.68,2.9578
Bijan Robinson,Chris Olave,Kyle Pitts Sr.,Nick Folk,Oscar Delp,Tyler Shough,35,1,-8.2678,12.1412
Devaughn Vele,Bijan Robinson,Bryce Lance,Daniel Carlson,Drake London,Tyler Shough,35,1,-8.6963,7.9101
Alvin Kamara,Brian Robinson Jr.,Chris Olave,Devaughn Vele,Juwan Johnson,Tyler Shough,34,1,-8.9966,5.8584
Devaughn Vele,Bijan Robinson,Brian Robinson Jr.,Bryce Lance,Chris Olave,Tyler Shough,34,1,-8.37,10.9624
Tyler Shough,Alvin Kamara,Chris Olave,Daniel Carlson,Drake London,Jahan Dotson,34,1,-8.4298,10.326
Bijan Robinson,Daniel Carlson,Jahan Dotson,Kyle Pitts Sr.,Michael Penix Jr.,Tyler Shough,34,1,-8.3122,11.6141
Bijan Robinson,Bryce Lance,Chris Olave,Drake London,Michael Penix Jr.,Oscar Delp,34,1,-7.799,19.4036
Chris Olave,Bijan Robinson,CJ Donaldson,Michael Penix Jr.,Olamide Zaccheaus,Tyler Shough,34,1,-9.5947,3.2212
Bijan Robinson,Devaughn Vele,Falcons,Michael Penix Jr.,Olamide Zaccheaus,Tyler Shough,34,1,-9.0982,5.292
Bijan Robinson,Bryce Lance,Drake London,Falcons,Kyle Pitts Sr.,Michael Penix Jr.,34,1,-9.0141,5.7568
Bijan Robinson,Brian Robinson Jr.,Chris Olave,Kyle Pitts Sr.,Olamide Zaccheaus,Tyler Shough,33,1,-8.424,10.3856
Juwan Johnson,Bijan Robinson,Brian Robinson Jr.,Bryce Lance,Chris Olave,Tyler Shough,33,1,-7.608,23.4861
Bijan Robinson,Alvin Kamara,Chris Olave,Daniel Carlson,Falcons,Nick Folk,33,1,-8.913,6.369
Chris Olave,Alvin Kamara,Bryce Lance,Drake London,Nick Folk,Tyler Shough,33,1,-8.2163,12.7835
Chris Olave,Alvin Kamara,Drake London,Jahan Dotson,Saints,Tyler Shough,33,1,-9.2757,4.4316
Chris Olave,Bijan Robinson,Devaughn Vele,Oscar Delp,Saints,Tyler Shough,33,1,-9.1137,5.2107
Daniel Carlson,Bijan Robinson,Chris Olave,Drake London,Oscar Delp,Tyler Shough,33,1,-9.901,2.3712
Juwan Johnson,Bijan Robinson,Bryce Lance,Chris Olave,Saints,Tyler Shough,33,1,-8.4632,9.9868
Chris Olave,Bijan Robinson,Brian Robinson Jr.,Daniel Carlson,Jahan Dotson,Tyler Shough,32,1,-7.9911,16.0118
Bijan Robinson,Brian Robinson Jr.,Chris Olave,Falcons,Saints,Tyler Shough,32,1,-8.6679,8.1376
Alvin Kamara,Bijan Robinson,Bryce Lance,Chris Olave,Daniel Carlson,Tyler Shough,32,1,-8.2278,12.6372
Bijan Robinson,Brian Robinson Jr.,Daniel Carlson,Drake London,Falcons,Michael Penix Jr.,32,1,-8.7434,7.5461
Chris Olave,Bijan Robinson,Falcons,Jahan Dotson,Nick Folk,Tyler Shough,32,1,-8.7274,7.668
Bijan Robinson,Alvin Kamara,Bryce Lance,Drake London,Falcons,Michael Penix Jr.,32,1,-8.6194,8.5419
Bijan Robinson,Austin Hooper,Chris Olave,Falcons,Nick Folk,Tyler Shough,32,1,-8.6356,8.4051
Tyler Shough,Bijan Robinson,Bryce Lance,Chris Olave,Drake London,Kevin Austin Jr.,32,1,-9.4194,3.8383
Tyler Shough,Bryce Lance,Chris Olave,Daniel Carlson,Devaughn Vele,Drake London,32,1,-8.1829,13.2177
Drake London,Chris Olave,Falcons,Michael Penix Jr.,Olamide Zaccheaus,Tyler Shough,32,1,-9.0449,5.5817
Brian Robinson Jr.,Bijan Robinson,Chris Olave,Drake London,Olamide Zaccheaus,Tyler Shough,31,1,-9.8237,2.562
Chris Olave,Alvin Kamara,Bijan Robinson,Jahan Dotson,Tyler Shough,Zachariah Branch,31,1,-9.6368,3.0885
Chris Olave,Alvin Kamara,Brian Robinson Jr.,Juwan Johnson,Kyle Pitts Sr.,Tyler Shough,31,1,-8.5561,9.1005
Juwan Johnson,Bijan Robinson,Brian Robinson Jr.,Chris Olave,Olamide Zaccheaus,Tyler Shough,31,1,-8.4921,9.7023
Bijan Robinson,Alvin Kamara,Austin Hooper,Juwan Johnson,Nick Folk,Tyler Shough,31,1,-8.5141,9.4906
Tyler Shough,Bijan Robinson,Chris Olave,Jahan Dotson,Juwan Johnson,Zachariah Branch,31,1,-9.3799,3.9929
Bijan Robinson,Bryce Lance,Drake London,Jahan Dotson,Juwan Johnson,Tyler Shough,31,1,-7.4994,26.1811
Bijan Robinson,Chris Olave,Michael Penix Jr.,Oscar Delp,Tyler Shough,Zachariah Branch,31,1,-9.0132,5.7618
Tyler Shough,Alvin Kamara,Chris Olave,Devaughn Vele,Juwan Johnson,Olamide Zaccheaus,31,1,-9.1322,5.1155
Bryce Lance,Bijan Robinson,Chris Olave,Kyle Pitts Sr.,Michael Penix Jr.,Tyler Shough,31,1,-9.9825,2.1858
Chris Olave,Bijan Robinson,Juwan Johnson,Oscar Delp,Saints,Tyler Shough,31,1,-8.667,8.145
Bijan Robinson,Drake London,Falcons,Michael Penix Jr.,Nick Folk,Saints,31,1,-9.8218,2.5667
Drake London,Charlie Woerner,Chris Olave,Daniel Carlson,Michael Penix Jr.,Tyler Shough,31,1,-10.0581,2.0266
Alvin Kamara,Bijan Robinson,Chris Olave,Jahan Dotson,Saints,Tyler Shough,30,1,-9.5104,3.5043
Bijan Robinson,Alvin Kamara,Bryce Lance,Devaughn Vele,Kyle Pitts Sr.,Tyler Shough,30,1,-8.3782,10.8722
Bijan Robinson,Alvin Kamara,Chris Olave,Oscar Delp,Saints,Tyler Shough,30,1,-8.5356,9.2892
Drake London,Brian Robinson Jr.,Daniel Carlson,Devaughn Vele,Michael Penix Jr.,Tyler Shough,30,1,-8.6101,8.6222
Bijan Robinson,Chris Olave,Juwan Johnson,Olamide Zaccheaus,Tyler Shough,Zachariah Branch,30,1,-9.3992,3.9166
Bijan Robinson,Chris Blair,Chris Olave,Drake London,Kevin Austin Jr.,Tyler Shough,30,1,-11.437,0.5104
Drake London,Alvin Kamara,Bijan Robinson,Jahan Dotson,Michael Penix Jr.,Saints,30,1,-9.7446,2.7727
Juwan Johnson,Alvin Kamara,Drake London,Jahan Dotson,Michael Penix Jr.,Tyler Shough,30,1,-8.8097,7.062
Chris Olave,Bijan Robinson,Kendre Miller,Nick Folk,Olamide Zaccheaus,Tyler Shough,30,1,-9.2246,4.6638
Tyler Shough,Alvin Kamara,Bijan Robinson,Daniel Carlson,Juwan Johnson,Saints,30,1,-8.9837,5.9341
Chris Olave,Alvin Kamara,Juwan Johnson,Nick Folk,Saints,Tyler Shough,30,1,-9.2606,4.4989
Drake London,Bijan Robinson,Daniel Carlson,Juwan Johnson,Michael Penix Jr.,Olamide Zaccheaus,30,1,-9.0494,5.5566
Chris Olave,Daniel Carlson,Drake London,Juwan Johnson,Olamide Zaccheaus,Tyler Shough,30,1,-8.5805,8.8811
Bijan Robinson,Brian Robinson Jr.,Bryce Lance,Devaughn Vele,Michael Penix Jr.,Tyler Shough,29,1,-7.7012,21.397
Bijan Robinson,Brian Robinson Jr.,Juwan Johnson,Kyle Pitts Sr.,Nick Folk,Tyler Shough,29,1,-8.2787,12.0096
Chris Olave,Alvin Kamara,Brian Robinson Jr.,Daniel Carlson,Juwan Johnson,Tyler Shough,29,1,-8.1822,13.2266
Devaughn Vele,Austin Hooper,Bijan Robinson,Chris Olave,Jahan Dotson,Tyler Shough,29,1,-9.397,3.9252
Tyler Shough,Alvin Kamara,Bijan Robinson,Daniel Carlson,Jahan Dotson,Michael Penix Jr.,29,1,-8.3853,10.7954
Alvin Kamara,Bijan Robinson,Chris Olave,Daniel Carlson,Olamide Zaccheaus,Tyler Shough,29,1,-9.1118,5.2205
Bijan Robinson,Alvin Kamara,Bryce Lance,Juwan Johnson,Nick Folk,Tyler Shough,29,1,-7.7809,19.7581
Alvin Kamara,Bijan Robinson,Drake London,Juwan Johnson,Oscar Delp,Tyler Shough,29,1,-8.8024,7.1137
Chris Olave,Alvin Kamara,Daniel Carlson,Jahan Dotson,Michael Penix Jr.,Tyler Shough,29,1,-8.4389,10.2317
Bijan Robinson,Devaughn Vele,Juwan Johnson,Nick Folk,Olamide Zaccheaus,Tyler Shough,29,1,-8.8151,7.0242
Tyler Shough,Bijan Robinson,Chris Olave,Drake London,Oscar Delp,Zachariah Branch,29,1,-9.432,3.7902
Tyler Shough,Bijan Robinson,Chris Olave,Falcons,Juwan Johnson,Olamide Zaccheaus,29,1,-8.7136,7.7746
Tyler Shough,Bijan Robinson,CJ Donaldson,Chris Olave,Juwan Johnson,Saints,29,1,-9.7458,2.7695
Tyler Shough,Bijan Robinson,Bryce Lance,Juwan Johnson,Michael Penix Jr.,Nick Folk,29,1,-7.915,17.2784
Tyler Shough,Bryce Lance,Chris Olave,Daniel Carlson,Drake London,Juwan Johnson,29,1,-7.7362,20.6612
Bijan Robinson,Brian Robinson Jr.,Bryce Lance,Chris Olave,Drake London,Kyle Pitts Sr.,28,1,-8.0954,14.4265
Juwan Johnson,Bijan Robinson,Brian Robinson Jr.,Devaughn Vele,Nick Folk,Tyler Shough,28,1,-8.7935,7.1774
Bijan Robinson,Brian Robinson Jr.,Daniel Carlson,Juwan Johnson,Nick Folk,Tyler Shough,28,1,-7.9048,17.4547
Juwan Johnson,Bijan Robinson,Brian Robinson Jr.,Bryce Lance,Chris Olave,Drake London,28,1,-8.1634,13.4774
Chris Olave,Bijan Robinson,Brian Robinson Jr.,Falcons,Kendre Miller,Tyler Shough,28,1,-8.764,7.3919
Devaughn Vele,Alvin Kamara,Chris Olave,Jahan Dotson,Juwan Johnson,Tyler Shough,28,1,-9.2519,4.5382
Bijan Robinson,Brian Robinson Jr.,Bryce Lance,Drake London,Juwan Johnson,Michael Penix Jr.,28,1,-7.8099,19.1932
Alvin Kamara,Bijan Robinson,Daniel Carlson,Juwan Johnson,Kyle Pitts Sr.,Tyler Shough,28,1,-9.1172,5.1926
Bijan Robinson,Alvin Kamara,Drake London,Kyle Pitts Sr.,Michael Penix Jr.,Oscar Delp,28,1,-8.9849,5.9268
Juwan Johnson,Austin Hooper,Bijan Robinson,Chris Olave,Jahan Dotson,Tyler Shough,28,1,-8.6351,8.4094
Bijan Robinson,Bryce Lance,Charlie Woerner,Chris Olave,Michael Penix Jr.,Tyler Shough,28,1,-9.1492,5.0293
Bijan Robinson,Bryce Lance,Devaughn Vele,Falcons,Michael Penix Jr.,Tyler Shough,28,1,-8.2142,12.8101
Drake London,Alvin Kamara,Bijan Robinson,Bryce Lance,Daniel Carlson,Michael Penix Jr.,28,1,-8.462,9.9989
Tyler Shough,Alvin Kamara,Chris Olave,Juwan Johnson,Kendre Miller,Nick Folk,28,1,-8.9684,6.0256
Michael Penix Jr.,Bijan Robinson,Bryce Lance,Chris Olave,Olamide Zaccheaus,Tyler Shough,28,1,-8.9863,5.9189
Juwan Johnson,Bijan Robinson,Bryce Lance,Drake London,Kendre Miller,Tyler Shough,28,1,-8.4881,9.7412
Drake London,Bijan Robinson,Bryce Lance,Juwan Johnson,Kendre Miller,Michael Penix Jr.,28,1,-8.7191,7.7316
Alvin Kamara,Bijan Robinson,Brian Robinson Jr.,Chris Olave,Jahan Dotson,Tyler Shough,27,1,-8.6553,8.2411
Bijan Robinson,Alvin Kamara,Brian Robinson Jr.,Devaughn Vele,Falcons,Tyler Shough,27,1,-8.6511,8.2762
Bijan Robinson,Brian Robinson Jr.,Bryce Lance,Juwan Johnson,Michael Penix Jr.,Tyler Shough,27,1,-7.2545,33.4466
Tyler Shough,Bijan Robinson,Devaughn Vele,Jahan Dotson,Juwan Johnson,Nick Folk,27,1,-8.7958,7.1611
Chris Olave,Bijan Robinson,Falcons,Jahan Dotson,Kyle Pitts Sr.,Tyler Shough,27,1,-8.878,6.5956
Tyler Shough,Alvin Kamara,Bijan Robinson,Juwan Johnson,Michael Penix Jr.,Oscar Delp,27,1,-8.2061,12.9144
Bijan Robinson,Barion Brown,Chris Olave,Drake London,Oscar Delp,Tyler Shough,27,1,-10.127,1.8917
Chris Olave,Bijan Robinson,Daniel Carlson,Juwan Johnson,Treyton Welch,Tyler Shough,27,1,-10.0313,2.0817
Juwan Johnson,Bijan Robinson,Chris Olave,Nick Folk,Oscar Delp,Tyler Shough,27,1,-8.3359,11.3424
Bijan Robinson,Daniel Carlson,Drake London,Jahan Dotson,Kendre Miller,Michael Penix Jr.,27,1,-9.0474,5.5678
Chris Olave,Austin Hooper,Bijan Robinson,Michael Penix Jr.,Oscar Delp,Tyler Shough,27,1,-8.4048,10.5866
Drake London,Barion Brown,Bijan Robinson,CJ Donaldson,Chris Olave,Tyler Shough,27,1,-11.552,0.455
Devaughn Vele,Bijan Robinson,Bryce Lance,Kyle Pitts Sr.,Michael Penix Jr.,Tyler Shough,27,1,-9.1191,5.1829
Tyler Shough,Austin Hooper,Bijan Robinson,Devaughn Vele,Juwan Johnson,Kyle Pitts Sr.,27,1,-9.2826,4.4008
Chris Olave,Bijan Robinson,Daniel Carlson,Kendre Miller,Tyler Shough,Zachariah Branch,27,1,-9.8869,2.4049
Drake London,Bijan Robinson,Bryce Lance,Michael Penix Jr.,Tyler Shough,Zachariah Branch,27,1,-9.2209,4.6811
Drake London,Chris Olave,Daniel Carlson,Kevin Austin Jr.,Michael Penix Jr.,Tyler Shough,27,1,-9.9095,2.3513
Brian Robinson Jr.,Austin Hooper,Bijan Robinson,Chris Olave,Michael Penix Jr.,Tyler Shough,26,1,-9.7218,2.8368
Alvin Kamara,Bijan Robinson,Brian Robinson Jr.,Kendre Miller,Michael Penix Jr.,Tyler Shough,26,1,-9.2904,4.3667
Devaughn Vele,Bijan Robinson,Brian Robinson Jr.,Chris Olave,Olamide Zaccheaus,Tyler Shough,26,1,-9.254,4.5286
Bijan Robinson,Brian Robinson Jr.,Chris Olave,Daniel Carlson,Falcons,Michael Penix Jr.,26,1,-8.3866,10.7815
Bijan Robinson,Brian Robinson Jr.,Daniel Carlson,Drake London,Falcons,Tyler Shough,26,1,-8.1391,13.8089
Tyler Shough,Brian Robinson Jr.,Chris Olave,Daniel Carlson,Devaughn Vele,Juwan Johnson,26,1,-8.3721,10.9394
Bijan Robinson,Austin Hooper,CJ Donaldson,Chris Olave,Juwan Johnson,Tyler Shough,26,1,-9.053,5.5372
Daniel Carlson,Alvin Kamara,Bijan Robinson,Michael Penix Jr.,Nick Folk,Tyler Shough,26,1,-10.4501,1.3693
Tyler Shough,Bijan Robinson,Bryce Lance,CJ Donaldson,Chris Olave,Michael Penix Jr.,26,1,-8.7503,7.4939
Drake London,Bijan Robinson,Bryce Lance,Chris Olave,Kevin Austin Jr.,Tyler Shough,26,1,-9.3377,4.1651
Tyler Shough,Bijan Robinson,Bryce Lance,Chris Olave,Daniel Carlson,Kyle Pitts Sr.,26,1,-7.9772,16.236
Chris Olave,Austin Hooper,Bijan Robinson,Nick Folk,Saints,Tyler Shough,26,1,-9.4057,3.8912
Juwan Johnson,Austin Hooper,Bijan Robinson,Michael Penix Jr.,Nick Folk,Tyler Shough,26,1,-8.9398,6.2008
Tyler Shough,Alvin Kamara,Bryce Lance,Drake London,Juwan Johnson,Michael Penix Jr.,26,1,-8.1211,14.0593
Tyler Shough,Alvin Kamara,Chris Olave,Juwan Johnson,Kyle Pitts Sr.,Saints,26,1,-9.451,3.7191
Tyler Shough,Bryce Lance,Chris Olave,Devaughn Vele,Drake London,Kendre Miller,26,1,-8.7366,7.5976
Tyler Shough,Bijan Robinson,Bryce Lance,Drake London,Juwan Johnson,Saints,26,1,-8.5285,9.3556
Bijan Robinson,Alvin Kamara,Brian Robinson Jr.,Devaughn Vele,Juwan Johnson,Kyle Pitts Sr.,25,1,-9.1228,5.1636
Alvin Kamara,Austin Hooper,Bijan Robinson,Brian Robinson Jr.,Chris Olave,Tyler Shough,25,1,-8.9915,5.888
Alvin Kamara,Austin Hooper,Bijan Robinson,Brian Robinson Jr.,Chris Olave,Drake London,25,1,-9.5469,3.3788
Kyle Pitts Sr.,Bijan Robinson,Brian Robinson Jr.,Chris Olave,Kendre Miller,Tyler Shough,25,1,-9.2465,4.5629
Chris Olave,Alvin Kamara,Bijan Robinson,Charlie Woerner,Daniel Carlson,Tyler Shough,25,1,-9.9835,2.1834
Juwan Johnson,Bijan Robinson,Brian Robinson Jr.,Drake London,Falcons,Tyler Shough,25,1,-8.5811,8.876
Drake London,Bijan Robinson,Brian Robinson Jr.,Daniel Carlson,Michael Penix Jr.,Nick Folk,25,1,-8.8092,7.0658
Chris Olave,Brian Robinson Jr.,Daniel Carlson,Drake London,Nick Folk,Tyler Shough,25,1,-8.3402,11.2933
Juwan Johnson,Austin Hooper,Bijan Robinson,Chris Olave,Drake London,Jahan Dotson,25,1,-9.1905,4.8257
Bijan Robinson,Chris Blair,Chris Olave,Drake London,Oscar Delp,Tyler Shough,25,1,-9.68,2.9577
Bijan Robinson,Bryce Lance,Daniel Carlson,Devaughn Vele,Juwan Johnson,Tyler Shough,25,1,-7.7078,21.2566
Tyler Shough,Bijan Robinson,Charlie Woerner,Chris Olave,Daniel Carlson,Juwan Johnson,25,1,-9.7267,2.8228
Juwan Johnson,Bijan Robinson,Devaughn Vele,Michael Penix Jr.,Oscar Delp,Tyler Shough,25,1,-8.6478,8.3035
Tyler Shough,Alvin Kamara,Bryce Lance,Devaughn Vele,Drake London,Michael Penix Jr.,25,1,-8.5679,8.9942
Drake London,Bijan Robinson,Chris Olave,Olamide Zaccheaus,Oscar Delp,Tyler Shough,25,1,-8.4647,9.9711
Tyler Shough,Chris Olave,Drake London,Michael Penix Jr.,Nick Folk,Oscar Delp,25,1,-8.4575,10.044
Saints,Bijan Robinson,Chris Olave,Falcons,Juwan Johnson,Tyler Shough,25,1,-9.6585,3.0221
Juwan Johnson,Alvin Kamara,Bijan Robinson,Brian Robinson Jr.,Chris Olave,Nick Folk,24,1,-8.8419,6.838
Bijan Robinson,Austin Hooper,Brian Robinson Jr.,Devaughn Vele,Juwan Johnson,Michael Penix Jr.,24,1,-9.0758,5.4122
Bijan Robinson,Chris Olave,Devaughn Vele,Jahan Dotson,Oscar Delp,Tyler Shough,24,1,-8.1244,14.014
Alvin Kamara,Bijan Robinson,Daniel Carlson,Devaughn Vele,Nick Folk,Tyler Shough,24,1,-9.4133,3.862
Bijan Robinson,Alvin Kamara,Bryce Lance,Devaughn Vele,Nick Folk,Tyler Shough,24,1,-8.2276,12.6399
Chris Olave,Brian Robinson Jr.,Devaughn Vele,Juwan Johnson,Kendre Miller,Tyler Shough,24,1,-8.8861,6.5428
Drake London,Bijan Robinson,Brian Robinson Jr.,Kevin Austin Jr.,Michael Penix Jr.,Tyler Shough,24,1,-9.8466,2.5038
Chris Olave,Bijan Robinson,Jahan Dotson,Michael Penix Jr.,Treyton Welch,Tyler Shough,24,1,-10.3185,1.562
Devaughn Vele,Bijan Robinson,Daniel Carlson,Jahan Dotson,Michael Penix Jr.,Tyler Shough,24,1,-9.1422,5.0643
Drake London,Austin Hooper,Bijan Robinson,Brian Robinson Jr.,Juwan Johnson,Michael Penix Jr.,24,1,-8.9291,6.267
Bijan Robinson,Drake London,Falcons,Jahan Dotson,Nick Folk,Tyler Shough,24,1,-8.6562,8.2339
Kyle Pitts Sr.,Bijan Robinson,Devaughn Vele,Jahan Dotson,Michael Penix Jr.,Tyler Shough,24,1,-9.5217,3.4652
Bijan Robinson,Alvin Kamara,Daniel Carlson,Kendre Miller,Kyle Pitts Sr.,Tyler Shough,24,1,-8.8753,6.6138
Drake London,Bijan Robinson,Chris Olave,Jahan Dotson,Michael Penix Jr.,Treyton Welch,24,1,-10.8319,0.9348
Chris Olave,Devaughn Vele,Jahan Dotson,Juwan Johnson,Kyle Pitts Sr.,Tyler Shough,24,1,-9.0001,5.8379
Chris Olave,Bijan Robinson,Bryce Lance,Drake London,Treyton Welch,Tyler Shough,24,1,-9.8726,2.4397
Tyler Shough,Austin Hooper,Bijan Robinson,Devaughn Vele,Juwan Johnson,Nick Folk,24,1,-9.132,5.1163
Bijan Robinson,Drake London,Juwan Johnson,Michael Penix Jr.,Nick Folk,Oscar Delp,24,1,-8.5377,9.2692
Drake London,Alvin Kamara,Bijan Robinson,Daniel Carlson,Michael Penix Jr.,Olamide Zaccheaus,24,1,-9.346,4.1306
Juwan Johnson,Bijan Robinson,Jahan Dotson,Kendre Miller,Michael Penix Jr.,Tyler Shough,24,1,-8.934,6.2366
Drake London,Bijan Robinson,Bryce Lance,Charlie Woerner,Chris Olave,Tyler Shough,24,1,-9.4863,3.59
Drake London,Austin Hooper,Bijan Robinson,Chris Olave,Michael Penix Jr.,Oscar Delp,24,1,-8.9182,6.3357
Chris Olave,Bijan Robinson,Daniel Carlson,Kendre Miller,Olamide Zaccheaus,Tyler Shough,24,1,-9.0014,5.8304
Drake London,Bijan Robinson,Bryce Lance,Daniel Carlson,Juwan Johnson,Michael Penix Jr.,24,1,-8.1654,13.4507
Tyler Shough,Chris Olave,Daniel Carlson,Juwan Johnson,Kyle Pitts Sr.,Nick Folk,24,1,-8.8093,7.0648
Chris Olave,Austin Hooper,Bryce Lance,Drake London,Michael Penix Jr.,Tyler Shough,24,1,-8.3199,11.5251
Bijan Robinson,Brian Robinson Jr.,Chris Olave,Drake London,Falcons,Jahan Dotson,23,1,-8.662,8.1862
Bijan Robinson,Brian Robinson Jr.,Chris Olave,Nick Folk,Olamide Zaccheaus,Tyler Shough,23,1,-8.2734,12.0742
Michael Penix Jr.,Alvin Kamara,Bijan Robinson,Brian Robinson Jr.,Drake London,Falcons,23,1,-10.1164,1.9117
Bijan Robinson,Brian Robinson Jr.,Drake London,Juwan Johnson,Michael Penix Jr.,Olamide Zaccheaus,23,1,-8.6939,7.9288
Bijan Robinson,Chris Olave,Jahan Dotson,Juwan Johnson,Oscar Delp,Tyler Shough,23,1,-7.6777,21.9059
Tyler Shough,Bijan Robinson,Chris Olave,Jahan Dotson,Michael Penix Jr.,Oscar Delp,23,1,-8.1083,14.2406
Bijan Robinson,Daniel Carlson,Jahan Dotson,Michael Penix Jr.,Nick Folk,Tyler Shough,23,1,-8.1616,13.5024
Bijan Robinson,Alvin Kamara,Drake London,Kendre Miller,Oscar Delp,Tyler Shough,23,1,-8.5605,9.0608
Bijan Robinson,Austin Hooper,Drake London,Jahan Dotson,Juwan Johnson,Michael Penix Jr.,23,1,-8.8369,6.8723
Chris Olave,Bijan Robinson,CJ Donaldson,Chris Blair,Drake London,Tyler Shough,23,1,-11.1471,0.6821
Chris Olave,Bijan Robinson,CJ Donaldson,Drake London,Kevin Austin Jr.,Tyler Shough,23,1,-10.9538,0.8275
Nick Folk,Bijan Robinson,Bryce Lance,Chris Olave,Juwan Johnson,Tyler Shough,23,1,-9.5309,3.4334
Tyler Shough,Chris Olave,Daniel Carlson,Devaughn Vele,Jahan Dotson,Michael Penix Jr.,23,1,-8.6288,8.4624
Drake London,Bijan Robinson,Jahan Dotson,Michael Penix Jr.,Oscar Delp,Tyler Shough,23,1,-8.3834,10.8159
Kyle Pitts Sr.,Alvin Kamara,Devaughn Vele,Juwan Johnson,Michael Penix Jr.,Tyler Shough,23,1,-9.7128,2.8624
Tyler Shough,Bijan Robinson,Chris Olave,Drake London,Kevin Austin Jr.,Olamide Zaccheaus,23,1,-10.3034,1.5856
Tyler Shough,Chris Olave,Devaughn Vele,Juwan Johnson,Michael Penix Jr.,Oscar Delp,23,1,-8.4496,10.1234
Juwan Johnson,Bijan Robinson,Bryce Lance,Daniel Carlson,Drake London,Tyler Shough,23,1,-7.9344,16.9469
Tyler Shough,Bijan Robinson,Bryce Lance,Devaughn Vele,Drake London,Saints,23,1,-8.9752,5.9851
Chris Olave,Bryce Lance,Daniel Carlson,Drake London,Juwan Johnson,Tyler Shough,23,1,-7.6965,21.4982
Drake London,Chris Olave,Michael Penix Jr.,Nick Folk,Treyton Welch,Tyler Shough,23,1,-10.6256,1.1489
Drake London,Falcons,Juwan Johnson,Michael Penix Jr.,Nick Folk,Tyler Shough,23,1,-8.8997,6.4545
Chris Olave,Bijan Robinson,Brian Robinson Jr.,Chris Blair,Juwan Johnson,Tyler Shough,22,1,-9.7621,2.7245
Drake London,Bijan Robinson,Brian Robinson Jr.,Jahan Dotson,Juwan Johnson,Michael Penix Jr.,22,1,-8.5929,8.7716
Tyler Shough,Austin Hooper,Bijan Robinson,Brian Robinson Jr.,Chris Olave,Nick Folk,22,1,-8.5903,8.7946
Kyle Pitts Sr.,Alvin Kamara,Bijan Robinson,Bryce Lance,Chris Olave,Tyler Shough,22,1,-8.5688,8.9856
Juwan Johnson,Bijan Robinson,Chris Olave,Falcons,Jahan Dotson,Tyler Shough,22,1,-8.5181,9.4531
Juwan Johnson,Brian Robinson Jr.,Chris Olave,Michael Penix Jr.,Nick Folk,Tyler Shough,22,1,-8.4031,10.6054
Drake London,Alvin Kamara,Bijan Robinson,Bryce Lance,Chris Olave,Falcons,22,1,-8.5998,8.7117
Bijan Robinson,CJ Donaldson,Chris Olave,Drake London,Treyton Welch,Tyler Shough,22,1,-11.0187,0.7755
Drake London,Bijan Robinson,Brian Robinson Jr.,Kendre Miller,Michael Penix Jr.,Nick Folk,22,1,-9.3629,4.0615
Bijan Robinson,Charlie Woerner,Drake London,Jahan Dotson,Michael Penix Jr.,Tyler Shough,22,1,-9.903,2.3665
Bijan Robinson,Austin Hooper,Jahan Dotson,Juwan Johnson,Michael Penix Jr.,Tyler Shough,22,1,-8.2815,11.9758
Tyler Shough,Alvin Kamara,Chris Olave,Devaughn Vele,Juwan Johnson,Zachariah Branch,22,1,-10.0177,2.1101
Bijan Robinson,CJ Donaldson,Daniel Carlson,Juwan Johnson,Michael Penix Jr.,Tyler Shough,22,1,-8.7981,7.1442
Kyle Pitts Sr.,Bijan Robinson,Jahan Dotson,Juwan Johnson,Michael Penix Jr.,Tyler Shough,22,1,-9.075,5.4165
Chris Olave,Alvin Kamara,Bryce Lance,Daniel Carlson,Drake London,Tyler Shough,22,1,-7.993,15.9813
Drake London,Bijan Robinson,Bryce Lance,CJ Donaldson,Chris Olave,Michael Penix Jr.,22,1,-9.224,4.6665
Chris Olave,Alvin Kamara,Drake London,Kendre Miller,Olamide Zaccheaus,Tyler Shough,22,1,-9.4308,3.7949
Bijan Robinson,Drake London,Falcons,Juwan Johnson,Michael Penix Jr.,Olamide Zaccheaus,22,1,-9.2069,4.7469
Juwan Johnson,Bijan Robinson,Drake London,Nick Folk,Olamide Zaccheaus,Tyler Shough,22,1,-9.0417,5.6001
Juwan Johnson,Devaughn Vele,Drake London,Michael Penix Jr.,Olamide Zaccheaus,Tyler Shough,22,1,-9.4469,3.7344
Bijan Robinson,Alvin Kamara,Brian Robinson Jr.,Jahan Dotson,Juwan Johnson,Tyler Shough,21,1,-7.9851,16.1078
Chris Olave,Austin Hooper,Bijan Robinson,Brian Robinson Jr.,Devaughn Vele,Juwan Johnson,21,1,-9.0981,5.2927
Kyle Pitts Sr.,Alvin Kamara,Bijan Robinson,Brian Robinson Jr.,Michael Penix Jr.,Tyler Shough,21,1,-9.0777,5.4016
Michael Penix Jr.,Bijan Robinson,Brian Robinson Jr.,Chris Olave,Oscar Delp,Tyler Shough,21,1,-8.7406,7.5676
Bijan Robinson,Brian Robinson Jr.,Falcons,Kyle Pitts Sr.,Michael Penix Jr.,Tyler Shough,21,1,-8.5619,9.0478
Jahan Dotson,Bijan Robinson,Chris Olave,Juwan Johnson,Kyle Pitts Sr.,Tyler Shough,21,1,-10.1737,1.8054
Alvin Kamara,Bijan Robinson,Daniel Carlson,Drake London,Juwan Johnson,Nick Folk,21,1,-9.5219,3.4642
Bijan Robinson,Brian Robinson Jr.,Drake London,Falcons,Kendre Miller,Michael Penix Jr.,21,1,-9.2971,4.3376
Bijan Robinson,Chris Olave,Falcons,Jahan Dotson,Kendre Miller,Tyler Shough,21,1,-8.6298,8.4536
Devaughn Vele,Alvin Kamara,Bijan Robinson,Daniel Carlson,Kendre Miller,Tyler Shough,21,1,-9.7053,2.884
Devaughn Vele,Bijan Robinson,Chris Olave,Nick Folk,Oscar Delp,Tyler Shough,21,1,-9.0978,5.2942
Bijan Robinson,Alvin Kamara,Devaughn Vele,Falcons,Saints,Tyler Shough,21,1,-9.5062,3.5192
Bijan Robinson,Drake London,Jahan Dotson,Michael Penix Jr.,Treyton Welch,Tyler Shough,21,1,-10.2473,1.6773
Chris Olave,Brian Robinson Jr.,Drake London,Kendre Miller,Nick Folk,Tyler Shough,21,1,-8.8939,6.4915
Bijan Robinson,Jahan Dotson,Kendre Miller,Michael Penix Jr.,Nick Folk,Tyler Shough,21,1,-8.7153,7.7613
Juwan Johnson,Bijan Robinson,Jahan Dotson,Michael Penix Jr.,Nick Folk,Tyler Shough,21,1,-8.6035,8.679
Juwan Johnson,Bijan Robinson,CJ Donaldson,Chris Olave,Daniel Carlson,Tyler Shough,21,1,-9.1517,5.0166
Michael Penix Jr.,Alvin Kamara,Bijan Robinson,Bryce Lance,Drake London,Kyle Pitts Sr.,21,1,-9.8436,2.5114
Chris Olave,Austin Hooper,Bijan Robinson,Bryce Lance,Drake London,Juwan Johnson,21,1,-8.4622,9.9963
Saints,Alvin Kamara,Bijan Robinson,Devaughn Vele,Juwan Johnson,Tyler Shough,21,1,-9.9837,2.183
Drake London,Brian Robinson Jr.,Daniel Carlson,Juwan Johnson,Michael Penix Jr.,Tyler Shough,21,1,-8.1634,13.4778
Devaughn Vele,Bijan Robinson,Bryce Lance,Chris Olave,Saints,Tyler Shough,21,1,-9.2251,4.6614
Tyler Shough,Bijan Robinson,Bryce Lance,Devaughn Vele,Juwan Johnson,Kyle Pitts Sr.,21,1,-8.5494,9.1619
Austin Hooper,Bijan Robinson,Chris Olave,Juwan Johnson,Nick Folk,Tyler Shough,21,1,-10.2672,1.6441
Devaughn Vele,Bijan Robinson,Bryce Lance,Drake London,Kendre Miller,Tyler Shough,21,1,-9.25,4.5468
Falcons,Bijan Robinson,Bryce Lance,Chris Olave,Drake London,Tyler Shough,21,1,-9.171,4.9204
Tyler Shough,Alvin Kamara,Chris Olave,Devaughn Vele,Kyle Pitts Sr.,Saints,21,1,-9.8977,2.3792
Alvin Kamara,Daniel Carlson,Drake London,Kyle Pitts Sr.,Michael Penix Jr.,Tyler Shough,21,1,-9.5303,3.4355
Bijan Robinson,Austin Hooper,Chris Olave,Daniel Carlson,Saints,Tyler Shough,21,1,-8.7545,7.4631
Tyler Shough,Austin Hooper,Bijan Robinson,Chris Olave,Daniel Carlson,Kendre Miller,21,1,-8.8903,6.5153
Michael Penix Jr.,Bijan Robinson,Bryce Lance,Drake London,Juwan Johnson,Nick Folk,21,1,-9.3964,3.9277
Tyler Shough,Austin Hooper,Chris Olave,Devaughn Vele,Juwan Johnson,Nick Folk,21,1,-9.2253,4.6604
Saints,Bijan Robinson,CJ Donaldson,Chris Olave,Drake London,Tyler Shough,21,1,-10.5304,1.2637
Drake London,Jahan Dotson,Juwan Johnson,Kyle Pitts Sr.,Michael Penix Jr.,Tyler Shough,21,1,-8.8311,6.9126
Bijan Robinson,Alvin Kamara,Brian Robinson Jr.,Chris Olave,Drake London,Oscar Delp,20,1,-8.2358,12.536
Tyler Shough,Bijan Robinson,Brian Robinson Jr.,CJ Donaldson,Chris Olave,Devaughn Vele,20,1,-9.3373,4.1666
Tyler Shough,Alvin Kamara,Bijan Robinson,Bryce Lance,Chris Olave,Jahan Dotson,20,1,-7.9069,17.4192
Bijan Robinson,Alvin Kamara,Chris Olave,Falcons,Oscar Delp,Tyler Shough,20,1,-8.1935,13.0787
Brian Robinson Jr.,Chris Olave,Daniel Carlson,Drake London,Michael Penix Jr.,Tyler Shough,20,1,-9.5114,3.501
Bijan Robinson,Devaughn Vele,Falcons,Kyle Pitts Sr.,Nick Folk,Tyler Shough,20,1,-9.2384,4.5997
Falcons,Bijan Robinson,Chris Olave,Drake London,Jahan Dotson,Michael Penix Jr.,20,1,-10.1724,1.8077
Bijan Robinson,Bryce Lance,Chris Olave,Falcons,Kyle Pitts Sr.,Tyler Shough,20,1,-8.053,15.0511
Kyle Pitts Sr.,Bijan Robinson,CJ Donaldson,Chris Olave,Juwan Johnson,Tyler Shough,20,1,-9.8464,2.5044
Bijan Robinson,Devaughn Vele,Falcons,Kyle Pitts Sr.,Michael Penix Jr.,Nick Folk,20,1,-9.8427,2.5136
Drake London,Bijan Robinson,Devaughn Vele,Nick Folk,Oscar Delp,Tyler Shough,20,1,-8.7662,7.3763
Bijan Robinson,CJ Donaldson,Drake London,Michael Penix Jr.,Olamide Zaccheaus,Tyler Shough,20,1,-9.5235,3.4589
Tyler Shough,Bijan Robinson,Bryce Lance,Chris Olave,Drake London,Treyton Welch,20,1,-9.9123,2.3447
Juwan Johnson,Bijan Robinson,Chris Olave,Drake London,Kyle Pitts Sr.,Oscar Delp,20,1,-9.0419,5.5985
Bijan Robinson,Daniel Carlson,Drake London,Falcons,Juwan Johnson,Nick Folk,20,1,-8.9732,5.9966
Drake London,Brian Robinson Jr.,Juwan Johnson,Kendre Miller,Michael Penix Jr.,Tyler Shough,20,1,-8.7171,7.7471
Bijan Robinson,Bryce Lance,Drake London,Falcons,Juwan Johnson,Michael Penix Jr.,20,1,-8.3229,11.4907
Tyler Shough,Alvin Kamara,Bijan Robinson,Juwan Johnson,Kendre Miller,Saints,20,1,-9.5374,3.411
Alvin Kamara,Drake London,Kendre Miller,Kyle Pitts Sr.,Michael Penix Jr.,Tyler Shough,20,1,-10.084,1.9747
Juwan Johnson,Bijan Robinson,Devaughn Vele,Nick Folk,Saints,Tyler Shough,20,1,-9.6486,3.052
Tyler Shough,Chris Olave,Daniel Carlson,Devaughn Vele,Drake London,Olamide Zaccheaus,20,1,-9.0669,5.4603
Chris Olave,Bryce Lance,Drake London,Juwan Johnson,Kendre Miller,Tyler Shough,20,1,-8.2502,12.3573
Kyle Pitts Sr.,Drake London,Juwan Johnson,Kendre Miller,Michael Penix Jr.,Tyler Shough,20,1,-9.7546,2.7453
Drake London,Chris Olave,Daniel Carlson,Kendre Miller,Saints,Tyler Shough,20,1,-9.4838,3.5988
Cooper Rush,Alvin Kamara,Jack Strand,Kyle Pitts Sr.,Nick Folk,Spencer Rattler,20,1,-27.9637,0.0
Alvin Kamara,Bijan Robinson,Brian Robinson Jr.,Chris Olave,Drake London,Jahan Dotson,19,1,-9.2107,4.7291
Chris Olave,Alvin Kamara,Bijan Robinson,Brian Robinson Jr.,CJ Donaldson,Tyler Shough,19,1,-9.1475,5.0377
Bijan Robinson,Brian Robinson Jr.,Bryce Lance,Chris Olave,Drake London,Nick Folk,19,1,-7.9447,16.7722
Bijan Robinson,Alvin Kamara,Brian Robinson Jr.,Juwan Johnson,Saints,Tyler Shough,19,1,-8.5465,9.1885
Juwan Johnson,Bijan Robinson,Brian Robinson Jr.,Chris Olave,Tyler Shough,Zachariah Branch,19,1,-9.3776,4.0021
Chris Olave,Bijan Robinson,Brian Robinson Jr.,Bryce Lance,Kyle Pitts Sr.,Tyler Shough,19,1,-7.968,16.3866
Chris Olave,Alvin Kamara,Bijan Robinson,Daniel Carlson,Treyton Welch,Tyler Shough,19,1,-10.3278,1.5475
Bijan Robinson,Brian Robinson Jr.,Daniel Carlson,Kendre Miller,Michael Penix Jr.,Tyler Shough,19,1,-8.1982,13.0163
Alvin Kamara,Bijan Robinson,Chris Olave,Daniel Carlson,Drake London,Olamide Zaccheaus,19,1,-9.6672,2.9958
Chris Olave,Alvin Kamara,Austin Hooper,Bijan Robinson,Bryce Lance,Tyler Shough,19,1,-8.2034,12.9495
Bijan Robinson,Alvin Kamara,Juwan Johnson,Kyle Pitts Sr.,Olamide Zaccheaus,Tyler Shough,19,1,-8.8156,7.0207
Drake London,Bijan Robinson,Bryce Lance,Chris Olave,Jahan Dotson,Juwan Johnson,19,1,-8.084,14.5915
Bijan Robinson,Chris Olave,Daniel Carlson,Nick Folk,Oscar Delp,Tyler Shough,19,1,-7.8939,17.6461
Bijan Robinson,Chris Olave,Daniel Carlson,Falcons,Juwan Johnson,Nick Folk,19,1,-8.6164,8.5677
Bijan Robinson,Chris Olave,Drake London,Kevin Austin Jr.,Oscar Delp,Tyler Shough,19,1,-9.4868,3.5882
Bijan Robinson,Charlie Woerner,Chris Olave,Drake London,Oscar Delp,Tyler Shough,19,1,-9.6354,3.0928
Juwan Johnson,Alvin Kamara,Bijan Robinson,Kendre Miller,Nick Folk,Tyler Shough,19,1,-9.1666,4.9424
Bijan Robinson,Chris Olave,Drake London,Oscar Delp,Treyton Welch,Tyler Shough,19,1,-9.9796,2.192
Bijan Robinson,Chris Olave,Drake London,Falcons,Juwan Johnson,Oscar Delp,19,1,-8.4523,10.096
Bijan Robinson,Alvin Kamara,Falcons,Juwan Johnson,Saints,Tyler Shough,19,1,-9.0595,5.5011
Alvin Kamara,Bijan Robinson,Daniel Carlson,Michael Penix Jr.,Saints,Tyler Shough,19,1,-9.5919,3.2303
Bijan Robinson,Juwan Johnson,Michael Penix Jr.,Nick Folk,Oscar Delp,Tyler Shough,19,1,-7.9823,16.1527
Daniel Carlson,Austin Hooper,Bijan Robinson,Chris Olave,Juwan Johnson,Tyler Shough,19,1,-10.1851,1.7848
Drake London,Alvin Kamara,Devaughn Vele,Michael Penix Jr.,Oscar Delp,Tyler Shough,19,1,-9.0212,5.7157
Olamide Zaccheaus,Bijan Robinson,Chris Olave,Kyle Pitts Sr.,Michael Penix Jr.,Tyler Shough,19,1,-11.1864,0.6557
Tyler Shough,Bijan Robinson,Bryce Lance,Chris Olave,Kendre Miller,Kyle Pitts Sr.,19,1,-8.5309,9.3326
Juwan Johnson,Chris Olave,Daniel Carlson,Devaughn Vele,Nick Folk,Tyler Shough,19,1,-8.8564,6.7401
Falcons,Bijan Robinson,Chris Olave,Devaughn Vele,Drake London,Saints,19,1,-11.2175,0.6357
Michael Penix Jr.,Austin Hooper,Bijan Robinson,Daniel Carlson,Juwan Johnson,Tyler Shough,19,1,-9.351,4.11
Michael Penix Jr.,Bijan Robinson,Drake London,Falcons,Kendre Miller,Kyle Pitts Sr.,19,1,-11.0343,0.7635
Drake London,Bijan Robinson,Michael Penix Jr.,Oscar Delp,Saints,Tyler Shough,19,1,-8.9448,6.1698
Tyler Shough,Daniel Carlson,Devaughn Vele,Drake London,Juwan Johnson,Kendre Miller,19,1,-9.2521,4.5373
Devaughn Vele,Bijan Robinson,Brian Robinson Jr.,Bryce Lance,Chris Olave,Drake London,18,1,-8.9254,6.2907
Juwan Johnson,Bijan Robinson,Brian Robinson Jr.,Drake London,Jahan Dotson,Tyler Shough,18,1,-8.3619,11.0515
Bijan Robinson,Austin Hooper,Brian Robinson Jr.,Chris Olave,Kyle Pitts Sr.,Michael Penix Jr.,18,1,-8.8775,6.599
Drake London,Bijan Robinson,Brian Robinson Jr.,Bryce Lance,Juwan Johnson,Tyler Shough,18,1,-7.5916,23.8751
Chris Olave,Bijan Robinson,Brian Robinson Jr.,Falcons,Saints,Tyler Shough,18,1,-9.0959,5.3042
Chris Olave,Brian Robinson Jr.,CJ Donaldson,Drake London,Michael Penix Jr.,Tyler Shough,18,1,-9.264,4.4836
Juwan Johnson,Austin Hooper,Bijan Robinson,Brian Robinson Jr.,Drake London,Tyler Shough,18,1,-8.6981,7.8959
Alvin Kamara,Bijan Robinson,Juwan Johnson,Kendre Miller,Nick Folk,Tyler Shough,18,1,-9.5203,3.47
Daniel Carlson,Bijan Robinson,Chris Olave,Jahan Dotson,Juwan Johnson,Tyler Shough,18,1,-9.8489,2.498
Devaughn Vele,Brian Robinson Jr.,Drake London,Kyle Pitts Sr.,Michael Penix Jr.,Tyler Shough,18,1,-9.6725,2.9802
Bijan Robinson,Devaughn Vele,Michael Penix Jr.,Nick Folk,Oscar Delp,Tyler Shough,18,1,-8.429,10.3335
Bijan Robinson,Barion Brown,CJ Donaldson,Chris Olave,Michael Penix Jr.,Tyler Shough,18,1,-11.2149,0.6373
Bijan Robinson,Chris Olave,Drake London,Kevin Austin Jr.,Treyton Welch,Tyler Shough,18,1,-11.7366,0.3783
Bijan Robinson,Daniel Carlson,Drake London,Falcons,Jahan Dotson,Michael Penix Jr.,18,1,-9.0372,5.6251
Nick Folk,Bijan Robinson,Chris Olave,Juwan Johnson,Olamide Zaccheaus,Tyler Shough,18,1,-10.4149,1.4184
Bijan Robinson,Falcons,Juwan Johnson,Kyle Pitts Sr.,Nick Folk,Tyler Shough,18,1,-8.7917,7.19
Chris Olave,Bijan Robinson,Daniel Carlson,Kyle Pitts Sr.,Oscar Delp,Tyler Shough,18,1,-8.4726,9.8933
Tyler Shough,Bijan Robinson,Bryce Lance,Chris Olave,Daniel Carlson,Nick Folk,18,1,-7.8266,18.8758
Juwan Johnson,Brian Robinson Jr.,Chris Olave,Drake London,Saints,Tyler Shough,18,1,-9.0166,5.7424
Michael Penix Jr.,Bijan Robinson,Bryce Lance,Chris Olave,Tyler Shough,Zachariah Branch,18,1,-9.8718,2.4415
Bijan Robinson,Bryce Lance,Daniel Carlson,Drake London,Kyle Pitts Sr.,Tyler Shough,18,1,-7.8663,18.1404
Tyler Shough,Bijan Robinson,Chris Blair,Chris Olave,Drake London,Olamide Zaccheaus,18,1,-10.4967,1.307
Kyle Pitts Sr.,Alvin Kamara,Chris Olave,Daniel Carlson,Michael Penix Jr.,Tyler Shough,18,1,-9.1406,5.0725
Drake London,Chris Olave,Daniel Carlson,Jahan Dotson,Juwan Johnson,Michael Penix Jr.,18,1,-8.6558,8.2371
Devaughn Vele,Bijan Robinson,Daniel Carlson,Juwan Johnson,Saints,Tyler Shough,18,1,-9.7406,2.7838
Michael Penix Jr.,Bijan Robinson,Bryce Lance,Juwan Johnson,Kyle Pitts Sr.,Tyler Shough,18,1,-8.9916,5.8873
Juwan Johnson,Bijan Robinson,Chris Olave,Olamide Zaccheaus,Saints,Tyler Shough,18,1,-9.3472,4.1256
Tyler Shough,Chris Olave,Juwan Johnson,Kyle Pitts Sr.,Michael Penix Jr.,Olamide Zaccheaus,18,1,-9.043,5.5925
Drake London,Bijan Robinson,Daniel Carlson,Falcons,Kendre Miller,Michael Penix Jr.,18,1,-9.6526,3.0398
Drake London,Bryce Lance,Devaughn Vele,Kyle Pitts Sr.,Michael Penix Jr.,Tyler Shough,18,1,-8.8807,6.5777
Chris Olave,Bijan Robinson,Brian Robinson Jr.,Devaughn Vele,Jahan Dotson,Juwan Johnson,17,1,-8.7619,7.4079
Chris Olave,Alvin Kamara,Brian Robinson Jr.,Devaughn Vele,Nick Folk,Tyler Shough,17,1,-8.8522,6.7685
Chris Olave,Bijan Robinson,Brian Robinson Jr.,Jahan Dotson,Kendre Miller,Tyler Shough,17,1,-8.5448,9.2037
Chris Olave,Alvin Kamara,Brian Robinson Jr.,Daniel Carlson,Devaughn Vele,Tyler Shough,17,1,-8.6289,8.4615
Chris Olave,Alvin Kamara,Brian Robinson Jr.,Juwan Johnson,Nick Folk,Tyler Shough,17,1,-8.4055,10.5801
Tyler Shough,Bijan Robinson,Brian Robinson Jr.,CJ Donaldson,Chris Olave,Juwan Johnson,17,1,-8.8906,6.5129
Bijan Robinson,Austin Hooper,Brian Robinson Jr.,Devaughn Vele,Drake London,Juwan Johnson,17,1,-9.0269,5.6833
Alvin Kamara,Bijan Robinson,CJ Donaldson,Chris Olave,Kyle Pitts Sr.,Tyler Shough,17,1,-10.1758,1.8015
Bijan Robinson,Alvin Kamara,Jahan Dotson,Juwan Johnson,Kyle Pitts Sr.,Michael Penix Jr.,17,1,-8.9328,6.2438
Juwan Johnson,Alvin Kamara,Brian Robinson Jr.,Devaughn Vele,Drake London,Tyler Shough,17,1,-8.9997,5.8402
Drake London,Bijan Robinson,Brian Robinson Jr.,Bryce Lance,Devaughn Vele,Tyler Shough,17,1,-8.0383,15.2737
Bijan Robinson,Alvin Kamara,Bryce Lance,Daniel Carlson,Devaughn Vele,Tyler Shough,17,1,-8.0043,15.8017
Chris Olave,Brian Robinson Jr.,Bryce Lance,Devaughn Vele,Drake London,Tyler Shough,17,1,-8.1736,13.3403
Michael Penix Jr.,Bijan Robinson,Brian Robinson Jr.,Falcons,Juwan Johnson,Tyler Shough,17,1,-9.2645,4.4815
Chris Olave,Brian Robinson Jr.,Kyle Pitts Sr.,Michael Penix Jr.,Nick Folk,Tyler Shough,17,1,-8.763,7.3995
Jahan Dotson,Bijan Robinson,Chris Olave,Drake London,Falcons,Michael Penix Jr.,17,1,-10.8616,0.9074
Juwan Johnson,Alvin Kamara,Bijan Robinson,CJ Donaldson,Michael Penix Jr.,Tyler Shough,17,1,-9.5367,3.4136
Bijan Robinson,Alvin Kamara,Drake London,Falcons,Olamide Zaccheaus,Tyler Shough,17,1,-8.8992,6.4573
Tyler Shough,Alvin Kamara,Chris Olave,Jahan Dotson,Kyle Pitts Sr.,Michael Penix Jr.,17,1,-8.8526,6.7658
Bijan Robinson,Bryce Lance,CJ Donaldson,Chris Olave,Juwan Johnson,Tyler Shough,17,1,-8.3197,11.5277
Chris Olave,Bijan Robinson,CJ Donaldson,Falcons,Juwan Johnson,Tyler Shough,17,1,-9.364,4.0572
Tyler Shough,Bijan Robinson,Devaughn Vele,Jahan Dotson,Juwan Johnson,Kendre Miller,17,1,-9.1262,5.1459
Michael Penix Jr.,Bijan Robinson,Devaughn Vele,Drake London,Falcons,Jahan Dotson,17,1,-10.5604,1.2264
Bijan Robinson,Daniel Carlson,Devaughn Vele,Juwan Johnson,Olamide Zaccheaus,Tyler Shough,17,1,-8.5918,8.7813
Bijan Robinson,CJ Donaldson,Drake London,Falcons,Juwan Johnson,Tyler Shough,17,1,-9.2927,4.3566
Juwan Johnson,Bijan Robinson,Chris Olave,Kevin Austin Jr.,Kyle Pitts Sr.,Tyler Shough,17,1,-10.2435,1.6835
Tyler Shough,Bijan Robinson,Daniel Carlson,Devaughn Vele,Kyle Pitts Sr.,Nick Folk,17,1,-9.1627,4.9618
Devaughn Vele,Bijan Robinson,Daniel Carlson,Drake London,Olamide Zaccheaus,Tyler Shough,17,1,-9.5803,3.2677
Chris Olave,Alvin Kamara,Daniel Carlson,Drake London,Olamide Zaccheaus,Tyler Shough,17,1,-8.8771,6.602
Tyler Shough,Bijan Robinson,Bryce Lance,Daniel Carlson,Devaughn Vele,Michael Penix Jr.,17,1,-8.1384,13.8186
Bijan Robinson,Bryce Lance,Falcons,Juwan Johnson,Michael Penix Jr.,Tyler Shough,17,1,-7.7675,20.0241
Drake London,Alvin Kamara,Devaughn Vele,Kyle Pitts Sr.,Michael Penix Jr.,Nick Folk,17,1,-10.1147,1.9151
Austin Hooper,Bijan Robinson,Devaughn Vele,Juwan Johnson,Michael Penix Jr.,Tyler Shough,17,1,-10.5791,1.2036
Drake London,Bijan Robinson,CJ Donaldson,Daniel Carlson,Juwan Johnson,Tyler Shough,17,1,-9.1353,5.0997
Austin Hooper,Bijan Robinson,Chris Olave,Drake London,Falcons,Tyler Shough,17,1,-10.5015,1.3007
Juwan Johnson,Chris Olave,Jahan Dotson,Kyle Pitts Sr.,Michael Penix Jr.,Tyler Shough,17,1,-8.8475,6.7999
Daniel Carlson,Bijan Robinson,Chris Olave,Kendre Miller,Nick Folk,Tyler Shough,17,1,-10.6189,1.1567
Juwan Johnson,Chris Olave,Devaughn Vele,Drake London,Oscar Delp,Tyler Shough,17,1,-8.6922,7.9425
Juwan Johnson,Bijan Robinson,Chris Olave,Saints,Tyler Shough,Zachariah Branch,17,1,-10.2328,1.7018
Juwan Johnson,Bijan Robinson,Bryce Lance,Kyle Pitts Sr.,Michael Penix Jr.,Tyler Shough,17,1,-8.3571,11.1039
Juwan Johnson,Alvin Kamara,Devaughn Vele,Drake London,Saints,Tyler Shough,17,1,-9.8548,2.4834
Kyle Pitts Sr.,Bijan Robinson,Drake London,Michael Penix Jr.,Oscar Delp,Tyler Shough,17,1,-9.1271,5.1416
Tyler Shough,Daniel Carlson,Devaughn Vele,Drake London,Juwan Johnson,Nick Folk,17,1,-8.9216,6.3142
Kendre Miller,Bijan Robinson,Bryce Lance,Drake London,Michael Penix Jr.,Tyler Shough,17,1,-9.5664,3.3137
Bijan Robinson,Alvin Kamara,Brian Robinson Jr.,Chris Olave,Daniel Carlson,Kyle Pitts Sr.,16,1,-8.5506,9.1505
Chris Olave,Alvin Kamara,Brian Robinson Jr.,Drake London,Jahan Dotson,Tyler Shough,16,1,-8.4205,10.4218
Alvin Kamara,Bijan Robinson,Brian Robinson Jr.,Daniel Carlson,Michael Penix Jr.,Tyler Shough,16,1,-8.7367,7.5967
Tyler Shough,Bijan Robinson,Brian Robinson Jr.,Chris Olave,Jahan Dotson,Kyle Pitts Sr.,16,1,-8.4047,10.5879
Chris Olave,Bijan Robinson,Brian Robinson Jr.,Devaughn Vele,Oscar Delp,Tyler Shough,16,1,-8.2586,12.2539
Tyler Shough,Brian Robinson Jr.,Chris Olave,Devaughn Vele,Drake London,Jahan Dotson,16,1,-8.6104,8.6196
Tyler Shough,Alvin Kamara,Brian Robinson Jr.,Devaughn Vele,Juwan Johnson,Michael Penix Jr.,16,1,-8.757,7.4439
Chris Olave,Austin Hooper,Bijan Robinson,Brian Robinson Jr.,Daniel Carlson,Tyler Shough,16,1,-8.3273,11.4399
Kyle Pitts Sr.,Bijan Robinson,Brian Robinson Jr.,Chris Olave,Daniel Carlson,Tyler Shough,16,1,-8.6928,7.9381
Bijan Robinson,Brian Robinson Jr.,Juwan Johnson,Michael Penix Jr.,Olamide Zaccheaus,Tyler Shough,16,1,-8.1385,13.8171
Juwan Johnson,Bijan Robinson,Brian Robinson Jr.,Chris Olave,Drake London,Olamide Zaccheaus,16,1,-9.0475,5.5676
Bijan Robinson,Alvin Kamara,Chris Olave,Daniel Carlson,Falcons,Kyle Pitts Sr.,16,1,-9.0636,5.4783
Alvin Kamara,Devaughn Vele,Drake London,Jahan Dotson,Michael Penix Jr.,Tyler Shough,16,1,-9.6101,3.1719
Tyler Shough,Alvin Kamara,Bijan Robinson,Bryce Lance,Chris Olave,Falcons,16,1,-8.1261,13.9901
Chris Olave,Alvin Kamara,Austin Hooper,Bijan Robinson,Olamide Zaccheaus,Tyler Shough,16,1,-9.0874,5.3496
Tyler Shough,Brian Robinson Jr.,Chris Olave,Devaughn Vele,Juwan Johnson,Kendre Miller,16,1,-8.9258,6.2881
Bijan Robinson,Alvin Kamara,Daniel Carlson,Kyle Pitts Sr.,Michael Penix Jr.,Nick Folk,16,1,-9.1491,5.0296
Tyler Shough,Alvin Kamara,Devaughn Vele,Drake London,Jahan Dotson,Juwan Johnson,16,1,-9.0019,5.8269
Chris Olave,Bijan Robinson,Daniel Carlson,Falcons,Jahan Dotson,Tyler Shough,16,1,-8.5041,9.5861
Kyle Pitts Sr.,Alvin Kamara,Bijan Robinson,Chris Olave,Olamide Zaccheaus,Tyler Shough,16,1,-9.4529,3.712
Tyler Shough,Brian Robinson Jr.,Chris Olave,Drake London,Falcons,Juwan Johnson,16,1,-8.3829,10.8214
Austin Hooper,Bijan Robinson,Chris Olave,Drake London,Jahan Dotson,Tyler Shough,16,1,-10.2823,1.6195
Tyler Shough,Alvin Kamara,Bijan Robinson,Bryce Lance,Kyle Pitts Sr.,Michael Penix Jr.,16,1,-8.3622,11.0481
Bijan Robinson,Bryce Lance,Chris Olave,Drake London,Falcons,Nick Folk,16,1,-8.4577,10.0413
Chris Olave,Bijan Robinson,Kyle Pitts Sr.,Nick Folk,Oscar Delp,Tyler Shough,16,1,-8.6958,7.9138
Kyle Pitts Sr.,Bijan Robinson,Bryce Lance,Chris Olave,Devaughn Vele,Michael Penix Jr.,16,1,-9.3232,4.2258
Michael Penix Jr.,Alvin Kamara,Austin Hooper,Bijan Robinson,Daniel Carlson,Drake London,16,1,-10.2029,1.7533
Tyler Shough,Bijan Robinson,Chris Olave,Daniel Carlson,Kyle Pitts Sr.,Zachariah Branch,16,1,-9.7468,2.7666
Juwan Johnson,Chris Olave,Drake London,Jahan Dotson,Nick Folk,Tyler Shough,16,1,-8.648,8.3016
Bijan Robinson,Austin Hooper,Bryce Lance,Drake London,Juwan Johnson,Tyler Shough,16,1,-7.8356,18.7055
Saints,Alvin Kamara,Bijan Robinson,Chris Olave,Falcons,Tyler Shough,16,1,-9.955,2.2466
Tyler Shough,Bijan Robinson,Devaughn Vele,Falcons,Juwan Johnson,Kendre Miller,16,1,-9.3455,4.1329
Drake London,Devaughn Vele,Jahan Dotson,Michael Penix Jr.,Nick Folk,Tyler Shough,16,1,-9.1271,5.1412
Kyle Pitts Sr.,Bijan Robinson,Chris Olave,Juwan Johnson,Michael Penix Jr.,Olamide Zaccheaus,16,1,-9.7606,2.7288
Kendre Miller,Bijan Robinson,Chris Olave,Daniel Carlson,Nick Folk,Tyler Shough,16,1,-9.8599,2.4708
Devaughn Vele,Alvin Kamara,Drake London,Juwan Johnson,Saints,Tyler Shough,16,1,-10.17,1.8119
Kendre Miller,Bijan Robinson,Devaughn Vele,Juwan Johnson,Kyle Pitts Sr.,Tyler Shough,16,1,-10.5827,1.1993
Chris Olave,Bijan Robinson,Bryce Lance,Daniel Carlson,Saints,Tyler Shough,16,1,-8.4492,10.1273
Kyle Pitts Sr.,Bijan Robinson,Daniel Carlson,Drake London,Michael Penix Jr.,Nick Folk,16,1,-9.8466,2.5038
Chris Olave,Daniel Carlson,Juwan Johnson,Kyle Pitts Sr.,Nick Folk,Tyler Shough,16,1,-8.7696,7.351
Michael Penix Jr.,Austin Hooper,Bijan Robinson,Bryce Lance,Drake London,Tyler Shough,16,1,-9.1923,4.817
Drake London,Devaughn Vele,Juwan Johnson,Michael Penix Jr.,Oscar Delp,Tyler Shough,16,1,-8.7247,7.6888
Drake London,Daniel Carlson,Devaughn Vele,Falcons,Michael Penix Jr.,Tyler Shough,16,1,-9.1231,5.162
Falcons,Bijan Robinson,Drake London,Michael Penix Jr.,Saints,Tyler Shough,16,1,-10.5351,1.2577
Drake London,Austin Hooper,Bryce Lance,Chris Olave,Michael Penix Jr.,Tyler Shough,16,1,-8.2779,12.0196
Jahan Dotson,Bijan Robinson,Brian Robinson Jr.,Chris Olave,Michael Penix Jr.,Tyler Shough,15,1,-9.7932,2.6413
Devaughn Vele,Bijan Robinson,Brian Robinson Jr.,Drake London,Jahan Dotson,Tyler Shough,15,1,-9.1238,5.1584
Chris Olave,Bijan Robinson,Brian Robinson Jr.,Daniel Carlson,Drake London,Jahan Dotson,15,1,-8.5465,9.1883
Brian Robinson Jr.,Austin Hooper,Bijan Robinson,Chris Olave,Juwan Johnson,Tyler Shough,15,1,-9.7588,2.7336
Juwan Johnson,Alvin Kamara,Bijan Robinson,Brian Robinson Jr.,Kyle Pitts Sr.,Tyler Shough,15,1,-8.794,7.1738
Tyler Shough,Bijan Robinson,Brian Robinson Jr.,Chris Olave,Devaughn Vele,Oscar Delp,15,1,-8.2983,11.7769
Bijan Robinson,Brian Robinson Jr.,Devaughn Vele,Michael Penix Jr.,Olamide Zaccheaus,Tyler Shough,15,1,-8.5852,8.8393
Chris Olave,Barion Brown,Bijan Robinson,Brian Robinson Jr.,Juwan Johnson,Tyler Shough,15,1,-10.2091,1.7426
Tyler Shough,Bijan Robinson,Brian Robinson Jr.,Chris Olave,Falcons,Nick Folk,15,1,-8.4733,9.8862
Juwan Johnson,Bijan Robinson,Brian Robinson Jr.,Chris Olave,Drake London,Zachariah Branch,15,1,-9.933,2.2966
Bijan Robinson,Brian Robinson Jr.,Falcons,Michael Penix Jr.,Nick Folk,Tyler Shough,15,1,-8.4113,10.5189
Bijan Robinson,Alvin Kamara,Jahan Dotson,Juwan Johnson,Kendre Miller,Tyler Shough,15,1,-8.5084,9.5453
Drake London,Alvin Kamara,Brian Robinson Jr.,Devaughn Vele,Juwan Johnson,Michael Penix Jr.,15,1,-9.2307,4.6354
Bijan Robinson,Alvin Kamara,Bryce Lance,Drake London,Jahan Dotson,Michael Penix Jr.,15,1,-8.4002,10.6356
Bijan Robinson,Brian Robinson Jr.,Juwan Johnson,Kendre Miller,Kyle Pitts Sr.,Tyler Shough,15,1,-8.6092,8.6299
Chris Olave,Bijan Robinson,CJ Donaldson,Jahan Dotson,Juwan Johnson,Tyler Shough,15,1,-9.1447,5.0516
Bijan Robinson,Alvin Kamara,Bryce Lance,Chris Olave,Falcons,Michael Penix Jr.,15,1,-8.2627,12.2042
Alvin Kamara,Bijan Robinson,Bryce Lance,Chris Olave,Daniel Carlson,Drake London,15,1,-8.7832,7.2518
Drake London,Alvin Kamara,Brian Robinson Jr.,Michael Penix Jr.,Nick Folk,Tyler Shough,15,1,-8.6832,8.0144
Devaughn Vele,Alvin Kamara,Bijan Robinson,Juwan Johnson,Olamide Zaccheaus,Tyler Shough,15,1,-9.6456,3.0614
Bijan Robinson,Austin Hooper,Devaughn Vele,Jahan Dotson,Michael Penix Jr.,Tyler Shough,15,1,-8.7282,7.6614
Tyler Shough,Alvin Kamara,Bijan Robinson,Devaughn Vele,Juwan Johnson,Kevin Austin Jr.,15,1,-10.4468,1.3738
Tyler Shough,Alvin Kamara,Bijan Robinson,Devaughn Vele,Juwan Johnson,Oscar Delp,15,1,-8.6898,7.9612
Bryce Lance,Alvin Kamara,Bijan Robinson,Chris Olave,Juwan Johnson,Tyler Shough,15,1,-9.6249,3.1253
Juwan Johnson,Alvin Kamara,Bijan Robinson,Bryce Lance,Devaughn Vele,Tyler Shough,15,1,-8.4463,10.1569
Jahan Dotson,Austin Hooper,Bijan Robinson,Chris Olave,Drake London,Tyler Shough,15,1,-10.3743,1.4772
Tyler Shough,Bijan Robinson,Daniel Carlson,Devaughn Vele,Jahan Dotson,Juwan Johnson,15,1,-8.5725,8.9524
Chris Olave,Brian Robinson Jr.,Devaughn Vele,Juwan Johnson,Saints,Tyler Shough,15,1,-9.218,4.6949
Bijan Robinson,Alvin Kamara,Kendre Miller,Kyle Pitts Sr.,Michael Penix Jr.,Nick Folk,15,1,-9.7028,2.8911
CJ Donaldson,Bijan Robinson,Chris Olave,Drake London,Nick Folk,Tyler Shough,15,1,-11.6335,0.4193
Chris Olave,Brian Robinson Jr.,Daniel Carlson,Drake London,Kendre Miller,Tyler Shough,15,1,-8.6707,8.1152
Bijan Robinson,Chris Olave,Daniel Carlson,Kevin Austin Jr.,Kyle Pitts Sr.,Tyler Shough,15,1,-9.8016,2.6192
Tyler Shough,Bijan Robinson,Chris Olave,Juwan Johnson,Khalil Herbert,Nick Folk,15,1,-12.2821,0.2192
Bijan Robinson,Daniel Carlson,Devaughn Vele,Juwan Johnson,Kyle Pitts Sr.,Nick Folk,15,1,-9.3363,4.1709
Michael Penix Jr.,Brian Robinson Jr.,Chris Olave,Drake London,Olamide Zaccheaus,Tyler Shough,15,1,-9.5397,3.4034
Bijan Robinson,Chris Olave,Falcons,Nick Folk,Olamide Zaccheaus,Tyler Shough,15,1,-8.7864,7.2287
Tyler Shough,Bijan Robinson,CJ Donaldson,Chris Olave,Michael Penix Jr.,Zachariah Branch,15,1,-10.5199,1.277
Bijan Robinson,Daniel Carlson,Devaughn Vele,Drake London,Falcons,Nick Folk,15,1,-9.4199,3.8363
Jahan Dotson,Bijan Robinson,Drake London,Kendre Miller,Michael Penix Jr.,Tyler Shough,15,1,-10.6732,1.0955
Bijan Robinson,Chris Olave,Drake London,Falcons,Nick Folk,Olamide Zaccheaus,15,1,-9.3418,4.1481
Devaughn Vele,Bijan Robinson,Drake London,Kyle Pitts Sr.,Oscar Delp,Tyler Shough,15,1,-9.6053,3.1873
Chris Olave,Bijan Robinson,Bryce Lance,Chris Blair,Michael Penix Jr.,Tyler Shough,15,1,-9.6218,3.1349
Chris Olave,Alvin Kamara,Bryce Lance,Kyle Pitts Sr.,Michael Penix Jr.,Tyler Shough,15,1,-8.4158,10.4712
Tyler Shough,Alvin Kamara,Bryce Lance,Chris Olave,Drake London,Kyle Pitts Sr.,15,1,-8.4066,10.5677
Drake London,Bijan Robinson,Daniel Carlson,Jahan Dotson,Kyle Pitts Sr.,Michael Penix Jr.,15,1,-9.2536,4.5305
Drake London,Bijan Robinson,CJ Donaldson,Chris Olave,Michael Penix Jr.,Olamide Zaccheaus,15,1,-10.1081,1.9278
Bijan Robinson,Bryce Lance,Chris Olave,Kyle Pitts Sr.,Saints,Tyler Shough,15,1,-8.3951,10.6902
Bijan Robinson,Austin Hooper,Daniel Carlson,Drake London,Michael Penix Jr.,Nick Folk,15,1,-9.0532,5.5359
Drake London,Bijan Robinson,Juwan Johnson,Nick Folk,Oscar Delp,Tyler Shough,15,1,-8.3195,11.5302
Tyler Shough,Bijan Robinson,Daniel Carlson,Juwan Johnson,Kyle Pitts Sr.,Nick Folk,15,1,-8.716,7.756
Tyler Shough,Bijan Robinson,Chris Olave,Juwan Johnson,Oscar Delp,Saints,15,1,-8.7067,7.8279
Kyle Pitts Sr.,Austin Hooper,Bijan Robinson,Juwan Johnson,Michael Penix Jr.,Tyler Shough,15,1,-9.4112,3.8699
Drake London,Austin Hooper,Bijan Robinson,Falcons,Juwan Johnson,Michael Penix Jr.,15,1,-9.4422,3.752
Falcons,Bijan Robinson,Chris Olave,Drake London,Juwan Johnson,Saints,15,1,-10.7708,0.9937
Chris Olave,Austin Hooper,Drake London,Michael Penix Jr.,Tyler Shough,Zachariah Branch,15,1,-10.0895,1.9639
Tyler Shough,Chris Olave,Drake London,Juwan Johnson,Nick Folk,Olamide Zaccheaus,15,1,-8.8435,6.8275
Tyler Shough,Chris Olave,Drake London,Juwan Johnson,Kyle Pitts Sr.,Oscar Delp,15,1,-8.6452,8.3251
Juwan Johnson,Bryce Lance,Chris Olave,Drake London,Kyle Pitts Sr.,Tyler Shough,15,1,-8.4016,10.6211
Tyler Shough,Devaughn Vele,Drake London,Juwan Johnson,Kendre Miller,Nick Folk,15,1,-9.4754,3.6294
Drake London,Chris Olave,Falcons,Kyle Pitts Sr.,Michael Penix Jr.,Nick Folk,15,1,-9.7894,2.6512
Juwan Johnson,Daniel Carlson,Drake London,Michael Penix Jr.,Nick Folk,Tyler Shough,15,1,-8.7294,7.6525
Chris Olave,Falcons,Juwan Johnson,Michael Penix Jr.,Saints,Tyler Shough,15,1,-9.2472,4.5595
Drake London,Daniel Carlson,Kyle Pitts Sr.,Michael Penix Jr.,Nick Folk,Tyler Shough,15,1,-9.0473,5.5684
Drake London,Bijan Robinson,Daniel Carlson,Kendre Miller,Michael Penix Jr.,Saints,15,1,-9.9948,2.159
Alvin Kamara,Bijan Robinson,Brian Robinson Jr.,Chris Olave,Juwan Johnson,Nick Folk,14,1,-9.1956,4.8009
Brian Robinson Jr.,Bijan Robinson,Chris Olave,Jahan Dotson,Michael Penix Jr.,Tyler Shough,14,1,-9.3855,3.9705
Bijan Robinson,Brian Robinson Jr.,Devaughn Vele,Jahan Dotson,Juwan Johnson,Tyler Shough,14,1,-8.1353,13.862
Alvin Kamara,Bijan Robinson,Brian Robinson Jr.,Daniel Carlson,Drake London,Michael Penix Jr.,14,1,-9.2921,4.3594
Bijan Robinson,Brian Robinson Jr.,Chris Olave,Nick Folk,Tyler Shough,Zachariah Branch,14,1,-9.1589,4.9805
Tyler Shough,Alvin Kamara,Brian Robinson Jr.,Chris Olave,Devaughn Vele,Nick Folk,14,1,-8.8919,6.505
Chris Olave,Alvin Kamara,Bijan Robinson,Bryce Lance,Drake London,Jahan Dotson,14,1,-8.4226,10.4008
Bijan Robinson,Brian Robinson Jr.,Juwan Johnson,Michael Penix Jr.,Tyler Shough,Zachariah Branch,14,1,-9.0241,5.6994
Tyler Shough,Alvin Kamara,Brian Robinson Jr.,Chris Olave,Juwan Johnson,Kyle Pitts Sr.,14,1,-8.5958,8.7462
Bijan Robinson,Alvin Kamara,Bryce Lance,Drake London,Jahan Dotson,Tyler Shough,14,1,-7.7959,19.4624
Chris Olave,Austin Hooper,Bijan Robinson,Brian Robinson Jr.,Kendre Miller,Tyler Shough,14,1,-8.881,6.5757
Austin Hooper,Bijan Robinson,Brian Robinson Jr.,Chris Olave,Michael Penix Jr.,Tyler Shough,14,1,-10.0374,2.069
Bijan Robinson,Alvin Kamara,Chris Olave,Drake London,Falcons,Oscar Delp,14,1,-8.7488,7.5051
Bijan Robinson,Alvin Kamara,Bryce Lance,Chris Olave,Olamide Zaccheaus,Tyler Shough,14,1,-7.9262,17.0863
Bijan Robinson,Austin Hooper,Chris Olave,Jahan Dotson,Nick Folk,Tyler Shough,14,1,-8.4164,10.4652
Alvin Kamara,Bijan Robinson,Daniel Carlson,Juwan Johnson,Nick Folk,Tyler Shough,14,1,-8.9666,6.0369
Bijan Robinson,Alvin Kamara,Drake London,Michael Penix Jr.,Nick Folk,Oscar Delp,14,1,-8.8343,6.8905
Tyler Shough,Bijan Robinson,Chris Olave,Jahan Dotson,Kevin Austin Jr.,Michael Penix Jr.,14,1,-9.8653,2.4574
Tyler Shough,Bijan Robinson,Charlie Woerner,Chris Olave,Jahan Dotson,Michael Penix Jr.,14,1,-10.0139,2.1181
Bijan Robinson,Alvin Kamara,Daniel Carlson,Kendre Miller,Nick Folk,Tyler Shough,14,1,-8.7246,7.6892
Bijan Robinson,Bryce Lance,Jahan Dotson,Juwan Johnson,Michael Penix Jr.,Tyler Shough,14,1,-7.5483,24.9321
Juwan Johnson,Bijan Robinson,Bryce Lance,Chris Olave,Drake London,Jahan Dotson,14,1,-8.4572,10.0464
Drake London,Brian Robinson Jr.,Chris Olave,Falcons,Juwan Johnson,Michael Penix Jr.,14,1,-8.9055,6.417
Bijan Robinson,Austin Hooper,Chris Blair,Chris Olave,Juwan Johnson,Tyler Shough,14,1,-9.9642,2.2262
Bijan Robinson,Devaughn Vele,Drake London,Falcons,Oscar Delp,Tyler Shough,14,1,-8.7004,7.8777
Devaughn Vele,Bijan Robinson,Juwan Johnson,Michael Penix Jr.,Oscar Delp,Tyler Shough,14,1,-8.963,6.0584
Chris Olave,Bijan Robinson,Bryce Lance,Juwan Johnson,Tyler Shough,Zachariah Branch,14,1,-8.9432,6.1798
Bijan Robinson,Bryce Lance,Chris Olave,Daniel Carlson,Kyle Pitts Sr.,Michael Penix Jr.,14,1,-8.1138,14.1634
Tyler Shough,Bijan Robinson,Bryce Lance,Chris Olave,Devaughn Vele,Olamide Zaccheaus,14,1,-8.544,9.2112
Juwan Johnson,Bijan Robinson,Chris Blair,Chris Olave,Nick Folk,Tyler Shough,14,1,-10.2861,1.6133
Juwan Johnson,Alvin Kamara,Chris Olave,Kyle Pitts Sr.,Nick Folk,Tyler Shough,14,1,-9.0801,5.3888
Devaughn Vele,Bijan Robinson,Daniel Carlson,Kyle Pitts Sr.,Nick Folk,Tyler Shough,14,1,-9.7694,2.7048
Bijan Robinson,Chris Olave,Daniel Carlson,Kendre Miller,Kyle Pitts Sr.,Nick Folk,14,1,-9.3178,4.2486
Michael Penix Jr.,Bijan Robinson,Drake London,Falcons,Jahan Dotson,Juwan Johnson,14,1,-10.1137,1.917
Tyler Shough,Chris Olave,Jahan Dotson,Juwan Johnson,Michael Penix Jr.,Nick Folk,14,1,-8.4054,10.5812
Falcons,Bijan Robinson,Chris Olave,Daniel Carlson,Juwan Johnson,Tyler Shough,14,1,-9.3298,4.1983
CJ Donaldson,Bijan Robinson,Drake London,Juwan Johnson,Michael Penix Jr.,Tyler Shough,14,1,-11.4987,0.4799
Tyler Shough,Bijan Robinson,Charlie Woerner,Chris Olave,Juwan Johnson,Kendre Miller,14,1,-10.2804,1.6226
Juwan Johnson,Alvin Kamara,Chris Olave,Michael Penix Jr.,Olamide Zaccheaus,Tyler Shough,14,1,-8.9399,6.1998
Bijan Robinson,Falcons,Juwan Johnson,Kyle Pitts Sr.,Michael Penix Jr.,Nick Folk,14,1,-9.396,3.9291
Bijan Robinson,Bryce Lance,Drake London,Kendre Miller,Nick Folk,Tyler Shough,14,1,-8.2694,12.1226
Drake London,Bijan Robinson,Juwan Johnson,Kyle Pitts Sr.,Oscar Delp,Tyler Shough,14,1,-8.4701,9.9177
Juwan Johnson,Bijan Robinson,Kyle Pitts Sr.,Michael Penix Jr.,Tyler Shough,Zachariah Branch,14,1,-10.1267,1.8921
Drake London,Daniel Carlson,Devaughn Vele,Jahan Dotson,Michael Penix Jr.,Tyler Shough,14,1,-8.9039,6.4273
Bijan Robinson,Bryce Lance,Drake London,Kendre Miller,Kyle Pitts Sr.,Michael Penix Jr.,14,1,-9.0243,5.6982
Drake London,Bijan Robinson,Falcons,Kevin Austin Jr.,Michael Penix Jr.,Tyler Shough,14,1,-10.3596,1.499
Drake London,Alvin Kamara,Falcons,Kyle Pitts Sr.,Michael Penix Jr.,Tyler Shough,14,1,-9.3469,4.1271
Juwan Johnson,Bijan Robinson,Drake London,Kendre Miller,Tyler Shough,Zachariah Branch,14,1,-10.2577,1.6599
Chris Olave,Bryce Lance,Juwan Johnson,Kyle Pitts Sr.,Michael Penix Jr.,Tyler Shough,14,1,-8.1193,14.086
Chris Olave,Austin Hooper,Bijan Robinson,Kendre Miller,Saints,Tyler Shough,14,1,-9.7362,2.7962
Michael Penix Jr.,Austin Hooper,Bijan Robinson,Drake London,Olamide Zaccheaus,Tyler Shough,14,1,-10.0763,1.9899
Tyler Shough,Devaughn Vele,Juwan Johnson,Kendre Miller,Kyle Pitts Sr.,Michael Penix Jr.,14,1,-9.6749,2.9729
Juwan Johnson,Daniel Carlson,Drake London,Kendre Miller,Michael Penix Jr.,Tyler Shough,14,1,-9.0599,5.499
Bijan Robinson,Alvin Kamara,Brian Robinson Jr.,Chris Olave,Jahan Dotson,Juwan Johnson,13,1,-8.1837,13.2064
Bijan Robinson,Alvin Kamara,Brian Robinson Jr.,Devaughn Vele,Juwan Johnson,Nick Folk,13,1,-8.9722,6.0031
Bijan Robinson,Brian Robinson Jr.,Chris Olave,Falcons,Jahan Dotson,Tyler Shough,13,1,-8.1066,14.2655
Bijan Robinson,Alvin Kamara,Brian Robinson Jr.,Falcons,Juwan Johnson,Tyler Shough,13,1,-8.2044,12.9369
Bijan Robinson,Alvin Kamara,Brian Robinson Jr.,Bryce Lance,Drake London,Michael Penix Jr.,13,1,-8.1064,14.2678
Alvin Kamara,Brian Robinson Jr.,Chris Olave,Daniel Carlson,Drake London,Tyler Shough,13,1,-8.7812,7.2664
Bijan Robinson,Brian Robinson Jr.,Chris Olave,Drake London,Nick Folk,Olamide Zaccheaus,13,1,-8.8288,6.9287
Chris Olave,Bijan Robinson,Brian Robinson Jr.,Daniel Carlson,Juwan Johnson,Nick Folk,13,1,-8.5314,9.3279
Devaughn Vele,Austin Hooper,Bijan Robinson,Brian Robinson Jr.,Drake London,Tyler Shough,13,1,-9.46,3.6855
Tyler Shough,Bijan Robinson,Brian Robinson Jr.,Bryce Lance,Devaughn Vele,Drake London,13,1,-8.12,14.0753
Juwan Johnson,Bijan Robinson,Brian Robinson Jr.,Daniel Carlson,Devaughn Vele,Tyler Shough,13,1,-8.5702,8.9728
Devaughn Vele,Bijan Robinson,Brian Robinson Jr.,Juwan Johnson,Kendre Miller,Tyler Shough,13,1,-9.4392,3.7631
Chris Olave,Bijan Robinson,Brian Robinson Jr.,Juwan Johnson,Kendre Miller,Kyle Pitts Sr.,13,1,-9.2358,4.6119
Tyler Shough,Austin Hooper,Bijan Robinson,Brian Robinson Jr.,Chris Olave,Kyle Pitts Sr.,13,1,-8.7409,7.5647
Tyler Shough,Brian Robinson Jr.,Chris Olave,Drake London,Jahan Dotson,Juwan Johnson,13,1,-8.1637,13.4737
Drake London,Brian Robinson Jr.,Chris Olave,Jahan Dotson,Juwan Johnson,Tyler Shough,13,1,-8.082,14.621
Tyler Shough,Alvin Kamara,Bijan Robinson,Charlie Woerner,Chris Olave,Nick Folk,13,1,-10.2465,1.6785
Bijan Robinson,Alvin Kamara,Daniel Carlson,Devaughn Vele,Falcons,Michael Penix Jr.,13,1,-9.2249,4.6626
Tyler Shough,Bijan Robinson,Brian Robinson Jr.,Bryce Lance,Drake London,Juwan Johnson,13,1,-7.6733,22.0018
Alvin Kamara,Bijan Robinson,Bryce Lance,Chris Olave,Kendre Miller,Tyler Shough,13,1,-8.7815,7.264
Juwan Johnson,Alvin Kamara,Bijan Robinson,Devaughn Vele,Tyler Shough,Zachariah Branch,13,1,-10.2159,1.7307
Tyler Shough,Bijan Robinson,Brian Robinson Jr.,Devaughn Vele,Juwan Johnson,Saints,13,1,-9.1643,4.9535
Alvin Kamara,Bijan Robinson,Chris Olave,Kendre Miller,Olamide Zaccheaus,Tyler Shough,13,1,-9.6656,3.0008
Drake London,Alvin Kamara,Brian Robinson Jr.,Daniel Carlson,Michael Penix Jr.,Tyler Shough,13,1,-8.4599,10.0191
Michael Penix Jr.,Austin Hooper,Bijan Robinson,Brian Robinson Jr.,Drake London,Juwan Johnson,13,1,-9.9369,2.2877
Alvin Kamara,Bijan Robinson,Devaughn Vele,Kyle Pitts Sr.,Saints,Tyler Shough,13,1,-10.4495,1.3701
Bijan Robinson,Drake London,Jahan Dotson,Juwan Johnson,Olamide Zaccheaus,Tyler Shough,13,1,-8.3834,10.8156
Kyle Pitts Sr.,Brian Robinson Jr.,Chris Olave,Juwan Johnson,Michael Penix Jr.,Tyler Shough,13,1,-8.8745,6.6188
Chris Olave,Bijan Robinson,Bryce Lance,Devaughn Vele,Olamide Zaccheaus,Tyler Shough,13,1,-8.5043,9.5843
Tyler Shough,Austin Hooper,Bijan Robinson,Chris Olave,Devaughn Vele,Zachariah Branch,13,1,-10.1628,1.825
Drake London,Alvin Kamara,Chris Olave,Daniel Carlson,Jahan Dotson,Michael Penix Jr.,13,1,-8.9523,6.1233
Bijan Robinson,Charlie Woerner,Chris Olave,Drake London,Kevin Austin Jr.,Tyler Shough,13,1,-11.3923,0.5337
Bijan Robinson,Austin Hooper,Chris Olave,Juwan Johnson,Kyle Pitts Sr.,Nick Folk,13,1,-9.1073,5.244
Bijan Robinson,Bryce Lance,Charlie Woerner,Chris Olave,Drake London,Michael Penix Jr.,13,1,-9.7046,2.886
Bijan Robinson,Austin Hooper,Bryce Lance,Devaughn Vele,Drake London,Tyler Shough,13,1,-8.2823,11.9665
Bijan Robinson,Charlie Woerner,Chris Olave,Michael Penix Jr.,Olamide Zaccheaus,Tyler Shough,13,1,-10.0332,2.0776
Bijan Robinson,Alvin Kamara,Drake London,Falcons,Juwan Johnson,Saints,13,1,-9.6149,3.1567
Chris Olave,Bijan Robinson,Drake London,Kevin Austin Jr.,Oscar Delp,Tyler Shough,13,1,-9.9148,2.3389
Juwan Johnson,Brian Robinson Jr.,Drake London,Kyle Pitts Sr.,Michael Penix Jr.,Tyler Shough,13,1,-8.9105,6.3848
Juwan Johnson,Bijan Robinson,Chris Olave,Daniel Carlson,Kyle Pitts Sr.,Nick Folk,13,1,-9.2061,4.751
Devaughn Vele,Bijan Robinson,Kyle Pitts Sr.,Michael Penix Jr.,Olamide Zaccheaus,Tyler Shough,13,1,-10.0031,2.1411
Bijan Robinson,Bryce Lance,Kyle Pitts Sr.,Michael Penix Jr.,Nick Folk,Tyler Shough,13,1,-8.1384,13.8184
Bryce Lance,Bijan Robinson,Devaughn Vele,Drake London,Juwan Johnson,Tyler Shough,13,1,-10.1319,1.8825
Falcons,Bijan Robinson,Chris Olave,Drake London,Tyler Shough,Zachariah Branch,13,1,-10.9406,0.8384
Kyle Pitts Sr.,Bijan Robinson,Chris Olave,Juwan Johnson,Oscar Delp,Tyler Shough,13,1,-8.8073,7.0788
Bijan Robinson,Bryce Lance,Chris Olave,Nick Folk,Saints,Tyler Shough,13,1,-8.2445,12.4283
Chris Olave,Devaughn Vele,Falcons,Juwan Johnson,Nick Folk,Tyler Shough,13,1,-9.0686,5.4511
Tyler Shough,Alvin Kamara,Bryce Lance,Chris Olave,Daniel Carlson,Drake London,13,1,-8.0327,15.3591
Chris Olave,Bijan Robinson,Kendre Miller,Kyle Pitts Sr.,Oscar Delp,Tyler Shough,13,1,-9.0263,5.6867
Alvin Kamara,Devaughn Vele,Drake London,Juwan Johnson,Saints,Tyler Shough,13,1,-10.2085,1.7436
Juwan Johnson,Bijan Robinson,Chris Olave,Kendre Miller,Kyle Pitts Sr.,Nick Folk,13,1,-9.7598,2.7309
Falcons,Bijan Robinson,Chris Olave,Drake London,Olamide Zaccheaus,Tyler Shough,13,1,-10.0551,2.0326
Juwan Johnson,Bijan Robinson,Drake London,Jahan Dotson,Saints,Tyler Shough,13,1,-9.217,4.6993
Bijan Robinson,Bryce Lance,Drake London,Kendre Miller,Kyle Pitts Sr.,Tyler Shough,13,1,-8.42,10.4272
Falcons,Austin Hooper,Bijan Robinson,Chris Olave,Drake London,Michael Penix Jr.,13,1,-10.5086,1.2916
Chris Olave,Bijan Robinson,Bryce Lance,Nick Folk,Saints,Tyler Shough,13,1,-8.6725,8.1009
Michael Penix Jr.,Devaughn Vele,Drake London,Jahan Dotson,Kyle Pitts Sr.,Tyler Shough,13,1,-10.2855,1.6143
Drake London,Bijan Robinson,Chris Olave,Michael Penix Jr.,Olamide Zaccheaus,Oscar Delp,13,1,-9.069,5.4489
Drake London,Alvin Kamara,Falcons,Michael Penix Jr.,Nick Folk,Tyler Shough,13,1,-9.1962,4.7981
Tyler Shough,Alvin Kamara,Drake London,Juwan Johnson,Michael Penix Jr.,Olamide Zaccheaus,13,1,-9.0052,5.808
Chris Olave,Daniel Carlson,Drake London,Michael Penix Jr.,Treyton Welch,Tyler Shough,13,1,-10.4443,1.3773
Drake London,Bryce Lance,Chris Olave,Juwan Johnson,Nick Folk,Tyler Shough,13,1,-7.8777,17.9343
Tyler Shough,Devaughn Vele,Juwan Johnson,Kyle Pitts Sr.,Michael Penix Jr.,Nick Folk,13,1,-9.3444,4.1371
Chris Olave,Austin Hooper,Daniel Carlson,Juwan Johnson,Michael Penix Jr.,Tyler Shough,13,1,-8.4786,9.8338
Chris Olave,Juwan Johnson,Kyle Pitts Sr.,Michael Penix Jr.,Olamide Zaccheaus,Tyler Shough,13,1,-9.0033,5.819
Tyler Shough,Austin Hooper,Chris Olave,Juwan Johnson,Michael Penix Jr.,Nick Folk,13,1,-8.7416,7.5599
Juwan Johnson,Austin Hooper,Bijan Robinson,Kendre Miller,Michael Penix Jr.,Tyler Shough,13,1,-9.2702,4.4558
Juwan Johnson,Bijan Robinson,Drake London,Kendre Miller,Olamide Zaccheaus,Tyler Shough,13,1,-9.3721,4.0242
Juwan Johnson,Austin Hooper,Chris Olave,Drake London,Nick Folk,Tyler Shough,13,1,-8.9842,5.9312
Juwan Johnson,Devaughn Vele,Drake London,Michael Penix Jr.,Tyler Shough,Zachariah Branch,13,1,-10.3324,1.5404
Devaughn Vele,Drake London,Juwan Johnson,Michael Penix Jr.,Olamide Zaccheaus,Tyler Shough,13,1,-9.7621,2.7246
Drake London,Austin Hooper,Juwan Johnson,Kyle Pitts Sr.,Michael Penix Jr.,Tyler Shough,13,1,-9.1673,4.9388
Kendre Miller,Chris Olave,Drake London,Juwan Johnson,Saints,Tyler Shough,13,1,-10.6551,1.1155
Bijan Robinson,Alvin Kamara,Austin Hooper,Brian Robinson Jr.,Chris Olave,Devaughn Vele,12,1,-8.9667,6.0362
Bijan Robinson,Alvin Kamara,Brian Robinson Jr.,Chris Olave,Daniel Carlson,Nick Folk,12,1,-8.4,10.6383
Tyler Shough,Alvin Kamara,Bijan Robinson,Brian Robinson Jr.,Drake London,Jahan Dotson,12,1,-8.3669,10.996
Bijan Robinson,Brian Robinson Jr.,Chris Olave,Jahan Dotson,Michael Penix Jr.,Nick Folk,12,1,-8.3906,10.7381
Bijan Robinson,Alvin Kamara,CJ Donaldson,Chris Olave,Jahan Dotson,Tyler Shough,12,1,-9.0133,5.7612
Bijan Robinson,Brian Robinson Jr.,Chris Olave,Devaughn Vele,Falcons,Nick Folk,12,1,-9.0936,5.3165
Chris Olave,Bijan Robinson,Brian Robinson Jr.,Devaughn Vele,Kevin Austin Jr.,Tyler Shough,12,1,-10.0156,2.1146
Tyler Shough,Alvin Kamara,Bijan Robinson,Brian Robinson Jr.,Devaughn Vele,Kendre Miller,12,1,-9.129,5.1317
Bijan Robinson,Alvin Kamara,Brian Robinson Jr.,Juwan Johnson,Kendre Miller,Michael Penix Jr.,12,1,-8.8189,6.9976
Bijan Robinson,Alvin Kamara,Devaughn Vele,Jahan Dotson,Michael Penix Jr.,Nick Folk,12,1,-9.2289,4.6438
Brian Robinson Jr.,Bijan Robinson,Drake London,Juwan Johnson,Nick Folk,Tyler Shough,12,1,-9.6784,2.9626
Bijan Robinson,Brian Robinson Jr.,Daniel Carlson,Devaughn Vele,Nick Folk,Tyler Shough,12,1,-8.3515,11.1664
Bijan Robinson,Brian Robinson Jr.,Devaughn Vele,Drake London,Oscar Delp,Tyler Shough,12,1,-8.1874,13.1583
Bijan Robinson,Brian Robinson Jr.,CJ Donaldson,Drake London,Juwan Johnson,Tyler Shough,12,1,-8.7797,7.2769
Tyler Shough,Alvin Kamara,Brian Robinson Jr.,Chris Olave,Daniel Carlson,Devaughn Vele,12,1,-8.6686,8.1321
Devaughn Vele,Alvin Kamara,Brian Robinson Jr.,Drake London,Juwan Johnson,Tyler Shough,12,1,-9.3149,4.2611
Chris Olave,Austin Hooper,Bijan Robinson,Brian Robinson Jr.,Drake London,Nick Folk,12,1,-9.106,5.2512
Bijan Robinson,Brian Robinson Jr.,Chris Olave,Drake London,Kendre Miller,Zachariah Branch,12,1,-10.0448,2.0537
Daniel Carlson,Alvin Kamara,Bijan Robinson,Chris Olave,Jahan Dotson,Tyler Shough,12,1,-10.1455,1.857
Tyler Shough,Alvin Kamara,Brian Robinson Jr.,Chris Olave,Daniel Carlson,Michael Penix Jr.,12,1,-8.1849,13.1916
Bijan Robinson,Austin Hooper,Chris Olave,Devaughn Vele,Jahan Dotson,Juwan Johnson,12,1,-8.9639,6.0529
Bijan Robinson,Brian Robinson Jr.,Falcons,Juwan Johnson,Nick Folk,Tyler Shough,12,1,-8.4483,10.1363
Drake London,Bijan Robinson,Brian Robinson Jr.,Chris Olave,Daniel Carlson,Falcons,12,1,-8.7237,7.6961
Drake London,Austin Hooper,Bijan Robinson,Brian Robinson Jr.,Chris Olave,Kyle Pitts Sr.,12,1,-9.2146,4.7106
Juwan Johnson,Alvin Kamara,Chris Olave,Devaughn Vele,Jahan Dotson,Tyler Shough,12,1,-8.9367,6.22
Drake London,Alvin Kamara,Bijan Robinson,Falcons,Jahan Dotson,Tyler Shough,12,1,-8.7982,7.1437
Tyler Shough,Bijan Robinson,Brian Robinson Jr.,Daniel Carlson,Michael Penix Jr.,Nick Folk,12,1,-8.3355,11.347
Drake London,Bijan Robinson,Brian Robinson Jr.,Chris Olave,Falcons,Kendre Miller,12,1,-9.2774,4.4238
Tyler Shough,Alvin Kamara,Bijan Robinson,Chris Olave,Kyle Pitts Sr.,Zamir White,12,1,-13.4225,0.0701
Bijan Robinson,Bryce Lance,Chris Olave,Jahan Dotson,Kyle Pitts Sr.,Tyler Shough,12,1,-7.8338,18.7402
Chris Olave,Bijan Robinson,Jahan Dotson,Juwan Johnson,Oscar Delp,Tyler Shough,12,1,-8.1057,14.2785
Bijan Robinson,Alvin Kamara,Daniel Carlson,Drake London,Kevin Austin Jr.,Tyler Shough,12,1,-9.7638,2.7201
Bijan Robinson,Alvin Kamara,Kyle Pitts Sr.,Michael Penix Jr.,Oscar Delp,Tyler Shough,12,1,-8.4295,10.3283
Juwan Johnson,Alvin Kamara,Bijan Robinson,Devaughn Vele,Olamide Zaccheaus,Tyler Shough,12,1,-9.3303,4.1959
Tyler Shough,Alvin Kamara,Bijan Robinson,Chris Olave,Kendre Miller,Oscar Delp,12,1,-8.6714,8.1095
Chris Olave,Alvin Kamara,Devaughn Vele,Michael Penix Jr.,Oscar Delp,Tyler Shough,12,1,-8.7064,7.8304
Alvin Kamara,Chris Olave,Juwan Johnson,Kyle Pitts Sr.,Nick Folk,Tyler Shough,12,1,-9.4338,3.7835
Drake London,Alvin Kamara,Bijan Robinson,Chris Olave,Kendre Miller,Oscar Delp,12,1,-9.1451,5.0499
Juwan Johnson,Alvin Kamara,Bijan Robinson,Devaughn Vele,Kendre Miller,Nick Folk,12,1,-10.2546,1.665
Bijan Robinson,Chris Olave,Falcons,Juwan Johnson,Kevin Austin Jr.,Tyler Shough,12,1,-9.6539,3.036
Michael Penix Jr.,Bijan Robinson,Chris Olave,Drake London,Jahan Dotson,Oscar Delp,12,1,-9.5897,3.2371
Drake London,Austin Hooper,Brian Robinson Jr.,Chris Olave,Juwan Johnson,Tyler Shough,12,1,-8.4182,10.4462
Michael Penix Jr.,Brian Robinson Jr.,Bryce Lance,Chris Olave,Drake London,Tyler Shough,12,1,-8.6556,8.2385
Chris Olave,Bijan Robinson,CJ Donaldson,Charlie Woerner,Drake London,Tyler Shough,12,1,-11.1024,0.7132
Tyler Shough,Brian Robinson Jr.,Chris Olave,Devaughn Vele,Michael Penix Jr.,Saints,12,1,-9.2206,4.6824
Devaughn Vele,Chris Olave,Daniel Carlson,Drake London,Jahan Dotson,Tyler Shough,12,1,-9.1867,4.8441
Bijan Robinson,Austin Hooper,Chris Olave,Juwan Johnson,Oscar Delp,Tyler Shough,12,1,-8.0139,15.651
Tyler Shough,Alvin Kamara,Bijan Robinson,Daniel Carlson,Drake London,Olamide Zaccheaus,12,1,-8.8234,6.9657
Kyle Pitts Sr.,Alvin Kamara,Bijan Robinson,Falcons,Michael Penix Jr.,Tyler Shough,12,1,-9.5907,3.2339
Drake London,Alvin Kamara,Chris Olave,Jahan Dotson,Kendre Miller,Michael Penix Jr.,12,1,-9.5061,3.5197
Bijan Robinson,Bryce Lance,Chris Olave,Daniel Carlson,Falcons,Tyler Shough,12,1,-7.6791,21.8753
Treyton Welch,Bijan Robinson,Chris Olave,Drake London,Juwan Johnson,Tyler Shough,12,1,-12.1046,0.2618
Chris Olave,Alvin Kamara,Daniel Carlson,Kyle Pitts Sr.,Nick Folk,Tyler Shough,12,1,-9.0661,5.4646
Bijan Robinson,Chris Olave,Kendre Miller,Kyle Pitts Sr.,Oscar Delp,Tyler Shough,12,1,-8.5983,8.7245
Chris Olave,Bijan Robinson,Charlie Woerner,Drake London,Oscar Delp,Tyler Shough,12,1,-10.0634,2.0159
Chris Olave,Bijan Robinson,Bryce Lance,Michael Penix Jr.,Oscar Delp,Tyler Shough,12,1,-7.6716,22.0398
Drake London,Alvin Kamara,Jahan Dotson,Kyle Pitts Sr.,Michael Penix Jr.,Tyler Shough,12,1,-9.1276,5.1387
Devaughn Vele,Austin Hooper,Bijan Robinson,Daniel Carlson,Michael Penix Jr.,Tyler Shough,12,1,-9.4784,3.6183
Juwan Johnson,Alvin Kamara,Chris Olave,Daniel Carlson,Kyle Pitts Sr.,Tyler Shough,12,1,-8.8569,6.7368
Drake London,Alvin Kamara,Bijan Robinson,Bryce Lance,Kendre Miller,Michael Penix Jr.,12,1,-9.0157,5.7475
Devaughn Vele,Chris Olave,Daniel Carlson,Juwan Johnson,Nick Folk,Tyler Shough,12,1,-9.1716,4.9177
Bijan Robinson,Austin Hooper,Drake London,Michael Penix Jr.,Oscar Delp,Tyler Shough,12,1,-8.3336,11.3679
Drake London,Bijan Robinson,Chris Olave,Kevin Austin Jr.,Olamide Zaccheaus,Tyler Shough,12,1,-10.2217,1.7206
Bijan Robinson,Bryce Lance,Drake London,Michael Penix Jr.,Oscar Delp,Tyler Shough,12,1,-7.6004,23.6664
Drake London,Bijan Robinson,Bryce Lance,Chris Olave,Daniel Carlson,Kyle Pitts Sr.,12,1,-8.4509,10.1102
Drake London,Chris Olave,Jahan Dotson,Michael Penix Jr.,Tyler Shough,Zachariah Branch,12,1,-9.7113,2.8667
Chris Olave,Devaughn Vele,Drake London,Kyle Pitts Sr.,Oscar Delp,Tyler Shough,12,1,-9.0522,5.5416
Tyler Shough,Bijan Robinson,Drake London,Juwan Johnson,Kyle Pitts Sr.,Oscar Delp,12,1,-8.5518,9.1395
Bijan Robinson,Bryce Lance,Daniel Carlson,Drake London,Kyle Pitts Sr.,Michael Penix Jr.,12,1,-8.4706,9.9132
Tyler Shough,Austin Hooper,Bijan Robinson,Devaughn Vele,Juwan Johnson,Kendre Miller,12,1,-9.4625,3.6765
Drake London,Austin Hooper,Bijan Robinson,Devaughn Vele,Falcons,Michael Penix Jr.,12,1,-9.8889,2.4003
Tyler Shough,Bijan Robinson,CJ Donaldson,Drake London,Juwan Johnson,Kendre Miller,12,1,-9.7707,2.7013
Bijan Robinson,Daniel Carlson,Falcons,Kendre Miller,Michael Penix Jr.,Tyler Shough,12,1,-8.7113,7.7927
Drake London,Alvin Kamara,Daniel Carlson,Juwan Johnson,Nick Folk,Tyler Shough,12,1,-8.6898,7.9618
Michael Penix Jr.,Austin Hooper,Chris Olave,Drake London,Jahan Dotson,Tyler Shough,12,1,-9.6827,2.9499
Chris Olave,Bijan Robinson,Bryce Lance,Kyle Pitts Sr.,Saints,Tyler Shough,12,1,-8.8231,6.968
Tyler Shough,Bryce Lance,Chris Olave,Devaughn Vele,Kyle Pitts Sr.,Michael Penix Jr.,12,1,-8.6057,8.6605
Drake London,Alvin Kamara,Juwan Johnson,Kyle Pitts Sr.,Michael Penix Jr.,Nick Folk,12,1,-9.668,2.9936
Kyle Pitts Sr.,Bijan Robinson,Daniel Carlson,Michael Penix Jr.,Nick Folk,Tyler Shough,12,1,-9.2912,4.3632
Juwan Johnson,Alvin Kamara,Austin Hooper,Drake London,Michael Penix Jr.,Tyler Shough,12,1,-9.1459,5.0456
Drake London,Bijan Robinson,Chris Blair,Falcons,Michael Penix Jr.,Tyler Shough,12,1,-10.5529,1.2356
Drake London,Bijan Robinson,Bryce Lance,Kyle Pitts Sr.,Michael Penix Jr.,Nick Folk,12,1,-9.0798,5.3904
Juwan Johnson,Bryce Lance,Devaughn Vele,Drake London,Michael Penix Jr.,Tyler Shough,12,1,-8.5628,9.0397
Drake London,Bijan Robinson,Bryce Lance,Juwan Johnson,Saints,Tyler Shough,12,1,-8.4467,10.1522
Drake London,Austin Hooper,Devaughn Vele,Kyle Pitts Sr.,Michael Penix Jr.,Tyler Shough,12,1,-9.614,3.1595
Tyler Shough,Chris Olave,Drake London,Juwan Johnson,Kendre Miller,Olamide Zaccheaus,12,1,-9.1739,4.9062
Juwan Johnson,Drake London,Kyle Pitts Sr.,Michael Penix Jr.,Saints,Tyler Shough,12,1,-9.7657,2.7149
Saints,Chris Olave,Drake London,Falcons,Michael Penix Jr.,Tyler Shough,12,1,-10.0716,1.9995
Bijan Robinson,Alvin Kamara,Brian Robinson Jr.,Chris Olave,Falcons,Nick Folk,11,1,-8.9435,6.1779
Chris Olave,Alvin Kamara,Bijan Robinson,Brian Robinson Jr.,Oscar Delp,Tyler Shough,11,1,-8.1084,14.2392
Bijan Robinson,Alvin Kamara,Devaughn Vele,Drake London,Falcons,Jahan Dotson,11,1,-9.5002,3.5402
Tyler Shough,Alvin Kamara,Bijan Robinson,Brian Robinson Jr.,Juwan Johnson,Kendre Miller,11,1,-8.6823,8.0216
Falcons,Bijan Robinson,Brian Robinson Jr.,Chris Olave,Devaughn Vele,Drake London,11,1,-10.3623,1.495
Tyler Shough,Alvin Kamara,Bijan Robinson,Devaughn Vele,Jahan Dotson,Kyle Pitts Sr.,11,1,-9.243,4.5789
Zachariah Branch,Bijan Robinson,Brian Robinson Jr.,Chris Olave,Drake London,Tyler Shough,11,1,-11.2737,0.6009
Tyler Shough,Bijan Robinson,Brian Robinson Jr.,Chris Olave,Daniel Carlson,Falcons,11,1,-8.25,12.3592
Falcons,Bijan Robinson,Brian Robinson Jr.,Chris Olave,Drake London,Juwan Johnson,11,1,-9.9156,2.3369
Bijan Robinson,Alvin Kamara,Austin Hooper,Drake London,Jahan Dotson,Michael Penix Jr.,11,1,-9.1335,5.1087
Jahan Dotson,Bijan Robinson,Chris Olave,Juwan Johnson,Nick Folk,Tyler Shough,11,1,-10.023,2.0989
Drake London,Bijan Robinson,Brian Robinson Jr.,Bryce Lance,Devaughn Vele,Michael Penix Jr.,11,1,-8.6426,8.3466
Kendre Miller,Alvin Kamara,Bijan Robinson,Chris Olave,Jahan Dotson,Tyler Shough,11,1,-9.9402,2.2801
Tyler Shough,Bijan Robinson,Brian Robinson Jr.,Chris Olave,Daniel Carlson,Noah Fant,11,1,-11.1976,0.6484
Chris Olave,Alvin Kamara,Austin Hooper,Bijan Robinson,Tyler Shough,Zachariah Branch,11,1,-9.973,2.2066
Michael Penix Jr.,Alvin Kamara,Bijan Robinson,Daniel Carlson,Jahan Dotson,Tyler Shough,11,1,-9.3113,4.2764
Bijan Robinson,Alvin Kamara,CJ Donaldson,Daniel Carlson,Michael Penix Jr.,Tyler Shough,11,1,-9.0947,5.3108
Chris Olave,Alvin Kamara,Bijan Robinson,Falcons,Oscar Delp,Tyler Shough,11,1,-8.6215,8.5248
Chris Olave,Alvin Kamara,Austin Hooper,Bijan Robinson,Daniel Carlson,Juwan Johnson,11,1,-8.9175,6.3405
Alvin Kamara,Bijan Robinson,Falcons,Michael Penix Jr.,Nick Folk,Tyler Shough,11,1,-9.473,3.638
Tyler Shough,Austin Hooper,Brian Robinson Jr.,Chris Olave,Devaughn Vele,Drake London,11,1,-8.9466,6.1584
Kyle Pitts Sr.,Brian Robinson Jr.,Chris Olave,Devaughn Vele,Michael Penix Jr.,Tyler Shough,11,1,-9.3212,4.2343
Michael Penix Jr.,Alvin Kamara,Brian Robinson Jr.,Drake London,Kyle Pitts Sr.,Tyler Shough,11,1,-9.8416,2.5165
Michael Penix Jr.,Bijan Robinson,Brian Robinson Jr.,Daniel Carlson,Drake London,Nick Folk,11,1,-9.8169,2.5794
Bijan Robinson,Chris Olave,Jahan Dotson,Juwan Johnson,Kendre Miller,Kyle Pitts Sr.,11,1,-9.1016,5.2743
Bijan Robinson,Alvin Kamara,Bryce Lance,Daniel Carlson,Juwan Johnson,Tyler Shough,11,1,-7.5576,24.7004
Drake London,Brian Robinson Jr.,Chris Olave,Devaughn Vele,Falcons,Michael Penix Jr.,11,1,-9.3522,4.1052
Michael Penix Jr.,Bijan Robinson,Brian Robinson Jr.,Daniel Carlson,Drake London,Kyle Pitts Sr.,11,1,-9.9675,2.2186
Bijan Robinson,Alvin Kamara,Austin Hooper,Falcons,Michael Penix Jr.,Tyler Shough,11,1,-8.7973,7.15
Drake London,Bijan Robinson,Brian Robinson Jr.,Daniel Carlson,Kendre Miller,Tyler Shough,11,1,-8.5353,9.2914
Tyler Shough,Alvin Kamara,Chris Olave,Devaughn Vele,Jahan Dotson,Kendre Miller,11,1,-9.5161,3.4844
Alvin Kamara,Austin Hooper,Bijan Robinson,Chris Olave,Saints,Tyler Shough,11,1,-9.8467,2.5037
Kyle Pitts Sr.,Alvin Kamara,Bijan Robinson,Juwan Johnson,Nick Folk,Tyler Shough,11,1,-9.3076,4.2925
Bijan Robinson,Alvin Kamara,Daniel Carlson,Drake London,Kendre Miller,Nick Folk,11,1,-9.28,4.4124
Chris Olave,Bijan Robinson,Devaughn Vele,Olamide Zaccheaus,Tyler Shough,Zachariah Branch,11,1,-10.2739,1.6332
Chris Olave,Alvin Kamara,Bijan Robinson,Oscar Delp,Saints,Tyler Shough,11,1,-8.9636,6.0548
Jahan Dotson,Bijan Robinson,Daniel Carlson,Drake London,Michael Penix Jr.,Tyler Shough,11,1,-10.1195,1.9059
Juwan Johnson,Bijan Robinson,Brian Robinson Jr.,Michael Penix Jr.,Saints,Tyler Shough,11,1,-8.9721,6.0035
Drake London,Brian Robinson Jr.,Chris Olave,Kyle Pitts Sr.,Michael Penix Jr.,Nick Folk,11,1,-9.2764,4.4283
Bijan Robinson,Chris Olave,Daniel Carlson,Kevin Austin Jr.,Nick Folk,Tyler Shough,11,1,-9.6509,3.0451
Michael Penix Jr.,Alvin Kamara,Bijan Robinson,Daniel Carlson,Juwan Johnson,Nick Folk,11,1,-9.8517,2.4912
Tyler Shough,Austin Hooper,Brian Robinson Jr.,Chris Olave,Juwan Johnson,Michael Penix Jr.,11,1,-8.5488,9.1673
Chris Olave,Bijan Robinson,Daniel Carlson,Juwan Johnson,Nick Muse,Tyler Shough,11,1,-11.5809,0.442
Tyler Shough,Bijan Robinson,Chris Olave,Devaughn Vele,Kendre Miller,Treyton Welch,11,1,-11.0714,0.7357
Tyler Shough,Chris Olave,Devaughn Vele,Jahan Dotson,Juwan Johnson,Kyle Pitts Sr.,11,1,-9.0398,5.6107
Bijan Robinson,Daniel Carlson,Devaughn Vele,Drake London,Michael Penix Jr.,Oscar Delp,11,1,-8.7612,7.4131
Juwan Johnson,Bijan Robinson,Daniel Carlson,Jahan Dotson,Michael Penix Jr.,Tyler Shough,11,1,-8.3803,10.8499
Bijan Robinson,Austin Hooper,Barion Brown,Chris Olave,Drake London,Juwan Johnson,11,1,-10.9665,0.8171
Devaughn Vele,Bijan Robinson,Falcons,Juwan Johnson,Kyle Pitts Sr.,Tyler Shough,11,1,-9.7724,2.6967
Chris Olave,Alvin Kamara,Daniel Carlson,Drake London,Tyler Shough,Zachariah Branch,11,1,-9.7626,2.7232
Juwan Johnson,Alvin Kamara,Bijan Robinson,Daniel Carlson,Kendre Miller,Tyler Shough,11,1,-8.9433,6.1787
Drake London,Alvin Kamara,Chris Olave,Juwan Johnson,Treyton Welch,Tyler Shough,11,1,-10.4187,1.413
Chris Olave,Bijan Robinson,Chris Blair,Drake London,Kevin Austin Jr.,Tyler Shough,11,1,-11.865,0.3327
Nick Folk,Bijan Robinson,Bryce Lance,Chris Olave,Drake London,Juwan Johnson,11,1,-10.0863,1.9703
Bijan Robinson,Devaughn Vele,Juwan Johnson,Kendre Miller,Olamide Zaccheaus,Tyler Shough,11,1,-9.1455,5.0475
Oscar Delp,Bijan Robinson,Chris Olave,Juwan Johnson,Michael Penix Jr.,Tyler Shough,11,1,-10.3209,1.5582
Tyler Shough,Brian Robinson Jr.,Chris Olave,Juwan Johnson,Michael Penix Jr.,Saints,11,1,-8.7739,7.3193
Jahan Dotson,Chris Olave,Drake London,Kyle Pitts Sr.,Michael Penix Jr.,Tyler Shough,11,1,-10.5867,1.1944
Bijan Robinson,Austin Hooper,Chris Olave,Drake London,Falcons,Kendre Miller,11,1,-9.5215,3.4659
Juwan Johnson,Alvin Kamara,Bijan Robinson,Kyle Pitts Sr.,Saints,Tyler Shough,11,1,-9.6491,3.0505
Kyle Pitts Sr.,Alvin Kamara,Devaughn Vele,Drake London,Juwan Johnson,Michael Penix Jr.,11,1,-10.2682,1.6426
Drake London,Alvin Kamara,Bryce Lance,Chris Olave,Daniel Carlson,Tyler Shough,11,1,-7.951,16.6668
Tyler Shough,Bijan Robinson,Chris Olave,Daniel Carlson,Kyle Pitts Sr.,Olamide Zaccheaus,11,1,-8.8613,6.7072
Bijan Robinson,Falcons,Juwan Johnson,Michael Penix Jr.,Olamide Zaccheaus,Tyler Shough,11,1,-8.6515,8.2721
Kyle Pitts Sr.,Bijan Robinson,Daniel Carlson,Devaughn Vele,Juwan Johnson,Michael Penix Jr.,11,1,-9.8387,2.5236
Bijan Robinson,Bryce Lance,Daniel Carlson,Kyle Pitts Sr.,Michael Penix Jr.,Tyler Shough,11,1,-7.9152,17.275
Tyler Shough,Bijan Robinson,Drake London,Juwan Johnson,Nick Folk,Oscar Delp,11,1,-8.4012,10.6255
Chris Olave,Austin Hooper,Devaughn Vele,Juwan Johnson,Nick Folk,Tyler Shough,11,1,-9.1856,4.8492
Bijan Robinson,Bryce Lance,Chris Olave,Daniel Carlson,Saints,Tyler Shough,11,1,-8.0212,15.5371
Michael Penix Jr.,Chris Olave,Drake London,Jahan Dotson,Tyler Shough,Zachariah Branch,11,1,-10.719,1.0465
Drake London,Bijan Robinson,Bryce Lance,CJ Donaldson,Michael Penix Jr.,Tyler Shough,11,1,-9.0254,5.6917
Drake London,Chris Olave,Jahan Dotson,Michael Penix Jr.,Olamide Zaccheaus,Tyler Shough,11,1,-8.8257,6.9498
Bryce Lance,Bijan Robinson,Drake London,Kyle Pitts Sr.,Michael Penix Jr.,Tyler Shough,11,1,-10.3393,1.5299
Kyle Pitts Sr.,Bijan Robinson,Chris Olave,Daniel Carlson,Saints,Tyler Shough,11,1,-9.5479,3.3755
Devaughn Vele,Bryce Lance,Drake London,Juwan Johnson,Michael Penix Jr.,Tyler Shough,11,1,-8.878,6.5955
Drake London,Bijan Robinson,Bryce Lance,Falcons,Juwan Johnson,Michael Penix Jr.,11,1,-8.7089,7.8111
Michael Penix Jr.,Bijan Robinson,Daniel Carlson,Drake London,Juwan Johnson,Olamide Zaccheaus,11,1,-10.0572,2.0284
Tyler Shough,Bijan Robinson,Chris Olave,Falcons,Kendre Miller,Saints,11,1,-9.6589,3.0208
Drake London,Chris Blair,Devaughn Vele,Juwan Johnson,Michael Penix Jr.,Tyler Shough,11,1,-10.6749,1.0936
Bijan Robinson,Daniel Carlson,Juwan Johnson,Kendre Miller,Saints,Tyler Shough,11,1,-9.0904,5.3335
Kyle Pitts Sr.,Bijan Robinson,Daniel Carlson,Drake London,Kendre Miller,Michael Penix Jr.,11,1,-10.1771,1.7992
Tyler Shough,Bryce Lance,Chris Olave,Drake London,Juwan Johnson,Kendre Miller,11,1,-8.2899,11.8762
Tyler Shough,Austin Hooper,Bryce Lance,Chris Olave,Drake London,Michael Penix Jr.,11,1,-8.3596,11.0765
Tyler Shough,Chris Olave,Drake London,Kendre Miller,Michael Penix Jr.,Oscar Delp,11,1,-8.7879,7.2175
Drake London,Alvin Kamara,Daniel Carlson,Michael Penix Jr.,Saints,Tyler Shough,11,1,-9.3151,4.2604
Drake London,Chris Olave,Juwan Johnson,Kendre Miller,Olamide Zaccheaus,Tyler Shough,11,1,-9.0922,5.3239
Kyle Pitts Sr.,Daniel Carlson,Drake London,Juwan Johnson,Michael Penix Jr.,Tyler Shough,11,1,-9.2008,4.776
Brian Robinson Jr.,Alvin Kamara,Bijan Robinson,Devaughn Vele,Drake London,Juwan Johnson,10,1,-10.5224,1.2738
Bijan Robinson,Brian Robinson Jr.,Drake London,Jahan Dotson,Nick Folk,Tyler Shough,10,1,-8.1432,13.7533
Tyler Shough,Alvin Kamara,Bijan Robinson,Brian Robinson Jr.,Daniel Carlson,Juwan Johnson,10,1,-8.1286,13.9553
Alvin Kamara,Bijan Robinson,Chris Olave,Jahan Dotson,Juwan Johnson,Kyle Pitts Sr.,10,1,-9.6401,3.0783
Brian Robinson Jr.,Bijan Robinson,Chris Olave,Juwan Johnson,Noah Fant,Tyler Shough,10,1,-12.5894,0.1612
Jahan Dotson,Alvin Kamara,Bijan Robinson,Devaughn Vele,Michael Penix Jr.,Tyler Shough,10,1,-10.6314,1.1422
Alvin Kamara,Bijan Robinson,Chris Olave,Daniel Carlson,Jahan Dotson,Michael Penix Jr.,10,1,-9.2291,4.6428
Bijan Robinson,Brian Robinson Jr.,Chris Olave,Falcons,Juwan Johnson,Nick Folk,10,1,-8.6469,8.3105
Bijan Robinson,Brian Robinson Jr.,Chris Olave,Falcons,Juwan Johnson,Kyle Pitts Sr.,10,1,-8.7976,7.1483
Brian Robinson Jr.,Bijan Robinson,Drake London,Juwan Johnson,Michael Penix Jr.,Nick Folk,10,1,-10.2826,1.619
Bijan Robinson,Brian Robinson Jr.,Daniel Carlson,Devaughn Vele,Drake London,Kyle Pitts Sr.,10,1,-9.0576,5.5116
Chris Olave,Bijan Robinson,CJ Donaldson,Devaughn Vele,Jahan Dotson,Tyler Shough,10,1,-9.5914,3.2317
Bijan Robinson,Alvin Kamara,Daniel Carlson,Drake London,Jahan Dotson,Juwan Johnson,10,1,-8.5101,9.5294
Bijan Robinson,Brian Robinson Jr.,Chris Olave,Falcons,Kendre Miller,Michael Penix Jr.,10,1,-8.9403,6.1973
Bijan Robinson,Brian Robinson Jr.,Daniel Carlson,Juwan Johnson,Kyle Pitts Sr.,Tyler Shough,10,1,-8.0555,15.0136
Bijan Robinson,Brian Robinson Jr.,Daniel Carlson,Drake London,Juwan Johnson,Nick Folk,10,1,-8.4602,10.0163
Saints,Alvin Kamara,Bijan Robinson,Brian Robinson Jr.,Chris Olave,Tyler Shough,10,1,-9.442,3.7525
Bryce Lance,Bijan Robinson,Brian Robinson Jr.,Chris Olave,Drake London,Tyler Shough,10,1,-9.5901,3.2358
Devaughn Vele,Alvin Kamara,Chris Olave,Drake London,Jahan Dotson,Juwan Johnson,10,1,-9.8073,2.6042
Kyle Pitts Sr.,Bijan Robinson,Brian Robinson Jr.,Chris Olave,Daniel Carlson,Drake London,10,1,-9.2482,4.5553
Tyler Shough,Austin Hooper,Bijan Robinson,Brian Robinson Jr.,Chris Olave,Daniel Carlson,10,1,-8.367,10.9946
Juwan Johnson,Bijan Robinson,Brian Robinson Jr.,Devaughn Vele,Kendre Miller,Tyler Shough,10,1,-9.124,5.1576
Devaughn Vele,Alvin Kamara,Bijan Robinson,Juwan Johnson,Tyler Shough,Zachariah Branch,10,1,-10.5311,1.2628
Bijan Robinson,Alvin Kamara,Devaughn Vele,Kyle Pitts Sr.,Olamide Zaccheaus,Tyler Shough,10,1,-9.2623,4.4914
Tyler Shough,Bijan Robinson,Brian Robinson Jr.,Falcons,Juwan Johnson,Michael Penix Jr.,10,1,-8.3385,11.3133
Chris Olave,Alvin Kamara,Bijan Robinson,Bryce Lance,Juwan Johnson,Kyle Pitts Sr.,10,1,-8.5581,9.0821
Bijan Robinson,Alvin Kamara,Bryce Lance,Devaughn Vele,Kendre Miller,Tyler Shough,10,1,-8.558,9.0829
Bijan Robinson,Alvin Kamara,Michael Penix Jr.,Nick Folk,Oscar Delp,Tyler Shough,10,1,-8.2789,12.0076
Michael Penix Jr.,Bijan Robinson,Brian Robinson Jr.,Drake London,Oscar Delp,Tyler Shough,10,1,-9.0974,5.2967
Chris Olave,Bijan Robinson,Brian Robinson Jr.,Drake London,Falcons,Saints,10,1,-9.6513,3.0438
Kyle Pitts Sr.,Alvin Kamara,Bijan Robinson,Drake London,Jahan Dotson,Michael Penix Jr.,10,1,-9.9269,2.3106
Daniel Carlson,Alvin Kamara,Bijan Robinson,Chris Olave,Falcons,Tyler Shough,10,1,-10.3647,1.4914
Alvin Kamara,Bijan Robinson,Bryce Lance,Drake London,Kyle Pitts Sr.,Tyler Shough,10,1,-8.9585,6.0857
Bijan Robinson,Devaughn Vele,Jahan Dotson,Juwan Johnson,Kendre Miller,Michael Penix Jr.,10,1,-9.2628,4.489
Tyler Shough,Bijan Robinson,Brian Robinson Jr.,Daniel Carlson,Drake London,Kendre Miller,10,1,-8.6171,8.5623
Tyler Shough,Bijan Robinson,Chris Blair,Chris Olave,Jahan Dotson,Michael Penix Jr.,10,1,-10.0586,2.0256
Bijan Robinson,Alvin Kamara,Austin Hooper,Daniel Carlson,Drake London,Juwan Johnson,10,1,-8.8463,6.8084
Bijan Robinson,Alvin Kamara,Austin Hooper,Juwan Johnson,Kyle Pitts Sr.,Michael Penix Jr.,10,1,-9.2691,4.461
Olamide Zaccheaus,Alvin Kamara,Bijan Robinson,Chris Olave,Drake London,Juwan Johnson,10,1,-11.3843,0.538
Chris Olave,Brian Robinson Jr.,Drake London,Juwan Johnson,Olamide Zaccheaus,Tyler Shough,10,1,-8.611,8.6145
Chris Olave,Brian Robinson Jr.,Daniel Carlson,Kyle Pitts Sr.,Michael Penix Jr.,Tyler Shough,10,1,-8.5398,9.2505
Bijan Robinson,Drake London,Falcons,Jahan Dotson,Kyle Pitts Sr.,Tyler Shough,10,1,-8.8068,7.0824
Bijan Robinson,Chris Olave,Falcons,Nick Folk,Tyler Shough,Zachariah Branch,10,1,-9.6719,2.9817
Bijan Robinson,Charlie Woerner,Chris Olave,Falcons,Juwan Johnson,Tyler Shough,10,1,-9.8025,2.6168
Bijan Robinson,Bryce Lance,Chris Olave,Michael Penix Jr.,Treyton Welch,Tyler Shough,10,1,-9.4934,3.5644
Chris Olave,Bijan Robinson,CJ Donaldson,Daniel Carlson,Kyle Pitts Sr.,Tyler Shough,10,1,-9.5116,3.5002
Devaughn Vele,Chris Olave,Jahan Dotson,Kyle Pitts Sr.,Michael Penix Jr.,Tyler Shough,10,1,-9.6095,3.1739
Juwan Johnson,Alvin Kamara,CJ Donaldson,Chris Olave,Drake London,Tyler Shough,10,1,-9.5811,3.2652
Bijan Robinson,Bryce Lance,Chris Olave,Daniel Carlson,Michael Penix Jr.,Nick Folk,10,1,-7.9631,16.4662
Tyler Shough,Brian Robinson Jr.,Drake London,Juwan Johnson,Michael Penix Jr.,Nick Folk,10,1,-8.4684,9.9351
Chris Olave,Alvin Kamara,CJ Donaldson,Daniel Carlson,Drake London,Tyler Shough,10,1,-9.5671,3.3111
Bijan Robinson,Daniel Carlson,Jahan Dotson,Kendre Miller,Michael Penix Jr.,Tyler Shough,10,1,-8.492,9.7027
Bijan Robinson,Austin Hooper,Chris Olave,Falcons,Michael Penix Jr.,Nick Folk,10,1,-9.2399,4.5931
Chris Olave,Brian Robinson Jr.,Drake London,Nick Folk,Saints,Tyler Shough,10,1,-9.2258,4.658
Chris Olave,Bijan Robinson,Bryce Lance,Daniel Carlson,Drake London,Nick Folk,10,1,-8.3422,11.2705
Bijan Robinson,Juwan Johnson,Kevin Austin Jr.,Michael Penix Jr.,Nick Folk,Tyler Shough,10,1,-9.7393,2.7874
Tyler Shough,Barion Brown,Bijan Robinson,CJ Donaldson,Chris Olave,Drake London,10,1,-11.6337,0.4193
Tyler Shough,Bijan Robinson,Chris Olave,Jahan Dotson,Kyle Pitts Sr.,Saints,10,1,-9.2599,4.5022
Bijan Robinson,Austin Hooper,Chris Olave,Juwan Johnson,Michael Penix Jr.,Olamide Zaccheaus,10,1,-8.9671,6.0333
Bijan Robinson,Chris Olave,Drake London,Falcons,Kyle Pitts Sr.,Olamide Zaccheaus,10,1,-9.4924,3.568
Bijan Robinson,Chris Blair,Devaughn Vele,Drake London,Falcons,Michael Penix Jr.,10,1,-11.2549,0.6123
Juwan Johnson,Bijan Robinson,Chris Olave,Drake London,Nick Folk,Oscar Delp,10,1,-8.8913,6.5088
Tyler Shough,Bijan Robinson,Bryce Lance,Devaughn Vele,Juwan Johnson,Nick Folk,10,1,-8.3987,10.6515
Chris Olave,Bijan Robinson,Bryce Lance,Juwan Johnson,Olamide Zaccheaus,Tyler Shough,10,1,-8.0576,14.9817
Bijan Robinson,Falcons,Juwan Johnson,Michael Penix Jr.,Tyler Shough,Zachariah Branch,10,1,-9.5371,3.4121
Juwan Johnson,Austin Hooper,Bijan Robinson,Chris Olave,Falcons,Tyler Shough,10,1,-8.8543,6.7539
Tyler Shough,Alvin Kamara,Chris Olave,Devaughn Vele,Nick Folk,Saints,10,1,-9.747,2.7661
Bijan Robinson,Drake London,Falcons,Juwan Johnson,Oscar Delp,Tyler Shough,10,1,-8.2537,12.314
Devaughn Vele,Bijan Robinson,Kendre Miller,Kyle Pitts Sr.,Nick Folk,Tyler Shough,10,1,-10.3231,1.5547
Drake London,Bijan Robinson,Bryce Lance,Devaughn Vele,Falcons,Tyler Shough,10,1,-8.5513,9.1442
Daniel Carlson,Bijan Robinson,Devaughn Vele,Drake London,Falcons,Tyler Shough,10,1,-10.8716,0.8983
Tyler Shough,Bijan Robinson,Chris Olave,Devaughn Vele,Oscar Delp,Saints,10,1,-9.1534,5.0078
Tyler Shough,Bijan Robinson,CJ Donaldson,Daniel Carlson,Drake London,Juwan Johnson,10,1,-9.217,4.6996
Bijan Robinson,Austin Hooper,Drake London,Kevin Austin Jr.,Michael Penix Jr.,Tyler Shough,10,1,-10.0906,1.9617
Kyle Pitts Sr.,Bijan Robinson,Bryce Lance,Chris Olave,Juwan Johnson,Michael Penix Jr.,10,1,-8.8765,6.6055
Drake London,Bijan Robinson,Charlie Woerner,Chris Olave,Olamide Zaccheaus,Tyler Shough,10,1,-10.3703,1.4831
Devaughn Vele,Chris Olave,Drake London,Juwan Johnson,Oscar Delp,Tyler Shough,10,1,-9.0074,5.7949
Drake London,Alvin Kamara,Bijan Robinson,Kendre Miller,Michael Penix Jr.,Olamide Zaccheaus,10,1,-9.8997,2.3743
Kendre Miller,Bijan Robinson,Chris Olave,Devaughn Vele,Olamide Zaccheaus,Tyler Shough,10,1,-10.5774,1.2057
Bijan Robinson,Chris Olave,Nick Folk,Olamide Zaccheaus,Saints,Tyler Shough,10,1,-9.1285,5.1342
Juwan Johnson,Chris Olave,Daniel Carlson,Drake London,Jahan Dotson,Tyler Shough,10,1,-8.4247,10.3782
Saints,Alvin Kamara,Bijan Robinson,Chris Olave,Drake London,Falcons,10,1,-10.5104,1.2892
Bijan Robinson,Austin Hooper,Devaughn Vele,Juwan Johnson,Saints,Tyler Shough,10,1,-9.3266,4.2114
Bijan Robinson,Drake London,Michael Penix Jr.,Olamide Zaccheaus,Oscar Delp,Tyler Shough,10,1,-8.4844,9.7768
Michael Penix Jr.,Austin Hooper,Bijan Robinson,Chris Blair,Chris Olave,Drake London,10,1,-11.8762,0.329
Tyler Shough,Alvin Kamara,Bryce Lance,Chris Olave,Drake London,Kendre Miller,10,1,-8.5864,8.8285
Tyler Shough,Chris Olave,Jahan Dotson,Juwan Johnson,Kendre Miller,Michael Penix Jr.,10,1,-8.7358,7.6035
Bijan Robinson,Daniel Carlson,Juwan Johnson,Kendre Miller,Kyle Pitts Sr.,Michael Penix Jr.,10,1,-9.183,4.8619
Tyler Shough,Austin Hooper,Bijan Robinson,Drake London,Falcons,Juwan Johnson,10,1,-8.9196,6.3271
Falcons,Bijan Robinson,Drake London,Juwan Johnson,Kyle Pitts Sr.,Tyler Shough,10,1,-10.0605,2.0218
Michael Penix Jr.,Bijan Robinson,Bryce Lance,Devaughn Vele,Drake London,Kendre Miller,10,1,-10.1736,1.8056
Chris Olave,Alvin Kamara,Austin Hooper,Drake London,Saints,Tyler Shough,10,1,-9.6119,3.1662
Tyler Shough,Bijan Robinson,Juwan Johnson,Kendre Miller,Kyle Pitts Sr.,Nick Folk,10,1,-9.2697,4.4582
Juwan Johnson,Chris Olave,Devaughn Vele,Kendre Miller,Nick Folk,Tyler Shough,10,1,-9.4101,3.8743
Drake London,Bijan Robinson,Falcons,Michael Penix Jr.,Treyton Welch,Tyler Shough,10,1,-10.8525,0.9157
Juwan Johnson,Bijan Robinson,Daniel Carlson,Devaughn Vele,Saints,Tyler Shough,10,1,-9.4254,3.8154
Drake London,Bijan Robinson,Michael Penix Jr.,Olamide Zaccheaus,Tyler Shough,Zachariah Branch,10,1,-10.1049,1.9338
Bijan Robinson,Daniel Carlson,Drake London,Falcons,Saints,Tyler Shough,10,1,-8.9943,5.8719
Michael Penix Jr.,Bijan Robinson,Daniel Carlson,Drake London,Falcons,Kyle Pitts Sr.,10,1,-10.4806,1.3283
Michael Penix Jr.,Bijan Robinson,Bryce Lance,Drake London,Olamide Zaccheaus,Tyler Shough,10,1,-9.3431,4.1428
Kyle Pitts Sr.,Bijan Robinson,Drake London,Kendre Miller,Michael Penix Jr.,Nick Folk,10,1,-10.4003,1.4392
Michael Penix Jr.,Bijan Robinson,Drake London,Juwan Johnson,Kendre Miller,Olamide Zaccheaus,10,1,-10.6109,1.1659
Chris Olave,Austin Hooper,Drake London,Michael Penix Jr.,Olamide Zaccheaus,Tyler Shough,10,1,-9.2039,4.7611
Tyler Shough,Austin Hooper,Chris Olave,Daniel Carlson,Juwan Johnson,Michael Penix Jr.,10,1,-8.5183,9.4509
Chris Olave,Devaughn Vele,Drake London,Olamide Zaccheaus,Saints,Tyler Shough,10,1,-9.9128,2.3434
Juwan Johnson,Chris Olave,Devaughn Vele,Kyle Pitts Sr.,Saints,Tyler Shough,10,1,-9.8926,2.3912
Kendre Miller,Bijan Robinson,Drake London,Michael Penix Jr.,Olamide Zaccheaus,Tyler Shough,10,1,-10.4504,1.3689
Kyle Pitts Sr.,Daniel Carlson,Devaughn Vele,Drake London,Michael Penix Jr.,Tyler Shough,10,1,-9.6475,3.0553
Drake London,Austin Hooper,Chris Olave,Michael Penix Jr.,Tyler Shough,Zachariah Branch,10,1,-10.0475,2.0482
Tyler Shough,Chris Olave,Drake London,Falcons,Michael Penix Jr.,Olamide Zaccheaus,10,1,-9.1267,5.1437
Drake London,Chris Olave,Falcons,Michael Penix Jr.,Oscar Delp,Tyler Shough,10,1,-8.696,7.9126
Michael Penix Jr.,Charlie Woerner,Chris Olave,Drake London,Kendre Miller,Tyler Shough,10,1,-11.6195,0.4252
Chris Olave,Bryce Lance,Drake London,Juwan Johnson,Saints,Tyler Shough,10,1,-8.5821,8.8671
Drake London,Alvin Kamara,Kendre Miller,Michael Penix Jr.,Saints,Tyler Shough,10,1,-9.8688,2.4489
Drake London,Daniel Carlson,Kendre Miller,Kyle Pitts Sr.,Michael Penix Jr.,Tyler Shough,10,1,-9.3778,4.0014
Tyler Shough,Daniel Carlson,Drake London,Juwan Johnson,Michael Penix Jr.,Saints,10,1,-9.1002,5.2814
Drake London,Daniel Carlson,Juwan Johnson,Michael Penix Jr.,Saints,Tyler Shough,10,1,-9.0185,5.7311
Brian Robinson Jr.,Alvin Kamara,Bijan Robinson,Devaughn Vele,Juwan Johnson,Tyler Shough,9,1,-9.967,2.2197
Brian Robinson Jr.,Alvin Kamara,Bijan Robinson,Chris Olave,Kendre Miller,Tyler Shough,9,1,-9.9486,2.2611
Bijan Robinson,Alvin Kamara,Brian Robinson Jr.,Chris Olave,Kendre Miller,Nick Folk,9,1,-8.9537,6.115
Alvin Kamara,Bijan Robinson,Brian Robinson Jr.,Chris Olave,Juwan Johnson,Kendre Miller,9,1,-9.5261,3.4499
Bijan Robinson,Brian Robinson Jr.,Chris Olave,Devaughn Vele,Juwan Johnson,Zachariah Branch,9,1,-9.7064,2.8806
Juwan Johnson,Alvin Kamara,Bijan Robinson,Brian Robinson Jr.,Chris Olave,Daniel Carlson,9,1,-8.6187,8.5484
Bijan Robinson,Brian Robinson Jr.,Drake London,Jahan Dotson,Kyle Pitts Sr.,Tyler Shough,9,1,-8.2938,11.8298
Chris Olave,Bijan Robinson,Brian Robinson Jr.,Drake London,Jahan Dotson,Kendre Miller,9,1,-9.1002,5.2815
Bijan Robinson,Brian Robinson Jr.,Daniel Carlson,Devaughn Vele,Kyle Pitts Sr.,Tyler Shough,9,1,-8.5022,9.6048
Chris Olave,Bijan Robinson,Brian Robinson Jr.,Juwan Johnson,Kevin Austin Jr.,Tyler Shough,9,1,-9.5689,3.3054
Chris Olave,Bijan Robinson,Brian Robinson Jr.,Charlie Woerner,Juwan Johnson,Tyler Shough,9,1,-9.7175,2.849
Juwan Johnson,Bijan Robinson,Brian Robinson Jr.,CJ Donaldson,Chris Olave,Tyler Shough,9,1,-9.1822,4.866
Drake London,Brian Robinson Jr.,Chris Olave,Devaughn Vele,Jahan Dotson,Tyler Shough,9,1,-8.5287,9.3535
Chris Olave,Bijan Robinson,Brian Robinson Jr.,Bryce Lance,Juwan Johnson,Michael Penix Jr.,9,1,-7.8811,17.874
Devaughn Vele,Bijan Robinson,Brian Robinson Jr.,Daniel Carlson,Juwan Johnson,Tyler Shough,9,1,-8.8855,6.5467
Drake London,Alvin Kamara,Bijan Robinson,Brian Robinson Jr.,Juwan Johnson,Kendre Miller,9,1,-9.156,4.9951
Chris Olave,Bijan Robinson,Brian Robinson Jr.,Daniel Carlson,Juwan Johnson,Kyle Pitts Sr.,9,1,-8.6821,8.0234
Drake London,Alvin Kamara,Austin Hooper,Bijan Robinson,Brian Robinson Jr.,Michael Penix Jr.,9,1,-9.2257,4.6587
Michael Penix Jr.,Bijan Robinson,Brian Robinson Jr.,Drake London,Jahan Dotson,Juwan Johnson,9,1,-9.6007,3.202
Bijan Robinson,Brian Robinson Jr.,Chris Olave,Daniel Carlson,Juwan Johnson,Kendre Miller,9,1,-8.4339,10.2836
Juwan Johnson,Alvin Kamara,Bijan Robinson,Chris Olave,Jahan Dotson,Kyle Pitts Sr.,9,1,-9.2864,4.3844
Bijan Robinson,Brian Robinson Jr.,Bryce Lance,Chris Olave,Kendre Miller,Tyler Shough,9,1,-7.7198,21.0027
Tyler Shough,Bijan Robinson,Brian Robinson Jr.,Chris Olave,Juwan Johnson,Oscar Delp,9,1,-7.8516,18.409
Bijan Robinson,Chris Olave,Daniel Carlson,Devaughn Vele,Jahan Dotson,Kyle Pitts Sr.,9,1,-8.9946,5.8701
Tyler Shough,Alvin Kamara,Brian Robinson Jr.,Chris Olave,Daniel Carlson,Juwan Johnson,9,1,-8.2219,12.7117
Kyle Pitts Sr.,Bijan Robinson,Brian Robinson Jr.,Chris Olave,Michael Penix Jr.,Nick Folk,9,1,-9.5203,3.47
Bryce Lance,Alvin Kamara,Bijan Robinson,Chris Olave,Devaughn Vele,Tyler Shough,9,1,-10.0716,1.9994
Alvin Kamara,Bijan Robinson,Drake London,Jahan Dotson,Kendre Miller,Tyler Shough,9,1,-9.5354,3.4181
Tyler Shough,Alvin Kamara,Bijan Robinson,CJ Donaldson,Devaughn Vele,Juwan Johnson,9,1,-9.7289,2.8166
Juwan Johnson,Bijan Robinson,Chris Olave,Devaughn Vele,Jahan Dotson,Nick Folk,9,1,-9.2859,4.3866
Chris Olave,Bijan Robinson,Brian Robinson Jr.,Bryce Lance,Kendre Miller,Tyler Shough,9,1,-8.1478,13.6898
Devaughn Vele,Bijan Robinson,Bryce Lance,Chris Olave,Jahan Dotson,Tyler Shough,9,1,-8.6638,8.1717
Bijan Robinson,Chris Olave,Jahan Dotson,Juwan Johnson,Kevin Austin Jr.,Tyler Shough,9,1,-9.4347,3.7801
Bijan Robinson,Austin Hooper,Chris Olave,Jahan Dotson,Kyle Pitts Sr.,Tyler Shough,9,1,-8.567,9.0016
Bijan Robinson,Austin Hooper,Chris Olave,Drake London,Jahan Dotson,Nick Folk,9,1,-8.9718,6.0054
Bijan Robinson,Alvin Kamara,Juwan Johnson,Kyle Pitts Sr.,Tyler Shough,Zachariah Branch,9,1,-9.7011,2.896
Drake London,Bijan Robinson,Brian Robinson Jr.,Charlie Woerner,Michael Penix Jr.,Tyler Shough,9,1,-9.9952,2.1581
Jahan Dotson,Bijan Robinson,Chris Olave,Falcons,Michael Penix Jr.,Tyler Shough,9,1,-10.3062,1.5813
Tyler Shough,Alvin Kamara,Bijan Robinson,Chris Olave,Daniel Carlson,Kevin Austin Jr.,9,1,-9.8747,2.4346
Bijan Robinson,Chris Olave,Devaughn Vele,Falcons,Treyton Welch,Tyler Shough,9,1,-10.5934,1.1865
Bijan Robinson,Chris Olave,Devaughn Vele,Juwan Johnson,Kyle Pitts Sr.,Oscar Delp,9,1,-8.8154,7.0222
Bijan Robinson,Chris Olave,Daniel Carlson,Falcons,Jahan Dotson,Michael Penix Jr.,9,1,-8.6804,8.0368
Bijan Robinson,Alvin Kamara,Drake London,Falcons,Kyle Pitts Sr.,Nick Folk,9,1,-9.6437,3.0671
Drake London,Alvin Kamara,Bijan Robinson,Chris Olave,Daniel Carlson,Oscar Delp,9,1,-8.5914,8.7853
Bijan Robinson,Austin Hooper,Chris Olave,Devaughn Vele,Oscar Delp,Tyler Shough,9,1,-8.4606,10.0125
Bijan Robinson,Alvin Kamara,Drake London,Kyle Pitts Sr.,Michael Penix Jr.,Treyton Welch,9,1,-11.2348,0.6248
Chris Olave,Alvin Kamara,Daniel Carlson,Drake London,Jahan Dotson,Michael Penix Jr.,9,1,-8.9943,5.8714
Chris Olave,Brian Robinson Jr.,Drake London,Michael Penix Jr.,Oscar Delp,Tyler Shough,9,1,-8.225,12.6729
Chris Olave,Brian Robinson Jr.,Drake London,Falcons,Juwan Johnson,Michael Penix Jr.,9,1,-8.9475,6.1531
Alvin Kamara,Drake London,Jahan Dotson,Juwan Johnson,Michael Penix Jr.,Tyler Shough,9,1,-9.1634,4.9582
Bijan Robinson,Austin Hooper,Chris Olave,Devaughn Vele,Drake London,Oscar Delp,9,1,-9.016,5.7456
Bijan Robinson,Alvin Kamara,Daniel Carlson,Drake London,Falcons,Nick Folk,9,1,-9.2698,4.4578
Devaughn Vele,Alvin Kamara,Chris Olave,Drake London,Oscar Delp,Tyler Shough,9,1,-9.304,4.3078
Nick Folk,Bijan Robinson,Bryce Lance,Chris Olave,Devaughn Vele,Tyler Shough,9,1,-9.9776,2.1965
Tyler Shough,Alvin Kamara,Bijan Robinson,Bryce Lance,Michael Penix Jr.,Nick Folk,9,1,-8.2115,12.8444
Michael Penix Jr.,Bijan Robinson,Brian Robinson Jr.,Drake London,Kendre Miller,Kyle Pitts Sr.,9,1,-10.5213,1.2753
Tyler Shough,Brian Robinson Jr.,Chris Olave,Drake London,Michael Penix Jr.,Olamide Zaccheaus,9,1,-8.6136,8.5917
Oscar Delp,Bijan Robinson,Chris Olave,Devaughn Vele,Michael Penix Jr.,Tyler Shough,9,1,-10.7676,0.9968
Bijan Robinson,Chris Olave,Falcons,Kyle Pitts Sr.,Tyler Shough,Zachariah Branch,9,1,-9.8226,2.5647
Drake London,Alvin Kamara,Bijan Robinson,Kyle Pitts Sr.,Oscar Delp,Tyler Shough,9,1,-8.7667,7.3726
Bijan Robinson,Bryce Lance,Devaughn Vele,Drake London,Tyler Shough,Zachariah Branch,9,1,-9.3187,4.2452
Juwan Johnson,Alvin Kamara,Austin Hooper,Chris Olave,Devaughn Vele,Tyler Shough,9,1,-9.2729,4.444
Chris Olave,Bijan Robinson,Daniel Carlson,Juwan Johnson,Khalil Herbert,Tyler Shough,9,1,-12.0191,0.2852
Devaughn Vele,Bijan Robinson,Chris Olave,Kendre Miller,Oscar Delp,Tyler Shough,9,1,-9.4283,3.8043
Bijan Robinson,Chris Olave,Drake London,Falcons,Jahan Dotson,Saints,9,1,-9.5171,3.4809
Drake London,Alvin Kamara,Bijan Robinson,Daniel Carlson,Michael Penix Jr.,Zachariah Branch,9,1,-10.2316,1.7038
Bijan Robinson,Austin Hooper,Bryce Lance,Chris Olave,Juwan Johnson,Michael Penix Jr.,9,1,-8.0831,14.6046
Bijan Robinson,Austin Hooper,Chris Olave,Daniel Carlson,Falcons,Tyler Shough,9,1,-8.4123,10.5075
Bijan Robinson,Chris Olave,Falcons,Juwan Johnson,Kendre Miller,Nick Folk,9,1,-9.1702,4.9248
Chris Olave,Alvin Kamara,Austin Hooper,Michael Penix Jr.,Nick Folk,Tyler Shough,9,1,-8.9984,5.8475
Michael Penix Jr.,Alvin Kamara,Bijan Robinson,Drake London,Nick Folk,Olamide Zaccheaus,9,1,-10.577,1.2062
Bijan Robinson,Chris Olave,Falcons,Kyle Pitts Sr.,Michael Penix Jr.,Zachariah Branch,9,1,-10.4269,1.4015
Bijan Robinson,Drake London,Jahan Dotson,Nick Folk,Saints,Tyler Shough,9,1,-8.9983,5.8482
Drake London,Alvin Kamara,Jahan Dotson,Michael Penix Jr.,Nick Folk,Tyler Shough,9,1,-8.977,5.9742
Juwan Johnson,Alvin Kamara,Devaughn Vele,Michael Penix Jr.,Nick Folk,Tyler Shough,9,1,-9.2413,4.5864
Tyler Shough,Bijan Robinson,Devaughn Vele,Drake London,Nick Folk,Oscar Delp,9,1,-8.8479,6.7975
Devaughn Vele,Alvin Kamara,Bijan Robinson,Kendre Miller,Saints,Tyler Shough,9,1,-10.5909,1.1895
Chris Olave,Bijan Robinson,Chris Blair,Drake London,Oscar Delp,Tyler Shough,9,1,-10.108,1.9278
Juwan Johnson,Bijan Robinson,Charlie Woerner,Chris Olave,Kyle Pitts Sr.,Tyler Shough,9,1,-10.3921,1.4511
Bijan Robinson,Chris Olave,Devaughn Vele,Falcons,Kyle Pitts Sr.,Saints,9,1,-10.0994,1.9445
Falcons,Alvin Kamara,Bijan Robinson,Chris Olave,Drake London,Saints,9,1,-11.0673,0.7387
Bryce Lance,Bijan Robinson,Chris Olave,Michael Penix Jr.,Nick Folk,Tyler Shough,9,1,-9.8318,2.5412
Bijan Robinson,Austin Hooper,Drake London,Juwan Johnson,Tyler Shough,Zachariah Branch,9,1,-9.6052,3.1874
Chris Olave,Bijan Robinson,Michael Penix Jr.,Olamide Zaccheaus,Oscar Delp,Tyler Shough,9,1,-8.5556,9.1048
Chris Olave,Bijan Robinson,Chris Blair,Michael Penix Jr.,Olamide Zaccheaus,Tyler Shough,9,1,-10.5059,1.2951
Drake London,Alvin Kamara,Daniel Carlson,Jahan Dotson,Michael Penix Jr.,Tyler Shough,9,1,-8.7537,7.4685
Tyler Shough,Austin Hooper,Bijan Robinson,Daniel Carlson,Devaughn Vele,Juwan Johnson,9,1,-8.9087,6.3961
Austin Hooper,Bijan Robinson,Chris Olave,Juwan Johnson,Kyle Pitts Sr.,Tyler Shough,9,1,-10.4179,1.4142
Bijan Robinson,Austin Hooper,Daniel Carlson,Michael Penix Jr.,Nick Folk,Tyler Shough,9,1,-8.4978,9.647
Tyler Shough,Austin Hooper,Barion Brown,Bijan Robinson,Chris Olave,Michael Penix Jr.,9,1,-10.8417,0.9256
Tyler Shough,Alvin Kamara,Bijan Robinson,Falcons,Michael Penix Jr.,Saints,9,1,-9.4902,3.5761
Tyler Shough,Bijan Robinson,Bryce Lance,Chris Olave,Kendre Miller,Nick Folk,9,1,-8.3803,10.8499
Bijan Robinson,Austin Hooper,Drake London,Juwan Johnson,Olamide Zaccheaus,Tyler Shough,9,1,-8.7197,7.7274
Bijan Robinson,Daniel Carlson,Devaughn Vele,Kyle Pitts Sr.,Saints,Tyler Shough,9,1,-9.3573,4.0842
Kyle Pitts Sr.,Bijan Robinson,Bryce Lance,Devaughn Vele,Michael Penix Jr.,Tyler Shough,9,1,-9.1246,5.1541
Olamide Zaccheaus,Bijan Robinson,Chris Olave,Daniel Carlson,Drake London,Tyler Shough,9,1,-10.7636,1.0008
Chris Olave,Bijan Robinson,Charlie Woerner,Juwan Johnson,Saints,Tyler Shough,9,1,-10.5726,1.2115
Chris Olave,Bijan Robinson,Juwan Johnson,Kevin Austin Jr.,Saints,Tyler Shough,9,1,-10.424,1.4055
Tyler Shough,Bryce Lance,Chris Olave,Drake London,Jahan Dotson,Michael Penix Jr.,9,1,-8.0234,15.5032
Chris Olave,Austin Hooper,Devaughn Vele,Juwan Johnson,Kyle Pitts Sr.,Tyler Shough,9,1,-9.3363,4.171
Drake London,Alvin Kamara,Daniel Carlson,Devaughn Vele,Kyle Pitts Sr.,Michael Penix Jr.,9,1,-9.8914,2.3941
Drake London,Bijan Robinson,Bryce Lance,Devaughn Vele,Falcons,Michael Penix Jr.,9,1,-9.1556,4.997
Juwan Johnson,Alvin Kamara,Devaughn Vele,Drake London,Kendre Miller,Michael Penix Jr.,9,1,-10.1272,1.8913
Tyler Shough,Bijan Robinson,Bryce Lance,Chris Olave,Daniel Carlson,Kendre Miller,9,1,-8.157,13.564
Tyler Shough,Bijan Robinson,Chris Olave,Kendre Miller,Kyle Pitts Sr.,Olamide Zaccheaus,9,1,-9.415,3.8554
Juwan Johnson,Chris Olave,Daniel Carlson,Devaughn Vele,Kyle Pitts Sr.,Tyler Shough,9,1,-9.007,5.7975
Juwan Johnson,Bijan Robinson,Daniel Carlson,Falcons,Michael Penix Jr.,Tyler Shough,9,1,-8.5995,8.7141
Bijan Robinson,Austin Hooper,Drake London,Kendre Miller,Michael Penix Jr.,Nick Folk,9,1,-9.6069,3.1821
Saints,Brian Robinson Jr.,Chris Olave,Drake London,Michael Penix Jr.,Tyler Shough,9,1,-9.5585,3.3398
Kyle Pitts Sr.,Bijan Robinson,Bryce Lance,Drake London,Juwan Johnson,Tyler Shough,9,1,-8.6291,8.4603
Bijan Robinson,Daniel Carlson,Juwan Johnson,Nick Folk,Saints,Tyler Shough,9,1,-8.76,7.4221
Drake London,Bryce Lance,Chris Olave,Daniel Carlson,Devaughn Vele,Tyler Shough,9,1,-8.1012,14.3431
Chris Olave,Austin Hooper,Bijan Robinson,Daniel Carlson,Saints,Tyler Shough,9,1,-9.1825,4.8645
Saints,Austin Hooper,Bijan Robinson,Chris Olave,Devaughn Vele,Tyler Shough,9,1,-10.2222,1.7199
Chris Olave,Drake London,Juwan Johnson,Kyle Pitts Sr.,Oscar Delp,Tyler Shough,9,1,-8.6055,8.6623
Bijan Robinson,Falcons,Kyle Pitts Sr.,Michael Penix Jr.,Saints,Tyler Shough,9,1,-9.4171,3.8473
Tyler Shough,Bijan Robinson,Daniel Carlson,Juwan Johnson,Kendre Miller,Kyle Pitts Sr.,9,1,-9.0464,5.5734
Chris Olave,Juwan Johnson,Kendre Miller,Kyle Pitts Sr.,Nick Folk,Tyler Shough,9,1,-9.3233,4.2254
Chris Olave,Daniel Carlson,Kendre Miller,Michael Penix Jr.,Nick Folk,Tyler Shough,9,1,-8.9124,6.373
Chris Olave,Drake London,Kendre Miller,Michael Penix Jr.,Treyton Welch,Tyler Shough,9,1,-10.9981,0.7917
Drake London,Charlie Woerner,Devaughn Vele,Juwan Johnson,Michael Penix Jr.,Tyler Shough,9,1,-10.6302,1.1436
Juwan Johnson,Devaughn Vele,Drake London,Kendre Miller,Kyle Pitts Sr.,Tyler Shough,9,1,-9.9175,2.3324
Drake London,Chris Olave,Daniel Carlson,Kendre Miller,Michael Penix Jr.,Nick Folk,9,1,-9.4257,3.814
Drake London,Bryce Lance,Chris Olave,Michael Penix Jr.,Olamide Zaccheaus,Tyler Shough,9,1,-8.4287,10.3373
Drake London,Devaughn Vele,Falcons,Kendre Miller,Michael Penix Jr.,Tyler Shough,9,1,-9.6768,2.9672
Drake London,Devaughn Vele,Juwan Johnson,Kendre Miller,Kyle Pitts Sr.,Michael Penix Jr.,9,1,-10.1486,1.8512
Drake London,Daniel Carlson,Falcons,Juwan Johnson,Michael Penix Jr.,Tyler Shough,9,1,-8.6764,8.069
Tyler Shough,Austin Hooper,Chris Olave,Drake London,Juwan Johnson,Saints,9,1,-9.3551,4.0934
Drake London,Kendre Miller,Kyle Pitts Sr.,Michael Penix Jr.,Nick Folk,Tyler Shough,9,1,-9.6011,3.2007
Brian Robinson Jr.,Alvin Kamara,Bijan Robinson,Chris Olave,Daniel Carlson,Tyler Shough,8,1,-9.3949,3.9336
Bijan Robinson,Alvin Kamara,Brian Robinson Jr.,Chris Blair,Chris Olave,Tyler Shough,8,1,-9.6307,3.1073
Bijan Robinson,Alvin Kamara,Brian Robinson Jr.,Devaughn Vele,Drake London,Falcons,8,1,-9.2065,4.7492
Bijan Robinson,Brian Robinson Jr.,Devaughn Vele,Drake London,Jahan Dotson,Juwan Johnson,8,1,-8.6907,7.9546
Bijan Robinson,Brian Robinson Jr.,Chris Olave,Devaughn Vele,Treyton Welch,Tyler Shough,8,1,-10.0804,1.9818
Drake London,Alvin Kamara,Bijan Robinson,Brian Robinson Jr.,Jahan Dotson,Michael Penix Jr.,8,1,-8.8895,6.5206
Kyle Pitts Sr.,Alvin Kamara,Bijan Robinson,Brian Robinson Jr.,Chris Olave,Juwan Johnson,8,1,-9.3134,4.2676
Bijan Robinson,Alvin Kamara,Brian Robinson Jr.,Daniel Carlson,Juwan Johnson,Michael Penix Jr.,8,1,-8.2651,12.1739
Brian Robinson Jr.,Alvin Kamara,Chris Olave,Juwan Johnson,Michael Penix Jr.,Tyler Shough,8,1,-9.5766,3.2799
Tyler Shough,Bijan Robinson,Brian Robinson Jr.,Devaughn Vele,Jahan Dotson,Michael Penix Jr.,8,1,-8.5659,9.0115
Chris Olave,Bijan Robinson,Brian Robinson Jr.,Daniel Carlson,Devaughn Vele,Nick Folk,8,1,-8.9781,5.9674
Brian Robinson Jr.,Austin Hooper,Bijan Robinson,Chris Olave,Drake London,Juwan Johnson,8,1,-10.3142,1.5687
Tyler Shough,Alvin Kamara,Brian Robinson Jr.,Chris Olave,Devaughn Vele,Kyle Pitts Sr.,8,1,-9.0425,5.5952
Bijan Robinson,Alvin Kamara,Devaughn Vele,Jahan Dotson,Juwan Johnson,Kyle Pitts Sr.,8,1,-9.4166,3.8491
Chris Olave,Brian Robinson Jr.,Devaughn Vele,Jahan Dotson,Michael Penix Jr.,Tyler Shough,8,1,-8.6196,8.5409
Nick Folk,Bijan Robinson,Brian Robinson Jr.,Chris Olave,Kyle Pitts Sr.,Tyler Shough,8,1,-10.3253,1.5514
Bijan Robinson,Brian Robinson Jr.,Devaughn Vele,Kendre Miller,Kyle Pitts Sr.,Tyler Shough,8,1,-9.0559,5.5209
Bijan Robinson,Chris Olave,Devaughn Vele,Jahan Dotson,Kevin Austin Jr.,Tyler Shough,8,1,-9.8814,2.4183
Chris Olave,Alvin Kamara,Brian Robinson Jr.,Falcons,Michael Penix Jr.,Tyler Shough,8,1,-8.6886,7.9709
Alvin Kamara,Bijan Robinson,Daniel Carlson,Drake London,Jahan Dotson,Tyler Shough,8,1,-8.9816,5.9465
Jahan Dotson,Alvin Kamara,Bijan Robinson,Juwan Johnson,Michael Penix Jr.,Tyler Shough,8,1,-10.1847,1.7855
Michael Penix Jr.,Bijan Robinson,Brian Robinson Jr.,Devaughn Vele,Juwan Johnson,Nick Folk,8,1,-10.0323,2.0796
Chris Olave,Brian Robinson Jr.,Jahan Dotson,Juwan Johnson,Michael Penix Jr.,Tyler Shough,8,1,-8.1729,13.3507
Bijan Robinson,Austin Hooper,Brian Robinson Jr.,Drake London,Nick Folk,Tyler Shough,8,1,-8.4794,9.8262
Kyle Pitts Sr.,Alvin Kamara,Brian Robinson Jr.,Chris Olave,Drake London,Tyler Shough,8,1,-9.1222,5.1668
Drake London,Alvin Kamara,Brian Robinson Jr.,Chris Olave,Falcons,Tyler Shough,8,1,-8.5978,8.7293
Alvin Kamara,Bijan Robinson,Devaughn Vele,Drake London,Treyton Welch,Tyler Shough,8,1,-11.499,0.4797
Alvin Kamara,Bijan Robinson,Chris Olave,Daniel Carlson,Tyler Shough,Zachariah Branch,8,1,-9.9974,2.1534
Bijan Robinson,Brian Robinson Jr.,Daniel Carlson,Drake London,Juwan Johnson,Kyle Pitts Sr.,8,1,-8.6109,8.6155
Alvin Kamara,Bijan Robinson,Daniel Carlson,Drake London,Jahan Dotson,Michael Penix Jr.,8,1,-9.5859,3.2496
Bijan Robinson,Alvin Kamara,Bryce Lance,Devaughn Vele,Drake London,Nick Folk,8,1,-8.783,7.2534
Michael Penix Jr.,Alvin Kamara,Brian Robinson Jr.,Devaughn Vele,Drake London,Juwan Johnson,8,1,-10.2384,1.6921
Bijan Robinson,Alvin Kamara,Charlie Woerner,Chris Olave,Falcons,Tyler Shough,8,1,-10.099,1.9453
Bijan Robinson,Alvin Kamara,Chris Olave,Falcons,Kevin Austin Jr.,Tyler Shough,8,1,-9.9504,2.2569
Chris Olave,Bijan Robinson,Devaughn Vele,Jahan Dotson,Oscar Delp,Tyler Shough,8,1,-8.5524,9.1344
Brian Robinson Jr.,Devaughn Vele,Drake London,Juwan Johnson,Michael Penix Jr.,Tyler Shough,8,1,-10.0836,1.9756
Alvin Kamara,Bijan Robinson,Bryce Lance,Chris Olave,Kyle Pitts Sr.,Michael Penix Jr.,8,1,-9.206,4.7515
Juwan Johnson,Brian Robinson Jr.,Chris Olave,Devaughn Vele,Nick Folk,Tyler Shough,8,1,-8.8868,6.5378
Tyler Shough,Bijan Robinson,Brian Robinson Jr.,Drake London,Michael Penix Jr.,Oscar Delp,8,1,-8.1713,13.3711
Chris Olave,Brian Robinson Jr.,Devaughn Vele,Drake London,Olamide Zaccheaus,Tyler Shough,8,1,-9.0577,5.511
Bijan Robinson,Bryce Lance,Devaughn Vele,Jahan Dotson,Michael Penix Jr.,Tyler Shough,8,1,-7.995,15.9499
Juwan Johnson,Brian Robinson Jr.,Chris Olave,Devaughn Vele,Kyle Pitts Sr.,Tyler Shough,8,1,-9.0375,5.6235
Kyle Pitts Sr.,Alvin Kamara,Bijan Robinson,Jahan Dotson,Michael Penix Jr.,Tyler Shough,8,1,-9.3715,4.0265
Kendre Miller,Bijan Robinson,Brian Robinson Jr.,Chris Olave,Kyle Pitts Sr.,Tyler Shough,8,1,-10.041,2.0614
Noah Fant,Bijan Robinson,Brian Robinson Jr.,Chris Olave,Juwan Johnson,Tyler Shough,8,1,-11.9787,0.2969
Alvin Kamara,Bijan Robinson,Bryce Lance,Chris Olave,Drake London,Kendre Miller,8,1,-9.3369,4.1684
Bijan Robinson,Chris Olave,Jahan Dotson,Juwan Johnson,Michael Penix Jr.,Olamide Zaccheaus,8,1,-8.6309,8.4444
Kyle Pitts Sr.,Bijan Robinson,Brian Robinson Jr.,Chris Olave,Kendre Miller,Michael Penix Jr.,8,1,-9.8508,2.4935
Bijan Robinson,Alvin Kamara,Juwan Johnson,Nick Folk,Olamide Zaccheaus,Tyler Shough,8,1,-8.6649,8.1622
Chris Olave,Bijan Robinson,Drake London,Falcons,Jahan Dotson,Nick Folk,8,1,-9.2828,4.4002
Bijan Robinson,Alvin Kamara,Austin Hooper,Daniel Carlson,Juwan Johnson,Tyler Shough,8,1,-8.2909,11.8645
Bijan Robinson,Alvin Kamara,Charlie Woerner,Chris Olave,Saints,Tyler Shough,8,1,-10.4412,1.3816
Bijan Robinson,Alvin Kamara,Chris Olave,Daniel Carlson,Nick Folk,Saints,8,1,-9.2551,4.5236
Alvin Kamara,Austin Hooper,Bijan Robinson,Daniel Carlson,Drake London,Tyler Shough,8,1,-9.3178,4.2486
Kyle Pitts Sr.,Bijan Robinson,Chris Olave,Jahan Dotson,Nick Folk,Tyler Shough,8,1,-9.2098,4.7333
Bijan Robinson,Alvin Kamara,Drake London,Falcons,Michael Penix Jr.,Zachariah Branch,8,1,-10.389,1.4556
Drake London,Brian Robinson Jr.,CJ Donaldson,Chris Olave,Michael Penix Jr.,Tyler Shough,8,1,-9.222,4.6759
Bijan Robinson,Alvin Kamara,Devaughn Vele,Juwan Johnson,Kyle Pitts Sr.,Saints,8,1,-9.9779,2.1957
Bijan Robinson,Alvin Kamara,Daniel Carlson,Drake London,Michael Penix Jr.,Oscar Delp,8,1,-8.611,8.6141
Michael Penix Jr.,Bijan Robinson,Chris Olave,Jahan Dotson,Oscar Delp,Tyler Shough,8,1,-9.0344,5.6411
Bijan Robinson,Charlie Woerner,Chris Olave,Kyle Pitts Sr.,Nick Folk,Tyler Shough,8,1,-10.1734,1.8058
Devaughn Vele,Alvin Kamara,Austin Hooper,Chris Olave,Juwan Johnson,Tyler Shough,8,1,-9.5881,3.2424
Kyle Pitts Sr.,Alvin Kamara,Bijan Robinson,Chris Olave,Michael Penix Jr.,Olamide Zaccheaus,8,1,-10.0571,2.0285
Drake London,Alvin Kamara,Bijan Robinson,CJ Donaldson,Kyle Pitts Sr.,Michael Penix Jr.,8,1,-10.41,1.4254
Chris Olave,Bijan Robinson,Daniel Carlson,Devaughn Vele,Juwan Johnson,Olamide Zaccheaus,8,1,-9.2184,4.6928
Bijan Robinson,Falcons,Jahan Dotson,Kyle Pitts Sr.,Michael Penix Jr.,Tyler Shough,8,1,-8.8557,6.7445
Kyle Pitts Sr.,Brian Robinson Jr.,Chris Olave,Drake London,Juwan Johnson,Michael Penix Jr.,8,1,-9.4299,3.7982
Jahan Dotson,Bijan Robinson,Chris Olave,Michael Penix Jr.,Saints,Tyler Shough,8,1,-10.6483,1.1231
Bijan Robinson,Barion Brown,Charlie Woerner,Chris Olave,Drake London,Tyler Shough,8,1,-12.0325,0.2814
Bijan Robinson,Bryce Lance,Chris Olave,Juwan Johnson,Oscar Delp,Tyler Shough,8,1,-7.2806,32.5833
Tyler Shough,Bijan Robinson,Chris Olave,Juwan Johnson,Nick Folk,Nick Muse,8,1,-11.8438,0.3398
Bijan Robinson,Barion Brown,Chris Olave,Daniel Carlson,Kyle Pitts Sr.,Tyler Shough,8,1,-10.4417,1.3808
Bijan Robinson,Chris Olave,Daniel Carlson,Jahan Dotson,Michael Penix Jr.,Saints,8,1,-9.0225,5.7082
Bijan Robinson,Bryce Lance,Daniel Carlson,Devaughn Vele,Drake London,Juwan Johnson,8,1,-8.2632,12.198
Chris Olave,Bijan Robinson,Bryce Lance,Drake London,Nick Muse,Tyler Shough,8,1,-11.4222,0.518
Drake London,Brian Robinson Jr.,Chris Olave,Daniel Carlson,Kyle Pitts Sr.,Michael Penix Jr.,8,1,-9.0532,5.5361
Tyler Shough,Austin Hooper,Bijan Robinson,Chris Olave,Devaughn Vele,Olamide Zaccheaus,8,1,-9.2773,4.4245
Bijan Robinson,Chris Olave,Kendre Miller,Nick Folk,Oscar Delp,Tyler Shough,8,1,-8.4476,10.1431
CJ Donaldson,Bijan Robinson,Chris Olave,Daniel Carlson,Drake London,Tyler Shough,8,1,-11.4103,0.5242
Juwan Johnson,Bijan Robinson,Chris Olave,Devaughn Vele,Kyle Pitts Sr.,Olamide Zaccheaus,8,1,-9.9235,2.3184
Chris Olave,Alvin Kamara,Kyle Pitts Sr.,Michael Penix Jr.,Tyler Shough,Zachariah Branch,8,1,-10.1854,1.7843
Nick Folk,Bijan Robinson,Chris Olave,Michael Penix Jr.,Oscar Delp,Tyler Shough,8,1,-10.0289,2.0866
Drake London,Bijan Robinson,CJ Donaldson,Chris Olave,Oscar Delp,Tyler Shough,8,1,-9.1548,5.0009
Chris Olave,Austin Hooper,Bijan Robinson,Falcons,Nick Folk,Tyler Shough,8,1,-9.0636,5.4785
Bijan Robinson,Austin Hooper,Chris Olave,Falcons,Kyle Pitts Sr.,Michael Penix Jr.,8,1,-9.3905,3.9508
Tyler Shough,Bijan Robinson,Charlie Woerner,Chris Olave,Drake London,Zachariah Branch,8,1,-11.3376,0.5637
Michael Penix Jr.,Austin Hooper,Bijan Robinson,CJ Donaldson,Chris Olave,Tyler Shough,8,1,-10.4096,1.4259
Alvin Kamara,Chris Olave,Daniel Carlson,Kendre Miller,Michael Penix Jr.,Tyler Shough,8,1,-9.3533,4.1006
Tyler Shough,Alvin Kamara,Chris Olave,Drake London,Jahan Dotson,Saints,8,1,-9.3154,4.2591
Juwan Johnson,Bijan Robinson,CJ Donaldson,Chris Olave,Kendre Miller,Tyler Shough,8,1,-9.7054,2.8836
Bijan Robinson,Daniel Carlson,Devaughn Vele,Falcons,Kyle Pitts Sr.,Michael Penix Jr.,8,1,-9.6195,3.1423
Kyle Pitts Sr.,Bijan Robinson,Chris Olave,Falcons,Nick Folk,Tyler Shough,8,1,-9.429,3.8015
Chris Olave,Drake London,Falcons,Jahan Dotson,Juwan Johnson,Tyler Shough,8,1,-8.637,8.3933
Tyler Shough,Austin Hooper,Bijan Robinson,Chris Olave,Drake London,Treyton Welch,8,1,-10.6455,1.1263
Bijan Robinson,Drake London,Falcons,Jahan Dotson,Kendre Miller,Michael Penix Jr.,8,1,-9.5909,3.2334
Michael Penix Jr.,Alvin Kamara,Drake London,Jahan Dotson,Kyle Pitts Sr.,Tyler Shough,8,1,-10.1354,1.8758
Chris Olave,Alvin Kamara,Austin Hooper,Daniel Carlson,Michael Penix Jr.,Tyler Shough,8,1,-8.7752,7.3102
Chris Olave,Bijan Robinson,Kevin Austin Jr.,Michael Penix Jr.,Olamide Zaccheaus,Tyler Shough,8,1,-10.3126,1.5712
Chris Olave,Bijan Robinson,Falcons,Juwan Johnson,Michael Penix Jr.,Olamide Zaccheaus,8,1,-9.2781,4.4207
Chris Olave,Alvin Kamara,Kyle Pitts Sr.,Michael Penix Jr.,Olamide Zaccheaus,Tyler Shough,8,1,-9.2999,4.3257
Tyler Shough,Bijan Robinson,Devaughn Vele,Kyle Pitts Sr.,Michael Penix Jr.,Oscar Delp,8,1,-9.0474,5.568
Bijan Robinson,Daniel Carlson,Drake London,Nick Folk,Olamide Zaccheaus,Tyler Shough,8,1,-8.5997,8.7124
Oscar Delp,Bijan Robinson,Devaughn Vele,Drake London,Michael Penix Jr.,Tyler Shough,8,1,-11.1244,0.6977
Bijan Robinson,Bryce Lance,Charlie Woerner,Drake London,Michael Penix Jr.,Tyler Shough,8,1,-9.506,3.5201
Drake London,Alvin Kamara,Devaughn Vele,Falcons,Juwan Johnson,Michael Penix Jr.,8,1,-9.7437,2.7751
Drake London,Austin Hooper,Bijan Robinson,Bryce Lance,Chris Olave,Juwan Johnson,8,1,-8.4202,10.4251
Falcons,Bijan Robinson,Chris Olave,Drake London,Kyle Pitts Sr.,Nick Folk,8,1,-10.7996,0.9655
Austin Hooper,Bijan Robinson,Chris Olave,Drake London,Juwan Johnson,Kyle Pitts Sr.,8,1,-10.9733,0.8115
Chris Olave,Daniel Carlson,Devaughn Vele,Kyle Pitts Sr.,Nick Folk,Tyler Shough,8,1,-9.2163,4.7027
Tyler Shough,Alvin Kamara,Drake London,Juwan Johnson,Kyle Pitts Sr.,Nick Folk,8,1,-9.1454,5.0482
Tyler Shough,Bijan Robinson,Daniel Carlson,Devaughn Vele,Kendre Miller,Nick Folk,8,1,-9.3425,4.1452
Drake London,Austin Hooper,Bijan Robinson,Charlie Woerner,Chris Olave,Michael Penix Jr.,8,1,-10.8238,0.9423
Chris Olave,Drake London,Jahan Dotson,Kendre Miller,Nick Folk,Tyler Shough,8,1,-9.1877,4.8389
Drake London,Bijan Robinson,Bryce Lance,Chris Olave,Michael Penix Jr.,Oscar Delp,8,1,-8.185,13.19
Tyler Shough,Bijan Robinson,Bryce Lance,Devaughn Vele,Kendre Miller,Michael Penix Jr.,8,1,-8.6921,7.943
Tyler Shough,Austin Hooper,Chris Olave,Drake London,Jahan Dotson,Michael Penix Jr.,8,1,-8.7567,7.4468
Nick Folk,Chris Olave,Devaughn Vele,Juwan Johnson,Kyle Pitts Sr.,Tyler Shough,8,1,-10.9603,0.8221
Michael Penix Jr.,Austin Hooper,Bijan Robinson,Chris Olave,Drake London,Oscar Delp,8,1,-9.926,2.3128
Michael Penix Jr.,Bijan Robinson,CJ Donaldson,Drake London,Falcons,Tyler Shough,8,1,-10.6494,1.1219
Bijan Robinson,Drake London,Falcons,Juwan Johnson,Kendre Miller,Nick Folk,8,1,-9.527,3.4469
Kyle Pitts Sr.,Chris Olave,Devaughn Vele,Juwan Johnson,Nick Folk,Tyler Shough,8,1,-9.5511,3.3648
Tyler Shough,Bijan Robinson,Juwan Johnson,Michael Penix Jr.,Nick Folk,Olamide Zaccheaus,8,1,-8.799,7.1378
Bijan Robinson,Bryce Lance,Drake London,Falcons,Michael Penix Jr.,Nick Folk,8,1,-8.8634,6.6928
Kyle Pitts Sr.,Bijan Robinson,Devaughn Vele,Juwan Johnson,Kendre Miller,Michael Penix Jr.,8,1,-10.3925,1.4506
Juwan Johnson,Austin Hooper,Bijan Robinson,Daniel Carlson,Michael Penix Jr.,Tyler Shough,8,1,-8.7165,7.7519
Tyler Shough,CJ Donaldson,Chris Olave,Drake London,Juwan Johnson,Kyle Pitts Sr.,8,1,-9.6842,2.9453
Drake London,Bijan Robinson,Juwan Johnson,Kyle Pitts Sr.,Michael Penix Jr.,Oscar Delp,8,1,-9.0744,5.4197
Tyler Shough,Alvin Kamara,Chris Olave,Drake London,Falcons,Saints,8,1,-9.5346,3.4206
Drake London,Jahan Dotson,Juwan Johnson,Michael Penix Jr.,Nick Folk,Tyler Shough,8,1,-8.6804,8.0365
Devaughn Vele,Bijan Robinson,Juwan Johnson,Kendre Miller,Saints,Tyler Shough,8,1,-10.2943,1.6002
Falcons,Bijan Robinson,Chris Olave,Juwan Johnson,Saints,Tyler Shough,8,1,-10.2154,1.7316
Tyler Shough,Bijan Robinson,Drake London,Juwan Johnson,Kendre Miller,Oscar Delp,8,1,-8.7316,7.6354
Drake London,Chris Olave,Daniel Carlson,Devaughn Vele,Olamide Zaccheaus,Tyler Shough,8,1,-8.9852,5.9253
Tyler Shough,Austin Hooper,Bijan Robinson,Chris Olave,Kyle Pitts Sr.,Saints,8,1,-9.5961,3.2167
Kendre Miller,Chris Olave,Drake London,Jahan Dotson,Michael Penix Jr.,Tyler Shough,8,1,-10.0567,2.0293
Michael Penix Jr.,Bijan Robinson,Daniel Carlson,Drake London,Falcons,Nick Folk,8,1,-10.3299,1.5442
Chris Olave,Alvin Kamara,Daniel Carlson,Kyle Pitts Sr.,Saints,Tyler Shough,8,1,-9.7285,2.8177
Chris Olave,Daniel Carlson,Drake London,Juwan Johnson,Kyle Pitts Sr.,Nick Folk,8,1,-9.325,4.2183
Chris Olave,Bryce Lance,Drake London,Michael Penix Jr.,Tyler Shough,Zachariah Branch,8,1,-9.3562,4.0886
Juwan Johnson,Chris Olave,Daniel Carlson,Drake London,Falcons,Tyler Shough,8,1,-8.644,8.3352
Michael Penix Jr.,Chris Olave,Daniel Carlson,Kyle Pitts Sr.,Nick Folk,Tyler Shough,8,1,-9.6983,2.9042
Saints,Bijan Robinson,Bryce Lance,Chris Olave,Michael Penix Jr.,Tyler Shough,8,1,-9.0052,5.8083
Tyler Shough,Chris Olave,Drake London,Juwan Johnson,Kendre Miller,Zachariah Branch,8,1,-10.0595,2.0237
Drake London,Bryce Lance,Chris Olave,Juwan Johnson,Kyle Pitts Sr.,Michael Penix Jr.,8,1,-8.6326,8.4299
Michael Penix Jr.,Bijan Robinson,Daniel Carlson,Drake London,Falcons,Kendre Miller,8,1,-10.6604,1.1097
Drake London,Chris Olave,Juwan Johnson,Kyle Pitts Sr.,Michael Penix Jr.,Olamide Zaccheaus,8,1,-9.5167,3.4825
Saints,Bijan Robinson,Daniel Carlson,Drake London,Juwan Johnson,Tyler Shough,8,1,-9.4718,3.6424
Tyler Shough,Devaughn Vele,Drake London,Juwan Johnson,Kyle Pitts Sr.,Saints,8,1,-9.9579,2.2401
Chris Olave,Daniel Carlson,Juwan Johnson,Kyle Pitts Sr.,Saints,Tyler Shough,8,1,-9.432,3.7904
Drake London,Falcons,Juwan Johnson,Kendre Miller,Michael Penix Jr.,Tyler Shough,8,1,-9.2301,4.6381
Saints,Chris Olave,Drake London,Juwan Johnson,Kyle Pitts Sr.,Tyler Shough,8,1,-9.939,2.2828
Brian Robinson Jr.,Bijan Robinson,Chris Olave,Jahan Dotson,Juwan Johnson,Tyler Shough,7,1,-9.4226,3.8261
Alvin Kamara,Bijan Robinson,Brian Robinson Jr.,Chris Olave,Daniel Carlson,Juwan Johnson,7,1,-8.9724,6.0018
Brian Robinson Jr.,Alvin Kamara,Chris Olave,Devaughn Vele,Drake London,Juwan Johnson,7,1,-10.6158,1.1603
Tyler Shough,Alvin Kamara,Bijan Robinson,Brian Robinson Jr.,Daniel Carlson,Devaughn Vele,7,1,-8.5753,8.9277
Jahan Dotson,Bijan Robinson,Brian Robinson Jr.,Chris Olave,Drake London,Michael Penix Jr.,7,1,-10.3486,1.5157
Alvin Kamara,Bijan Robinson,Chris Olave,Devaughn Vele,Jahan Dotson,Kyle Pitts Sr.,7,1,-10.0868,1.9693
Bijan Robinson,Alvin Kamara,Brian Robinson Jr.,Drake London,Falcons,Juwan Johnson,7,1,-8.7597,7.4238
Michael Penix Jr.,Bijan Robinson,Brian Robinson Jr.,Devaughn Vele,Drake London,Jahan Dotson,7,1,-10.0474,2.0484
Alvin Kamara,Bijan Robinson,Chris Olave,Falcons,Jahan Dotson,Tyler Shough,7,1,-9.1683,4.9338
Bijan Robinson,Brian Robinson Jr.,Chris Olave,Daniel Carlson,Devaughn Vele,Kendre Miller,7,1,-8.8806,6.5788
Alvin Kamara,Bijan Robinson,Devaughn Vele,Jahan Dotson,Juwan Johnson,Michael Penix Jr.,7,1,-9.8013,2.6199
Brian Robinson Jr.,Bijan Robinson,Devaughn Vele,Drake London,Kendre Miller,Tyler Shough,7,1,-10.4555,1.3619
Tyler Shough,Alvin Kamara,Austin Hooper,Bijan Robinson,Brian Robinson Jr.,Drake London,7,1,-8.7031,7.8562
Devaughn Vele,Alvin Kamara,Brian Robinson Jr.,Chris Olave,Drake London,Kyle Pitts Sr.,7,1,-10.2047,1.7503
Bijan Robinson,Alvin Kamara,Bryce Lance,Chris Olave,Jahan Dotson,Michael Penix Jr.,7,1,-8.0434,15.1956
Drake London,Alvin Kamara,Austin Hooper,Bijan Robinson,Brian Robinson Jr.,Tyler Shough,7,1,-8.6214,8.5251
Bijan Robinson,Brian Robinson Jr.,Bryce Lance,Chris Olave,Daniel Carlson,Tyler Shough,7,1,-7.1661,36.5388
Bijan Robinson,Alvin Kamara,Chris Olave,Jahan Dotson,Michael Penix Jr.,Olamide Zaccheaus,7,1,-8.9275,6.2774
Chris Olave,Bijan Robinson,Brian Robinson Jr.,Drake London,Juwan Johnson,Oscar Delp,7,1,-8.3673,10.9918
Bijan Robinson,Brian Robinson Jr.,Devaughn Vele,Drake London,Falcons,Nick Folk,7,1,-9.4504,3.7211
Brian Robinson Jr.,Bijan Robinson,Chris Olave,Juwan Johnson,Saints,Tyler Shough,7,1,-9.9839,2.1826
Brian Robinson Jr.,Bijan Robinson,Drake London,Juwan Johnson,Kyle Pitts Sr.,Michael Penix Jr.,7,1,-10.4333,1.3925
Jahan Dotson,Bijan Robinson,Chris Olave,Devaughn Vele,Nick Folk,Tyler Shough,7,1,-10.4697,1.3427
Juwan Johnson,Bijan Robinson,Brian Robinson Jr.,Devaughn Vele,Drake London,Nick Folk,7,1,-9.3489,4.1187
Bijan Robinson,Brian Robinson Jr.,Chris Blair,Drake London,Juwan Johnson,Tyler Shough,7,1,-9.6909,2.9256
Bijan Robinson,Brian Robinson Jr.,Drake London,Juwan Johnson,Oscar Delp,Tyler Shough,7,1,-7.7407,20.5684
Kyle Pitts Sr.,Bijan Robinson,Brian Robinson Jr.,Devaughn Vele,Juwan Johnson,Tyler Shough,7,1,-9.2649,4.4794
Juwan Johnson,Bijan Robinson,Brian Robinson Jr.,Chris Olave,Oscar Delp,Tyler Shough,7,1,-8.1431,13.754
Tyler Shough,Bijan Robinson,Brian Robinson Jr.,Devaughn Vele,Drake London,Olamide Zaccheaus,7,1,-9.0041,5.8146
Alvin Kamara,Bijan Robinson,Chris Olave,Juwan Johnson,Michael Penix Jr.,Oscar Delp,7,1,-9.0499,5.5541
Bijan Robinson,Brian Robinson Jr.,Chris Olave,Drake London,Kendre Miller,Olamide Zaccheaus,7,1,-9.1592,4.9789
Brian Robinson Jr.,Chris Olave,Drake London,Juwan Johnson,Kyle Pitts Sr.,Tyler Shough,7,1,-9.9224,2.3212
Bijan Robinson,Alvin Kamara,Chris Olave,Olamide Zaccheaus,Tyler Shough,Zachariah Branch,7,1,-9.6958,2.9115
Alvin Kamara,Bijan Robinson,Chris Olave,Daniel Carlson,Kyle Pitts Sr.,Nick Folk,7,1,-9.8563,2.4797
Bijan Robinson,Brian Robinson Jr.,Drake London,Juwan Johnson,Kendre Miller,Nick Folk,7,1,-9.0139,5.7574
Bijan Robinson,Alvin Kamara,Devaughn Vele,Kyle Pitts Sr.,Michael Penix Jr.,Zachariah Branch,7,1,-10.7521,1.0124
Chris Olave,Brian Robinson Jr.,Devaughn Vele,Falcons,Michael Penix Jr.,Tyler Shough,7,1,-8.8388,6.8596
Chris Olave,Brian Robinson Jr.,Daniel Carlson,Devaughn Vele,Drake London,Juwan Johnson,7,1,-8.8877,6.5318
Olamide Zaccheaus,Alvin Kamara,Bijan Robinson,Chris Olave,Devaughn Vele,Tyler Shough,7,1,-11.2756,0.5998
Bijan Robinson,Brian Robinson Jr.,Drake London,Juwan Johnson,Kendre Miller,Kyle Pitts Sr.,7,1,-9.1646,4.9522
Devaughn Vele,Alvin Kamara,Bijan Robinson,Falcons,Nick Folk,Tyler Shough,7,1,-9.9183,2.3306
Chris Olave,Alvin Kamara,Bijan Robinson,Bryce Lance,Tyler Shough,Zachariah Branch,7,1,-9.2397,4.5939
Bijan Robinson,Bryce Lance,CJ Donaldson,Chris Olave,Devaughn Vele,Tyler Shough,7,1,-8.7664,7.3746
Tyler Shough,Austin Hooper,Bijan Robinson,Brian Robinson Jr.,Chris Olave,Kendre Miller,7,1,-8.9208,6.3197
Kyle Pitts Sr.,Bijan Robinson,Chris Olave,Devaughn Vele,Jahan Dotson,Juwan Johnson,7,1,-9.7573,2.7377
Bijan Robinson,Daniel Carlson,Devaughn Vele,Jahan Dotson,Juwan Johnson,Michael Penix Jr.,7,1,-8.7091,7.8096
Alvin Kamara,Bijan Robinson,Daniel Carlson,Devaughn Vele,Kendre Miller,Tyler Shough,7,1,-9.7437,2.7752
Bijan Robinson,Alvin Kamara,Austin Hooper,Devaughn Vele,Kendre Miller,Tyler Shough,7,1,-9.2913,4.3629
Kyle Pitts Sr.,Alvin Kamara,Bijan Robinson,CJ Donaldson,Chris Olave,Drake London,7,1,-10.6983,1.0683
Devaughn Vele,Bijan Robinson,Jahan Dotson,Juwan Johnson,Kyle Pitts Sr.,Tyler Shough,7,1,-9.5532,3.3577
Juwan Johnson,Alvin Kamara,Bijan Robinson,Bryce Lance,Devaughn Vele,Drake London,7,1,-9.0017,5.8285
Devaughn Vele,Bijan Robinson,Drake London,Falcons,Jahan Dotson,Tyler Shough,7,1,-9.6368,3.0883
Devaughn Vele,Bijan Robinson,Charlie Woerner,Chris Olave,Nick Folk,Tyler Shough,7,1,-11.0034,0.7874
Kyle Pitts Sr.,Alvin Kamara,Bijan Robinson,Devaughn Vele,Michael Penix Jr.,Nick Folk,7,1,-10.3585,1.5006
Alvin Kamara,CJ Donaldson,Chris Olave,Drake London,Juwan Johnson,Tyler Shough,7,1,-9.9348,2.2925
Bijan Robinson,Alvin Kamara,Daniel Carlson,Falcons,Juwan Johnson,Michael Penix Jr.,7,1,-8.7782,7.2884
Bijan Robinson,Alvin Kamara,Daniel Carlson,Juwan Johnson,Kyle Pitts Sr.,Nick Folk,7,1,-9.1861,4.8467
Kyle Pitts Sr.,Alvin Kamara,Bijan Robinson,Chris Olave,Michael Penix Jr.,Zachariah Branch,7,1,-10.9427,0.8367
Chris Olave,Bijan Robinson,Bryce Lance,Jahan Dotson,Kyle Pitts Sr.,Tyler Shough,7,1,-8.2618,12.2151
Bijan Robinson,Alvin Kamara,Bryce Lance,Falcons,Michael Penix Jr.,Tyler Shough,7,1,-8.0641,14.8854
Juwan Johnson,Bijan Robinson,Devaughn Vele,Jahan Dotson,Kyle Pitts Sr.,Tyler Shough,7,1,-9.2379,4.602
Drake London,Bijan Robinson,Brian Robinson Jr.,Juwan Johnson,Michael Penix Jr.,Olamide Zaccheaus,7,1,-9.0799,5.3898
Chris Olave,Brian Robinson Jr.,Chris Blair,Drake London,Michael Penix Jr.,Tyler Shough,7,1,-10.1752,1.8026
Chris Olave,Alvin Kamara,Devaughn Vele,Juwan Johnson,Kyle Pitts Sr.,Nick Folk,7,1,-9.8369,2.5282
Chris Olave,Bijan Robinson,Bryce Lance,Devaughn Vele,Tyler Shough,Zachariah Branch,7,1,-9.3899,3.9534
Bijan Robinson,Alvin Kamara,Falcons,Kyle Pitts Sr.,Michael Penix Jr.,Nick Folk,7,1,-9.6926,2.9208
Alvin Kamara,Austin Hooper,Bijan Robinson,Drake London,Kyle Pitts Sr.,Michael Penix Jr.,7,1,-10.296,1.5974
Bijan Robinson,Devaughn Vele,Jahan Dotson,Juwan Johnson,Saints,Tyler Shough,7,1,-8.9904,5.8944
Chris Olave,Alvin Kamara,Jahan Dotson,Kendre Miller,Michael Penix Jr.,Tyler Shough,7,1,-8.9927,5.8813
Juwan Johnson,Bijan Robinson,Devaughn Vele,Drake London,Jahan Dotson,Kyle Pitts Sr.,7,1,-9.7933,2.6408
Drake London,Alvin Kamara,Bijan Robinson,CJ Donaldson,Daniel Carlson,Tyler Shough,7,1,-9.4318,3.791
Bijan Robinson,CJ Donaldson,Chris Olave,Michael Penix Jr.,Oscar Delp,Tyler Shough,7,1,-8.8177,7.0057
Chris Olave,Devaughn Vele,Jahan Dotson,Juwan Johnson,Nick Folk,Tyler Shough,7,1,-8.8494,6.7871
Michael Penix Jr.,Alvin Kamara,Chris Olave,Jahan Dotson,Kyle Pitts Sr.,Tyler Shough,7,1,-9.7786,2.6801
Tyler Shough,Brian Robinson Jr.,Devaughn Vele,Drake London,Juwan Johnson,Kyle Pitts Sr.,7,1,-9.1028,5.2681
Alvin Kamara,Devaughn Vele,Juwan Johnson,Michael Penix Jr.,Nick Folk,Tyler Shough,7,1,-9.595,3.2201
Devaughn Vele,Alvin Kamara,Chris Olave,Daniel Carlson,Kyle Pitts Sr.,Tyler Shough,7,1,-9.6188,3.1445
Drake London,Bijan Robinson,Brian Robinson Jr.,Daniel Carlson,Falcons,Michael Penix Jr.,7,1,-9.1294,5.1297
Chris Olave,Alvin Kamara,Bijan Robinson,Kevin Austin Jr.,Saints,Tyler Shough,7,1,-10.7206,1.0448
Bijan Robinson,Daniel Carlson,Devaughn Vele,Juwan Johnson,Tyler Shough,Zachariah Branch,7,1,-9.4774,3.6222
Bijan Robinson,CJ Donaldson,Chris Blair,Chris Olave,Drake London,Michael Penix Jr.,7,1,-11.3234,0.5718
Bijan Robinson,Alvin Kamara,Austin Hooper,Drake London,Juwan Johnson,Kendre Miller,7,1,-9.4,3.9135
Chris Olave,Bijan Robinson,CJ Donaldson,Daniel Carlson,Nick Folk,Tyler Shough,7,1,-9.361,4.0693
Chris Olave,Bijan Robinson,Daniel Carlson,Jahan Dotson,Kendre Miller,Michael Penix Jr.,7,1,-9.1186,5.1852
Michael Penix Jr.,Bijan Robinson,Chris Olave,Daniel Carlson,Jahan Dotson,Kyle Pitts Sr.,7,1,-9.9045,2.3629
Bijan Robinson,Charlie Woerner,Chris Blair,Chris Olave,Drake London,Tyler Shough,7,1,-11.5856,0.4399
Chris Olave,Austin Hooper,Bijan Robinson,CJ Donaldson,Juwan Johnson,Tyler Shough,7,1,-9.481,3.6092
Bijan Robinson,Chris Olave,Daniel Carlson,Kyle Pitts Sr.,Oscar Delp,Tyler Shough,7,1,-8.0446,15.1782
Drake London,Bijan Robinson,Devaughn Vele,Jahan Dotson,Juwan Johnson,Kendre Miller,7,1,-9.5999,3.2044
Bijan Robinson,Daniel Carlson,Devaughn Vele,Michael Penix Jr.,Oscar Delp,Tyler Shough,7,1,-8.2058,12.9183
Chris Olave,Alvin Kamara,Bijan Robinson,Daniel Carlson,Kyle Pitts Sr.,Saints,7,1,-9.8338,2.5362
Michael Penix Jr.,Bijan Robinson,CJ Donaldson,Drake London,Jahan Dotson,Tyler Shough,7,1,-10.4302,1.3969
Bijan Robinson,Austin Hooper,Barion Brown,Chris Olave,Juwan Johnson,Tyler Shough,7,1,-10.4111,1.4238
Bijan Robinson,CJ Donaldson,Chris Olave,Daniel Carlson,Kendre Miller,Tyler Shough,7,1,-9.2634,4.4862
Bijan Robinson,Chris Olave,Falcons,Nick Folk,Oscar Delp,Tyler Shough,7,1,-8.4374,10.2474
Drake London,Alvin Kamara,Chris Olave,Falcons,Jahan Dotson,Michael Penix Jr.,7,1,-9.4958,3.5559
Chris Olave,Alvin Kamara,Juwan Johnson,Kevin Austin Jr.,Michael Penix Jr.,Tyler Shough,7,1,-10.0167,2.1122
Tyler Shough,Brian Robinson Jr.,Devaughn Vele,Drake London,Kendre Miller,Michael Penix Jr.,7,1,-9.2455,4.5672
Bijan Robinson,Austin Hooper,Chris Olave,Drake London,Juwan Johnson,Oscar Delp,7,1,-8.5693,8.9812
Bijan Robinson,Bryce Lance,Chris Olave,Drake London,Falcons,Kyle Pitts Sr.,7,1,-8.6084,8.637
Tyler Shough,Austin Hooper,Bijan Robinson,Drake London,Jahan Dotson,Juwan Johnson,7,1,-8.7004,7.8779
Chris Olave,Alvin Kamara,Falcons,Juwan Johnson,Kyle Pitts Sr.,Tyler Shough,7,1,-9.0691,5.4483
Juwan Johnson,Bijan Robinson,CJ Donaldson,Chris Olave,Daniel Carlson,Drake London,7,1,-9.7071,2.8787
Bijan Robinson,Austin Hooper,Devaughn Vele,Drake London,Olamide Zaccheaus,Tyler Shough,7,1,-9.1664,4.9435
Bijan Robinson,Bryce Lance,Devaughn Vele,Juwan Johnson,Kendre Miller,Tyler Shough,7,1,-8.2615,12.2185
Drake London,Austin Hooper,Bijan Robinson,Jahan Dotson,Juwan Johnson,Tyler Shough,7,1,-8.6187,8.5487
Michael Penix Jr.,Brian Robinson Jr.,Devaughn Vele,Drake London,Kendre Miller,Tyler Shough,7,1,-10.1715,1.8092
Juwan Johnson,Barion Brown,Bijan Robinson,Chris Olave,Nick Folk,Tyler Shough,7,1,-10.7331,1.0319
Bijan Robinson,Devaughn Vele,Falcons,Kendre Miller,Nick Folk,Tyler Shough,7,1,-9.4183,3.8427
Chris Olave,Bijan Robinson,Falcons,Kyle Pitts Sr.,Tyler Shough,Zachariah Branch,7,1,-10.2506,1.6717
Chris Olave,Austin Hooper,Bijan Robinson,Charlie Woerner,Michael Penix Jr.,Tyler Shough,7,1,-10.3104,1.5746
Bijan Robinson,Austin Hooper,Chris Olave,Daniel Carlson,Drake London,Falcons,7,1,-8.9677,6.0297
Chris Olave,Bijan Robinson,Drake London,Olamide Zaccheaus,Treyton Welch,Tyler Shough,7,1,-10.7566,1.0079
Drake London,Alvin Kamara,CJ Donaldson,Devaughn Vele,Michael Penix Jr.,Tyler Shough,7,1,-10.0603,2.0222
Chris Olave,Barion Brown,Bijan Robinson,Drake London,Oscar Delp,Tyler Shough,7,1,-10.555,1.233
Juwan Johnson,Bijan Robinson,Charlie Woerner,Devaughn Vele,Michael Penix Jr.,Tyler Shough,7,1,-10.5533,1.235
Chris Olave,Drake London,Jahan Dotson,Kyle Pitts Sr.,Nick Folk,Tyler Shough,7,1,-9.0079,5.7922
Bijan Robinson,Kyle Pitts Sr.,Michael Penix Jr.,Nick Folk,Tyler Shough,Zachariah Branch,7,1,-9.908,2.3547
Tyler Shough,Bijan Robinson,CJ Donaldson,Chris Olave,Michael Penix Jr.,Olamide Zaccheaus,7,1,-9.6344,3.0958
Drake London,Alvin Kamara,Austin Hooper,Bijan Robinson,Falcons,Michael Penix Jr.,7,1,-9.7387,2.7891
Bijan Robinson,Devaughn Vele,Drake London,Falcons,Kendre Miller,Nick Folk,7,1,-9.9737,2.2051
Drake London,Alvin Kamara,Bryce Lance,Chris Olave,Nick Folk,Tyler Shough,7,1,-8.1743,13.332
Michael Penix Jr.,Bijan Robinson,Bryce Lance,Devaughn Vele,Nick Folk,Tyler Shough,7,1,-9.2877,4.3786
Juwan Johnson,Bijan Robinson,Daniel Carlson,Devaughn Vele,Michael Penix Jr.,Nick Folk,7,1,-9.3673,4.0436
Bijan Robinson,Chris Olave,Juwan Johnson,Saints,Treyton Welch,Tyler Shough,7,1,-10.4889,1.3173
Juwan Johnson,Alvin Kamara,Bijan Robinson,Nick Folk,Saints,Tyler Shough,7,1,-9.4985,3.5465
Bijan Robinson,Drake London,Falcons,Juwan Johnson,Kyle Pitts Sr.,Nick Folk,7,1,-9.3471,4.1259
Bijan Robinson,Alvin Kamara,Drake London,Michael Penix Jr.,Olamide Zaccheaus,Saints,7,1,-9.8456,2.5063
Juwan Johnson,Bijan Robinson,Chris Olave,Daniel Carlson,Oscar Delp,Tyler Shough,7,1,-8.1126,14.1796
Tyler Shough,Chris Olave,Devaughn Vele,Jahan Dotson,Kendre Miller,Michael Penix Jr.,7,1,-9.1825,4.8642
Chris Olave,Bijan Robinson,Bryce Lance,Drake London,Juwan Johnson,Olamide Zaccheaus,7,1,-8.613,8.5972
Tyler Shough,Alvin Kamara,Austin Hooper,Devaughn Vele,Drake London,Juwan Johnson,7,1,-9.3382,4.1631
Bijan Robinson,Chris Olave,Daniel Carlson,Drake London,Kendre Miller,Oscar Delp,7,1,-8.7798,7.2765
Tyler Shough,Austin Hooper,Bijan Robinson,Chris Blair,Chris Olave,Michael Penix Jr.,7,1,-10.3948,1.4472
Tyler Shough,Bijan Robinson,Charlie Woerner,Chris Olave,Drake London,Olamide Zaccheaus,7,1,-10.452,1.3667
Tyler Shough,Bijan Robinson,Chris Blair,Chris Olave,Devaughn Vele,Saints,7,1,-11.1037,0.7123
Tyler Shough,Bijan Robinson,Daniel Carlson,Devaughn Vele,Michael Penix Jr.,Olamide Zaccheaus,7,1,-9.0225,5.7086
Daniel Carlson,Austin Hooper,Bijan Robinson,Chris Olave,Drake London,Juwan Johnson,7,1,-10.7405,1.0242
Kyle Pitts Sr.,Bijan Robinson,Chris Olave,Falcons,Michael Penix Jr.,Nick Folk,7,1,-10.0333,2.0774
Tyler Shough,Chris Olave,Daniel Carlson,Jahan Dotson,Juwan Johnson,Michael Penix Jr.,7,1,-8.1821,13.228
Drake London,Bijan Robinson,CJ Donaldson,Juwan Johnson,Michael Penix Jr.,Nick Folk,7,1,-9.9628,2.2292
Chris Olave,Devaughn Vele,Jahan Dotson,Michael Penix Jr.,Saints,Tyler Shough,7,1,-9.4747,3.6318
Devaughn Vele,Austin Hooper,Bijan Robinson,Kendre Miller,Michael Penix Jr.,Tyler Shough,7,1,-10.0322,2.0798
Alvin Kamara,Chris Olave,Kyle Pitts Sr.,Michael Penix Jr.,Saints,Tyler Shough,7,1,-10.0591,2.0245
Bijan Robinson,Daniel Carlson,Drake London,Kyle Pitts Sr.,Michael Penix Jr.,Zachariah Branch,7,1,-10.2402,1.6892
Juwan Johnson,Alvin Kamara,Chris Olave,Drake London,Kendre Miller,Nick Folk,7,1,-9.8153,2.5834
Chris Olave,CJ Donaldson,Drake London,Juwan Johnson,Nick Folk,Tyler Shough,7,1,-9.4939,3.5629
Drake London,Bijan Robinson,Bryce Lance,Chris Blair,Chris Olave,Michael Penix Jr.,7,1,-10.1352,1.8761
Drake London,Bijan Robinson,Chris Olave,Devaughn Vele,Oscar Delp,Saints,7,1,-9.6271,3.1184
Tyler Shough,Bijan Robinson,Devaughn Vele,Drake London,Kendre Miller,Oscar Delp,7,1,-9.1783,4.8846
Drake London,Bijan Robinson,Juwan Johnson,Kevin Austin Jr.,Nick Folk,Tyler Shough,7,1,-10.0765,1.9897
Zachariah Branch,Bijan Robinson,Chris Olave,Kendre Miller,Michael Penix Jr.,Tyler Shough,7,1,-11.8458,0.3391
Bijan Robinson,Chris Olave,Falcons,Juwan Johnson,Kyle Pitts Sr.,Saints,7,1,-9.6527,3.0396
Falcons,Bijan Robinson,Devaughn Vele,Drake London,Kyle Pitts Sr.,Michael Penix Jr.,7,1,-11.1114,0.7068
Kyle Pitts Sr.,Bijan Robinson,Bryce Lance,Devaughn Vele,Drake London,Michael Penix Jr.,7,1,-9.68,2.9577
Juwan Johnson,Bijan Robinson,Daniel Carlson,Drake London,Tyler Shough,Zachariah Branch,7,1,-9.7039,2.8878
Michael Penix Jr.,Bijan Robinson,Daniel Carlson,Devaughn Vele,Drake London,Olamide Zaccheaus,7,1,-10.5039,1.2976
Michael Penix Jr.,Austin Hooper,Bijan Robinson,Devaughn Vele,Drake London,Falcons,7,1,-10.8966,0.8762
Drake London,Bijan Robinson,Daniel Carlson,Jahan Dotson,Kendre Miller,Michael Penix Jr.,7,1,-9.4334,3.7849
Bijan Robinson,Austin Hooper,Daniel Carlson,Drake London,Kendre Miller,Tyler Shough,7,1,-8.7794,7.2795
Bijan Robinson,Austin Hooper,Kendre Miller,Kyle Pitts Sr.,Michael Penix Jr.,Tyler Shough,7,1,-9.2022,4.7697
Juwan Johnson,Bijan Robinson,Daniel Carlson,Kyle Pitts Sr.,Nick Folk,Tyler Shough,7,1,-9.0075,5.7948
Bijan Robinson,Bryce Lance,Kendre Miller,Kyle Pitts Sr.,Michael Penix Jr.,Tyler Shough,7,1,-8.4689,9.9298
Drake London,Bijan Robinson,Devaughn Vele,Falcons,Michael Penix Jr.,Olamide Zaccheaus,7,1,-10.0396,2.0643
Drake London,Austin Hooper,Bijan Robinson,Devaughn Vele,Juwan Johnson,Kendre Miller,7,1,-9.9361,2.2894
Chris Olave,CJ Donaldson,Daniel Carlson,Drake London,Juwan Johnson,Tyler Shough,7,1,-9.2706,4.4542
Chris Olave,Bijan Robinson,Daniel Carlson,Saints,Tyler Shough,Zachariah Branch,7,1,-10.2188,1.7257
Bijan Robinson,Bryce Lance,Chris Olave,Kendre Miller,Saints,Tyler Shough,7,1,-8.5749,8.9308
Kyle Pitts Sr.,Bijan Robinson,Drake London,Kevin Austin Jr.,Michael Penix Jr.,Tyler Shough,7,1,-10.8841,0.8872
Bryce Lance,Bijan Robinson,Drake London,Michael Penix Jr.,Nick Folk,Tyler Shough,7,1,-10.1886,1.7786
Chris Olave,CJ Donaldson,Drake London,Falcons,Michael Penix Jr.,Tyler Shough,7,1,-9.777,2.6843
Bijan Robinson,Bryce Lance,Juwan Johnson,Michael Penix Jr.,Saints,Tyler Shough,7,1,-8.1096,14.2223
Devaughn Vele,Drake London,Juwan Johnson,Kyle Pitts Sr.,Nick Folk,Tyler Shough,7,1,-9.9023,2.3682
Chris Olave,Bijan Robinson,Kyle Pitts Sr.,Olamide Zaccheaus,Saints,Tyler Shough,7,1,-9.7072,2.8785
Juwan Johnson,Bijan Robinson,Daniel Carlson,Drake London,Olamide Zaccheaus,Tyler Shough,7,1,-8.8184,7.0009
Tyler Shough,Bijan Robinson,Bryce Lance,Chris Olave,Nick Folk,Saints,7,1,-8.7122,7.7855
Daniel Carlson,Bijan Robinson,Bryce Lance,Drake London,Michael Penix Jr.,Tyler Shough,7,1,-9.7716,2.6988
Kyle Pitts Sr.,Bijan Robinson,Bryce Lance,Juwan Johnson,Michael Penix Jr.,Tyler Shough,7,1,-8.6779,8.0567
Bijan Robinson,Daniel Carlson,Devaughn Vele,Drake London,Kendre Miller,Saints,7,1,-10.0925,1.958
Chris Olave,Daniel Carlson,Devaughn Vele,Kendre Miller,Kyle Pitts Sr.,Tyler Shough,7,1,-9.5468,3.3793
Tyler Shough,Austin Hooper,Bijan Robinson,Drake London,Michael Penix Jr.,Olamide Zaccheaus,7,1,-9.1503,5.0234
Falcons,Bijan Robinson,Drake London,Juwan Johnson,Kyle Pitts Sr.,Michael Penix Jr.,7,1,-10.6647,1.1048
Kyle Pitts Sr.,Austin Hooper,Bijan Robinson,Drake London,Juwan Johnson,Michael Penix Jr.,7,1,-9.9666,2.2207
Juwan Johnson,Devaughn Vele,Drake London,Kyle Pitts Sr.,Nick Folk,Tyler Shough,7,1,-9.5871,3.2458
Drake London,Daniel Carlson,Devaughn Vele,Juwan Johnson,Nick Folk,Tyler Shough,7,1,-8.8399,6.8518
Chris Olave,Drake London,Falcons,Kyle Pitts Sr.,Michael Penix Jr.,Nick Folk,7,1,-9.8314,2.5421
Tyler Shough,Chris Olave,Juwan Johnson,Kyle Pitts Sr.,Michael Penix Jr.,Zachariah Branch,7,1,-9.9286,2.3068
Juwan Johnson,Chris Olave,Drake London,Kyle Pitts Sr.,Tyler Shough,Zachariah Branch,7,1,-10.1712,1.8098
Drake London,Chris Olave,Juwan Johnson,Nick Folk,Oscar Delp,Tyler Shough,7,1,-8.4128,10.5028
Michael Penix Jr.,Alvin Kamara,Daniel Carlson,Drake London,Kendre Miller,Tyler Shough,7,1,-9.9909,2.1674
Devaughn Vele,Chris Olave,Juwan Johnson,Kyle Pitts Sr.,Saints,Tyler Shough,7,1,-10.2079,1.7447
Drake London,Alvin Kamara,Chris Olave,Falcons,Michael Penix Jr.,Saints,7,1,-10.0572,2.0284
Chris Olave,Bryce Lance,Devaughn Vele,Drake London,Saints,Tyler Shough,7,1,-9.0288,5.6726
Bijan Robinson,Daniel Carlson,Drake London,Falcons,Michael Penix Jr.,Saints,7,1,-9.5985,3.2088
Chris Olave,Drake London,Falcons,Kendre Miller,Nick Folk,Tyler Shough,7,1,-9.407,3.8863
Drake London,Devaughn Vele,Juwan Johnson,Kevin Austin Jr.,Michael Penix Jr.,Tyler Shough,7,1,-10.4817,1.3268
Saints,Bijan Robinson,Chris Olave,Daniel Carlson,Nick Folk,Tyler Shough,7,1,-9.6555,3.0311
Michael Penix Jr.,Devaughn Vele,Drake London,Juwan Johnson,Kyle Pitts Sr.,Nick Folk,7,1,-10.8258,0.9404
Tyler Shough,Chris Olave,Daniel Carlson,Drake London,Juwan Johnson,Olamide Zaccheaus,7,1,-8.6202,8.5353
Chris Olave,Bryce Lance,Drake London,Michael Penix Jr.,Olamide Zaccheaus,Tyler Shough,7,1,-8.4707,9.912
Tyler Shough,Alvin Kamara,Devaughn Vele,Drake London,Kendre Miller,Saints,7,1,-10.4343,1.3912
Chris Olave,Daniel Carlson,Juwan Johnson,Kendre Miller,Kyle Pitts Sr.,Tyler Shough,7,1,-9.1001,5.2824
Kendre Miller,Bijan Robinson,Chris Olave,Kyle Pitts Sr.,Saints,Tyler Shough,7,1,-10.8962,0.8766
Drake London,Bijan Robinson,Michael Penix Jr.,Saints,Treyton Welch,Tyler Shough,7,1,-11.1946,0.6504
Tyler Shough,Austin Hooper,Bijan Robinson,Juwan Johnson,Michael Penix Jr.,Saints,7,1,-9.3106,4.2795
Kyle Pitts Sr.,Chris Olave,Drake London,Michael Penix Jr.,Oscar Delp,Tyler Shough,7,1,-9.2204,4.6834
Tyler Shough,Austin Hooper,Chris Olave,Devaughn Vele,Drake London,Saints,7,1,-9.8018,2.6187
Tyler Shough,Bryce Lance,Chris Olave,Devaughn Vele,Drake London,Saints,7,1,-9.0685,5.4518
Drake London,Austin Hooper,Chris Olave,Michael Penix Jr.,Olamide Zaccheaus,Tyler Shough,7,1,-9.1619,4.9654
Michael Penix Jr.,Devaughn Vele,Drake London,Juwan Johnson,Kendre Miller,Kyle Pitts Sr.,7,1,-11.1563,0.6758
Chris Olave,Daniel Carlson,Kyle Pitts Sr.,Michael Penix Jr.,Saints,Tyler Shough,7,1,-9.3949,3.9335
Michael Penix Jr.,Chris Olave,Daniel Carlson,Drake London,Kendre Miller,Kyle Pitts Sr.,7,1,-10.5841,1.1976
Tyler Shough,Chris Olave,Daniel Carlson,Drake London,Kendre Miller,Saints,7,1,-9.5655,3.3164
Alvin Kamara,Bijan Robinson,Brian Robinson Jr.,Chris Olave,Daniel Carlson,Devaughn Vele,6,1,-9.4191,3.8396
Bijan Robinson,Alvin Kamara,Brian Robinson Jr.,Chris Olave,Kevin Austin Jr.,Tyler Shough,6,1,-9.4374,3.7697
Alvin Kamara,Bijan Robinson,Brian Robinson Jr.,Devaughn Vele,Kyle Pitts Sr.,Tyler Shough,6,1,-9.5944,3.2222
Kyle Pitts Sr.,Alvin Kamara,Bijan Robinson,Brian Robinson Jr.,Chris Olave,Devaughn Vele,6,1,-9.7601,2.7301
Devaughn Vele,Alvin Kamara,Bijan Robinson,Brian Robinson Jr.,Kyle Pitts Sr.,Tyler Shough,6,1,-9.5559,3.3485
Brian Robinson Jr.,Bijan Robinson,Chris Olave,Devaughn Vele,Juwan Johnson,Kyle Pitts Sr.,6,1,-10.5603,1.2265
Brian Robinson Jr.,Bijan Robinson,CJ Donaldson,Chris Olave,Drake London,Tyler Shough,6,1,-10.5137,1.2849
Bijan Robinson,Alvin Kamara,Brian Robinson Jr.,Michael Penix Jr.,Tyler Shough,Zachariah Branch,6,1,-9.3206,4.2368
Alvin Kamara,Bijan Robinson,Brian Robinson Jr.,Juwan Johnson,Kyle Pitts Sr.,Tyler Shough,6,1,-9.1477,5.0367
Brian Robinson Jr.,Austin Hooper,Bijan Robinson,Chris Olave,Devaughn Vele,Drake London,6,1,-10.7609,1.0035
Bijan Robinson,Alvin Kamara,Brian Robinson Jr.,Daniel Carlson,Nick Folk,Tyler Shough,6,1,-8.2014,12.9755
Bijan Robinson,Brian Robinson Jr.,Bryce Lance,Chris Olave,Devaughn Vele,Juwan Johnson,6,1,-7.9368,16.9048
Tyler Shough,Bijan Robinson,Brian Robinson Jr.,Chris Olave,Jahan Dotson,Nick Folk,6,1,-8.2541,12.3094
Bijan Robinson,Brian Robinson Jr.,Chris Olave,Falcons,Jahan Dotson,Michael Penix Jr.,6,1,-8.7109,7.7956
Bijan Robinson,Alvin Kamara,CJ Donaldson,Chris Olave,Drake London,Jahan Dotson,6,1,-9.5687,3.3061
Bijan Robinson,Brian Robinson Jr.,Chris Olave,Jahan Dotson,Kendre Miller,Michael Penix Jr.,6,1,-8.7211,7.7163
Drake London,Bijan Robinson,Brian Robinson Jr.,Chris Olave,Jahan Dotson,Nick Folk,6,1,-8.7278,7.6651
Juwan Johnson,Alvin Kamara,Bijan Robinson,Brian Robinson Jr.,Chris Olave,Kendre Miller,6,1,-9.1724,4.9137
Bijan Robinson,Alvin Kamara,Chris Olave,Jahan Dotson,Kyle Pitts Sr.,Nick Folk,6,1,-9.0677,5.4562
Bijan Robinson,Brian Robinson Jr.,Chris Olave,Drake London,Juwan Johnson,Nick Muse,6,1,-11.7387,0.3775
Bijan Robinson,Brian Robinson Jr.,Chris Olave,Drake London,Juwan Johnson,Khalil Herbert,6,1,-12.177,0.2435
Bijan Robinson,Alvin Kamara,Chris Olave,Jahan Dotson,Michael Penix Jr.,Zachariah Branch,6,1,-9.813,2.5894
Bijan Robinson,Brian Robinson Jr.,Chris Olave,Drake London,Jahan Dotson,Saints,6,1,-9.0041,5.8143
Juwan Johnson,Alvin Kamara,Bijan Robinson,Brian Robinson Jr.,Drake London,Kyle Pitts Sr.,6,1,-9.3494,4.1167
Drake London,Alvin Kamara,Bijan Robinson,Brian Robinson Jr.,Daniel Carlson,Juwan Johnson,6,1,-8.6023,8.69
Chris Olave,Alvin Kamara,Brian Robinson Jr.,Devaughn Vele,Kendre Miller,Tyler Shough,6,1,-9.1826,4.8638
Bijan Robinson,Brian Robinson Jr.,Devaughn Vele,Falcons,Juwan Johnson,Michael Penix Jr.,6,1,-8.9588,6.0839
Bijan Robinson,Alvin Kamara,Bryce Lance,Chris Olave,Daniel Carlson,Devaughn Vele,6,1,-8.2029,12.9555
Brian Robinson Jr.,Bijan Robinson,Drake London,Falcons,Michael Penix Jr.,Tyler Shough,6,1,-9.9615,2.232
Juwan Johnson,Austin Hooper,Bijan Robinson,Brian Robinson Jr.,Chris Olave,Devaughn Vele,6,1,-9.4293,3.8004
Chris Olave,Alvin Kamara,Brian Robinson Jr.,Drake London,Tyler Shough,Zachariah Branch,6,1,-9.7931,2.6415
Tyler Shough,Alvin Kamara,Brian Robinson Jr.,Chris Olave,Juwan Johnson,Nick Folk,6,1,-8.4452,10.1682
Bijan Robinson,Alvin Kamara,Jahan Dotson,Juwan Johnson,Michael Penix Jr.,Nick Folk,6,1,-8.7822,7.259
Tyler Shough,Bijan Robinson,Brian Robinson Jr.,Chris Olave,Khalil Herbert,Michael Penix Jr.,6,1,-12.0523,0.2759
Tyler Shough,Bijan Robinson,Brian Robinson Jr.,Chris Olave,Michael Penix Jr.,Treyton Welch,6,1,-10.0644,2.0138
Alvin Kamara,Bijan Robinson,Jahan Dotson,Kyle Pitts Sr.,Michael Penix Jr.,Tyler Shough,6,1,-9.4044,3.8963
Tyler Shough,Alvin Kamara,Bijan Robinson,Daniel Carlson,Devaughn Vele,Jahan Dotson,6,1,-8.8691,6.655
Bijan Robinson,Chris Olave,Devaughn Vele,Drake London,Jahan Dotson,Oscar Delp,6,1,-8.6798,8.0418
Bijan Robinson,Brian Robinson Jr.,Bryce Lance,Chris Olave,Drake London,Kendre Miller,6,1,-8.2752,12.0523
Bijan Robinson,Alvin Kamara,Bryce Lance,Jahan Dotson,Michael Penix Jr.,Tyler Shough,6,1,-7.8448,18.5339
Brian Robinson Jr.,Chris Olave,Drake London,Juwan Johnson,Nick Folk,Tyler Shough,6,1,-9.7717,2.6986
Michael Penix Jr.,Alvin Kamara,Bijan Robinson,Chris Olave,Falcons,Jahan Dotson,6,1,-10.0534,2.0361
Tyler Shough,Austin Hooper,Bijan Robinson,Brian Robinson Jr.,Devaughn Vele,Michael Penix Jr.,6,1,-8.9022,6.4384
Bijan Robinson,Austin Hooper,Brian Robinson Jr.,Drake London,Kyle Pitts Sr.,Tyler Shough,6,1,-8.63,8.452
Kyle Pitts Sr.,Bijan Robinson,Brian Robinson Jr.,Devaughn Vele,Drake London,Juwan Johnson,6,1,-9.8203,2.5705
Bijan Robinson,CJ Donaldson,Devaughn Vele,Drake London,Jahan Dotson,Tyler Shough,6,1,-9.5202,3.4702
Michael Penix Jr.,Bijan Robinson,Brian Robinson Jr.,Bryce Lance,Chris Olave,Juwan Johnson,6,1,-8.8468,6.8048
Chris Olave,Alvin Kamara,Bijan Robinson,CJ Donaldson,Falcons,Tyler Shough,6,1,-9.6605,3.016
Drake London,Bijan Robinson,Brian Robinson Jr.,Devaughn Vele,Olamide Zaccheaus,Tyler Shough,6,1,-8.9223,6.3097
Bijan Robinson,Brian Robinson Jr.,Juwan Johnson,Kendre Miller,Nick Folk,Tyler Shough,6,1,-8.4585,10.0331
Drake London,Bijan Robinson,Brian Robinson Jr.,Devaughn Vele,Michael Penix Jr.,Zachariah Branch,6,1,-10.4122,1.4223
Juwan Johnson,Bijan Robinson,Brian Robinson Jr.,Chris Olave,Devaughn Vele,Saints,6,1,-9.6545,3.0343
Alvin Kamara,Barion Brown,Bijan Robinson,Chris Olave,Kyle Pitts Sr.,Tyler Shough,6,1,-11.5339,0.4632
Tyler Shough,Alvin Kamara,Brian Robinson Jr.,Chris Olave,Kendre Miller,Michael Penix Jr.,6,1,-8.7386,7.5826
Tyler Shough,Alvin Kamara,Bijan Robinson,Jahan Dotson,Juwan Johnson,Kyle Pitts Sr.,6,1,-8.7963,7.1575
Bijan Robinson,Alvin Kamara,Austin Hooper,Daniel Carlson,Devaughn Vele,Tyler Shough,6,1,-8.7376,7.5902
Bijan Robinson,Alvin Kamara,Austin Hooper,Chris Olave,Kyle Pitts Sr.,Nick Folk,6,1,-9.4039,3.8983
Bijan Robinson,Chris Blair,Chris Olave,Jahan Dotson,Juwan Johnson,Tyler Shough,6,1,-9.6279,3.1159
Alvin Kamara,Bijan Robinson,Chris Olave,Drake London,Kyle Pitts Sr.,Oscar Delp,6,1,-9.6922,2.922
Alvin Kamara,Bijan Robinson,CJ Donaldson,Juwan Johnson,Michael Penix Jr.,Tyler Shough,6,1,-9.8903,2.3967
Michael Penix Jr.,Austin Hooper,Bijan Robinson,Brian Robinson Jr.,Devaughn Vele,Drake London,6,1,-10.3836,1.4635
Bijan Robinson,Brian Robinson Jr.,Drake London,Falcons,Kendre Miller,Tyler Shough,6,1,-8.6928,7.9374
Devaughn Vele,Alvin Kamara,Bijan Robinson,Bryce Lance,Juwan Johnson,Tyler Shough,6,1,-8.7615,7.4106
Bijan Robinson,Chris Olave,Drake London,Jahan Dotson,Juwan Johnson,Oscar Delp,6,1,-8.2331,12.5706
Bijan Robinson,Bryce Lance,Chris Olave,Jahan Dotson,Juwan Johnson,Michael Penix Jr.,6,1,-7.7469,20.4413
Chris Olave,Alvin Kamara,Brian Robinson Jr.,Michael Penix Jr.,Saints,Tyler Shough,6,1,-9.0308,5.6614
Bijan Robinson,Alvin Kamara,Bryce Lance,Chris Olave,Drake London,Olamide Zaccheaus,6,1,-8.4816,9.8049
Tyler Shough,Alvin Kamara,Bijan Robinson,Chris Olave,Falcons,Zachariah Branch,6,1,-9.8957,2.3839
Alvin Kamara,Chris Olave,Devaughn Vele,Kyle Pitts Sr.,Nick Folk,Tyler Shough,6,1,-9.8805,2.4204
Tyler Shough,Austin Hooper,Bijan Robinson,Brian Robinson Jr.,Juwan Johnson,Michael Penix Jr.,6,1,-8.4555,10.0641
Juwan Johnson,Bijan Robinson,Brian Robinson Jr.,Bryce Lance,Drake London,Tyler Shough,6,1,-7.9648,16.4382
Bijan Robinson,Alvin Kamara,CJ Donaldson,Daniel Carlson,Drake London,Michael Penix Jr.,6,1,-9.6501,3.0476
Alvin Kamara,Bijan Robinson,Juwan Johnson,Kyle Pitts Sr.,Michael Penix Jr.,Nick Folk,6,1,-9.9447,2.2698
Drake London,Bijan Robinson,Brian Robinson Jr.,Juwan Johnson,Olamide Zaccheaus,Tyler Shough,6,1,-8.4756,9.863
Tyler Shough,Alvin Kamara,Bijan Robinson,Chris Blair,Chris Olave,Daniel Carlson,6,1,-10.0679,2.0067
Kendre Miller,Bijan Robinson,Brian Robinson Jr.,Chris Olave,Drake London,Kyle Pitts Sr.,6,1,-10.5964,1.1829
Jahan Dotson,Bijan Robinson,Bryce Lance,Chris Olave,Drake London,Tyler Shough,6,1,-9.6411,3.0752
Bijan Robinson,Devaughn Vele,Jahan Dotson,Michael Penix Jr.,Olamide Zaccheaus,Tyler Shough,6,1,-8.879,6.589
Drake London,Austin Hooper,Brian Robinson Jr.,Chris Olave,Devaughn Vele,Tyler Shough,6,1,-8.8649,6.6828
Bryce Lance,Alvin Kamara,Bijan Robinson,Chris Olave,Drake London,Juwan Johnson,6,1,-10.1803,1.7934
Kyle Pitts Sr.,Alvin Kamara,Bijan Robinson,Daniel Carlson,Devaughn Vele,Tyler Shough,6,1,-9.531,3.433
Nick Folk,Brian Robinson Jr.,Chris Olave,Drake London,Juwan Johnson,Tyler Shough,6,1,-10.0843,1.9742
Tyler Shough,Alvin Kamara,Bijan Robinson,Chris Olave,Falcons,Olamide Zaccheaus,6,1,-9.0101,5.7794
Bijan Robinson,Austin Hooper,Chris Blair,Chris Olave,Devaughn Vele,Tyler Shough,6,1,-10.4109,1.4242
Alvin Kamara,Bryce Lance,Chris Olave,Devaughn Vele,Drake London,Michael Penix Jr.,6,1,-9.4116,3.8682
Tyler Shough,Alvin Kamara,Bijan Robinson,Chris Olave,Kendre Miller,Kevin Austin Jr.,6,1,-10.4284,1.3994
Chris Olave,Brian Robinson Jr.,Charlie Woerner,Drake London,Michael Penix Jr.,Tyler Shough,6,1,-10.1305,1.8849
Nick Folk,Alvin Kamara,Bijan Robinson,Juwan Johnson,Kyle Pitts Sr.,Tyler Shough,6,1,-10.7168,1.0487
Alvin Kamara,Bijan Robinson,Chris Olave,Daniel Carlson,Juwan Johnson,Saints,6,1,-9.8275,2.5521
Devaughn Vele,Bijan Robinson,Chris Olave,Falcons,Tyler Shough,Zachariah Branch,6,1,-10.6526,1.1184
Juwan Johnson,Bijan Robinson,Bryce Lance,Chris Olave,Jahan Dotson,Tyler Shough,6,1,-7.9018,17.5072
Tyler Shough,Alvin Kamara,Devaughn Vele,Jahan Dotson,Juwan Johnson,Michael Penix Jr.,6,1,-9.0508,5.5489
Devaughn Vele,Alvin Kamara,Bryce Lance,Chris Olave,Michael Penix Jr.,Tyler Shough,6,1,-8.8178,7.005
Bijan Robinson,CJ Donaldson,Chris Olave,Falcons,Juwan Johnson,Michael Penix Jr.,6,1,-9.5402,3.4015
Devaughn Vele,Alvin Kamara,Bijan Robinson,Nick Folk,Saints,Tyler Shough,6,1,-10.2604,1.6553
Devaughn Vele,Bijan Robinson,Chris Olave,Daniel Carlson,Oscar Delp,Tyler Shough,6,1,-8.8746,6.6185
Tyler Shough,Alvin Kamara,Bijan Robinson,Falcons,Juwan Johnson,Kyle Pitts Sr.,6,1,-9.0155,5.7485
Bijan Robinson,CJ Donaldson,Chris Olave,Kendre Miller,Nick Folk,Tyler Shough,6,1,-9.4867,3.5885
Devaughn Vele,Bijan Robinson,CJ Donaldson,Drake London,Nick Folk,Tyler Shough,6,1,-10.4937,1.311
Tyler Shough,Bijan Robinson,Chris Olave,Daniel Carlson,Devaughn Vele,Treyton Welch,6,1,-10.5177,1.2799
Juwan Johnson,Alvin Kamara,Chris Olave,Devaughn Vele,Falcons,Tyler Shough,6,1,-9.1559,4.9956
Drake London,Bijan Robinson,Chris Olave,Jahan Dotson,Juwan Johnson,Olamide Zaccheaus,6,1,-8.968,6.0279
Bijan Robinson,Chris Olave,Falcons,Juwan Johnson,Treyton Welch,Tyler Shough,6,1,-10.1467,1.8546
Michael Penix Jr.,Alvin Kamara,Bijan Robinson,Juwan Johnson,Oscar Delp,Tyler Shough,6,1,-9.1321,5.1157
Drake London,Alvin Kamara,Bijan Robinson,Nick Folk,Oscar Delp,Tyler Shough,6,1,-8.616,8.5713
Chris Olave,Alvin Kamara,Bijan Robinson,Chris Blair,Saints,Tyler Shough,6,1,-10.9138,0.8612
Bijan Robinson,CJ Donaldson,Chris Olave,Drake London,Michael Penix Jr.,Oscar Delp,6,1,-9.3731,4.0202
Drake London,Bijan Robinson,Brian Robinson Jr.,Daniel Carlson,Kendre Miller,Michael Penix Jr.,6,1,-9.1396,5.0774
Chris Olave,Alvin Kamara,Barion Brown,Bijan Robinson,Saints,Tyler Shough,6,1,-11.3608,0.5508
Devaughn Vele,Bijan Robinson,Chris Olave,Falcons,Olamide Zaccheaus,Tyler Shough,6,1,-9.767,2.7112
Tyler Shough,Bijan Robinson,Bryce Lance,Chris Olave,Devaughn Vele,Zachariah Branch,6,1,-9.4296,3.7995
Bijan Robinson,CJ Donaldson,Devaughn Vele,Drake London,Falcons,Michael Penix Jr.,6,1,-10.3437,1.523
Bijan Robinson,Devaughn Vele,Juwan Johnson,Kyle Pitts Sr.,Oscar Delp,Tyler Shough,6,1,-8.6168,8.565
Devaughn Vele,Austin Hooper,Bijan Robinson,Bryce Lance,Chris Olave,Tyler Shough,6,1,-9.0,5.8384
Kyle Pitts Sr.,Alvin Kamara,Bijan Robinson,Daniel Carlson,Juwan Johnson,Tyler Shough,6,1,-9.0843,5.3662
Chris Olave,Brian Robinson Jr.,Kendre Miller,Kyle Pitts Sr.,Michael Penix Jr.,Tyler Shough,6,1,-9.0935,5.3172
Kyle Pitts Sr.,Alvin Kamara,Bijan Robinson,Juwan Johnson,Michael Penix Jr.,Nick Folk,6,1,-9.9118,2.3457
Devaughn Vele,Alvin Kamara,Bijan Robinson,Daniel Carlson,Saints,Tyler Shough,6,1,-10.0372,2.0694
Bijan Robinson,Daniel Carlson,Devaughn Vele,Falcons,Nick Folk,Tyler Shough,6,1,-8.8645,6.6852
Tyler Shough,Alvin Kamara,CJ Donaldson,Chris Olave,Juwan Johnson,Michael Penix Jr.,6,1,-9.3385,4.1618
Bijan Robinson,Alvin Kamara,Daniel Carlson,Kendre Miller,Kyle Pitts Sr.,Michael Penix Jr.,6,1,-9.4796,3.6142
Michael Penix Jr.,Alvin Kamara,Bijan Robinson,Bryce Lance,Kyle Pitts Sr.,Tyler Shough,6,1,-9.2882,4.3765
Tyler Shough,Bijan Robinson,Daniel Carlson,Drake London,Jahan Dotson,Nick Folk,6,1,-8.5804,8.8821
Alvin Kamara,Bijan Robinson,Juwan Johnson,Kyle Pitts Sr.,Saints,Tyler Shough,6,1,-10.0028,2.1417
Bijan Robinson,Alvin Kamara,Chris Olave,Daniel Carlson,Kendre Miller,Saints,6,1,-9.5856,3.2506
Chris Olave,Alvin Kamara,Juwan Johnson,Michael Penix Jr.,Oscar Delp,Tyler Shough,6,1,-8.2597,12.24
Bijan Robinson,Devaughn Vele,Juwan Johnson,Kendre Miller,Tyler Shough,Zachariah Branch,6,1,-10.0311,2.082
Chris Olave,Austin Hooper,Devaughn Vele,Drake London,Jahan Dotson,Tyler Shough,6,1,-9.2007,4.7766
Kendre Miller,Alvin Kamara,Austin Hooper,Bijan Robinson,Chris Olave,Drake London,6,1,-10.8318,0.9348
Drake London,Bijan Robinson,Daniel Carlson,Jahan Dotson,Nick Folk,Tyler Shough,6,1,-8.4987,9.6384
Alvin Kamara,Daniel Carlson,Devaughn Vele,Drake London,Juwan Johnson,Michael Penix Jr.,6,1,-9.9272,2.3101
Chris Olave,Barion Brown,Bijan Robinson,Kyle Pitts Sr.,Nick Folk,Tyler Shough,6,1,-11.093,0.72
Drake London,Austin Hooper,Brian Robinson Jr.,Chris Olave,Juwan Johnson,Michael Penix Jr.,6,1,-9.0225,5.7085
Chris Olave,Bijan Robinson,Falcons,Juwan Johnson,Oscar Delp,Tyler Shough,6,1,-8.3249,11.4677
Michael Penix Jr.,Bijan Robinson,Chris Olave,Jahan Dotson,Kendre Miller,Kyle Pitts Sr.,6,1,-10.4583,1.3582
Chris Olave,Bijan Robinson,Michael Penix Jr.,Oscar Delp,Tyler Shough,Zachariah Branch,6,1,-9.4412,3.7556
Michael Penix Jr.,Alvin Kamara,Bijan Robinson,Kyle Pitts Sr.,Olamide Zaccheaus,Tyler Shough,6,1,-10.1722,1.8079
Tyler Shough,Bijan Robinson,Bryce Lance,Drake London,Jahan Dotson,Juwan Johnson,6,1,-7.9671,16.4008
Drake London,Austin Hooper,Bijan Robinson,Bryce Lance,Chris Olave,Devaughn Vele,6,1,-8.8669,6.6693
Devaughn Vele,Bijan Robinson,Bryce Lance,Michael Penix Jr.,Nick Folk,Tyler Shough,6,1,-8.9684,6.0255
Tyler Shough,Alvin Kamara,Chris Olave,Drake London,Juwan Johnson,Treyton Welch,6,1,-10.5004,1.3022
Bijan Robinson,Devaughn Vele,Juwan Johnson,Kyle Pitts Sr.,Michael Penix Jr.,Olamide Zaccheaus,6,1,-9.57,3.3017
Bijan Robinson,Austin Hooper,Bryce Lance,Devaughn Vele,Michael Penix Jr.,Tyler Shough,6,1,-8.3312,11.3957
Bijan Robinson,Alvin Kamara,Daniel Carlson,Kyle Pitts Sr.,Saints,Tyler Shough,6,1,-9.2072,4.7458
Chris Olave,Bijan Robinson,Juwan Johnson,Olamide Zaccheaus,Tyler Shough,Zachariah Branch,6,1,-9.8272,2.5529
Bijan Robinson,Bryce Lance,Chris Olave,Nick Folk,Noah Fant,Tyler Shough,6,1,-10.8499,0.9181
Bijan Robinson,Devaughn Vele,Kendre Miller,Michael Penix Jr.,Oscar Delp,Tyler Shough,6,1,-8.7595,7.4255
Drake London,Alvin Kamara,Bijan Robinson,Kendre Miller,Kyle Pitts Sr.,Nick Folk,6,1,-10.0399,2.0637
Chris Olave,Bijan Robinson,Bryce Lance,Charlie Woerner,Michael Penix Jr.,Tyler Shough,6,1,-9.5772,3.2781
Bijan Robinson,Devaughn Vele,Juwan Johnson,Kendre Miller,Kyle Pitts Sr.,Nick Folk,6,1,-9.89,2.3975
Bijan Robinson,Bryce Lance,Chris Olave,Daniel Carlson,Drake London,Falcons,6,1,-8.2345,12.553
Chris Olave,Alvin Kamara,Jahan Dotson,Juwan Johnson,Saints,Tyler Shough,6,1,-9.3616,4.0667
Chris Olave,Bijan Robinson,Drake London,Michael Penix Jr.,Oscar Delp,Zachariah Branch,6,1,-9.9966,2.1551
Kyle Pitts Sr.,Bijan Robinson,Drake London,Jahan Dotson,Juwan Johnson,Michael Penix Jr.,6,1,-9.6304,3.1083
Chris Olave,Brian Robinson Jr.,Drake London,Kyle Pitts Sr.,Saints,Tyler Shough,6,1,-9.3765,4.0066
Juwan Johnson,Bijan Robinson,Chris Olave,Drake London,Kevin Austin Jr.,Nick Folk,6,1,-10.6483,1.1232
Tyler Shough,Alvin Kamara,Bryce Lance,Chris Olave,Drake London,Nick Folk,6,1,-8.256,12.2859
Bijan Robinson,Bryce Lance,Devaughn Vele,Drake London,Juwan Johnson,Kendre Miller,6,1,-8.8169,7.0115
Chris Olave,Bijan Robinson,Daniel Carlson,Kevin Austin Jr.,Kyle Pitts Sr.,Tyler Shough,6,1,-10.2296,1.7072
Nick Folk,Bijan Robinson,Daniel Carlson,Devaughn Vele,Drake London,Juwan Johnson,6,1,-11.0485,0.7527
Bijan Robinson,Daniel Carlson,Devaughn Vele,Kendre Miller,Michael Penix Jr.,Nick Folk,6,1,-9.4791,3.6161
Tyler Shough,Bijan Robinson,Chris Olave,Daniel Carlson,Jahan Dotson,Saints,6,1,-8.886,6.5435
Tyler Shough,Bijan Robinson,Bryce Lance,Chris Olave,Drake London,Nick Muse,6,1,-11.4619,0.4979
Chris Olave,Brian Robinson Jr.,Daniel Carlson,Drake London,Saints,Tyler Shough,6,1,-9.0026,5.8232
Drake London,Bijan Robinson,CJ Donaldson,Daniel Carlson,Devaughn Vele,Michael Penix Jr.,6,1,-10.1862,1.7828
Kyle Pitts Sr.,Bijan Robinson,Chris Blair,Chris Olave,Juwan Johnson,Tyler Shough,6,1,-10.7576,1.0069
Drake London,Alvin Kamara,Bryce Lance,Chris Olave,Kyle Pitts Sr.,Tyler Shough,6,1,-8.3249,11.4675
Tyler Shough,Bijan Robinson,Daniel Carlson,Devaughn Vele,Drake London,Oscar Delp,6,1,-8.6246,8.4979
Chris Olave,Bijan Robinson,Falcons,Kyle Pitts Sr.,Olamide Zaccheaus,Tyler Shough,6,1,-9.365,4.0528
Kyle Pitts Sr.,Barion Brown,Bijan Robinson,Chris Olave,Juwan Johnson,Tyler Shough,6,1,-11.2045,0.644
Chris Olave,CJ Donaldson,Daniel Carlson,Devaughn Vele,Drake London,Tyler Shough,6,1,-9.7173,2.8495
Michael Penix Jr.,Bijan Robinson,Chris Olave,Juwan Johnson,Kyle Pitts Sr.,Oscar Delp,6,1,-9.7253,2.8267
Bijan Robinson,Bryce Lance,Chris Olave,Drake London,Falcons,Kendre Miller,6,1,-8.7882,7.2156
Tyler Shough,Austin Hooper,Bijan Robinson,Chris Olave,Michael Penix Jr.,Oscar Delp,6,1,-8.4446,10.1744
Kyle Pitts Sr.,Austin Hooper,Bijan Robinson,Chris Olave,Nick Folk,Tyler Shough,6,1,-9.546,3.3818
Tyler Shough,Bijan Robinson,Charlie Woerner,Chris Olave,Devaughn Vele,Saints,6,1,-11.059,0.7448
Bijan Robinson,Drake London,Jahan Dotson,Kyle Pitts Sr.,Michael Penix Jr.,Saints,6,1,-9.7532,2.7489
Tyler Shough,Alvin Kamara,Bryce Lance,Chris Olave,Kyle Pitts Sr.,Michael Penix Jr.,6,1,-8.4555,10.0635
Bijan Robinson,Kyle Pitts Sr.,Michael Penix Jr.,Nick Folk,Olamide Zaccheaus,Tyler Shough,6,1,-9.0225,5.7085
Drake London,Bijan Robinson,Bryce Lance,Devaughn Vele,Juwan Johnson,Kyle Pitts Sr.,6,1,-9.0231,5.7051
Tyler Shough,Bijan Robinson,CJ Donaldson,Juwan Johnson,Kyle Pitts Sr.,Michael Penix Jr.,6,1,-9.6398,3.0792
Drake London,Alvin Kamara,Austin Hooper,Chris Olave,Daniel Carlson,Tyler Shough,6,1,-8.6843,8.0057
Juwan Johnson,Bijan Robinson,CJ Donaldson,Drake London,Kyle Pitts Sr.,Tyler Shough,6,1,-9.8824,2.4158
Bijan Robinson,Bryce Lance,Chris Blair,Drake London,Michael Penix Jr.,Tyler Shough,6,1,-9.5506,3.3663
Bijan Robinson,Devaughn Vele,Drake London,Oscar Delp,Saints,Tyler Shough,6,1,-9.0425,5.5952
Chris Olave,Devaughn Vele,Drake London,Nick Folk,Oscar Delp,Tyler Shough,6,1,-8.9015,6.4426
Kyle Pitts Sr.,Bijan Robinson,Chris Olave,Daniel Carlson,Falcons,Tyler Shough,6,1,-9.2058,4.7525
Michael Penix Jr.,Bijan Robinson,Devaughn Vele,Falcons,Juwan Johnson,Kyle Pitts Sr.,6,1,-10.6959,1.0709
Tyler Shough,Alvin Kamara,Bijan Robinson,Bryce Lance,Drake London,Saints,6,1,-8.825,6.9548
Tyler Shough,Bijan Robinson,Chris Olave,Jahan Dotson,Kendre Miller,Saints,6,1,-9.4397,3.7613
Kyle Pitts Sr.,Austin Hooper,Bijan Robinson,Chris Olave,Drake London,Nick Folk,6,1,-10.1014,1.9406
Bijan Robinson,Austin Hooper,Bryce Lance,Juwan Johnson,Michael Penix Jr.,Tyler Shough,6,1,-7.8845,17.8131
Saints,Bijan Robinson,Chris Olave,Jahan Dotson,Juwan Johnson,Tyler Shough,6,1,-9.4393,3.7629
Falcons,Austin Hooper,Bijan Robinson,Chris Olave,Michael Penix Jr.,Tyler Shough,6,1,-9.9532,2.2507
Michael Penix Jr.,Alvin Kamara,Devaughn Vele,Drake London,Olamide Zaccheaus,Tyler Shough,6,1,-10.3779,1.4718
Drake London,Alvin Kamara,Daniel Carlson,Devaughn Vele,Michael Penix Jr.,Nick Folk,6,1,-9.7408,2.7834
Olamide Zaccheaus,Bijan Robinson,Chris Olave,Drake London,Michael Penix Jr.,Nick Folk,6,1,-11.5912,0.4375
Michael Penix Jr.,Bijan Robinson,Bryce Lance,Daniel Carlson,Devaughn Vele,Drake London,6,1,-9.6198,3.1412
Drake London,Bijan Robinson,Jahan Dotson,Kendre Miller,Kyle Pitts Sr.,Michael Penix Jr.,6,1,-9.8073,2.6041
Chris Olave,Daniel Carlson,Devaughn Vele,Falcons,Juwan Johnson,Tyler Shough,6,1,-8.8454,6.8146
Bijan Robinson,Devaughn Vele,Falcons,Juwan Johnson,Michael Penix Jr.,Saints,6,1,-9.8139,2.587
Juwan Johnson,Bijan Robinson,Chris Olave,Daniel Carlson,Kendre Miller,Nick Folk,6,1,-9.3859,3.9691
Drake London,Austin Hooper,Bijan Robinson,Chris Olave,Juwan Johnson,Olamide Zaccheaus,6,1,-9.3043,4.3067
Tyler Shough,Charlie Woerner,Chris Olave,Devaughn Vele,Juwan Johnson,Michael Penix Jr.,6,1,-10.3552,1.5057
Bijan Robinson,Kendre Miller,Kyle Pitts Sr.,Michael Penix Jr.,Tyler Shough,Zachariah Branch,6,1,-10.2385,1.6921
Bijan Robinson,Devaughn Vele,Kendre Miller,Nick Folk,Saints,Tyler Shough,6,1,-9.7604,2.7293
Tyler Shough,Bijan Robinson,Daniel Carlson,Drake London,Falcons,Nick Folk,6,1,-8.7996,7.1336
Tyler Shough,Bijan Robinson,Chris Olave,Kendre Miller,Kevin Austin Jr.,Kyle Pitts Sr.,6,1,-10.823,0.9431
Drake London,Alvin Kamara,Chris Olave,Kyle Pitts Sr.,Michael Penix Jr.,Olamide Zaccheaus,6,1,-9.8132,2.5888
Tyler Shough,Alvin Kamara,Daniel Carlson,Devaughn Vele,Drake London,Kendre Miller,6,1,-9.5487,3.3729
Michael Penix Jr.,Chris Olave,Daniel Carlson,Drake London,Jahan Dotson,Juwan Johnson,6,1,-9.6635,3.0069
Drake London,Austin Hooper,Bijan Robinson,CJ Donaldson,Michael Penix Jr.,Tyler Shough,6,1,-9.7587,2.7339
Juwan Johnson,Chris Olave,Drake London,Jahan Dotson,Kendre Miller,Tyler Shough,6,1,-8.9785,5.9654
Chris Olave,Devaughn Vele,Kendre Miller,Kyle Pitts Sr.,Nick Folk,Tyler Shough,6,1,-9.77,2.7031
Chris Olave,Daniel Carlson,Drake London,Jahan Dotson,Kendre Miller,Tyler Shough,6,1,-8.9645,6.0493
Devaughn Vele,Bijan Robinson,Falcons,Michael Penix Jr.,Saints,Tyler Shough,6,1,-10.2471,1.6776
Bijan Robinson,Chris Olave,Daniel Carlson,Juwan Johnson,Kendre Miller,Saints,6,1,-9.289,4.3728
Chris Olave,Daniel Carlson,Devaughn Vele,Michael Penix Jr.,Olamide Zaccheaus,Tyler Shough,6,1,-9.0761,5.4105
Chris Olave,Alvin Kamara,Bryce Lance,Drake London,Saints,Tyler Shough,6,1,-8.8786,6.5916
Austin Hooper,Bijan Robinson,Drake London,Michael Penix Jr.,Nick Folk,Tyler Shough,6,1,-10.587,1.1942
Nick Folk,Bijan Robinson,Chris Olave,Daniel Carlson,Saints,Tyler Shough,6,1,-10.8065,0.9588
Tyler Shough,Austin Hooper,Bijan Robinson,Bryce Lance,Drake London,Michael Penix Jr.,6,1,-8.2663,12.1601
Bijan Robinson,Daniel Carlson,Devaughn Vele,Kendre Miller,Saints,Tyler Shough,6,1,-9.5371,3.412
Michael Penix Jr.,Bijan Robinson,Daniel Carlson,Drake London,Juwan Johnson,Zachariah Branch,6,1,-10.9427,0.8367
Drake London,Alvin Kamara,Juwan Johnson,Michael Penix Jr.,Oscar Delp,Tyler Shough,6,1,-8.5745,8.9345
Bijan Robinson,Daniel Carlson,Juwan Johnson,Kyle Pitts Sr.,Saints,Tyler Shough,6,1,-8.9106,6.3841
Drake London,Alvin Kamara,Juwan Johnson,Kendre Miller,Nick Folk,Tyler Shough,6,1,-9.2435,4.5765
Tyler Shough,Chris Olave,Devaughn Vele,Kyle Pitts Sr.,Michael Penix Jr.,Olamide Zaccheaus,6,1,-9.4897,3.5777
Daniel Carlson,Bijan Robinson,Chris Olave,Nick Folk,Saints,Tyler Shough,6,1,-10.9508,0.83
Bijan Robinson,Austin Hooper,Daniel Carlson,Drake London,Kendre Miller,Michael Penix Jr.,6,1,-9.3836,3.978
Chris Olave,Chris Blair,Drake London,Juwan Johnson,Kyle Pitts Sr.,Tyler Shough,6,1,-10.5557,1.2321
Michael Penix Jr.,Bijan Robinson,Bryce Lance,Daniel Carlson,Drake London,Juwan Johnson,6,1,-9.1731,4.9101
Drake London,Chris Olave,Devaughn Vele,Michael Penix Jr.,Nick Folk,Olamide Zaccheaus,6,1,-9.8127,2.5901
Bijan Robinson,Juwan Johnson,Michael Penix Jr.,Olamide Zaccheaus,Saints,Tyler Shough,6,1,-8.9937,5.8753
Chris Olave,Bijan Robinson,Daniel Carlson,Olamide Zaccheaus,Saints,Tyler Shough,6,1,-9.3333,4.1836
Tyler Shough,Chris Olave,Drake London,Jahan Dotson,Juwan Johnson,Saints,6,1,-9.0188,5.7293
Drake London,Bijan Robinson,Juwan Johnson,Kendre Miller,Oscar Delp,Tyler Shough,6,1,-8.6499,8.2855
Kyle Pitts Sr.,Bijan Robinson,Bryce Lance,Drake London,Juwan Johnson,Michael Penix Jr.,6,1,-9.2333,4.6233
Chris Olave,Devaughn Vele,Kendre Miller,Michael Penix Jr.,Olamide Zaccheaus,Tyler Shough,6,1,-9.6298,3.11
Kyle Pitts Sr.,Bijan Robinson,Kendre Miller,Michael Penix Jr.,Nick Folk,Tyler Shough,6,1,-9.8449,2.508
Bijan Robinson,Juwan Johnson,Kendre Miller,Nick Folk,Saints,Tyler Shough,6,1,-9.3137,4.2663
Drake London,Chris Olave,Jahan Dotson,Juwan Johnson,Saints,Tyler Shough,6,1,-8.9371,6.2172
Devaughn Vele,Daniel Carlson,Drake London,Juwan Johnson,Kyle Pitts Sr.,Tyler Shough,6,1,-9.679,2.9606
Michael Penix Jr.,Austin Hooper,Bijan Robinson,Drake London,Falcons,Juwan Johnson,6,1,-10.4499,1.3696
Drake London,Bijan Robinson,Daniel Carlson,Falcons,Kendre Miller,Tyler Shough,6,1,-9.0484,5.5626
Tyler Shough,Austin Hooper,Chris Olave,Devaughn Vele,Kendre Miller,Michael Penix Jr.,6,1,-9.5187,3.4753
Tyler Shough,Chris Olave,Devaughn Vele,Drake London,Kendre Miller,Olamide Zaccheaus,6,1,-9.6206,3.1386
Michael Penix Jr.,Chris Olave,Drake London,Nick Folk,Oscar Delp,Tyler Shough,6,1,-9.3835,3.9787
Tyler Shough,Devaughn Vele,Drake London,Juwan Johnson,Michael Penix Jr.,Oscar Delp,6,1,-8.8064,7.0855
Bryce Lance,Chris Olave,Drake London,Juwan Johnson,Michael Penix Jr.,Tyler Shough,6,1,-9.7414,2.7815
Kendre Miller,Chris Olave,Devaughn Vele,Juwan Johnson,Kyle Pitts Sr.,Tyler Shough,6,1,-10.6761,1.0924
Tyler Shough,Chris Blair,Chris Olave,Daniel Carlson,Drake London,Michael Penix Jr.,6,1,-10.1845,1.786
Kendre Miller,Austin Hooper,Bijan Robinson,Drake London,Juwan Johnson,Tyler Shough,6,1,-10.3367,1.5338
Drake London,Barion Brown,Devaughn Vele,Juwan Johnson,Michael Penix Jr.,Tyler Shough,6,1,-11.1218,0.6995
Chris Olave,Austin Hooper,Juwan Johnson,Kendre Miller,Michael Penix Jr.,Tyler Shough,6,1,-9.0323,5.6525
Drake London,Jahan Dotson,Juwan Johnson,Kendre Miller,Michael Penix Jr.,Tyler Shough,6,1,-9.0109,5.775
Juwan Johnson,Austin Hooper,Chris Olave,Kyle Pitts Sr.,Michael Penix Jr.,Tyler Shough,6,1,-9.1837,4.8583
Drake London,Bryce Lance,Devaughn Vele,Michael Penix Jr.,Nick Folk,Tyler Shough,6,1,-8.7301,7.6472
Juwan Johnson,Austin Hooper,Bijan Robinson,Drake London,Saints,Tyler Shough,6,1,-9.5532,3.3575
Tyler Shough,Chris Olave,Devaughn Vele,Falcons,Michael Penix Jr.,Saints,6,1,-9.7336,2.8033
Tyler Shough,Chris Olave,Drake London,Kendre Miller,Kevin Austin Jr.,Michael Penix Jr.,6,1,-10.5449,1.2455
Saints,Bijan Robinson,Devaughn Vele,Falcons,Michael Penix Jr.,Tyler Shough,6,1,-10.5109,1.2886
Tyler Shough,Austin Hooper,Chris Olave,Juwan Johnson,Kendre Miller,Michael Penix Jr.,6,1,-9.072,5.4325
Drake London,Bryce Lance,Daniel Carlson,Devaughn Vele,Michael Penix Jr.,Tyler Shough,6,1,-8.5068,9.5601
Chris Olave,Juwan Johnson,Kyle Pitts Sr.,Nick Folk,Saints,Tyler Shough,6,1,-9.6552,3.032
Saints,Bijan Robinson,Chris Olave,Kendre Miller,Kyle Pitts Sr.,Tyler Shough,6,1,-10.3599,1.4987
Drake London,CJ Donaldson,Chris Olave,Michael Penix Jr.,Saints,Tyler Shough,6,1,-10.0772,1.9883
Saints,Bijan Robinson,Chris Olave,Daniel Carlson,Kendre Miller,Tyler Shough,6,1,-9.986,2.1782
Drake London,Austin Hooper,Juwan Johnson,Michael Penix Jr.,Nick Folk,Tyler Shough,6,1,-9.0167,5.7418
Saints,Chris Olave,Devaughn Vele,Juwan Johnson,Nick Folk,Tyler Shough,6,1,-10.321,1.558
Michael Penix Jr.,Bryce Lance,Chris Olave,Drake London,Saints,Tyler Shough,6,1,-9.5108,3.5032
Tyler Shough,Chris Olave,Drake London,Kendre Miller,Nick Folk,Saints,6,1,-9.7888,2.6529
Saints,Chris Olave,Drake London,Juwan Johnson,Nick Folk,Tyler Shough,6,1,-9.7884,2.654
Tyler Shough,Devaughn Vele,Drake London,Juwan Johnson,Kendre Miller,Saints,6,1,-10.1377,1.8715
Chris Olave,Alvin Kamara,Bijan Robinson,Brian Robinson Jr.,Devaughn Vele,Jahan Dotson,5,1,-9.0584,5.5069
Michael Penix Jr.,Alvin Kamara,Bijan Robinson,Brian Robinson Jr.,Chris Olave,Jahan Dotson,5,1,-9.5404,3.4009
Bijan Robinson,Alvin Kamara,Brian Robinson Jr.,CJ Donaldson,Chris Olave,Michael Penix Jr.,5,1,-9.3238,4.2235
Alvin Kamara,Bijan Robinson,Brian Robinson Jr.,Chris Olave,Devaughn Vele,Kendre Miller,5,1,-9.9728,2.207
Brian Robinson Jr.,Bijan Robinson,Chris Olave,Devaughn Vele,Juwan Johnson,Nick Folk,5,1,-10.4096,1.4259
Chris Olave,Alvin Kamara,Bijan Robinson,Brian Robinson Jr.,Kyle Pitts Sr.,Nick Folk,5,1,-9.2019,4.771
Brian Robinson Jr.,Bijan Robinson,Chris Olave,Devaughn Vele,Falcons,Tyler Shough,5,1,-10.0885,1.9659
Chris Olave,Alvin Kamara,Bijan Robinson,Brian Robinson Jr.,Chris Blair,Tyler Shough,5,1,-10.0587,2.0254
Alvin Kamara,Bijan Robinson,Brian Robinson Jr.,Juwan Johnson,Nick Folk,Tyler Shough,5,1,-8.997,5.8557
Chris Olave,Alvin Kamara,Austin Hooper,Bijan Robinson,Brian Robinson Jr.,Juwan Johnson,5,1,-8.948,6.1502
Bijan Robinson,Brian Robinson Jr.,Chris Olave,Daniel Carlson,Jahan Dotson,Michael Penix Jr.,5,1,-8.1674,13.4241
Bijan Robinson,Alvin Kamara,Austin Hooper,Brian Robinson Jr.,Juwan Johnson,Tyler Shough,5,1,-8.3214,11.5084
Michael Penix Jr.,Alvin Kamara,Bijan Robinson,Brian Robinson Jr.,Devaughn Vele,Kyle Pitts Sr.,5,1,-10.4795,1.3297
Bijan Robinson,Alvin Kamara,Brian Robinson Jr.,Falcons,Juwan Johnson,Michael Penix Jr.,5,1,-8.8086,7.0696
Brian Robinson Jr.,Alvin Kamara,Chris Olave,Drake London,Juwan Johnson,Michael Penix Jr.,5,1,-10.132,1.8821
Chris Olave,Alvin Kamara,Brian Robinson Jr.,Drake London,Jahan Dotson,Michael Penix Jr.,5,1,-9.0248,5.6952
Brian Robinson Jr.,Bijan Robinson,Bryce Lance,Chris Olave,Michael Penix Jr.,Tyler Shough,5,1,-8.9885,5.9059
Brian Robinson Jr.,Bijan Robinson,Chris Olave,Devaughn Vele,Saints,Tyler Shough,5,1,-10.4306,1.3963
Bijan Robinson,Brian Robinson Jr.,Chris Olave,Juwan Johnson,Treyton Welch,Tyler Shough,5,1,-9.6337,3.0978
Brian Robinson Jr.,Alvin Kamara,Devaughn Vele,Drake London,Michael Penix Jr.,Tyler Shough,5,1,-10.3801,1.4686
Bijan Robinson,Alvin Kamara,Brian Robinson Jr.,Drake London,Michael Penix Jr.,Olamide Zaccheaus,5,1,-8.9905,5.8941
Bijan Robinson,Brian Robinson Jr.,Jahan Dotson,Kyle Pitts Sr.,Michael Penix Jr.,Tyler Shough,5,1,-8.3427,11.2655
Bijan Robinson,Brian Robinson Jr.,Charlie Woerner,Devaughn Vele,Drake London,Tyler Shough,5,1,-10.093,1.9571
Chris Olave,Bijan Robinson,Brian Robinson Jr.,Devaughn Vele,Kendre Miller,Nick Folk,5,1,-9.5318,3.4301
Bijan Robinson,Alvin Kamara,Devaughn Vele,Falcons,Jahan Dotson,Tyler Shough,5,1,-8.9448,6.1693
Brian Robinson Jr.,Bijan Robinson,Chris Olave,Juwan Johnson,Kendre Miller,Michael Penix Jr.,5,1,-10.2563,1.6622
Bijan Robinson,Brian Robinson Jr.,Chris Olave,Daniel Carlson,Tyler Shough,Zachariah Branch,5,1,-8.9357,6.2263
Brian Robinson Jr.,Bijan Robinson,Chris Olave,Drake London,Michael Penix Jr.,Olamide Zaccheaus,5,1,-10.4279,1.4
Alvin Kamara,Brian Robinson Jr.,Chris Olave,Kyle Pitts Sr.,Michael Penix Jr.,Tyler Shough,5,1,-9.204,4.7611
Bijan Robinson,Brian Robinson Jr.,Drake London,Jahan Dotson,Kendre Miller,Tyler Shough,5,1,-8.4736,9.883
Bijan Robinson,Brian Robinson Jr.,Devaughn Vele,Kyle Pitts Sr.,Michael Penix Jr.,Nick Folk,5,1,-9.3297,4.1985
Bijan Robinson,Brian Robinson Jr.,Daniel Carlson,Drake London,Jahan Dotson,Michael Penix Jr.,5,1,-8.5242,9.3957
Falcons,Bijan Robinson,Brian Robinson Jr.,Chris Olave,Devaughn Vele,Tyler Shough,5,1,-9.8069,2.6052
Tyler Shough,Bijan Robinson,Brian Robinson Jr.,Jahan Dotson,Juwan Johnson,Michael Penix Jr.,5,1,-8.1192,14.0862
Alvin Kamara,Bijan Robinson,Brian Robinson Jr.,Drake London,Saints,Tyler Shough,5,1,-9.5734,3.2903
Bijan Robinson,Brian Robinson Jr.,Devaughn Vele,Falcons,Nick Folk,Tyler Shough,5,1,-8.895,6.4845
Bijan Robinson,Austin Hooper,Brian Robinson Jr.,Chris Olave,Michael Penix Jr.,Nick Folk,5,1,-8.7269,7.672
Chris Olave,Alvin Kamara,Brian Robinson Jr.,Drake London,Juwan Johnson,Nick Folk,5,1,-8.9609,6.0713
Juwan Johnson,Alvin Kamara,Bijan Robinson,Brian Robinson Jr.,Daniel Carlson,Drake London,5,1,-8.9755,5.9832
Devaughn Vele,Alvin Kamara,Bijan Robinson,Jahan Dotson,Juwan Johnson,Michael Penix Jr.,5,1,-9.7628,2.7226
Alvin Kamara,Brian Robinson Jr.,Chris Olave,Drake London,Kyle Pitts Sr.,Michael Penix Jr.,5,1,-9.7594,2.7321
Drake London,Bijan Robinson,Brian Robinson Jr.,Chris Olave,Jahan Dotson,Kendre Miller,5,1,-9.0582,5.5081
Chris Olave,Bijan Robinson,Brian Robinson Jr.,Bryce Lance,Nick Folk,Tyler Shough,5,1,-7.8173,19.0509
Chris Olave,Bijan Robinson,Brian Robinson Jr.,Falcons,Michael Penix Jr.,Nick Folk,5,1,-9.0379,5.6214
Juwan Johnson,Alvin Kamara,Bijan Robinson,Brian Robinson Jr.,Kendre Miller,Tyler Shough,5,1,-8.9738,5.9932
Tyler Shough,Bijan Robinson,Brian Robinson Jr.,Chris Olave,Michael Penix Jr.,Nick Muse,5,1,-11.614,0.4276
Chris Olave,Alvin Kamara,Bijan Robinson,Drake London,Jahan Dotson,Olamide Zaccheaus,5,1,-9.3066,4.2967
Chris Olave,Alvin Kamara,Austin Hooper,Brian Robinson Jr.,Drake London,Tyler Shough,5,1,-8.7568,7.446
Tyler Shough,Bijan Robinson,Brian Robinson Jr.,Chris Blair,Chris Olave,Juwan Johnson,5,1,-9.8018,2.6185
Brian Robinson Jr.,Bijan Robinson,Drake London,Juwan Johnson,Kendre Miller,Tyler Shough,5,1,-10.0088,2.1289
Brian Robinson Jr.,Austin Hooper,Bijan Robinson,Drake London,Michael Penix Jr.,Tyler Shough,5,1,-10.0785,1.9855
Tyler Shough,Barion Brown,Bijan Robinson,Brian Robinson Jr.,Chris Olave,Juwan Johnson,5,1,-10.2488,1.6748
Bijan Robinson,Brian Robinson Jr.,Bryce Lance,Drake London,Nick Folk,Tyler Shough,5,1,-7.7461,20.4569
Drake London,Bijan Robinson,Brian Robinson Jr.,Chris Blair,Chris Olave,Juwan Johnson,5,1,-10.2755,1.6305
Drake London,Bijan Robinson,Brian Robinson Jr.,Chris Olave,Juwan Johnson,Oscar Delp,5,1,-8.3253,11.4634
Daniel Carlson,Bijan Robinson,Brian Robinson Jr.,Chris Olave,Juwan Johnson,Michael Penix Jr.,5,1,-10.1594,1.8313
Chris Olave,Bijan Robinson,Brian Robinson Jr.,Drake London,Kyle Pitts Sr.,Olamide Zaccheaus,5,1,-9.4074,3.8846
Bijan Robinson,Alvin Kamara,CJ Donaldson,Daniel Carlson,Devaughn Vele,Tyler Shough,5,1,-9.5784,3.2739
Bijan Robinson,Alvin Kamara,Austin Hooper,CJ Donaldson,Chris Olave,Drake London,5,1,-9.9049,2.3621
Daniel Carlson,Bijan Robinson,Brian Robinson Jr.,Chris Olave,Drake London,Nick Folk,5,1,-10.651,1.1201
Drake London,Bijan Robinson,Brian Robinson Jr.,Devaughn Vele,Falcons,Juwan Johnson,5,1,-9.2959,4.3429
Bijan Robinson,Alvin Kamara,Devaughn Vele,Nick Folk,Olamide Zaccheaus,Tyler Shough,5,1,-9.1116,5.2217
Chris Olave,Brian Robinson Jr.,Devaughn Vele,Drake London,Tyler Shough,Zachariah Branch,5,1,-9.9432,2.2732
Nick Folk,Bijan Robinson,Brian Robinson Jr.,Juwan Johnson,Michael Penix Jr.,Tyler Shough,5,1,-10.0398,2.064
Bijan Robinson,Austin Hooper,Brian Robinson Jr.,Daniel Carlson,Drake London,Tyler Shough,5,1,-8.2561,12.2842
Bijan Robinson,Alvin Kamara,Charlie Woerner,Chris Olave,Daniel Carlson,Michael Penix Jr.,5,1,-10.1598,1.8305
Devaughn Vele,Brian Robinson Jr.,Chris Olave,Juwan Johnson,Kyle Pitts Sr.,Tyler Shough,5,1,-9.3527,4.103
Bijan Robinson,Alvin Kamara,Austin Hooper,Devaughn Vele,Michael Penix Jr.,Nick Folk,5,1,-9.5651,3.3179
Drake London,Alvin Kamara,Brian Robinson Jr.,Chris Olave,Falcons,Michael Penix Jr.,5,1,-9.202,4.7703
Chris Olave,Austin Hooper,Bijan Robinson,Brian Robinson Jr.,Drake London,Kendre Miller,5,1,-9.4364,3.7735
Tyler Shough,Bijan Robinson,Brian Robinson Jr.,Devaughn Vele,Juwan Johnson,Noah Fant,5,1,-11.7698,0.3659
Bijan Robinson,Austin Hooper,Brian Robinson Jr.,Chris Olave,Saints,Tyler Shough,5,1,-8.7849,7.2391
Austin Hooper,Bijan Robinson,Brian Robinson Jr.,Chris Olave,Drake London,Michael Penix Jr.,5,1,-10.5928,1.1873
Devaughn Vele,Bijan Robinson,Bryce Lance,Chris Olave,Drake London,Jahan Dotson,5,1,-9.2192,4.6893
Bijan Robinson,Alvin Kamara,Chris Olave,Drake London,Olamide Zaccheaus,Zachariah Branch,5,1,-10.2511,1.6708
Devaughn Vele,Brian Robinson Jr.,Chris Olave,Drake London,Falcons,Tyler Shough,5,1,-9.4364,3.7738
Bijan Robinson,Alvin Kamara,Juwan Johnson,Nick Folk,Tyler Shough,Zachariah Branch,5,1,-9.5505,3.3668
Devaughn Vele,Brian Robinson Jr.,Chris Olave,Drake London,Juwan Johnson,Kyle Pitts Sr.,5,1,-9.9081,2.3545
Bijan Robinson,Devaughn Vele,Jahan Dotson,Michael Penix Jr.,Tyler Shough,Zachariah Branch,5,1,-9.7646,2.7179
Drake London,Bijan Robinson,Brian Robinson Jr.,Devaughn Vele,Michael Penix Jr.,Olamide Zaccheaus,5,1,-9.5266,3.4481
Devaughn Vele,Alvin Kamara,Bijan Robinson,Michael Penix Jr.,Oscar Delp,Tyler Shough,5,1,-9.2595,4.5037
Alvin Kamara,Austin Hooper,Bijan Robinson,Chris Olave,Daniel Carlson,Michael Penix Jr.,5,1,-9.5653,3.3171
Michael Penix Jr.,Bijan Robinson,Brian Robinson Jr.,Kyle Pitts Sr.,Nick Folk,Tyler Shough,5,1,-9.6354,3.0927
Bijan Robinson,Brian Robinson Jr.,Chris Olave,Falcons,Michael Penix Jr.,Saints,5,1,-9.2722,4.4469
Daniel Carlson,Bijan Robinson,Brian Robinson Jr.,Drake London,Juwan Johnson,Tyler Shough,5,1,-9.9119,2.3455
Bijan Robinson,Alvin Kamara,CJ Donaldson,Drake London,Falcons,Tyler Shough,5,1,-9.5893,3.2386
Nick Folk,Alvin Kamara,Bijan Robinson,Chris Olave,Daniel Carlson,Juwan Johnson,5,1,-10.5415,1.2497
Alvin Kamara,Bijan Robinson,Drake London,Nick Folk,Tyler Shough,Zachariah Branch,5,1,-10.5774,1.2056
Bijan Robinson,Alvin Kamara,Chris Olave,Falcons,Kendre Miller,Nick Folk,5,1,-9.4667,3.6609
Bijan Robinson,Alvin Kamara,Drake London,Juwan Johnson,Nick Folk,Zachariah Branch,5,1,-10.1059,1.932
Bijan Robinson,Alvin Kamara,Chris Olave,Kendre Miller,Michael Penix Jr.,Oscar Delp,5,1,-8.808,7.0743
Bijan Robinson,Alvin Kamara,Daniel Carlson,Devaughn Vele,Juwan Johnson,Kendre Miller,5,1,-9.2721,4.4473
Bijan Robinson,Chris Olave,Jahan Dotson,Nick Folk,Olamide Zaccheaus,Tyler Shough,5,1,-8.5672,9.0005
Bijan Robinson,Austin Hooper,Brian Robinson Jr.,Daniel Carlson,Drake London,Michael Penix Jr.,5,1,-8.8604,6.7129
Bijan Robinson,Chris Olave,Devaughn Vele,Juwan Johnson,Nick Folk,Oscar Delp,5,1,-8.6647,8.164
Devaughn Vele,Alvin Kamara,Bijan Robinson,Drake London,Michael Penix Jr.,Oscar Delp,5,1,-9.8149,2.5844
Nick Folk,Brian Robinson Jr.,Chris Olave,Devaughn Vele,Drake London,Michael Penix Jr.,5,1,-11.1352,0.6902
Bijan Robinson,Brian Robinson Jr.,Michael Penix Jr.,Nick Folk,Saints,Tyler Shough,5,1,-8.7534,7.4711
Alvin Kamara,Bijan Robinson,Bryce Lance,Drake London,Nick Folk,Tyler Shough,5,1,-8.8078,7.0752
Devaughn Vele,Alvin Kamara,Bijan Robinson,Drake London,Juwan Johnson,Olamide Zaccheaus,5,1,-10.201,1.7568
Bijan Robinson,Alvin Kamara,Bryce Lance,Juwan Johnson,Kyle Pitts Sr.,Tyler Shough,5,1,-7.9315,16.9949
Bijan Robinson,Alvin Kamara,Chris Olave,Falcons,Kendre Miller,Kyle Pitts Sr.,5,1,-9.6174,3.149
Michael Penix Jr.,Bijan Robinson,Brian Robinson Jr.,Chris Blair,Drake London,Tyler Shough,5,1,-11.0476,0.7534
Bijan Robinson,Bryce Lance,Devaughn Vele,Drake London,Jahan Dotson,Michael Penix Jr.,5,1,-8.5504,9.1528
Bijan Robinson,Chris Olave,Jahan Dotson,Juwan Johnson,Kendre Miller,Nick Folk,5,1,-8.9509,6.1318
Alvin Kamara,Bijan Robinson,Devaughn Vele,Kendre Miller,Kyle Pitts Sr.,Michael Penix Jr.,5,1,-10.7219,1.0434
Kendre Miller,Bijan Robinson,Brian Robinson Jr.,Devaughn Vele,Drake London,Michael Penix Jr.,5,1,-10.7576,1.0068
Bijan Robinson,Alvin Kamara,Daniel Carlson,Drake London,Treyton Welch,Tyler Shough,5,1,-10.2566,1.6617
Bijan Robinson,Alvin Kamara,Kevin Austin Jr.,Kyle Pitts Sr.,Michael Penix Jr.,Tyler Shough,5,1,-10.1865,1.7823
Bijan Robinson,Alvin Kamara,Drake London,Kevin Austin Jr.,Michael Penix Jr.,Nick Folk,5,1,-10.5913,1.189
Chris Olave,Alvin Kamara,Bijan Robinson,Bryce Lance,Olamide Zaccheaus,Tyler Shough,5,1,-8.3542,11.1371
Juwan Johnson,Alvin Kamara,Austin Hooper,Bijan Robinson,Chris Olave,Nick Folk,5,1,-9.472,3.6418
Michael Penix Jr.,Alvin Kamara,Bijan Robinson,Jahan Dotson,Kendre Miller,Tyler Shough,5,1,-9.8651,2.4581
Alvin Kamara,Chris Olave,Devaughn Vele,Drake London,Oscar Delp,Tyler Shough,5,1,-9.3424,4.1454
Daniel Carlson,Alvin Kamara,Bijan Robinson,Chris Olave,Juwan Johnson,Kyle Pitts Sr.,5,1,-10.8364,0.9305
Alvin Kamara,Bryce Lance,Chris Olave,Devaughn Vele,Michael Penix Jr.,Tyler Shough,5,1,-8.8562,6.7408
Devaughn Vele,Bijan Robinson,Daniel Carlson,Jahan Dotson,Juwan Johnson,Tyler Shough,5,1,-9.1793,4.8801
Chris Olave,Brian Robinson Jr.,Bryce Lance,Drake London,Juwan Johnson,Tyler Shough,5,1,-7.7269,20.8529
Drake London,Alvin Kamara,Devaughn Vele,Jahan Dotson,Juwan Johnson,Tyler Shough,5,1,-8.9202,6.323
Bijan Robinson,Jahan Dotson,Juwan Johnson,Michael Penix Jr.,Tyler Shough,Zachariah Branch,5,1,-9.3179,4.2485
Bijan Robinson,Austin Hooper,Chris Olave,Daniel Carlson,Devaughn Vele,Nick Folk,5,1,-9.1801,4.8758
Alvin Kamara,Chris Olave,Devaughn Vele,Michael Penix Jr.,Olamide Zaccheaus,Tyler Shough,5,1,-9.7403,2.7847
Bijan Robinson,Austin Hooper,Chris Olave,Devaughn Vele,Drake London,Kevin Austin Jr.,5,1,-10.773,0.9915
Austin Hooper,Alvin Kamara,Bijan Robinson,Devaughn Vele,Michael Penix Jr.,Tyler Shough,5,1,-10.8756,0.8948
Drake London,Brian Robinson Jr.,Chris Olave,Devaughn Vele,Juwan Johnson,Kendre Miller,5,1,-9.3995,3.9156
Bijan Robinson,Austin Hooper,Bryce Lance,Chris Olave,Devaughn Vele,Michael Penix Jr.,5,1,-8.5298,9.3431
Chris Olave,Barion Brown,Brian Robinson Jr.,Drake London,Michael Penix Jr.,Tyler Shough,5,1,-10.6221,1.1529
Tyler Shough,Alvin Kamara,Bijan Robinson,Falcons,Juwan Johnson,Nick Folk,5,1,-8.8648,6.6831
Tyler Shough,Alvin Kamara,Chris Olave,Jahan Dotson,Juwan Johnson,Kyle Pitts Sr.,5,1,-8.8896,6.5197
Bijan Robinson,Alvin Kamara,Drake London,Kendre Miller,Treyton Welch,Tyler Shough,5,1,-10.8103,0.9551
Bijan Robinson,Alvin Kamara,Austin Hooper,Chris Olave,Juwan Johnson,Saints,5,1,-9.3751,4.0122
Alvin Kamara,Bijan Robinson,Daniel Carlson,Drake London,Falcons,Michael Penix Jr.,5,1,-9.8051,2.6099
Tyler Shough,Austin Hooper,Bijan Robinson,Devaughn Vele,Drake London,Jahan Dotson,5,1,-9.1471,5.0398
Tyler Shough,Brian Robinson Jr.,Chris Olave,Daniel Carlson,Drake London,Nick Folk,5,1,-8.3799,10.8536
Michael Penix Jr.,Bijan Robinson,Chris Olave,Jahan Dotson,Kevin Austin Jr.,Tyler Shough,5,1,-10.7913,0.9734
Bijan Robinson,Austin Hooper,Chris Olave,Daniel Carlson,Devaughn Vele,Kyle Pitts Sr.,5,1,-9.3308,4.1939
Bijan Robinson,CJ Donaldson,Charlie Woerner,Chris Olave,Michael Penix Jr.,Tyler Shough,5,1,-10.7233,1.042
Drake London,Alvin Kamara,Bijan Robinson,CJ Donaldson,Michael Penix Jr.,Nick Folk,5,1,-10.2593,1.6571
Falcons,Bijan Robinson,Chris Olave,Jahan Dotson,Michael Penix Jr.,Tyler Shough,5,1,-9.617,3.1502
Devaughn Vele,Bijan Robinson,Chris Blair,Chris Olave,Daniel Carlson,Tyler Shough,5,1,-10.8248,0.9414
Bijan Robinson,Alvin Kamara,Bryce Lance,Juwan Johnson,Kendre Miller,Tyler Shough,5,1,-8.1113,14.198
Drake London,Austin Hooper,Bijan Robinson,Devaughn Vele,Jahan Dotson,Tyler Shough,5,1,-9.0654,5.4689
Alvin Kamara,Bijan Robinson,Chris Olave,Falcons,Michael Penix Jr.,Saints,5,1,-10.3339,1.538
Kyle Pitts Sr.,Alvin Kamara,Bijan Robinson,Daniel Carlson,Devaughn Vele,Michael Penix Jr.,5,1,-10.1353,1.876
Devaughn Vele,Brian Robinson Jr.,Daniel Carlson,Drake London,Michael Penix Jr.,Tyler Shough,5,1,-9.2986,4.3314
Devaughn Vele,Bijan Robinson,Bryce Lance,Chris Olave,Falcons,Tyler Shough,5,1,-8.883,6.563
Bijan Robinson,CJ Donaldson,Chris Olave,Drake London,Falcons,Nick Folk,5,1,-10.0319,2.0804
Drake London,Brian Robinson Jr.,Devaughn Vele,Juwan Johnson,Kyle Pitts Sr.,Tyler Shough,5,1,-9.0211,5.7167
Michael Penix Jr.,Bijan Robinson,Chris Olave,Drake London,Jahan Dotson,Kevin Austin Jr.,5,1,-11.3467,0.5586
Alvin Kamara,Bijan Robinson,Daniel Carlson,Drake London,Juwan Johnson,Kendre Miller,5,1,-9.8524,2.4894
Drake London,Bijan Robinson,Brian Robinson Jr.,Nick Folk,Saints,Tyler Shough,5,1,-9.0905,5.3331
Tyler Shough,Alvin Kamara,Bijan Robinson,Bryce Lance,Juwan Johnson,Nick Folk,5,1,-8.2486,12.3772
Bijan Robinson,Daniel Carlson,Drake London,Falcons,Jahan Dotson,Tyler Shough,5,1,-8.4329,10.2936
Kendre Miller,Bijan Robinson,Brian Robinson Jr.,Drake London,Juwan Johnson,Michael Penix Jr.,5,1,-10.3109,1.5738
Drake London,Brian Robinson Jr.,Chris Olave,Daniel Carlson,Kyle Pitts Sr.,Tyler Shough,5,1,-8.4489,10.1306
Bijan Robinson,Chris Blair,Chris Olave,Daniel Carlson,Nick Folk,Tyler Shough,5,1,-9.8442,2.5099
Juwan Johnson,Austin Hooper,Bijan Robinson,Chris Olave,Devaughn Vele,Nick Folk,5,1,-9.6221,3.134
Bijan Robinson,CJ Donaldson,Chris Olave,Drake London,Juwan Johnson,Olamide Zaccheaus,5,1,-9.7591,2.7327
Tyler Shough,Alvin Kamara,Chris Olave,Devaughn Vele,Michael Penix Jr.,Oscar Delp,5,1,-8.7461,7.5255
Alvin Kamara,Bijan Robinson,Chris Olave,Juwan Johnson,Kendre Miller,Saints,5,1,-10.3812,1.467
Bijan Robinson,Alvin Kamara,Chris Blair,Drake London,Kendre Miller,Michael Penix Jr.,5,1,-11.115,0.7043
Bijan Robinson,Brian Robinson Jr.,Drake London,Kendre Miller,Michael Penix Jr.,Saints,5,1,-9.6392,3.0808
Drake London,Brian Robinson Jr.,Chris Olave,Michael Penix Jr.,Oscar Delp,Tyler Shough,5,1,-8.183,13.2166
Drake London,Brian Robinson Jr.,Devaughn Vele,Juwan Johnson,Michael Penix Jr.,Nick Folk,5,1,-9.4747,3.6319
Oscar Delp,Bijan Robinson,Chris Olave,Devaughn Vele,Juwan Johnson,Tyler Shough,5,1,-10.8047,0.9606
Tyler Shough,Brian Robinson Jr.,Chris Olave,Devaughn Vele,Juwan Johnson,Saints,5,1,-9.2577,4.5121
Chris Olave,Bijan Robinson,Bryce Lance,CJ Donaldson,Juwan Johnson,Tyler Shough,5,1,-8.7477,7.5138
Drake London,Alvin Kamara,Bijan Robinson,CJ Donaldson,Daniel Carlson,Michael Penix Jr.,5,1,-10.0361,2.0717
Drake London,Barion Brown,Brian Robinson Jr.,Chris Olave,Michael Penix Jr.,Tyler Shough,5,1,-10.5801,1.2024
Bijan Robinson,Chris Blair,Chris Olave,Daniel Carlson,Kyle Pitts Sr.,Tyler Shough,5,1,-9.9948,2.1589
Kyle Pitts Sr.,Bijan Robinson,Chris Olave,Devaughn Vele,Oscar Delp,Tyler Shough,5,1,-9.254,4.5285
Bijan Robinson,Daniel Carlson,Devaughn Vele,Kevin Austin Jr.,Michael Penix Jr.,Tyler Shough,5,1,-9.9628,2.2292
Tyler Shough,Bijan Robinson,Chris Olave,Juwan Johnson,Nick Folk,Zamir White,5,1,-12.9752,0.1096
Michael Penix Jr.,Brian Robinson Jr.,Chris Olave,Drake London,Falcons,Juwan Johnson,5,1,-9.9132,2.3425
Tyler Shough,Alvin Kamara,Bijan Robinson,Kyle Pitts Sr.,Michael Penix Jr.,Olamide Zaccheaus,5,1,-9.2462,4.564
Drake London,Bijan Robinson,Bryce Lance,Devaughn Vele,Jahan Dotson,Michael Penix Jr.,5,1,-8.9364,6.2218
Devaughn Vele,Bijan Robinson,Falcons,Juwan Johnson,Nick Folk,Tyler Shough,5,1,-9.6217,3.1352
Daniel Carlson,Austin Hooper,Bijan Robinson,Chris Olave,Devaughn Vele,Tyler Shough,5,1,-10.6318,1.1418
Devaughn Vele,Bijan Robinson,Michael Penix Jr.,Nick Folk,Tyler Shough,Zachariah Branch,5,1,-10.738,1.0268
Tyler Shough,Brian Robinson Jr.,Chris Olave,Drake London,Kendre Miller,Kyle Pitts Sr.,5,1,-9.0843,5.3662
Alvin Kamara,Chris Olave,Daniel Carlson,Drake London,Falcons,Tyler Shough,5,1,-9.2942,4.3503
Drake London,Alvin Kamara,Bijan Robinson,Bryce Lance,Falcons,Tyler Shough,5,1,-8.4012,10.6256
Bijan Robinson,Chris Olave,Daniel Carlson,Drake London,Kevin Austin Jr.,Kyle Pitts Sr.,5,1,-10.357,1.503
Drake London,Brian Robinson Jr.,Chris Olave,Kendre Miller,Kyle Pitts Sr.,Tyler Shough,5,1,-9.0026,5.8231
Tyler Shough,Bijan Robinson,Chris Olave,Jahan Dotson,Nick Folk,Saints,5,1,-9.1092,5.2342
Bijan Robinson,Alvin Kamara,Drake London,Oscar Delp,Saints,Tyler Shough,5,1,-8.8924,6.5017
Devaughn Vele,Bijan Robinson,Drake London,Kevin Austin Jr.,Nick Folk,Tyler Shough,5,1,-11.2116,0.6394
Bijan Robinson,Chris Olave,Falcons,Kyle Pitts Sr.,Olamide Zaccheaus,Tyler Shough,5,1,-8.937,6.2177
Chris Olave,Bijan Robinson,Kevin Austin Jr.,Michael Penix Jr.,Tyler Shough,Zachariah Branch,5,1,-11.1982,0.6481
Devaughn Vele,Alvin Kamara,Drake London,Kyle Pitts Sr.,Nick Folk,Tyler Shough,5,1,-10.1988,1.7605
Tyler Shough,Bijan Robinson,CJ Donaldson,Chris Olave,Drake London,Oscar Delp,5,1,-9.2365,4.6085
Tyler Shough,Bijan Robinson,CJ Donaldson,Chris Blair,Chris Olave,Drake London,5,1,-11.1868,0.6555
Kyle Pitts Sr.,Austin Hooper,Bijan Robinson,Chris Olave,Devaughn Vele,Juwan Johnson,5,1,-10.0936,1.956
Bijan Robinson,Daniel Carlson,Devaughn Vele,Drake London,Juwan Johnson,Olamide Zaccheaus,5,1,-9.1472,5.0391
Chris Olave,Bijan Robinson,Daniel Carlson,Drake London,Jahan Dotson,Saints,5,1,-9.4016,3.9071
Saints,Bijan Robinson,Chris Olave,Devaughn Vele,Jahan Dotson,Tyler Shough,5,1,-9.886,2.4072
Chris Olave,Bijan Robinson,Daniel Carlson,Kevin Austin Jr.,Nick Folk,Tyler Shough,5,1,-10.0789,1.9848
Devaughn Vele,Alvin Kamara,Daniel Carlson,Juwan Johnson,Michael Penix Jr.,Tyler Shough,5,1,-9.3333,4.1834
Drake London,Bijan Robinson,CJ Donaldson,Chris Blair,Chris Olave,Tyler Shough,5,1,-11.1051,0.7113
Devaughn Vele,Alvin Kamara,Drake London,Falcons,Juwan Johnson,Tyler Shough,5,1,-9.8279,2.5511
Juwan Johnson,Bijan Robinson,Daniel Carlson,Drake London,Jahan Dotson,Michael Penix Jr.,5,1,-8.9357,6.2262
Daniel Carlson,Bijan Robinson,CJ Donaldson,Chris Olave,Michael Penix Jr.,Tyler Shough,5,1,-10.989,0.7989
Alvin Kamara,Chris Olave,Juwan Johnson,Kendre Miller,Kyle Pitts Sr.,Tyler Shough,5,1,-9.7643,2.7188
Bijan Robinson,Chris Blair,Chris Olave,Drake London,Kendre Miller,Nick Folk,5,1,-10.9533,0.8279
Bijan Robinson,Devaughn Vele,Drake London,Falcons,Michael Penix Jr.,Oscar Delp,5,1,-9.3047,4.3049
Bijan Robinson,Austin Hooper,Chris Olave,Juwan Johnson,Kendre Miller,Nick Folk,5,1,-9.2872,4.381
Chris Olave,Bijan Robinson,Drake London,Juwan Johnson,Olamide Zaccheaus,Zachariah Branch,5,1,-10.3826,1.465
Bijan Robinson,Devaughn Vele,Falcons,Kendre Miller,Kyle Pitts Sr.,Tyler Shough,5,1,-9.5689,3.3053
Daniel Carlson,Alvin Kamara,Chris Olave,Drake London,Nick Folk,Tyler Shough,5,1,-10.4946,1.3097
Chris Olave,Bijan Robinson,Bryce Lance,Falcons,Kyle Pitts Sr.,Tyler Shough,5,1,-8.481,9.8105
Drake London,Bijan Robinson,Jahan Dotson,Kendre Miller,Nick Folk,Tyler Shough,5,1,-9.0524,5.5402
Drake London,Alvin Kamara,Bijan Robinson,Bryce Lance,Falcons,Michael Penix Jr.,5,1,-9.0054,5.8066
Tyler Shough,Bijan Robinson,Bryce Lance,Chris Olave,Juwan Johnson,Zachariah Branch,5,1,-8.9829,5.9392
Tyler Shough,Austin Hooper,Bijan Robinson,Chris Olave,Drake London,Khalil Herbert,5,1,-12.6334,0.1543
Chris Olave,Bijan Robinson,Bryce Lance,Drake London,Michael Penix Jr.,Oscar Delp,5,1,-8.227,12.6474
Juwan Johnson,Alvin Kamara,Bryce Lance,Chris Olave,Michael Penix Jr.,Tyler Shough,5,1,-8.0559,15.0078
Bijan Robinson,Chris Olave,Daniel Carlson,Kendre Miller,Oscar Delp,Tyler Shough,5,1,-8.2244,12.6803
Bijan Robinson,Chris Olave,Daniel Carlson,Kendre Miller,Michael Penix Jr.,Zachariah Branch,5,1,-10.0632,2.0163
Bijan Robinson,Austin Hooper,Chris Olave,Daniel Carlson,Falcons,Michael Penix Jr.,5,1,-9.0166,5.742
Chris Olave,Bijan Robinson,Charlie Woerner,Michael Penix Jr.,Olamide Zaccheaus,Tyler Shough,5,1,-10.4612,1.3542
Bijan Robinson,Bryce Lance,Chris Olave,Falcons,Kendre Miller,Tyler Shough,5,1,-8.2328,12.5741
Michael Penix Jr.,Chris Olave,Daniel Carlson,Devaughn Vele,Drake London,Jahan Dotson,5,1,-10.1102,1.9236
Bijan Robinson,Chris Olave,Daniel Carlson,Devaughn Vele,Falcons,Saints,5,1,-9.7255,2.8262
Tyler Shough,Alvin Kamara,Chris Olave,Drake London,Nick Folk,Olamide Zaccheaus,5,1,-9.14,5.0754
Daniel Carlson,Bijan Robinson,Charlie Woerner,Chris Olave,Drake London,Tyler Shough,5,1,-11.8066,0.3527
Oscar Delp,Bijan Robinson,Chris Olave,Drake London,Nick Folk,Tyler Shough,5,1,-10.8126,0.953
Juwan Johnson,Austin Hooper,Bijan Robinson,Devaughn Vele,Nick Folk,Tyler Shough,5,1,-9.4235,3.8226
Juwan Johnson,Alvin Kamara,Daniel Carlson,Devaughn Vele,Michael Penix Jr.,Tyler Shough,5,1,-9.0181,5.7337
Chris Olave,Jahan Dotson,Kyle Pitts Sr.,Michael Penix Jr.,Nick Folk,Tyler Shough,5,1,-9.0568,5.5158
Chris Olave,Austin Hooper,Bijan Robinson,Daniel Carlson,Falcons,Tyler Shough,5,1,-8.8403,6.8489
Tyler Shough,Alvin Kamara,Daniel Carlson,Devaughn Vele,Drake London,Kyle Pitts Sr.,5,1,-9.3688,4.0374
Devaughn Vele,Alvin Kamara,Juwan Johnson,Kendre Miller,Michael Penix Jr.,Tyler Shough,5,1,-9.887,2.4046
Michael Penix Jr.,Bijan Robinson,Chris Olave,Falcons,Oscar Delp,Tyler Shough,5,1,-9.2536,4.5306
Bijan Robinson,Drake London,Michael Penix Jr.,Oscar Delp,Tyler Shough,Zachariah Branch,5,1,-9.37,4.0328
Tyler Shough,Bijan Robinson,Chris Olave,Daniel Carlson,Nick Folk,Olamide Zaccheaus,5,1,-8.7106,7.7977
Bijan Robinson,Barion Brown,Daniel Carlson,Juwan Johnson,Michael Penix Jr.,Tyler Shough,5,1,-10.1563,1.8371
Chris Olave,Alvin Kamara,Bryce Lance,Drake London,Kendre Miller,Tyler Shough,5,1,-8.5467,9.1861
Tyler Shough,Alvin Kamara,Austin Hooper,Chris Olave,Daniel Carlson,Drake London,5,1,-8.766,7.3776
Oscar Delp,Bijan Robinson,Chris Olave,Drake London,Kyle Pitts Sr.,Tyler Shough,5,1,-10.9632,0.8197
Michael Penix Jr.,Bijan Robinson,Daniel Carlson,Drake London,Jahan Dotson,Kyle Pitts Sr.,5,1,-10.2613,1.6538
Bijan Robinson,Bryce Lance,Daniel Carlson,Michael Penix Jr.,Nick Folk,Tyler Shough,5,1,-7.7645,20.0838
Michael Penix Jr.,Bijan Robinson,Chris Olave,Daniel Carlson,Falcons,Nick Folk,5,1,-9.9731,2.2063
Bijan Robinson,Daniel Carlson,Drake London,Michael Penix Jr.,Nick Folk,Zachariah Branch,5,1,-10.0895,1.9639
Kyle Pitts Sr.,Bijan Robinson,Chris Blair,Chris Olave,Drake London,Juwan Johnson,5,1,-11.313,0.5778
Bijan Robinson,Bryce Lance,Drake London,Falcons,Nick Folk,Tyler Shough,5,1,-8.2591,12.2473
Alvin Kamara,Austin Hooper,Drake London,Juwan Johnson,Michael Penix Jr.,Tyler Shough,5,1,-9.4996,3.5425
Chris Olave,Bijan Robinson,Daniel Carlson,Kyle Pitts Sr.,Michael Penix Jr.,Olamide Zaccheaus,5,1,-9.4258,3.8138
Bijan Robinson,Alvin Kamara,Daniel Carlson,Kendre Miller,Saints,Tyler Shough,5,1,-9.387,3.9648
Tyler Shough,Alvin Kamara,Austin Hooper,Devaughn Vele,Juwan Johnson,Michael Penix Jr.,5,1,-9.3871,3.9645
Drake London,Bijan Robinson,Jahan Dotson,Kendre Miller,Michael Penix Jr.,Nick Folk,5,1,-9.6567,3.0276
Bijan Robinson,Barion Brown,Bryce Lance,Drake London,Michael Penix Jr.,Tyler Shough,5,1,-9.9976,2.153
Devaughn Vele,Bijan Robinson,Drake London,Kendre Miller,Oscar Delp,Tyler Shough,5,1,-9.7851,2.6627
Juwan Johnson,Bijan Robinson,Chris Olave,Kendre Miller,Oscar Delp,Tyler Shough,5,1,-8.6664,8.1505
Kyle Pitts Sr.,Chris Olave,Drake London,Jahan Dotson,Juwan Johnson,Tyler Shough,5,1,-9.1194,5.181
Juwan Johnson,Alvin Kamara,Chris Olave,Kendre Miller,Kyle Pitts Sr.,Tyler Shough,5,1,-9.4106,3.8723
Chris Olave,Daniel Carlson,Jahan Dotson,Kyle Pitts Sr.,Michael Penix Jr.,Tyler Shough,5,1,-8.8336,6.8956
Falcons,Bijan Robinson,Chris Olave,Devaughn Vele,Saints,Tyler Shough,5,1,-10.6621,1.1078
Juwan Johnson,Bijan Robinson,Chris Olave,Devaughn Vele,Falcons,Saints,5,1,-10.1675,1.8166
Drake London,Austin Hooper,Bijan Robinson,Bryce Lance,Devaughn Vele,Tyler Shough,5,1,-8.6683,8.1345
Tyler Shough,Alvin Kamara,Devaughn Vele,Drake London,Kendre Miller,Kyle Pitts Sr.,5,1,-9.9226,2.3207
Chris Olave,Devaughn Vele,Michael Penix Jr.,Nick Folk,Olamide Zaccheaus,Tyler Shough,5,1,-9.2994,4.3279
Jahan Dotson,Chris Olave,Drake London,Kendre Miller,Michael Penix Jr.,Tyler Shough,5,1,-10.7666,0.9979
Drake London,Bijan Robinson,Devaughn Vele,Kendre Miller,Oscar Delp,Tyler Shough,5,1,-9.0966,5.3005
Michael Penix Jr.,Bijan Robinson,Bryce Lance,Chris Olave,Drake London,Oscar Delp,5,1,-9.1927,4.815
Bijan Robinson,Austin Hooper,Kendre Miller,Michael Penix Jr.,Nick Folk,Tyler Shough,5,1,-9.0515,5.5452
Chris Olave,Bijan Robinson,Daniel Carlson,Juwan Johnson,Nick Folk,Saints,5,1,-9.3866,3.9664
Chris Olave,Drake London,Jahan Dotson,Kendre Miller,Kyle Pitts Sr.,Tyler Shough,5,1,-9.3384,4.1622
Austin Hooper,Bijan Robinson,Bryce Lance,Chris Olave,Drake London,Tyler Shough,5,1,-9.8852,2.4089
Bijan Robinson,Daniel Carlson,Drake London,Michael Penix Jr.,Nick Folk,Olamide Zaccheaus,5,1,-9.204,4.7611
Michael Penix Jr.,Bijan Robinson,CJ Donaldson,Drake London,Juwan Johnson,Kyle Pitts Sr.,5,1,-11.1212,0.7
Juwan Johnson,Bijan Robinson,Drake London,Nick Folk,Oscar Delp,Tyler Shough,5,1,-8.6927,7.9387
Tyler Shough,Chris Olave,Devaughn Vele,Falcons,Juwan Johnson,Kyle Pitts Sr.,5,1,-9.259,4.5062
Austin Hooper,Bijan Robinson,Chris Olave,Drake London,Falcons,Michael Penix Jr.,5,1,-11.1058,0.7108
Drake London,Barion Brown,Bijan Robinson,Chris Olave,Michael Penix Jr.,Olamide Zaccheaus,5,1,-11.4662,0.4957
Devaughn Vele,Bijan Robinson,Drake London,Saints,Tyler Shough,Zachariah Branch,5,1,-11.3515,0.556
Michael Penix Jr.,Bryce Lance,Chris Olave,Drake London,Jahan Dotson,Tyler Shough,5,1,-8.9494,6.1412
Tyler Shough,Alvin Kamara,Chris Olave,Juwan Johnson,Nick Folk,Saints,5,1,-9.3003,4.3238
Kendre Miller,Bijan Robinson,Chris Olave,Drake London,Juwan Johnson,Zachariah Branch,5,1,-11.5716,0.4461
Bijan Robinson,Daniel Carlson,Drake London,Kyle Pitts Sr.,Michael Penix Jr.,Olamide Zaccheaus,5,1,-9.3546,4.0952
Bijan Robinson,Drake London,Kendre Miller,Kyle Pitts Sr.,Michael Penix Jr.,Zachariah Branch,5,1,-10.7939,0.971
Drake London,Bijan Robinson,Bryce Lance,Kyle Pitts Sr.,Nick Folk,Tyler Shough,5,1,-8.4755,9.864
Tyler Shough,Bijan Robinson,Juwan Johnson,Kyle Pitts Sr.,Michael Penix Jr.,Oscar Delp,5,1,-8.6007,8.7035
Tyler Shough,Bijan Robinson,Bryce Lance,Daniel Carlson,Juwan Johnson,Michael Penix Jr.,5,1,-7.6917,21.6005
Tyler Shough,Alvin Kamara,Daniel Carlson,Drake London,Juwan Johnson,Kyle Pitts Sr.,5,1,-8.9221,6.311
Juwan Johnson,Bijan Robinson,Chris Olave,Kendre Miller,Michael Penix Jr.,Olamide Zaccheaus,5,1,-9.6196,3.1419
Michael Penix Jr.,Bijan Robinson,Juwan Johnson,Nick Folk,Olamide Zaccheaus,Tyler Shough,5,1,-9.725,2.8275
Falcons,Chris Olave,Devaughn Vele,Juwan Johnson,Michael Penix Jr.,Tyler Shough,5,1,-9.9582,2.2394
Chris Olave,Bijan Robinson,Nick Folk,Olamide Zaccheaus,Saints,Tyler Shough,5,1,-9.5565,3.3465
Drake London,Bijan Robinson,Bryce Lance,Falcons,Juwan Johnson,Tyler Shough,5,1,-8.1046,14.2937
Chris Olave,Devaughn Vele,Kendre Miller,Michael Penix Jr.,Tyler Shough,Zachariah Branch,5,1,-10.5154,1.2828
Bryce Lance,Chris Olave,Devaughn Vele,Drake London,Michael Penix Jr.,Tyler Shough,5,1,-10.1881,1.7794
Tyler Shough,Alvin Kamara,Devaughn Vele,Juwan Johnson,Michael Penix Jr.,Saints,5,1,-9.6122,3.1653
Drake London,Alvin Kamara,Devaughn Vele,Kendre Miller,Kyle Pitts Sr.,Michael Penix Jr.,5,1,-10.4451,1.3762
Chris Olave,Austin Hooper,Bijan Robinson,Kendre Miller,Noah Fant,Tyler Shough,5,1,-12.3416,0.2066
Chris Olave,Drake London,Juwan Johnson,Nick Folk,Oscar Delp,Tyler Shough,5,1,-8.4548,10.0707
Drake London,Bijan Robinson,Charlie Woerner,Falcons,Michael Penix Jr.,Tyler Shough,5,1,-10.5082,1.292
Falcons,Bijan Robinson,Drake London,Juwan Johnson,Michael Penix Jr.,Nick Folk,5,1,-10.5141,1.2845
Juwan Johnson,Bijan Robinson,Kyle Pitts Sr.,Michael Penix Jr.,Olamide Zaccheaus,Tyler Shough,5,1,-9.2412,4.5871
Bijan Robinson,Daniel Carlson,Drake London,Juwan Johnson,Nick Folk,Saints,5,1,-9.3154,4.2592
Bijan Robinson,Austin Hooper,Drake London,Nick Folk,Saints,Tyler Shough,5,1,-9.3345,4.1783
Nick Folk,Bijan Robinson,Chris Olave,Daniel Carlson,Drake London,Saints,5,1,-11.3619,0.5502
Tyler Shough,Bryce Lance,Chris Olave,Daniel Carlson,Devaughn Vele,Michael Penix Jr.,5,1,-8.2318,12.5872
Drake London,Alvin Kamara,Daniel Carlson,Juwan Johnson,Michael Penix Jr.,Nick Folk,5,1,-9.2941,4.3509
Tyler Shough,Bijan Robinson,Chris Olave,Daniel Carlson,Falcons,Saints,5,1,-9.1052,5.2554
Tyler Shough,Bijan Robinson,Bryce Lance,Drake London,Michael Penix Jr.,Olamide Zaccheaus,5,1,-8.4171,10.4581
Chris Olave,Austin Hooper,Bijan Robinson,Falcons,Saints,Tyler Shough,5,1,-9.726,2.8249
Chris Olave,Falcons,Kyle Pitts Sr.,Michael Penix Jr.,Nick Folk,Tyler Shough,5,1,-9.276,4.43
Chris Olave,Daniel Carlson,Drake London,Falcons,Kyle Pitts Sr.,Tyler Shough,5,1,-9.0039,5.8156
Tyler Shough,Bijan Robinson,Juwan Johnson,Kendre Miller,Michael Penix Jr.,Olamide Zaccheaus,5,1,-9.1295,5.1292
Tyler Shough,Bijan Robinson,Bryce Lance,Chris Olave,Daniel Carlson,Saints,5,1,-8.4889,9.733
Kyle Pitts Sr.,CJ Donaldson,Chris Olave,Drake London,Michael Penix Jr.,Tyler Shough,5,1,-10.2595,1.6569
Kendre Miller,Bijan Robinson,Drake London,Falcons,Juwan Johnson,Tyler Shough,5,1,-10.2197,1.7242
Michael Penix Jr.,Chris Olave,Devaughn Vele,Drake London,Kyle Pitts Sr.,Olamide Zaccheaus,5,1,-10.9711,0.8133
Drake London,Bijan Robinson,Falcons,Juwan Johnson,Michael Penix Jr.,Olamide Zaccheaus,5,1,-9.5929,3.2268
Tyler Shough,Chris Olave,Daniel Carlson,Falcons,Juwan Johnson,Michael Penix Jr.,5,1,-8.4013,10.624
Kendre Miller,Bijan Robinson,Daniel Carlson,Drake London,Nick Folk,Tyler Shough,5,1,-10.2167,1.7293
Tyler Shough,Chris Blair,Devaughn Vele,Drake London,Juwan Johnson,Michael Penix Jr.,5,1,-10.7566,1.0078
Chris Olave,Bijan Robinson,Kendre Miller,Olamide Zaccheaus,Saints,Tyler Shough,5,1,-9.887,2.4048
Michael Penix Jr.,Chris Olave,Drake London,Kyle Pitts Sr.,Treyton Welch,Tyler Shough,5,1,-11.784,0.3608
Drake London,Bryce Lance,Chris Olave,Juwan Johnson,Michael Penix Jr.,Nick Folk,5,1,-8.482,9.8005
Tyler Shough,Daniel Carlson,Devaughn Vele,Juwan Johnson,Kyle Pitts Sr.,Michael Penix Jr.,5,1,-9.1212,5.172
Tyler Shough,Bijan Robinson,Daniel Carlson,Michael Penix Jr.,Nick Folk,Saints,5,1,-9.1906,4.825
Michael Penix Jr.,Chris Olave,Drake London,Falcons,Tyler Shough,Zachariah Branch,5,1,-10.9382,0.8405
Devaughn Vele,Drake London,Juwan Johnson,Kendre Miller,Kyle Pitts Sr.,Tyler Shough,5,1,-10.2328,1.7018
Saints,Alvin Kamara,Chris Olave,Drake London,Kyle Pitts Sr.,Tyler Shough,5,1,-10.2356,1.697
Devaughn Vele,Bryce Lance,Drake London,Kyle Pitts Sr.,Michael Penix Jr.,Tyler Shough,5,1,-9.5692,3.3043
Juwan Johnson,Chris Olave,Drake London,Kyle Pitts Sr.,Olamide Zaccheaus,Tyler Shough,5,1,-9.2856,4.3876
Tyler Shough,Devaughn Vele,Juwan Johnson,Kendre Miller,Michael Penix Jr.,Nick Folk,5,1,-9.5242,3.4563
Drake London,Daniel Carlson,Devaughn Vele,Juwan Johnson,Kyle Pitts Sr.,Michael Penix Jr.,5,1,-9.5949,3.2206
Saints,Austin Hooper,Bijan Robinson,Chris Olave,Drake London,Juwan Johnson,5,1,-10.3309,1.5427
Tyler Shough,Alvin Kamara,Daniel Carlson,Drake London,Michael Penix Jr.,Saints,5,1,-9.3968,3.9261
Saints,Bijan Robinson,Chris Olave,Kendre Miller,Nick Folk,Tyler Shough,5,1,-10.2092,1.7423
Michael Penix Jr.,Austin Hooper,Bryce Lance,Chris Olave,Drake London,Tyler Shough,5,1,-9.2856,4.3877
Juwan Johnson,Austin Hooper,Chris Olave,Drake London,Kendre Miller,Tyler Shough,5,1,-9.3147,4.2621
Drake London,Devaughn Vele,Kyle Pitts Sr.,Michael Penix Jr.,Olamide Zaccheaus,Tyler Shough,5,1,-9.7648,2.7173
Tyler Shough,Chris Olave,Devaughn Vele,Drake London,Olamide Zaccheaus,Saints,5,1,-9.9525,2.2522
Drake London,Bijan Robinson,Falcons,Michael Penix Jr.,Nick Folk,Saints,5,1,-10.2078,1.7448
Chris Olave,Drake London,Michael Penix Jr.,Oscar Delp,Saints,Tyler Shough,5,1,-9.0801,5.3888
Drake London,Austin Hooper,Chris Olave,Juwan Johnson,Kendre Miller,Michael Penix Jr.,5,1,-9.5457,3.3828
Chris Olave,Daniel Carlson,Juwan Johnson,Nick Folk,Saints,Tyler Shough,5,1,-9.2813,4.4067
Saints,Chris Olave,Daniel Carlson,Devaughn Vele,Drake London,Tyler Shough,5,1,-10.0118,2.1225
Drake London,Chris Olave,Falcons,Kendre Miller,Kyle Pitts Sr.,Michael Penix Jr.,5,1,-10.1199,1.9051
Chris Olave,Kendre Miller,Michael Penix Jr.,Nick Folk,Saints,Tyler Shough,5,1,-9.798,2.6286
Drake London,Chris Olave,Falcons,Juwan Johnson,Michael Penix Jr.,Saints,5,1,-9.7606,2.7287
Chris Olave,Juwan Johnson,Kendre Miller,Kyle Pitts Sr.,Saints,Tyler Shough,5,1,-9.9857,2.1788
Falcons,Chris Olave,Drake London,Michael Penix Jr.,Saints,Tyler Shough,5,1,-10.6285,1.1457
Drake London,Austin Hooper,Juwan Johnson,Kendre Miller,Michael Penix Jr.,Tyler Shough,5,1,-9.3471,4.126
Kendre Miller,Drake London,Juwan Johnson,Kyle Pitts Sr.,Michael Penix Jr.,Tyler Shough,5,1,-10.5491,1.2403
Brian Robinson Jr.,Bijan Robinson,Chris Olave,Devaughn Vele,Jahan Dotson,Tyler Shough,4,1,-9.8693,2.4477
Bijan Robinson,Alvin Kamara,Brian Robinson Jr.,Charlie Woerner,Chris Olave,Tyler Shough,4,1,-9.586,3.2492
Chris Olave,Alvin Kamara,Bijan Robinson,Brian Robinson Jr.,Falcons,Juwan Johnson,4,1,-8.831,6.9135
Bijan Robinson,Alvin Kamara,Austin Hooper,Brian Robinson Jr.,Devaughn Vele,Drake London,4,1,-9.3235,4.2249
Alvin Kamara,Bijan Robinson,Chris Olave,Devaughn Vele,Jahan Dotson,Nick Folk,4,1,-9.9361,2.2895
Devaughn Vele,Alvin Kamara,Bijan Robinson,Brian Robinson Jr.,Daniel Carlson,Tyler Shough,4,1,-9.182,4.8667
Brian Robinson Jr.,Austin Hooper,Bijan Robinson,Chris Olave,Devaughn Vele,Tyler Shough,4,1,-10.2055,1.7488
Bijan Robinson,Alvin Kamara,Brian Robinson Jr.,Devaughn Vele,Juwan Johnson,Kendre Miller,4,1,-9.3026,4.3138
Bijan Robinson,Alvin Kamara,Brian Robinson Jr.,Chris Olave,Daniel Carlson,Kendre Miller,4,1,-8.7304,7.6446
Bijan Robinson,Alvin Kamara,Brian Robinson Jr.,Drake London,Kyle Pitts Sr.,Nick Folk,4,1,-9.1307,5.1231
Jahan Dotson,Alvin Kamara,Bijan Robinson,Chris Olave,Devaughn Vele,Juwan Johnson,4,1,-10.8671,0.9024
Bijan Robinson,Alvin Kamara,Brian Robinson Jr.,Bryce Lance,Michael Penix Jr.,Tyler Shough,4,1,-7.551,24.8635
Brian Robinson Jr.,Bijan Robinson,Chris Olave,Kyle Pitts Sr.,Nick Folk,Tyler Shough,4,1,-10.0127,2.1206
Chris Olave,Bijan Robinson,Brian Robinson Jr.,Falcons,Jahan Dotson,Tyler Shough,4,1,-8.5346,9.2984
Bijan Robinson,Brian Robinson Jr.,Chris Olave,Devaughn Vele,Falcons,Kyle Pitts Sr.,4,1,-9.2443,4.573
Bijan Robinson,Alvin Kamara,Brian Robinson Jr.,Michael Penix Jr.,Olamide Zaccheaus,Tyler Shough,4,1,-8.4351,10.2713
Tyler Shough,Alvin Kamara,Brian Robinson Jr.,Chris Olave,Drake London,Jahan Dotson,4,1,-8.4602,10.0161
Brian Robinson Jr.,Bijan Robinson,Devaughn Vele,Kyle Pitts Sr.,Michael Penix Jr.,Tyler Shough,4,1,-10.3246,1.5524
Bijan Robinson,Alvin Kamara,Brian Robinson Jr.,Kendre Miller,Nick Folk,Tyler Shough,4,1,-8.7551,7.4584
Bijan Robinson,Alvin Kamara,Brian Robinson Jr.,Juwan Johnson,Noah Fant,Tyler Shough,4,1,-11.1519,0.6788
Brian Robinson Jr.,Bijan Robinson,Chris Olave,Drake London,Falcons,Juwan Johnson,4,1,-10.1972,1.7634
Chris Olave,Bijan Robinson,Brian Robinson Jr.,Devaughn Vele,Drake London,Oscar Delp,4,1,-8.814,7.0319
Brian Robinson Jr.,Bijan Robinson,Chris Olave,Drake London,Michael Penix Jr.,Zachariah Branch,4,1,-11.3135,0.5775
Bijan Robinson,Brian Robinson Jr.,Daniel Carlson,Drake London,Jahan Dotson,Tyler Shough,4,1,-7.9199,17.1935
Alvin Kamara,Bijan Robinson,CJ Donaldson,Chris Olave,Devaughn Vele,Juwan Johnson,4,1,-10.5727,1.2114
Chris Olave,Alvin Kamara,Bijan Robinson,CJ Donaldson,Jahan Dotson,Tyler Shough,4,1,-9.4413,3.7552
Brian Robinson Jr.,Bijan Robinson,Bryce Lance,Chris Olave,Drake London,Michael Penix Jr.,4,1,-9.5439,3.3891
Bijan Robinson,Brian Robinson Jr.,Chris Olave,Drake London,Juwan Johnson,Treyton Welch,4,1,-10.1891,1.7777
Bijan Robinson,Brian Robinson Jr.,Chris Olave,Jahan Dotson,Saints,Tyler Shough,4,1,-8.4487,10.1322
Tyler Shough,Bijan Robinson,Brian Robinson Jr.,Chris Blair,Chris Olave,Devaughn Vele,4,1,-10.2485,1.6751
Drake London,Bijan Robinson,Brian Robinson Jr.,Chris Olave,Daniel Carlson,Jahan Dotson,4,1,-8.5045,9.5825
Alvin Kamara,Brian Robinson Jr.,Chris Olave,Michael Penix Jr.,Nick Folk,Tyler Shough,4,1,-9.0533,5.5352
Nick Folk,Alvin Kamara,Bijan Robinson,Brian Robinson Jr.,Drake London,Michael Penix Jr.,4,1,-10.8917,0.8805
Tyler Shough,Barion Brown,Bijan Robinson,Brian Robinson Jr.,Chris Olave,Devaughn Vele,4,1,-10.6955,1.0714
Bijan Robinson,Brian Robinson Jr.,Devaughn Vele,Drake London,Kevin Austin Jr.,Tyler Shough,4,1,-9.9444,2.2706
Alvin Kamara,Bijan Robinson,Chris Olave,Drake London,Falcons,Jahan Dotson,4,1,-9.7237,2.8312
Alvin Kamara,Bijan Robinson,Devaughn Vele,Jahan Dotson,Kyle Pitts Sr.,Tyler Shough,4,1,-9.8882,2.4019
Juwan Johnson,Alvin Kamara,Brian Robinson Jr.,Chris Olave,Devaughn Vele,Michael Penix Jr.,4,1,-9.2471,4.5598
Kendre Miller,Alvin Kamara,Bijan Robinson,Brian Robinson Jr.,Chris Olave,Michael Penix Jr.,4,1,-10.2507,1.6715
Brian Robinson Jr.,Bijan Robinson,Juwan Johnson,Michael Penix Jr.,Nick Folk,Tyler Shough,4,1,-9.7273,2.8213
Bijan Robinson,Brian Robinson Jr.,Bryce Lance,Devaughn Vele,Juwan Johnson,Tyler Shough,4,1,-7.7382,20.6187
Bijan Robinson,Alvin Kamara,Chris Olave,Daniel Carlson,Jahan Dotson,Kyle Pitts Sr.,4,1,-8.8444,6.821
Devaughn Vele,Brian Robinson Jr.,Chris Olave,Drake London,Jahan Dotson,Tyler Shough,4,1,-9.2171,4.6987
Chris Olave,Brian Robinson Jr.,Devaughn Vele,Jahan Dotson,Juwan Johnson,Tyler Shough,4,1,-8.6566,8.2302
Chris Olave,Bijan Robinson,Brian Robinson Jr.,Nick Folk,Tyler Shough,Zachariah Branch,4,1,-9.5869,3.2463
Alvin Kamara,Brian Robinson Jr.,Chris Olave,Juwan Johnson,Kyle Pitts Sr.,Tyler Shough,4,1,-9.241,4.5879
Bijan Robinson,Brian Robinson Jr.,Chris Olave,Devaughn Vele,Nick Folk,Saints,4,1,-9.4357,3.7761
Brian Robinson Jr.,Bijan Robinson,Juwan Johnson,Kyle Pitts Sr.,Michael Penix Jr.,Tyler Shough,4,1,-9.8779,2.4267
Chris Olave,Alvin Kamara,Brian Robinson Jr.,Devaughn Vele,Drake London,Kendre Miller,4,1,-9.738,2.791
Brian Robinson Jr.,Bijan Robinson,Chris Olave,Drake London,Kendre Miller,Kyle Pitts Sr.,4,1,-10.8986,0.8744
Bijan Robinson,Brian Robinson Jr.,Devaughn Vele,Kendre Miller,Nick Folk,Tyler Shough,4,1,-8.9052,6.4185
Chris Olave,Bijan Robinson,Brian Robinson Jr.,Kyle Pitts Sr.,Tyler Shough,Zachariah Branch,4,1,-9.7376,2.7923
Alvin Kamara,Brian Robinson Jr.,Chris Olave,Drake London,Juwan Johnson,Kyle Pitts Sr.,4,1,-9.7964,2.6327
Bijan Robinson,Brian Robinson Jr.,Bryce Lance,Chris Olave,Daniel Carlson,Drake London,4,1,-7.7215,20.9676
Chris Olave,Bijan Robinson,Brian Robinson Jr.,Jahan Dotson,Saints,Tyler Shough,4,1,-8.8767,6.6042
Tyler Shough,Alvin Kamara,Bijan Robinson,Chris Olave,Jahan Dotson,Zachariah Branch,4,1,-9.6765,2.9683
Bijan Robinson,Brian Robinson Jr.,Chris Olave,Kendre Miller,Tyler Shough,Zachariah Branch,4,1,-9.4894,3.5789
Tyler Shough,Bijan Robinson,Brian Robinson Jr.,Cash Jones,Chris Olave,Michael Penix Jr.,4,1,-13.9494,0.0414
Bijan Robinson,Charlie Woerner,Chris Olave,Devaughn Vele,Jahan Dotson,Tyler Shough,4,1,-10.03,2.0844
Bijan Robinson,Chris Blair,Chris Olave,Devaughn Vele,Jahan Dotson,Tyler Shough,4,1,-10.0746,1.9933
Bijan Robinson,Alvin Kamara,Devaughn Vele,Jahan Dotson,Kendre Miller,Michael Penix Jr.,4,1,-9.5594,3.337
Bijan Robinson,Brian Robinson Jr.,Chris Olave,Juwan Johnson,Nick Folk,Noah Fant,4,1,-11.5945,0.436
Chris Olave,Bijan Robinson,Brian Robinson Jr.,Daniel Carlson,Tyler Shough,Zachariah Branch,4,1,-9.3637,4.0583
Bijan Robinson,Austin Hooper,Brian Robinson Jr.,Chris Olave,Drake London,Falcons,4,1,-8.9982,5.8487
Devaughn Vele,Bijan Robinson,Brian Robinson Jr.,Bryce Lance,Drake London,Tyler Shough,4,1,-8.7268,7.6727
Juwan Johnson,Bijan Robinson,Brian Robinson Jr.,Chris Olave,Devaughn Vele,Noah Fant,4,1,-12.2599,0.2241
Bijan Robinson,Alvin Kamara,Devaughn Vele,Nick Folk,Tyler Shough,Zachariah Branch,4,1,-9.9972,2.1539
Bijan Robinson,Brian Robinson Jr.,Drake London,Juwan Johnson,Kevin Austin Jr.,Tyler Shough,4,1,-9.4977,3.5493
Chris Olave,Bijan Robinson,Brian Robinson Jr.,Juwan Johnson,Kendre Miller,Nick Folk,4,1,-9.0851,5.3617
Devaughn Vele,Bijan Robinson,Brian Robinson Jr.,Chris Olave,Juwan Johnson,Saints,4,1,-9.9697,2.2139
Bijan Robinson,Brian Robinson Jr.,Chris Olave,Kendre Miller,Kyle Pitts Sr.,Nick Folk,4,1,-9.3483,4.1211
Chris Olave,Bijan Robinson,Brian Robinson Jr.,Bryce Lance,Daniel Carlson,Tyler Shough,4,1,-7.5941,23.8164
Chris Olave,Alvin Kamara,Brian Robinson Jr.,Drake London,Falcons,Michael Penix Jr.,4,1,-9.244,4.5741
Devaughn Vele,Alvin Kamara,Barion Brown,Bijan Robinson,Chris Olave,Juwan Johnson,4,1,-11.8924,0.3237
Bijan Robinson,Brian Robinson Jr.,Chris Olave,Kendre Miller,Olamide Zaccheaus,Tyler Shough,4,1,-8.6038,8.6764
Nick Folk,Bijan Robinson,Brian Robinson Jr.,Chris Olave,Daniel Carlson,Drake London,4,1,-10.5068,1.2939
Bijan Robinson,Brian Robinson Jr.,Juwan Johnson,Kyle Pitts Sr.,Michael Penix Jr.,Nick Folk,4,1,-8.883,6.5628
Falcons,Bijan Robinson,Brian Robinson Jr.,Chris Olave,Juwan Johnson,Tyler Shough,4,1,-9.3602,4.0723
Jahan Dotson,Bijan Robinson,Chris Olave,Daniel Carlson,Devaughn Vele,Tyler Shough,4,1,-10.2465,1.6786
Chris Olave,Alvin Kamara,Brian Robinson Jr.,Devaughn Vele,Saints,Tyler Shough,4,1,-9.5145,3.4901
Drake London,Alvin Kamara,Brian Robinson Jr.,Chris Olave,Juwan Johnson,Kyle Pitts Sr.,4,1,-9.0695,5.4463
Alvin Kamara,Bijan Robinson,CJ Donaldson,Chris Olave,Daniel Carlson,Drake London,4,1,-10.3573,1.5025
Alvin Kamara,Bijan Robinson,Devaughn Vele,Drake London,Juwan Johnson,Zachariah Branch,4,1,-11.125,0.6973
Tyler Shough,Austin Hooper,Bijan Robinson,Brian Robinson Jr.,Devaughn Vele,Juwan Johnson,4,1,-8.9392,6.2042
Daniel Carlson,Alvin Kamara,Bijan Robinson,Chris Olave,Devaughn Vele,Nick Folk,4,1,-11.1325,0.6921
Bijan Robinson,Alvin Kamara,Chris Blair,Chris Olave,Falcons,Tyler Shough,4,1,-10.1437,1.8603
Bijan Robinson,Alvin Kamara,Devaughn Vele,Drake London,Jahan Dotson,Saints,4,1,-9.8424,2.5145
Devaughn Vele,Brian Robinson Jr.,Chris Olave,Juwan Johnson,Nick Folk,Tyler Shough,4,1,-9.2021,4.7701
Chris Olave,Alvin Kamara,Devaughn Vele,Jahan Dotson,Kyle Pitts Sr.,Tyler Shough,4,1,-9.2966,4.3398
Chris Olave,Bijan Robinson,Brian Robinson Jr.,Daniel Carlson,Juwan Johnson,Kendre Miller,4,1,-8.8619,6.7029
Bijan Robinson,Alvin Kamara,Bryce Lance,Chris Olave,Daniel Carlson,Juwan Johnson,4,1,-7.7562,20.2513
Alvin Kamara,Bijan Robinson,Devaughn Vele,Juwan Johnson,Kyle Pitts Sr.,Nick Folk,4,1,-10.4285,1.3993
Bijan Robinson,Alvin Kamara,Barion Brown,Chris Olave,Falcons,Tyler Shough,4,1,-10.5906,1.1898
Bijan Robinson,Alvin Kamara,Bryce Lance,Chris Olave,Drake London,Zachariah Branch,4,1,-9.3671,4.0444
Tyler Shough,Brian Robinson Jr.,Chris Olave,Jahan Dotson,Juwan Johnson,Michael Penix Jr.,4,1,-8.2126,12.831
Bijan Robinson,Alvin Kamara,Chris Olave,Daniel Carlson,Michael Penix Jr.,Oscar Delp,4,1,-8.2542,12.3073
Kyle Pitts Sr.,Alvin Kamara,Brian Robinson Jr.,Chris Olave,Drake London,Michael Penix Jr.,4,1,-9.7265,2.8235
Chris Olave,Bijan Robinson,Bryce Lance,Devaughn Vele,Jahan Dotson,Michael Penix Jr.,4,1,-8.6216,8.5237
Tyler Shough,Bijan Robinson,Brian Robinson Jr.,Chris Olave,Falcons,Kendre Miller,4,1,-8.8038,7.1041
Tyler Shough,Bijan Robinson,Brian Robinson Jr.,Drake London,Juwan Johnson,Zachariah Branch,4,1,-9.4429,3.7491
Alvin Kamara,Bijan Robinson,Chris Blair,Chris Olave,Drake London,Kyle Pitts Sr.,4,1,-11.6424,0.4156
Bijan Robinson,Brian Robinson Jr.,Bryce Lance,Drake London,Michael Penix Jr.,Nick Folk,4,1,-8.3504,11.1791
Alvin Kamara,Bijan Robinson,Devaughn Vele,Drake London,Michael Penix Jr.,Oscar Delp,4,1,-9.8534,2.4869
Bijan Robinson,Devaughn Vele,Jahan Dotson,Kyle Pitts Sr.,Nick Folk,Tyler Shough,4,1,-9.0192,5.7271
Tyler Shough,Alvin Kamara,Bijan Robinson,Drake London,Falcons,Jahan Dotson,4,1,-8.8799,6.5831
Chris Olave,Alvin Kamara,Bijan Robinson,Daniel Carlson,Nick Muse,Tyler Shough,4,1,-11.8774,0.3286
Kyle Pitts Sr.,Bijan Robinson,Brian Robinson Jr.,Chris Olave,Daniel Carlson,Michael Penix Jr.,4,1,-9.297,4.3379
Juwan Johnson,Bijan Robinson,Brian Robinson Jr.,Devaughn Vele,Drake London,Kendre Miller,4,1,-9.6794,2.9597
Alvin Kamara,Austin Hooper,Bijan Robinson,Chris Olave,Juwan Johnson,Kyle Pitts Sr.,4,1,-9.9763,2.1993
Bijan Robinson,Bryce Lance,Chris Olave,Jahan Dotson,Nick Folk,Tyler Shough,4,1,-7.6831,21.7872
Nick Folk,Alvin Kamara,Bijan Robinson,Chris Olave,Tyler Shough,Zachariah Branch,4,1,-11.597,0.4349
Alvin Kamara,Chris Olave,Drake London,Jahan Dotson,Kyle Pitts Sr.,Tyler Shough,4,1,-9.4489,3.7268
Drake London,Alvin Kamara,Bijan Robinson,Jahan Dotson,Juwan Johnson,Kyle Pitts Sr.,4,1,-9.27,4.457
Bijan Robinson,Alvin Kamara,Drake London,Nick Folk,Treyton Welch,Tyler Shough,4,1,-10.4799,1.3292
Devaughn Vele,Alvin Kamara,Bijan Robinson,Juwan Johnson,Kyle Pitts Sr.,Nick Folk,4,1,-10.39,1.4541
Bijan Robinson,Alvin Kamara,Daniel Carlson,Devaughn Vele,Falcons,Juwan Johnson,4,1,-9.2619,4.493
Alvin Kamara,Bijan Robinson,Chris Olave,Kyle Pitts Sr.,Michael Penix Jr.,Olamide Zaccheaus,4,1,-10.09,1.9629
Alvin Kamara,Bijan Robinson,Chris Olave,Daniel Carlson,Devaughn Vele,Saints,4,1,-10.2742,1.6327
Tyler Shough,Bijan Robinson,Brian Robinson Jr.,Drake London,Kevin Austin Jr.,Michael Penix Jr.,4,1,-9.9283,2.3074
Tyler Shough,Bijan Robinson,Brian Robinson Jr.,Chris Blair,Drake London,Michael Penix Jr.,4,1,-10.1216,1.9019
Bijan Robinson,Devaughn Vele,Drake London,Falcons,Jahan Dotson,Juwan Johnson,4,1,-9.2037,4.7623
Drake London,Bijan Robinson,Brian Robinson Jr.,Falcons,Nick Folk,Tyler Shough,4,1,-8.7484,7.5087
Tyler Shough,Bijan Robinson,CJ Donaldson,Chris Olave,Jahan Dotson,Juwan Johnson,4,1,-9.1844,4.8549
Bijan Robinson,Austin Hooper,Devaughn Vele,Jahan Dotson,Juwan Johnson,Tyler Shough,4,1,-8.7653,7.3827
Bijan Robinson,Alvin Kamara,Chris Olave,Juwan Johnson,Kendre Miller,Olamide Zaccheaus,4,1,-9.194,4.8088
Bijan Robinson,CJ Donaldson,Drake London,Jahan Dotson,Juwan Johnson,Tyler Shough,4,1,-9.0735,5.4244
Bijan Robinson,Alvin Kamara,Austin Hooper,Chris Olave,Michael Penix Jr.,Olamide Zaccheaus,4,1,-9.2637,4.485
Bijan Robinson,Bryce Lance,Chris Olave,Drake London,Jahan Dotson,Kyle Pitts Sr.,4,1,-8.3892,10.754
Chris Olave,Bijan Robinson,Brian Robinson Jr.,Daniel Carlson,Michael Penix Jr.,Saints,4,1,-9.1567,4.9913
Juwan Johnson,Brian Robinson Jr.,Chris Olave,Devaughn Vele,Drake London,Kyle Pitts Sr.,4,1,-9.5929,3.227
Chris Olave,Bijan Robinson,Chris Blair,Jahan Dotson,Juwan Johnson,Tyler Shough,4,1,-10.0559,2.0309
Bijan Robinson,Bryce Lance,Chris Olave,Daniel Carlson,Jahan Dotson,Tyler Shough,4,1,-7.4599,27.2371
Chris Olave,Alvin Kamara,Jahan Dotson,Juwan Johnson,Kyle Pitts Sr.,Tyler Shough,4,1,-8.8499,6.7837
Chris Olave,Bijan Robinson,Jahan Dotson,Juwan Johnson,Michael Penix Jr.,Zachariah Branch,4,1,-9.9445,2.2704
Bijan Robinson,Alvin Kamara,Falcons,Kyle Pitts Sr.,Nick Folk,Tyler Shough,4,1,-9.0883,5.3449
Juwan Johnson,Alvin Kamara,Bijan Robinson,Devaughn Vele,Kyle Pitts Sr.,Nick Folk,4,1,-10.0748,1.993
Alvin Kamara,Austin Hooper,Bijan Robinson,Chris Olave,Noah Fant,Tyler Shough,4,1,-12.4521,0.1849
Tyler Shough,Alvin Kamara,Bijan Robinson,CJ Donaldson,Drake London,Nick Folk,4,1,-9.7368,2.7945
Michael Penix Jr.,Austin Hooper,Bijan Robinson,Brian Robinson Jr.,Juwan Johnson,Tyler Shough,4,1,-9.3815,3.9867
Chris Olave,Austin Hooper,Bijan Robinson,Brian Robinson Jr.,Saints,Tyler Shough,4,1,-9.2129,4.7185
CJ Donaldson,Bijan Robinson,Chris Olave,Devaughn Vele,Juwan Johnson,Tyler Shough,4,1,-11.6257,0.4226
Kevin Austin Jr.,Alvin Kamara,Bijan Robinson,Chris Olave,Michael Penix Jr.,Tyler Shough,4,1,-12.4501,0.1853
Bijan Robinson,Alvin Kamara,Bryce Lance,Drake London,Juwan Johnson,Kyle Pitts Sr.,4,1,-8.4869,9.7524
Drake London,Bijan Robinson,Brian Robinson Jr.,Bryce Lance,Juwan Johnson,Michael Penix Jr.,4,1,-8.1959,13.047
Bijan Robinson,CJ Donaldson,Devaughn Vele,Juwan Johnson,Nick Folk,Tyler Shough,4,1,-9.5052,3.5229
Michael Penix Jr.,Alvin Kamara,Bijan Robinson,Drake London,Falcons,Jahan Dotson,4,1,-10.4102,1.4251
Tyler Shough,Alvin Kamara,Chris Olave,Jahan Dotson,Michael Penix Jr.,Nick Folk,4,1,-8.7019,7.8658
Tyler Shough,Alvin Kamara,Austin Hooper,Bijan Robinson,Devaughn Vele,Kyle Pitts Sr.,4,1,-9.5792,3.2715
Drake London,Alvin Kamara,Bijan Robinson,Charlie Woerner,Chris Olave,Daniel Carlson,4,1,-10.4969,1.3067
Bijan Robinson,Jahan Dotson,Juwan Johnson,Kyle Pitts Sr.,Nick Folk,Tyler Shough,4,1,-8.5725,8.9523
Bijan Robinson,CJ Donaldson,Chris Olave,Juwan Johnson,Tyler Shough,Zachariah Branch,4,1,-10.0893,1.9643
Bijan Robinson,Bryce Lance,Chris Olave,Devaughn Vele,Oscar Delp,Tyler Shough,4,1,-7.7273,20.8447
Tyler Shough,Bijan Robinson,Brian Robinson Jr.,Kendre Miller,Kyle Pitts Sr.,Michael Penix Jr.,4,1,-9.0399,5.6102
Tyler Shough,Alvin Kamara,Austin Hooper,Bijan Robinson,Bryce Lance,Chris Olave,4,1,-8.2431,12.4454
Alvin Kamara,Bijan Robinson,Daniel Carlson,Falcons,Michael Penix Jr.,Tyler Shough,4,1,-9.2497,4.5481
Bijan Robinson,CJ Donaldson,Chris Olave,Drake London,Nick Muse,Tyler Shough,4,1,-12.5683,0.1647
Falcons,Alvin Kamara,Bijan Robinson,Devaughn Vele,Drake London,Juwan Johnson,4,1,-10.7539,1.0106
Bijan Robinson,Austin Hooper,Barion Brown,Chris Olave,Devaughn Vele,Tyler Shough,4,1,-10.8578,0.9109
Bijan Robinson,CJ Donaldson,Devaughn Vele,Juwan Johnson,Kyle Pitts Sr.,Tyler Shough,4,1,-9.6558,3.0302
Alvin Kamara,Austin Hooper,Bijan Robinson,Kyle Pitts Sr.,Michael Penix Jr.,Tyler Shough,4,1,-9.7406,2.7837
Alvin Kamara,Bijan Robinson,Bryce Lance,Kyle Pitts Sr.,Michael Penix Jr.,Tyler Shough,4,1,-9.0074,5.7954
Tyler Shough,Bijan Robinson,CJ Donaldson,Chris Olave,Devaughn Vele,Falcons,4,1,-9.8504,2.4945
Tyler Shough,Alvin Kamara,Bijan Robinson,Chris Blair,Chris Olave,Kendre Miller,4,1,-10.6216,1.1535
Chris Olave,Brian Robinson Jr.,Drake London,Kevin Austin Jr.,Michael Penix Jr.,Tyler Shough,4,1,-9.982,2.1869
Drake London,Alvin Kamara,Brian Robinson Jr.,Chris Olave,Michael Penix Jr.,Saints,4,1,-9.5442,3.3881
Falcons,Alvin Kamara,Bijan Robinson,Chris Olave,Daniel Carlson,Drake London,4,1,-10.1817,1.7909
Chris Olave,Bijan Robinson,Daniel Carlson,Drake London,Falcons,Jahan Dotson,4,1,-9.0595,5.5009
Bijan Robinson,Alvin Kamara,Charlie Woerner,Drake London,Kendre Miller,Tyler Shough,4,1,-10.4661,1.3477
Tyler Shough,Bijan Robinson,Devaughn Vele,Falcons,Jahan Dotson,Michael Penix Jr.,4,1,-9.079,5.395
Chris Olave,Austin Hooper,Brian Robinson Jr.,Juwan Johnson,Michael Penix Jr.,Tyler Shough,4,1,-8.5091,9.5386
Michael Penix Jr.,Bijan Robinson,Brian Robinson Jr.,Drake London,Kendre Miller,Nick Folk,4,1,-10.3706,1.4826
Drake London,Alvin Kamara,Brian Robinson Jr.,Kendre Miller,Michael Penix Jr.,Tyler Shough,4,1,-9.0137,5.7591
Chris Olave,Bijan Robinson,Devaughn Vele,Falcons,Oscar Delp,Tyler Shough,4,1,-8.7716,7.3363
Drake London,Bijan Robinson,Brian Robinson Jr.,Chris Olave,Falcons,Saints,4,1,-9.6093,3.1743
Chris Olave,Austin Hooper,Bijan Robinson,Daniel Carlson,Jahan Dotson,Tyler Shough,4,1,-8.6211,8.5276
Bijan Robinson,Alvin Kamara,Barion Brown,Daniel Carlson,Drake London,Michael Penix Jr.,4,1,-11.0082,0.7837
Bijan Robinson,CJ Donaldson,Chris Blair,Chris Olave,Michael Penix Jr.,Tyler Shough,4,1,-10.768,0.9965
Daniel Carlson,Alvin Kamara,Austin Hooper,Bijan Robinson,Chris Olave,Drake London,4,1,-11.0371,0.7614
Bijan Robinson,Austin Hooper,Bryce Lance,Chris Olave,Devaughn Vele,Juwan Johnson,4,1,-8.5669,9.0032
Bijan Robinson,Alvin Kamara,Falcons,Michael Penix Jr.,Olamide Zaccheaus,Tyler Shough,4,1,-8.9481,6.1493
Bijan Robinson,Alvin Kamara,Austin Hooper,Juwan Johnson,Kendre Miller,Tyler Shough,4,1,-8.8446,6.8198
Kendre Miller,Alvin Kamara,Bijan Robinson,Chris Olave,Juwan Johnson,Nick Folk,4,1,-10.4805,1.3283
Devaughn Vele,Bijan Robinson,Chris Olave,Daniel Carlson,Kevin Austin Jr.,Tyler Shough,4,1,-10.6316,1.1421
Alvin Kamara,Bijan Robinson,Daniel Carlson,Devaughn Vele,Saints,Tyler Shough,4,1,-10.0756,1.9914
Drake London,Brian Robinson Jr.,Chris Olave,Daniel Carlson,Nick Folk,Tyler Shough,4,1,-8.2982,11.7778
Chris Olave,Brian Robinson Jr.,Daniel Carlson,Juwan Johnson,Kyle Pitts Sr.,Tyler Shough,4,1,-8.5768,8.914
Bijan Robinson,Falcons,Jahan Dotson,Michael Penix Jr.,Nick Folk,Tyler Shough,4,1,-8.7051,7.8411
Devaughn Vele,Bijan Robinson,Jahan Dotson,Juwan Johnson,Kendre Miller,Tyler Shough,4,1,-9.733,2.8051
Devaughn Vele,Barion Brown,Bijan Robinson,Chris Olave,Daniel Carlson,Tyler Shough,4,1,-11.2717,0.6021
Nick Folk,Alvin Kamara,Bijan Robinson,Daniel Carlson,Juwan Johnson,Tyler Shough,4,1,-10.3429,1.5243
Tyler Shough,Bijan Robinson,Chris Olave,Daniel Carlson,Devaughn Vele,Nick Muse,4,1,-12.0673,0.2718
Juwan Johnson,Bijan Robinson,Chris Olave,Jahan Dotson,Olamide Zaccheaus,Tyler Shough,4,1,-8.7859,7.2324
Juwan Johnson,Brian Robinson Jr.,Devaughn Vele,Drake London,Nick Folk,Tyler Shough,4,1,-9.2436,4.5759
Drake London,Bijan Robinson,Brian Robinson Jr.,Bryce Lance,Kyle Pitts Sr.,Michael Penix Jr.,4,1,-8.887,6.5365
Tyler Shough,Brian Robinson Jr.,Bryce Lance,Chris Olave,Drake London,Juwan Johnson,4,1,-7.7666,20.0411
Bijan Robinson,Bryce Lance,Drake London,Jahan Dotson,Juwan Johnson,Michael Penix Jr.,4,1,-8.1037,14.3071
Bijan Robinson,Alvin Kamara,Falcons,Juwan Johnson,Kendre Miller,Michael Penix Jr.,4,1,-9.3319,4.1894
Devaughn Vele,Austin Hooper,Bijan Robinson,Chris Olave,Tyler Shough,Zachariah Branch,4,1,-10.7696,0.9949
Alvin Kamara,Austin Hooper,Bijan Robinson,Drake London,Kendre Miller,Tyler Shough,4,1,-9.8716,2.4421
Michael Penix Jr.,Bijan Robinson,Devaughn Vele,Jahan Dotson,Juwan Johnson,Kyle Pitts Sr.,4,1,-10.4767,1.3334
Chris Olave,Brian Robinson Jr.,Daniel Carlson,Drake London,Falcons,Tyler Shough,4,1,-8.6605,8.1987
Alvin Kamara,Chris Olave,Drake London,Juwan Johnson,Kyle Pitts Sr.,Nick Folk,4,1,-9.9892,2.1711
Saints,Bijan Robinson,Brian Robinson Jr.,Devaughn Vele,Drake London,Tyler Shough,4,1,-9.949,2.2603
Bijan Robinson,Alvin Kamara,Austin Hooper,Bryce Lance,Drake London,Michael Penix Jr.,4,1,-8.7364,7.5988
Tyler Shough,Alvin Kamara,Chris Olave,Devaughn Vele,Kevin Austin Jr.,Michael Penix Jr.,4,1,-10.5031,1.2986
Tyler Shough,Alvin Kamara,Bijan Robinson,Bryce Lance,Devaughn Vele,Kendre Miller,4,1,-9.0257,5.6899
Bijan Robinson,Alvin Kamara,Drake London,Falcons,Kendre Miller,Nick Folk,4,1,-9.8235,2.5624
Bijan Robinson,Chris Olave,Drake London,Falcons,Nick Folk,Zachariah Branch,4,1,-10.2273,1.7111
Alvin Kamara,Chris Olave,Drake London,Juwan Johnson,Oscar Delp,Tyler Shough,4,1,-8.8957,6.4798
Tyler Shough,Alvin Kamara,Austin Hooper,Bijan Robinson,Juwan Johnson,Kyle Pitts Sr.,4,1,-9.1325,5.1138
Devaughn Vele,Austin Hooper,Bijan Robinson,Chris Olave,Drake London,Zachariah Branch,4,1,-11.325,0.5709
Austin Hooper,Alvin Kamara,Bijan Robinson,Drake London,Juwan Johnson,Tyler Shough,4,1,-10.3801,1.4687
Tyler Shough,Alvin Kamara,Bijan Robinson,Bryce Lance,Juwan Johnson,Kyle Pitts Sr.,4,1,-8.3992,10.6462
Juwan Johnson,Austin Hooper,Brian Robinson Jr.,Chris Olave,Drake London,Tyler Shough,4,1,-8.7914,7.1923
Michael Penix Jr.,Alvin Kamara,Chris Olave,Daniel Carlson,Drake London,Jahan Dotson,4,1,-9.9601,2.2353
Bijan Robinson,Alvin Kamara,Chris Olave,Daniel Carlson,Falcons,Saints,4,1,-9.5753,3.2841
Alvin Kamara,Chris Olave,Daniel Carlson,Juwan Johnson,Kyle Pitts Sr.,Tyler Shough,4,1,-9.2105,4.7299
Drake London,Alvin Kamara,Bryce Lance,Chris Olave,Devaughn Vele,Juwan Johnson,4,1,-8.7218,7.711
Bijan Robinson,Chris Olave,Daniel Carlson,Drake London,Nick Folk,Oscar Delp,4,1,-8.4493,10.1261
Chris Olave,Alvin Kamara,Austin Hooper,Bijan Robinson,Juwan Johnson,Saints,4,1,-9.8031,2.6152
Alvin Kamara,Bijan Robinson,Devaughn Vele,Kendre Miller,Saints,Tyler Shough,4,1,-10.6293,1.1447
Devaughn Vele,Alvin Kamara,Chris Olave,Kendre Miller,Kyle Pitts Sr.,Tyler Shough,4,1,-10.1725,1.8075
Tyler Shough,Alvin Kamara,Austin Hooper,Bijan Robinson,Daniel Carlson,Michael Penix Jr.,4,1,-8.7215,7.7129
Bijan Robinson,Devaughn Vele,Drake London,Falcons,Kevin Austin Jr.,Tyler Shough,4,1,-10.4574,1.3594
Juwan Johnson,Bijan Robinson,Bryce Lance,Chris Olave,Devaughn Vele,Kyle Pitts Sr.,4,1,-9.0395,5.6122
Kyle Pitts Sr.,Brian Robinson Jr.,Devaughn Vele,Drake London,Michael Penix Jr.,Tyler Shough,4,1,-9.678,2.9636
Michael Penix Jr.,Alvin Kamara,Bijan Robinson,Bryce Lance,Drake London,Nick Folk,4,1,-9.6929,2.9197
Tyler Shough,Alvin Kamara,Bijan Robinson,Bryce Lance,Daniel Carlson,Michael Penix Jr.,4,1,-7.9883,16.0573
Bijan Robinson,Barion Brown,Chris Olave,Daniel Carlson,Drake London,Nick Folk,4,1,-10.8465,0.9212
Alvin Kamara,Bryce Lance,Chris Olave,Drake London,Juwan Johnson,Michael Penix Jr.,4,1,-8.9649,6.0466
Juwan Johnson,Brian Robinson Jr.,Chris Olave,Kendre Miller,Michael Penix Jr.,Tyler Shough,4,1,-8.7335,7.6209
Bijan Robinson,Chris Olave,Daniel Carlson,Falcons,Tyler Shough,Zachariah Branch,4,1,-9.4487,3.7276
Bijan Robinson,Barion Brown,Chris Olave,Kyle Pitts Sr.,Michael Penix Jr.,Nick Folk,4,1,-11.2693,0.6036
Bijan Robinson,Austin Hooper,Chris Olave,Daniel Carlson,Juwan Johnson,Nick Folk,4,1,-8.7334,7.6217
Tyler Shough,Bijan Robinson,Jahan Dotson,Kyle Pitts Sr.,Michael Penix Jr.,Nick Folk,4,1,-9.0032,5.8197
Chris Olave,Devaughn Vele,Falcons,Jahan Dotson,Michael Penix Jr.,Tyler Shough,4,1,-9.1326,5.1133
Drake London,Bijan Robinson,Bryce Lance,Chris Olave,Devaughn Vele,Zachariah Branch,4,1,-9.9032,2.366
Austin Hooper,Bijan Robinson,Chris Olave,Devaughn Vele,Kyle Pitts Sr.,Tyler Shough,4,1,-10.8646,0.9047
Bijan Robinson,Daniel Carlson,Devaughn Vele,Falcons,Kyle Pitts Sr.,Tyler Shough,4,1,-9.0152,5.7502
Alvin Kamara,Austin Hooper,Chris Olave,Drake London,Kyle Pitts Sr.,Tyler Shough,4,1,-9.7851,2.6627
Kyle Pitts Sr.,Bijan Robinson,Chris Olave,Devaughn Vele,Drake London,Kevin Austin Jr.,4,1,-11.5664,0.4484
Alvin Kamara,Austin Hooper,Devaughn Vele,Drake London,Michael Penix Jr.,Tyler Shough,4,1,-9.9463,2.2662
Drake London,Bijan Robinson,Chris Olave,Devaughn Vele,Falcons,Oscar Delp,4,1,-9.285,4.3905
Drake London,Alvin Kamara,Chris Olave,Devaughn Vele,Juwan Johnson,Olamide Zaccheaus,4,1,-9.6058,3.1855
Chris Olave,Bijan Robinson,Falcons,Nick Folk,Tyler Shough,Zachariah Branch,4,1,-10.0999,1.9435
Devaughn Vele,Bijan Robinson,Drake London,Nick Folk,Oscar Delp,Tyler Shough,4,1,-9.4546,3.7055
Tyler Shough,Bijan Robinson,Daniel Carlson,Drake London,Jahan Dotson,Kyle Pitts Sr.,4,1,-8.731,7.6399
Chris Olave,Alvin Kamara,Drake London,Kevin Austin Jr.,Nick Folk,Tyler Shough,4,1,-10.5083,1.2919
Bijan Robinson,Bryce Lance,Drake London,Jahan Dotson,Kyle Pitts Sr.,Michael Penix Jr.,4,1,-8.7948,7.1678
Bijan Robinson,Austin Hooper,Chris Olave,Daniel Carlson,Juwan Johnson,Kyle Pitts Sr.,4,1,-8.8841,6.5558
Nick Folk,Alvin Kamara,Devaughn Vele,Drake London,Juwan Johnson,Tyler Shough,4,1,-10.9225,0.8538
Juwan Johnson,Bijan Robinson,Chris Olave,Kevin Austin Jr.,Nick Folk,Tyler Shough,4,1,-10.0929,1.9573
Chris Olave,Alvin Kamara,Bryce Lance,Michael Penix Jr.,Nick Folk,Tyler Shough,4,1,-8.2652,12.1737
Devaughn Vele,Bijan Robinson,Chris Olave,Daniel Carlson,Kendre Miller,Kyle Pitts Sr.,4,1,-10.2985,1.5935
Bijan Robinson,Charlie Woerner,Chris Olave,Drake London,Michael Penix Jr.,Oscar Delp,4,1,-10.2396,1.6901
Chris Olave,Alvin Kamara,Drake London,Juwan Johnson,Michael Penix Jr.,Oscar Delp,4,1,-8.8151,7.0239
Bijan Robinson,Austin Hooper,Chris Olave,Drake London,Kyle Pitts Sr.,Zachariah Branch,4,1,-10.495,1.3093
Drake London,Alvin Kamara,Bijan Robinson,Kyle Pitts Sr.,Michael Penix Jr.,Oscar Delp,4,1,-9.3709,4.0289
Alvin Kamara,Bijan Robinson,Daniel Carlson,Juwan Johnson,Saints,Tyler Shough,4,1,-9.6289,3.1128
Chris Olave,Bijan Robinson,Bryce Lance,Kyle Pitts Sr.,Michael Penix Jr.,Nick Folk,4,1,-8.765,7.3846
Bijan Robinson,Austin Hooper,Devaughn Vele,Drake London,Michael Penix Jr.,Zachariah Branch,4,1,-10.6562,1.1143
Kyle Pitts Sr.,Chris Olave,Devaughn Vele,Drake London,Jahan Dotson,Tyler Shough,4,1,-9.5661,3.3145
Chris Olave,Devaughn Vele,Jahan Dotson,Juwan Johnson,Kendre Miller,Tyler Shough,4,1,-9.1799,4.8772
Chris Olave,Bijan Robinson,CJ Donaldson,Kendre Miller,Kyle Pitts Sr.,Tyler Shough,4,1,-10.0653,2.0119
Bijan Robinson,Chris Blair,Chris Olave,Kendre Miller,Kyle Pitts Sr.,Tyler Shough,4,1,-10.5485,1.241
Chris Olave,Bijan Robinson,Drake London,Oscar Delp,Treyton Welch,Tyler Shough,4,1,-10.4076,1.4288
Chris Olave,Bijan Robinson,Charlie Woerner,Drake London,Kevin Austin Jr.,Tyler Shough,4,1,-11.8204,0.3479
Chris Olave,Bijan Robinson,Drake London,Nick Muse,Olamide Zaccheaus,Tyler Shough,4,1,-12.3062,0.214
Alvin Kamara,Devaughn Vele,Juwan Johnson,Kendre Miller,Michael Penix Jr.,Tyler Shough,4,1,-9.9255,2.314
Devaughn Vele,Bijan Robinson,Chris Blair,Drake London,Kyle Pitts Sr.,Tyler Shough,4,1,-11.5555,0.4533
Jahan Dotson,Chris Olave,Drake London,Michael Penix Jr.,Nick Folk,Tyler Shough,4,1,-10.4361,1.3887
Chris Olave,Alvin Kamara,Drake London,Kyle Pitts Sr.,Oscar Delp,Tyler Shough,4,1,-8.902,6.4394
Tyler Shough,Alvin Kamara,Austin Hooper,Bijan Robinson,Kendre Miller,Michael Penix Jr.,4,1,-9.2753,4.4334
Juwan Johnson,Alvin Kamara,Chris Olave,Michael Penix Jr.,Tyler Shough,Zachariah Branch,4,1,-9.8255,2.5574
Drake London,Chris Olave,Devaughn Vele,Jahan Dotson,Juwan Johnson,Kyle Pitts Sr.,4,1,-9.5134,3.4938
Bijan Robinson,Alvin Kamara,Bryce Lance,Drake London,Michael Penix Jr.,Saints,4,1,-8.9616,6.067
Juwan Johnson,Alvin Kamara,Bijan Robinson,Daniel Carlson,Drake London,Kendre Miller,4,1,-9.4987,3.5456
Tyler Shough,Brian Robinson Jr.,Daniel Carlson,Drake London,Juwan Johnson,Michael Penix Jr.,4,1,-8.2451,12.4203
Bijan Robinson,Austin Hooper,CJ Donaldson,Drake London,Juwan Johnson,Tyler Shough,4,1,-9.4097,3.8756
Drake London,Bijan Robinson,Chris Blair,Jahan Dotson,Michael Penix Jr.,Tyler Shough,4,1,-10.3337,1.5384
Tyler Shough,Bijan Robinson,Devaughn Vele,Juwan Johnson,Kyle Pitts Sr.,Zachariah Branch,4,1,-10.319,1.5612
Chris Olave,Alvin Kamara,Daniel Carlson,Falcons,Juwan Johnson,Tyler Shough,4,1,-8.6952,7.9186
Bijan Robinson,Alvin Kamara,Michael Penix Jr.,Olamide Zaccheaus,Saints,Tyler Shough,4,1,-9.2902,4.3676
Bijan Robinson,Daniel Carlson,Drake London,Juwan Johnson,Treyton Welch,Tyler Shough,4,1,-9.9601,2.2353
Kyle Pitts Sr.,Alvin Kamara,Bijan Robinson,Drake London,Juwan Johnson,Kendre Miller,4,1,-10.1934,1.77
Michael Penix Jr.,Bijan Robinson,Bryce Lance,CJ Donaldson,Chris Olave,Tyler Shough,4,1,-9.6764,2.9686
Chris Olave,Austin Hooper,Bijan Robinson,Daniel Carlson,Michael Penix Jr.,Nick Folk,4,1,-9.1244,5.1554
Drake London,Barion Brown,Bijan Robinson,Jahan Dotson,Michael Penix Jr.,Tyler Shough,4,1,-10.7806,0.984
Chris Olave,Austin Hooper,Bijan Robinson,Falcons,Kyle Pitts Sr.,Tyler Shough,4,1,-9.2143,4.7123
Juwan Johnson,Bijan Robinson,Chris Olave,Falcons,Tyler Shough,Zachariah Branch,4,1,-9.8906,2.396
Devaughn Vele,Bijan Robinson,Bryce Lance,Juwan Johnson,Kyle Pitts Sr.,Tyler Shough,4,1,-9.1561,4.9943
Kendre Miller,Bijan Robinson,Chris Olave,Devaughn Vele,Tyler Shough,Zachariah Branch,4,1,-11.4629,0.4973
Daniel Carlson,Bijan Robinson,Devaughn Vele,Juwan Johnson,Nick Folk,Tyler Shough,4,1,-10.6373,1.1355
Tyler Shough,Bijan Robinson,Daniel Carlson,Devaughn Vele,Falcons,Juwan Johnson,4,1,-8.7917,7.19
Kevin Austin Jr.,Bijan Robinson,Chris Olave,Juwan Johnson,Michael Penix Jr.,Tyler Shough,4,1,-12.1535,0.2493
Bijan Robinson,Chris Olave,Drake London,Kendre Miller,Kyle Pitts Sr.,Oscar Delp,4,1,-9.1537,5.0065
Drake London,Alvin Kamara,Bijan Robinson,Devaughn Vele,Falcons,Saints,4,1,-10.4476,1.3728
Juwan Johnson,Alvin Kamara,Chris Olave,Drake London,Oscar Delp,Tyler Shough,4,1,-8.5421,9.2292
Juwan Johnson,Alvin Kamara,Chris Blair,Chris Olave,Drake London,Tyler Shough,4,1,-10.4923,1.3127
Alvin Kamara,Devaughn Vele,Drake London,Juwan Johnson,Kendre Miller,Michael Penix Jr.,4,1,-10.4809,1.3278
Tyler Shough,Austin Hooper,Bijan Robinson,Chris Olave,Drake London,Zamir White,4,1,-13.3265,0.0771
Bijan Robinson,Alvin Kamara,Kendre Miller,Nick Folk,Saints,Tyler Shough,4,1,-9.6102,3.1715
Falcons,Bijan Robinson,Devaughn Vele,Drake London,Nick Folk,Tyler Shough,4,1,-10.3565,1.5037
Bijan Robinson,CJ Donaldson,Chris Olave,Kyle Pitts Sr.,Saints,Tyler Shough,4,1,-9.9692,2.2149
Juwan Johnson,Bijan Robinson,Devaughn Vele,Falcons,Kyle Pitts Sr.,Tyler Shough,4,1,-9.4572,3.6961
Bijan Robinson,Bryce Lance,Drake London,Juwan Johnson,Tyler Shough,Zachariah Branch,4,1,-8.872,6.6358
Zachariah Branch,Alvin Kamara,Chris Olave,Drake London,Michael Penix Jr.,Tyler Shough,4,1,-11.7215,0.384
Devaughn Vele,Alvin Kamara,Daniel Carlson,Drake London,Kyle Pitts Sr.,Tyler Shough,4,1,-9.9756,2.2008
Bijan Robinson,Chris Olave,Falcons,Kyle Pitts Sr.,Michael Penix Jr.,Olamide Zaccheaus,4,1,-9.5413,3.3978
Bijan Robinson,Daniel Carlson,Drake London,Jahan Dotson,Saints,Tyler Shough,4,1,-8.775,7.3111
Drake London,Brian Robinson Jr.,Kyle Pitts Sr.,Michael Penix Jr.,Nick Folk,Tyler Shough,4,1,-9.0778,5.4012
Bijan Robinson,Austin Hooper,Devaughn Vele,Juwan Johnson,Kendre Miller,Michael Penix Jr.,4,1,-9.599,3.2072
Bijan Robinson,Devaughn Vele,Drake London,Juwan Johnson,Kendre Miller,Olamide Zaccheaus,4,1,-9.7009,2.8965
Drake London,Bijan Robinson,Bryce Lance,Chris Olave,Treyton Welch,Tyler Shough,4,1,-9.8305,2.5444
Chris Olave,Daniel Carlson,Drake London,Jahan Dotson,Nick Folk,Tyler Shough,4,1,-8.634,8.4183
Juwan Johnson,Bijan Robinson,Bryce Lance,Chris Olave,Falcons,Tyler Shough,4,1,-8.121,14.0608
Bijan Robinson,Drake London,Jahan Dotson,Michael Penix Jr.,Nick Folk,Saints,4,1,-9.6026,3.1959
Kyle Pitts Sr.,Bijan Robinson,Charlie Woerner,Chris Olave,Juwan Johnson,Tyler Shough,4,1,-10.7129,1.0529
Bijan Robinson,Devaughn Vele,Drake London,Falcons,Kendre Miller,Kyle Pitts Sr.,4,1,-10.1243,1.8967
Bijan Robinson,Daniel Carlson,Juwan Johnson,Michael Penix Jr.,Oscar Delp,Tyler Shough,4,1,-7.7591,20.1932
Oscar Delp,Bijan Robinson,Chris Olave,Drake London,Juwan Johnson,Michael Penix Jr.,4,1,-10.8763,0.8941
Kyle Pitts Sr.,Brian Robinson Jr.,Drake London,Juwan Johnson,Michael Penix Jr.,Tyler Shough,4,1,-9.2313,4.6326
Juwan Johnson,Bijan Robinson,CJ Donaldson,Drake London,Nick Folk,Tyler Shough,4,1,-9.7317,2.8086
Michael Penix Jr.,Bijan Robinson,Charlie Woerner,Chris Olave,Falcons,Tyler Shough,4,1,-11.1592,0.6739
Juwan Johnson,Alvin Kamara,Bryce Lance,Chris Olave,Drake London,Michael Penix Jr.,4,1,-8.6113,8.6121
Juwan Johnson,Bijan Robinson,Drake London,Jahan Dotson,Kendre Miller,Michael Penix Jr.,4,1,-9.4894,3.5788
Devaughn Vele,Alvin Kamara,Drake London,Michael Penix Jr.,Olamide Zaccheaus,Tyler Shough,4,1,-10.0586,2.0254
Drake London,Chris Olave,Devaughn Vele,Falcons,Jahan Dotson,Michael Penix Jr.,4,1,-9.646,3.0601
Drake London,Bijan Robinson,Chris Blair,Daniel Carlson,Devaughn Vele,Tyler Shough,4,1,-10.4932,1.3116
Drake London,Alvin Kamara,Chris Olave,Juwan Johnson,Michael Penix Jr.,Oscar Delp,4,1,-8.7731,7.3252
Drake London,Bijan Robinson,Bryce Lance,Chris Olave,Daniel Carlson,Nick Folk,4,1,-8.3002,11.754
Kyle Pitts Sr.,Bijan Robinson,Bryce Lance,Devaughn Vele,Drake London,Tyler Shough,4,1,-9.0758,5.4123
Chris Olave,Falcons,Jahan Dotson,Juwan Johnson,Michael Penix Jr.,Tyler Shough,4,1,-8.6859,7.9929
Bijan Robinson,Austin Hooper,Devaughn Vele,Drake London,Kendre Miller,Nick Folk,4,1,-10.0907,1.9616
Tyler Shough,Alvin Kamara,Austin Hooper,Chris Olave,Kyle Pitts Sr.,Michael Penix Jr.,4,1,-9.1888,4.8339
Tyler Shough,Alvin Kamara,Chris Olave,Jahan Dotson,Juwan Johnson,Saints,4,1,-9.4013,3.9083
Tyler Shough,Alvin Kamara,Chris Olave,Drake London,Kyle Pitts Sr.,Olamide Zaccheaus,4,1,-9.2907,4.3656
Chris Olave,Daniel Carlson,Drake London,Jahan Dotson,Kyle Pitts Sr.,Tyler Shough,4,1,-8.7847,7.241
Drake London,Bijan Robinson,Chris Olave,Jahan Dotson,Kendre Miller,Noah Fant,4,1,-12.5188,0.173
Bijan Robinson,Austin Hooper,Drake London,Falcons,Nick Folk,Tyler Shough,4,1,-8.9924,5.8828
Bijan Robinson,Drake London,Juwan Johnson,Kendre Miller,Treyton Welch,Tyler Shough,4,1,-10.5138,1.2849
Bijan Robinson,Daniel Carlson,Devaughn Vele,Nick Folk,Saints,Tyler Shough,4,1,-9.2067,4.7482
Bijan Robinson,Drake London,Juwan Johnson,Kendre Miller,Nick Muse,Tyler Shough,4,1,-12.0634,0.2728
Juwan Johnson,Alvin Kamara,Daniel Carlson,Devaughn Vele,Drake London,Michael Penix Jr.,4,1,-9.5735,3.2903
Kyle Pitts Sr.,Bijan Robinson,Chris Olave,Drake London,Juwan Johnson,Oscar Delp,4,1,-9.3627,4.0621
Bijan Robinson,Daniel Carlson,Drake London,Juwan Johnson,Michael Penix Jr.,Oscar Delp,4,1,-8.3145,11.5878
Bijan Robinson,Austin Hooper,Drake London,Michael Penix Jr.,Tyler Shough,Zamir White,4,1,-13.2645,0.0821
Drake London,CJ Donaldson,Chris Olave,Devaughn Vele,Nick Folk,Tyler Shough,4,1,-9.8985,2.3771
Bijan Robinson,Bryce Lance,Chris Olave,Drake London,Nick Folk,Saints,4,1,-8.7999,7.1319
Kendre Miller,Bijan Robinson,Drake London,Jahan Dotson,Juwan Johnson,Tyler Shough,4,1,-10.0005,2.1468
Kyle Pitts Sr.,Barion Brown,Bijan Robinson,Chris Olave,Drake London,Juwan Johnson,4,1,-11.7599,0.3696
Tyler Shough,Bijan Robinson,Bryce Lance,Chris Olave,Juwan Johnson,Olamide Zaccheaus,4,1,-8.0973,14.3985
Drake London,Alvin Kamara,Chris Blair,Devaughn Vele,Michael Penix Jr.,Tyler Shough,4,1,-10.9715,0.813
Drake London,Alvin Kamara,Chris Olave,Kyle Pitts Sr.,Michael Penix Jr.,Zachariah Branch,4,1,-10.6988,1.0678
Drake London,Alvin Kamara,Bryce Lance,Chris Olave,Michael Penix Jr.,Nick Folk,4,1,-8.7785,7.2855
Drake London,Alvin Kamara,Devaughn Vele,Juwan Johnson,Kyle Pitts Sr.,Nick Folk,4,1,-10.1517,1.8454
Juwan Johnson,Austin Hooper,Bijan Robinson,Bryce Lance,Chris Olave,Tyler Shough,4,1,-8.238,12.5083
Juwan Johnson,Alvin Kamara,Bijan Robinson,Drake London,Kyle Pitts Sr.,Saints,4,1,-10.2045,1.7505
Barion Brown,Bijan Robinson,Devaughn Vele,Drake London,Michael Penix Jr.,Tyler Shough,4,1,-13.6501,0.0558
Bryce Lance,Bijan Robinson,Chris Olave,Daniel Carlson,Michael Penix Jr.,Tyler Shough,4,1,-9.6086,3.1768
Falcons,Bijan Robinson,Devaughn Vele,Kyle Pitts Sr.,Michael Penix Jr.,Tyler Shough,4,1,-10.556,1.2317
Falcons,Bijan Robinson,Devaughn Vele,Drake London,Michael Penix Jr.,Nick Folk,4,1,-10.9608,0.8217
Drake London,Bijan Robinson,Devaughn Vele,Kyle Pitts Sr.,Michael Penix Jr.,Oscar Delp,4,1,-9.5211,3.4672
Bijan Robinson,Daniel Carlson,Drake London,Kyle Pitts Sr.,Olamide Zaccheaus,Tyler Shough,4,1,-8.7503,7.494
Michael Penix Jr.,Austin Hooper,Bijan Robinson,Chris Blair,Chris Olave,Tyler Shough,4,1,-11.3208,0.5733
Kyle Pitts Sr.,Austin Hooper,Bijan Robinson,Devaughn Vele,Michael Penix Jr.,Tyler Shough,4,1,-9.8579,2.4757
Chris Olave,Bijan Robinson,Daniel Carlson,Kendre Miller,Kyle Pitts Sr.,Nick Folk,4,1,-9.7458,2.7693
Bijan Robinson,Bryce Lance,Drake London,Juwan Johnson,Olamide Zaccheaus,Tyler Shough,4,1,-7.9864,16.0874
Bijan Robinson,Austin Hooper,Drake London,Falcons,Kyle Pitts Sr.,Tyler Shough,4,1,-9.143,5.0601
Michael Penix Jr.,Austin Hooper,Bijan Robinson,Chris Olave,Falcons,Juwan Johnson,4,1,-10.0931,1.9569
Drake London,Alvin Kamara,Bijan Robinson,Bryce Lance,Saints,Tyler Shough,4,1,-8.7433,7.5469
Devaughn Vele,Bryce Lance,Chris Olave,Drake London,Nick Folk,Tyler Shough,4,1,-9.0129,5.7635
Drake London,Austin Hooper,Bijan Robinson,Daniel Carlson,Devaughn Vele,Juwan Johnson,4,1,-9.3824,3.9829
Drake London,Bijan Robinson,Devaughn Vele,Falcons,Michael Penix Jr.,Zachariah Branch,4,1,-10.9252,0.8515
Drake London,Bijan Robinson,Bryce Lance,Charlie Woerner,Chris Olave,Michael Penix Jr.,4,1,-10.0906,1.9618
Juwan Johnson,Alvin Kamara,Devaughn Vele,Kendre Miller,Michael Penix Jr.,Tyler Shough,4,1,-9.5718,3.2958
Bijan Robinson,Chris Blair,Juwan Johnson,Kendre Miller,Michael Penix Jr.,Tyler Shough,4,1,-10.2631,1.651
Saints,Alvin Kamara,Austin Hooper,Bijan Robinson,Chris Olave,Tyler Shough,4,1,-10.072,1.9985
Chris Olave,Bijan Robinson,Juwan Johnson,Saints,Treyton Welch,Tyler Shough,4,1,-10.9169,0.8586
Devaughn Vele,Bijan Robinson,Daniel Carlson,Kendre Miller,Kyle Pitts Sr.,Tyler Shough,4,1,-10.0999,1.9436
Bijan Robinson,Austin Hooper,Chris Olave,Michael Penix Jr.,Nick Folk,Saints,4,1,-9.582,3.2623
Bryce Lance,Bijan Robinson,Chris Olave,Daniel Carlson,Drake London,Michael Penix Jr.,4,1,-10.164,1.823
Michael Penix Jr.,Bijan Robinson,Daniel Carlson,Devaughn Vele,Olamide Zaccheaus,Tyler Shough,4,1,-9.9485,2.2613
Tyler Shough,Bijan Robinson,Chris Olave,Kendre Miller,Nick Folk,Olamide Zaccheaus,4,1,-9.2643,4.4822
Michael Penix Jr.,Austin Hooper,Bijan Robinson,Chris Olave,Drake London,Kevin Austin Jr.,4,1,-11.683,0.3991
Tyler Shough,CJ Donaldson,Chris Olave,Daniel Carlson,Devaughn Vele,Drake London,4,1,-9.757,2.7386
Drake London,Bijan Robinson,Bryce Lance,Chris Olave,Kendre Miller,Nick Folk,4,1,-8.854,6.7563
Drake London,Austin Hooper,Bijan Robinson,Chris Olave,Falcons,Kyle Pitts Sr.,4,1,-9.7276,2.8202
Michael Penix Jr.,Austin Hooper,Bijan Robinson,Devaughn Vele,Juwan Johnson,Kyle Pitts Sr.,4,1,-10.8129,0.9527
Juwan Johnson,Bijan Robinson,Chris Olave,Drake London,Kendre Miller,Oscar Delp,4,1,-9.2218,4.6771
Tyler Shough,Bijan Robinson,Daniel Carlson,Devaughn Vele,Kendre Miller,Kyle Pitts Sr.,4,1,-9.4931,3.5655
Chris Olave,Daniel Carlson,Devaughn Vele,Drake London,Kyle Pitts Sr.,Nick Folk,4,1,-9.7717,2.6986
Chris Olave,Bryce Lance,Devaughn Vele,Juwan Johnson,Kyle Pitts Sr.,Tyler Shough,4,1,-8.603,8.6835
Devaughn Vele,Chris Olave,Juwan Johnson,Kendre Miller,Nick Folk,Tyler Shough,4,1,-9.7253,2.8267
Juwan Johnson,Charlie Woerner,Chris Olave,Devaughn Vele,Drake London,Tyler Shough,4,1,-10.5978,1.1813
Michael Penix Jr.,Bijan Robinson,Bryce Lance,Juwan Johnson,Nick Folk,Tyler Shough,4,1,-8.841,6.8445
Kyle Pitts Sr.,Bijan Robinson,Devaughn Vele,Michael Penix Jr.,Olamide Zaccheaus,Tyler Shough,4,1,-10.0087,2.1292
Kyle Pitts Sr.,Alvin Kamara,Chris Olave,Drake London,Falcons,Michael Penix Jr.,4,1,-10.2395,1.6904
Tyler Shough,Alvin Kamara,Daniel Carlson,Drake London,Juwan Johnson,Nick Folk,4,1,-8.7715,7.3371
Kendre Miller,Bijan Robinson,Chris Olave,Drake London,Treyton Welch,Tyler Shough,4,1,-11.9456,0.3069
Bijan Robinson,Drake London,Juwan Johnson,Kendre Miller,Kevin Austin Jr.,Michael Penix Jr.,4,1,-10.6252,1.1494
Tyler Shough,Austin Hooper,Bijan Robinson,Charlie Smyth,Chris Olave,Nick Folk,4,1,-12.8216,0.1278
Tyler Shough,Alvin Kamara,Juwan Johnson,Kyle Pitts Sr.,Michael Penix Jr.,Nick Folk,4,1,-9.1943,4.8074
Juwan Johnson,Alvin Kamara,Drake London,Kyle Pitts Sr.,Nick Folk,Tyler Shough,4,1,-9.4369,3.7717
Kyle Pitts Sr.,Bijan Robinson,Drake London,Juwan Johnson,Tyler Shough,Zachariah Branch,4,1,-10.3986,1.4416
Tyler Shough,Bijan Robinson,Devaughn Vele,Kendre Miller,Michael Penix Jr.,Olamide Zaccheaus,4,1,-9.5762,3.2813
Falcons,Bijan Robinson,Chris Olave,Daniel Carlson,Drake London,Kyle Pitts Sr.,4,1,-10.5763,1.207
Kyle Pitts Sr.,Bijan Robinson,Chris Olave,Daniel Carlson,Falcons,Michael Penix Jr.,4,1,-9.8101,2.5971
Juwan Johnson,Chris Olave,Daniel Carlson,Devaughn Vele,Drake London,Nick Folk,4,1,-9.4118,3.8678
Nick Folk,Bijan Robinson,Drake London,Falcons,Juwan Johnson,Michael Penix Jr.,4,1,-11.1082,0.7091
Kendre Miller,Bijan Robinson,Bryce Lance,Chris Olave,Juwan Johnson,Tyler Shough,4,1,-9.2466,4.5622
Bijan Robinson,Drake London,Falcons,Juwan Johnson,Kendre Miller,Kyle Pitts Sr.,4,1,-9.6776,2.9648
Devaughn Vele,Austin Hooper,Chris Olave,Daniel Carlson,Drake London,Tyler Shough,4,1,-9.5229,3.461
Alvin Kamara,Chris Olave,Daniel Carlson,Drake London,Michael Penix Jr.,Saints,4,1,-10.2406,1.6885
Tyler Shough,Bijan Robinson,Daniel Carlson,Drake London,Juwan Johnson,Oscar Delp,4,1,-8.1779,13.2834
Juwan Johnson,Bijan Robinson,Chris Olave,Noah Fant,Olamide Zaccheaus,Tyler Shough,4,1,-11.9527,0.3048
Tyler Shough,Alvin Kamara,Chris Olave,Drake London,Kendre Miller,Olamide Zaccheaus,4,1,-9.4705,3.6471
Michael Penix Jr.,Bijan Robinson,Devaughn Vele,Kendre Miller,Kyle Pitts Sr.,Nick Folk,4,1,-11.2467,0.6174
Tyler Shough,Barion Brown,Bijan Robinson,Daniel Carlson,Drake London,Juwan Johnson,4,1,-10.5751,1.2085
Nick Folk,Bijan Robinson,Daniel Carlson,Kyle Pitts Sr.,Michael Penix Jr.,Tyler Shough,4,1,-10.7005,1.066
Drake London,Bijan Robinson,Daniel Carlson,Juwan Johnson,Kevin Austin Jr.,Tyler Shough,4,1,-9.8532,2.4874
Alvin Kamara,Daniel Carlson,Drake London,Kendre Miller,Michael Penix Jr.,Tyler Shough,4,1,-9.7101,2.8701
Bijan Robinson,Austin Hooper,Drake London,Juwan Johnson,Kendre Miller,Nick Folk,4,1,-9.644,3.0663
Michael Penix Jr.,Bijan Robinson,Daniel Carlson,Drake London,Treyton Welch,Tyler Shough,4,1,-11.3167,0.5756
Kendre Miller,Bijan Robinson,Chris Olave,Michael Penix Jr.,Oscar Delp,Tyler Shough,4,1,-9.7446,2.7726
Drake London,Alvin Kamara,Daniel Carlson,Juwan Johnson,Kyle Pitts Sr.,Tyler Shough,4,1,-8.8404,6.8483
Drake London,Bijan Robinson,Charlie Woerner,Juwan Johnson,Michael Penix Jr.,Nick Folk,4,1,-10.8293,0.9372
Drake London,Bijan Robinson,Juwan Johnson,Michael Penix Jr.,Nick Folk,Oscar Delp,4,1,-8.9237,6.3009
Tyler Shough,Chris Olave,Devaughn Vele,Drake London,Kyle Pitts Sr.,Oscar Delp,4,1,-9.0919,5.3259
Tyler Shough,Bijan Robinson,Chris Blair,Chris Olave,Juwan Johnson,Saints,4,1,-10.657,1.1134
Tyler Shough,Bijan Robinson,Chris Olave,Juwan Johnson,Kevin Austin Jr.,Saints,4,1,-10.4637,1.3508
Devaughn Vele,Bijan Robinson,Bryce Lance,Drake London,Saints,Tyler Shough,4,1,-9.5819,3.2626
Drake London,Alvin Kamara,Chris Olave,Daniel Carlson,Michael Penix Jr.,Olamide Zaccheaus,4,1,-9.4393,3.7626
Tyler Shough,Bijan Robinson,Drake London,Falcons,Michael Penix Jr.,Oscar Delp,4,1,-8.6844,8.0051
Saints,Bijan Robinson,Chris Olave,Devaughn Vele,Juwan Johnson,Kyle Pitts Sr.,4,1,-10.5769,1.2062
Drake London,Bijan Robinson,Bryce Lance,Chris Olave,Daniel Carlson,Kendre Miller,4,1,-8.6307,8.4463
Tyler Shough,Barion Brown,Bijan Robinson,Chris Olave,Juwan Johnson,Saints,4,1,-11.1039,0.7121
Kyle Pitts Sr.,Bijan Robinson,Drake London,Michael Penix Jr.,Treyton Welch,Tyler Shough,4,1,-11.3769,0.542
Kendre Miller,Bijan Robinson,Chris Olave,Juwan Johnson,Olamide Zaccheaus,Tyler Shough,4,1,-10.1307,1.8847
Drake London,Bryce Lance,Chris Olave,Devaughn Vele,Michael Penix Jr.,Nick Folk,4,1,-8.9287,6.2698
Austin Hooper,Chris Olave,Devaughn Vele,Drake London,Juwan Johnson,Tyler Shough,4,1,-10.6235,1.1513
Juwan Johnson,Bijan Robinson,Bryce Lance,Drake London,Kyle Pitts Sr.,Michael Penix Jr.,4,1,-8.9125,6.3719
Tyler Shough,Bryce Lance,Chris Olave,Devaughn Vele,Juwan Johnson,Kyle Pitts Sr.,4,1,-8.6427,8.3454
Chris Olave,Bryce Lance,Juwan Johnson,Michael Penix Jr.,Nick Folk,Tyler Shough,4,1,-7.9686,16.3762
Tyler Shough,Bijan Robinson,Juwan Johnson,Kendre Miller,Michael Penix Jr.,Zachariah Branch,4,1,-10.015,2.1157
Tyler Shough,Austin Hooper,Bijan Robinson,Chris Olave,Nick Folk,Saints,4,1,-9.4454,3.7397
Kendre Miller,Bijan Robinson,Chris Olave,Drake London,Michael Penix Jr.,Oscar Delp,4,1,-10.3,1.591
Falcons,Bijan Robinson,Juwan Johnson,Kyle Pitts Sr.,Michael Penix Jr.,Tyler Shough,4,1,-10.1093,1.9253
Drake London,Bijan Robinson,Juwan Johnson,Kevin Austin Jr.,Kyle Pitts Sr.,Michael Penix Jr.,4,1,-10.8314,0.9352
Kendre Miller,Austin Hooper,Bijan Robinson,Devaughn Vele,Drake London,Tyler Shough,4,1,-10.7834,0.9812
Bijan Robinson,Bryce Lance,Chris Olave,Drake London,Kendre Miller,Saints,4,1,-9.1303,5.1249
Tyler Shough,CJ Donaldson,Devaughn Vele,Drake London,Juwan Johnson,Michael Penix Jr.,4,1,-9.8454,2.5068
Chris Olave,Devaughn Vele,Drake London,Kendre Miller,Oscar Delp,Tyler Shough,4,1,-9.232,4.6296
Tyler Shough,Austin Hooper,Chris Olave,Daniel Carlson,Devaughn Vele,Michael Penix Jr.,4,1,-8.965,6.0461
Juwan Johnson,Bijan Robinson,Bryce Lance,Chris Olave,Drake London,Saints,4,1,-9.0186,5.7309
Tyler Shough,Bijan Robinson,Daniel Carlson,Juwan Johnson,Kendre Miller,Nick Folk,4,1,-8.8958,6.4796
Drake London,CJ Donaldson,Chris Olave,Juwan Johnson,Kyle Pitts Sr.,Tyler Shough,4,1,-9.6025,3.1961
Devaughn Vele,Bijan Robinson,Drake London,Olamide Zaccheaus,Saints,Tyler Shough,4,1,-10.466,1.3478
Chris Olave,Bijan Robinson,Daniel Carlson,Kyle Pitts Sr.,Nick Folk,Saints,4,1,-10.0777,1.9872
Kyle Pitts Sr.,Chris Olave,Devaughn Vele,Falcons,Michael Penix Jr.,Tyler Shough,4,1,-9.8342,2.535
Chris Olave,Austin Hooper,Bijan Robinson,Daniel Carlson,Drake London,Saints,4,1,-9.7379,2.7915
Devaughn Vele,Austin Hooper,Chris Olave,Drake London,Kendre Miller,Tyler Shough,4,1,-10.0766,1.9894
Alvin Kamara,Chris Olave,Drake London,Kendre Miller,Michael Penix Jr.,Saints,4,1,-10.7943,0.9706
Bijan Robinson,Drake London,Kendre Miller,Kyle Pitts Sr.,Michael Penix Jr.,Olamide Zaccheaus,4,1,-9.9083,2.354
Drake London,Bijan Robinson,Bryce Lance,Daniel Carlson,Kyle Pitts Sr.,Tyler Shough,4,1,-8.2523,12.3314
Tyler Shough,Bijan Robinson,Bryce Lance,Juwan Johnson,Kendre Miller,Michael Penix Jr.,4,1,-8.2454,12.4161
Tyler Shough,Bijan Robinson,Bryce Lance,Devaughn Vele,Michael Penix Jr.,Saints,4,1,-9.024,5.6996
Drake London,Austin Hooper,Chris Olave,Devaughn Vele,Juwan Johnson,Kyle Pitts Sr.,4,1,-9.8497,2.4962
Bryce Lance,Bijan Robinson,Chris Olave,Drake London,Saints,Tyler Shough,4,1,-10.4453,1.3759
Daniel Carlson,Bijan Robinson,Juwan Johnson,Kendre Miller,Michael Penix Jr.,Tyler Shough,4,1,-10.4841,1.3236
Bijan Robinson,Chris Olave,Drake London,Kendre Miller,Olamide Zaccheaus,Saints,4,1,-10.0144,2.1171
Chris Olave,Austin Hooper,Drake London,Kyle Pitts Sr.,Nick Folk,Tyler Shough,4,1,-9.3442,4.1383
Drake London,Bijan Robinson,Bryce Lance,Charlie Woerner,Michael Penix Jr.,Tyler Shough,4,1,-9.892,2.3928
Drake London,Bijan Robinson,Bryce Lance,Michael Penix Jr.,Oscar Delp,Tyler Shough,4,1,-7.9864,16.0878
Drake London,Barion Brown,Bijan Robinson,Juwan Johnson,Kendre Miller,Tyler Shough,4,1,-11.0471,0.7538
Michael Penix Jr.,Alvin Kamara,Devaughn Vele,Drake London,Juwan Johnson,Saints,4,1,-11.0936,0.7195
Drake London,Alvin Kamara,Bryce Lance,Kyle Pitts Sr.,Michael Penix Jr.,Tyler Shough,4,1,-8.7306,7.6433
Saints,Austin Hooper,Bijan Robinson,Chris Olave,Devaughn Vele,Drake London,4,1,-10.7776,0.987
Nick Folk,Chris Olave,Daniel Carlson,Juwan Johnson,Michael Penix Jr.,Tyler Shough,4,1,-10.1027,1.9382
Drake London,Chris Olave,Jahan Dotson,Juwan Johnson,Michael Penix Jr.,Olamide Zaccheaus,4,1,-9.4671,3.6597
Drake London,Bryce Lance,Chris Olave,Devaughn Vele,Kendre Miller,Tyler Shough,4,1,-8.6549,8.2445
Drake London,Austin Hooper,Bijan Robinson,Daniel Carlson,Michael Penix Jr.,Nick Folk,4,1,-9.4392,3.7631
Chris Olave,Bijan Robinson,Bryce Lance,Kendre Miller,Saints,Tyler Shough,4,1,-9.0029,5.8212
Nick Folk,Bijan Robinson,Drake London,Kendre Miller,Kyle Pitts Sr.,Michael Penix Jr.,4,1,-11.8096,0.3516
Drake London,Bijan Robinson,Bryce Lance,Daniel Carlson,Michael Penix Jr.,Nick Folk,4,1,-8.7059,7.8344
Falcons,Bijan Robinson,Daniel Carlson,Drake London,Juwan Johnson,Michael Penix Jr.,4,1,-10.2908,1.6058
Drake London,Daniel Carlson,Jahan Dotson,Juwan Johnson,Michael Penix Jr.,Tyler Shough,4,1,-8.4572,10.0468
Juwan Johnson,Bijan Robinson,Bryce Lance,Kendre Miller,Michael Penix Jr.,Tyler Shough,4,1,-8.537,9.2765
Austin Hooper,Bijan Robinson,Chris Olave,Michael Penix Jr.,Saints,Tyler Shough,4,1,-10.8925,0.8798
Saints,Bijan Robinson,Chris Olave,Kyle Pitts Sr.,Nick Folk,Tyler Shough,4,1,-10.0294,2.0855
Tyler Shough,Chris Olave,Devaughn Vele,Drake London,Kendre Miller,Oscar Delp,4,1,-9.2717,4.4494
Drake London,Chris Olave,Daniel Carlson,Juwan Johnson,Tyler Shough,Zachariah Branch,4,1,-9.4241,3.8205
Devaughn Vele,Drake London,Falcons,Kyle Pitts Sr.,Michael Penix Jr.,Tyler Shough,4,1,-10.1855,1.7842
Tyler Shough,Bryce Lance,Chris Olave,Juwan Johnson,Kyle Pitts Sr.,Michael Penix Jr.,4,1,-8.159,13.5376
Saints,Bijan Robinson,Chris Olave,Michael Penix Jr.,Tyler Shough,Zachariah Branch,4,1,-10.7748,0.9897
Chris Olave,Daniel Carlson,Juwan Johnson,Michael Penix Jr.,Olamide Zaccheaus,Tyler Shough,4,1,-8.6294,8.4574
Michael Penix Jr.,Bijan Robinson,Drake London,Falcons,Kendre Miller,Nick Folk,4,1,-10.8836,0.8876
Chris Olave,Daniel Carlson,Falcons,Kyle Pitts Sr.,Michael Penix Jr.,Tyler Shough,4,1,-9.0528,5.5381
Drake London,Bryce Lance,Chris Olave,Daniel Carlson,Juwan Johnson,Tyler Shough,4,1,-7.6545,22.4204
Michael Penix Jr.,Devaughn Vele,Drake London,Falcons,Nick Folk,Tyler Shough,4,1,-10.3541,1.5073
Chris Olave,Bryce Lance,Daniel Carlson,Drake London,Kyle Pitts Sr.,Tyler Shough,4,1,-8.3876,10.7704
Tyler Shough,Chris Olave,Daniel Carlson,Drake London,Michael Penix Jr.,Oscar Delp,4,1,-8.2342,12.5565
Juwan Johnson,Bryce Lance,Chris Olave,Michael Penix Jr.,Nick Folk,Tyler Shough,4,1,-8.2998,11.7589
Austin Hooper,Bijan Robinson,Drake London,Kendre Miller,Michael Penix Jr.,Tyler Shough,4,1,-10.9174,0.8581
Tyler Shough,Bryce Lance,Chris Olave,Drake London,Falcons,Michael Penix Jr.,4,1,-8.2426,12.4513
Saints,Bijan Robinson,Chris Blair,Chris Olave,Drake London,Tyler Shough,4,1,-11.4416,0.5081
Michael Penix Jr.,Austin Hooper,Chris Olave,Juwan Johnson,Kyle Pitts Sr.,Tyler Shough,4,1,-9.8182,2.5759
Drake London,Daniel Carlson,Devaughn Vele,Juwan Johnson,Michael Penix Jr.,Nick Folk,4,1,-9.4442,3.7443
Bijan Robinson,Falcons,Kendre Miller,Michael Penix Jr.,Saints,Tyler Shough,4,1,-9.5969,3.2142
Saints,Bijan Robinson,Chris Olave,Daniel Carlson,Kyle Pitts Sr.,Tyler Shough,4,1,-9.8061,2.6072
Drake London,Chris Olave,Daniel Carlson,Juwan Johnson,Olamide Zaccheaus,Tyler Shough,4,1,-8.5385,9.2621
Saints,Bijan Robinson,Daniel Carlson,Devaughn Vele,Michael Penix Jr.,Tyler Shough,4,1,-9.9674,2.219
Saints,Bijan Robinson,Devaughn Vele,Drake London,Falcons,Tyler Shough,4,1,-10.462,1.3532
Michael Penix Jr.,Bryce Lance,Chris Olave,Drake London,Falcons,Tyler Shough,4,1,-9.1686,4.9323
Drake London,Austin Hooper,Bijan Robinson,Kendre Miller,Kyle Pitts Sr.,Michael Penix Jr.,4,1,-10.1436,1.8606
Olamide Zaccheaus,Chris Olave,Drake London,Juwan Johnson,Michael Penix Jr.,Tyler Shough,4,1,-10.9454,0.8345
Saints,Bijan Robinson,Chris Olave,Michael Penix Jr.,Olamide Zaccheaus,Tyler Shough,4,1,-9.8892,2.3994
Daniel Carlson,Devaughn Vele,Drake London,Kyle Pitts Sr.,Michael Penix Jr.,Tyler Shough,4,1,-11.2011,0.6462
Chris Olave,Daniel Carlson,Drake London,Falcons,Kendre Miller,Tyler Shough,4,1,-9.1837,4.8585
Michael Penix Jr.,Daniel Carlson,Devaughn Vele,Drake London,Juwan Johnson,Kyle Pitts Sr.,4,1,-10.6026,1.1757
Drake London,Bryce Lance,Chris Olave,Devaughn Vele,Saints,Tyler Shough,4,1,-8.9868,5.916
Tyler Shough,Alvin Kamara,Daniel Carlson,Drake London,Juwan Johnson,Saints,4,1,-9.4338,3.7833
Drake London,Charlie Woerner,Chris Olave,Kendre Miller,Michael Penix Jr.,Tyler Shough,4,1,-10.6118,1.1649
Chris Olave,Drake London,Falcons,Kendre Miller,Kyle Pitts Sr.,Michael Penix Jr.,4,1,-10.1619,1.8268
Drake London,Devaughn Vele,Juwan Johnson,Kendre Miller,Michael Penix Jr.,Nick Folk,4,1,-9.9979,2.1522
Drake London,Alvin Kamara,Daniel Carlson,Juwan Johnson,Saints,Tyler Shough,4,1,-9.3521,4.1054
Devaughn Vele,Drake London,Michael Penix Jr.,Nick Folk,Saints,Tyler Shough,4,1,-10.377,1.4733
Saints,Chris Olave,Devaughn Vele,Drake London,Nick Folk,Tyler Shough,4,1,-10.2351,1.6978
Drake London,Chris Olave,Daniel Carlson,Falcons,Kyle Pitts Sr.,Michael Penix Jr.,4,1,-9.5662,3.3144
Chris Olave,Drake London,Falcons,Nick Folk,Saints,Tyler Shough,4,1,-9.7389,2.7887
Drake London,Bijan Robinson,Falcons,Kyle Pitts Sr.,Michael Penix Jr.,Saints,4,1,-10.3584,1.5008
Tyler Shough,Devaughn Vele,Drake London,Juwan Johnson,Nick Folk,Saints,4,1,-9.8073,2.6043
Michael Penix Jr.,Bijan Robinson,Drake London,Kendre Miller,Nick Folk,Saints,4,1,-11.2258,0.6304
Michael Penix Jr.,Drake London,Falcons,Juwan Johnson,Kyle Pitts Sr.,Tyler Shough,4,1,-10.058,2.0267
Tyler Shough,Chris Olave,Daniel Carlson,Drake London,Nick Folk,Saints,4,1,-9.2351,4.6152
Tyler Shough,Alvin Kamara,Drake London,Juwan Johnson,Kendre Miller,Saints,4,1,-9.9876,2.1746
Juwan Johnson,Drake London,Falcons,Kyle Pitts Sr.,Michael Penix Jr.,Tyler Shough,4,1,-9.4235,3.8225
Kendre Miller,Austin Hooper,Chris Olave,Drake London,Michael Penix Jr.,Tyler Shough,4,1,-10.393,1.4499
Tyler Shough,Daniel Carlson,Devaughn Vele,Drake London,Juwan Johnson,Saints,4,1,-9.584,3.2558
Saints,Bijan Robinson,Falcons,Juwan Johnson,Michael Penix Jr.,Tyler Shough,4,1,-10.0641,2.0143
Chris Olave,Kendre Miller,Kyle Pitts Sr.,Michael Penix Jr.,Saints,Tyler Shough,4,1,-9.9486,2.261
Saints,Chris Olave,Daniel Carlson,Drake London,Juwan Johnson,Tyler Shough,4,1,-9.5651,3.3179
Saints,Chris Olave,Daniel Carlson,Drake London,Falcons,Nick Folk,4,1,-11.6077,0.4303
Chris Olave,Alvin Kamara,Bijan Robinson,Brian Robinson Jr.,Jahan Dotson,Juwan Johnson,3,1,-8.6117,8.6081
Bijan Robinson,Alvin Kamara,Brian Robinson Jr.,Bryce Lance,Chris Olave,Devaughn Vele,3,1,-8.2334,12.5666
Brian Robinson Jr.,Alvin Kamara,Bijan Robinson,Chris Olave,Juwan Johnson,Kyle Pitts Sr.,3,1,-10.4101,1.4252
Brian Robinson Jr.,Alvin Kamara,Bijan Robinson,Chris Olave,Drake London,Falcons,3,1,-10.4938,1.3109
Brian Robinson Jr.,Bijan Robinson,Chris Olave,Drake London,Jahan Dotson,Juwan Johnson,3,1,-9.978,2.1956
Alvin Kamara,Bijan Robinson,Brian Robinson Jr.,Devaughn Vele,Drake London,Nick Folk,3,1,-9.9991,2.1497
Brian Robinson Jr.,Alvin Kamara,Chris Olave,Devaughn Vele,Michael Penix Jr.,Tyler Shough,3,1,-10.0233,2.0983
Bijan Robinson,Alvin Kamara,Austin Hooper,Brian Robinson Jr.,Devaughn Vele,Tyler Shough,3,1,-8.7681,7.3624
Chris Olave,Alvin Kamara,Bijan Robinson,Brian Robinson Jr.,Kevin Austin Jr.,Tyler Shough,3,1,-9.8654,2.4572
Chris Olave,Alvin Kamara,Bijan Robinson,Brian Robinson Jr.,Daniel Carlson,Nick Folk,3,1,-8.828,6.9341
Drake London,Alvin Kamara,Bijan Robinson,Brian Robinson Jr.,CJ Donaldson,Chris Olave,3,1,-9.6609,3.0149
Chris Olave,Alvin Kamara,Bijan Robinson,Brian Robinson Jr.,Drake London,Oscar Delp,3,1,-8.6638,8.1711
Bijan Robinson,Brian Robinson Jr.,Chris Olave,Jahan Dotson,Juwan Johnson,Kyle Pitts Sr.,3,1,-8.5783,8.9004
Bijan Robinson,Alvin Kamara,Chris Olave,Devaughn Vele,Falcons,Jahan Dotson,3,1,-9.1434,5.0581
Chris Olave,Alvin Kamara,Bijan Robinson,Brian Robinson Jr.,Michael Penix Jr.,Olamide Zaccheaus,3,1,-9.0617,5.489
Devaughn Vele,Bijan Robinson,Brian Robinson Jr.,Jahan Dotson,Michael Penix Jr.,Tyler Shough,3,1,-9.1727,4.9123
Brian Robinson Jr.,Bijan Robinson,Chris Olave,Falcons,Juwan Johnson,Tyler Shough,3,1,-9.6418,3.0729
Bijan Robinson,Brian Robinson Jr.,Chris Olave,Devaughn Vele,Juwan Johnson,Olamide Zaccheaus,3,1,-8.8209,6.9835
Chris Olave,Bijan Robinson,Brian Robinson Jr.,Charlie Woerner,Devaughn Vele,Tyler Shough,3,1,-10.1642,1.8226
Bijan Robinson,Brian Robinson Jr.,CJ Donaldson,Chris Olave,Nick Folk,Tyler Shough,3,1,-8.9634,6.0556
Alvin Kamara,Austin Hooper,Bijan Robinson,Brian Robinson Jr.,Drake London,Tyler Shough,3,1,-9.3483,4.1211
Bijan Robinson,Alvin Kamara,Austin Hooper,Brian Robinson Jr.,Drake London,Juwan Johnson,3,1,-8.8767,6.6041
Bijan Robinson,Brian Robinson Jr.,Jahan Dotson,Michael Penix Jr.,Nick Folk,Tyler Shough,3,1,-8.192,13.0972
Bijan Robinson,Brian Robinson Jr.,Chris Olave,Drake London,Jahan Dotson,Noah Fant,3,1,-11.6096,0.4295
Tyler Shough,Bijan Robinson,Brian Robinson Jr.,Chris Olave,Daniel Carlson,Jahan Dotson,3,1,-8.0308,15.3885
Bijan Robinson,Brian Robinson Jr.,Chris Olave,Juwan Johnson,Nick Muse,Tyler Shough,3,1,-11.1834,0.6578
Devaughn Vele,Bijan Robinson,Brian Robinson Jr.,Chris Olave,Kyle Pitts Sr.,Nick Folk,3,1,-9.9985,2.151
Alvin Kamara,Bijan Robinson,Brian Robinson Jr.,Juwan Johnson,Kendre Miller,Tyler Shough,3,1,-9.3275,4.2078
Jahan Dotson,Alvin Kamara,Bijan Robinson,Chris Olave,Nick Folk,Tyler Shough,3,1,-10.3196,1.5603
Devaughn Vele,Bijan Robinson,Brian Robinson Jr.,Chris Olave,Falcons,Juwan Johnson,3,1,-9.6276,3.117
Bijan Robinson,Alvin Kamara,Chris Olave,Falcons,Jahan Dotson,Juwan Johnson,3,1,-8.6967,7.9065
Bijan Robinson,Alvin Kamara,Brian Robinson Jr.,Falcons,Michael Penix Jr.,Nick Folk,3,1,-9.3491,4.1177
Bijan Robinson,Alvin Kamara,Chris Olave,Daniel Carlson,Jahan Dotson,Nick Folk,3,1,-8.6938,7.9301
Jahan Dotson,Alvin Kamara,Bijan Robinson,Chris Olave,Kyle Pitts Sr.,Tyler Shough,3,1,-10.4702,1.3421
Bijan Robinson,Alvin Kamara,Brian Robinson Jr.,Drake London,Kendre Miller,Kyle Pitts Sr.,3,1,-9.4611,3.6814
Devaughn Vele,Austin Hooper,Bijan Robinson,Brian Robinson Jr.,Chris Olave,Michael Penix Jr.,3,1,-9.7075,2.8775
Bijan Robinson,Brian Robinson Jr.,Daniel Carlson,Devaughn Vele,Drake London,Nick Folk,3,1,-8.9069,6.4078
Alvin Kamara,Austin Hooper,Bijan Robinson,Chris Olave,Jahan Dotson,Tyler Shough,3,1,-9.2853,4.389
Drake London,Alvin Kamara,Bijan Robinson,Brian Robinson Jr.,Bryce Lance,Tyler Shough,3,1,-7.8882,17.7482
Bijan Robinson,Alvin Kamara,Daniel Carlson,Devaughn Vele,Jahan Dotson,Michael Penix Jr.,3,1,-9.0056,5.8054
Drake London,Bijan Robinson,Brian Robinson Jr.,Chris Olave,Devaughn Vele,Oscar Delp,3,1,-8.772,7.3335
Bijan Robinson,Brian Robinson Jr.,Chris Olave,Daniel Carlson,Drake London,Zachariah Branch,3,1,-9.4911,3.5729
Michael Penix Jr.,Alvin Kamara,Bijan Robinson,Brian Robinson Jr.,Juwan Johnson,Kyle Pitts Sr.,3,1,-10.0328,2.0785
Chris Olave,Alvin Kamara,Bijan Robinson,Jahan Dotson,Kyle Pitts Sr.,Nick Folk,3,1,-9.4957,3.5564
Bijan Robinson,Barion Brown,Brian Robinson Jr.,Chris Olave,Kyle Pitts Sr.,Tyler Shough,3,1,-10.4722,1.3394
Bijan Robinson,Brian Robinson Jr.,Bryce Lance,Devaughn Vele,Drake London,Juwan Johnson,3,1,-8.2936,11.8319
Chris Olave,Alvin Kamara,Brian Robinson Jr.,CJ Donaldson,Drake London,Tyler Shough,3,1,-9.5976,3.2117
Tyler Shough,Alvin Kamara,Bijan Robinson,Devaughn Vele,Jahan Dotson,Nick Folk,3,1,-9.0923,5.3234
Bijan Robinson,Brian Robinson Jr.,Chris Olave,Daniel Carlson,Kyle Pitts Sr.,Nick Folk,3,1,-8.7946,7.1696
Chris Olave,Bijan Robinson,Brian Robinson Jr.,Drake London,Juwan Johnson,Kevin Austin Jr.,3,1,-10.1243,1.8968
Brian Robinson Jr.,Chris Olave,Devaughn Vele,Drake London,Kyle Pitts Sr.,Tyler Shough,3,1,-10.3691,1.4849
Alvin Kamara,Bijan Robinson,CJ Donaldson,Chris Olave,Nick Folk,Tyler Shough,3,1,-10.0252,2.0944
Michael Penix Jr.,Bijan Robinson,Brian Robinson Jr.,Jahan Dotson,Juwan Johnson,Tyler Shough,3,1,-9.0453,5.58
Bijan Robinson,Alvin Kamara,CJ Donaldson,Chris Olave,Juwan Johnson,Nick Folk,3,1,-9.5536,3.3563
Jahan Dotson,Alvin Kamara,Bijan Robinson,Chris Olave,Kyle Pitts Sr.,Michael Penix Jr.,3,1,-11.0745,0.7334
Bijan Robinson,Brian Robinson Jr.,Chris Olave,Daniel Carlson,Olamide Zaccheaus,Tyler Shough,3,1,-8.0501,15.0945
Michael Penix Jr.,Alvin Kamara,Austin Hooper,Bijan Robinson,Brian Robinson Jr.,Tyler Shough,3,1,-9.678,2.9636
Devaughn Vele,Bijan Robinson,Brian Robinson Jr.,Drake London,Tyler Shough,Zachariah Branch,3,1,-10.4964,1.3074
Alvin Kamara,Bijan Robinson,Jahan Dotson,Michael Penix Jr.,Nick Folk,Tyler Shough,3,1,-9.2538,4.5298
Alvin Kamara,Brian Robinson Jr.,Chris Olave,Drake London,Kendre Miller,Tyler Shough,3,1,-9.3349,4.1768
Drake London,Alvin Kamara,Bijan Robinson,Brian Robinson Jr.,Bryce Lance,Michael Penix Jr.,3,1,-8.4924,9.6988
Chris Olave,Alvin Kamara,Austin Hooper,Bijan Robinson,Jahan Dotson,Michael Penix Jr.,3,1,-9.2047,4.7576
Brian Robinson Jr.,Bijan Robinson,Chris Olave,Drake London,Juwan Johnson,Saints,3,1,-10.5393,1.2525
Chris Olave,Bijan Robinson,Brian Robinson Jr.,Nick Folk,Olamide Zaccheaus,Tyler Shough,3,1,-8.7014,7.8701
Chris Olave,Alvin Kamara,Brian Robinson Jr.,Kyle Pitts Sr.,Nick Folk,Tyler Shough,3,1,-9.0966,5.3006
Bijan Robinson,Brian Robinson Jr.,Chris Olave,Daniel Carlson,Drake London,Olamide Zaccheaus,3,1,-8.6055,8.6619
Bijan Robinson,Brian Robinson Jr.,Devaughn Vele,Falcons,Michael Penix Jr.,Nick Folk,3,1,-9.4993,3.5436
Tyler Shough,Bijan Robinson,Brian Robinson Jr.,Chris Olave,Juwan Johnson,Kevin Austin Jr.,3,1,-9.6086,3.1767
Chris Olave,Alvin Kamara,Brian Robinson Jr.,Bryce Lance,Drake London,Tyler Shough,3,1,-8.0235,15.5016
Alvin Kamara,Austin Hooper,Bijan Robinson,Chris Olave,Devaughn Vele,Kyle Pitts Sr.,3,1,-10.423,1.407
Bijan Robinson,Brian Robinson Jr.,Chris Olave,Falcons,Noah Fant,Tyler Shough,3,1,-11.2734,0.6011
Bijan Robinson,Brian Robinson Jr.,Charlie Woerner,Drake London,Juwan Johnson,Tyler Shough,3,1,-9.6463,3.0593
Alvin Kamara,Chris Olave,Devaughn Vele,Drake London,Jahan Dotson,Juwan Johnson,3,1,-9.8457,2.506
Kendre Miller,Alvin Kamara,Bijan Robinson,Brian Robinson Jr.,Drake London,Tyler Shough,3,1,-10.0032,2.1409
Chris Olave,Bijan Robinson,Brian Robinson Jr.,Kyle Pitts Sr.,Olamide Zaccheaus,Tyler Shough,3,1,-8.852,6.7694
Drake London,Brian Robinson Jr.,Chris Olave,Devaughn Vele,Jahan Dotson,Michael Penix Jr.,3,1,-9.133,5.1114
Tyler Shough,Alvin Kamara,Brian Robinson Jr.,Chris Olave,Drake London,Falcons,3,1,-8.6795,8.0444
Tyler Shough,Alvin Kamara,Bijan Robinson,Chris Olave,Jahan Dotson,Olamide Zaccheaus,3,1,-8.7909,7.196
Chris Olave,Alvin Kamara,Brian Robinson Jr.,Juwan Johnson,Kendre Miller,Tyler Shough,3,1,-8.7359,7.6028
Alvin Kamara,Bijan Robinson,Daniel Carlson,Jahan Dotson,Michael Penix Jr.,Tyler Shough,3,1,-9.0305,5.6628
Bijan Robinson,Alvin Kamara,Austin Hooper,Jahan Dotson,Michael Penix Jr.,Tyler Shough,3,1,-8.5781,8.9026
Chris Olave,Austin Hooper,Bijan Robinson,Brian Robinson Jr.,Daniel Carlson,Drake London,3,1,-8.8827,6.5647
Bijan Robinson,Alvin Kamara,Drake London,Jahan Dotson,Olamide Zaccheaus,Tyler Shough,3,1,-8.68,8.0401
Kendre Miller,Bijan Robinson,Brian Robinson Jr.,Chris Olave,Devaughn Vele,Juwan Johnson,3,1,-10.4379,1.3862
Chris Olave,Alvin Kamara,Devaughn Vele,Jahan Dotson,Nick Folk,Tyler Shough,3,1,-9.146,5.0454
Juwan Johnson,Bijan Robinson,Brian Robinson Jr.,Daniel Carlson,Devaughn Vele,Drake London,3,1,-9.1256,5.149
Bijan Robinson,Alvin Kamara,Bryce Lance,Chris Olave,Tyler Shough,Zachariah Branch,3,1,-8.8117,7.0479
Devaughn Vele,Bijan Robinson,Brian Robinson Jr.,Drake London,Juwan Johnson,Kendre Miller,3,1,-9.9946,2.1594
Saints,Alvin Kamara,Bijan Robinson,Brian Robinson Jr.,Chris Olave,Drake London,3,1,-9.9974,2.1534
Bijan Robinson,Austin Hooper,Brian Robinson Jr.,Chris Olave,Kendre Miller,Michael Penix Jr.,3,1,-9.0573,5.513
Devaughn Vele,Alvin Kamara,Austin Hooper,Bijan Robinson,Chris Olave,Kyle Pitts Sr.,3,1,-10.3845,1.4621
Drake London,Austin Hooper,Bijan Robinson,Brian Robinson Jr.,Chris Olave,Nick Folk,3,1,-9.064,5.4765
Tyler Shough,Alvin Kamara,Bijan Robinson,Jahan Dotson,Juwan Johnson,Nick Folk,3,1,-8.6456,8.3212
Daniel Carlson,Bijan Robinson,Brian Robinson Jr.,Chris Olave,Kyle Pitts Sr.,Tyler Shough,3,1,-10.2463,1.6789
Bijan Robinson,Alvin Kamara,Devaughn Vele,Falcons,Juwan Johnson,Nick Folk,3,1,-9.4852,3.594
Alvin Kamara,Bijan Robinson,Chris Olave,Kevin Austin Jr.,Kyle Pitts Sr.,Tyler Shough,3,1,-10.8938,0.8787
Alvin Kamara,Bijan Robinson,Chris Olave,Falcons,Juwan Johnson,Kyle Pitts Sr.,3,1,-9.8593,2.4723
Alvin Kamara,Bijan Robinson,Chris Blair,Devaughn Vele,Michael Penix Jr.,Tyler Shough,3,1,-11.2482,0.6164
Bijan Robinson,Brian Robinson Jr.,Devaughn Vele,Juwan Johnson,Michael Penix Jr.,Saints,3,1,-9.3009,4.3212
Bijan Robinson,Brian Robinson Jr.,Daniel Carlson,Falcons,Michael Penix Jr.,Tyler Shough,3,1,-8.188,13.1501
Drake London,Bijan Robinson,CJ Donaldson,Chris Olave,Devaughn Vele,Jahan Dotson,3,1,-10.1048,1.934
Juwan Johnson,Brian Robinson Jr.,Chris Olave,Drake London,Jahan Dotson,Tyler Shough,3,1,-8.4552,10.0667
Bijan Robinson,Alvin Kamara,Chris Olave,Drake London,Falcons,Kevin Austin Jr.,3,1,-10.5058,1.2951
Bijan Robinson,Brian Robinson Jr.,Bryce Lance,Daniel Carlson,Drake London,Tyler Shough,3,1,-7.5229,25.574
Bijan Robinson,Alvin Kamara,Devaughn Vele,Falcons,Juwan Johnson,Kyle Pitts Sr.,3,1,-9.6358,3.0914
Tyler Shough,Alvin Kamara,Brian Robinson Jr.,Chris Olave,Juwan Johnson,Kendre Miller,3,1,-8.7756,7.3068
Drake London,Alvin Kamara,Bijan Robinson,Jahan Dotson,Juwan Johnson,Nick Folk,3,1,-9.1193,5.1817
Austin Hooper,Bijan Robinson,Brian Robinson Jr.,Chris Olave,Juwan Johnson,Tyler Shough,3,1,-10.0744,1.9937
Tyler Shough,Bijan Robinson,Brian Robinson Jr.,Devaughn Vele,Kendre Miller,Nick Folk,3,1,-9.373,4.0208
Bijan Robinson,Barion Brown,Chris Olave,Jahan Dotson,Juwan Johnson,Tyler Shough,3,1,-10.0749,1.9929
Bijan Robinson,Alvin Kamara,Chris Olave,Daniel Carlson,Juwan Johnson,Olamide Zaccheaus,3,1,-8.6403,8.366
Bijan Robinson,CJ Donaldson,Chris Olave,Devaughn Vele,Tyler Shough,Zachariah Branch,3,1,-10.536,1.2567
Chris Olave,Bijan Robinson,Brian Robinson Jr.,Kendre Miller,Olamide Zaccheaus,Tyler Shough,3,1,-9.0318,5.6554
Drake London,Bijan Robinson,Brian Robinson Jr.,Juwan Johnson,Tyler Shough,Zachariah Branch,3,1,-9.3612,4.0684
Devaughn Vele,Brian Robinson Jr.,Chris Olave,Daniel Carlson,Michael Penix Jr.,Tyler Shough,3,1,-8.9418,6.1884
Jahan Dotson,Bijan Robinson,Chris Olave,Drake London,Juwan Johnson,Nick Folk,3,1,-10.5784,1.2044
Drake London,Austin Hooper,Bijan Robinson,Brian Robinson Jr.,Chris Olave,Daniel Carlson,3,1,-8.8407,6.8464
Alvin Kamara,Bijan Robinson,Daniel Carlson,Devaughn Vele,Kyle Pitts Sr.,Michael Penix Jr.,3,1,-10.1682,1.8153
Bijan Robinson,Alvin Kamara,CJ Donaldson,Juwan Johnson,Kyle Pitts Sr.,Tyler Shough,3,1,-9.5057,3.5211
Bijan Robinson,Devaughn Vele,Falcons,Jahan Dotson,Juwan Johnson,Tyler Shough,3,1,-8.6483,8.299
Alvin Kamara,Bijan Robinson,Drake London,Jahan Dotson,Kendre Miller,Michael Penix Jr.,3,1,-10.1396,1.8679
Bijan Robinson,Brian Robinson Jr.,Bryce Lance,Drake London,Kyle Pitts Sr.,Michael Penix Jr.,3,1,-8.501,9.6156
Bijan Robinson,Alvin Kamara,Drake London,Khalil Herbert,Nick Folk,Tyler Shough,3,1,-12.4677,0.1821
Devaughn Vele,Alvin Kamara,Bijan Robinson,Kevin Austin Jr.,Michael Penix Jr.,Tyler Shough,3,1,-11.0165,0.7772
Drake London,Brian Robinson Jr.,Chris Olave,Jahan Dotson,Juwan Johnson,Michael Penix Jr.,3,1,-8.6863,7.9899
Bijan Robinson,Alvin Kamara,Daniel Carlson,Devaughn Vele,Olamide Zaccheaus,Tyler Shough,3,1,-8.8884,6.5278
Chris Olave,Alvin Kamara,Bijan Robinson,Falcons,Kyle Pitts Sr.,Nick Folk,3,1,-9.7149,2.8563
Tyler Shough,Bijan Robinson,Chris Olave,Devaughn Vele,Jahan Dotson,Oscar Delp,3,1,-8.5921,8.7788
Alvin Kamara,Bijan Robinson,Bryce Lance,Chris Olave,Daniel Carlson,Michael Penix Jr.,3,1,-8.8321,6.9058
Bijan Robinson,Austin Hooper,Brian Robinson Jr.,Chris Olave,Drake London,Saints,3,1,-9.3403,4.1541
Bijan Robinson,Daniel Carlson,Devaughn Vele,Jahan Dotson,Nick Folk,Tyler Shough,3,1,-8.6453,8.3238
Bijan Robinson,Chris Olave,Daniel Carlson,Jahan Dotson,Juwan Johnson,Kyle Pitts Sr.,3,1,-8.5479,9.1758
Tyler Shough,Alvin Kamara,Brian Robinson Jr.,Drake London,Kyle Pitts Sr.,Michael Penix Jr.,3,1,-8.9156,6.3527
Bijan Robinson,Chris Olave,Drake London,Jahan Dotson,Kyle Pitts Sr.,Zachariah Branch,3,1,-10.1588,1.8325
Alvin Kamara,Bijan Robinson,Charlie Woerner,Drake London,Juwan Johnson,Tyler Shough,3,1,-10.708,1.0581
Nick Folk,Alvin Kamara,Bijan Robinson,Bryce Lance,Chris Olave,Tyler Shough,3,1,-9.8274,2.5523
Tyler Shough,Alvin Kamara,Bijan Robinson,Bryce Lance,Drake London,Jahan Dotson,3,1,-8.2637,12.1919
Drake London,Brian Robinson Jr.,Devaughn Vele,Jahan Dotson,Michael Penix Jr.,Tyler Shough,3,1,-8.9344,6.2344
Bijan Robinson,Alvin Kamara,Austin Hooper,Chris Olave,Daniel Carlson,Kyle Pitts Sr.,3,1,-9.1806,4.8734
Drake London,Bijan Robinson,Brian Robinson Jr.,Michael Penix Jr.,Treyton Welch,Tyler Shough,3,1,-10.3395,1.5295
Bijan Robinson,Brian Robinson Jr.,Bryce Lance,Drake London,Kendre Miller,Tyler Shough,3,1,-8.0766,14.7001
Tyler Shough,Bijan Robinson,Brian Robinson Jr.,Drake London,Juwan Johnson,Olamide Zaccheaus,3,1,-8.5574,9.0891
Kendre Miller,Bijan Robinson,Brian Robinson Jr.,Devaughn Vele,Michael Penix Jr.,Tyler Shough,3,1,-10.2022,1.7545
Tyler Shough,Alvin Kamara,Bijan Robinson,Chris Blair,Devaughn Vele,Juwan Johnson,3,1,-10.6401,1.1324
Bijan Robinson,Alvin Kamara,Devaughn Vele,Kyle Pitts Sr.,Michael Penix Jr.,Olamide Zaccheaus,3,1,-9.8665,2.4544
Bijan Robinson,Bryce Lance,CJ Donaldson,Chris Olave,Devaughn Vele,Drake London,3,1,-9.3218,4.2319
Chris Olave,Brian Robinson Jr.,Daniel Carlson,Devaughn Vele,Kyle Pitts Sr.,Tyler Shough,3,1,-9.0235,5.7026
Treyton Welch,Alvin Kamara,Bijan Robinson,Chris Olave,Drake London,Tyler Shough,3,1,-12.4012,0.1946
Kyle Pitts Sr.,Bijan Robinson,Brian Robinson Jr.,Chris Olave,Noah Fant,Tyler Shough,3,1,-12.1838,0.2419
Jahan Dotson,Bijan Robinson,Chris Olave,Devaughn Vele,Kendre Miller,Michael Penix Jr.,3,1,-11.4045,0.5273
Chris Olave,Alvin Kamara,Bijan Robinson,Olamide Zaccheaus,Tyler Shough,Zachariah Branch,3,1,-10.1238,1.8978
Bijan Robinson,CJ Donaldson,Chris Olave,Devaughn Vele,Olamide Zaccheaus,Tyler Shough,3,1,-9.6504,3.0465
Bijan Robinson,Devaughn Vele,Jahan Dotson,Kyle Pitts Sr.,Michael Penix Jr.,Nick Folk,3,1,-9.6235,3.1297
Chris Olave,Alvin Kamara,Bijan Robinson,Kendre Miller,Treyton Welch,Tyler Shough,3,1,-10.8815,0.8895
Tyler Shough,Alvin Kamara,Barion Brown,Bijan Robinson,Devaughn Vele,Juwan Johnson,3,1,-11.087,0.7243
Tyler Shough,Alvin Kamara,Bijan Robinson,Chris Olave,Daniel Carlson,Treyton Welch,3,1,-10.3675,1.4872
Tyler Shough,Alvin Kamara,Bijan Robinson,Charlie Woerner,Chris Olave,Daniel Carlson,3,1,-10.0233,2.0984
Tyler Shough,Brian Robinson Jr.,Bryce Lance,Chris Olave,Devaughn Vele,Drake London,3,1,-8.2133,12.821
Bijan Robinson,Austin Hooper,Chris Olave,Daniel Carlson,Jahan Dotson,Tyler Shough,3,1,-8.1931,13.083
Alvin Kamara,Bijan Robinson,Daniel Carlson,Devaughn Vele,Drake London,Kendre Miller,3,1,-10.2991,1.5925
Bijan Robinson,Alvin Kamara,Daniel Carlson,Juwan Johnson,Tyler Shough,Zachariah Branch,3,1,-9.3272,4.209
Chris Olave,Alvin Kamara,Austin Hooper,Bijan Robinson,Bryce Lance,Drake London,3,1,-8.7588,7.431
Devaughn Vele,Alvin Kamara,Bijan Robinson,Daniel Carlson,Falcons,Tyler Shough,3,1,-9.695,2.9136
Alvin Kamara,Bijan Robinson,Juwan Johnson,Michael Penix Jr.,Oscar Delp,Tyler Shough,3,1,-8.8513,6.7744
Bijan Robinson,Alvin Kamara,Charlie Woerner,Daniel Carlson,Drake London,Tyler Shough,3,1,-9.9123,2.3446
Devaughn Vele,Alvin Kamara,Bijan Robinson,Daniel Carlson,Juwan Johnson,Kyle Pitts Sr.,3,1,-10.1668,1.8178
Bijan Robinson,Alvin Kamara,Charlie Woerner,Drake London,Michael Penix Jr.,Nick Folk,3,1,-10.7399,1.0249
Juwan Johnson,Austin Hooper,Bijan Robinson,Brian Robinson Jr.,Michael Penix Jr.,Tyler Shough,3,1,-8.747,7.5192
Alvin Kamara,Bijan Robinson,Devaughn Vele,Juwan Johnson,Kendre Miller,Kyle Pitts Sr.,3,1,-10.759,1.0055
Tyler Shough,Alvin Kamara,Brian Robinson Jr.,Chris Olave,Michael Penix Jr.,Saints,3,1,-9.0705,5.441
Bijan Robinson,Alvin Kamara,CJ Donaldson,Kendre Miller,Michael Penix Jr.,Tyler Shough,3,1,-9.6484,3.0527
Drake London,Alvin Kamara,Bijan Robinson,Devaughn Vele,Juwan Johnson,Oscar Delp,3,1,-9.1635,4.9575
Bijan Robinson,Devaughn Vele,Jahan Dotson,Juwan Johnson,Noah Fant,Tyler Shough,3,1,-11.5959,0.4354
Jahan Dotson,Bijan Robinson,Devaughn Vele,Kyle Pitts Sr.,Michael Penix Jr.,Tyler Shough,3,1,-11.026,0.7698
Bijan Robinson,Alvin Kamara,Falcons,Michael Penix Jr.,Tyler Shough,Zachariah Branch,3,1,-9.8336,2.5365
Bijan Robinson,Bryce Lance,Chris Olave,Devaughn Vele,Kyle Pitts Sr.,Nick Folk,3,1,-8.8208,6.9842
Bijan Robinson,Alvin Kamara,Chris Olave,Saints,Treyton Welch,Tyler Shough,3,1,-10.7854,0.9792
Michael Penix Jr.,Brian Robinson Jr.,Chris Olave,Devaughn Vele,Juwan Johnson,Kyle Pitts Sr.,3,1,-10.2763,1.6293
Devaughn Vele,Bijan Robinson,Chris Olave,Nick Folk,Treyton Welch,Tyler Shough,3,1,-11.3477,0.5581
Chris Olave,Bijan Robinson,Bryce Lance,Jahan Dotson,Juwan Johnson,Michael Penix Jr.,3,1,-8.1749,13.3238
Alvin Kamara,Bijan Robinson,Devaughn Vele,Nick Folk,Saints,Tyler Shough,3,1,-10.2989,1.5929
Nick Folk,Alvin Kamara,Bijan Robinson,Chris Olave,Drake London,Olamide Zaccheaus,3,1,-11.2669,0.6051
Bijan Robinson,Alvin Kamara,Juwan Johnson,Kyle Pitts Sr.,Michael Penix Jr.,Zachariah Branch,3,1,-10.3054,1.5825
Bijan Robinson,Alvin Kamara,Devaughn Vele,Juwan Johnson,Nick Folk,Saints,3,1,-9.8273,2.5527
Alvin Kamara,Bijan Robinson,Charlie Woerner,Drake London,Juwan Johnson,Michael Penix Jr.,3,1,-11.3123,0.5782
Bryce Lance,Alvin Kamara,Bijan Robinson,Devaughn Vele,Drake London,Tyler Shough,3,1,-10.4284,1.3994
Kevin Austin Jr.,Alvin Kamara,Bijan Robinson,Chris Olave,Juwan Johnson,Tyler Shough,3,1,-12.4871,0.1786
Chris Olave,Alvin Kamara,Daniel Carlson,Jahan Dotson,Juwan Johnson,Tyler Shough,3,1,-8.476,9.8595
Tyler Shough,Bijan Robinson,Brian Robinson Jr.,Chris Olave,Falcons,Saints,3,1,-9.1356,5.0977
Chris Olave,Alvin Kamara,Austin Hooper,Bijan Robinson,Drake London,Olamide Zaccheaus,3,1,-9.6428,3.0698
Bijan Robinson,Austin Hooper,Chris Olave,Devaughn Vele,Kevin Austin Jr.,Tyler Shough,3,1,-10.2176,1.7278
Bijan Robinson,Austin Hooper,Brian Robinson Jr.,Drake London,Kendre Miller,Michael Penix Jr.,3,1,-9.4141,3.8586
Bijan Robinson,Alvin Kamara,Austin Hooper,Devaughn Vele,Kendre Miller,Michael Penix Jr.,3,1,-9.8956,2.3842
Chris Olave,Bijan Robinson,Falcons,Jahan Dotson,Michael Penix Jr.,Nick Folk,3,1,-9.3317,4.1903
Michael Penix Jr.,Alvin Kamara,Bijan Robinson,Bryce Lance,Devaughn Vele,Juwan Johnson,3,1,-9.6851,2.9428
Chris Olave,Austin Hooper,Bijan Robinson,Jahan Dotson,Kyle Pitts Sr.,Tyler Shough,3,1,-8.995,5.8674
Bijan Robinson,Alvin Kamara,Daniel Carlson,Kevin Austin Jr.,Michael Penix Jr.,Tyler Shough,3,1,-9.8126,2.5904
Alvin Kamara,Bijan Robinson,Chris Olave,Saints,Tyler Shough,Zachariah Branch,3,1,-10.883,0.8882
Juwan Johnson,Alvin Kamara,Austin Hooper,Bijan Robinson,Devaughn Vele,Michael Penix Jr.,3,1,-9.7838,2.6661
Jahan Dotson,Bijan Robinson,Devaughn Vele,Drake London,Kyle Pitts Sr.,Michael Penix Jr.,3,1,-11.5814,0.4418
Chris Olave,Brian Robinson Jr.,Drake London,Falcons,Nick Folk,Tyler Shough,3,1,-8.8837,6.5582
Alvin Kamara,Austin Hooper,Bijan Robinson,Drake London,Michael Penix Jr.,Nick Folk,3,1,-10.1454,1.8572
Michael Penix Jr.,Bijan Robinson,Brian Robinson Jr.,Falcons,Kyle Pitts Sr.,Tyler Shough,3,1,-9.9556,2.2452
Michael Penix Jr.,Bijan Robinson,Brian Robinson Jr.,Chris Olave,Kyle Pitts Sr.,Saints,3,1,-10.4964,1.3074
Alvin Kamara,Austin Hooper,Chris Olave,Devaughn Vele,Drake London,Juwan Johnson,3,1,-10.182,1.7905
Bijan Robinson,Bryce Lance,Chris Olave,Jahan Dotson,Kendre Miller,Tyler Shough,3,1,-8.0136,15.6561
Falcons,Alvin Kamara,Bijan Robinson,Chris Olave,Kyle Pitts Sr.,Michael Penix Jr.,3,1,-10.6045,1.1734
Bijan Robinson,CJ Donaldson,Chris Olave,Drake London,Juwan Johnson,Zachariah Branch,3,1,-10.6447,1.1272
Devaughn Vele,Alvin Kamara,Chris Olave,Daniel Carlson,Nick Folk,Tyler Shough,3,1,-9.4681,3.6557
Devaughn Vele,Austin Hooper,Bijan Robinson,Chris Olave,Juwan Johnson,Nick Folk,3,1,-9.9373,2.2867
Bijan Robinson,Alvin Kamara,Daniel Carlson,Drake London,Michael Penix Jr.,Treyton Welch,3,1,-10.8609,0.9081
Kyle Pitts Sr.,Alvin Kamara,Bijan Robinson,Bryce Lance,Chris Olave,Michael Penix Jr.,3,1,-9.1731,4.9104
Bijan Robinson,Devaughn Vele,Drake London,Jahan Dotson,Kendre Miller,Kyle Pitts Sr.,3,1,-9.9051,2.3616
Michael Penix Jr.,Bijan Robinson,Brian Robinson Jr.,Kendre Miller,Kyle Pitts Sr.,Tyler Shough,3,1,-9.9659,2.2224
Devaughn Vele,Bijan Robinson,Chris Olave,Juwan Johnson,Kyle Pitts Sr.,Zachariah Branch,3,1,-11.1243,0.6978
Chris Olave,Bijan Robinson,Chris Blair,Devaughn Vele,Falcons,Tyler Shough,3,1,-10.7219,1.0435
Tyler Shough,Bijan Robinson,Brian Robinson Jr.,Daniel Carlson,Kendre Miller,Michael Penix Jr.,3,1,-8.6659,8.1539
Michael Penix Jr.,Alvin Kamara,Bijan Robinson,Devaughn Vele,Juwan Johnson,Olamide Zaccheaus,3,1,-10.5691,1.2157
Chris Olave,Alvin Kamara,Devaughn Vele,Falcons,Kyle Pitts Sr.,Tyler Shough,3,1,-9.5158,3.4855
Tyler Shough,Bijan Robinson,Bryce Lance,Devaughn Vele,Drake London,Jahan Dotson,3,1,-8.4138,10.4921
Chris Olave,Bijan Robinson,Bryce Lance,Daniel Carlson,Jahan Dotson,Tyler Shough,3,1,-7.8879,17.7534
Alvin Kamara,Bijan Robinson,Daniel Carlson,Juwan Johnson,Kendre Miller,Tyler Shough,3,1,-9.297,4.338
Drake London,Bijan Robinson,Chris Olave,Falcons,Jahan Dotson,Nick Folk,3,1,-9.2408,4.589
Bijan Robinson,CJ Donaldson,Daniel Carlson,Devaughn Vele,Juwan Johnson,Tyler Shough,3,1,-9.2819,4.4041
Michael Penix Jr.,Alvin Kamara,Chris Olave,Drake London,Jahan Dotson,Nick Folk,3,1,-10.1833,1.788
Bijan Robinson,Austin Hooper,Chris Olave,Drake London,Jahan Dotson,Kendre Miller,3,1,-9.3022,4.3154
Devaughn Vele,Bijan Robinson,Charlie Woerner,Chris Olave,Daniel Carlson,Tyler Shough,3,1,-10.7801,0.9844
Tyler Shough,Alvin Kamara,Bijan Robinson,CJ Donaldson,Chris Olave,Saints,3,1,-10.0423,2.0587
Kyle Pitts Sr.,Alvin Kamara,Bijan Robinson,Devaughn Vele,Kendre Miller,Tyler Shough,3,1,-10.0847,1.9733
Michael Penix Jr.,Alvin Kamara,Bijan Robinson,Chris Olave,Daniel Carlson,Olamide Zaccheaus,3,1,-9.9969,2.1544
Bijan Robinson,Alvin Kamara,Daniel Carlson,Devaughn Vele,Juwan Johnson,Saints,3,1,-9.604,3.1912
Michael Penix Jr.,Alvin Kamara,Austin Hooper,Bijan Robinson,Chris Olave,Falcons,3,1,-10.3896,1.4547
Tyler Shough,Alvin Kamara,Bijan Robinson,Drake London,Nick Folk,Oscar Delp,3,1,-8.6977,7.8988
Chris Olave,Alvin Kamara,Daniel Carlson,Devaughn Vele,Juwan Johnson,Nick Folk,3,1,-9.463,3.6745
Juwan Johnson,Brian Robinson Jr.,Chris Olave,Daniel Carlson,Michael Penix Jr.,Tyler Shough,3,1,-8.1798,13.2582
Bijan Robinson,Alvin Kamara,CJ Donaldson,Drake London,Saints,Tyler Shough,3,1,-9.9314,2.3002
Juwan Johnson,Brian Robinson Jr.,Chris Olave,Drake London,Falcons,Tyler Shough,3,1,-8.6744,8.085
Jahan Dotson,Chris Olave,Devaughn Vele,Juwan Johnson,Michael Penix Jr.,Tyler Shough,3,1,-10.4282,1.3996
Chris Olave,Bijan Robinson,Charlie Woerner,Devaughn Vele,Drake London,Falcons,3,1,-11.2326,0.6262
Tyler Shough,Brian Robinson Jr.,Chris Olave,Daniel Carlson,Drake London,Kyle Pitts Sr.,3,1,-8.5306,9.3357
Bijan Robinson,Alvin Kamara,Juwan Johnson,Kendre Miller,Kyle Pitts Sr.,Nick Folk,3,1,-9.7399,2.7859
Alvin Kamara,Chris Olave,Drake London,Falcons,Nick Folk,Tyler Shough,3,1,-9.5174,3.4799
Bijan Robinson,CJ Donaldson,Chris Olave,Drake London,Michael Penix Jr.,Treyton Welch,3,1,-11.623,0.4238
Bijan Robinson,CJ Donaldson,Chris Olave,Drake London,Kevin Austin Jr.,Michael Penix Jr.,3,1,-11.1301,0.6937
Kendre Miller,Alvin Kamara,Bijan Robinson,Devaughn Vele,Nick Folk,Tyler Shough,3,1,-10.7286,1.0364
Bijan Robinson,Alvin Kamara,Drake London,Falcons,Michael Penix Jr.,Oscar Delp,3,1,-9.1545,5.0024
Bijan Robinson,Alvin Kamara,Chris Olave,Falcons,Kyle Pitts Sr.,Saints,3,1,-9.9493,2.2596
Devaughn Vele,Brian Robinson Jr.,Chris Olave,Michael Penix Jr.,Saints,Tyler Shough,3,1,-9.8274,2.5525
Nick Folk,Bijan Robinson,Drake London,Jahan Dotson,Juwan Johnson,Tyler Shough,3,1,-10.2847,1.6156
Juwan Johnson,Alvin Kamara,Bijan Robinson,Chris Blair,Michael Penix Jr.,Tyler Shough,3,1,-10.4479,1.3724
Bijan Robinson,Jahan Dotson,Juwan Johnson,Michael Penix Jr.,Olamide Zaccheaus,Tyler Shough,3,1,-8.4323,10.2996
Drake London,Alvin Kamara,Austin Hooper,Bijan Robinson,Chris Olave,Olamide Zaccheaus,3,1,-9.6008,3.2015
Chris Olave,Austin Hooper,Bijan Robinson,Chris Blair,Devaughn Vele,Tyler Shough,3,1,-10.8389,0.9283
Tyler Shough,Bijan Robinson,Bryce Lance,Devaughn Vele,Jahan Dotson,Michael Penix Jr.,3,1,-8.4627,9.9916
Drake London,Brian Robinson Jr.,Bryce Lance,Chris Olave,Juwan Johnson,Tyler Shough,3,1,-7.6849,21.7475
Tyler Shough,Alvin Kamara,Bijan Robinson,Drake London,Kyle Pitts Sr.,Oscar Delp,3,1,-8.8484,6.7941
Chris Olave,Bijan Robinson,Daniel Carlson,Devaughn Vele,Falcons,Kyle Pitts Sr.,3,1,-9.6418,3.073
Chris Olave,Bijan Robinson,CJ Donaldson,Drake London,Treyton Welch,Tyler Shough,3,1,-11.4467,0.5055
Drake London,Bijan Robinson,Devaughn Vele,Jahan Dotson,Olamide Zaccheaus,Tyler Shough,3,1,-9.2161,4.7034
Devaughn Vele,Alvin Kamara,Chris Olave,Kendre Miller,Nick Folk,Tyler Shough,3,1,-10.0219,2.1013
Juwan Johnson,Bijan Robinson,Chris Olave,Devaughn Vele,Kyle Pitts Sr.,Zachariah Branch,3,1,-10.8091,0.9563
Alvin Kamara,Chris Olave,Drake London,Juwan Johnson,Kevin Austin Jr.,Tyler Shough,3,1,-10.6527,1.1182
Devaughn Vele,Austin Hooper,Bijan Robinson,Chris Olave,Daniel Carlson,Juwan Johnson,3,1,-9.7141,2.8586
Alvin Kamara,Bijan Robinson,Drake London,Falcons,Kendre Miller,Michael Penix Jr.,3,1,-10.3588,1.5002
Alvin Kamara,Bijan Robinson,Chris Olave,Drake London,Olamide Zaccheaus,Saints,3,1,-10.5528,1.2356
Bijan Robinson,Alvin Kamara,Drake London,Kendre Miller,Michael Penix Jr.,Oscar Delp,3,1,-9.1648,4.9514
Bijan Robinson,Chris Olave,Falcons,Jahan Dotson,Saints,Tyler Shough,3,1,-8.9617,6.066
Bijan Robinson,Devaughn Vele,Juwan Johnson,Kevin Austin Jr.,Kyle Pitts Sr.,Tyler Shough,3,1,-10.3737,1.478
Bijan Robinson,Bryce Lance,Chris Olave,Juwan Johnson,Kyle Pitts Sr.,Nick Folk,3,1,-8.3741,10.9173
Chris Olave,Alvin Kamara,Bijan Robinson,Bryce Lance,Michael Penix Jr.,Saints,3,1,-9.0328,5.65
Bijan Robinson,Bryce Lance,Devaughn Vele,Juwan Johnson,Michael Penix Jr.,Nick Folk,3,1,-8.5353,9.2918
Alvin Kamara,Bijan Robinson,Juwan Johnson,Nick Folk,Saints,Tyler Shough,3,1,-9.8522,2.49
Chris Olave,Austin Hooper,Bijan Robinson,Jahan Dotson,Kendre Miller,Tyler Shough,3,1,-9.1748,4.9017
Austin Hooper,Bijan Robinson,Chris Olave,Devaughn Vele,Nick Folk,Tyler Shough,3,1,-10.7139,1.0518
Bijan Robinson,Alvin Kamara,Kyle Pitts Sr.,Nick Folk,Saints,Tyler Shough,3,1,-9.4304,3.7962
Nick Folk,Alvin Kamara,Bijan Robinson,Drake London,Falcons,Michael Penix Jr.,3,1,-11.4048,0.5271
Bijan Robinson,Charlie Woerner,Chris Olave,Daniel Carlson,Kyle Pitts Sr.,Tyler Shough,3,1,-9.9502,2.2576
Bijan Robinson,Devaughn Vele,Falcons,Juwan Johnson,Tyler Shough,Zachariah Branch,3,1,-10.0209,2.1035
Bijan Robinson,Chris Olave,Daniel Carlson,Drake London,Kevin Austin Jr.,Nick Folk,3,1,-10.2063,1.7474
Drake London,Alvin Kamara,Bijan Robinson,Daniel Carlson,Kyle Pitts Sr.,Nick Folk,3,1,-9.4862,3.5903
Bijan Robinson,Alvin Kamara,Drake London,Falcons,Kendre Miller,Kyle Pitts Sr.,3,1,-9.9742,2.204
Drake London,Brian Robinson Jr.,Chris Olave,Kendre Miller,Nick Folk,Tyler Shough,3,1,-8.8519,6.7699
Oscar Delp,Bijan Robinson,Chris Olave,Devaughn Vele,Drake London,Michael Penix Jr.,3,1,-11.323,0.572
Bijan Robinson,Bryce Lance,Chris Olave,Juwan Johnson,Michael Penix Jr.,Zachariah Branch,3,1,-9.1194,5.181
Juwan Johnson,Alvin Kamara,Bijan Robinson,Daniel Carlson,Kyle Pitts Sr.,Michael Penix Jr.,3,1,-9.3678,4.0416
Bijan Robinson,Bryce Lance,Chris Olave,Drake London,Michael Penix Jr.,Treyton Welch,3,1,-10.0488,2.0454
Devaughn Vele,Bijan Robinson,CJ Donaldson,Daniel Carlson,Drake London,Tyler Shough,3,1,-10.2704,1.6389
Nick Folk,Bijan Robinson,CJ Donaldson,Chris Olave,Drake London,Juwan Johnson,3,1,-11.6604,0.4082
Bijan Robinson,CJ Donaldson,Drake London,Kyle Pitts Sr.,Nick Folk,Tyler Shough,3,1,-9.6637,3.0064
Chris Olave,Bijan Robinson,CJ Donaldson,Charlie Woerner,Michael Penix Jr.,Tyler Shough,3,1,-11.1513,0.6792
Kyle Pitts Sr.,Alvin Kamara,Bijan Robinson,Daniel Carlson,Drake London,Juwan Johnson,3,1,-9.6397,3.0794
Kendre Miller,Alvin Kamara,Bijan Robinson,Devaughn Vele,Drake London,Kyle Pitts Sr.,3,1,-11.4347,0.5116
Tyler Shough,Bijan Robinson,Chris Olave,Devaughn Vele,Kendre Miller,Zamir White,3,1,-13.7524,0.0504
Bijan Robinson,Bryce Lance,Devaughn Vele,Juwan Johnson,Kyle Pitts Sr.,Michael Penix Jr.,3,1,-8.686,7.9923
Alvin Kamara,Chris Olave,Juwan Johnson,Michael Penix Jr.,Olamide Zaccheaus,Tyler Shough,3,1,-9.2936,4.3529
Drake London,Brian Robinson Jr.,Devaughn Vele,Juwan Johnson,Kyle Pitts Sr.,Michael Penix Jr.,3,1,-9.6253,3.124
Bijan Robinson,Chris Olave,Kevin Austin Jr.,Michael Penix Jr.,Oscar Delp,Tyler Shough,3,1,-9.5357,3.4171
Devaughn Vele,Bijan Robinson,Chris Olave,Daniel Carlson,Kendre Miller,Nick Folk,3,1,-10.1478,1.8526
Drake London,Alvin Kamara,Bijan Robinson,Daniel Carlson,Falcons,Juwan Johnson,3,1,-9.1153,5.2026
Chris Olave,Bijan Robinson,Kyle Pitts Sr.,Nick Folk,Treyton Welch,Tyler Shough,3,1,-10.9457,0.8342
Chris Olave,Bijan Robinson,CJ Donaldson,Daniel Carlson,Drake London,Kyle Pitts Sr.,3,1,-10.067,2.0086
Bijan Robinson,Barion Brown,Devaughn Vele,Drake London,Juwan Johnson,Kyle Pitts Sr.,3,1,-11.5693,0.4471
Austin Hooper,Bijan Robinson,Chris Olave,Devaughn Vele,Drake London,Nick Folk,3,1,-11.2693,0.6036
Bijan Robinson,Daniel Carlson,Devaughn Vele,Juwan Johnson,Michael Penix Jr.,Zachariah Branch,3,1,-10.0816,1.9794
Bijan Robinson,Austin Hooper,Chris Olave,Drake London,Juwan Johnson,Kevin Austin Jr.,3,1,-10.3263,1.5498
Bijan Robinson,Austin Hooper,Chris Blair,Chris Olave,Drake London,Juwan Johnson,3,1,-10.5195,1.2775
Drake London,Bijan Robinson,Brian Robinson Jr.,Michael Penix Jr.,Nick Folk,Saints,3,1,-9.6948,2.9144
Tyler Shough,Alvin Kamara,Bijan Robinson,Bryce Lance,Daniel Carlson,Juwan Johnson,3,1,-8.0253,15.4732
Bijan Robinson,Bryce Lance,Devaughn Vele,Falcons,Juwan Johnson,Tyler Shough,3,1,-8.2513,12.3441
Bijan Robinson,Drake London,Falcons,Jahan Dotson,Kendre Miller,Tyler Shough,3,1,-8.9866,5.9168
Bijan Robinson,Alvin Kamara,Daniel Carlson,Nick Folk,Saints,Tyler Shough,3,1,-9.0565,5.5175
Devaughn Vele,Bijan Robinson,CJ Donaldson,Chris Olave,Saints,Tyler Shough,3,1,-10.7992,0.9658
Chris Olave,Alvin Kamara,Devaughn Vele,Juwan Johnson,Kendre Miller,Kyle Pitts Sr.,3,1,-10.1674,1.8167
Tyler Shough,Austin Hooper,Bijan Robinson,Chris Olave,Devaughn Vele,Oscar Delp,3,1,-8.9283,6.2722
Juwan Johnson,Austin Hooper,Bijan Robinson,Chris Olave,Daniel Carlson,Devaughn Vele,3,1,-9.3989,3.918
Bijan Robinson,CJ Donaldson,Chris Olave,Daniel Carlson,Drake London,Kendre Miller,3,1,-9.8188,2.5744
Alvin Kamara,Bijan Robinson,Drake London,Falcons,Saints,Tyler Shough,3,1,-10.0865,1.9699
Chris Olave,Bijan Robinson,Charlie Woerner,Falcons,Juwan Johnson,Tyler Shough,3,1,-10.2305,1.7057
Chris Olave,Bijan Robinson,Chris Blair,Falcons,Juwan Johnson,Tyler Shough,3,1,-10.2752,1.6311
Drake London,Alvin Kamara,Chris Olave,Devaughn Vele,Falcons,Kyle Pitts Sr.,3,1,-10.0292,2.0859
Kendre Miller,Bijan Robinson,Devaughn Vele,Drake London,Jahan Dotson,Tyler Shough,3,1,-10.4472,1.3734
Juwan Johnson,Brian Robinson Jr.,Chris Olave,Drake London,Kendre Miller,Michael Penix Jr.,3,1,-9.2889,4.3732
Chris Olave,Alvin Kamara,Daniel Carlson,Juwan Johnson,Michael Penix Jr.,Nick Folk,3,1,-8.9793,5.9606
Bijan Robinson,CJ Donaldson,Chris Olave,Kendre Miller,Kyle Pitts Sr.,Michael Penix Jr.,3,1,-10.2416,1.6868
Chris Olave,Bijan Robinson,Charlie Woerner,Michael Penix Jr.,Tyler Shough,Zachariah Branch,3,1,-11.3468,0.5586
Chris Olave,Bijan Robinson,Chris Blair,Michael Penix Jr.,Tyler Shough,Zachariah Branch,3,1,-11.3914,0.5342
Bijan Robinson,Chris Olave,Drake London,Falcons,Nick Folk,Oscar Delp,3,1,-8.9928,5.8804
Michael Penix Jr.,Brian Robinson Jr.,Drake London,Juwan Johnson,Nick Folk,Tyler Shough,3,1,-9.3944,3.9356
Bijan Robinson,Alvin Kamara,Bryce Lance,Michael Penix Jr.,Saints,Tyler Shough,3,1,-8.4062,10.5725
Michael Penix Jr.,Alvin Kamara,Bijan Robinson,Falcons,Juwan Johnson,Kyle Pitts Sr.,3,1,-10.5458,1.2444
Tyler Shough,Bijan Robinson,CJ Donaldson,Charlie Woerner,Chris Olave,Drake London,3,1,-11.1421,0.6854
Juwan Johnson,Bijan Robinson,Charlie Woerner,Chris Olave,Nick Folk,Tyler Shough,3,1,-10.2415,1.687
Bijan Robinson,Bryce Lance,Chris Olave,Falcons,Michael Penix Jr.,Nick Folk,3,1,-8.5066,9.5623
Bijan Robinson,Barion Brown,Chris Olave,Kendre Miller,Nick Folk,Tyler Shough,3,1,-10.8448,0.9228
Bijan Robinson,Chris Olave,Drake London,Michael Penix Jr.,Olamide Zaccheaus,Treyton Welch,3,1,-10.9329,0.845
Bijan Robinson,Austin Hooper,Daniel Carlson,Devaughn Vele,Juwan Johnson,Michael Penix Jr.,3,1,-9.0453,5.5797
Chris Olave,Bijan Robinson,Drake London,Kyle Pitts Sr.,Nick Folk,Oscar Delp,3,1,-9.2512,4.5413
Bijan Robinson,Austin Hooper,Bryce Lance,Chris Olave,Kyle Pitts Sr.,Tyler Shough,3,1,-8.17,13.3892
Bijan Robinson,Austin Hooper,Bryce Lance,Chris Olave,Drake London,Nick Folk,3,1,-8.5747,8.9326
Falcons,Alvin Kamara,Bijan Robinson,Drake London,Michael Penix Jr.,Nick Folk,3,1,-10.8106,0.9548
Michael Penix Jr.,Bijan Robinson,Jahan Dotson,Kyle Pitts Sr.,Nick Folk,Tyler Shough,3,1,-9.9292,2.3054
Juwan Johnson,Brian Robinson Jr.,Drake London,Michael Penix Jr.,Nick Folk,Tyler Shough,3,1,-8.7599,7.4229
Kyle Pitts Sr.,Bijan Robinson,Chris Olave,Drake London,Jahan Dotson,Kendre Miller,3,1,-10.0957,1.9518
Bijan Robinson,Daniel Carlson,Devaughn Vele,Drake London,Falcons,Kyle Pitts Sr.,3,1,-9.5706,3.2997
Khalil Herbert,Bijan Robinson,Chris Olave,Drake London,Juwan Johnson,Tyler Shough,3,1,-13.4909,0.0654
Tyler Shough,Brian Robinson Jr.,Chris Olave,Daniel Carlson,Drake London,Kendre Miller,3,1,-8.7104,7.7993
Kyle Pitts Sr.,Alvin Kamara,Bijan Robinson,Daniel Carlson,Juwan Johnson,Michael Penix Jr.,3,1,-9.6886,2.9325
Drake London,Bijan Robinson,Bryce Lance,Jahan Dotson,Juwan Johnson,Tyler Shough,3,1,-7.8854,17.7972
Drake London,Bijan Robinson,Chris Olave,Falcons,Jahan Dotson,Kendre Miller,3,1,-9.5712,3.2976
Nick Folk,Bijan Robinson,Charlie Woerner,Chris Olave,Michael Penix Jr.,Tyler Shough,3,1,-11.9345,0.3104
Nick Folk,Bijan Robinson,Daniel Carlson,Devaughn Vele,Juwan Johnson,Tyler Shough,3,1,-10.4931,1.3117
Tyler Shough,Bijan Robinson,Chris Olave,Daniel Carlson,Nick Folk,Zachariah Branch,3,1,-9.5962,3.2165
Devaughn Vele,Alvin Kamara,Drake London,Michael Penix Jr.,Tyler Shough,Zachariah Branch,3,1,-10.9442,0.8355
Bijan Robinson,Chris Olave,Drake London,Kendre Miller,Nick Folk,Oscar Delp,3,1,-9.003,5.8205
Chris Olave,Bijan Robinson,Chris Blair,Drake London,Treyton Welch,Tyler Shough,3,1,-12.3579,0.2032
Tyler Shough,Alvin Kamara,Drake London,Jahan Dotson,Kyle Pitts Sr.,Michael Penix Jr.,3,1,-9.2094,4.7355
Drake London,Brian Robinson Jr.,Chris Olave,Daniel Carlson,Kendre Miller,Tyler Shough,3,1,-8.6287,8.4634
Bijan Robinson,Bryce Lance,Chris Olave,Kendre Miller,Michael Penix Jr.,Nick Folk,3,1,-8.5168,9.4649
Chris Olave,Bijan Robinson,Bryce Lance,Kevin Austin Jr.,Michael Penix Jr.,Tyler Shough,3,1,-9.4286,3.8033
Drake London,Bijan Robinson,Devaughn Vele,Nick Folk,Treyton Welch,Tyler Shough,3,1,-11.016,0.7776
Chris Olave,Bijan Robinson,Bryce Lance,Falcons,Juwan Johnson,Michael Penix Jr.,3,1,-8.3941,10.701
Juwan Johnson,Bijan Robinson,Devaughn Vele,Falcons,Nick Folk,Tyler Shough,3,1,-9.3065,4.297
Michael Penix Jr.,Alvin Kamara,Bijan Robinson,Bryce Lance,Daniel Carlson,Drake London,3,1,-9.4697,3.6501
Chris Olave,CJ Donaldson,Drake London,Jahan Dotson,Michael Penix Jr.,Tyler Shough,3,1,-9.5578,3.3422
Juwan Johnson,Alvin Kamara,Bijan Robinson,Kendre Miller,Kyle Pitts Sr.,Michael Penix Jr.,3,1,-9.9215,2.3231
Chris Olave,Barion Brown,Bijan Robinson,Drake London,Kevin Austin Jr.,Tyler Shough,3,1,-12.3119,0.2128
Chris Olave,Barion Brown,Bijan Robinson,Chris Blair,Drake London,Tyler Shough,3,1,-12.5052,0.1754
Bijan Robinson,Daniel Carlson,Drake London,Nick Folk,Tyler Shough,Zachariah Branch,3,1,-9.4852,3.5938
Juwan Johnson,Bijan Robinson,Bryce Lance,Chris Olave,Michael Penix Jr.,Nick Folk,3,1,-8.4051,10.584
Tyler Shough,Austin Hooper,Bijan Robinson,Jahan Dotson,Juwan Johnson,Michael Penix Jr.,3,1,-8.7493,7.5021
Falcons,Alvin Kamara,Bijan Robinson,Drake London,Kyle Pitts Sr.,Michael Penix Jr.,3,1,-10.9613,0.8213
Daniel Carlson,Bijan Robinson,Chris Olave,Devaughn Vele,Juwan Johnson,Kendre Miller,3,1,-11.1664,0.669
Devaughn Vele,Bijan Robinson,Michael Penix Jr.,Nick Folk,Olamide Zaccheaus,Tyler Shough,3,1,-9.8525,2.4892
Bijan Robinson,CJ Donaldson,Drake London,Kyle Pitts Sr.,Michael Penix Jr.,Nick Folk,3,1,-10.268,1.6429
Drake London,Bijan Robinson,Bryce Lance,Chris Olave,Devaughn Vele,Olamide Zaccheaus,3,1,-9.0177,5.7359
Kyle Pitts Sr.,Alvin Kamara,Austin Hooper,Bijan Robinson,Drake London,Michael Penix Jr.,3,1,-10.2631,1.6508
Nick Folk,Bijan Robinson,Devaughn Vele,Falcons,Michael Penix Jr.,Tyler Shough,3,1,-10.9995,0.7905
Chris Olave,Bijan Robinson,Chris Blair,Daniel Carlson,Kyle Pitts Sr.,Tyler Shough,3,1,-10.4228,1.4072
Chris Olave,Bijan Robinson,Charlie Woerner,Daniel Carlson,Kyle Pitts Sr.,Tyler Shough,3,1,-10.3782,1.4715
Devaughn Vele,Austin Hooper,Bijan Robinson,Juwan Johnson,Kyle Pitts Sr.,Tyler Shough,3,1,-9.8894,2.399
Saints,Bijan Robinson,Chris Olave,Devaughn Vele,Drake London,Jahan Dotson,3,1,-10.4413,1.3814
Drake London,Alvin Kamara,Bijan Robinson,Falcons,Juwan Johnson,Kendre Miller,3,1,-9.669,2.9905
Kyle Pitts Sr.,Bijan Robinson,Chris Olave,Devaughn Vele,Kendre Miller,Nick Folk,3,1,-10.5273,1.2676
Drake London,Bijan Robinson,Chris Olave,Treyton Welch,Tyler Shough,Zachariah Branch,3,1,-11.6001,0.4336
Nick Folk,Bijan Robinson,Chris Olave,Drake London,Khalil Herbert,Michael Penix Jr.,3,1,-14.822,0.0173
Tyler Shough,Alvin Kamara,Bijan Robinson,Daniel Carlson,Kendre Miller,Kyle Pitts Sr.,3,1,-9.343,4.1431
Tyler Shough,Bijan Robinson,Chris Olave,Falcons,Michael Penix Jr.,Treyton Welch,3,1,-10.5774,1.2057
Drake London,Bijan Robinson,Devaughn Vele,Juwan Johnson,Nick Folk,Zachariah Branch,3,1,-10.642,1.1302
Devaughn Vele,Alvin Kamara,Bryce Lance,Drake London,Michael Penix Jr.,Tyler Shough,3,1,-9.1746,4.9029
Chris Olave,Bijan Robinson,CJ Donaldson,Daniel Carlson,Kendre Miller,Tyler Shough,3,1,-9.6914,2.9241
Drake London,Bijan Robinson,Daniel Carlson,Jahan Dotson,Michael Penix Jr.,Nick Folk,3,1,-9.103,5.2671
Michael Penix Jr.,Bijan Robinson,Drake London,Jahan Dotson,Oscar Delp,Tyler Shough,3,1,-9.3911,3.9483
Tyler Shough,Alvin Kamara,Daniel Carlson,Devaughn Vele,Drake London,Nick Folk,3,1,-9.2182,4.6938
Tyler Shough,Austin Hooper,Bijan Robinson,Chris Olave,Drake London,Jalen Moreno-Cropper,3,1,-13.6832,0.054
Tyler Shough,Austin Hooper,Bijan Robinson,Chris Olave,Drake London,Nick Muse,3,1,-12.1951,0.2391
Bijan Robinson,Devaughn Vele,Drake London,Kendre Miller,Michael Penix Jr.,Oscar Delp,3,1,-9.3149,4.2611
Drake London,Brian Robinson Jr.,Devaughn Vele,Michael Penix Jr.,Noah Fant,Tyler Shough,3,1,-12.1012,0.2627
Drake London,Alvin Kamara,Chris Olave,Jahan Dotson,Saints,Tyler Shough,3,1,-9.2337,4.6217
Chris Olave,Bijan Robinson,Bryce Lance,Charlie Woerner,Drake London,Michael Penix Jr.,3,1,-10.1326,1.8811
Kyle Pitts Sr.,Chris Olave,Devaughn Vele,Jahan Dotson,Michael Penix Jr.,Tyler Shough,3,1,-9.615,3.1564
Bijan Robinson,CJ Donaldson,Drake London,Falcons,Juwan Johnson,Michael Penix Jr.,3,1,-9.897,2.3807
Drake London,Brian Robinson Jr.,Chris Olave,Kendre Miller,Kyle Pitts Sr.,Michael Penix Jr.,3,1,-9.6069,3.1822
Juwan Johnson,Austin Hooper,Bijan Robinson,Chris Olave,Devaughn Vele,Kendre Miller,3,1,-9.9526,2.2521
Chris Olave,Alvin Kamara,Daniel Carlson,Drake London,Kevin Austin Jr.,Tyler Shough,3,1,-10.2851,1.615
Zachariah Branch,Bijan Robinson,Devaughn Vele,Juwan Johnson,Michael Penix Jr.,Tyler Shough,3,1,-11.8643,0.3329
Juwan Johnson,Bijan Robinson,Chris Blair,Chris Olave,Daniel Carlson,Tyler Shough,3,1,-10.0629,2.0169
Michael Penix Jr.,Alvin Kamara,Chris Olave,Juwan Johnson,Kyle Pitts Sr.,Nick Folk,3,1,-10.3189,1.5613
Bijan Robinson,Austin Hooper,Chris Olave,Juwan Johnson,Kendre Miller,Kyle Pitts Sr.,3,1,-9.4378,3.7683
Drake London,Alvin Kamara,Daniel Carlson,Devaughn Vele,Nick Folk,Tyler Shough,3,1,-9.1365,5.0935
Chris Olave,Austin Hooper,Bijan Robinson,Drake London,Juwan Johnson,Oscar Delp,3,1,-8.9973,5.8541
Michael Penix Jr.,Bijan Robinson,Bryce Lance,CJ Donaldson,Chris Olave,Drake London,3,1,-10.2318,1.7035
Tyler Shough,Alvin Kamara,Chris Olave,Daniel Carlson,Drake London,Zachariah Branch,3,1,-9.8023,2.6172
Juwan Johnson,Bijan Robinson,Chris Olave,Daniel Carlson,Michael Penix Jr.,Zachariah Branch,3,1,-9.9514,2.2547
Bijan Robinson,Austin Hooper,Chris Olave,Drake London,Kyle Pitts Sr.,Olamide Zaccheaus,3,1,-9.6094,3.174
Chris Olave,Barion Brown,Bijan Robinson,Michael Penix Jr.,Olamide Zaccheaus,Tyler Shough,3,1,-10.9528,0.8283
Bryce Lance,Bijan Robinson,Chris Olave,Juwan Johnson,Nick Folk,Tyler Shough,3,1,-9.8689,2.4487
Kendre Miller,Bijan Robinson,Bryce Lance,Chris Olave,Devaughn Vele,Tyler Shough,3,1,-9.6933,2.9186
Michael Penix Jr.,Bijan Robinson,CJ Donaldson,Chris Olave,Olamide Zaccheaus,Tyler Shough,3,1,-10.5604,1.2263
Bijan Robinson,Daniel Carlson,Juwan Johnson,Kevin Austin Jr.,Michael Penix Jr.,Tyler Shough,3,1,-9.5161,3.4846
Daniel Carlson,Bijan Robinson,Devaughn Vele,Drake London,Juwan Johnson,Nick Folk,3,1,-11.1927,0.6516
Zachariah Branch,Bijan Robinson,Chris Olave,Daniel Carlson,Michael Penix Jr.,Tyler Shough,3,1,-11.2921,0.59
Alvin Kamara,Daniel Carlson,Drake London,Michael Penix Jr.,Nick Folk,Tyler Shough,3,1,-9.3796,3.994
Bijan Robinson,Alvin Kamara,Drake London,Kendre Miller,Nick Folk,Saints,3,1,-10.1656,1.8199
Nick Folk,Bijan Robinson,Devaughn Vele,Juwan Johnson,Kendre Miller,Tyler Shough,3,1,-11.0468,0.754
Tyler Shough,Alvin Kamara,Bryce Lance,Devaughn Vele,Drake London,Juwan Johnson,3,1,-8.6049,8.6671
Tyler Shough,Bijan Robinson,Bryce Lance,Devaughn Vele,Drake London,Falcons,3,1,-8.633,8.4267
Nick Folk,Austin Hooper,Bijan Robinson,Devaughn Vele,Michael Penix Jr.,Tyler Shough,3,1,-11.1165,0.7032
Bijan Robinson,Alvin Kamara,Drake London,Falcons,Kyle Pitts Sr.,Saints,3,1,-10.3061,1.5815
Chris Olave,Bijan Robinson,Juwan Johnson,Kendre Miller,Michael Penix Jr.,Oscar Delp,3,1,-8.9394,6.2029
Tyler Shough,Bijan Robinson,Chris Olave,Kendre Miller,Nick Folk,Zachariah Branch,3,1,-10.1499,1.8488
Tyler Shough,Bijan Robinson,Chris Olave,Juwan Johnson,Kendre Miller,Treyton Welch,3,1,-10.6247,1.15
Zachariah Branch,Bijan Robinson,Chris Olave,Drake London,Juwan Johnson,Kyle Pitts Sr.,3,1,-12.2585,0.2245
Bijan Robinson,Barion Brown,Drake London,Falcons,Juwan Johnson,Tyler Shough,3,1,-10.6509,1.1203
Michael Penix Jr.,Bijan Robinson,Charlie Woerner,Chris Olave,Juwan Johnson,Kyle Pitts Sr.,3,1,-11.6309,0.4204
Bijan Robinson,Bryce Lance,Chris Olave,Daniel Carlson,Kendre Miller,Michael Penix Jr.,3,1,-8.2936,11.8325
Jahan Dotson,Chris Olave,Daniel Carlson,Drake London,Michael Penix Jr.,Tyler Shough,3,1,-10.2128,1.736
Drake London,Bijan Robinson,Daniel Carlson,Devaughn Vele,Kevin Austin Jr.,Tyler Shough,3,1,-10.2999,1.5913
Drake London,Bijan Robinson,Daniel Carlson,Devaughn Vele,Oscar Delp,Tyler Shough,3,1,-8.5429,9.2214
Chris Olave,Bijan Robinson,Chris Blair,Drake London,Michael Penix Jr.,Olamide Zaccheaus,3,1,-11.0613,0.7432
Drake London,Alvin Kamara,Chris Olave,Juwan Johnson,Kevin Austin Jr.,Michael Penix Jr.,3,1,-10.5301,1.2641
Chris Olave,Bijan Robinson,Drake London,Michael Penix Jr.,Olamide Zaccheaus,Oscar Delp,3,1,-9.111,5.2248
Drake London,Alvin Kamara,Austin Hooper,Devaughn Vele,Juwan Johnson,Tyler Shough,3,1,-9.2565,4.5176
Tyler Shough,Austin Hooper,Bijan Robinson,Chris Olave,Kevin Austin Jr.,Michael Penix Jr.,3,1,-10.2015,1.7557
Bijan Robinson,Barion Brown,Drake London,Michael Penix Jr.,Tyler Shough,Zachariah Branch,3,1,-11.7671,0.3669
Kyle Pitts Sr.,Bijan Robinson,Chris Olave,Daniel Carlson,Juwan Johnson,Nick Folk,3,1,-9.5269,3.4472
Juwan Johnson,Bijan Robinson,Chris Blair,Chris Olave,Daniel Carlson,Drake London,3,1,-10.6183,1.1574
Juwan Johnson,Bijan Robinson,Chris Olave,Daniel Carlson,Drake London,Oscar Delp,3,1,-8.668,8.1369
Austin Hooper,Bijan Robinson,Chris Olave,Drake London,Juwan Johnson,Nick Folk,3,1,-10.8226,0.9435
Tyler Shough,Bijan Robinson,Bryce Lance,Charlie Woerner,Chris Olave,Michael Penix Jr.,3,1,-9.6169,3.1505
Tyler Shough,Bijan Robinson,Chris Olave,Devaughn Vele,Kevin Austin Jr.,Saints,3,1,-10.9104,0.8642
Bijan Robinson,Daniel Carlson,Falcons,Juwan Johnson,Kyle Pitts Sr.,Tyler Shough,3,1,-8.5685,8.9885
Devaughn Vele,Bijan Robinson,Daniel Carlson,Michael Penix Jr.,Olamide Zaccheaus,Tyler Shough,3,1,-9.6292,3.1119
Michael Penix Jr.,Chris Olave,Devaughn Vele,Jahan Dotson,Kendre Miller,Tyler Shough,3,1,-10.1085,1.9269
Daniel Carlson,Bijan Robinson,Devaughn Vele,Drake London,Juwan Johnson,Kyle Pitts Sr.,3,1,-11.3434,0.5605
Bijan Robinson,Daniel Carlson,Drake London,Juwan Johnson,Kevin Austin Jr.,Michael Penix Jr.,3,1,-10.0715,1.9996
Bijan Robinson,Chris Blair,Daniel Carlson,Drake London,Juwan Johnson,Michael Penix Jr.,3,1,-10.2647,1.6482
Bryce Lance,Alvin Kamara,Chris Olave,Drake London,Michael Penix Jr.,Tyler Shough,3,1,-10.038,2.0677
Tyler Shough,Barion Brown,Bijan Robinson,Bryce Lance,Chris Olave,Michael Penix Jr.,3,1,-10.1085,1.927
Michael Penix Jr.,Bijan Robinson,Chris Olave,Drake London,Falcons,Treyton Welch,3,1,-12.0588,0.2741
Olamide Zaccheaus,Bijan Robinson,Chris Olave,Michael Penix Jr.,Nick Folk,Tyler Shough,3,1,-11.0358,0.7623
Drake London,Bijan Robinson,Chris Blair,Chris Olave,Michael Penix Jr.,Zachariah Branch,3,1,-11.9048,0.3197
Drake London,Bijan Robinson,Chris Olave,Michael Penix Jr.,Oscar Delp,Zachariah Branch,3,1,-9.9546,2.2476
Drake London,Alvin Kamara,Austin Hooper,Chris Olave,Michael Penix Jr.,Nick Folk,3,1,-9.5118,3.4995
Drake London,Bijan Robinson,Daniel Carlson,Jahan Dotson,Kendre Miller,Tyler Shough,3,1,-8.8291,6.926
Bijan Robinson,Devaughn Vele,Falcons,Kendre Miller,Kyle Pitts Sr.,Michael Penix Jr.,3,1,-10.1732,1.8062
Drake London,Alvin Kamara,Devaughn Vele,Michael Penix Jr.,Treyton Welch,Tyler Shough,3,1,-11.2711,0.6025
Austin Hooper,Alvin Kamara,Chris Olave,Drake London,Juwan Johnson,Tyler Shough,3,1,-10.4734,1.3378
Chris Olave,Barion Brown,Bijan Robinson,Kendre Miller,Kyle Pitts Sr.,Tyler Shough,3,1,-11.4235,0.5174
Tyler Shough,Bijan Robinson,CJ Donaldson,Chris Olave,Daniel Carlson,Kendre Miller,3,1,-9.7311,2.8103
Alvin Kamara,Daniel Carlson,Drake London,Juwan Johnson,Kyle Pitts Sr.,Tyler Shough,3,1,-9.5673,3.3105
Devaughn Vele,Bijan Robinson,Daniel Carlson,Juwan Johnson,Kendre Miller,Michael Penix Jr.,3,1,-10.013,2.12
Bijan Robinson,Austin Hooper,Daniel Carlson,Kyle Pitts Sr.,Michael Penix Jr.,Tyler Shough,3,1,-8.6484,8.2979
Juwan Johnson,Alvin Kamara,Bijan Robinson,Daniel Carlson,Saints,Tyler Shough,3,1,-9.2752,4.4336
Bijan Robinson,Chris Olave,Daniel Carlson,Kendre Miller,Michael Penix Jr.,Olamide Zaccheaus,3,1,-9.1776,4.8881
Chris Olave,Austin Hooper,Bijan Robinson,Bryce Lance,Daniel Carlson,Tyler Shough,3,1,-8.2241,12.6842
Michael Penix Jr.,Brian Robinson Jr.,Drake London,Juwan Johnson,Kendre Miller,Tyler Shough,3,1,-9.7248,2.8281
Tyler Shough,Bijan Robinson,Drake London,Juwan Johnson,Kevin Austin Jr.,Nick Folk,3,1,-10.1582,1.8336
Drake London,Austin Hooper,Bijan Robinson,Chris Olave,Falcons,Nick Folk,3,1,-9.577,3.2787
Bijan Robinson,Bryce Lance,Daniel Carlson,Drake London,Michael Penix Jr.,Nick Folk,3,1,-8.3199,11.525
Bijan Robinson,Daniel Carlson,Devaughn Vele,Drake London,Nick Folk,Saints,3,1,-9.7621,2.7247
Chris Olave,Brian Robinson Jr.,Drake London,Kendre Miller,Saints,Tyler Shough,3,1,-9.5563,3.3472
Falcons,Bijan Robinson,Chris Olave,Juwan Johnson,Kendre Miller,Tyler Shough,3,1,-9.8835,2.4132
Devaughn Vele,Alvin Kamara,Drake London,Kendre Miller,Kyle Pitts Sr.,Tyler Shough,3,1,-10.5293,1.2651
Juwan Johnson,Bijan Robinson,Chris Olave,Kendre Miller,Kevin Austin Jr.,Tyler Shough,3,1,-10.4233,1.4065
Juwan Johnson,Bijan Robinson,Chris Blair,Chris Olave,Kendre Miller,Tyler Shough,3,1,-10.6166,1.1593
Juwan Johnson,Bijan Robinson,Chris Olave,Kendre Miller,Treyton Welch,Tyler Shough,3,1,-10.9162,0.8592
Austin Hooper,Bijan Robinson,Chris Olave,Daniel Carlson,Juwan Johnson,Tyler Shough,3,1,-10.044,2.0554
Kyle Pitts Sr.,Bijan Robinson,Devaughn Vele,Drake London,Michael Penix Jr.,Zachariah Branch,3,1,-11.4496,0.504
Chris Olave,Alvin Kamara,Bryce Lance,Kendre Miller,Michael Penix Jr.,Tyler Shough,3,1,-8.5956,8.7479
Chris Olave,Bijan Robinson,Bryce Lance,Kyle Pitts Sr.,Olamide Zaccheaus,Tyler Shough,3,1,-8.7488,7.5057
Drake London,Alvin Kamara,Devaughn Vele,Kendre Miller,Nick Folk,Tyler Shough,3,1,-9.6902,2.9278
Tyler Shough,Bijan Robinson,Chris Olave,Kevin Austin Jr.,Michael Penix Jr.,Olamide Zaccheaus,3,1,-10.3523,1.51
Bijan Robinson,Falcons,Juwan Johnson,Kendre Miller,Nick Folk,Tyler Shough,3,1,-8.9716,6.0067
Drake London,Chris Olave,Falcons,Jahan Dotson,Juwan Johnson,Tyler Shough,3,1,-8.595,8.7534
Tyler Shough,Devaughn Vele,Drake London,Jahan Dotson,Kyle Pitts Sr.,Michael Penix Jr.,3,1,-9.3595,4.0752
Tyler Shough,Bijan Robinson,Jahan Dotson,Juwan Johnson,Michael Penix Jr.,Saints,3,1,-8.9744,5.9898
Drake London,Alvin Kamara,CJ Donaldson,Juwan Johnson,Michael Penix Jr.,Tyler Shough,3,1,-9.6136,3.1609
Chris Olave,Bijan Robinson,Charlie Smyth,Nick Folk,Olamide Zaccheaus,Tyler Shough,3,1,-12.9327,0.1144
Chris Olave,Bijan Robinson,Nick Folk,Saints,Tyler Shough,Zachariah Branch,3,1,-10.4421,1.3804
Michael Penix Jr.,Alvin Kamara,Bijan Robinson,Falcons,Saints,Tyler Shough,3,1,-10.4162,1.4166
Tyler Shough,Bijan Robinson,Chris Blair,Devaughn Vele,Drake London,Kendre Miller,3,1,-11.1286,0.6948
Bijan Robinson,Juwan Johnson,Kendre Miller,Michael Penix Jr.,Oscar Delp,Tyler Shough,3,1,-8.3128,11.6072
Drake London,Bijan Robinson,Charlie Woerner,Juwan Johnson,Nick Folk,Tyler Shough,3,1,-10.225,1.715
Devaughn Vele,Austin Hooper,Bijan Robinson,Juwan Johnson,Kendre Miller,Tyler Shough,3,1,-10.0692,2.0042
Chris Olave,Bijan Robinson,Daniel Carlson,Kendre Miller,Oscar Delp,Tyler Shough,3,1,-8.6524,8.2651
Chris Olave,Bijan Robinson,Daniel Carlson,Falcons,Juwan Johnson,Kendre Miller,3,1,-9.3749,4.013
Alvin Kamara,Drake London,Kendre Miller,Michael Penix Jr.,Nick Folk,Tyler Shough,3,1,-9.9334,2.2958
Bijan Robinson,Chris Blair,Drake London,Michael Penix Jr.,Olamide Zaccheaus,Tyler Shough,3,1,-10.4347,1.3906
Chris Olave,Alvin Kamara,Daniel Carlson,Kendre Miller,Kyle Pitts Sr.,Tyler Shough,3,1,-9.3966,3.9268
Juwan Johnson,Bijan Robinson,CJ Donaldson,Kyle Pitts Sr.,Michael Penix Jr.,Tyler Shough,3,1,-9.9313,2.3006
Michael Penix Jr.,Alvin Kamara,Bijan Robinson,Daniel Carlson,Kendre Miller,Kyle Pitts Sr.,3,1,-10.8733,0.8969
Saints,Brian Robinson Jr.,Chris Olave,Devaughn Vele,Juwan Johnson,Tyler Shough,3,1,-10.1282,1.8893
Bijan Robinson,Barion Brown,Juwan Johnson,Kendre Miller,Michael Penix Jr.,Tyler Shough,3,1,-10.71,1.056
Falcons,Bijan Robinson,Chris Olave,Daniel Carlson,Drake London,Nick Folk,3,1,-10.4257,1.4032
Bijan Robinson,Austin Hooper,Bryce Lance,Drake London,Juwan Johnson,Michael Penix Jr.,3,1,-8.4399,10.222
Drake London,Bijan Robinson,Bryce Lance,Chris Olave,Juwan Johnson,Olamide Zaccheaus,3,1,-8.571,8.966
Daniel Carlson,Bijan Robinson,Chris Olave,Drake London,Juwan Johnson,Olamide Zaccheaus,3,1,-10.8913,0.8808
Bijan Robinson,Barion Brown,Chris Olave,Kyle Pitts Sr.,Saints,Tyler Shough,3,1,-11.3274,0.5695
Tyler Shough,Alvin Kamara,Austin Hooper,Chris Olave,Drake London,Kendre Miller,3,1,-9.3197,4.2407
Olamide Zaccheaus,Alvin Kamara,Chris Olave,Drake London,Michael Penix Jr.,Tyler Shough,3,1,-11.242,0.6203
Olamide Zaccheaus,Bijan Robinson,Devaughn Vele,Juwan Johnson,Michael Penix Jr.,Tyler Shough,3,1,-11.3847,0.5378
Bijan Robinson,Daniel Carlson,Juwan Johnson,Kendre Miller,Michael Penix Jr.,Nick Folk,3,1,-9.0323,5.6524
Drake London,Bijan Robinson,CJ Donaldson,Michael Penix Jr.,Tyler Shough,Zachariah Branch,3,1,-10.795,0.9699
Nick Folk,Austin Hooper,Bijan Robinson,Drake London,Juwan Johnson,Tyler Shough,3,1,-10.6209,1.1543
Juwan Johnson,Chris Olave,Daniel Carlson,Jahan Dotson,Michael Penix Jr.,Tyler Shough,3,1,-8.4736,9.8831
Bijan Robinson,Drake London,Kendre Miller,Nick Folk,Olamide Zaccheaus,Tyler Shough,3,1,-9.1534,5.0079
Kendre Miller,Bijan Robinson,Chris Olave,Juwan Johnson,Tyler Shough,Zachariah Branch,3,1,-11.0162,0.7774
Michael Penix Jr.,Bijan Robinson,Bryce Lance,Chris Olave,Devaughn Vele,Saints,3,1,-10.1487,1.8511
Juwan Johnson,Bijan Robinson,Bryce Lance,Chris Olave,Kendre Miller,Michael Penix Jr.,3,1,-8.7356,7.6056
Michael Penix Jr.,Bijan Robinson,Drake London,Jahan Dotson,Kendre Miller,Kyle Pitts Sr.,3,1,-10.8151,0.9506
Falcons,Bijan Robinson,Devaughn Vele,Drake London,Juwan Johnson,Kyle Pitts Sr.,3,1,-11.1485,0.6811
Chris Olave,Bijan Robinson,Kyle Pitts Sr.,Noah Fant,Olamide Zaccheaus,Tyler Shough,3,1,-12.3126,0.2126
Drake London,Bijan Robinson,Kyle Pitts Sr.,Nick Folk,Tyler Shough,Zachariah Branch,3,1,-10.2451,1.6808
Devaughn Vele,Chris Olave,Drake London,Nick Folk,Olamide Zaccheaus,Tyler Shough,3,1,-9.8969,2.381
Tyler Shough,Bijan Robinson,Daniel Carlson,Juwan Johnson,Michael Penix Jr.,Zachariah Branch,3,1,-9.4613,3.6808
Chris Olave,Bijan Robinson,Drake London,Juwan Johnson,Oscar Delp,Saints,3,1,-9.2224,4.674
Tyler Shough,Bijan Robinson,Falcons,Kyle Pitts Sr.,Michael Penix Jr.,Nick Folk,3,1,-9.2224,4.6741
Olamide Zaccheaus,Bijan Robinson,Chris Olave,Daniel Carlson,Michael Penix Jr.,Tyler Shough,3,1,-10.8125,0.953
Kendre Miller,Bijan Robinson,Devaughn Vele,Drake London,Juwan Johnson,Nick Folk,3,1,-10.9875,0.8001
Drake London,Bijan Robinson,Charlie Woerner,Chris Olave,Michael Penix Jr.,Olamide Zaccheaus,3,1,-10.9746,0.8104
Drake London,Bijan Robinson,Chris Blair,Chris Olave,Michael Penix Jr.,Olamide Zaccheaus,3,1,-11.0193,0.775
Drake London,Austin Hooper,Bijan Robinson,Devaughn Vele,Falcons,Juwan Johnson,3,1,-9.9259,2.3129
Chris Olave,Austin Hooper,Devaughn Vele,Drake London,Falcons,Tyler Shough,3,1,-9.4199,3.8363
Michael Penix Jr.,Alvin Kamara,Austin Hooper,Devaughn Vele,Drake London,Juwan Johnson,3,1,-10.8685,0.9012
Chris Olave,Bryce Lance,Daniel Carlson,Devaughn Vele,Michael Penix Jr.,Tyler Shough,3,1,-8.192,13.097
Chris Olave,Bryce Lance,Devaughn Vele,Drake London,Falcons,Tyler Shough,3,1,-8.6867,7.9867
Drake London,Bijan Robinson,CJ Donaldson,Daniel Carlson,Juwan Johnson,Michael Penix Jr.,3,1,-9.7395,2.7868
Bryce Lance,Bijan Robinson,Chris Olave,Kendre Miller,Michael Penix Jr.,Tyler Shough,3,1,-10.1623,1.8261
Chris Olave,Austin Hooper,Devaughn Vele,Drake London,Juwan Johnson,Kyle Pitts Sr.,3,1,-9.8917,2.3935
Tyler Shough,Bryce Lance,Chris Olave,Devaughn Vele,Michael Penix Jr.,Nick Folk,3,1,-8.455,10.0686
Michael Penix Jr.,Alvin Kamara,Drake London,Juwan Johnson,Tyler Shough,Zachariah Branch,3,1,-10.8168,0.949
Juwan Johnson,Alvin Kamara,Bijan Robinson,Kendre Miller,Saints,Tyler Shough,3,1,-9.8289,2.5485
Saints,Bijan Robinson,Chris Olave,Devaughn Vele,Juwan Johnson,Nick Folk,3,1,-10.4263,1.4024
Tyler Shough,Chris Olave,Devaughn Vele,Jahan Dotson,Michael Penix Jr.,Saints,3,1,-9.5144,3.4904
Bijan Robinson,Bryce Lance,Drake London,Kendre Miller,Michael Penix Jr.,Nick Folk,3,1,-8.8736,6.6246
Devaughn Vele,Bryce Lance,Chris Olave,Daniel Carlson,Drake London,Tyler Shough,3,1,-8.7896,7.2052
Tyler Shough,Bijan Robinson,Bryce Lance,Drake London,Falcons,Juwan Johnson,3,1,-8.1863,13.1722
Juwan Johnson,Bijan Robinson,Drake London,Kevin Austin Jr.,Kyle Pitts Sr.,Tyler Shough,3,1,-10.6003,1.1783
Austin Hooper,Bijan Robinson,Chris Olave,Drake London,Olamide Zaccheaus,Tyler Shough,3,1,-10.7693,0.9952
Daniel Carlson,Chris Olave,Devaughn Vele,Michael Penix Jr.,Nick Folk,Tyler Shough,3,1,-10.6936,1.0734
Tyler Shough,Bijan Robinson,Bryce Lance,Drake London,Michael Penix Jr.,Zachariah Branch,3,1,-9.3026,4.3138
Kyle Pitts Sr.,Alvin Kamara,Drake London,Michael Penix Jr.,Nick Folk,Tyler Shough,3,1,-9.7206,2.8399
Michael Penix Jr.,Austin Hooper,Bijan Robinson,CJ Donaldson,Drake London,Tyler Shough,3,1,-10.7664,0.998
Chris Olave,CJ Donaldson,Juwan Johnson,Kyle Pitts Sr.,Michael Penix Jr.,Tyler Shough,3,1,-9.6934,2.9184
Michael Penix Jr.,Chris Olave,Drake London,Jahan Dotson,Kyle Pitts Sr.,Nick Folk,3,1,-10.5779,1.205
Kyle Pitts Sr.,Bijan Robinson,Chris Olave,Drake London,Falcons,Kendre Miller,3,1,-10.3149,1.5676
Chris Olave,Bryce Lance,Daniel Carlson,Devaughn Vele,Drake London,Michael Penix Jr.,3,1,-8.7474,7.5157
Kendre Miller,Bijan Robinson,Chris Blair,Chris Olave,Michael Penix Jr.,Tyler Shough,3,1,-11.6949,0.3944
Tyler Shough,CJ Donaldson,Chris Olave,Drake London,Juwan Johnson,Nick Folk,3,1,-9.5336,3.4242
Devaughn Vele,Bijan Robinson,Daniel Carlson,Drake London,Juwan Johnson,Saints,3,1,-10.296,1.5975
Drake London,Bijan Robinson,Juwan Johnson,Kevin Austin Jr.,Michael Penix Jr.,Nick Folk,3,1,-10.6807,1.0873
Michael Penix Jr.,Bijan Robinson,Devaughn Vele,Kendre Miller,Olamide Zaccheaus,Tyler Shough,3,1,-10.5022,1.2998
Tyler Shough,Bijan Robinson,Drake London,Falcons,Kevin Austin Jr.,Michael Penix Jr.,3,1,-10.4413,1.3814
Oscar Delp,Bijan Robinson,Drake London,Juwan Johnson,Michael Penix Jr.,Tyler Shough,3,1,-10.6777,1.0906
Kendre Miller,Bijan Robinson,Bryce Lance,Chris Olave,Drake London,Juwan Johnson,3,1,-9.802,2.618
Chris Olave,Devaughn Vele,Drake London,Falcons,Olamide Zaccheaus,Tyler Shough,3,1,-9.5707,3.2994
Kendre Miller,Barion Brown,Bijan Robinson,Chris Olave,Michael Penix Jr.,Tyler Shough,3,1,-12.1418,0.2522
Michael Penix Jr.,Chris Olave,Devaughn Vele,Kyle Pitts Sr.,Tyler Shough,Zachariah Branch,3,1,-11.3013,0.5846
Devaughn Vele,Drake London,Jahan Dotson,Kendre Miller,Michael Penix Jr.,Tyler Shough,3,1,-10.1461,1.8559
Drake London,CJ Donaldson,Chris Olave,Juwan Johnson,Nick Folk,Tyler Shough,3,1,-9.4518,3.7158
Michael Penix Jr.,Chris Olave,Drake London,Jahan Dotson,Olamide Zaccheaus,Tyler Shough,3,1,-9.8335,2.537
Kyle Pitts Sr.,Austin Hooper,Bijan Robinson,Chris Olave,Kendre Miller,Tyler Shough,3,1,-9.8765,2.4301
Drake London,Bijan Robinson,CJ Donaldson,Michael Penix Jr.,Olamide Zaccheaus,Tyler Shough,3,1,-9.9095,2.3513
Bijan Robinson,Drake London,Juwan Johnson,Oscar Delp,Saints,Tyler Shough,3,1,-8.5958,8.7461
Drake London,Austin Hooper,Bijan Robinson,Daniel Carlson,Nick Folk,Tyler Shough,3,1,-8.8349,6.8863
Zachariah Branch,Bijan Robinson,Chris Olave,Drake London,Saints,Tyler Shough,3,1,-12.1288,0.2555
Chris Olave,Drake London,Juwan Johnson,Kevin Austin Jr.,Nick Folk,Tyler Shough,3,1,-10.2118,1.7378
Drake London,Bijan Robinson,Falcons,Michael Penix Jr.,Nick Muse,Tyler Shough,3,1,-12.4021,0.1944
Drake London,Alvin Kamara,Chris Blair,Juwan Johnson,Michael Penix Jr.,Tyler Shough,3,1,-10.5248,1.2708
Tyler Shough,Bijan Robinson,Daniel Carlson,Juwan Johnson,Michael Penix Jr.,Olamide Zaccheaus,3,1,-8.5758,8.9233
Chris Olave,Drake London,Jahan Dotson,Kendre Miller,Kyle Pitts Sr.,Michael Penix Jr.,3,1,-9.9427,2.2745
Chris Olave,Daniel Carlson,Devaughn Vele,Kendre Miller,Nick Folk,Tyler Shough,3,1,-9.3961,3.9288
Chris Olave,CJ Donaldson,Drake London,Juwan Johnson,Kyle Pitts Sr.,Michael Penix Jr.,3,1,-10.2488,1.6747
Juwan Johnson,Bijan Robinson,Daniel Carlson,Drake London,Oscar Delp,Tyler Shough,3,1,-8.4694,9.9245
Daniel Carlson,Bijan Robinson,Kyle Pitts Sr.,Michael Penix Jr.,Nick Folk,Tyler Shough,3,1,-10.8448,0.9228
Chris Olave,Alvin Kamara,Drake London,Falcons,Michael Penix Jr.,Saints,3,1,-10.0992,1.945
Kendre Miller,Bijan Robinson,Daniel Carlson,Devaughn Vele,Drake London,Juwan Johnson,3,1,-10.7642,1.0002
Tyler Shough,Bijan Robinson,Drake London,Michael Penix Jr.,Olamide Zaccheaus,Zachariah Branch,3,1,-10.1867,1.7821
Tyler Shough,Bijan Robinson,Devaughn Vele,Falcons,Juwan Johnson,Saints,3,1,-9.6774,2.9656
Saints,Alvin Kamara,Chris Olave,Devaughn Vele,Drake London,Juwan Johnson,3,1,-10.6324,1.1411
Chris Olave,Devaughn Vele,Drake London,Falcons,Juwan Johnson,Kendre Miller,3,1,-9.9545,2.2478
Kyle Pitts Sr.,Bijan Robinson,Drake London,Juwan Johnson,Olamide Zaccheaus,Tyler Shough,3,1,-9.5131,3.495
Chris Olave,Bryce Lance,Devaughn Vele,Kendre Miller,Michael Penix Jr.,Tyler Shough,3,1,-8.7458,7.5283
Michael Penix Jr.,Chris Olave,Drake London,Jahan Dotson,Juwan Johnson,Kendre Miller,3,1,-10.2172,1.7284
Michael Penix Jr.,Alvin Kamara,Drake London,Juwan Johnson,Olamide Zaccheaus,Tyler Shough,3,1,-9.9312,2.3007
Michael Penix Jr.,Bijan Robinson,Chris Blair,Drake London,Falcons,Tyler Shough,3,1,-11.5606,0.451
Kyle Pitts Sr.,Alvin Kamara,Chris Olave,Drake London,Michael Penix Jr.,Noah Fant,3,1,-13.1871,0.0887
Chris Olave,Alvin Kamara,Drake London,Olamide Zaccheaus,Saints,Tyler Shough,3,1,-9.7627,2.7231
Tyler Shough,Drake London,Jahan Dotson,Juwan Johnson,Kyle Pitts Sr.,Michael Penix Jr.,3,1,-8.9128,6.3702
Kendre Miller,Bijan Robinson,Chris Olave,Drake London,Juwan Johnson,Olamide Zaccheaus,3,1,-10.6861,1.0815
Michael Penix Jr.,Alvin Kamara,Devaughn Vele,Juwan Johnson,Saints,Tyler Shough,3,1,-10.5382,1.2539
Juwan Johnson,Bijan Robinson,Kendre Miller,Kyle Pitts Sr.,Nick Folk,Tyler Shough,3,1,-9.5612,3.3309
Kyle Pitts Sr.,Chris Olave,Daniel Carlson,Devaughn Vele,Drake London,Juwan Johnson,3,1,-9.8832,2.4139
Juwan Johnson,Alvin Kamara,Drake London,Michael Penix Jr.,Olamide Zaccheaus,Tyler Shough,3,1,-9.2967,4.3394
Drake London,Barion Brown,Bijan Robinson,Michael Penix Jr.,Tyler Shough,Zachariah Branch,3,1,-12.1531,0.2494
Drake London,Alvin Kamara,Daniel Carlson,Devaughn Vele,Kendre Miller,Michael Penix Jr.,3,1,-10.0712,2.0001
Nick Folk,Bijan Robinson,Daniel Carlson,Drake London,Kendre Miller,Tyler Shough,3,1,-10.8314,0.9352
Tyler Shough,Austin Hooper,Bijan Robinson,Devaughn Vele,Michael Penix Jr.,Saints,3,1,-9.7573,2.7377
Michael Penix Jr.,Bijan Robinson,Daniel Carlson,Juwan Johnson,Olamide Zaccheaus,Tyler Shough,3,1,-9.5018,3.5348
Chris Olave,Bijan Robinson,Daniel Carlson,Oscar Delp,Saints,Tyler Shough,3,1,-8.9843,5.9308
Michael Penix Jr.,Bijan Robinson,Juwan Johnson,Kendre Miller,Tyler Shough,Zachariah Branch,3,1,-10.9411,0.8381
Olamide Zaccheaus,Bijan Robinson,Chris Olave,Drake London,Kendre Miller,Michael Penix Jr.,3,1,-11.9216,0.3144
Chris Olave,Juwan Johnson,Michael Penix Jr.,Nick Folk,Olamide Zaccheaus,Tyler Shough,3,1,-8.8527,6.7651
Chris Olave,Daniel Carlson,Drake London,Falcons,Nick Folk,Tyler Shough,3,1,-8.8532,6.7611
Chris Olave,Bijan Robinson,Kendre Miller,Saints,Tyler Shough,Zachariah Branch,3,1,-10.7725,0.9919
Drake London,Bijan Robinson,Jahan Dotson,Kyle Pitts Sr.,Michael Penix Jr.,Saints,3,1,-10.1392,1.8686
Drake London,Bijan Robinson,Juwan Johnson,Kendre Miller,Kevin Austin Jr.,Tyler Shough,3,1,-10.4069,1.4298
Drake London,Austin Hooper,Bijan Robinson,Chris Blair,Michael Penix Jr.,Tyler Shough,3,1,-10.6699,1.0992
Chris Olave,Alvin Kamara,Drake London,Juwan Johnson,Kendre Miller,Saints,3,1,-10.1465,1.8552
Michael Penix Jr.,Bryce Lance,Chris Olave,Devaughn Vele,Drake London,Kyle Pitts Sr.,3,1,-10.0871,1.9687
Drake London,Bijan Robinson,Devaughn Vele,Falcons,Juwan Johnson,Saints,3,1,-10.151,1.8467
Michael Penix Jr.,Bijan Robinson,Bryce Lance,Drake London,Kyle Pitts Sr.,Nick Folk,3,1,-10.0876,1.9677
Juwan Johnson,Bijan Robinson,Chris Olave,Drake London,Olamide Zaccheaus,Saints,3,1,-9.9026,2.3675
Michael Penix Jr.,Drake London,Jahan Dotson,Juwan Johnson,Kyle Pitts Sr.,Tyler Shough,3,1,-9.8388,2.5234
Bryce Lance,Bijan Robinson,Daniel Carlson,Drake London,Michael Penix Jr.,Tyler Shough,3,1,-9.9654,2.2235
Devaughn Vele,Alvin Kamara,Daniel Carlson,Drake London,Saints,Tyler Shough,3,1,-10.4873,1.3193
Saints,Alvin Kamara,Bijan Robinson,Drake London,Kendre Miller,Tyler Shough,3,1,-10.3221,1.5564
Chris Olave,Bijan Robinson,Daniel Carlson,Juwan Johnson,Kendre Miller,Saints,3,1,-9.717,2.8502
Drake London,Bijan Robinson,Daniel Carlson,Juwan Johnson,Kendre Miller,Nick Folk,3,1,-9.3695,4.0349
Chris Olave,Chris Blair,Daniel Carlson,Drake London,Juwan Johnson,Tyler Shough,3,1,-10.1818,1.7908
Drake London,Austin Hooper,Bijan Robinson,Juwan Johnson,Olamide Zaccheaus,Tyler Shough,3,1,-9.1057,5.2529
Juwan Johnson,Drake London,Jahan Dotson,Kyle Pitts Sr.,Michael Penix Jr.,Tyler Shough,3,1,-9.2043,4.7594
Daniel Carlson,Bijan Robinson,Drake London,Kendre Miller,Nick Folk,Tyler Shough,3,1,-10.9757,0.8096
Tyler Shough,Austin Hooper,Bijan Robinson,Chris Olave,Daniel Carlson,Saints,3,1,-9.2222,4.6751
Tyler Shough,Bryce Lance,Chris Olave,Juwan Johnson,Michael Penix Jr.,Nick Folk,3,1,-8.0083,15.7387
Juwan Johnson,Bijan Robinson,Devaughn Vele,Kendre Miller,Saints,Tyler Shough,3,1,-9.9791,2.1931
Nick Folk,Bijan Robinson,Daniel Carlson,Kendre Miller,Michael Penix Jr.,Tyler Shough,3,1,-10.8803,0.8906
Bijan Robinson,Daniel Carlson,Falcons,Michael Penix Jr.,Saints,Tyler Shough,3,1,-9.0431,5.5917
Juwan Johnson,Bryce Lance,Chris Olave,Drake London,Nick Folk,Tyler Shough,3,1,-8.2509,12.348
Kyle Pitts Sr.,Bijan Robinson,Daniel Carlson,Drake London,Kendre Miller,Tyler Shough,3,1,-9.5728,3.2925
Bijan Robinson,Juwan Johnson,Kendre Miller,Kyle Pitts Sr.,Saints,Tyler Shough,3,1,-9.4643,3.6696
Bijan Robinson,Bryce Lance,Daniel Carlson,Drake London,Saints,Tyler Shough,3,1,-8.378,10.8747
Chris Olave,Drake London,Falcons,Michael Penix Jr.,Oscar Delp,Tyler Shough,3,1,-8.738,7.5871
Drake London,Chris Olave,Juwan Johnson,Michael Penix Jr.,Nick Folk,Zachariah Branch,3,1,-10.2516,1.67
Drake London,Bijan Robinson,Daniel Carlson,Juwan Johnson,Kendre Miller,Kyle Pitts Sr.,3,1,-9.5201,3.4706
Nick Folk,Bryce Lance,Chris Olave,Drake London,Michael Penix Jr.,Tyler Shough,3,1,-9.944,2.2716
Drake London,Austin Hooper,Bijan Robinson,Kendre Miller,Kyle Pitts Sr.,Tyler Shough,3,1,-9.5393,3.4047
Michael Penix Jr.,Devaughn Vele,Juwan Johnson,Kyle Pitts Sr.,Nick Folk,Tyler Shough,3,1,-10.2704,1.6388
Chris Olave,Austin Hooper,Bijan Robinson,Drake London,Kendre Miller,Saints,3,1,-10.2916,1.6046
Michael Penix Jr.,Bijan Robinson,Bryce Lance,Drake London,Juwan Johnson,Kendre Miller,3,1,-9.7269,2.8224
Juwan Johnson,Chris Olave,Falcons,Kyle Pitts Sr.,Michael Penix Jr.,Tyler Shough,3,1,-9.0667,5.4613
Juwan Johnson,Chris Olave,Drake London,Falcons,Michael Penix Jr.,Nick Folk,3,1,-9.4715,3.6435
Juwan Johnson,Austin Hooper,Bijan Robinson,Drake London,Kendre Miller,Michael Penix Jr.,3,1,-9.8256,2.557
Drake London,Chris Olave,Devaughn Vele,Kendre Miller,Michael Penix Jr.,Zachariah Branch,3,1,-11.0288,0.7677
Kyle Pitts Sr.,Alvin Kamara,Drake London,Kendre Miller,Michael Penix Jr.,Tyler Shough,3,1,-10.0511,2.0408
Kyle Pitts Sr.,Bijan Robinson,Chris Olave,Drake London,Falcons,Saints,3,1,-10.6468,1.1248
Kendre Miller,Bijan Robinson,Kyle Pitts Sr.,Michael Penix Jr.,Nick Folk,Tyler Shough,3,1,-10.6395,1.1331
Tyler Shough,Bijan Robinson,Juwan Johnson,Kyle Pitts Sr.,Nick Folk,Saints,3,1,-9.6016,3.199
Tyler Shough,Bijan Robinson,Daniel Carlson,Juwan Johnson,Kyle Pitts Sr.,Noah Fant,3,1,-11.9838,0.2954
Tyler Shough,Alvin Kamara,Chris Olave,Daniel Carlson,Kyle Pitts Sr.,Saints,3,1,-9.7682,2.708
Chris Olave,Drake London,Juwan Johnson,Kendre Miller,Kyle Pitts Sr.,Nick Folk,3,1,-9.8787,2.4247
Tyler Shough,Chris Olave,Daniel Carlson,Drake London,Kevin Austin Jr.,Michael Penix Jr.,3,1,-9.9912,2.1668
Daniel Carlson,Chris Olave,Drake London,Juwan Johnson,Michael Penix Jr.,Nick Folk,3,1,-10.8023,0.9628
Drake London,Bijan Robinson,Devaughn Vele,Michael Penix Jr.,Olamide Zaccheaus,Saints,3,1,-10.3818,1.4662
Kendre Miller,Bijan Robinson,Chris Olave,Nick Folk,Saints,Tyler Shough,3,1,-10.7455,1.0191
Saints,Bijan Robinson,Chris Olave,Drake London,Oscar Delp,Tyler Shough,3,1,-9.4914,3.5719
Drake London,Chris Olave,Daniel Carlson,Michael Penix Jr.,Treyton Welch,Tyler Shough,3,1,-10.4023,1.4363
Drake London,Chris Olave,Daniel Carlson,Juwan Johnson,Kyle Pitts Sr.,Nick Folk,3,1,-9.283,4.3993
Michael Penix Jr.,Austin Hooper,Chris Olave,Drake London,Juwan Johnson,Nick Folk,3,1,-10.223,1.7185
Chris Olave,Austin Hooper,Devaughn Vele,Michael Penix Jr.,Saints,Tyler Shough,3,1,-9.8109,2.5948
Drake London,Austin Hooper,Devaughn Vele,Michael Penix Jr.,Nick Folk,Tyler Shough,3,1,-9.4634,3.6732
Tyler Shough,Bijan Robinson,Bryce Lance,Chris Olave,Kendre Miller,Saints,3,1,-9.0426,5.5946
Saints,Austin Hooper,Bijan Robinson,Chris Olave,Juwan Johnson,Tyler Shough,3,1,-9.7755,2.6884
Tyler Shough,Bijan Robinson,Daniel Carlson,Juwan Johnson,Nick Folk,Saints,3,1,-9.2277,4.6495
Chris Olave,Austin Hooper,Drake London,Kendre Miller,Nick Folk,Tyler Shough,3,1,-9.524,3.4572
Michael Penix Jr.,Chris Olave,Daniel Carlson,Drake London,Oscar Delp,Tyler Shough,3,1,-9.1602,4.974
Devaughn Vele,Austin Hooper,Chris Olave,Drake London,Saints,Tyler Shough,3,1,-10.4085,1.4275
Drake London,Chris Olave,Juwan Johnson,Michael Penix Jr.,Nick Folk,Olamide Zaccheaus,3,1,-9.366,4.0487
Tyler Shough,Bijan Robinson,Drake London,Juwan Johnson,Olamide Zaccheaus,Saints,3,1,-9.4125,3.8649
Michael Penix Jr.,Daniel Carlson,Devaughn Vele,Drake London,Juwan Johnson,Nick Folk,3,1,-10.4519,1.3668
Kyle Pitts Sr.,Chris Olave,Daniel Carlson,Michael Penix Jr.,Nick Folk,Tyler Shough,3,1,-9.3846,3.9744
Saints,Bijan Robinson,Chris Olave,Falcons,Nick Folk,Tyler Shough,3,1,-10.199,1.7602
Juwan Johnson,Daniel Carlson,Devaughn Vele,Kyle Pitts Sr.,Michael Penix Jr.,Tyler Shough,3,1,-9.4127,3.8642
Saints,Alvin Kamara,Chris Olave,Daniel Carlson,Drake London,Tyler Shough,3,1,-9.8617,2.4664
Kyle Pitts Sr.,Chris Olave,Drake London,Falcons,Juwan Johnson,Michael Penix Jr.,3,1,-9.9429,2.2739
Chris Olave,Juwan Johnson,Kendre Miller,Michael Penix Jr.,Olamide Zaccheaus,Tyler Shough,3,1,-9.1831,4.8614
Kendre Miller,Alvin Kamara,Chris Olave,Drake London,Saints,Tyler Shough,3,1,-10.9517,0.8292
Drake London,Chris Blair,Chris Olave,Falcons,Michael Penix Jr.,Tyler Shough,3,1,-10.6462,1.1255
Drake London,Austin Hooper,Chris Olave,Daniel Carlson,Juwan Johnson,Michael Penix Jr.,3,1,-8.992,5.8851
Drake London,Bryce Lance,Chris Olave,Juwan Johnson,Kendre Miller,Tyler Shough,3,1,-8.2082,12.8874
Daniel Carlson,Chris Olave,Drake London,Juwan Johnson,Kendre Miller,Tyler Shough,3,1,-10.5285,1.2661
Michael Penix Jr.,Austin Hooper,Devaughn Vele,Drake London,Kyle Pitts Sr.,Tyler Shough,3,1,-10.6217,1.1534
Kyle Pitts Sr.,Austin Hooper,Chris Olave,Juwan Johnson,Michael Penix Jr.,Tyler Shough,3,1,-9.5045,3.5251
Michael Penix Jr.,Austin Hooper,Bijan Robinson,Juwan Johnson,Saints,Tyler Shough,3,1,-10.2366,1.6952
Saints,Bijan Robinson,Chris Olave,Drake London,Falcons,Nick Folk,3,1,-10.7544,1.0101
Michael Penix Jr.,Bijan Robinson,Daniel Carlson,Drake London,Nick Folk,Saints,3,1,-10.672,1.0968
Michael Penix Jr.,Chris Olave,Drake London,Falcons,Olamide Zaccheaus,Tyler Shough,3,1,-10.0527,2.0376
Michael Penix Jr.,Chris Olave,Drake London,Juwan Johnson,Kyle Pitts Sr.,Olamide Zaccheaus,3,1,-10.5244,1.2713
Drake London,Austin Hooper,Daniel Carlson,Devaughn Vele,Michael Penix Jr.,Tyler Shough,3,1,-9.2401,4.5921
Tyler Shough,Chris Olave,Daniel Carlson,Kendre Miller,Kyle Pitts Sr.,Michael Penix Jr.,3,1,-9.1027,5.2684
Tyler Shough,Bijan Robinson,Juwan Johnson,Kendre Miller,Nick Folk,Saints,3,1,-9.7814,2.6726
Drake London,Chris Olave,Juwan Johnson,Kendre Miller,Michael Penix Jr.,Zachariah Branch,3,1,-10.5821,1.2001
Tyler Shough,Chris Olave,Daniel Carlson,Juwan Johnson,Kendre Miller,Kyle Pitts Sr.,3,1,-9.1398,5.0767
Tyler Shough,Austin Hooper,Chris Olave,Drake London,Juwan Johnson,Noah Fant,3,1,-11.9605,0.3024
Chris Olave,Devaughn Vele,Kendre Miller,Kyle Pitts Sr.,Saints,Tyler Shough,3,1,-10.4324,1.3938
Drake London,Chris Olave,Devaughn Vele,Olamide Zaccheaus,Saints,Tyler Shough,3,1,-9.8708,2.4439
Saints,Alvin Kamara,Chris Olave,Drake London,Kendre Miller,Tyler Shough,3,1,-10.4154,1.4177
Falcons,Bijan Robinson,Juwan Johnson,Michael Penix Jr.,Saints,Tyler Shough,3,1,-10.6211,1.1542
Drake London,Austin Hooper,Chris Olave,Juwan Johnson,Noah Fant,Tyler Shough,3,1,-11.8788,0.3281
Tyler Shough,Daniel Carlson,Drake London,Falcons,Juwan Johnson,Michael Penix Jr.,3,1,-8.7581,7.4359
Drake London,Daniel Carlson,Devaughn Vele,Juwan Johnson,Kendre Miller,Michael Penix Jr.,3,1,-9.7747,2.6906
Kendre Miller,Devaughn Vele,Drake London,Kyle Pitts Sr.,Michael Penix Jr.,Tyler Shough,3,1,-10.9958,0.7934
Tyler Shough,Bryce Lance,Drake London,Juwan Johnson,Kyle Pitts Sr.,Michael Penix Jr.,3,1,-8.5158,9.4752
Drake London,Bijan Robinson,Falcons,Kendre Miller,Saints,Tyler Shough,3,1,-9.934,2.2944
Drake London,Alvin Kamara,Juwan Johnson,Kendre Miller,Saints,Tyler Shough,3,1,-9.9059,2.3598
Michael Penix Jr.,Daniel Carlson,Drake London,Kyle Pitts Sr.,Nick Folk,Tyler Shough,3,1,-10.0551,2.0327
Juwan Johnson,Chris Olave,Daniel Carlson,Michael Penix Jr.,Saints,Tyler Shough,3,1,-9.035,5.6377
Drake London,Chris Olave,Juwan Johnson,Kendre Miller,Michael Penix Jr.,Olamide Zaccheaus,3,1,-9.6965,2.9093
Drake London,Devaughn Vele,Juwan Johnson,Kyle Pitts Sr.,Saints,Tyler Shough,3,1,-9.8762,2.4309
Tyler Shough,Chris Olave,Daniel Carlson,Drake London,Kyle Pitts Sr.,Saints,3,1,-9.3857,3.9698
Tyler Shough,Chris Olave,Devaughn Vele,Kendre Miller,Kyle Pitts Sr.,Saints,3,1,-10.4721,1.3396
Chris Olave,Daniel Carlson,Drake London,Falcons,Saints,Tyler Shough,3,1,-9.5156,3.4863
Saints,Austin Hooper,Bijan Robinson,Drake London,Michael Penix Jr.,Tyler Shough,3,1,-10.0952,1.9527
Saints,Bijan Robinson,Bryce Lance,Drake London,Michael Penix Jr.,Tyler Shough,3,1,-9.362,4.0653
Drake London,Juwan Johnson,Kyle Pitts Sr.,Michael Penix Jr.,Olamide Zaccheaus,Tyler Shough,3,1,-9.3181,4.2475
Drake London,Chris Olave,Kendre Miller,Nick Folk,Saints,Tyler Shough,3,1,-9.7071,2.8787
Drake London,Bijan Robinson,Falcons,Kendre Miller,Michael Penix Jr.,Saints,3,1,-10.5383,1.2538
Drake London,Devaughn Vele,Falcons,Michael Penix Jr.,Saints,Tyler Shough,3,1,-10.0087,2.1291
Chris Olave,Daniel Carlson,Kendre Miller,Michael Penix Jr.,Saints,Tyler Shough,3,1,-9.5747,3.2862
Drake London,Chris Olave,Daniel Carlson,Kyle Pitts Sr.,Michael Penix Jr.,Saints,3,1,-9.9083,2.3541
Drake London,Chris Olave,Kendre Miller,Kyle Pitts Sr.,Michael Penix Jr.,Saints,3,1,-10.462,1.3531
Saints,Chris Olave,Drake London,Juwan Johnson,Kendre Miller,Tyler Shough,3,1,-10.1188,1.9071
Tyler Shough,Drake London,Juwan Johnson,Kendre Miller,Michael Penix Jr.,Saints,3,1,-9.654,3.0358
Juwan Johnson,Drake London,Kendre Miller,Michael Penix Jr.,Saints,Tyler Shough,3,1,-9.9455,2.2681
Kendre Miller,Charlie Smyth,Daniel Carlson,Kyle Pitts Sr.,Nick Folk,Noah Fant,3,1,-20.5585,0.0001
Bijan Robinson,Alvin Kamara,Brian Robinson Jr.,Devaughn Vele,Jahan Dotson,Tyler Shough,2,1,-8.4318,10.3047
Bijan Robinson,Alvin Kamara,Brian Robinson Jr.,Devaughn Vele,Drake London,Jahan Dotson,2,1,-8.9872,5.9133
Bijan Robinson,Brian Robinson Jr.,Chris Olave,Devaughn Vele,Jahan Dotson,Kyle Pitts Sr.,2,1,-9.025,5.6939
Nick Folk,Alvin Kamara,Bijan Robinson,Brian Robinson Jr.,Chris Olave,Devaughn Vele,2,1,-11.0187,0.7755
Brian Robinson Jr.,Alvin Kamara,Bijan Robinson,Drake London,Nick Folk,Tyler Shough,2,1,-9.9749,2.2023
Brian Robinson Jr.,Alvin Kamara,Austin Hooper,Bijan Robinson,Chris Olave,Drake London,2,1,-10.6108,1.1661
Alvin Kamara,Bijan Robinson,Brian Robinson Jr.,Bryce Lance,Chris Olave,Tyler Shough,2,1,-8.2583,12.2579
Alvin Kamara,Bijan Robinson,Brian Robinson Jr.,Chris Olave,Drake London,Zachariah Branch,2,1,-10.5833,1.1986
Alvin Kamara,Bijan Robinson,Brian Robinson Jr.,Devaughn Vele,Drake London,Kyle Pitts Sr.,2,1,-10.1498,1.849
Brian Robinson Jr.,Alvin Kamara,Bijan Robinson,Drake London,Kyle Pitts Sr.,Tyler Shough,2,1,-10.1256,1.8943
Devaughn Vele,Alvin Kamara,Bijan Robinson,Brian Robinson Jr.,Nick Folk,Tyler Shough,2,1,-9.4053,3.8929
Alvin Kamara,Bijan Robinson,Brian Robinson Jr.,Chris Olave,Falcons,Michael Penix Jr.,2,1,-9.4788,3.6169
Alvin Kamara,Bijan Robinson,Brian Robinson Jr.,Bryce Lance,Chris Olave,Drake London,2,1,-8.8137,7.0341
Bijan Robinson,Alvin Kamara,Brian Robinson Jr.,Chris Olave,Juwan Johnson,Olamide Zaccheaus,2,1,-8.6707,8.1149
Chris Olave,Alvin Kamara,Bijan Robinson,Brian Robinson Jr.,Charlie Woerner,Tyler Shough,2,1,-10.014,2.1179
Brian Robinson Jr.,Alvin Kamara,Bijan Robinson,Kyle Pitts Sr.,Michael Penix Jr.,Tyler Shough,2,1,-10.1745,1.804
Brian Robinson Jr.,Alvin Kamara,Bijan Robinson,Drake London,Michael Penix Jr.,Nick Folk,2,1,-10.5792,1.2035
Daniel Carlson,Alvin Kamara,Bijan Robinson,Brian Robinson Jr.,Chris Olave,Devaughn Vele,2,1,-10.9397,0.8392
Brian Robinson Jr.,Bijan Robinson,Chris Olave,Devaughn Vele,Drake London,Falcons,2,1,-10.6439,1.1281
Bijan Robinson,Brian Robinson Jr.,Chris Olave,Devaughn Vele,Khalil Herbert,Tyler Shough,2,1,-12.0683,0.2715
Bijan Robinson,Brian Robinson Jr.,Chris Olave,Devaughn Vele,Nick Muse,Tyler Shough,2,1,-11.6301,0.4208
Juwan Johnson,Bijan Robinson,Brian Robinson Jr.,Chris Olave,Devaughn Vele,Jahan Dotson,2,1,-9.0931,5.3192
Chris Olave,Alvin Kamara,Barion Brown,Bijan Robinson,Brian Robinson Jr.,Drake London,2,1,-11.061,0.7434
Bijan Robinson,Alvin Kamara,Brian Robinson Jr.,Kyle Pitts Sr.,Nick Folk,Tyler Shough,2,1,-8.5753,8.9276
Bijan Robinson,Alvin Kamara,Austin Hooper,Brian Robinson Jr.,Devaughn Vele,Michael Penix Jr.,2,1,-9.3723,4.0233
Brian Robinson Jr.,Alvin Kamara,Bijan Robinson,Chris Olave,Drake London,Saints,2,1,-10.8359,0.931
Chris Olave,Alvin Kamara,Bijan Robinson,Brian Robinson Jr.,Falcons,Nick Folk,2,1,-9.3715,4.0268
Bijan Robinson,Austin Hooper,Brian Robinson Jr.,Chris Olave,Jahan Dotson,Tyler Shough,2,1,-8.2236,12.6903
Brian Robinson Jr.,Alvin Kamara,Bijan Robinson,Drake London,Kendre Miller,Tyler Shough,2,1,-10.3054,1.5826
Bijan Robinson,Alvin Kamara,Brian Robinson Jr.,Drake London,Michael Penix Jr.,Zachariah Branch,2,1,-9.876,2.4313
Alvin Kamara,Bijan Robinson,Brian Robinson Jr.,Drake London,Juwan Johnson,Kyle Pitts Sr.,2,1,-9.7031,2.8903
Chris Olave,Bijan Robinson,Brian Robinson Jr.,CJ Donaldson,Devaughn Vele,Michael Penix Jr.,2,1,-9.9019,2.3691
Alvin Kamara,Brian Robinson Jr.,Chris Olave,Devaughn Vele,Juwan Johnson,Michael Penix Jr.,2,1,-9.6008,3.2015
Brian Robinson Jr.,Bijan Robinson,Devaughn Vele,Michael Penix Jr.,Nick Folk,Tyler Shough,2,1,-10.174,1.8049
Bijan Robinson,Alvin Kamara,Brian Robinson Jr.,Daniel Carlson,Drake London,Nick Folk,2,1,-8.7568,7.4459
Chris Olave,Alvin Kamara,Bijan Robinson,Brian Robinson Jr.,Kendre Miller,Kyle Pitts Sr.,2,1,-9.5323,3.4284
Drake London,Alvin Kamara,Barion Brown,Bijan Robinson,Brian Robinson Jr.,Chris Olave,2,1,-11.019,0.7753
Brian Robinson Jr.,Bijan Robinson,Chris Olave,Drake London,Kyle Pitts Sr.,Nick Folk,2,1,-10.5681,1.2169
Tyler Shough,Bijan Robinson,Brian Robinson Jr.,Devaughn Vele,Jahan Dotson,Juwan Johnson,2,1,-8.603,8.6837
Juwan Johnson,Bijan Robinson,Brian Robinson Jr.,Chris Olave,Jahan Dotson,Michael Penix Jr.,2,1,-8.6093,8.6286
Bijan Robinson,Alvin Kamara,Brian Robinson Jr.,Daniel Carlson,Drake London,Kyle Pitts Sr.,2,1,-8.9074,6.4046
Devaughn Vele,Alvin Kamara,Bijan Robinson,Brian Robinson Jr.,Drake London,Kendre Miller,2,1,-10.2911,1.6053
Bijan Robinson,Austin Hooper,Brian Robinson Jr.,Chris Olave,Devaughn Vele,Nick Folk,2,1,-9.2106,4.7295
Drake London,Alvin Kamara,Bijan Robinson,Brian Robinson Jr.,Devaughn Vele,Falcons,2,1,-9.5924,3.2284
Falcons,Alvin Kamara,Bijan Robinson,Brian Robinson Jr.,Chris Olave,Drake London,2,1,-10.2122,1.7372
Brian Robinson Jr.,Bijan Robinson,Chris Olave,Drake London,Oscar Delp,Tyler Shough,2,1,-9.4747,3.6319
Bijan Robinson,Brian Robinson Jr.,CJ Donaldson,Chris Olave,Kyle Pitts Sr.,Tyler Shough,2,1,-9.1141,5.2087
Brian Robinson Jr.,Bijan Robinson,Devaughn Vele,Juwan Johnson,Kyle Pitts Sr.,Tyler Shough,2,1,-10.3617,1.496
Juwan Johnson,Alvin Kamara,Bijan Robinson,Brian Robinson Jr.,Nick Folk,Tyler Shough,2,1,-8.6433,8.3402
Bijan Robinson,Alvin Kamara,Brian Robinson Jr.,Chris Olave,Kyle Pitts Sr.,Saints,2,1,-9.4362,3.7742
Devaughn Vele,Alvin Kamara,Brian Robinson Jr.,Chris Olave,Juwan Johnson,Michael Penix Jr.,2,1,-9.5624,3.3269
Nick Folk,Bijan Robinson,Brian Robinson Jr.,Chris Olave,Devaughn Vele,Juwan Johnson,2,1,-10.7222,1.0432
Bijan Robinson,Brian Robinson Jr.,Chris Olave,Daniel Carlson,Devaughn Vele,Falcons,2,1,-8.8704,6.6464
Brian Robinson Jr.,Bijan Robinson,Chris Olave,Daniel Carlson,Drake London,Nick Folk,2,1,-10.1942,1.7686
Brian Robinson Jr.,Bijan Robinson,Bryce Lance,Chris Olave,Juwan Johnson,Tyler Shough,2,1,-9.0255,5.691
Bijan Robinson,Alvin Kamara,Brian Robinson Jr.,Kendre Miller,Kyle Pitts Sr.,Tyler Shough,2,1,-8.9057,6.4153
Devaughn Vele,Bijan Robinson,Brian Robinson Jr.,Chris Olave,Oscar Delp,Tyler Shough,2,1,-8.905,6.4198
Bijan Robinson,Alvin Kamara,Brian Robinson Jr.,Daniel Carlson,Kyle Pitts Sr.,Michael Penix Jr.,2,1,-8.9563,6.099
Bijan Robinson,Brian Robinson Jr.,Cedric Tillman,Chris Olave,Drake London,Juwan Johnson,2,1,-13.5633,0.0609
Bijan Robinson,Alvin Kamara,Chris Olave,Jahan Dotson,Oscar Delp,Tyler Shough,2,1,-7.9742,16.2843
Tyler Shough,Alvin Kamara,Bijan Robinson,Brian Robinson Jr.,Charlie Smyth,Devaughn Vele,2,1,-12.837,0.1259
Drake London,Alvin Kamara,Bijan Robinson,Brian Robinson Jr.,Tyler Shough,Zachariah Branch,2,1,-9.6577,3.0243
Bijan Robinson,Brian Robinson Jr.,Devaughn Vele,Juwan Johnson,Tyler Shough,Zachariah Branch,2,1,-9.5078,3.5135
Brian Robinson Jr.,Bijan Robinson,Daniel Carlson,Devaughn Vele,Drake London,Michael Penix Jr.,2,1,-10.5061,1.2948
Kyle Pitts Sr.,Bijan Robinson,Brian Robinson Jr.,Chris Olave,Jahan Dotson,Tyler Shough,2,1,-9.017,5.7397
Tyler Shough,Alvin Kamara,Bijan Robinson,Brian Robinson Jr.,Falcons,Michael Penix Jr.,2,1,-8.635,8.41
Bijan Robinson,Brian Robinson Jr.,Chris Blair,Devaughn Vele,Drake London,Tyler Shough,2,1,-10.1376,1.8716
Chris Olave,Bijan Robinson,Brian Robinson Jr.,Devaughn Vele,Juwan Johnson,Olamide Zaccheaus,2,1,-9.2489,4.5519
Bijan Robinson,Alvin Kamara,Chris Olave,Drake London,Jahan Dotson,Kevin Austin Jr.,2,1,-10.2866,1.6125
Bijan Robinson,Brian Robinson Jr.,Chris Olave,Nick Folk,Oscar Delp,Tyler Shough,2,1,-7.9244,17.1164
Tyler Shough,Bijan Robinson,Brian Robinson Jr.,Chris Olave,Jahan Dotson,Kendre Miller,2,1,-8.5845,8.8454
Brian Robinson Jr.,Alvin Kamara,Chris Olave,Drake London,Kyle Pitts Sr.,Michael Penix Jr.,2,1,-10.8232,0.9429
Devaughn Vele,Austin Hooper,Bijan Robinson,Brian Robinson Jr.,Chris Olave,Juwan Johnson,2,1,-9.7446,2.7728
Daniel Carlson,Alvin Kamara,Bijan Robinson,Brian Robinson Jr.,Drake London,Tyler Shough,2,1,-10.2085,1.7436
Bijan Robinson,Brian Robinson Jr.,Devaughn Vele,Drake London,Juwan Johnson,Zachariah Branch,2,1,-10.0632,2.0162
Brian Robinson Jr.,Bijan Robinson,Chris Olave,Kendre Miller,Kyle Pitts Sr.,Tyler Shough,2,1,-10.3432,1.5238
Drake London,Bijan Robinson,Brian Robinson Jr.,Chris Olave,Devaughn Vele,Kevin Austin Jr.,2,1,-10.529,1.2655
Chris Olave,Bijan Robinson,Brian Robinson Jr.,CJ Donaldson,Kyle Pitts Sr.,Tyler Shough,2,1,-9.5421,3.3951
Brian Robinson Jr.,Chris Olave,Devaughn Vele,Drake London,Nick Folk,Tyler Shough,2,1,-10.2184,1.7264
Bijan Robinson,Brian Robinson Jr.,Devaughn Vele,Juwan Johnson,Kyle Pitts Sr.,Nick Folk,2,1,-9.3668,4.0458
Tyler Shough,Alvin Kamara,Austin Hooper,Bijan Robinson,Brian Robinson Jr.,Michael Penix Jr.,2,1,-8.752,7.4814
Tyler Shough,Alvin Kamara,Bijan Robinson,Brian Robinson Jr.,Bryce Lance,Michael Penix Jr.,2,1,-8.0187,15.5754
Tyler Shough,Alvin Kamara,Bijan Robinson,Brian Robinson Jr.,Devaughn Vele,Saints,2,1,-9.4609,3.6823
Bijan Robinson,Austin Hooper,Brian Robinson Jr.,Chris Olave,Juwan Johnson,Nick Folk,2,1,-8.7639,7.3929
Drake London,Alvin Kamara,Bijan Robinson,Brian Robinson Jr.,Falcons,Juwan Johnson,2,1,-9.1457,5.0465
Chris Olave,Bijan Robinson,Brian Robinson Jr.,Charlie Woerner,Drake London,Juwan Johnson,2,1,-10.2729,1.6349
Bijan Robinson,Brian Robinson Jr.,Devaughn Vele,Falcons,Kyle Pitts Sr.,Tyler Shough,2,1,-9.0457,5.5777
Bijan Robinson,Alvin Kamara,Chris Olave,Jahan Dotson,Kendre Miller,Nick Folk,2,1,-9.2475,4.5583
Chris Olave,Alvin Kamara,Bijan Robinson,Jahan Dotson,Oscar Delp,Tyler Shough,2,1,-8.4022,10.6143
Devaughn Vele,Alvin Kamara,Bijan Robinson,Jahan Dotson,Kyle Pitts Sr.,Tyler Shough,2,1,-9.8497,2.496
Chris Olave,Bijan Robinson,Brian Robinson Jr.,Daniel Carlson,Devaughn Vele,Kendre Miller,2,1,-9.3086,4.2881
Chris Olave,Bijan Robinson,Brian Robinson Jr.,CJ Donaldson,Daniel Carlson,Tyler Shough,2,1,-9.1682,4.9345
Bijan Robinson,Brian Robinson Jr.,Bryce Lance,Chris Olave,Kyle Pitts Sr.,Michael Penix Jr.,2,1,-8.1442,13.7383
Drake London,Alvin Kamara,Brian Robinson Jr.,Chris Olave,Daniel Carlson,Devaughn Vele,2,1,-9.1423,5.0639
Bijan Robinson,Alvin Kamara,Devaughn Vele,Falcons,Jahan Dotson,Michael Penix Jr.,2,1,-9.5491,3.3713
Juwan Johnson,Bijan Robinson,Brian Robinson Jr.,Jahan Dotson,Michael Penix Jr.,Tyler Shough,2,1,-8.4107,10.5243
Bijan Robinson,Austin Hooper,Brian Robinson Jr.,Devaughn Vele,Nick Folk,Tyler Shough,2,1,-9.012,5.7685
Bijan Robinson,Alvin Kamara,Drake London,Jahan Dotson,Tyler Shough,Zachariah Branch,2,1,-9.5655,3.3164
Juwan Johnson,Bijan Robinson,Brian Robinson Jr.,CJ Donaldson,Chris Olave,Drake London,2,1,-9.7376,2.7923
Devaughn Vele,Bijan Robinson,Brian Robinson Jr.,Chris Olave,Kendre Miller,Kyle Pitts Sr.,2,1,-10.329,1.5457
Juwan Johnson,Alvin Kamara,Bijan Robinson,CJ Donaldson,Chris Olave,Devaughn Vele,2,1,-10.219,1.7253
Tyler Shough,Bijan Robinson,Brian Robinson Jr.,Chris Olave,Michael Penix Jr.,Zamir White,2,1,-12.7454,0.1379
Chris Olave,Bijan Robinson,Brian Robinson Jr.,Drake London,Kyle Pitts Sr.,Zachariah Branch,2,1,-10.293,1.6024
Drake London,Alvin Kamara,Bijan Robinson,Brian Robinson Jr.,Devaughn Vele,Saints,2,1,-9.9346,2.293
Michael Penix Jr.,Bijan Robinson,Brian Robinson Jr.,Chris Olave,Devaughn Vele,Olamide Zaccheaus,2,1,-10.1776,1.7984
Alvin Kamara,Chris Olave,Devaughn Vele,Jahan Dotson,Juwan Johnson,Tyler Shough,2,1,-9.2903,4.3671
Alvin Kamara,Bijan Robinson,CJ Donaldson,Chris Olave,Drake London,Nick Folk,2,1,-10.5806,1.2019
Chris Olave,Bijan Robinson,Brian Robinson Jr.,Devaughn Vele,Kyle Pitts Sr.,Olamide Zaccheaus,2,1,-9.94,2.2805
Chris Olave,Alvin Kamara,Bijan Robinson,Bryce Lance,Jahan Dotson,Michael Penix Jr.,2,1,-8.4714,9.9046
Chris Olave,Bijan Robinson,Brian Robinson Jr.,Falcons,Juwan Johnson,Nick Folk,2,1,-9.0749,5.4169
Nick Folk,Alvin Kamara,Brian Robinson Jr.,Chris Olave,Drake London,Tyler Shough,2,1,-10.3808,1.4676
Bijan Robinson,Brian Robinson Jr.,Chris Olave,Falcons,Kyle Pitts Sr.,Nick Folk,2,1,-9.3381,4.1635
Jahan Dotson,Alvin Kamara,Bijan Robinson,Chris Olave,Kendre Miller,Tyler Shough,2,1,-10.65,1.1212
Jahan Dotson,Alvin Kamara,Bijan Robinson,Chris Olave,Daniel Carlson,Michael Penix Jr.,2,1,-10.7006,1.0659
Tyler Shough,Brian Robinson Jr.,Chris Olave,Devaughn Vele,Jahan Dotson,Juwan Johnson,2,1,-8.6963,7.9098
Juwan Johnson,Alvin Kamara,Bijan Robinson,Devaughn Vele,Jahan Dotson,Michael Penix Jr.,2,1,-9.4476,3.7316
Devaughn Vele,Bijan Robinson,Brian Robinson Jr.,Juwan Johnson,Kyle Pitts Sr.,Michael Penix Jr.,2,1,-9.8637,2.4615
Michael Penix Jr.,Alvin Kamara,Austin Hooper,Bijan Robinson,Brian Robinson Jr.,Drake London,2,1,-10.2334,1.7007
Chris Olave,Alvin Kamara,Brian Robinson Jr.,Juwan Johnson,Kyle Pitts Sr.,Michael Penix Jr.,2,1,-9.1604,4.9731
Bijan Robinson,Brian Robinson Jr.,Bryce Lance,Chris Olave,Drake London,Falcons,2,1,-8.2649,12.1763
Alvin Kamara,Bijan Robinson,Drake London,Jahan Dotson,Michael Penix Jr.,Nick Folk,2,1,-9.8092,2.5994
Chris Olave,Alvin Kamara,Bijan Robinson,Daniel Carlson,Jahan Dotson,Kyle Pitts Sr.,2,1,-9.2724,4.446
Brian Robinson Jr.,Bijan Robinson,Daniel Carlson,Drake London,Juwan Johnson,Michael Penix Jr.,2,1,-10.0594,2.0239
Bijan Robinson,Chris Olave,Daniel Carlson,Devaughn Vele,Jahan Dotson,Nick Folk,2,1,-8.8439,6.8245
Nick Folk,Bijan Robinson,Brian Robinson Jr.,Chris Olave,Daniel Carlson,Tyler Shough,2,1,-9.9514,2.2548
Devaughn Vele,Alvin Kamara,Bijan Robinson,Chris Blair,Chris Olave,Juwan Johnson,2,1,-11.4455,0.5061
Bijan Robinson,Alvin Kamara,Falcons,Jahan Dotson,Juwan Johnson,Tyler Shough,2,1,-8.4981,9.6435
Michael Penix Jr.,Bijan Robinson,Brian Robinson Jr.,Chris Olave,Treyton Welch,Tyler Shough,2,1,-10.9904,0.7977
Bijan Robinson,Brian Robinson Jr.,Chris Olave,Juwan Johnson,Kyle Pitts Sr.,Noah Fant,2,1,-11.7451,0.375
Juwan Johnson,Alvin Kamara,Brian Robinson Jr.,Chris Olave,Nick Folk,Tyler Shough,2,1,-8.7367,7.597
Alvin Kamara,Bijan Robinson,CJ Donaldson,Chris Olave,Daniel Carlson,Tyler Shough,2,1,-9.8019,2.6183
Chris Olave,Bijan Robinson,Brian Robinson Jr.,Kyle Pitts Sr.,Michael Penix Jr.,Zachariah Branch,2,1,-10.3418,1.5259
Chris Olave,Bijan Robinson,Brian Robinson Jr.,Devaughn Vele,Nick Folk,Saints,2,1,-9.8637,2.4613
Bijan Robinson,Barion Brown,Brian Robinson Jr.,Drake London,Juwan Johnson,Tyler Shough,2,1,-10.1379,1.8712
Bijan Robinson,Brian Robinson Jr.,Devaughn Vele,Falcons,Kyle Pitts Sr.,Michael Penix Jr.,2,1,-9.6499,3.048
Juwan Johnson,Bijan Robinson,Brian Robinson Jr.,Chris Olave,Kyle Pitts Sr.,Nick Folk,2,1,-9.2366,4.6084
Chris Olave,Alvin Kamara,Bijan Robinson,Jahan Dotson,Michael Penix Jr.,Olamide Zaccheaus,2,1,-9.3555,4.0917
Jahan Dotson,Alvin Kamara,Chris Olave,Devaughn Vele,Drake London,Tyler Shough,2,1,-10.6759,1.0926
Bijan Robinson,Brian Robinson Jr.,Chris Olave,Falcons,Juwan Johnson,Kendre Miller,2,1,-8.9774,5.9719
Devaughn Vele,Austin Hooper,Bijan Robinson,Brian Robinson Jr.,Michael Penix Jr.,Tyler Shough,2,1,-9.5089,3.5097
Bijan Robinson,Bryce Lance,Chris Olave,Devaughn Vele,Jahan Dotson,Juwan Johnson,2,1,-8.2306,12.6013
Chris Olave,Bijan Robinson,Brian Robinson Jr.,Daniel Carlson,Falcons,Michael Penix Jr.,2,1,-8.8146,7.0275
Bijan Robinson,Austin Hooper,Brian Robinson Jr.,Chris Olave,Falcons,Michael Penix Jr.,2,1,-9.0471,5.5697
Daniel Carlson,Bijan Robinson,Brian Robinson Jr.,Chris Olave,Nick Folk,Tyler Shough,2,1,-10.0956,1.9519
Nick Folk,Bijan Robinson,Brian Robinson Jr.,Chris Olave,Kyle Pitts Sr.,Michael Penix Jr.,2,1,-10.9296,0.8478
Bijan Robinson,Alvin Kamara,Daniel Carlson,Jahan Dotson,Juwan Johnson,Michael Penix Jr.,2,1,-8.5589,9.0748
Devaughn Vele,Alvin Kamara,Brian Robinson Jr.,Drake London,Kyle Pitts Sr.,Tyler Shough,2,1,-10.0061,2.1348
Jahan Dotson,Alvin Kamara,Bijan Robinson,Drake London,Juwan Johnson,Michael Penix Jr.,2,1,-10.7401,1.0246
Drake London,Bijan Robinson,Brian Robinson Jr.,Charlie Woerner,Chris Olave,Juwan Johnson,2,1,-10.2309,1.705
Brian Robinson Jr.,Bijan Robinson,Juwan Johnson,Kendre Miller,Michael Penix Jr.,Tyler Shough,2,1,-10.0577,2.0273
Bijan Robinson,Brian Robinson Jr.,Daniel Carlson,Devaughn Vele,Drake London,Kendre Miller,2,1,-9.2374,4.6046
Bijan Robinson,Alvin Kamara,Devaughn Vele,Jahan Dotson,Saints,Tyler Shough,2,1,-9.287,4.3818
Chris Olave,Alvin Kamara,Bijan Robinson,Bryce Lance,Daniel Carlson,Devaughn Vele,2,1,-8.6309,8.4445
Alvin Kamara,Bijan Robinson,Chris Blair,Chris Olave,Nick Folk,Tyler Shough,2,1,-10.9364,0.842
Drake London,Bijan Robinson,Brian Robinson Jr.,Devaughn Vele,Kyle Pitts Sr.,Nick Folk,2,1,-9.6668,2.997
Bijan Robinson,Alvin Kamara,Chris Blair,Chris Olave,Juwan Johnson,Nick Folk,2,1,-10.4648,1.3494
Tyler Shough,Bijan Robinson,CJ Donaldson,Chris Olave,Devaughn Vele,Jahan Dotson,2,1,-9.6311,3.1059
Bijan Robinson,Brian Robinson Jr.,Juwan Johnson,Michael Penix Jr.,Oscar Delp,Tyler Shough,2,1,-7.7896,19.5871
Tyler Shough,Bijan Robinson,Brian Robinson Jr.,Bryce Lance,Chris Olave,Kyle Pitts Sr.,2,1,-8.0077,15.7487
Drake London,Barion Brown,Bijan Robinson,Brian Robinson Jr.,Chris Olave,Juwan Johnson,2,1,-10.7225,1.0429
Juwan Johnson,Barion Brown,Bijan Robinson,Brian Robinson Jr.,Chris Olave,Tyler Shough,2,1,-10.5403,1.2513
Bijan Robinson,Brian Robinson Jr.,Chris Olave,Juwan Johnson,Nick Folk,Saints,2,1,-8.989,5.9026
Chris Olave,Bijan Robinson,Brian Robinson Jr.,Daniel Carlson,Olamide Zaccheaus,Tyler Shough,2,1,-8.4781,9.8387
Chris Olave,Brian Robinson Jr.,Drake London,Jahan Dotson,Juwan Johnson,Michael Penix Jr.,2,1,-8.7283,7.6612
Drake London,Alvin Kamara,Bijan Robinson,Daniel Carlson,Devaughn Vele,Jahan Dotson,2,1,-9.3428,4.1441
Bijan Robinson,Austin Hooper,Brian Robinson Jr.,Chris Olave,Noah Fant,Tyler Shough,2,1,-11.3904,0.5348
Bijan Robinson,Austin Hooper,Brian Robinson Jr.,Charlie Smyth,Chris Olave,Tyler Shough,2,1,-12.1611,0.2474
Zachariah Branch,Bijan Robinson,Brian Robinson Jr.,Chris Olave,Michael Penix Jr.,Tyler Shough,2,1,-11.3226,0.5723
Chris Olave,Bijan Robinson,Brian Robinson Jr.,Kendre Miller,Tyler Shough,Zachariah Branch,2,1,-9.9174,2.3328
Chris Olave,Austin Hooper,Bijan Robinson,Brian Robinson Jr.,Falcons,Tyler Shough,2,1,-8.8708,6.6434
Alvin Kamara,Bijan Robinson,Chris Olave,Juwan Johnson,Michael Penix Jr.,Treyton Welch,2,1,-11.2997,0.5855
Juwan Johnson,Bijan Robinson,Brian Robinson Jr.,Devaughn Vele,Kyle Pitts Sr.,Michael Penix Jr.,2,1,-9.5484,3.3737
Alvin Kamara,Bijan Robinson,Bryce Lance,Devaughn Vele,Juwan Johnson,Tyler Shough,2,1,-8.8,7.1311
Tyler Shough,Alvin Kamara,Brian Robinson Jr.,Chris Olave,Kyle Pitts Sr.,Nick Folk,2,1,-9.1363,5.0942
Bijan Robinson,Brian Robinson Jr.,Chris Olave,Devaughn Vele,Kendre Miller,Saints,2,1,-9.7662,2.7135
Juwan Johnson,Bijan Robinson,Brian Robinson Jr.,Devaughn Vele,Falcons,Tyler Shough,2,1,-9.1137,5.2107
Drake London,Alvin Kamara,Bijan Robinson,Chris Olave,Jahan Dotson,Olamide Zaccheaus,2,1,-9.2646,4.481
Bijan Robinson,Brian Robinson Jr.,Daniel Carlson,Juwan Johnson,Michael Penix Jr.,Nick Folk,2,1,-8.5091,9.5385
Bijan Robinson,Chris Olave,Devaughn Vele,Jahan Dotson,Kendre Miller,Nick Folk,2,1,-9.3976,3.9227
Chris Olave,Bijan Robinson,Chris Blair,Devaughn Vele,Jahan Dotson,Tyler Shough,2,1,-10.5026,1.2993
Chris Olave,Bijan Robinson,Devaughn Vele,Jahan Dotson,Kevin Austin Jr.,Tyler Shough,2,1,-10.3094,1.5763
Bijan Robinson,Austin Hooper,Brian Robinson Jr.,Michael Penix Jr.,Nick Folk,Tyler Shough,2,1,-8.5283,9.3575
Bijan Robinson,Brian Robinson Jr.,Drake London,Falcons,Juwan Johnson,Nick Folk,2,1,-9.0037,5.8167
Juwan Johnson,Alvin Kamara,Brian Robinson Jr.,Chris Olave,Drake London,Kyle Pitts Sr.,2,1,-9.4427,3.7498
Michael Penix Jr.,Alvin Kamara,Bijan Robinson,Brian Robinson Jr.,Saints,Tyler Shough,2,1,-9.9032,2.3662
Bijan Robinson,Alvin Kamara,Daniel Carlson,Devaughn Vele,Tyler Shough,Zachariah Branch,2,1,-9.7739,2.6926
Devaughn Vele,Alvin Kamara,Brian Robinson Jr.,Daniel Carlson,Drake London,Tyler Shough,2,1,-9.6322,3.1027
Alvin Kamara,Bijan Robinson,Chris Olave,Kyle Pitts Sr.,Oscar Delp,Tyler Shough,2,1,-9.1368,5.0919
Alvin Kamara,Bijan Robinson,Chris Olave,Drake London,Nick Folk,Oscar Delp,2,1,-9.5415,3.3971
Bijan Robinson,Brian Robinson Jr.,Chris Olave,Juwan Johnson,Kyle Pitts Sr.,Saints,2,1,-9.1397,5.0771
Chris Olave,Bijan Robinson,Brian Robinson Jr.,Daniel Carlson,Drake London,Olamide Zaccheaus,2,1,-9.0335,5.6459
Bijan Robinson,Alvin Kamara,Devaughn Vele,Juwan Johnson,Michael Penix Jr.,Oscar Delp,2,1,-8.8264,6.945
Bijan Robinson,Austin Hooper,Brian Robinson Jr.,Chris Olave,Drake London,Noah Fant,2,1,-11.9458,0.3069
Drake London,Alvin Kamara,Austin Hooper,Brian Robinson Jr.,Chris Olave,Tyler Shough,2,1,-8.7148,7.7654
Michael Penix Jr.,Alvin Kamara,Brian Robinson Jr.,Chris Olave,Daniel Carlson,Drake London,2,1,-9.6663,2.9987
Michael Penix Jr.,Bijan Robinson,Brian Robinson Jr.,Daniel Carlson,Devaughn Vele,Juwan Johnson,2,1,-9.809,2.5998
Chris Olave,Brian Robinson Jr.,Devaughn Vele,Juwan Johnson,Michael Penix Jr.,Nick Folk,2,1,-9.1599,4.9756
Bijan Robinson,Alvin Kamara,Barion Brown,Chris Olave,Juwan Johnson,Kyle Pitts Sr.,2,1,-11.0624,0.7423
Alvin Kamara,Bijan Robinson,Bryce Lance,Devaughn Vele,Drake London,Juwan Johnson,2,1,-9.3554,4.0922
Alvin Kamara,Barion Brown,Bijan Robinson,Devaughn Vele,Michael Penix Jr.,Tyler Shough,2,1,-11.6952,0.3943
Drake London,Bijan Robinson,Brian Robinson Jr.,Bryce Lance,Chris Olave,Kyle Pitts Sr.,2,1,-8.4814,9.8068
Bijan Robinson,Brian Robinson Jr.,Chris Olave,Olamide Zaccheaus,Tua Tagovailoa,Tyler Shough,2,1,-14.3596,0.0275
Bryce Lance,Bijan Robinson,Brian Robinson Jr.,Chris Olave,Michael Penix Jr.,Tyler Shough,2,1,-9.639,3.0815
Alvin Kamara,Bijan Robinson,Devaughn Vele,Juwan Johnson,Olamide Zaccheaus,Tyler Shough,2,1,-9.684,2.9459
Bijan Robinson,Alvin Kamara,Charlie Woerner,Chris Olave,Drake London,Falcons,2,1,-10.6544,1.1163
Nick Folk,Bijan Robinson,Brian Robinson Jr.,Chris Olave,Drake London,Kendre Miller,2,1,-11.0605,0.7437
Bijan Robinson,Alvin Kamara,Devaughn Vele,Kyle Pitts Sr.,Oscar Delp,Tyler Shough,2,1,-8.9133,6.367
Bijan Robinson,Brian Robinson Jr.,Bryce Lance,Kyle Pitts Sr.,Michael Penix Jr.,Tyler Shough,2,1,-7.9456,16.7565
Michael Penix Jr.,Bijan Robinson,Brian Robinson Jr.,Chris Olave,Falcons,Kyle Pitts Sr.,2,1,-10.1542,1.8408
Chris Olave,Brian Robinson Jr.,Devaughn Vele,Kyle Pitts Sr.,Nick Folk,Tyler Shough,2,1,-9.2468,4.5616
Tyler Shough,Alvin Kamara,Austin Hooper,Brian Robinson Jr.,Chris Olave,Michael Penix Jr.,2,1,-8.8453,6.8147
Bijan Robinson,Alvin Kamara,Drake London,Jahan Dotson,Michael Penix Jr.,Olamide Zaccheaus,2,1,-9.2843,4.3937
Chris Olave,Alvin Kamara,Daniel Carlson,Devaughn Vele,Jahan Dotson,Tyler Shough,2,1,-8.9227,6.3075
Brian Robinson Jr.,Chris Olave,Juwan Johnson,Kyle Pitts Sr.,Michael Penix Jr.,Tyler Shough,2,1,-9.9712,2.2105
Bijan Robinson,Brian Robinson Jr.,Michael Penix Jr.,Nick Folk,Noah Fant,Tyler Shough,2,1,-11.3588,0.5519
Chris Olave,Brian Robinson Jr.,Devaughn Vele,Juwan Johnson,Kyle Pitts Sr.,Michael Penix Jr.,2,1,-9.3105,4.2798
Drake London,Alvin Kamara,Bijan Robinson,Devaughn Vele,Jahan Dotson,Kendre Miller,2,1,-9.8965,2.382
Bijan Robinson,Alvin Kamara,Bryce Lance,Chris Blair,Chris Olave,Tyler Shough,2,1,-9.5274,3.4452
Bijan Robinson,Alvin Kamara,Bryce Lance,Chris Olave,Kevin Austin Jr.,Tyler Shough,2,1,-9.3342,4.1798
Bijan Robinson,Alvin Kamara,Austin Hooper,Chris Olave,Michael Penix Jr.,Zachariah Branch,2,1,-10.1492,1.85
Bijan Robinson,Alvin Kamara,Austin Hooper,Devaughn Vele,Juwan Johnson,Nick Folk,2,1,-9.6022,3.1972
Michael Penix Jr.,Alvin Kamara,Brian Robinson Jr.,Chris Olave,Kendre Miller,Tyler Shough,2,1,-9.6646,3.0037
Tyler Shough,Alvin Kamara,Bijan Robinson,Chris Olave,Nick Folk,Treyton Welch,2,1,-10.5908,1.1896
Bijan Robinson,Alvin Kamara,Daniel Carlson,Devaughn Vele,Kyle Pitts Sr.,Nick Folk,2,1,-9.6328,3.1006
Bijan Robinson,Chris Olave,Daniel Carlson,Jahan Dotson,Juwan Johnson,Nick Folk,2,1,-8.3972,10.6676
Alvin Kamara,Bijan Robinson,Bryce Lance,Chris Olave,Juwan Johnson,Kyle Pitts Sr.,2,1,-9.243,4.5787
Devaughn Vele,Alvin Kamara,Brian Robinson Jr.,Drake London,Juwan Johnson,Kyle Pitts Sr.,2,1,-10.6474,1.1242
Bijan Robinson,Alvin Kamara,Austin Hooper,Barion Brown,Chris Olave,Tyler Shough,2,1,-10.7076,1.0585
Devaughn Vele,Bijan Robinson,Chris Olave,Jahan Dotson,Olamide Zaccheaus,Tyler Shough,2,1,-9.5478,3.3758
Tyler Shough,Alvin Kamara,Bijan Robinson,Daniel Carlson,Jahan Dotson,Juwan Johnson,2,1,-8.4224,10.4027
Bijan Robinson,Alvin Kamara,CJ Donaldson,Drake London,Juwan Johnson,Nick Folk,2,1,-9.9104,2.3491
Drake London,Bijan Robinson,Brian Robinson Jr.,Chris Olave,Kyle Pitts Sr.,Olamide Zaccheaus,2,1,-9.3654,4.0513
Bijan Robinson,Chris Olave,Drake London,Jahan Dotson,Juwan Johnson,Kevin Austin Jr.,2,1,-9.9901,2.1692
Bijan Robinson,Chris Blair,Chris Olave,Drake London,Jahan Dotson,Juwan Johnson,2,1,-10.1833,1.788
Bijan Robinson,Brian Robinson Jr.,Devaughn Vele,Drake London,Kyle Pitts Sr.,Saints,2,1,-9.9432,2.2733
Bijan Robinson,Chris Olave,Daniel Carlson,Devaughn Vele,Jahan Dotson,Kendre Miller,2,1,-9.1744,4.904
Kendre Miller,Bijan Robinson,Brian Robinson Jr.,Chris Olave,Nick Folk,Tyler Shough,2,1,-9.8904,2.3966
Austin Hooper,Alvin Kamara,Bijan Robinson,Chris Olave,Devaughn Vele,Juwan Johnson,2,1,-11.1113,0.7069
Bijan Robinson,Alvin Kamara,Chris Blair,Chris Olave,Falcons,Michael Penix Jr.,2,1,-10.748,1.0166
Tyler Shough,Alvin Kamara,Brian Robinson Jr.,Drake London,Juwan Johnson,Nick Folk,2,1,-8.802,7.1169
Kyle Pitts Sr.,Alvin Kamara,Bijan Robinson,CJ Donaldson,Chris Olave,Tyler Shough,2,1,-10.1429,1.8617
Alvin Kamara,Chris Olave,Jahan Dotson,Michael Penix Jr.,Nick Folk,Tyler Shough,2,1,-9.3471,4.1261
Chris Olave,Austin Hooper,Bijan Robinson,Brian Robinson Jr.,Kendre Miller,Michael Penix Jr.,2,1,-9.4853,3.5934
Tyler Shough,Alvin Kamara,Bijan Robinson,Devaughn Vele,Falcons,Nick Folk,2,1,-9.3115,4.2754
Juwan Johnson,Bijan Robinson,Brian Robinson Jr.,Drake London,Tyler Shough,Zachariah Branch,2,1,-9.7344,2.8011
Jahan Dotson,Bijan Robinson,Devaughn Vele,Drake London,Nick Folk,Tyler Shough,2,1,-10.8265,0.9398
Tyler Shough,Alvin Kamara,Bijan Robinson,Chris Olave,Khalil Herbert,Kyle Pitts Sr.,2,1,-12.7293,0.1402
Chris Olave,Austin Hooper,Brian Robinson Jr.,Devaughn Vele,Michael Penix Jr.,Tyler Shough,2,1,-8.9558,6.1022
Juwan Johnson,Bijan Robinson,Brian Robinson Jr.,Chris Olave,Kendre Miller,Kyle Pitts Sr.,2,1,-9.567,3.3116
Bijan Robinson,Alvin Kamara,Chris Olave,Kevin Austin Jr.,Olamide Zaccheaus,Tyler Shough,2,1,-10.2182,1.7267
Bijan Robinson,Bryce Lance,Chris Olave,Drake London,Jahan Dotson,Nick Folk,2,1,-8.2385,12.5025
Bijan Robinson,Brian Robinson Jr.,Falcons,Kendre Miller,Michael Penix Jr.,Tyler Shough,2,1,-8.7417,7.5588
Falcons,Bijan Robinson,Brian Robinson Jr.,Chris Olave,Drake London,Kyle Pitts Sr.,2,1,-10.6068,1.1707
Alvin Kamara,Austin Hooper,Bijan Robinson,Chris Olave,Daniel Carlson,Juwan Johnson,2,1,-9.6024,3.1965
Chris Olave,Bijan Robinson,CJ Donaldson,Devaughn Vele,Juwan Johnson,Nick Folk,2,1,-10.1318,1.8827
Bijan Robinson,Brian Robinson Jr.,Daniel Carlson,Drake London,Juwan Johnson,Kendre Miller,2,1,-8.7907,7.1976
Bijan Robinson,Alvin Kamara,Devaughn Vele,Juwan Johnson,Nick Folk,Noah Fant,2,1,-12.4327,0.1886
Michael Penix Jr.,Alvin Kamara,Brian Robinson Jr.,Drake London,Nick Folk,Tyler Shough,2,1,-9.6909,2.9256
Alvin Kamara,Bijan Robinson,Chris Olave,Kendre Miller,Kyle Pitts Sr.,Nick Folk,2,1,-10.41,1.4253
Bijan Robinson,Alvin Kamara,Jahan Dotson,Juwan Johnson,Saints,Tyler Shough,2,1,-8.8403,6.8494
Falcons,Alvin Kamara,Bijan Robinson,Chris Olave,Nick Folk,Tyler Shough,2,1,-9.8496,2.4964
Devaughn Vele,Bijan Robinson,Jahan Dotson,Juwan Johnson,Nick Folk,Tyler Shough,2,1,-9.4025,3.9036
Jahan Dotson,Bijan Robinson,Chris Olave,Juwan Johnson,Michael Penix Jr.,Nick Folk,2,1,-10.6273,1.147
Chris Olave,Alvin Kamara,Bijan Robinson,Bryce Lance,Daniel Carlson,Juwan Johnson,2,1,-8.1842,13.2
Bijan Robinson,Chris Olave,Jahan Dotson,Nick Folk,Oscar Delp,Tyler Shough,2,1,-8.2182,12.7591
Michael Penix Jr.,Bijan Robinson,Brian Robinson Jr.,Chris Olave,Daniel Carlson,Kendre Miller,2,1,-9.7906,2.6482
Bijan Robinson,Chris Olave,Devaughn Vele,Juwan Johnson,Kevin Austin Jr.,Nick Folk,2,1,-10.4217,1.4088
Bijan Robinson,Chris Olave,Falcons,Jahan Dotson,Juwan Johnson,Nick Folk,2,1,-8.9407,6.1949
Juwan Johnson,Bijan Robinson,Brian Robinson Jr.,Falcons,Michael Penix Jr.,Tyler Shough,2,1,-8.63,8.4525
Alvin Kamara,Bijan Robinson,Daniel Carlson,Devaughn Vele,Drake London,Falcons,2,1,-10.2889,1.6089
Chris Olave,Bijan Robinson,Brian Robinson Jr.,Juwan Johnson,Kyle Pitts Sr.,Saints,2,1,-9.5677,3.3093
Drake London,Bijan Robinson,Brian Robinson Jr.,Juwan Johnson,Kyle Pitts Sr.,Nick Folk,2,1,-9.2201,4.6847
Alvin Kamara,Chris Olave,Daniel Carlson,Drake London,Jahan Dotson,Tyler Shough,2,1,-9.075,5.4166
Tyler Shough,Bijan Robinson,Brian Robinson Jr.,Daniel Carlson,Kyle Pitts Sr.,Michael Penix Jr.,2,1,-8.4861,9.7601
Chris Olave,Bijan Robinson,Jahan Dotson,Juwan Johnson,Kyle Pitts Sr.,Nick Folk,2,1,-9.1991,4.7841
Bijan Robinson,Alvin Kamara,Chris Blair,Michael Penix Jr.,Nick Folk,Tyler Shough,2,1,-10.2291,1.7079
Devaughn Vele,Alvin Kamara,Bijan Robinson,Daniel Carlson,Juwan Johnson,Nick Folk,2,1,-10.0161,2.1134
Brian Robinson Jr.,Chris Olave,Drake London,Juwan Johnson,Kendre Miller,Tyler Shough,2,1,-10.1022,1.9392
Drake London,Alvin Kamara,Bijan Robinson,Bryce Lance,Jahan Dotson,Tyler Shough,2,1,-8.1819,13.23
Chris Olave,Alvin Kamara,Devaughn Vele,Jahan Dotson,Kendre Miller,Tyler Shough,2,1,-9.4764,3.6256
Nick Folk,Alvin Kamara,Bijan Robinson,Daniel Carlson,Devaughn Vele,Tyler Shough,2,1,-10.7896,0.9751
Tyler Shough,Brian Robinson Jr.,Chris Olave,Devaughn Vele,Falcons,Michael Penix Jr.,2,1,-8.8785,6.5925
Drake London,Alvin Kamara,Bijan Robinson,CJ Donaldson,Chris Olave,Falcons,2,1,-10.1739,1.805
Chris Olave,Bijan Robinson,Brian Robinson Jr.,Saints,Tyler Shough,Zachariah Branch,2,1,-10.2493,1.6739
Bijan Robinson,Brian Robinson Jr.,Chris Olave,Juwan Johnson,Kendre Miller,Saints,2,1,-9.3195,4.2416
Alvin Kamara,Bijan Robinson,Chris Olave,Kendre Miller,Michael Penix Jr.,Zachariah Branch,2,1,-11.1554,0.6764
Chris Olave,Alvin Kamara,Bijan Robinson,Chris Blair,Daniel Carlson,Michael Penix Jr.,2,1,-10.6325,1.141
Chris Olave,Alvin Kamara,Bijan Robinson,Daniel Carlson,Michael Penix Jr.,Oscar Delp,2,1,-8.6822,8.022
Bijan Robinson,Alvin Kamara,Bryce Lance,Drake London,Juwan Johnson,Nick Folk,2,1,-8.3363,11.3381
Michael Penix Jr.,Bijan Robinson,Brian Robinson Jr.,Drake London,Kevin Austin Jr.,Tyler Shough,2,1,-10.8543,0.914
Daniel Carlson,Alvin Kamara,Bijan Robinson,Chris Olave,Juwan Johnson,Nick Folk,2,1,-10.6858,1.0818
Michael Penix Jr.,Alvin Kamara,Bijan Robinson,Devaughn Vele,Nick Muse,Tyler Shough,2,1,-13.3783,0.0733
Chris Olave,Bijan Robinson,Charlie Woerner,Jahan Dotson,Juwan Johnson,Tyler Shough,2,1,-10.0113,2.1237
Bijan Robinson,Chris Olave,Devaughn Vele,Kyle Pitts Sr.,Nick Folk,Zachariah Branch,2,1,-10.5904,1.1901
Michael Penix Jr.,Alvin Kamara,Bijan Robinson,Jahan Dotson,Juwan Johnson,Kyle Pitts Sr.,2,1,-10.3266,1.5494
Juwan Johnson,Bijan Robinson,Brian Robinson Jr.,Drake London,Falcons,Michael Penix Jr.,2,1,-9.1854,4.8504
Michael Penix Jr.,Barion Brown,Bijan Robinson,Brian Robinson Jr.,Drake London,Tyler Shough,2,1,-11.4945,0.4819
Drake London,Brian Robinson Jr.,Chris Olave,Daniel Carlson,Devaughn Vele,Juwan Johnson,2,1,-8.8457,6.812
Nick Folk,Bijan Robinson,Brian Robinson Jr.,Juwan Johnson,Kyle Pitts Sr.,Tyler Shough,2,1,-10.768,0.9964
Tyler Shough,Alvin Kamara,Bijan Robinson,Drake London,Jahan Dotson,Olamide Zaccheaus,2,1,-9.1477,5.0366
Zachariah Branch,Alvin Kamara,Bijan Robinson,Chris Olave,Juwan Johnson,Michael Penix Jr.,2,1,-11.9127,0.3172
Alvin Kamara,Chris Olave,Drake London,Jahan Dotson,Kyle Pitts Sr.,Michael Penix Jr.,2,1,-10.0532,2.0366
Bijan Robinson,Daniel Carlson,Devaughn Vele,Drake London,Jahan Dotson,Kyle Pitts Sr.,2,1,-9.3514,4.1085
Chris Olave,Alvin Kamara,Bijan Robinson,Daniel Carlson,Falcons,Kyle Pitts Sr.,2,1,-9.4916,3.5708
Bijan Robinson,Alvin Kamara,Devaughn Vele,Kendre Miller,Olamide Zaccheaus,Tyler Shough,2,1,-9.4421,3.7522
Bijan Robinson,Bryce Lance,Devaughn Vele,Drake London,Jahan Dotson,Juwan Johnson,2,1,-8.5874,8.8198
Chris Olave,Brian Robinson Jr.,Drake London,Juwan Johnson,Tyler Shough,Zachariah Branch,2,1,-9.4965,3.5534
Chris Olave,Alvin Kamara,Bijan Robinson,Drake London,Olamide Zaccheaus,Zachariah Branch,2,1,-10.6792,1.089
Alvin Kamara,Barion Brown,Bijan Robinson,Juwan Johnson,Michael Penix Jr.,Tyler Shough,2,1,-11.2485,0.6163
Tyler Shough,Bijan Robinson,Brian Robinson Jr.,Kendre Miller,Michael Penix Jr.,Nick Folk,2,1,-8.8892,6.5223
Chris Olave,Alvin Kamara,CJ Donaldson,Devaughn Vele,Drake London,Juwan Johnson,2,1,-10.3379,1.5319
Juwan Johnson,Bijan Robinson,Chris Olave,Devaughn Vele,Jahan Dotson,Kendre Miller,2,1,-9.6164,3.1521
Chris Olave,Austin Hooper,Bijan Robinson,Jahan Dotson,Nick Folk,Tyler Shough,2,1,-8.8444,6.8213
Tyler Shough,Alvin Kamara,Bijan Robinson,Daniel Carlson,Devaughn Vele,Falcons,2,1,-9.0883,5.3449
Juwan Johnson,Bijan Robinson,CJ Donaldson,Chris Olave,Jahan Dotson,Tyler Shough,2,1,-9.476,3.6273
Devaughn Vele,Alvin Kamara,Drake London,Jahan Dotson,Juwan Johnson,Tyler Shough,2,1,-9.6087,3.1764
Alvin Kamara,Bijan Robinson,CJ Donaldson,Chris Olave,Saints,Tyler Shough,2,1,-10.6875,1.0799
Drake London,Alvin Kamara,Bijan Robinson,Chris Blair,Devaughn Vele,Juwan Johnson,2,1,-11.1138,0.7051
Bijan Robinson,Devaughn Vele,Jahan Dotson,Juwan Johnson,Olamide Zaccheaus,Tyler Shough,2,1,-8.9161,6.3494
Chris Olave,Bijan Robinson,Bryce Lance,Jahan Dotson,Nick Folk,Tyler Shough,2,1,-8.1111,14.2011
Bijan Robinson,Alvin Kamara,CJ Donaldson,Drake London,Falcons,Michael Penix Jr.,2,1,-10.1936,1.7698
Devaughn Vele,Alvin Kamara,CJ Donaldson,Chris Olave,Michael Penix Jr.,Tyler Shough,2,1,-10.3919,1.4514
Devaughn Vele,Bijan Robinson,Drake London,Jahan Dotson,Juwan Johnson,Kyle Pitts Sr.,2,1,-10.1086,1.9268
Bijan Robinson,Alvin Kamara,Austin Hooper,Juwan Johnson,Michael Penix Jr.,Nick Folk,2,1,-9.1184,5.1863
Juwan Johnson,Bijan Robinson,Devaughn Vele,Jahan Dotson,Nick Folk,Tyler Shough,2,1,-9.0873,5.3503
Bijan Robinson,Brian Robinson Jr.,Drake London,Juwan Johnson,Nick Folk,Saints,2,1,-9.3458,4.1313
Chris Olave,Brian Robinson Jr.,Juwan Johnson,Kyle Pitts Sr.,Nick Folk,Tyler Shough,2,1,-8.8001,7.1304
Bijan Robinson,Alvin Kamara,Bryce Lance,Drake London,Tyler Shough,Zachariah Branch,2,1,-9.1685,4.9329
Falcons,Alvin Kamara,Bijan Robinson,Chris Olave,Daniel Carlson,Tyler Shough,2,1,-9.6263,3.1209
Nick Folk,Alvin Kamara,Bijan Robinson,Chris Olave,Devaughn Vele,Saints,2,1,-11.8738,0.3298
Juwan Johnson,Alvin Kamara,Bijan Robinson,Chris Olave,Daniel Carlson,Falcons,2,1,-9.1317,5.1178
Olamide Zaccheaus,Alvin Kamara,Bijan Robinson,Chris Olave,Juwan Johnson,Tyler Shough,2,1,-10.8289,0.9376
Alvin Kamara,Austin Hooper,Chris Olave,Devaughn Vele,Juwan Johnson,Tyler Shough,2,1,-9.6266,3.1201
Austin Hooper,Alvin Kamara,Bijan Robinson,Chris Olave,Nick Folk,Tyler Shough,2,1,-10.5638,1.2222
Alvin Kamara,Chris Olave,Daniel Carlson,Devaughn Vele,Kyle Pitts Sr.,Tyler Shough,2,1,-9.6572,3.0259
Tyler Shough,Brian Robinson Jr.,CJ Donaldson,Chris Olave,Drake London,Michael Penix Jr.,2,1,-9.3037,4.309
Jahan Dotson,Bijan Robinson,Bryce Lance,Chris Olave,Michael Penix Jr.,Tyler Shough,2,1,-9.6899,2.9285
Juwan Johnson,Alvin Kamara,Bijan Robinson,Daniel Carlson,Devaughn Vele,Nick Folk,2,1,-9.7009,2.8966
Bijan Robinson,Bryce Lance,Charlie Woerner,Chris Olave,Devaughn Vele,Tyler Shough,2,1,-9.6329,3.1004
CJ Donaldson,Bijan Robinson,Chris Olave,Devaughn Vele,Drake London,Juwan Johnson,2,1,-12.1811,0.2425
Tyler Shough,Bijan Robinson,Chris Olave,Falcons,Jahan Dotson,Nick Folk,2,1,-8.7671,7.3695
Kyle Pitts Sr.,Alvin Kamara,Bijan Robinson,Chris Olave,Falcons,Juwan Johnson,2,1,-9.8264,2.555
Chris Olave,Brian Robinson Jr.,Devaughn Vele,Kendre Miller,Kyle Pitts Sr.,Tyler Shough,2,1,-9.5772,3.2779
Alvin Kamara,Bijan Robinson,Daniel Carlson,Kyle Pitts Sr.,Nick Folk,Tyler Shough,2,1,-9.6577,3.0244
Bijan Robinson,Alvin Kamara,Daniel Carlson,Michael Penix Jr.,Oscar Delp,Tyler Shough,2,1,-8.0556,15.0112
Bijan Robinson,Bryce Lance,Chris Olave,Devaughn Vele,Michael Penix Jr.,Zachariah Branch,2,1,-9.5661,3.3145
Bijan Robinson,Brian Robinson Jr.,Daniel Carlson,Michael Penix Jr.,Saints,Tyler Shough,2,1,-8.5301,9.34
Michael Penix Jr.,Brian Robinson Jr.,Chris Olave,Devaughn Vele,Drake London,Falcons,2,1,-10.3599,1.4986
Juwan Johnson,Alvin Kamara,Bijan Robinson,Devaughn Vele,Drake London,Olamide Zaccheaus,2,1,-9.8857,2.4078
Bijan Robinson,Daniel Carlson,Devaughn Vele,Jahan Dotson,Kyle Pitts Sr.,Michael Penix Jr.,2,1,-9.4002,3.9125
Chris Olave,Brian Robinson Jr.,Daniel Carlson,Michael Penix Jr.,Nick Folk,Tyler Shough,2,1,-8.3891,10.7545
CJ Donaldson,Alvin Kamara,Bijan Robinson,Drake London,Michael Penix Jr.,Tyler Shough,2,1,-11.7953,0.3567
Bijan Robinson,Barion Brown,Bryce Lance,Chris Olave,Devaughn Vele,Tyler Shough,2,1,-10.1245,1.8963
Alvin Kamara,Bijan Robinson,Drake London,Kyle Pitts Sr.,Olamide Zaccheaus,Tyler Shough,2,1,-9.8425,2.514
Alvin Kamara,Bijan Robinson,Drake London,Kyle Pitts Sr.,Oscar Delp,Tyler Shough,2,1,-9.4936,3.5639
Alvin Kamara,Bijan Robinson,Bryce Lance,Daniel Carlson,Drake London,Tyler Shough,2,1,-8.5846,8.845
Alvin Kamara,Bijan Robinson,Drake London,Falcons,Juwan Johnson,Kyle Pitts Sr.,2,1,-10.2161,1.7304
Bijan Robinson,Alvin Kamara,Bryce Lance,Daniel Carlson,Drake London,Juwan Johnson,2,1,-8.113,14.1742
Bijan Robinson,Alvin Kamara,Drake London,Juwan Johnson,Kyle Pitts Sr.,Olamide Zaccheaus,2,1,-9.371,4.0288
Chris Olave,Alvin Kamara,Devaughn Vele,Falcons,Nick Folk,Tyler Shough,2,1,-9.3652,4.0522
Devaughn Vele,Bijan Robinson,Chris Olave,Kyle Pitts Sr.,Treyton Welch,Tyler Shough,2,1,-11.4983,0.48
Devaughn Vele,Bijan Robinson,Chris Olave,Drake London,Nick Folk,Treyton Welch,2,1,-11.9031,0.3203
Bijan Robinson,Alvin Kamara,Austin Hooper,Bryce Lance,Drake London,Tyler Shough,2,1,-8.1322,13.9052
Juwan Johnson,Bijan Robinson,Devaughn Vele,Drake London,Jahan Dotson,Nick Folk,2,1,-9.6427,3.0702
Daniel Carlson,Alvin Kamara,Austin Hooper,Bijan Robinson,Chris Olave,Tyler Shough,2,1,-10.4817,1.3268
Tyler Shough,Alvin Kamara,Bijan Robinson,Chris Olave,Kendre Miller,Treyton Welch,2,1,-10.9212,0.8549
Tyler Shough,Alvin Kamara,Bijan Robinson,Charlie Woerner,Chris Olave,Kendre Miller,2,1,-10.577,1.2062
Drake London,Alvin Kamara,Austin Hooper,Bijan Robinson,Chris Olave,Zachariah Branch,2,1,-10.4864,1.3206
Michael Penix Jr.,Alvin Kamara,Bijan Robinson,Chris Olave,Kyle Pitts Sr.,Oscar Delp,2,1,-10.0219,2.1013
Michael Penix Jr.,Alvin Kamara,Bijan Robinson,Bryce Lance,Chris Olave,Daniel Carlson,2,1,-9.1129,5.215
Jahan Dotson,Bijan Robinson,Chris Olave,Drake London,Juwan Johnson,Kendre Miller,2,1,-10.9089,0.8655
Drake London,Alvin Kamara,Bijan Robinson,Daniel Carlson,Devaughn Vele,Falcons,2,1,-9.562,3.3283
Bijan Robinson,Austin Hooper,Chris Olave,Jahan Dotson,Kendre Miller,Tyler Shough,2,1,-8.7468,7.5202
Bijan Robinson,Brian Robinson Jr.,Daniel Carlson,Juwan Johnson,Saints,Tyler Shough,2,1,-8.5672,9.0002
Tyler Shough,Brian Robinson Jr.,Devaughn Vele,Drake London,Juwan Johnson,Nick Folk,2,1,-8.9521,6.1247
Austin Hooper,Bijan Robinson,Brian Robinson Jr.,Drake London,Michael Penix Jr.,Tyler Shough,2,1,-10.3942,1.4481
Tyler Shough,Alvin Kamara,Bijan Robinson,Bryce Lance,Daniel Carlson,Devaughn Vele,2,1,-8.472,9.8988
Nick Folk,Bijan Robinson,Chris Olave,Drake London,Jahan Dotson,Kyle Pitts Sr.,2,1,-11.1745,0.6636
Devaughn Vele,Bijan Robinson,Bryce Lance,Drake London,Jahan Dotson,Tyler Shough,2,1,-9.0206,5.7195
Jahan Dotson,Bijan Robinson,Bryce Lance,Chris Olave,Drake London,Michael Penix Jr.,2,1,-10.2453,1.6805
Bijan Robinson,Alvin Kamara,Austin Hooper,Michael Penix Jr.,Tyler Shough,Zachariah Branch,2,1,-9.9506,2.2564
Chris Olave,Barion Brown,Bijan Robinson,Devaughn Vele,Juwan Johnson,Nick Folk,2,1,-11.4899,0.4841
Bijan Robinson,Bryce Lance,Chris Blair,Chris Olave,Devaughn Vele,Drake London,2,1,-10.233,1.7014
Devaughn Vele,Alvin Kamara,Chris Olave,Juwan Johnson,Tyler Shough,Zachariah Branch,2,1,-10.6245,1.1503
Bijan Robinson,Daniel Carlson,Jahan Dotson,Juwan Johnson,Nick Folk,Tyler Shough,2,1,-8.1986,13.0113
Drake London,Austin Hooper,Brian Robinson Jr.,Chris Olave,Devaughn Vele,Michael Penix Jr.,2,1,-9.4692,3.6519
Chris Olave,Austin Hooper,Bijan Robinson,Drake London,Jahan Dotson,Kyle Pitts Sr.,2,1,-9.5504,3.367
Bijan Robinson,Alvin Kamara,Daniel Carlson,Drake London,Kevin Austin Jr.,Michael Penix Jr.,2,1,-10.368,1.4865
Alvin Kamara,Bijan Robinson,Bryce Lance,Chris Olave,Saints,Tyler Shough,2,1,-9.1134,5.2123
Tyler Shough,Alvin Kamara,Bijan Robinson,Michael Penix Jr.,Nick Folk,Zachariah Branch,2,1,-9.9811,2.1887
Bijan Robinson,Brian Robinson Jr.,Daniel Carlson,Drake London,Michael Penix Jr.,Saints,2,1,-9.0855,5.3597
Devaughn Vele,Alvin Kamara,Chris Olave,Drake London,Treyton Welch,Tyler Shough,2,1,-11.5538,0.4541
Bijan Robinson,Chris Olave,Devaughn Vele,Kevin Austin Jr.,Olamide Zaccheaus,Tyler Shough,2,1,-10.3684,1.486
Bijan Robinson,Chris Olave,Falcons,Jahan Dotson,Olamide Zaccheaus,Tyler Shough,2,1,-8.8874,6.5342
Chris Olave,Alvin Kamara,Charlie Woerner,Devaughn Vele,Juwan Johnson,Tyler Shough,2,1,-10.6491,1.1223
Tyler Shough,Bijan Robinson,CJ Donaldson,Chris Olave,Devaughn Vele,Zachariah Branch,2,1,-11.0037,0.7872
Bijan Robinson,CJ Donaldson,Chris Olave,Falcons,Nick Folk,Tyler Shough,2,1,-9.4765,3.6254
Chris Olave,Alvin Kamara,Jahan Dotson,Michael Penix Jr.,Tyler Shough,Zachariah Branch,2,1,-10.1358,1.8751
Michael Penix Jr.,Bijan Robinson,Chris Blair,Chris Olave,Jahan Dotson,Tyler Shough,2,1,-10.9846,0.8024
Tyler Shough,Brian Robinson Jr.,Chris Olave,Drake London,Juwan Johnson,Zachariah Branch,2,1,-9.5362,3.415
Bijan Robinson,Daniel Carlson,Devaughn Vele,Jahan Dotson,Kendre Miller,Tyler Shough,2,1,-8.9758,5.9814
Michael Penix Jr.,Alvin Kamara,Bijan Robinson,Devaughn Vele,Falcons,Kyle Pitts Sr.,2,1,-10.9925,0.7961
Bijan Robinson,Chris Olave,Falcons,Jahan Dotson,Kendre Miller,Michael Penix Jr.,2,1,-9.2341,4.6196
Bijan Robinson,Drake London,Jahan Dotson,Juwan Johnson,Michael Penix Jr.,Zachariah Branch,2,1,-9.8733,2.438
Alvin Kamara,Bijan Robinson,Bryce Lance,Drake London,Kyle Pitts Sr.,Michael Penix Jr.,2,1,-9.5628,3.3256
Bijan Robinson,CJ Donaldson,Chris Olave,Kevin Austin Jr.,Michael Penix Jr.,Tyler Shough,2,1,-10.5747,1.2089
Chris Olave,Bijan Robinson,Bryce Lance,Daniel Carlson,Devaughn Vele,Juwan Johnson,2,1,-8.3344,11.3597
Drake London,Brian Robinson Jr.,Jahan Dotson,Juwan Johnson,Michael Penix Jr.,Tyler Shough,2,1,-8.4877,9.7452
Falcons,Alvin Kamara,Bijan Robinson,Devaughn Vele,Juwan Johnson,Michael Penix Jr.,2,1,-10.8028,0.9624
Bijan Robinson,Alvin Kamara,Austin Hooper,Daniel Carlson,Juwan Johnson,Michael Penix Jr.,2,1,-8.8952,6.4836
Drake London,Bijan Robinson,Chris Olave,Jahan Dotson,Michael Penix Jr.,Nick Muse,2,1,-12.3815,0.1985
Drake London,Bijan Robinson,Daniel Carlson,Devaughn Vele,Jahan Dotson,Juwan Johnson,2,1,-9.0462,5.5747
Bijan Robinson,Alvin Kamara,Austin Hooper,Drake London,Olamide Zaccheaus,Tyler Shough,2,1,-9.0162,5.7444
Juwan Johnson,Bijan Robinson,Daniel Carlson,Devaughn Vele,Jahan Dotson,Tyler Shough,2,1,-8.864,6.6886
Bijan Robinson,Devaughn Vele,Falcons,Jahan Dotson,Kyle Pitts Sr.,Michael Penix Jr.,2,1,-9.9437,2.2721
Bijan Robinson,Bryce Lance,Chris Olave,Drake London,Jahan Dotson,Kendre Miller,2,1,-8.569,8.9841
Alvin Kamara,Bijan Robinson,Falcons,Juwan Johnson,Kyle Pitts Sr.,Michael Penix Jr.,2,1,-10.265,1.6478
Michael Penix Jr.,Brian Robinson Jr.,Chris Olave,Daniel Carlson,Juwan Johnson,Tyler Shough,2,1,-8.8143,7.0295
Alvin Kamara,Bijan Robinson,Chris Olave,Kyle Pitts Sr.,Nick Folk,Saints,2,1,-10.7419,1.0228
Bijan Robinson,Bryce Lance,CJ Donaldson,Chris Olave,Drake London,Juwan Johnson,2,1,-8.8751,6.6151
Bijan Robinson,Devaughn Vele,Michael Penix Jr.,Nick Folk,Treyton Welch,Tyler Shough,2,1,-10.6789,1.0893
Bijan Robinson,Alvin Kamara,Bryce Lance,Drake London,Olamide Zaccheaus,Tyler Shough,2,1,-8.283,11.959
Nick Folk,Brian Robinson Jr.,Chris Olave,Drake London,Juwan Johnson,Michael Penix Jr.,2,1,-10.6885,1.0789
Bijan Robinson,Daniel Carlson,Jahan Dotson,Juwan Johnson,Kyle Pitts Sr.,Tyler Shough,2,1,-8.3493,11.1916
Falcons,Alvin Kamara,Bijan Robinson,Chris Olave,Kendre Miller,Tyler Shough,2,1,-10.18,1.7939
Chris Olave,Alvin Kamara,Jahan Dotson,Juwan Johnson,Kendre Miller,Tyler Shough,2,1,-9.0297,5.6673
Bijan Robinson,CJ Donaldson,Chris Olave,Juwan Johnson,Olamide Zaccheaus,Tyler Shough,2,1,-9.2037,4.7622
Michael Penix Jr.,Bijan Robinson,Chris Olave,Daniel Carlson,Jahan Dotson,Nick Folk,2,1,-9.7539,2.7471
Olamide Zaccheaus,Alvin Kamara,Bijan Robinson,Chris Olave,Juwan Johnson,Michael Penix Jr.,2,1,-11.4332,0.5124
Chris Olave,Austin Hooper,Brian Robinson Jr.,Drake London,Juwan Johnson,Michael Penix Jr.,2,1,-9.0645,5.4737
Bijan Robinson,Chris Olave,Devaughn Vele,Drake London,Olamide Zaccheaus,Oscar Delp,2,1,-9.1668,4.9414
Tyler Shough,Bijan Robinson,Chris Olave,Daniel Carlson,Falcons,Jahan Dotson,2,1,-8.5438,9.2129
Chris Olave,Austin Hooper,Bijan Robinson,Devaughn Vele,Kyle Pitts Sr.,Nick Folk,2,1,-9.9821,2.1867
Tyler Shough,Alvin Kamara,Bijan Robinson,Jahan Dotson,Michael Penix Jr.,Saints,2,1,-9.2709,4.4527
Michael Penix Jr.,Alvin Kamara,Bijan Robinson,Nick Folk,Tyler Shough,Zachariah Branch,2,1,-10.9071,0.867
Michael Penix Jr.,Bijan Robinson,Devaughn Vele,Falcons,Jahan Dotson,Tyler Shough,2,1,-10.005,2.1371
Bijan Robinson,Bryce Lance,Chris Olave,Devaughn Vele,Michael Penix Jr.,Olamide Zaccheaus,2,1,-8.6806,8.0354
Alvin Kamara,Bijan Robinson,Falcons,Kendre Miller,Michael Penix Jr.,Tyler Shough,2,1,-9.8035,2.6143
Michael Penix Jr.,Alvin Kamara,Bijan Robinson,Charlie Woerner,Juwan Johnson,Tyler Shough,2,1,-11.0377,0.7609
Bijan Robinson,CJ Donaldson,Devaughn Vele,Falcons,Michael Penix Jr.,Tyler Shough,2,1,-9.7883,2.6541
Kyle Pitts Sr.,Alvin Kamara,Bijan Robinson,Daniel Carlson,Devaughn Vele,Juwan Johnson,2,1,-10.1723,1.8078
Chris Olave,Alvin Kamara,Bijan Robinson,Charlie Woerner,Saints,Tyler Shough,2,1,-10.8692,0.9006
Bijan Robinson,Brian Robinson Jr.,Kendre Miller,Michael Penix Jr.,Saints,Tyler Shough,2,1,-9.0839,5.3687
Bijan Robinson,Chris Olave,Michael Penix Jr.,Treyton Welch,Tyler Shough,Zachariah Branch,2,1,-11.263,0.6074
Bijan Robinson,CJ Donaldson,Charlie Woerner,Chris Olave,Drake London,Michael Penix Jr.,2,1,-11.2787,0.5979
Bijan Robinson,CJ Donaldson,Daniel Carlson,Devaughn Vele,Drake London,Juwan Johnson,2,1,-9.8373,2.5273
Chris Olave,Devaughn Vele,Drake London,Jahan Dotson,Juwan Johnson,Nick Folk,2,1,-9.4048,3.8948
Bijan Robinson,Alvin Kamara,Chris Blair,Drake London,Falcons,Michael Penix Jr.,2,1,-11.1048,0.7115
Bijan Robinson,Devaughn Vele,Jahan Dotson,Kendre Miller,Kyle Pitts Sr.,Michael Penix Jr.,2,1,-9.954,2.249
Alvin Kamara,Austin Hooper,Bijan Robinson,Daniel Carlson,Drake London,Michael Penix Jr.,2,1,-9.9221,2.3217
Drake London,Alvin Kamara,Devaughn Vele,Jahan Dotson,Juwan Johnson,Michael Penix Jr.,2,1,-9.5245,3.4553
Tyler Shough,Alvin Kamara,Bijan Robinson,Daniel Carlson,Kyle Pitts Sr.,Nick Folk,2,1,-9.0125,5.7656
Chris Olave,Alvin Kamara,Daniel Carlson,Devaughn Vele,Falcons,Tyler Shough,2,1,-9.1419,5.0658
Juwan Johnson,Alvin Kamara,Bijan Robinson,Michael Penix Jr.,Oscar Delp,Tyler Shough,2,1,-8.4976,9.6487
Bijan Robinson,Alvin Kamara,Devaughn Vele,Falcons,Michael Penix Jr.,Saints,2,1,-10.1105,1.9231
Juwan Johnson,Bijan Robinson,Daniel Carlson,Devaughn Vele,Drake London,Jahan Dotson,2,1,-9.4194,3.8382
Chris Olave,Bijan Robinson,Daniel Carlson,Jahan Dotson,Kevin Austin Jr.,Tyler Shough,2,1,-10.1799,1.7941
Tyler Shough,Bijan Robinson,Brian Robinson Jr.,Charlie Smyth,Chris Olave,Saints,2,1,-12.8539,0.1237
Alvin Kamara,Bijan Robinson,Daniel Carlson,Devaughn Vele,Drake London,Saints,2,1,-10.631,1.1427
Bijan Robinson,Austin Hooper,Chris Olave,Devaughn Vele,Kendre Miller,Nick Folk,2,1,-9.7339,2.8027
Chris Olave,Austin Hooper,Bijan Robinson,Devaughn Vele,Oscar Delp,Tyler Shough,2,1,-8.8886,6.5262
Devaughn Vele,Bijan Robinson,Bryce Lance,Chris Olave,Daniel Carlson,Michael Penix Jr.,2,1,-8.9438,6.176
Chris Olave,Austin Hooper,Bijan Robinson,Devaughn Vele,Falcons,Juwan Johnson,2,1,-9.6111,3.1687
Michael Penix Jr.,Alvin Kamara,Bijan Robinson,Bryce Lance,Chris Olave,Kendre Miller,2,1,-9.6666,2.9976
Chris Olave,Bijan Robinson,Bryce Lance,Devaughn Vele,Oscar Delp,Tyler Shough,2,1,-8.1553,13.5868
Alvin Kamara,Chris Olave,Daniel Carlson,Juwan Johnson,Nick Folk,Tyler Shough,2,1,-9.0599,5.4989
Tyler Shough,Bijan Robinson,Chris Olave,Jahan Dotson,Nick Folk,Noah Fant,2,1,-11.7147,0.3867
Saints,Alvin Kamara,Bijan Robinson,Chris Olave,Drake London,Jahan Dotson,2,1,-10.2912,1.6052
Michael Penix Jr.,Austin Hooper,Bijan Robinson,Chris Olave,Jahan Dotson,Juwan Johnson,2,1,-9.8739,2.4365
Olamide Zaccheaus,Alvin Kamara,Bijan Robinson,Devaughn Vele,Michael Penix Jr.,Tyler Shough,2,1,-11.6813,0.3998
Michael Penix Jr.,Bijan Robinson,Devaughn Vele,Jahan Dotson,Tyler Shough,Zachariah Branch,2,1,-11.1583,0.6744
Saints,Bijan Robinson,Brian Robinson Jr.,Chris Olave,Nick Folk,Tyler Shough,2,1,-9.686,2.9402
Chris Olave,Alvin Kamara,Devaughn Vele,Drake London,Kyle Pitts Sr.,Zachariah Branch,2,1,-11.2246,0.6312
Alvin Kamara,Chris Olave,Devaughn Vele,Drake London,Kendre Miller,Kyle Pitts Sr.,2,1,-10.7664,0.9981
Bijan Robinson,CJ Donaldson,Chris Olave,Daniel Carlson,Kyle Pitts Sr.,Michael Penix Jr.,2,1,-9.6879,2.9345
Charlie Woerner,Bijan Robinson,Chris Olave,Devaughn Vele,Michael Penix Jr.,Tyler Shough,2,1,-13.9865,0.0399
Chris Olave,Brian Robinson Jr.,Juwan Johnson,Kendre Miller,Nick Folk,Tyler Shough,2,1,-8.9799,5.9569
Daniel Carlson,Alvin Kamara,Bijan Robinson,Juwan Johnson,Nick Folk,Tyler Shough,2,1,-10.4872,1.3195
Jahan Dotson,Chris Olave,Devaughn Vele,Drake London,Juwan Johnson,Michael Penix Jr.,2,1,-10.9836,0.8032
Kyle Pitts Sr.,Bijan Robinson,CJ Donaldson,Chris Olave,Devaughn Vele,Michael Penix Jr.,2,1,-10.8974,0.8755
Bijan Robinson,CJ Donaldson,Chris Olave,Drake London,Falcons,Kyle Pitts Sr.,2,1,-10.1825,1.7895
Chris Olave,Alvin Kamara,CJ Donaldson,Drake London,Kyle Pitts Sr.,Tyler Shough,2,1,-9.9411,2.2782
Alvin Kamara,Chris Blair,Chris Olave,Drake London,Juwan Johnson,Tyler Shough,2,1,-10.846,0.9217
Bijan Robinson,Alvin Kamara,Bryce Lance,Charlie Smyth,Michael Penix Jr.,Tyler Shough,2,1,-11.7823,0.3614
Bijan Robinson,Charlie Woerner,Chris Olave,Drake London,Treyton Welch,Tyler Shough,2,1,-11.8852,0.326
Bijan Robinson,Chris Blair,Chris Olave,Drake London,Treyton Welch,Tyler Shough,2,1,-11.9299,0.3118
Bijan Robinson,Chris Olave,Drake London,Nick Muse,Oscar Delp,Tyler Shough,2,1,-11.5292,0.4654
Tyler Shough,Alvin Kamara,Bijan Robinson,Daniel Carlson,Michael Penix Jr.,Zachariah Branch,2,1,-9.7579,2.7362
Michael Penix Jr.,Alvin Kamara,Bijan Robinson,Drake London,Juwan Johnson,Nick Muse,2,1,-13.487,0.0657
Michael Penix Jr.,Alvin Kamara,Bijan Robinson,Drake London,Juwan Johnson,Zamir White,2,1,-14.6184,0.0212
Jahan Dotson,Bijan Robinson,Juwan Johnson,Kyle Pitts Sr.,Michael Penix Jr.,Tyler Shough,2,1,-10.5793,1.2033
Falcons,Alvin Kamara,Bijan Robinson,Drake London,Nick Folk,Tyler Shough,2,1,-10.2064,1.7473
Kyle Pitts Sr.,Alvin Kamara,Chris Olave,Jahan Dotson,Michael Penix Jr.,Tyler Shough,2,1,-9.4649,3.6677
Devaughn Vele,Bijan Robinson,Chris Olave,Juwan Johnson,Kyle Pitts Sr.,Olamide Zaccheaus,2,1,-10.2388,1.6916
Juwan Johnson,Alvin Kamara,Bijan Robinson,Falcons,Kyle Pitts Sr.,Tyler Shough,2,1,-9.307,4.2949
Michael Penix Jr.,Bijan Robinson,Brian Robinson Jr.,Daniel Carlson,Drake London,Kendre Miller,2,1,-10.1474,1.8535
Bijan Robinson,Chris Olave,Daniel Carlson,Devaughn Vele,Falcons,Kendre Miller,2,1,-9.3936,3.9386
Michael Penix Jr.,Alvin Kamara,Bijan Robinson,Daniel Carlson,Devaughn Vele,Kendre Miller,2,1,-10.6288,1.1452
Zachariah Branch,Bijan Robinson,Chris Olave,Devaughn Vele,Kyle Pitts Sr.,Tyler Shough,2,1,-12.1498,0.2502
Devaughn Vele,Bijan Robinson,CJ Donaldson,Michael Penix Jr.,Nick Folk,Tyler Shough,2,1,-10.5426,1.2484
Alvin Kamara,Barion Brown,Chris Olave,Drake London,Juwan Johnson,Tyler Shough,2,1,-11.2929,0.5895
Drake London,Bijan Robinson,Brian Robinson Jr.,Kyle Pitts Sr.,Michael Penix Jr.,Noah Fant,2,1,-12.4509,0.1852
Michael Penix Jr.,Brian Robinson Jr.,Daniel Carlson,Devaughn Vele,Drake London,Tyler Shough,2,1,-9.6178,3.1475
Chris Olave,Bijan Robinson,Chris Blair,Devaughn Vele,Falcons,Michael Penix Jr.,2,1,-11.3261,0.5702
Juwan Johnson,Alvin Kamara,Bijan Robinson,Chris Blair,Drake London,Michael Penix Jr.,2,1,-11.0033,0.7876
Tyler Shough,Bijan Robinson,Chris Blair,Chris Olave,Devaughn Vele,Falcons,2,1,-10.7616,1.0029
Tyler Shough,Bijan Robinson,Chris Olave,Devaughn Vele,Falcons,Oscar Delp,2,1,-8.8113,7.0507
Kyle Pitts Sr.,Alvin Kamara,Bijan Robinson,Drake London,Tyler Shough,Zachariah Branch,2,1,-10.6952,1.0717
Juwan Johnson,Bijan Robinson,Brian Robinson Jr.,Drake London,Michael Penix Jr.,Saints,2,1,-9.5275,3.4451
Juwan Johnson,Bijan Robinson,Chris Olave,Daniel Carlson,Devaughn Vele,Falcons,2,1,-9.2819,4.4043
Drake London,Alvin Kamara,Bijan Robinson,CJ Donaldson,Kendre Miller,Tyler Shough,2,1,-9.9855,2.1791
Chris Olave,Daniel Carlson,Devaughn Vele,Jahan Dotson,Juwan Johnson,Tyler Shough,2,1,-8.6261,8.4849
Chris Olave,Bijan Robinson,Bryce Lance,Jahan Dotson,Kendre Miller,Tyler Shough,2,1,-8.4416,10.2048
Bijan Robinson,Austin Hooper,Chris Olave,Nick Folk,Tyler Shough,Zachariah Branch,2,1,-9.7889,2.6525
Bijan Robinson,Barion Brown,Devaughn Vele,Juwan Johnson,Kyle Pitts Sr.,Tyler Shough,2,1,-11.0139,0.7792
Michael Penix Jr.,Austin Hooper,Bijan Robinson,Devaughn Vele,Jahan Dotson,Tyler Shough,2,1,-10.122,1.9012
Bijan Robinson,Austin Hooper,Chris Olave,Juwan Johnson,Kevin Austin Jr.,Tyler Shough,2,1,-9.7709,2.7008
Drake London,Alvin Kamara,Bijan Robinson,Falcons,Tyler Shough,Zachariah Branch,2,1,-10.1708,1.8106
Kendre Miller,Alvin Kamara,Austin Hooper,Bijan Robinson,Chris Olave,Tyler Shough,2,1,-10.2764,1.6291
Devaughn Vele,Bijan Robinson,Chris Blair,Chris Olave,Kendre Miller,Tyler Shough,2,1,-11.3785,0.5411
Alvin Kamara,Austin Hooper,Chris Olave,Drake London,Nick Folk,Tyler Shough,2,1,-9.6344,3.0956
Devaughn Vele,Bijan Robinson,Chris Olave,Kendre Miller,Kevin Austin Jr.,Tyler Shough,2,1,-11.1853,0.6565
Tyler Shough,Chris Olave,Devaughn Vele,Jahan Dotson,Juwan Johnson,Nick Folk,2,1,-8.8891,6.5229
Tyler Shough,Bijan Robinson,CJ Donaldson,Chris Olave,Kyle Pitts Sr.,Nick Folk,2,1,-9.7746,2.6908
Austin Hooper,Bijan Robinson,Chris Olave,Jahan Dotson,Michael Penix Jr.,Tyler Shough,2,1,-10.3312,1.5423
Drake London,Alvin Kamara,Austin Hooper,Bijan Robinson,Juwan Johnson,Nick Folk,2,1,-9.4555,3.7021
Kyle Pitts Sr.,Bijan Robinson,Chris Olave,Devaughn Vele,Kevin Austin Jr.,Tyler Shough,2,1,-11.011,0.7815
Bryce Lance,Bijan Robinson,Chris Olave,Devaughn Vele,Nick Folk,Tyler Shough,2,1,-10.3156,1.5665
Kyle Pitts Sr.,Bijan Robinson,Chris Blair,Chris Olave,Devaughn Vele,Tyler Shough,2,1,-11.2043,0.6441
Kyle Pitts Sr.,Bijan Robinson,Brian Robinson Jr.,Drake London,Kendre Miller,Michael Penix Jr.,2,1,-10.2076,1.7452
Tyler Shough,Bijan Robinson,Chris Olave,Jalen Moreno-Cropper,Juwan Johnson,Nick Folk,2,1,-13.3319,0.0767
Bijan Robinson,Charlie Woerner,Daniel Carlson,Devaughn Vele,Michael Penix Jr.,Tyler Shough,2,1,-10.1114,1.9214
Tyler Shough,Bijan Robinson,Cedric Tillman,Chris Olave,Juwan Johnson,Nick Folk,2,1,-13.6684,0.0548
Bijan Robinson,Chris Blair,Chris Olave,Kyle Pitts Sr.,Michael Penix Jr.,Nick Folk,2,1,-10.8224,0.9437
Bijan Robinson,Chris Olave,Kyle Pitts Sr.,Michael Penix Jr.,Nick Folk,Oscar Delp,2,1,-8.8721,6.6348
Bijan Robinson,Alvin Kamara,Devaughn Vele,Juwan Johnson,Kendre Miller,Saints,2,1,-10.1578,1.8343
Drake London,Brian Robinson Jr.,Chris Olave,Juwan Johnson,Olamide Zaccheaus,Tyler Shough,2,1,-8.569,8.9841
Devaughn Vele,Austin Hooper,Bijan Robinson,Chris Olave,Falcons,Michael Penix Jr.,2,1,-10.2205,1.7227
Devaughn Vele,Bijan Robinson,Chris Olave,Drake London,Falcons,Olamide Zaccheaus,2,1,-10.3224,1.5558
Bijan Robinson,Charlie Woerner,Devaughn Vele,Drake London,Falcons,Tyler Shough,2,1,-10.606,1.1717
Drake London,Bijan Robinson,Brian Robinson Jr.,Falcons,Kendre Miller,Michael Penix Jr.,2,1,-9.6831,2.9486
Chris Olave,Alvin Kamara,Devaughn Vele,Juwan Johnson,Kendre Miller,Nick Folk,2,1,-10.0167,2.1121
Chris Olave,Bijan Robinson,Devaughn Vele,Falcons,Kendre Miller,Nick Folk,2,1,-10.0449,2.0536
Bryce Lance,Bijan Robinson,Chris Olave,Devaughn Vele,Juwan Johnson,Michael Penix Jr.,2,1,-10.3793,1.4698
Alvin Kamara,Devaughn Vele,Drake London,Michael Penix Jr.,Tyler Shough,Zachariah Branch,2,1,-10.9826,0.804
Bijan Robinson,Drake London,Jahan Dotson,Juwan Johnson,Kendre Miller,Nick Folk,2,1,-9.3077,4.2918
Chris Olave,Bijan Robinson,CJ Donaldson,Falcons,Nick Folk,Tyler Shough,2,1,-9.9045,2.3631
Bijan Robinson,Chris Blair,Devaughn Vele,Drake London,Juwan Johnson,Kyle Pitts Sr.,2,1,-11.1224,0.6991
Bijan Robinson,Devaughn Vele,Drake London,Juwan Johnson,Kyle Pitts Sr.,Oscar Delp,2,1,-9.1721,4.915
Tyler Shough,Bijan Robinson,Chris Olave,Devaughn Vele,Olamide Zaccheaus,Zachariah Branch,2,1,-10.3136,1.5696
Falcons,Brian Robinson Jr.,Chris Olave,Drake London,Michael Penix Jr.,Tyler Shough,2,1,-9.7733,2.6943
Chris Olave,Alvin Kamara,Falcons,Juwan Johnson,Nick Folk,Tyler Shough,2,1,-8.9185,6.3342
Michael Penix Jr.,Alvin Kamara,Bijan Robinson,Nick Folk,Olamide Zaccheaus,Tyler Shough,2,1,-10.0216,2.1019
Tyler Shough,Alvin Kamara,Barion Brown,Bijan Robinson,Daniel Carlson,Drake London,2,1,-10.8716,0.8983
Kyle Pitts Sr.,Alvin Kamara,Austin Hooper,Bijan Robinson,Drake London,Tyler Shough,2,1,-9.6589,3.0209
Bijan Robinson,Bryce Lance,Drake London,Jahan Dotson,Michael Penix Jr.,Nick Folk,2,1,-8.6442,8.3332
Drake London,Alvin Kamara,Chris Olave,Devaughn Vele,Michael Penix Jr.,Oscar Delp,2,1,-9.2198,4.6862
Devaughn Vele,Bijan Robinson,Juwan Johnson,Michael Penix Jr.,Treyton Welch,Tyler Shough,2,1,-11.2128,0.6386
Drake London,Alvin Kamara,Bijan Robinson,Daniel Carlson,Oscar Delp,Tyler Shough,2,1,-8.3928,10.7154
Bijan Robinson,Chris Blair,Chris Olave,Kevin Austin Jr.,Michael Penix Jr.,Tyler Shough,2,1,-11.4859,0.486
Chris Olave,Austin Hooper,Bijan Robinson,CJ Donaldson,Drake London,Juwan Johnson,2,1,-10.0363,2.0711
Kyle Pitts Sr.,Alvin Kamara,Bijan Robinson,Bryce Lance,Drake London,Tyler Shough,2,1,-8.9256,6.2892
Bijan Robinson,Chris Blair,Chris Olave,Falcons,Juwan Johnson,Michael Penix Jr.,2,1,-10.4514,1.3675
Chris Olave,Alvin Kamara,Charlie Woerner,Juwan Johnson,Michael Penix Jr.,Tyler Shough,2,1,-10.1653,1.8205
Kyle Pitts Sr.,Bijan Robinson,Chris Olave,Daniel Carlson,Devaughn Vele,Nick Folk,2,1,-9.9736,2.2053
Bijan Robinson,Chris Olave,Juwan Johnson,Kyle Pitts Sr.,Nick Folk,Olamide Zaccheaus,2,1,-9.2581,4.51
Drake London,Alvin Kamara,Austin Hooper,Bijan Robinson,Falcons,Tyler Shough,2,1,-9.1344,5.1039
Chris Olave,Bijan Robinson,Kevin Austin Jr.,Kyle Pitts Sr.,Nick Folk,Tyler Shough,2,1,-10.4528,1.3656
Chris Olave,Bijan Robinson,Chris Blair,Kyle Pitts Sr.,Nick Folk,Tyler Shough,2,1,-10.6461,1.1256
Devaughn Vele,Alvin Kamara,Bijan Robinson,Daniel Carlson,Drake London,Saints,2,1,-10.5926,1.1875
Bijan Robinson,Austin Hooper,Bryce Lance,Chris Olave,Nick Folk,Tyler Shough,2,1,-8.0193,15.5662
Bijan Robinson,Austin Hooper,Chris Olave,Kyle Pitts Sr.,Tyler Shough,Zachariah Branch,2,1,-9.9396,2.2815
Bijan Robinson,Austin Hooper,Devaughn Vele,Falcons,Juwan Johnson,Tyler Shough,2,1,-8.9845,5.9294
Alvin Kamara,Chris Olave,Drake London,Falcons,Michael Penix Jr.,Nick Folk,2,1,-10.1217,1.9016
Michael Penix Jr.,Austin Hooper,Bijan Robinson,Devaughn Vele,Drake London,Jahan Dotson,2,1,-10.6774,1.091
Bijan Robinson,Falcons,Jahan Dotson,Juwan Johnson,Michael Penix Jr.,Nick Folk,2,1,-9.3464,4.1291
Bijan Robinson,Devaughn Vele,Juwan Johnson,Michael Penix Jr.,Nick Folk,Olamide Zaccheaus,2,1,-9.4193,3.8385
Tyler Shough,Alvin Kamara,Bijan Robinson,Chris Olave,Oscar Delp,Saints,2,1,-9.0033,5.8191
Alvin Kamara,Chris Olave,Daniel Carlson,Drake London,Juwan Johnson,Kyle Pitts Sr.,2,1,-9.7659,2.7142
Kyle Pitts Sr.,Bijan Robinson,Chris Olave,Daniel Carlson,Jahan Dotson,Michael Penix Jr.,2,1,-9.5908,3.2336
Bijan Robinson,Chris Olave,Daniel Carlson,Drake London,Kyle Pitts Sr.,Oscar Delp,2,1,-8.6,8.7099
Chris Olave,Bryce Lance,Devaughn Vele,Drake London,Jahan Dotson,Tyler Shough,2,1,-8.4674,9.9443
Austin Hooper,Alvin Kamara,Bijan Robinson,Juwan Johnson,Michael Penix Jr.,Tyler Shough,2,1,-10.4289,1.3986
Drake London,Alvin Kamara,Austin Hooper,Bijan Robinson,Juwan Johnson,Kyle Pitts Sr.,2,1,-9.6062,3.1844
Austin Hooper,Bijan Robinson,Chris Olave,Drake London,Jahan Dotson,Michael Penix Jr.,2,1,-10.8866,0.885
Bijan Robinson,Austin Hooper,Chris Olave,Daniel Carlson,Devaughn Vele,Kendre Miller,2,1,-9.5106,3.5037
Bijan Robinson,Bryce Lance,Chris Olave,Drake London,Juwan Johnson,Oscar Delp,2,1,-7.836,18.6977
Nick Folk,Bijan Robinson,Drake London,Jahan Dotson,Juwan Johnson,Michael Penix Jr.,2,1,-10.889,0.8829
Oscar Delp,Alvin Kamara,Bijan Robinson,Drake London,Michael Penix Jr.,Tyler Shough,2,1,-10.9743,0.8107
Chris Olave,Brian Robinson Jr.,Drake London,Juwan Johnson,Kendre Miller,Kyle Pitts Sr.,2,1,-9.6859,2.9403
Bijan Robinson,Bryce Lance,Chris Olave,Devaughn Vele,Juwan Johnson,Saints,2,1,-8.792,7.1883
Bijan Robinson,Chris Olave,Devaughn Vele,Kendre Miller,Kyle Pitts Sr.,Olamide Zaccheaus,2,1,-10.0353,2.0733
Tyler Shough,Bijan Robinson,Charlie Smyth,Chris Olave,Daniel Carlson,Jahan Dotson,2,1,-12.2621,0.2236
Tyler Shough,Alvin Kamara,Barion Brown,Bijan Robinson,Chris Olave,Saints,2,1,-11.4005,0.5294
Juwan Johnson,Bijan Robinson,Drake London,Falcons,Jahan Dotson,Tyler Shough,2,1,-8.8749,6.6164
Bijan Robinson,Charlie Woerner,Chris Olave,Kendre Miller,Nick Folk,Tyler Shough,2,1,-10.3532,1.5086
Chris Olave,Bijan Robinson,Falcons,Juwan Johnson,Kevin Austin Jr.,Tyler Shough,2,1,-10.0819,1.9789
Tyler Shough,Alvin Kamara,Drake London,Jahan Dotson,Michael Penix Jr.,Nick Folk,2,1,-9.0587,5.5054
Michael Penix Jr.,Alvin Kamara,Austin Hooper,Bijan Robinson,Daniel Carlson,Tyler Shough,2,1,-9.6476,3.0553
Drake London,Alvin Kamara,Bijan Robinson,CJ Donaldson,Falcons,Michael Penix Jr.,2,1,-10.5796,1.2031
Bijan Robinson,Alvin Kamara,Drake London,Kevin Austin Jr.,Saints,Tyler Shough,2,1,-10.6494,1.122
Bijan Robinson,Chris Olave,Daniel Carlson,Michael Penix Jr.,Nick Folk,Olamide Zaccheaus,2,1,-8.8472,6.8023
Tyler Shough,Bijan Robinson,Bryce Lance,Chris Olave,Devaughn Vele,Oscar Delp,2,1,-8.195,13.0578
Chris Olave,Alvin Kamara,Bijan Robinson,Kendre Miller,Nick Folk,Saints,2,1,-10.2368,1.6949
Falcons,Bijan Robinson,Chris Olave,Devaughn Vele,Juwan Johnson,Kyle Pitts Sr.,2,1,-10.7917,0.9731
Bijan Robinson,Chris Olave,Juwan Johnson,Michael Penix Jr.,Olamide Zaccheaus,Zachariah Branch,2,1,-10.0035,2.1403
Michael Penix Jr.,Alvin Kamara,Bijan Robinson,Daniel Carlson,Drake London,Zachariah Branch,2,1,-11.2393,0.622
Alvin Kamara,Chris Olave,Devaughn Vele,Nick Folk,Saints,Tyler Shough,2,1,-10.3922,1.451
Tyler Shough,Alvin Kamara,Bijan Robinson,Daniel Carlson,Michael Penix Jr.,Olamide Zaccheaus,2,1,-8.8723,6.6334
CJ Donaldson,Bijan Robinson,Chris Olave,Kyle Pitts Sr.,Michael Penix Jr.,Tyler Shough,2,1,-11.8331,0.3435
Tyler Shough,Bijan Robinson,CJ Donaldson,Chris Olave,Drake London,Kevin Austin Jr.,2,1,-10.9935,0.7953
Alvin Kamara,Bijan Robinson,Drake London,Juwan Johnson,Kyle Pitts Sr.,Saints,2,1,-10.5582,1.229
Drake London,Alvin Kamara,Brian Robinson Jr.,Michael Penix Jr.,Saints,Tyler Shough,2,1,-9.3456,4.1325
Alvin Kamara,Chris Olave,Drake London,Juwan Johnson,Michael Penix Jr.,Olamide Zaccheaus,2,1,-9.849,2.4979
Daniel Carlson,Bijan Robinson,Bryce Lance,Chris Olave,Devaughn Vele,Drake London,2,1,-10.454,1.364
Chris Olave,Barion Brown,Bijan Robinson,Falcons,Juwan Johnson,Tyler Shough,2,1,-10.7221,1.0433
Drake London,Brian Robinson Jr.,Chris Olave,Falcons,Michael Penix Jr.,Nick Folk,2,1,-9.446,3.7376
Tyler Shough,Alvin Kamara,Chris Olave,Drake London,Nick Folk,Zachariah Branch,2,1,-10.0256,2.0935
Devaughn Vele,Bijan Robinson,Jahan Dotson,Michael Penix Jr.,Saints,Tyler Shough,2,1,-10.0278,2.0888
Bijan Robinson,Austin Hooper,Devaughn Vele,Drake London,Falcons,Juwan Johnson,2,1,-9.5399,3.4025
Drake London,Alvin Kamara,Bijan Robinson,Chris Blair,Kyle Pitts Sr.,Michael Penix Jr.,2,1,-11.3212,0.5731
Chris Olave,Bijan Robinson,Bryce Lance,Drake London,Juwan Johnson,Zachariah Branch,2,1,-9.4986,3.5462
Bijan Robinson,CJ Donaldson,Drake London,Juwan Johnson,Tyler Shough,Zachariah Branch,2,1,-10.4461,1.3749
Bijan Robinson,Barion Brown,Chris Olave,Falcons,Kyle Pitts Sr.,Tyler Shough,2,1,-10.9852,0.8019
Kyle Pitts Sr.,Alvin Kamara,Bijan Robinson,Juwan Johnson,Kendre Miller,Tyler Shough,2,1,-9.638,3.0845
Michael Penix Jr.,Austin Hooper,Brian Robinson Jr.,Chris Olave,Drake London,Juwan Johnson,2,1,-10.0302,2.0839
Jalen Moreno-Cropper,Bijan Robinson,Chris Olave,Drake London,Juwan Johnson,Tyler Shough,2,1,-15.7935,0.0065
Cedric Tillman,Bijan Robinson,Chris Olave,Drake London,Juwan Johnson,Tyler Shough,2,1,-15.7935,0.0065
Drake London,Brian Robinson Jr.,Devaughn Vele,Juwan Johnson,Kendre Miller,Tyler Shough,2,1,-9.2009,4.7758
Drake London,Bijan Robinson,Brian Robinson Jr.,Kyle Pitts Sr.,Michael Penix Jr.,Saints,2,1,-9.8454,2.5068
Bijan Robinson,Bryce Lance,Devaughn Vele,Drake London,Olamide Zaccheaus,Tyler Shough,2,1,-8.4331,10.2916
Drake London,Bijan Robinson,Daniel Carlson,Jahan Dotson,Kyle Pitts Sr.,Tyler Shough,2,1,-8.6493,8.2904
Bijan Robinson,Charlie Woerner,Juwan Johnson,Michael Penix Jr.,Nick Folk,Tyler Shough,2,1,-9.8879,2.4025
Bijan Robinson,Chris Olave,Juwan Johnson,Kendre Miller,Nick Folk,Zachariah Branch,2,1,-10.3235,1.5542
Drake London,Bijan Robinson,CJ Donaldson,Charlie Woerner,Chris Olave,Tyler Shough,2,1,-11.0604,0.7438
Falcons,Bijan Robinson,Chris Olave,Daniel Carlson,Devaughn Vele,Michael Penix Jr.,2,1,-10.3807,1.4677
Chris Olave,Bijan Robinson,CJ Donaldson,Drake London,Juwan Johnson,Olamide Zaccheaus,2,1,-10.1871,1.7812
Chris Olave,Bijan Robinson,CJ Donaldson,Drake London,Kendre Miller,Nick Folk,2,1,-10.4701,1.3422
Michael Penix Jr.,Alvin Kamara,Chris Olave,Drake London,Jahan Dotson,Kendre Miller,2,1,-10.5138,1.2849
Tyler Shough,Bijan Robinson,Drake London,Jahan Dotson,Michael Penix Jr.,Oscar Delp,2,1,-8.4651,9.9672
Drake London,Alvin Kamara,Bijan Robinson,CJ Donaldson,Kendre Miller,Michael Penix Jr.,2,1,-10.5898,1.1908
Olamide Zaccheaus,Bijan Robinson,Chris Olave,Devaughn Vele,Juwan Johnson,Michael Penix Jr.,2,1,-11.5833,0.4409
Chris Olave,Austin Hooper,Devaughn Vele,Jahan Dotson,Michael Penix Jr.,Tyler Shough,2,1,-9.2496,4.5487
Chris Olave,Bijan Robinson,Bryce Lance,Falcons,Nick Folk,Tyler Shough,2,1,-8.3303,11.4055
Chris Olave,Bijan Robinson,Daniel Carlson,Juwan Johnson,Michael Penix Jr.,Oscar Delp,2,1,-8.3857,10.7913
Bijan Robinson,Chris Olave,Kendre Miller,Kyle Pitts Sr.,Treyton Welch,Tyler Shough,2,1,-10.8481,0.9197
Chris Olave,Bijan Robinson,Drake London,Kevin Austin Jr.,Treyton Welch,Tyler Shough,2,1,-12.1646,0.2466
Michael Penix Jr.,Bijan Robinson,CJ Donaldson,Devaughn Vele,Kyle Pitts Sr.,Tyler Shough,2,1,-11.0125,0.7803
Tyler Shough,Bijan Robinson,Chris Olave,Daniel Carlson,Juwan Johnson,Treyton Welch,2,1,-10.071,2.0006
Tyler Shough,Bijan Robinson,Chris Olave,Daniel Carlson,Juwan Johnson,Nick Muse,2,1,-11.6206,0.4248
Chris Olave,Bijan Robinson,Drake London,Falcons,Juwan Johnson,Oscar Delp,2,1,-8.8803,6.5807
Kendre Miller,Brian Robinson Jr.,Chris Olave,Drake London,Juwan Johnson,Tyler Shough,2,1,-9.8,2.6233
Michael Penix Jr.,Bijan Robinson,Falcons,Jahan Dotson,Juwan Johnson,Tyler Shough,2,1,-9.5583,3.3406
Bijan Robinson,Devaughn Vele,Kendre Miller,Kevin Austin Jr.,Michael Penix Jr.,Tyler Shough,2,1,-10.5165,1.2814
Bijan Robinson,Falcons,Jahan Dotson,Kendre Miller,Michael Penix Jr.,Tyler Shough,2,1,-9.0355,5.6345
Chris Olave,Alvin Kamara,Bijan Robinson,Kendre Miller,Kyle Pitts Sr.,Saints,2,1,-10.3875,1.4578
Falcons,Alvin Kamara,Bijan Robinson,Drake London,Juwan Johnson,Nick Folk,2,1,-10.8477,0.9201
Kyle Pitts Sr.,Bijan Robinson,Chris Olave,Devaughn Vele,Michael Penix Jr.,Oscar Delp,2,1,-9.8583,2.4747
Bijan Robinson,Chris Olave,Devaughn Vele,Juwan Johnson,Olamide Zaccheaus,Saints,2,1,-9.676,2.9695
Chris Olave,Bijan Robinson,Devaughn Vele,Khalil Herbert,Saints,Tyler Shough,2,1,-13.3515,0.0752
Tyler Shough,Alvin Kamara,Bijan Robinson,Drake London,Kendre Miller,Oscar Delp,2,1,-9.0282,5.676
Bijan Robinson,CJ Donaldson,Chris Olave,Nick Folk,Saints,Tyler Shough,2,1,-9.8186,2.575
Daniel Carlson,Alvin Kamara,Bijan Robinson,Chris Olave,Michael Penix Jr.,Saints,2,1,-11.3111,0.5789
Drake London,Brian Robinson Jr.,Chris Olave,Kendre Miller,Michael Penix Jr.,Nick Folk,2,1,-9.4562,3.6996
Tyler Shough,Bijan Robinson,Brian Robinson Jr.,Drake London,Kendre Miller,Saints,2,1,-9.5027,3.5316
Bijan Robinson,Bryce Lance,Chris Olave,Falcons,Kyle Pitts Sr.,Michael Penix Jr.,2,1,-8.6573,8.225
Bijan Robinson,Charlie Woerner,Devaughn Vele,Drake London,Falcons,Michael Penix Jr.,2,1,-11.2103,0.6403
Tyler Shough,Alvin Kamara,Bijan Robinson,Bryce Lance,Kendre Miller,Michael Penix Jr.,2,1,-8.542,9.2298
Drake London,Bijan Robinson,Charlie Woerner,Jahan Dotson,Michael Penix Jr.,Tyler Shough,2,1,-10.289,1.6087
Drake London,Bijan Robinson,Jahan Dotson,Kevin Austin Jr.,Michael Penix Jr.,Tyler Shough,2,1,-10.1404,1.8664
Chris Olave,Barion Brown,Bijan Robinson,Charlie Woerner,Drake London,Tyler Shough,2,1,-12.4605,0.1834
Drake London,Brian Robinson Jr.,Chris Olave,Falcons,Kyle Pitts Sr.,Michael Penix Jr.,2,1,-9.5966,3.2149
Tyler Shough,Bijan Robinson,Drake London,Jahan Dotson,Juwan Johnson,Oscar Delp,2,1,-8.5022,9.6047
Chris Olave,Austin Hooper,Bijan Robinson,Devaughn Vele,Kendre Miller,Kyle Pitts Sr.,2,1,-10.3125,1.5713
Bijan Robinson,Bryce Lance,CJ Donaldson,Drake London,Juwan Johnson,Tyler Shough,2,1,-8.6765,8.0684
Bijan Robinson,Chris Olave,Falcons,Kendre Miller,Tyler Shough,Zachariah Branch,2,1,-10.0024,2.1426
Chris Olave,Barion Brown,Bijan Robinson,Bryce Lance,Michael Penix Jr.,Tyler Shough,2,1,-10.0688,2.0051
Daniel Carlson,Bijan Robinson,CJ Donaldson,Chris Olave,Juwan Johnson,Tyler Shough,2,1,-11.026,0.7698
Nick Folk,Bijan Robinson,Chris Olave,Falcons,Kyle Pitts Sr.,Tyler Shough,2,1,-10.8383,0.9288
Chris Olave,Austin Hooper,Devaughn Vele,Jahan Dotson,Juwan Johnson,Tyler Shough,2,1,-9.2866,4.3833
Bijan Robinson,Austin Hooper,Bryce Lance,Devaughn Vele,Drake London,Michael Penix Jr.,2,1,-8.8866,6.5393
Bijan Robinson,Chris Olave,Daniel Carlson,Falcons,Michael Penix Jr.,Zachariah Branch,2,1,-10.053,2.037
Chris Olave,Austin Hooper,Bijan Robinson,Juwan Johnson,Oscar Delp,Tyler Shough,2,1,-8.4419,10.2015
Chris Olave,Austin Hooper,Bijan Robinson,Chris Blair,Juwan Johnson,Tyler Shough,2,1,-10.3922,1.451
Tyler Shough,Bijan Robinson,Bryce Lance,Jahan Dotson,Juwan Johnson,Michael Penix Jr.,2,1,-8.016,15.6183
Tyler Shough,Bijan Robinson,Devaughn Vele,Jahan Dotson,Juwan Johnson,Saints,2,1,-9.4581,3.6925
Juwan Johnson,Bijan Robinson,Chris Olave,Jahan Dotson,Michael Penix Jr.,Saints,2,1,-9.4645,3.6691
Bijan Robinson,Drake London,Juwan Johnson,Michael Penix Jr.,Nick Folk,Treyton Welch,2,1,-10.7876,0.9771
Bijan Robinson,Chris Olave,Daniel Carlson,Juwan Johnson,Kyle Pitts Sr.,Olamide Zaccheaus,2,1,-9.0349,5.6382
Alvin Kamara,Chris Olave,Drake London,Falcons,Kendre Miller,Tyler Shough,2,1,-9.8479,2.5006
Juwan Johnson,Alvin Kamara,Chris Olave,Daniel Carlson,Nick Folk,Tyler Shough,2,1,-8.7062,7.8321
Chris Olave,Alvin Kamara,Austin Hooper,Juwan Johnson,Kyle Pitts Sr.,Tyler Shough,2,1,-9.1861,4.8468
Devaughn Vele,Alvin Kamara,Daniel Carlson,Drake London,Juwan Johnson,Michael Penix Jr.,2,1,-9.8887,2.4006
Bijan Robinson,Jahan Dotson,Michael Penix Jr.,Nick Folk,Saints,Tyler Shough,2,1,-9.0472,5.5692
Kyle Pitts Sr.,Alvin Kamara,Bijan Robinson,Bryce Lance,Drake London,Michael Penix Jr.,2,1,-9.5299,3.4368
Drake London,Bijan Robinson,Brian Robinson Jr.,Daniel Carlson,Michael Penix Jr.,Saints,2,1,-9.4715,3.6434
Chris Olave,Bijan Robinson,Daniel Carlson,Kyle Pitts Sr.,Michael Penix Jr.,Zachariah Branch,2,1,-10.3114,1.5731
Chris Olave,Alvin Kamara,Daniel Carlson,Drake London,Kyle Pitts Sr.,Nick Folk,2,1,-9.6215,3.1358
Chris Olave,Alvin Kamara,Bryce Lance,Juwan Johnson,Kyle Pitts Sr.,Tyler Shough,2,1,-8.4529,10.0903
Tyler Shough,Alvin Kamara,Chris Blair,Chris Olave,Juwan Johnson,Michael Penix Jr.,2,1,-10.2497,1.6732
Nick Folk,Bijan Robinson,Devaughn Vele,Juwan Johnson,Kyle Pitts Sr.,Michael Penix Jr.,2,1,-11.4713,0.4932
Chris Olave,Bijan Robinson,Devaughn Vele,Juwan Johnson,Saints,Zachariah Branch,2,1,-10.9896,0.7984
Nick Folk,Bijan Robinson,Bryce Lance,Devaughn Vele,Drake London,Tyler Shough,2,1,-10.3344,1.5374
Bijan Robinson,Bryce Lance,Devaughn Vele,Michael Penix Jr.,Olamide Zaccheaus,Tyler Shough,2,1,-8.482,9.8007
Juwan Johnson,Alvin Kamara,Charlie Woerner,Chris Olave,Drake London,Tyler Shough,2,1,-10.4476,1.3727
Kyle Pitts Sr.,Bijan Robinson,CJ Donaldson,Chris Olave,Juwan Johnson,Michael Penix Jr.,2,1,-10.4507,1.3686
Tyler Shough,Austin Hooper,Bijan Robinson,Cedric Tillman,Chris Olave,Drake London,2,1,-14.0197,0.0386
Tyler Shough,Austin Hooper,Bijan Robinson,Cash Jones,Chris Olave,Drake London,2,1,-14.5305,0.0231
Bijan Robinson,Austin Hooper,Daniel Carlson,Devaughn Vele,Drake London,Kyle Pitts Sr.,2,1,-9.6876,2.9354
Chris Olave,Bijan Robinson,Bryce Lance,Chris Blair,Drake London,Michael Penix Jr.,2,1,-10.1772,1.7989
Chris Olave,Bijan Robinson,Bryce Lance,Drake London,Kevin Austin Jr.,Michael Penix Jr.,2,1,-9.984,2.1825
Bijan Robinson,CJ Donaldson,Drake London,Michael Penix Jr.,Oscar Delp,Tyler Shough,2,1,-9.1745,4.9034
Tyler Shough,Bijan Robinson,Devaughn Vele,Drake London,Falcons,Zachariah Branch,2,1,-10.4026,1.4359
Juwan Johnson,Bijan Robinson,Cedric Tillman,Chris Olave,Drake London,Kyle Pitts Sr.,2,1,-14.666,0.0202
Bijan Robinson,Alvin Kamara,Drake London,Falcons,Nick Folk,Saints,2,1,-10.1554,1.8387
Devaughn Vele,Alvin Kamara,Juwan Johnson,Kyle Pitts Sr.,Nick Folk,Tyler Shough,2,1,-10.2848,1.6155
Chris Olave,Austin Hooper,Bijan Robinson,Daniel Carlson,Juwan Johnson,Nick Folk,2,1,-9.1614,4.9679
Bijan Robinson,Austin Hooper,Chris Olave,Falcons,Kendre Miller,Tyler Shough,2,1,-8.9661,6.0398
Kendre Miller,Alvin Kamara,Bijan Robinson,Juwan Johnson,Kyle Pitts Sr.,Tyler Shough,2,1,-10.4326,1.3935
Kendre Miller,Bijan Robinson,Chris Olave,Drake London,Jahan Dotson,Kyle Pitts Sr.,2,1,-10.8902,0.8818
Devaughn Vele,Bijan Robinson,Daniel Carlson,Drake London,Oscar Delp,Tyler Shough,2,1,-9.2314,4.6324
Devaughn Vele,Bijan Robinson,Charlie Woerner,Daniel Carlson,Drake London,Tyler Shough,2,1,-11.1369,0.689
Drake London,Alvin Kamara,Bijan Robinson,Daniel Carlson,Kendre Miller,Nick Folk,2,1,-9.666,2.9994
Devaughn Vele,Bijan Robinson,Daniel Carlson,Drake London,Falcons,Juwan Johnson,2,1,-9.9539,2.2491
Kyle Pitts Sr.,Brian Robinson Jr.,Chris Olave,Drake London,Kendre Miller,Tyler Shough,2,1,-9.6966,2.909
Juwan Johnson,Alvin Kamara,Barion Brown,Chris Olave,Drake London,Tyler Shough,2,1,-10.9392,0.8396
Bijan Robinson,Drake London,Kyle Pitts Sr.,Nick Folk,Oscar Delp,Tyler Shough,2,1,-8.6246,8.4978
Bijan Robinson,Chris Olave,Kendre Miller,Michael Penix Jr.,Nick Folk,Olamide Zaccheaus,2,1,-9.4009,3.91
Bijan Robinson,Chris Blair,Chris Olave,Kendre Miller,Michael Penix Jr.,Nick Folk,2,1,-11.0022,0.7884
Chris Olave,Bijan Robinson,Charlie Woerner,Michael Penix Jr.,Oscar Delp,Tyler Shough,2,1,-10.1122,1.9197
Chris Olave,Bijan Robinson,Michael Penix Jr.,Olamide Zaccheaus,Treyton Welch,Tyler Shough,2,1,-10.8055,0.9598
Bijan Robinson,Chris Olave,Daniel Carlson,Drake London,Falcons,Olamide Zaccheaus,2,1,-9.1185,5.1858
Devaughn Vele,Austin Hooper,Bijan Robinson,Drake London,Falcons,Tyler Shough,2,1,-9.973,2.2065
Chris Olave,Alvin Kamara,Daniel Carlson,Drake London,Treyton Welch,Tyler Shough,2,1,-10.7779,0.9866
Chris Olave,Alvin Kamara,Juwan Johnson,Kendre Miller,Michael Penix Jr.,Nick Folk,2,1,-9.533,3.4262
Tyler Shough,Bijan Robinson,Drake London,Jahan Dotson,Kendre Miller,Kyle Pitts Sr.,2,1,-9.2848,4.3915
Bijan Robinson,Austin Hooper,Devaughn Vele,Juwan Johnson,Noah Fant,Tyler Shough,2,1,-11.9321,0.3111
Alvin Kamara,Bryce Lance,Chris Olave,Daniel Carlson,Michael Penix Jr.,Tyler Shough,2,1,-8.7268,7.6724
Devaughn Vele,Bijan Robinson,Kyle Pitts Sr.,Michael Penix Jr.,Oscar Delp,Tyler Shough,2,1,-9.6542,3.0352
Devaughn Vele,Bijan Robinson,Bryce Lance,Daniel Carlson,Michael Penix Jr.,Tyler Shough,2,1,-8.7452,7.5328
Bijan Robinson,Chris Olave,Drake London,Falcons,Kendre Miller,Zachariah Branch,2,1,-10.5578,1.2295
Devaughn Vele,Bijan Robinson,Daniel Carlson,Drake London,Michael Penix Jr.,Zachariah Branch,2,1,-11.0702,0.7366
Devaughn Vele,Bijan Robinson,Drake London,Michael Penix Jr.,Nick Folk,Olamide Zaccheaus,2,1,-10.4079,1.4284
Tyler Shough,Bijan Robinson,Chris Olave,Falcons,Juwan Johnson,Oscar Delp,2,1,-8.3646,11.0213
Bijan Robinson,Barion Brown,CJ Donaldson,Drake London,Michael Penix Jr.,Tyler Shough,2,1,-11.5717,0.4461
Drake London,Bijan Robinson,Cash Jones,Chris Olave,Daniel Carlson,Juwan Johnson,2,1,-14.4296,0.0256
Bijan Robinson,Barion Brown,Charlie Smyth,Chris Olave,Nick Folk,Tyler Shough,2,1,-14.5529,0.0226
Chris Olave,Alvin Kamara,Bryce Lance,Drake London,Falcons,Tyler Shough,2,1,-8.5365,9.2806
Tyler Shough,Alvin Kamara,Austin Hooper,Chris Olave,Michael Penix Jr.,Nick Folk,2,1,-9.0381,5.6199
Nick Folk,Alvin Kamara,Devaughn Vele,Drake London,Juwan Johnson,Michael Penix Jr.,2,1,-11.5268,0.4666
Tyler Shough,Alvin Kamara,Chris Olave,Falcons,Juwan Johnson,Kyle Pitts Sr.,2,1,-9.1088,5.2362
Bijan Robinson,Daniel Carlson,Falcons,Juwan Johnson,Nick Folk,Tyler Shough,2,1,-8.4178,10.4499
Drake London,Bijan Robinson,Bryce Lance,Chris Olave,Nick Muse,Tyler Shough,2,1,-11.3802,0.5402
Daniel Carlson,Bijan Robinson,Chris Olave,Drake London,Treyton Welch,Tyler Shough,2,1,-12.1509,0.25
Juwan Johnson,Bijan Robinson,Chris Olave,Drake London,Falcons,Zachariah Branch,2,1,-10.446,1.3749
Tyler Shough,Alvin Kamara,Devaughn Vele,Falcons,Juwan Johnson,Michael Penix Jr.,2,1,-9.2701,4.4566
Daniel Carlson,Alvin Kamara,Bijan Robinson,Drake London,Kendre Miller,Michael Penix Jr.,2,1,-11.336,0.5646
Kyle Pitts Sr.,Bijan Robinson,Chris Olave,Juwan Johnson,Kevin Austin Jr.,Tyler Shough,2,1,-10.5643,1.2215
Kyle Pitts Sr.,Bijan Robinson,Chris Olave,Juwan Johnson,Treyton Welch,Tyler Shough,2,1,-11.0572,0.7462
Jahan Dotson,Devaughn Vele,Drake London,Juwan Johnson,Michael Penix Jr.,Tyler Shough,2,1,-10.785,0.9796
Bijan Robinson,Austin Hooper,Chris Olave,Devaughn Vele,Kyle Pitts Sr.,Saints,2,1,-10.2164,1.7298
Alvin Kamara,Bijan Robinson,Juwan Johnson,Kendre Miller,Saints,Tyler Shough,2,1,-10.1826,1.7893
Bijan Robinson,Chris Blair,Daniel Carlson,Juwan Johnson,Michael Penix Jr.,Tyler Shough,2,1,-9.7093,2.8722
Tyler Shough,Bijan Robinson,Chris Blair,Daniel Carlson,Devaughn Vele,Drake London,2,1,-10.5749,1.2087
Kendre Miller,Alvin Kamara,Bijan Robinson,Daniel Carlson,Michael Penix Jr.,Tyler Shough,2,1,-10.0216,2.1018
Bijan Robinson,Austin Hooper,Chris Olave,Daniel Carlson,Olamide Zaccheaus,Tyler Shough,2,1,-8.6801,8.0391
Nick Folk,Austin Hooper,Bijan Robinson,Chris Olave,Kyle Pitts Sr.,Tyler Shough,2,1,-10.9553,0.8262
Zachariah Branch,Bijan Robinson,Chris Olave,Drake London,Falcons,Tyler Shough,2,1,-11.7867,0.3598
Bijan Robinson,Chris Olave,Falcons,Kendre Miller,Kyle Pitts Sr.,Nick Folk,2,1,-9.8613,2.4673
Chris Olave,Alvin Kamara,Kendre Miller,Kyle Pitts Sr.,Nick Folk,Tyler Shough,2,1,-9.6199,3.1411
Drake London,Alvin Kamara,Chris Olave,Nick Folk,Olamide Zaccheaus,Tyler Shough,2,1,-9.0583,5.5075
Drake London,Bijan Robinson,CJ Donaldson,Chris Blair,Chris Olave,Michael Penix Jr.,2,1,-11.7094,0.3887
Drake London,Bijan Robinson,CJ Donaldson,Charlie Woerner,Chris Olave,Michael Penix Jr.,2,1,-11.6647,0.4065
Chris Olave,Bijan Robinson,Kendre Miller,Michael Penix Jr.,Nick Folk,Zachariah Branch,2,1,-10.7144,1.0513
Nick Folk,Alvin Kamara,Chris Olave,Daniel Carlson,Drake London,Michael Penix Jr.,2,1,-10.9546,0.8268
Chris Olave,Bijan Robinson,Drake London,Falcons,Nick Folk,Olamide Zaccheaus,2,1,-9.7698,2.7038
Drake London,Alvin Kamara,Chris Olave,Falcons,Juwan Johnson,Nick Folk,2,1,-9.4319,3.7908
Bijan Robinson,Charlie Woerner,Chris Olave,Daniel Carlson,Drake London,Kendre Miller,2,1,-10.6854,1.0823
Michael Penix Jr.,Bijan Robinson,Daniel Carlson,Devaughn Vele,Tyler Shough,Zachariah Branch,2,1,-10.834,0.9328
Tyler Shough,Chris Olave,Devaughn Vele,Jahan Dotson,Juwan Johnson,Kendre Miller,2,1,-9.2196,4.6873
Bryce Lance,Bijan Robinson,Chris Olave,Devaughn Vele,Kendre Miller,Tyler Shough,2,1,-10.646,1.1257
Michael Penix Jr.,Bijan Robinson,Devaughn Vele,Falcons,Juwan Johnson,Nick Folk,2,1,-10.5453,1.245
Bijan Robinson,Devaughn Vele,Falcons,Kendre Miller,Michael Penix Jr.,Nick Folk,2,1,-10.0225,2.0999
Tyler Shough,Bijan Robinson,Cedric Tillman,Chris Olave,Juwan Johnson,Kendre Miller,2,1,-13.9989,0.0394
Tyler Shough,Alvin Kamara,Bijan Robinson,Drake London,Saints,Zachariah Branch,2,1,-10.5946,1.1851
Chris Olave,Bijan Robinson,Drake London,Kevin Austin Jr.,Michael Penix Jr.,Oscar Delp,2,1,-10.519,1.2781
Chris Olave,Bijan Robinson,Charlie Woerner,Drake London,Michael Penix Jr.,Olamide Zaccheaus,2,1,-11.0166,0.7771
Zachariah Branch,Bijan Robinson,Devaughn Vele,Drake London,Juwan Johnson,Michael Penix Jr.,2,1,-12.4197,0.191
Devaughn Vele,Bijan Robinson,Bryce Lance,Daniel Carlson,Drake London,Michael Penix Jr.,2,1,-9.3006,4.3226
Drake London,Bijan Robinson,Bryce Lance,Chris Olave,Juwan Johnson,Zachariah Branch,2,1,-9.4565,3.6984
Juwan Johnson,Bijan Robinson,Bryce Lance,Chris Olave,Tyler Shough,Zachariah Branch,2,1,-9.2744,4.4374
Devaughn Vele,Drake London,Jahan Dotson,Michael Penix Jr.,Nick Folk,Tyler Shough,2,1,-9.8156,2.5827
Kendre Miller,Bijan Robinson,Chris Olave,Devaughn Vele,Kyle Pitts Sr.,Nick Folk,2,1,-11.3218,0.5727
Tyler Shough,Brian Robinson Jr.,Drake London,Juwan Johnson,Kendre Miller,Michael Penix Jr.,2,1,-8.7988,7.1393
Daniel Carlson,Bijan Robinson,Chris Olave,Kyle Pitts Sr.,Michael Penix Jr.,Nick Folk,2,1,-11.0434,0.7566
Drake London,Bijan Robinson,Devaughn Vele,Michael Penix Jr.,Nick Folk,Oscar Delp,2,1,-9.3704,4.0309
Chris Olave,Alvin Kamara,Drake London,Kyle Pitts Sr.,Michael Penix Jr.,Olamide Zaccheaus,2,1,-9.8553,2.4823
Tyler Shough,Bijan Robinson,Devaughn Vele,Juwan Johnson,Kyle Pitts Sr.,Olamide Zaccheaus,2,1,-9.4334,3.7848
Tyler Shough,Bijan Robinson,Bryce Lance,Daniel Carlson,Devaughn Vele,Juwan Johnson,2,1,-8.1755,13.3159
Noah Fant,Bijan Robinson,Chris Olave,Devaughn Vele,Juwan Johnson,Nick Folk,2,1,-13.2595,0.0825
Bijan Robinson,Daniel Carlson,Drake London,Nick Folk,Oscar Delp,Tyler Shough,2,1,-8.2507,12.3507
Michael Penix Jr.,Austin Hooper,Bijan Robinson,Drake London,Jahan Dotson,Juwan Johnson,2,1,-10.2307,1.7053
Juwan Johnson,Bijan Robinson,Bryce Lance,Chris Olave,Daniel Carlson,Michael Penix Jr.,2,1,-8.1818,13.2315
Devaughn Vele,Bijan Robinson,Falcons,Juwan Johnson,Kendre Miller,Tyler Shough,2,1,-9.9522,2.2529
Michael Penix Jr.,Alvin Kamara,Bryce Lance,Devaughn Vele,Drake London,Tyler Shough,2,1,-9.4939,3.5629
Kyle Pitts Sr.,Bijan Robinson,Bryce Lance,Chris Olave,Nick Folk,Tyler Shough,2,1,-8.8128,7.0404
Juwan Johnson,Austin Hooper,Bijan Robinson,Devaughn Vele,Kyle Pitts Sr.,Tyler Shough,2,1,-9.5742,3.288
Chris Olave,Bryce Lance,Drake London,Jahan Dotson,Juwan Johnson,Tyler Shough,2,1,-8.0207,15.5444
Bryce Lance,Bijan Robinson,Chris Olave,Juwan Johnson,Kyle Pitts Sr.,Tyler Shough,2,1,-10.0195,2.1063
Devaughn Vele,Bijan Robinson,Kendre Miller,Michael Penix Jr.,Tyler Shough,Zachariah Branch,2,1,-11.0685,0.7378
Kevin Austin Jr.,Bijan Robinson,Devaughn Vele,Drake London,Michael Penix Jr.,Tyler Shough,2,1,-12.957,0.1116
Kyle Pitts Sr.,Bijan Robinson,Charlie Woerner,Chris Olave,Drake London,Juwan Johnson,2,1,-11.2683,0.6042
Kendre Miller,Bijan Robinson,Bryce Lance,Chris Olave,Devaughn Vele,Drake London,2,1,-10.2487,1.6748
Tyler Shough,Brian Robinson Jr.,Devaughn Vele,Drake London,Michael Penix Jr.,Saints,2,1,-9.5774,3.2773
Bijan Robinson,Bryce Lance,Juwan Johnson,Michael Penix Jr.,Tyler Shough,Zachariah Branch,2,1,-8.9208,6.3193
Bijan Robinson,Drake London,Falcons,Kyle Pitts Sr.,Tyler Shough,Zachariah Branch,2,1,-10.1794,1.7951
Michael Penix Jr.,Bijan Robinson,CJ Donaldson,Chris Olave,Drake London,Olamide Zaccheaus,2,1,-11.1158,0.7037
Bijan Robinson,Austin Hooper,Charlie Woerner,Drake London,Michael Penix Jr.,Tyler Shough,2,1,-10.2392,1.6908
Bryce Lance,Bijan Robinson,Devaughn Vele,Juwan Johnson,Michael Penix Jr.,Tyler Shough,2,1,-10.1807,1.7927
Devaughn Vele,Chris Olave,Drake London,Juwan Johnson,Nick Muse,Tyler Shough,2,1,-12.8069,0.1297
Tyler Shough,Alvin Kamara,Bijan Robinson,Kyle Pitts Sr.,Nick Folk,Saints,2,1,-9.8981,2.3781
Chris Olave,Bijan Robinson,Falcons,Juwan Johnson,Kendre Miller,Kyle Pitts Sr.,2,1,-9.7488,2.7611
Jahan Dotson,Bijan Robinson,Drake London,Michael Penix Jr.,Saints,Tyler Shough,2,1,-11.0051,0.7861
Austin Hooper,Bijan Robinson,Chris Olave,Devaughn Vele,Drake London,Kendre Miller,2,1,-11.5998,0.4337
Chris Olave,Alvin Kamara,Devaughn Vele,Falcons,Saints,Tyler Shough,2,1,-10.0275,2.0894
Tyler Shough,Austin Hooper,Bijan Robinson,Chris Olave,Juwan Johnson,Oscar Delp,2,1,-8.4816,9.8043
Bijan Robinson,Bryce Lance,Drake London,Kevin Austin Jr.,Michael Penix Jr.,Tyler Shough,2,1,-9.3574,4.0839
Devaughn Vele,Bijan Robinson,Drake London,Kendre Miller,Kyle Pitts Sr.,Nick Folk,2,1,-10.8785,0.8922
Bijan Robinson,Devaughn Vele,Drake London,Saints,Treyton Welch,Tyler Shough,2,1,-11.2924,0.5898
Michael Penix Jr.,Alvin Kamara,Chris Blair,Chris Olave,Drake London,Juwan Johnson,2,1,-11.7311,0.3804
Daniel Carlson,Bijan Robinson,Charlie Woerner,Chris Olave,Michael Penix Jr.,Tyler Shough,2,1,-11.8555,0.3359
Chris Olave,Daniel Carlson,Jahan Dotson,Michael Penix Jr.,Nick Folk,Tyler Shough,2,1,-8.6829,8.0167
Drake London,Bijan Robinson,Chris Olave,Kevin Austin Jr.,Michael Penix Jr.,Zachariah Branch,2,1,-11.7116,0.3879
Drake London,Bijan Robinson,Devaughn Vele,Juwan Johnson,Nick Folk,Olamide Zaccheaus,2,1,-9.7565,2.74
Michael Penix Jr.,Brian Robinson Jr.,Chris Olave,Drake London,Juwan Johnson,Saints,2,1,-10.2553,1.6638
Drake London,CJ Donaldson,Chris Olave,Jahan Dotson,Michael Penix Jr.,Tyler Shough,2,1,-9.5158,3.4856
Chris Olave,Jahan Dotson,Juwan Johnson,Michael Penix Jr.,Tyler Shough,Zachariah Branch,2,1,-9.8392,2.5224
Chris Olave,Chris Blair,Devaughn Vele,Drake London,Nick Folk,Tyler Shough,2,1,-10.8518,0.9164
Michael Penix Jr.,Barion Brown,Bijan Robinson,Chris Olave,Tyler Shough,Zachariah Branch,2,1,-12.8041,0.1301
Michael Penix Jr.,Bijan Robinson,Bryce Lance,Daniel Carlson,Devaughn Vele,Tyler Shough,2,1,-9.0644,5.4739
Michael Penix Jr.,Bijan Robinson,Bryce Lance,Chris Olave,Kyle Pitts Sr.,Nick Folk,2,1,-9.7308,2.8114
Chris Olave,Bryce Lance,Devaughn Vele,Michael Penix Jr.,Nick Folk,Tyler Shough,2,1,-8.4153,10.4764
Juwan Johnson,Austin Hooper,Bijan Robinson,Chris Olave,Drake London,Zachariah Branch,2,1,-10.563,1.2231
Nick Folk,Austin Hooper,Bijan Robinson,Chris Olave,Daniel Carlson,Tyler Shough,2,1,-10.5814,1.2009
Devaughn Vele,Bijan Robinson,Daniel Carlson,Juwan Johnson,Noah Fant,Tyler Shough,2,1,-12.3461,0.2056
Tyler Shough,Alvin Kamara,Devaughn Vele,Drake London,Kendre Miller,Nick Folk,2,1,-9.7719,2.698
Tyler Shough,Bijan Robinson,Devaughn Vele,Drake London,Falcons,Olamide Zaccheaus,2,1,-9.5171,3.4811
Bijan Robinson,Chris Olave,Daniel Carlson,Saints,Tyler Shough,Zachariah Branch,2,1,-9.7908,2.6476
Michael Penix Jr.,Alvin Kamara,Devaughn Vele,Drake London,Kyle Pitts Sr.,Nick Folk,2,1,-11.1224,0.6991
Chris Olave,Charlie Woerner,Drake London,Jahan Dotson,Michael Penix Jr.,Tyler Shough,2,1,-10.4243,1.4051
Chris Olave,Chris Blair,Drake London,Jahan Dotson,Michael Penix Jr.,Tyler Shough,2,1,-10.469,1.3437
Chris Olave,Bijan Robinson,Daniel Carlson,Falcons,Olamide Zaccheaus,Tyler Shough,2,1,-8.9911,5.8903
Chris Olave,Alvin Kamara,Daniel Carlson,Kendre Miller,Nick Folk,Tyler Shough,2,1,-9.246,4.5653
Olamide Zaccheaus,Bijan Robinson,Devaughn Vele,Drake London,Juwan Johnson,Tyler Shough,2,1,-11.3358,0.5647
Oscar Delp,Bijan Robinson,Devaughn Vele,Drake London,Juwan Johnson,Tyler Shough,2,1,-11.1615,0.6723
Tyler Shough,Alvin Kamara,Daniel Carlson,Devaughn Vele,Kyle Pitts Sr.,Michael Penix Jr.,2,1,-9.4177,3.8448
Chris Olave,Austin Hooper,Bijan Robinson,Bryce Lance,Drake London,Kyle Pitts Sr.,2,1,-9.1534,5.0081
Michael Penix Jr.,Alvin Kamara,Barion Brown,Chris Olave,Drake London,Juwan Johnson,2,1,-12.178,0.2433
Bryce Lance,Bijan Robinson,Chris Olave,Drake London,Falcons,Tyler Shough,2,1,-10.1032,1.9372
Bijan Robinson,Austin Hooper,Chris Olave,Falcons,Michael Penix Jr.,Zachariah Branch,2,1,-10.7134,1.0523
Zachariah Branch,Austin Hooper,Bijan Robinson,Chris Olave,Drake London,Tyler Shough,2,1,-11.9037,0.3201
Tyler Shough,Alvin Kamara,CJ Donaldson,Drake London,Juwan Johnson,Michael Penix Jr.,2,1,-9.6953,2.9129
Tyler Shough,Barion Brown,Bijan Robinson,Daniel Carlson,Devaughn Vele,Michael Penix Jr.,2,1,-11.0707,0.7362
Michael Penix Jr.,Austin Hooper,Bijan Robinson,Chris Olave,Oscar Delp,Tyler Shough,2,1,-9.3706,4.0304
Chris Olave,Alvin Kamara,Daniel Carlson,Juwan Johnson,Kendre Miller,Michael Penix Jr.,2,1,-9.3097,4.2832
Drake London,Bijan Robinson,Chris Olave,Daniel Carlson,Nick Folk,Olamide Zaccheaus,2,1,-9.1843,4.8557
Kyle Pitts Sr.,Bijan Robinson,Devaughn Vele,Drake London,Olamide Zaccheaus,Tyler Shough,2,1,-9.9598,2.2359
Bijan Robinson,Austin Hooper,Chris Olave,Falcons,Kendre Miller,Michael Penix Jr.,2,1,-9.5703,3.3006
Chris Olave,Alvin Kamara,Austin Hooper,Kendre Miller,Michael Penix Jr.,Tyler Shough,2,1,-9.3289,4.202
Kyle Pitts Sr.,Bijan Robinson,Devaughn Vele,Drake London,Falcons,Juwan Johnson,2,1,-10.3333,1.5389
Alvin Kamara,Chris Olave,Drake London,Michael Penix Jr.,Nick Folk,Saints,2,1,-10.4638,1.3507
Drake London,Bijan Robinson,Chris Olave,Juwan Johnson,Olamide Zaccheaus,Zachariah Branch,2,1,-10.3406,1.5278
Michael Penix Jr.,Alvin Kamara,Bijan Robinson,Drake London,Kendre Miller,Olamide Zaccheaus,2,1,-10.9075,0.8667
Devaughn Vele,Bijan Robinson,Bryce Lance,Kendre Miller,Michael Penix Jr.,Tyler Shough,2,1,-9.2989,4.3299
Chris Olave,Barion Brown,Drake London,Jahan Dotson,Michael Penix Jr.,Tyler Shough,2,1,-10.9159,0.8594
Daniel Carlson,Alvin Kamara,Bijan Robinson,Drake London,Saints,Tyler Shough,2,1,-11.0636,0.7414
Zachariah Branch,Bijan Robinson,Bryce Lance,Chris Olave,Drake London,Tyler Shough,2,1,-11.1704,0.6663
Michael Penix Jr.,Alvin Kamara,Austin Hooper,Chris Olave,Kyle Pitts Sr.,Tyler Shough,2,1,-10.1148,1.9148
Juwan Johnson,Bijan Robinson,Charlie Woerner,Chris Olave,Kendre Miller,Tyler Shough,2,1,-10.5719,1.2123
Tyler Shough,Alvin Kamara,Chris Olave,Daniel Carlson,Drake London,Olamide Zaccheaus,2,1,-8.9168,6.345
Juwan Johnson,Bijan Robinson,Chris Olave,Daniel Carlson,Michael Penix Jr.,Olamide Zaccheaus,2,1,-9.0659,5.466
Bijan Robinson,Devaughn Vele,Kyle Pitts Sr.,Michael Penix Jr.,Nick Folk,Saints,2,1,-10.1849,1.7853
Oscar Delp,Bijan Robinson,Chris Olave,Daniel Carlson,Drake London,Tyler Shough,2,1,-10.5893,1.1914
Chris Olave,Devaughn Vele,Juwan Johnson,Kyle Pitts Sr.,Tyler Shough,Zachariah Branch,2,1,-10.3726,1.4797
Chris Olave,Bijan Robinson,Bryce Lance,Daniel Carlson,Drake London,Kendre Miller,2,1,-8.6727,8.0989
Tyler Shough,Alvin Kamara,Chris Olave,Kyle Pitts Sr.,Michael Penix Jr.,Olamide Zaccheaus,2,1,-9.3396,4.1573
Kendre Miller,Austin Hooper,Bijan Robinson,Chris Olave,Devaughn Vele,Michael Penix Jr.,2,1,-11.0309,0.7661
Bijan Robinson,Charlie Smyth,Drake London,Jahan Dotson,Kendre Miller,Michael Penix Jr.,2,1,-13.3092,0.0785
Drake London,Alvin Kamara,Jahan Dotson,Kendre Miller,Michael Penix Jr.,Tyler Shough,2,1,-9.3075,4.293
Kendre Miller,Bijan Robinson,Chris Olave,Devaughn Vele,Drake London,Olamide Zaccheaus,2,1,-11.1328,0.6919
Bijan Robinson,Austin Hooper,Falcons,Michael Penix Jr.,Nick Folk,Tyler Shough,2,1,-9.0413,5.6022
Chris Olave,Charlie Woerner,Devaughn Vele,Drake London,Kyle Pitts Sr.,Tyler Shough,2,1,-10.9577,0.8242
Chris Olave,Devaughn Vele,Drake London,Kyle Pitts Sr.,Treyton Welch,Tyler Shough,2,1,-11.302,0.5842
Chris Olave,Devaughn Vele,Jahan Dotson,Juwan Johnson,Saints,Tyler Shough,2,1,-9.5118,3.4997
Tyler Shough,Bijan Robinson,CJ Donaldson,Daniel Carlson,Juwan Johnson,Michael Penix Jr.,2,1,-9.2658,4.4754
Michael Penix Jr.,Barion Brown,Bijan Robinson,Bryce Lance,Chris Olave,Tyler Shough,2,1,-11.0345,0.7633
Saints,Alvin Kamara,Bijan Robinson,Chris Olave,Daniel Carlson,Juwan Johnson,2,1,-10.0529,2.0372
Juwan Johnson,Barion Brown,Bijan Robinson,Chris Olave,Kendre Miller,Tyler Shough,2,1,-11.0635,0.7415
Michael Penix Jr.,Bijan Robinson,Devaughn Vele,Drake London,Kevin Austin Jr.,Kyle Pitts Sr.,2,1,-12.2858,0.2184
Kyle Pitts Sr.,Bijan Robinson,Chris Blair,Chris Olave,Juwan Johnson,Michael Penix Jr.,2,1,-11.3619,0.5502
Michael Penix Jr.,Devaughn Vele,Drake London,Jahan Dotson,Nick Folk,Tyler Shough,2,1,-10.1349,1.8768
Daniel Carlson,Alvin Kamara,Chris Olave,Drake London,Kyle Pitts Sr.,Michael Penix Jr.,2,1,-11.2495,0.6156
Bijan Robinson,Alvin Kamara,Daniel Carlson,Drake London,Kendre Miller,Saints,2,1,-9.9424,2.2752
Chris Olave,Alvin Kamara,Austin Hooper,Juwan Johnson,Kendre Miller,Tyler Shough,2,1,-9.3659,4.0491
Chris Olave,Austin Hooper,Bijan Robinson,Falcons,Kendre Miller,Tyler Shough,2,1,-9.3941,3.9368
Bijan Robinson,Charlie Woerner,Drake London,Michael Penix Jr.,Olamide Zaccheaus,Tyler Shough,2,1,-10.39,1.4542
Bijan Robinson,Drake London,Kevin Austin Jr.,Michael Penix Jr.,Olamide Zaccheaus,Tyler Shough,2,1,-10.2414,1.6871
Kendre Miller,Bijan Robinson,Devaughn Vele,Juwan Johnson,Nick Folk,Tyler Shough,2,1,-10.4321,1.3942
Bijan Robinson,Drake London,Falcons,Juwan Johnson,Michael Penix Jr.,Oscar Delp,2,1,-8.858,6.7292
Devaughn Vele,Chris Olave,Juwan Johnson,Kevin Austin Jr.,Michael Penix Jr.,Tyler Shough,2,1,-10.8133,0.9523
Bijan Robinson,Chris Olave,Drake London,Nick Folk,Oscar Delp,Saints,2,1,-9.3349,4.1766
Drake London,Alvin Kamara,Chris Olave,Daniel Carlson,Olamide Zaccheaus,Tyler Shough,2,1,-8.8351,6.8852
Bijan Robinson,Austin Hooper,Bryce Lance,Drake London,Nick Folk,Tyler Shough,2,1,-8.3761,10.895
Drake London,Barion Brown,Bijan Robinson,Bryce Lance,Chris Olave,Michael Penix Jr.,2,1,-10.5821,1.2
Zachariah Branch,Bijan Robinson,Chris Olave,Drake London,Falcons,Michael Penix Jr.,2,1,-12.391,0.1966
Tyler Shough,Bijan Robinson,Chris Olave,Juwan Johnson,Kevin Austin Jr.,Olamide Zaccheaus,2,1,-10.3894,1.4551
Michael Penix Jr.,Bijan Robinson,Chris Olave,Kyle Pitts Sr.,Nick Folk,Olamide Zaccheaus,2,1,-10.6148,1.1614
Chris Olave,CJ Donaldson,Devaughn Vele,Drake London,Kendre Miller,Tyler Shough,2,1,-10.271,1.6379
Michael Penix Jr.,Austin Hooper,Bijan Robinson,Devaughn Vele,Falcons,Tyler Shough,2,1,-10.3412,1.5269
Drake London,Alvin Kamara,Chris Olave,Michael Penix Jr.,Nick Folk,Olamide Zaccheaus,2,1,-9.6626,3.0097
Drake London,Austin Hooper,Bijan Robinson,Chris Olave,Juwan Johnson,Oscar Delp,2,1,-8.9553,6.1052
Juwan Johnson,Austin Hooper,Bijan Robinson,Chris Olave,Olamide Zaccheaus,Tyler Shough,2,1,-9.1221,5.1673
Chris Olave,Daniel Carlson,Devaughn Vele,Michael Penix Jr.,Tyler Shough,Zachariah Branch,2,1,-9.9616,2.2318
Juwan Johnson,Alvin Kamara,Bijan Robinson,Daniel Carlson,Drake London,Saints,2,1,-9.8306,2.5442
Michael Penix Jr.,Alvin Kamara,Daniel Carlson,Devaughn Vele,Drake London,Nick Folk,2,1,-10.7485,1.0161
Bijan Robinson,Austin Hooper,Devaughn Vele,Drake London,Juwan Johnson,Saints,2,1,-9.882,2.4167
Chris Olave,Devaughn Vele,Drake London,Falcons,Tyler Shough,Zachariah Branch,2,1,-10.4563,1.3609
Tyler Shough,Chris Olave,Devaughn Vele,Falcons,Juwan Johnson,Nick Folk,2,1,-9.1083,5.2389
Bijan Robinson,Barion Brown,Drake London,Michael Penix Jr.,Olamide Zaccheaus,Tyler Shough,2,1,-10.8816,0.8894
Tyler Shough,Bijan Robinson,Charlie Woerner,Drake London,Juwan Johnson,Kyle Pitts Sr.,2,1,-10.4574,1.3594
Devaughn Vele,Daniel Carlson,Drake London,Jahan Dotson,Michael Penix Jr.,Tyler Shough,2,1,-9.5923,3.2287
Drake London,Bijan Robinson,Charlie Woerner,Daniel Carlson,Devaughn Vele,Michael Penix Jr.,2,1,-11.0528,0.7495
Chris Olave,Austin Hooper,Devaughn Vele,Drake London,Juwan Johnson,Nick Folk,2,1,-9.741,2.7827
Michael Penix Jr.,Bijan Robinson,Bryce Lance,Chris Blair,Chris Olave,Drake London,2,1,-11.143,0.6849
Michael Penix Jr.,Alvin Kamara,Austin Hooper,Chris Olave,Drake London,Kyle Pitts Sr.,2,1,-10.6702,1.0988
Kyle Pitts Sr.,Bijan Robinson,Chris Olave,Juwan Johnson,Kendre Miller,Nick Folk,2,1,-10.0806,1.9815
Devaughn Vele,Bryce Lance,Chris Olave,Drake London,Kyle Pitts Sr.,Tyler Shough,2,1,-9.1635,4.9575
Tyler Shough,Chris Olave,Devaughn Vele,Michael Penix Jr.,Nick Folk,Zachariah Branch,2,1,-10.2246,1.7157
Tyler Shough,CJ Donaldson,Chris Olave,Devaughn Vele,Kyle Pitts Sr.,Michael Penix Jr.,2,1,-10.1798,1.7943
Bijan Robinson,Austin Hooper,Juwan Johnson,Michael Penix Jr.,Olamide Zaccheaus,Tyler Shough,2,1,-8.7685,7.3587
Drake London,Bijan Robinson,Chris Olave,Jahan Dotson,Kendre Miller,Saints,2,1,-9.9134,2.3422
Bijan Robinson,Daniel Carlson,Drake London,Kendre Miller,Tyler Shough,Zachariah Branch,2,1,-9.8157,2.5824
Alvin Kamara,Chris Olave,Daniel Carlson,Michael Penix Jr.,Saints,Tyler Shough,2,1,-9.6852,2.9424
Kendre Miller,Bijan Robinson,CJ Donaldson,Chris Olave,Drake London,Juwan Johnson,2,1,-11.3761,0.5424
Drake London,Alvin Kamara,Bryce Lance,Devaughn Vele,Juwan Johnson,Michael Penix Jr.,2,1,-9.1275,5.1396
Bijan Robinson,Daniel Carlson,Kyle Pitts Sr.,Michael Penix Jr.,Olamide Zaccheaus,Tyler Shough,2,1,-8.7992,7.1364
Devaughn Vele,Bijan Robinson,Kendre Miller,Michael Penix Jr.,Olamide Zaccheaus,Tyler Shough,2,1,-10.1829,1.7887
Bijan Robinson,Bryce Lance,Kendre Miller,Michael Penix Jr.,Nick Folk,Tyler Shough,2,1,-8.3182,11.5443
Drake London,Alvin Kamara,Bijan Robinson,Falcons,Juwan Johnson,Saints,2,1,-10.0009,2.1459
Bijan Robinson,Devaughn Vele,Juwan Johnson,Olamide Zaccheaus,Saints,Tyler Shough,2,1,-9.4774,3.6219
Bijan Robinson,Drake London,Kendre Miller,Michael Penix Jr.,Nick Folk,Zachariah Branch,2,1,-10.6432,1.1288
Bijan Robinson,CJ Donaldson,Drake London,Kendre Miller,Kyle Pitts Sr.,Michael Penix Jr.,2,1,-10.5984,1.1806
Chris Olave,Bijan Robinson,Kyle Pitts Sr.,Saints,Tyler Shough,Zachariah Branch,2,1,-10.5927,1.1874
Kendre Miller,Bijan Robinson,Chris Olave,Drake London,Jalen Moreno-Cropper,Tyler Shough,2,1,-14.9833,0.0147
Kendre Miller,Bijan Robinson,Chris Olave,Drake London,Khalil Herbert,Tyler Shough,2,1,-13.9335,0.042
Bijan Robinson,Drake London,Juwan Johnson,Kendre Miller,Michael Penix Jr.,Oscar Delp,2,1,-8.8682,6.6607
Tyler Shough,Austin Hooper,Bijan Robinson,CJ Donaldson,Drake London,Michael Penix Jr.,2,1,-9.8404,2.5194
Chris Olave,Austin Hooper,Bijan Robinson,Daniel Carlson,Kendre Miller,Michael Penix Jr.,2,1,-9.4549,3.7046
Tyler Shough,Bryce Lance,Chris Olave,Drake London,Jahan Dotson,Juwan Johnson,2,1,-8.0604,14.9392
Nick Folk,Chris Olave,Devaughn Vele,Drake London,Falcons,Tyler Shough,2,1,-11.044,0.7561
Tyler Shough,Daniel Carlson,Devaughn Vele,Drake London,Jahan Dotson,Michael Penix Jr.,2,1,-8.9856,5.923
Michael Penix Jr.,Austin Hooper,Bijan Robinson,Chris Olave,Daniel Carlson,Kyle Pitts Sr.,2,1,-10.2408,1.6882
Bijan Robinson,Bryce Lance,Chris Olave,Daniel Carlson,Drake London,Saints,2,1,-8.5766,8.9159
Drake London,Bijan Robinson,Chris Olave,Kevin Austin Jr.,Michael Penix Jr.,Olamide Zaccheaus,2,1,-10.826,0.9403
Drake London,Alvin Kamara,Austin Hooper,Chris Olave,Daniel Carlson,Michael Penix Jr.,2,1,-9.2886,4.3749
Drake London,Bijan Robinson,Daniel Carlson,Devaughn Vele,Kendre Miller,Nick Folk,2,1,-9.8162,2.5812
Chris Olave,Chris Blair,Daniel Carlson,Devaughn Vele,Drake London,Tyler Shough,2,1,-10.6285,1.1456
Drake London,Alvin Kamara,Bryce Lance,Chris Olave,Kendre Miller,Tyler Shough,2,1,-8.5047,9.5802
Chris Olave,Bijan Robinson,CJ Donaldson,Daniel Carlson,Saints,Tyler Shough,2,1,-10.0233,2.0982
Michael Penix Jr.,Bijan Robinson,Bryce Lance,Chris Olave,Daniel Carlson,Kyle Pitts Sr.,2,1,-9.5075,3.5146
Juwan Johnson,Bijan Robinson,Chris Olave,Daniel Carlson,Kendre Miller,Kyle Pitts Sr.,2,1,-9.5365,3.414
Falcons,Austin Hooper,Bijan Robinson,Chris Olave,Drake London,Juwan Johnson,2,1,-10.5456,1.2446
Chris Olave,Devaughn Vele,Kyle Pitts Sr.,Michael Penix Jr.,Oscar Delp,Tyler Shough,2,1,-9.101,5.2772
Bijan Robinson,Daniel Carlson,Juwan Johnson,Kyle Pitts Sr.,Noah Fant,Tyler Shough,2,1,-11.5161,0.4716
Bijan Robinson,Chris Olave,Daniel Carlson,Olamide Zaccheaus,Saints,Tyler Shough,2,1,-8.9052,6.4185
Bijan Robinson,Daniel Carlson,Kendre Miller,Kyle Pitts Sr.,Nick Folk,Tyler Shough,2,1,-9.1192,5.182
Bijan Robinson,Daniel Carlson,Drake London,Juwan Johnson,Nick Folk,Noah Fant,2,1,-11.9208,0.3146
Devaughn Vele,Bijan Robinson,Juwan Johnson,Kendre Miller,Noah Fant,Tyler Shough,2,1,-12.8998,0.1182
Tyler Shough,Chris Olave,Devaughn Vele,Drake London,Nick Folk,Oscar Delp,2,1,-8.9412,6.1918
Bijan Robinson,Austin Hooper,Chris Olave,Falcons,Saints,Tyler Shough,2,1,-9.298,4.3339
Nick Folk,Bijan Robinson,Chris Blair,Drake London,Michael Penix Jr.,Tyler Shough,2,1,-12.3359,0.2077
Drake London,Bijan Robinson,Falcons,Juwan Johnson,Tyler Shough,Zachariah Branch,2,1,-9.8742,2.4357
Falcons,Bijan Robinson,Daniel Carlson,Devaughn Vele,Drake London,Michael Penix Jr.,2,1,-10.7375,1.0273
Drake London,Alvin Kamara,Bijan Robinson,Daniel Carlson,Nick Folk,Saints,2,1,-9.9979,2.1523
Nick Folk,Bijan Robinson,Chris Olave,Daniel Carlson,Drake London,Noah Fant,2,1,-13.9674,0.0406
Drake London,Chris Olave,Jahan Dotson,Kyle Pitts Sr.,Michael Penix Jr.,Nick Folk,2,1,-9.5702,3.301
Chris Olave,Alvin Kamara,Drake London,Saints,Tyler Shough,Zachariah Branch,2,1,-10.6482,1.1232
Tyler Shough,Chris Olave,Drake London,Jahan Dotson,Michael Penix Jr.,Olamide Zaccheaus,2,1,-8.9074,6.4045
Bijan Robinson,Drake London,Kendre Miller,Kyle Pitts Sr.,Oscar Delp,Tyler Shough,2,1,-8.9551,6.1064
Bijan Robinson,Bryce Lance,Daniel Carlson,Drake London,Kendre Miller,Tyler Shough,2,1,-8.0461,15.155
Bijan Robinson,Austin Hooper,Drake London,Juwan Johnson,Michael Penix Jr.,Olamide Zaccheaus,2,1,-9.3239,4.2228
Tyler Shough,Bijan Robinson,Daniel Carlson,Drake London,Juwan Johnson,Kevin Austin Jr.,2,1,-9.9349,2.2922
Tyler Shough,Devaughn Vele,Jahan Dotson,Juwan Johnson,Kyle Pitts Sr.,Michael Penix Jr.,2,1,-9.4454,3.7397
Devaughn Vele,Bijan Robinson,Drake London,Kendre Miller,Michael Penix Jr.,Olamide Zaccheaus,2,1,-10.7383,1.0264
Drake London,Alvin Kamara,Austin Hooper,Bijan Robinson,Michael Penix Jr.,Saints,2,1,-10.0808,1.981
Kendre Miller,Alvin Kamara,Devaughn Vele,Drake London,Juwan Johnson,Tyler Shough,2,1,-10.6383,1.1345
Michael Penix Jr.,Bijan Robinson,Chris Olave,Drake London,Kevin Austin Jr.,Olamide Zaccheaus,2,1,-11.8337,0.3432
Kyle Pitts Sr.,Bijan Robinson,Devaughn Vele,Drake London,Michael Penix Jr.,Olamide Zaccheaus,2,1,-10.5641,1.2218
Bijan Robinson,Bryce Lance,Drake London,Juwan Johnson,Michael Penix Jr.,Olamide Zaccheaus,2,1,-8.5907,8.7912
Devaughn Vele,Austin Hooper,Chris Olave,Kyle Pitts Sr.,Michael Penix Jr.,Tyler Shough,2,1,-9.9457,2.2677
Devaughn Vele,Chris Olave,Drake London,Kyle Pitts Sr.,Olamide Zaccheaus,Tyler Shough,2,1,-10.0476,2.048
Michael Penix Jr.,Chris Olave,Devaughn Vele,Juwan Johnson,Kevin Austin Jr.,Tyler Shough,2,1,-11.1326,0.692
Devaughn Vele,Austin Hooper,Chris Olave,Drake London,Michael Penix Jr.,Nick Folk,2,1,-10.3504,1.5129
Michael Penix Jr.,Chris Olave,Devaughn Vele,Juwan Johnson,Oscar Delp,Tyler Shough,2,1,-9.3756,4.0102
Juwan Johnson,Alvin Kamara,Drake London,Michael Penix Jr.,Tyler Shough,Zachariah Branch,2,1,-10.1823,1.7899
Drake London,Austin Hooper,Bijan Robinson,Daniel Carlson,Devaughn Vele,Nick Folk,2,1,-9.9229,2.3198
Drake London,Chris Olave,Devaughn Vele,Nick Folk,Oscar Delp,Tyler Shough,2,1,-8.8595,6.719
Drake London,Alvin Kamara,Bijan Robinson,Bryce Lance,Michael Penix Jr.,Saints,2,1,-9.3476,4.1242
Tyler Shough,Austin Hooper,Bijan Robinson,Chris Olave,Kyle Pitts Sr.,Noah Fant,2,1,-12.2015,0.2376
Drake London,Chris Olave,Devaughn Vele,Falcons,Juwan Johnson,Nick Folk,2,1,-9.582,3.2623
Juwan Johnson,Bijan Robinson,Drake London,Kyle Pitts Sr.,Oscar Delp,Tyler Shough,2,1,-8.8433,6.8284
Bijan Robinson,Daniel Carlson,Falcons,Juwan Johnson,Kendre Miller,Tyler Shough,2,1,-8.7483,7.5092
Juwan Johnson,Austin Hooper,Bijan Robinson,Devaughn Vele,Kendre Miller,Tyler Shough,2,1,-9.754,2.7469
Michael Penix Jr.,Bijan Robinson,Drake London,Jahan Dotson,Juwan Johnson,Saints,2,1,-10.4558,1.3616
Michael Penix Jr.,Bijan Robinson,Daniel Carlson,Drake London,Jahan Dotson,Kendre Miller,2,1,-10.4412,1.3817
Michael Penix Jr.,Bijan Robinson,Daniel Carlson,Juwan Johnson,Tyler Shough,Zachariah Branch,2,1,-10.3873,1.4581
Kendre Miller,Bijan Robinson,Chris Olave,Falcons,Nick Folk,Tyler Shough,2,1,-10.4034,1.4348
Chris Olave,Jahan Dotson,Kendre Miller,Kyle Pitts Sr.,Michael Penix Jr.,Tyler Shough,2,1,-9.3873,3.9636
Chris Olave,Juwan Johnson,Michael Penix Jr.,Nick Folk,Tyler Shough,Zachariah Branch,2,1,-9.7382,2.7905
Drake London,Bijan Robinson,Chris Blair,Daniel Carlson,Juwan Johnson,Tyler Shough,2,1,-10.0465,2.0503
Drake London,Bijan Robinson,Daniel Carlson,Juwan Johnson,Treyton Welch,Tyler Shough,2,1,-10.3461,1.5195
Tyler Shough,Chris Olave,Drake London,Jahan Dotson,Kendre Miller,Nick Folk,2,1,-9.2275,4.6505
Bryce Lance,Bijan Robinson,Chris Olave,Drake London,Noah Fant,Tyler Shough,2,1,-13.0507,0.1016
Chris Olave,Alvin Kamara,Falcons,Michael Penix Jr.,Saints,Tyler Shough,2,1,-9.5438,3.3894
Chris Olave,Alvin Kamara,Kyle Pitts Sr.,Nick Folk,Saints,Tyler Shough,2,1,-9.9518,2.2539
Michael Penix Jr.,Bijan Robinson,Daniel Carlson,Drake London,Jalen Moreno-Cropper,Tyler Shough,2,1,-14.3544,0.0276
Michael Penix Jr.,Bijan Robinson,Daniel Carlson,Drake London,Nick Muse,Tyler Shough,2,1,-12.8663,0.1222
Michael Penix Jr.,Bijan Robinson,Daniel Carlson,Drake London,Khalil Herbert,Tyler Shough,2,1,-13.3046,0.0789
Bijan Robinson,Chris Olave,Daniel Carlson,Drake London,Olamide Zaccheaus,Saints,2,1,-9.4606,3.6832
Juwan Johnson,Bijan Robinson,Daniel Carlson,Michael Penix Jr.,Tyler Shough,Zachariah Branch,2,1,-9.7528,2.75
Bijan Robinson,Austin Hooper,Chris Olave,Drake London,Falcons,Saints,2,1,-9.8534,2.487
Bryce Lance,Bijan Robinson,Chris Olave,Drake London,Kendre Miller,Michael Penix Jr.,2,1,-10.7177,1.0479
Michael Penix Jr.,Alvin Kamara,Bryce Lance,Drake London,Juwan Johnson,Tyler Shough,2,1,-9.0472,5.5693
Juwan Johnson,Alvin Kamara,Kyle Pitts Sr.,Michael Penix Jr.,Nick Folk,Tyler Shough,2,1,-9.4858,3.5918
Bijan Robinson,Bryce Lance,Chris Olave,Drake London,Falcons,Saints,2,1,-9.1201,5.1776
Tyler Shough,Bijan Robinson,Chris Blair,Drake London,Falcons,Michael Penix Jr.,2,1,-10.6346,1.1386
Kyle Pitts Sr.,Bijan Robinson,Juwan Johnson,Michael Penix Jr.,Tyler Shough,Zachariah Branch,2,1,-10.4475,1.3729
Daniel Carlson,Bijan Robinson,Devaughn Vele,Juwan Johnson,Kyle Pitts Sr.,Nick Folk,2,1,-11.9698,0.2996
Kyle Pitts Sr.,Bijan Robinson,Chris Olave,Daniel Carlson,Juwan Johnson,Kendre Miller,2,1,-9.8573,2.4771
Tyler Shough,Chris Olave,Devaughn Vele,Michael Penix Jr.,Nick Folk,Olamide Zaccheaus,2,1,-9.3391,4.1594
Drake London,Bijan Robinson,Devaughn Vele,Kendre Miller,Kevin Austin Jr.,Michael Penix Jr.,2,1,-11.4579,0.4998
Falcons,Bijan Robinson,Chris Olave,Devaughn Vele,Juwan Johnson,Saints,2,1,-11.3034,0.5833
Saints,Alvin Kamara,Bijan Robinson,Daniel Carlson,Drake London,Tyler Shough,2,1,-9.7683,2.7077
Drake London,Chris Olave,Devaughn Vele,Kyle Pitts Sr.,Oscar Delp,Tyler Shough,2,1,-9.0101,5.7793
Kyle Pitts Sr.,Bijan Robinson,Charlie Woerner,Drake London,Michael Penix Jr.,Tyler Shough,2,1,-11.0327,0.7647
Chris Olave,Devaughn Vele,Drake London,Juwan Johnson,Kyle Pitts Sr.,Olamide Zaccheaus,2,1,-10.0425,2.0585
Bijan Robinson,Daniel Carlson,Falcons,Kyle Pitts Sr.,Michael Penix Jr.,Nick Folk,2,1,-9.7133,2.861
Bijan Robinson,Daniel Carlson,Drake London,Falcons,Juwan Johnson,Kendre Miller,2,1,-9.3037,4.3091
Tyler Shough,Barion Brown,Bijan Robinson,Drake London,Falcons,Michael Penix Jr.,2,1,-11.0815,0.7283
Michael Penix Jr.,Devaughn Vele,Jahan Dotson,Juwan Johnson,Kyle Pitts Sr.,Tyler Shough,2,1,-10.3715,1.4814
Tyler Shough,Austin Hooper,Chris Olave,Devaughn Vele,Juwan Johnson,Kyle Pitts Sr.,2,1,-9.376,4.0086
Chris Olave,Bijan Robinson,Juwan Johnson,Kendre Miller,Nick Folk,Saints,2,1,-9.9403,2.2799
Drake London,Devaughn Vele,Falcons,Jahan Dotson,Michael Penix Jr.,Tyler Shough,2,1,-9.4474,3.7324
Chris Olave,Charlie Woerner,Drake London,Juwan Johnson,Nick Folk,Tyler Shough,2,1,-10.3604,1.4979
Drake London,Barion Brown,Bijan Robinson,Chris Olave,Kendre Miller,Kyle Pitts Sr.,2,1,-11.9369,0.3096
Bijan Robinson,Drake London,Kendre Miller,Michael Penix Jr.,Nick Folk,Olamide Zaccheaus,2,1,-9.7577,2.7367
Nick Folk,Bijan Robinson,Daniel Carlson,Drake London,Kyle Pitts Sr.,Michael Penix Jr.,2,1,-11.2559,0.6117
Chris Olave,Bijan Robinson,Falcons,Juwan Johnson,Kyle Pitts Sr.,Saints,2,1,-10.0807,1.9812
Tyler Shough,Chris Olave,Drake London,Jahan Dotson,Kendre Miller,Kyle Pitts Sr.,2,1,-9.3781,4.0002
Kendre Miller,Alvin Kamara,Devaughn Vele,Juwan Johnson,Michael Penix Jr.,Tyler Shough,2,1,-10.6871,1.0804
Kyle Pitts Sr.,Chris Olave,Devaughn Vele,Drake London,Tyler Shough,Zachariah Branch,2,1,-10.9387,0.8401
Bijan Robinson,Drake London,Falcons,Kyle Pitts Sr.,Michael Penix Jr.,Oscar Delp,2,1,-9.5491,3.3713
Tyler Shough,Alvin Kamara,Daniel Carlson,Juwan Johnson,Kyle Pitts Sr.,Michael Penix Jr.,2,1,-8.971,6.0099
Michael Penix Jr.,Bijan Robinson,Bryce Lance,Drake London,Tyler Shough,Zachariah Branch,2,1,-10.2286,1.7088
Tyler Shough,Devaughn Vele,Drake London,Jahan Dotson,Kendre Miller,Michael Penix Jr.,2,1,-9.5393,3.4046
Tyler Shough,Bijan Robinson,Chris Olave,Kyle Pitts Sr.,Noah Fant,Olamide Zaccheaus,2,1,-12.3523,0.2044
Juwan Johnson,Bijan Robinson,Bryce Lance,Daniel Carlson,Michael Penix Jr.,Tyler Shough,2,1,-7.9832,16.1384
Olamide Zaccheaus,Bijan Robinson,Chris Olave,Kendre Miller,Michael Penix Jr.,Tyler Shough,2,1,-11.3663,0.5478
Austin Hooper,Bijan Robinson,Chris Olave,Michael Penix Jr.,Noah Fant,Tyler Shough,2,1,-13.498,0.065
Michael Penix Jr.,Bijan Robinson,Daniel Carlson,Falcons,Nick Folk,Tyler Shough,2,1,-9.7745,2.691
Drake London,Bijan Robinson,Jahan Dotson,Michael Penix Jr.,Nick Folk,Saints,2,1,-9.9886,2.1725
Tyler Shough,Austin Hooper,Bijan Robinson,Bryce Lance,Drake London,Juwan Johnson,2,1,-8.3033,11.7178
Bijan Robinson,Falcons,Michael Penix Jr.,Nick Folk,Saints,Tyler Shough,2,1,-9.2664,4.4729
Bijan Robinson,Chris Olave,Daniel Carlson,Falcons,Nick Folk,Saints,2,1,-9.8193,2.5731
Drake London,Alvin Kamara,Bryce Lance,Chris Olave,Kendre Miller,Michael Penix Jr.,2,1,-9.109,5.2353
Chris Olave,Daniel Carlson,Devaughn Vele,Drake London,Michael Penix Jr.,Olamide Zaccheaus,2,1,-9.6315,3.1048
Drake London,Alvin Kamara,Devaughn Vele,Juwan Johnson,Kendre Miller,Kyle Pitts Sr.,2,1,-10.4822,1.3261
Bijan Robinson,Austin Hooper,Falcons,Kyle Pitts Sr.,Nick Folk,Tyler Shough,2,1,-9.7695,2.7046
Drake London,Chris Olave,Devaughn Vele,Juwan Johnson,Kyle Pitts Sr.,Zachariah Branch,2,1,-10.886,0.8855
Bijan Robinson,Juwan Johnson,Kendre Miller,Kyle Pitts Sr.,Noah Fant,Tyler Shough,2,1,-12.0698,0.2711
Bijan Robinson,Chris Olave,Falcons,Juwan Johnson,Kendre Miller,Saints,2,1,-9.8325,2.5394
Drake London,Bijan Robinson,Falcons,Juwan Johnson,Olamide Zaccheaus,Tyler Shough,2,1,-8.9887,5.9048
Michael Penix Jr.,Bryce Lance,Chris Olave,Devaughn Vele,Kyle Pitts Sr.,Tyler Shough,2,1,-9.5317,3.4307
Bijan Robinson,Juwan Johnson,Kyle Pitts Sr.,Michael Penix Jr.,Nick Folk,Saints,2,1,-9.7382,2.7907
Michael Penix Jr.,Bijan Robinson,Charlie Woerner,Drake London,Falcons,Tyler Shough,2,1,-11.5159,0.4717
Falcons,Bijan Robinson,Devaughn Vele,Drake London,Kendre Miller,Michael Penix Jr.,2,1,-11.2913,0.5905
Michael Penix Jr.,Bijan Robinson,Drake London,Falcons,Oscar Delp,Tyler Shough,2,1,-9.6104,3.1711
Drake London,Alvin Kamara,Austin Hooper,Michael Penix Jr.,Nick Folk,Tyler Shough,2,1,-9.3132,4.2683
Drake London,Bijan Robinson,Michael Penix Jr.,Oscar Delp,Tyler Shough,Zachariah Branch,2,1,-9.756,2.7414
Drake London,Bryce Lance,Chris Olave,Jahan Dotson,Juwan Johnson,Michael Penix Jr.,2,1,-8.583,8.8589
Drake London,Bijan Robinson,Falcons,Juwan Johnson,Michael Penix Jr.,Zachariah Branch,2,1,-10.4785,1.331
Drake London,Bijan Robinson,Chris Olave,Daniel Carlson,Kendre Miller,Olamide Zaccheaus,2,1,-9.5147,3.4893
Daniel Carlson,Alvin Kamara,Drake London,Michael Penix Jr.,Nick Folk,Tyler Shough,2,1,-10.9003,0.873
Chris Olave,Drake London,Juwan Johnson,Kevin Austin Jr.,Kyle Pitts Sr.,Tyler Shough,2,1,-10.3624,1.4948
Drake London,Alvin Kamara,Chris Olave,Falcons,Michael Penix Jr.,Noah Fant,2,1,-12.6626,0.1498
Tyler Shough,Bijan Robinson,Chris Blair,Drake London,Juwan Johnson,Kendre Miller,2,1,-10.6819,1.086
Michael Penix Jr.,Bijan Robinson,Chris Blair,Drake London,Juwan Johnson,Kyle Pitts Sr.,2,1,-12.0324,0.2814
Michael Penix Jr.,Bijan Robinson,Drake London,Juwan Johnson,Kyle Pitts Sr.,Oscar Delp,2,1,-10.0821,1.9785
Michael Penix Jr.,Bijan Robinson,Charlie Woerner,Drake London,Juwan Johnson,Kyle Pitts Sr.,2,1,-11.9877,0.2943
Bijan Robinson,Bryce Lance,Daniel Carlson,Drake London,Kendre Miller,Michael Penix Jr.,2,1,-8.6504,8.2817
Kendre Miller,Bijan Robinson,Chris Olave,Devaughn Vele,Juwan Johnson,Saints,2,1,-11.293,0.5894
Chris Olave,Austin Hooper,Bijan Robinson,Kyle Pitts Sr.,Michael Penix Jr.,Saints,2,1,-10.1607,1.829
Michael Penix Jr.,Drake London,Jahan Dotson,Juwan Johnson,Nick Folk,Tyler Shough,2,1,-9.6882,2.9337
Chris Olave,Bijan Robinson,Bryce Lance,Daniel Carlson,Drake London,Saints,2,1,-9.0046,5.8115
Noah Fant,Bijan Robinson,Charlie Woerner,Chris Olave,Drake London,Tyler Shough,2,1,-14.2301,0.0313
Falcons,Alvin Kamara,Bijan Robinson,Drake London,Michael Penix Jr.,Saints,2,1,-11.473,0.4924
Chris Olave,Bryce Lance,Drake London,Juwan Johnson,Michael Penix Jr.,Nick Folk,2,1,-8.524,9.3974
Tyler Shough,Alvin Kamara,Drake London,Juwan Johnson,Kendre Miller,Kyle Pitts Sr.,2,1,-9.4759,3.6276
Drake London,Chris Olave,Falcons,Jahan Dotson,Michael Penix Jr.,Nick Folk,2,1,-9.7398,2.7861
Juwan Johnson,Bijan Robinson,Daniel Carlson,Devaughn Vele,Drake London,Saints,2,1,-9.9808,2.1895
Chris Olave,CJ Donaldson,Drake London,Juwan Johnson,Kendre Miller,Tyler Shough,2,1,-9.8243,2.5603
Chris Olave,Bijan Robinson,Daniel Carlson,Kevin Austin Jr.,Saints,Tyler Shough,2,1,-10.7413,1.0234
Saints,Alvin Kamara,Bijan Robinson,Drake London,Falcons,Tyler Shough,2,1,-10.3118,1.5724
Devaughn Vele,Daniel Carlson,Drake London,Juwan Johnson,Nick Folk,Tyler Shough,2,1,-9.5284,3.442
Kendre Miller,Alvin Kamara,Bijan Robinson,Michael Penix Jr.,Saints,Tyler Shough,2,1,-10.9072,0.8669
Nick Folk,Bijan Robinson,Kendre Miller,Kyle Pitts Sr.,Michael Penix Jr.,Tyler Shough,2,1,-11.2542,0.6128
Michael Penix Jr.,Bijan Robinson,Daniel Carlson,Falcons,Kyle Pitts Sr.,Tyler Shough,2,1,-9.9252,2.3147
Kyle Pitts Sr.,Brian Robinson Jr.,Drake London,Kendre Miller,Michael Penix Jr.,Tyler Shough,2,1,-10.1023,1.9389
Drake London,Alvin Kamara,Daniel Carlson,Falcons,Michael Penix Jr.,Tyler Shough,2,1,-8.973,5.9983
Michael Penix Jr.,Bijan Robinson,Drake London,Olamide Zaccheaus,Tyler Shough,Zachariah Branch,2,1,-11.1127,0.7059
Drake London,Bijan Robinson,CJ Donaldson,Daniel Carlson,Kyle Pitts Sr.,Michael Penix Jr.,2,1,-10.4307,1.3962
Chris Olave,Bijan Robinson,Bryce Lance,Falcons,Saints,Tyler Shough,2,1,-8.9927,5.8811
Drake London,Austin Hooper,Bijan Robinson,Michael Penix Jr.,Oscar Delp,Tyler Shough,2,1,-8.7196,7.7276
Chris Olave,Daniel Carlson,Drake London,Michael Penix Jr.,Tyler Shough,Zamir White,2,1,-13.1254,0.0943
Tyler Shough,Austin Hooper,Bijan Robinson,Drake London,Kendre Miller,Nick Folk,2,1,-9.4703,3.6477
Juwan Johnson,Chris Olave,Drake London,Nick Folk,Tyler Shough,Zachariah Branch,2,1,-10.0205,2.1041
Bijan Robinson,Austin Hooper,Drake London,Kyle Pitts Sr.,Michael Penix Jr.,Noah Fant,2,1,-12.6949,0.1451
Bijan Robinson,Bryce Lance,Chris Olave,Kendre Miller,Michael Penix Jr.,Saints,2,1,-9.1792,4.8804
Bijan Robinson,Bryce Lance,Juwan Johnson,Kendre Miller,Kyle Pitts Sr.,Michael Penix Jr.,2,1,-9.1102,5.2289
Daniel Carlson,Bijan Robinson,Drake London,Michael Penix Jr.,Olamide Zaccheaus,Tyler Shough,2,1,-10.6557,1.1149
Bijan Robinson,Devaughn Vele,Juwan Johnson,Kendre Miller,Kyle Pitts Sr.,Saints,2,1,-10.5524,1.2362
Daniel Carlson,Bijan Robinson,Chris Olave,Drake London,Nick Folk,Saints,2,1,-11.5062,0.4763
Juwan Johnson,Bijan Robinson,Devaughn Vele,Falcons,Saints,Tyler Shough,2,1,-9.9689,2.2157
Kyle Pitts Sr.,Chris Olave,Devaughn Vele,Drake London,Falcons,Michael Penix Jr.,2,1,-10.3896,1.4547
Saints,Bijan Robinson,Drake London,Jahan Dotson,Michael Penix Jr.,Tyler Shough,2,1,-9.759,2.7331
Tyler Shough,Bijan Robinson,Bryce Lance,Drake London,Juwan Johnson,Noah Fant,2,1,-11.1339,0.6911
Kyle Pitts Sr.,Bijan Robinson,Juwan Johnson,Michael Penix Jr.,Oscar Delp,Tyler Shough,2,1,-9.213,4.7182
Tyler Shough,Alvin Kamara,Austin Hooper,Chris Olave,Drake London,Saints,2,1,-9.6516,3.043
Drake London,Alvin Kamara,Devaughn Vele,Kyle Pitts Sr.,Saints,Tyler Shough,2,1,-10.1727,1.807
Michael Penix Jr.,Chris Olave,Devaughn Vele,Kyle Pitts Sr.,Olamide Zaccheaus,Tyler Shough,2,1,-10.4157,1.4172
Kendre Miller,Bijan Robinson,CJ Donaldson,Drake London,Michael Penix Jr.,Tyler Shough,2,1,-11.1405,0.6866
Drake London,Alvin Kamara,Charlie Smyth,Devaughn Vele,Kyle Pitts Sr.,Michael Penix Jr.,2,1,-14.1532,0.0338
Chris Olave,Daniel Carlson,Devaughn Vele,Drake London,Kendre Miller,Kyle Pitts Sr.,2,1,-10.1022,1.9392
Michael Penix Jr.,Bijan Robinson,Chris Olave,Falcons,Nick Folk,Saints,2,1,-10.8587,0.91
Nick Folk,Chris Olave,Drake London,Michael Penix Jr.,Tyler Shough,Zachariah Branch,2,1,-11.7135,0.3871
Chris Olave,Charlie Woerner,Daniel Carlson,Drake London,Juwan Johnson,Tyler Shough,2,1,-10.1371,1.8726
Chris Olave,Daniel Carlson,Drake London,Juwan Johnson,Oscar Delp,Tyler Shough,2,1,-8.2315,12.5898
Chris Olave,Austin Hooper,Drake London,Falcons,Juwan Johnson,Tyler Shough,2,1,-8.9732,5.9967
Michael Penix Jr.,Austin Hooper,Bijan Robinson,Chris Blair,Drake London,Tyler Shough,2,1,-11.6776,0.4012
Kendre Miller,Alvin Kamara,Bijan Robinson,Drake London,Michael Penix Jr.,Saints,2,1,-11.4626,0.4975
Alvin Kamara,Drake London,Kyle Pitts Sr.,Michael Penix Jr.,Saints,Tyler Shough,2,1,-10.4159,1.417
Drake London,Chris Olave,Michael Penix Jr.,Nick Folk,Nick Muse,Tyler Shough,2,1,-12.1752,0.244
Drake London,Bijan Robinson,Bryce Lance,Kendre Miller,Nick Folk,Tyler Shough,2,1,-8.6554,8.2406
Chris Olave,Daniel Carlson,Drake London,Juwan Johnson,Michael Penix Jr.,Zachariah Branch,2,1,-10.0703,2.0019
Tyler Shough,Alvin Kamara,Daniel Carlson,Drake London,Juwan Johnson,Kendre Miller,2,1,-9.102,5.2724
Juwan Johnson,Chris Olave,Falcons,Michael Penix Jr.,Nick Folk,Tyler Shough,2,1,-8.9161,6.3493
Saints,Bijan Robinson,Chris Olave,Devaughn Vele,Falcons,Juwan Johnson,2,1,-10.7465,1.0181
Chris Olave,Bijan Robinson,Drake London,Kendre Miller,Saints,Zachariah Branch,2,1,-11.3279,0.5692
Michael Penix Jr.,Alvin Kamara,Daniel Carlson,Drake London,Juwan Johnson,Kyle Pitts Sr.,2,1,-10.4524,1.3662
Austin Hooper,Chris Olave,Devaughn Vele,Drake London,Juwan Johnson,Michael Penix Jr.,2,1,-11.2278,0.6292
Drake London,Bijan Robinson,Kyle Pitts Sr.,Michael Penix Jr.,Nick Folk,Oscar Delp,2,1,-9.6149,3.1567
Tyler Shough,Chris Olave,Daniel Carlson,Drake London,Juwan Johnson,Zachariah Branch,2,1,-9.5058,3.5207
Kyle Pitts Sr.,Bijan Robinson,Juwan Johnson,Kendre Miller,Nick Folk,Tyler Shough,2,1,-9.882,2.4168
Chris Olave,Devaughn Vele,Juwan Johnson,Michael Penix Jr.,Nick Folk,Saints,2,1,-10.015,2.1157
Tyler Shough,Chris Olave,Daniel Carlson,Devaughn Vele,Kendre Miller,Nick Folk,2,1,-9.4358,3.7758
Tyler Shough,Alvin Kamara,Daniel Carlson,Devaughn Vele,Drake London,Saints,2,1,-9.8805,2.4203
Saints,Alvin Kamara,Bijan Robinson,Falcons,Michael Penix Jr.,Tyler Shough,2,1,-10.3607,1.4974
Michael Penix Jr.,Bijan Robinson,Falcons,Juwan Johnson,Olamide Zaccheaus,Tyler Shough,2,1,-10.0453,2.0527
Daniel Carlson,Bijan Robinson,Chris Olave,Drake London,Kyle Pitts Sr.,Saints,2,1,-11.6568,0.4097
Tyler Shough,Barion Brown,Chris Olave,Drake London,Juwan Johnson,Nick Folk,2,1,-10.8917,0.8805
Drake London,Chris Olave,Devaughn Vele,Kendre Miller,Kyle Pitts Sr.,Nick Folk,2,1,-10.2834,1.6177
Drake London,CJ Donaldson,Chris Olave,Falcons,Michael Penix Jr.,Tyler Shough,2,1,-9.735,2.7994
Drake London,Bijan Robinson,Bryce Lance,Devaughn Vele,Michael Penix Jr.,Saints,2,1,-9.4977,3.5492
Tyler Shough,Bijan Robinson,CJ Donaldson,Chris Olave,Kendre Miller,Saints,2,1,-10.6168,1.1591
Chris Olave,Austin Hooper,Daniel Carlson,Drake London,Nick Folk,Tyler Shough,2,1,-8.9702,6.0146
Nick Folk,Bijan Robinson,Chris Olave,Drake London,Kendre Miller,Saints,2,1,-11.9156,0.3163
Bijan Robinson,Drake London,Kyle Pitts Sr.,Olamide Zaccheaus,Saints,Tyler Shough,2,1,-9.636,3.091
Bijan Robinson,Austin Hooper,Charlie Smyth,Daniel Carlson,Drake London,Michael Penix Jr.,2,1,-13.0917,0.0976
Saints,Bijan Robinson,Devaughn Vele,Michael Penix Jr.,Nick Folk,Tyler Shough,2,1,-10.1906,1.775
Devaughn Vele,Chris Olave,Drake London,Juwan Johnson,Nick Folk,Saints,2,1,-10.6126,1.164
Chris Olave,Austin Hooper,Kyle Pitts Sr.,Michael Penix Jr.,Nick Folk,Tyler Shough,2,1,-9.393,3.9409
Chris Olave,Bryce Lance,Kyle Pitts Sr.,Michael Penix Jr.,Nick Folk,Tyler Shough,2,1,-8.6598,8.2044
Kyle Pitts Sr.,Chris Olave,Devaughn Vele,Drake London,Juwan Johnson,Kendre Miller,2,1,-10.4369,1.3875
Michael Penix Jr.,Daniel Carlson,Drake London,Jahan Dotson,Juwan Johnson,Tyler Shough,2,1,-9.4649,3.6675
Daniel Carlson,Bijan Robinson,Drake London,Kendre Miller,Kyle Pitts Sr.,Tyler Shough,2,1,-11.1263,0.6963
Olamide Zaccheaus,Bijan Robinson,Chris Olave,Drake London,Saints,Tyler Shough,2,1,-11.6493,0.4128
Chris Olave,Daniel Carlson,Drake London,Jahan Dotson,Saints,Tyler Shough,2,1,-9.2964,4.3408
Drake London,Bijan Robinson,Bryce Lance,Daniel Carlson,Kyle Pitts Sr.,Michael Penix Jr.,2,1,-8.8566,6.7387
Chris Olave,Barion Brown,Drake London,Falcons,Michael Penix Jr.,Tyler Shough,2,1,-11.1352,0.6902
Juwan Johnson,Devaughn Vele,Kyle Pitts Sr.,Michael Penix Jr.,Nick Folk,Tyler Shough,2,1,-9.6359,3.091
Tyler Shough,Charlie Woerner,Devaughn Vele,Drake London,Juwan Johnson,Michael Penix Jr.,2,1,-10.712,1.0539
Michael Penix Jr.,Bijan Robinson,Juwan Johnson,Kendre Miller,Olamide Zaccheaus,Tyler Shough,2,1,-10.0555,2.0318
Drake London,Austin Hooper,Chris Olave,Devaughn Vele,Falcons,Michael Penix Jr.,2,1,-9.9822,2.1864
Juwan Johnson,Bijan Robinson,Bryce Lance,Drake London,Kendre Miller,Michael Penix Jr.,2,1,-9.0924,5.3233
Austin Hooper,Bijan Robinson,Chris Olave,Drake London,Michael Penix Jr.,Saints,2,1,-11.4479,0.5049
Saints,Alvin Kamara,Chris Olave,Drake London,Nick Folk,Tyler Shough,2,1,-10.0849,1.9729
Nick Folk,Bijan Robinson,Daniel Carlson,Drake London,Kendre Miller,Michael Penix Jr.,2,1,-11.4357,0.5111
Chris Olave,Juwan Johnson,Kendre Miller,Michael Penix Jr.,Tyler Shough,Zachariah Branch,2,1,-10.0687,2.0052
Bijan Robinson,Drake London,Falcons,Kendre Miller,Michael Penix Jr.,Olamide Zaccheaus,2,1,-10.0779,1.9868
Drake London,Alvin Kamara,Falcons,Kendre Miller,Michael Penix Jr.,Tyler Shough,2,1,-9.5267,3.4479
Chris Olave,Alvin Kamara,Kendre Miller,Kyle Pitts Sr.,Saints,Tyler Shough,2,1,-10.2822,1.6196
Devaughn Vele,Chris Olave,Drake London,Falcons,Saints,Tyler Shough,2,1,-10.2915,1.6047
Michael Penix Jr.,Chris Olave,Juwan Johnson,Kyle Pitts Sr.,Tyler Shough,Zachariah Branch,2,1,-10.8546,0.9138
Tyler Shough,Barion Brown,Chris Olave,Drake London,Juwan Johnson,Kyle Pitts Sr.,2,1,-11.0423,0.7574
Chris Olave,Devaughn Vele,Falcons,Juwan Johnson,Saints,Tyler Shough,2,1,-9.731,2.8108
Tyler Shough,Austin Hooper,Bijan Robinson,Chris Olave,Falcons,Saints,2,1,-9.7657,2.7149
Juwan Johnson,Bijan Robinson,Kendre Miller,Michael Penix Jr.,Olamide Zaccheaus,Tyler Shough,2,1,-9.421,3.8322
Tyler Shough,Barion Brown,Devaughn Vele,Drake London,Juwan Johnson,Michael Penix Jr.,2,1,-11.2036,0.6446
Tyler Shough,Alvin Kamara,Drake London,Michael Penix Jr.,Nick Folk,Saints,2,1,-9.6201,3.1405
Drake London,Alvin Kamara,Juwan Johnson,Kendre Miller,Kyle Pitts Sr.,Michael Penix Jr.,2,1,-9.9984,2.1512
Devaughn Vele,Chris Olave,Drake London,Juwan Johnson,Kyle Pitts Sr.,Saints,2,1,-10.7633,1.0012
Bijan Robinson,Juwan Johnson,Nick Folk,Noah Fant,Saints,Tyler Shough,2,1,-12.251,0.2261
Daniel Carlson,Chris Olave,Juwan Johnson,Kyle Pitts Sr.,Michael Penix Jr.,Tyler Shough,2,1,-10.3976,1.4432
Juwan Johnson,Chris Olave,Kyle Pitts Sr.,Michael Penix Jr.,Tyler Shough,Zachariah Branch,2,1,-10.2201,1.7235
Kyle Pitts Sr.,Bijan Robinson,Daniel Carlson,Kendre Miller,Michael Penix Jr.,Tyler Shough,2,1,-9.6217,3.1354
Falcons,Bijan Robinson,Devaughn Vele,Michael Penix Jr.,Saints,Tyler Shough,2,1,-11.0678,0.7384
Kyle Pitts Sr.,Chris Olave,Daniel Carlson,Drake London,Nick Folk,Tyler Shough,2,1,-9.3357,4.1735
Drake London,Barion Brown,Bijan Robinson,Juwan Johnson,Kendre Miller,Michael Penix Jr.,2,1,-11.6514,0.4119
Tyler Shough,Bijan Robinson,Devaughn Vele,Kendre Miller,Kyle Pitts Sr.,Saints,2,1,-10.3787,1.4706
Juwan Johnson,Daniel Carlson,Devaughn Vele,Drake London,Kyle Pitts Sr.,Tyler Shough,2,1,-9.3638,4.0578
Drake London,Chris Olave,Daniel Carlson,Falcons,Nick Folk,Tyler Shough,2,1,-8.8112,7.0512
Tyler Shough,Drake London,Jahan Dotson,Juwan Johnson,Kendre Miller,Michael Penix Jr.,2,1,-9.0926,5.3218
Michael Penix Jr.,Daniel Carlson,Devaughn Vele,Juwan Johnson,Nick Folk,Tyler Shough,2,1,-9.8965,2.3819
Tyler Shough,Bijan Robinson,Drake London,Falcons,Nick Folk,Saints,2,1,-9.6852,2.9423
Drake London,Bijan Robinson,Bryce Lance,Daniel Carlson,Kendre Miller,Tyler Shough,2,1,-8.4321,10.302
Drake London,Bijan Robinson,Kendre Miller,Kyle Pitts Sr.,Oscar Delp,Tyler Shough,2,1,-9.3411,4.151
Juwan Johnson,Bijan Robinson,Drake London,Saints,Tyler Shough,Zachariah Branch,2,1,-10.5896,1.1911
Juwan Johnson,Chris Olave,Daniel Carlson,Kyle Pitts Sr.,Nick Folk,Tyler Shough,2,1,-9.1008,5.2784
Michael Penix Jr.,Alvin Kamara,Drake London,Juwan Johnson,Kendre Miller,Kyle Pitts Sr.,2,1,-11.0062,0.7853
Michael Penix Jr.,Bijan Robinson,Devaughn Vele,Juwan Johnson,Kendre Miller,Saints,2,1,-11.2179,0.6354
Drake London,Daniel Carlson,Jahan Dotson,Michael Penix Jr.,Nick Folk,Tyler Shough,2,1,-8.9977,5.8517
Drake London,Bijan Robinson,Bryce Lance,Kendre Miller,Michael Penix Jr.,Nick Folk,2,1,-9.2596,4.5032
Chris Olave,Daniel Carlson,Drake London,Falcons,Kyle Pitts Sr.,Michael Penix Jr.,2,1,-9.6082,3.178
Juwan Johnson,Daniel Carlson,Devaughn Vele,Michael Penix Jr.,Nick Folk,Tyler Shough,2,1,-9.262,4.4925
Michael Penix Jr.,Chris Olave,Drake London,Juwan Johnson,Kyle Pitts Sr.,Zachariah Branch,2,1,-11.41,0.5244
Saints,Barion Brown,Bijan Robinson,Chris Olave,Drake London,Tyler Shough,2,1,-11.8885,0.3249
Juwan Johnson,Bijan Robinson,Drake London,Kendre Miller,Michael Penix Jr.,Olamide Zaccheaus,2,1,-9.9764,2.1991
Drake London,Devaughn Vele,Kyle Pitts Sr.,Michael Penix Jr.,Tyler Shough,Zachariah Branch,2,1,-10.6503,1.1209
Tyler Shough,Daniel Carlson,Devaughn Vele,Drake London,Falcons,Michael Penix Jr.,2,1,-9.2048,4.757
Falcons,Devaughn Vele,Drake London,Juwan Johnson,Michael Penix Jr.,Tyler Shough,2,1,-10.315,1.5674
Tyler Shough,Chris Olave,Devaughn Vele,Drake London,Saints,Zachariah Branch,2,1,-10.8381,0.929
Kyle Pitts Sr.,Austin Hooper,Chris Olave,Drake London,Juwan Johnson,Tyler Shough,2,1,-9.4557,3.7017
Michael Penix Jr.,Austin Hooper,Chris Olave,Devaughn Vele,Drake London,Kendre Miller,2,1,-11.0002,0.79
Kendre Miller,Bijan Robinson,Drake London,Michael Penix Jr.,Oscar Delp,Tyler Shough,2,1,-10.1014,1.9406
Michael Penix Jr.,Bijan Robinson,Daniel Carlson,Juwan Johnson,Kendre Miller,Kyle Pitts Sr.,2,1,-10.5767,1.2065
Kendre Miller,Bijan Robinson,Drake London,Falcons,Juwan Johnson,Michael Penix Jr.,2,1,-10.824,0.9422
Kendre Miller,Bijan Robinson,Chris Olave,Drake London,Nick Folk,Saints,2,1,-11.3009,0.5848
Kendre Miller,Bijan Robinson,Charlie Smyth,Chris Olave,Daniel Carlson,Drake London,2,1,-14.4538,0.025
Tyler Shough,Bijan Robinson,Charlie Smyth,Chris Olave,Falcons,Saints,2,1,-13.3669,0.0741
Michael Penix Jr.,Austin Hooper,Bijan Robinson,Drake London,Kendre Miller,Nick Folk,2,1,-11.0006,0.7896
Daniel Carlson,Bijan Robinson,Chris Olave,Kendre Miller,Saints,Tyler Shough,2,1,-11.2812,0.5964
Drake London,Chris Olave,Juwan Johnson,Michael Penix Jr.,Nick Folk,Oscar Delp,2,1,-9.0171,5.7394
Kendre Miller,Bijan Robinson,Devaughn Vele,Michael Penix Jr.,Saints,Tyler Shough,2,1,-11.0574,0.7461
Tyler Shough,Bijan Robinson,Drake London,Juwan Johnson,Oscar Delp,Saints,2,1,-9.0635,5.4789
Chris Olave,Bryce Lance,Drake London,Kendre Miller,Nick Folk,Tyler Shough,2,1,-8.7907,7.1975
Tyler Shough,Bijan Robinson,Daniel Carlson,Kyle Pitts Sr.,Michael Penix Jr.,Saints,2,1,-9.3413,4.1502
Chris Olave,Bryce Lance,Daniel Carlson,Kyle Pitts Sr.,Michael Penix Jr.,Tyler Shough,2,1,-8.4365,10.2566
Chris Olave,Daniel Carlson,Devaughn Vele,Kyle Pitts Sr.,Saints,Tyler Shough,2,1,-9.8787,2.4249
Juwan Johnson,Chris Olave,Daniel Carlson,Drake London,Falcons,Michael Penix Jr.,2,1,-9.2482,4.5549
Michael Penix Jr.,Barion Brown,Chris Olave,Daniel Carlson,Drake London,Tyler Shough,2,1,-11.5574,0.4525
Kendre Miller,Chris Olave,Daniel Carlson,Devaughn Vele,Drake London,Michael Penix Jr.,2,1,-10.8205,0.9455
Tyler Shough,Daniel Carlson,Devaughn Vele,Drake London,Michael Penix Jr.,Zachariah Branch,2,1,-10.3582,1.5012
Tyler Shough,Chris Olave,Devaughn Vele,Kyle Pitts Sr.,Nick Folk,Saints,2,1,-10.1416,1.8642
Drake London,Bijan Robinson,Juwan Johnson,Olamide Zaccheaus,Saints,Tyler Shough,2,1,-9.3308,4.194
Kyle Pitts Sr.,Chris Olave,Drake London,Kevin Austin Jr.,Michael Penix Jr.,Tyler Shough,2,1,-10.9774,0.8082
Michael Penix Jr.,Bijan Robinson,Drake London,Oscar Delp,Saints,Tyler Shough,2,1,-9.9525,2.2523
Saints,Alvin Kamara,Chris Olave,Kyle Pitts Sr.,Michael Penix Jr.,Tyler Shough,2,1,-10.2845,1.616
Michael Penix Jr.,Chris Olave,Drake London,Juwan Johnson,Nick Folk,Olamide Zaccheaus,2,1,-10.3738,1.478
Chris Olave,Daniel Carlson,Drake London,Juwan Johnson,Kendre Miller,Kyle Pitts Sr.,2,1,-9.6555,3.0313
Drake London,Devaughn Vele,Michael Penix Jr.,Nick Folk,Olamide Zaccheaus,Tyler Shough,2,1,-9.6141,3.1591
Drake London,Devaughn Vele,Falcons,Juwan Johnson,Michael Penix Jr.,Nick Folk,2,1,-9.9877,2.1744
Michael Penix Jr.,Austin Hooper,Bijan Robinson,Drake London,Kendre Miller,Kyle Pitts Sr.,2,1,-11.1513,0.6792
Daniel Carlson,Bijan Robinson,Chris Olave,Drake London,Kendre Miller,Saints,2,1,-11.8366,0.3423
Tyler Shough,Charlie Woerner,Chris Olave,Drake London,Kendre Miller,Michael Penix Jr.,2,1,-10.6935,1.0735
Alvin Kamara,Drake London,Juwan Johnson,Kendre Miller,Saints,Tyler Shough,2,1,-10.6328,1.1407
Tyler Shough,CJ Donaldson,Chris Olave,Falcons,Michael Penix Jr.,Nick Folk,2,1,-10.4432,1.3789
Kendre Miller,Chris Olave,Juwan Johnson,Michael Penix Jr.,Nick Folk,Tyler Shough,2,1,-10.0417,2.0601
Austin Hooper,Chris Olave,Drake London,Kyle Pitts Sr.,Michael Penix Jr.,Tyler Shough,2,1,-10.8309,0.9357
Tyler Shough,Bijan Robinson,Kendre Miller,Michael Penix Jr.,Nick Folk,Saints,2,1,-9.7443,2.7734
Drake London,Chris Olave,Michael Penix Jr.,Olamide Zaccheaus,Tyler Shough,Zachariah Branch,2,1,-10.1983,1.7615
Saints,Bijan Robinson,Chris Olave,Drake London,Michael Penix Jr.,Olamide Zaccheaus,2,1,-10.4446,1.3769
Juwan Johnson,Bijan Robinson,Drake London,Oscar Delp,Saints,Tyler Shough,2,1,-9.355,4.0935
Drake London,Daniel Carlson,Devaughn Vele,Juwan Johnson,Kendre Miller,Tyler Shough,2,1,-9.1704,4.9236
Tyler Shough,Bijan Robinson,Falcons,Kyle Pitts Sr.,Michael Penix Jr.,Saints,2,1,-9.8848,2.4101
Juwan Johnson,Chris Olave,Falcons,Kendre Miller,Michael Penix Jr.,Tyler Shough,2,1,-9.2466,4.5625
Tyler Shough,Chris Olave,Drake London,Juwan Johnson,Kendre Miller,Kevin Austin Jr.,2,1,-10.582,1.2002
Kyle Pitts Sr.,Bijan Robinson,Drake London,Kendre Miller,Olamide Zaccheaus,Tyler Shough,2,1,-10.3841,1.4628
Drake London,Bryce Lance,Chris Olave,Kyle Pitts Sr.,Michael Penix Jr.,Nick Folk,2,1,-9.1732,4.91
Drake London,Devaughn Vele,Falcons,Juwan Johnson,Kyle Pitts Sr.,Michael Penix Jr.,2,1,-10.1383,1.8703
Michael Penix Jr.,Austin Hooper,Bijan Robinson,Drake London,Juwan Johnson,Saints,2,1,-10.792,0.9728
Saints,Bijan Robinson,Devaughn Vele,Kendre Miller,Michael Penix Jr.,Tyler Shough,2,1,-10.5211,1.2755
Tyler Shough,CJ Donaldson,Chris Olave,Drake London,Michael Penix Jr.,Saints,2,1,-10.1589,1.8323
Michael Penix Jr.,Chris Olave,Drake London,Kendre Miller,Kevin Austin Jr.,Tyler Shough,2,1,-11.4709,0.4934
Chris Olave,Drake London,Kendre Miller,Kyle Pitts Sr.,Olamide Zaccheaus,Tyler Shough,2,1,-9.8254,2.5575
Drake London,Chris Olave,Falcons,Kendre Miller,Kyle Pitts Sr.,Tyler Shough,2,1,-9.5156,3.4862
Nick Folk,Daniel Carlson,Drake London,Juwan Johnson,Michael Penix Jr.,Tyler Shough,2,1,-10.4595,1.3566
Kendre Miller,Chris Olave,Drake London,Kyle Pitts Sr.,Nick Folk,Tyler Shough,2,1,-10.6839,1.0838
Noah Fant,Bijan Robinson,Juwan Johnson,Kendre Miller,Michael Penix Jr.,Tyler Shough,2,1,-12.9076,0.1173
Michael Penix Jr.,Austin Hooper,Chris Olave,Drake London,Olamide Zaccheaus,Tyler Shough,2,1,-10.1697,1.8126
Tyler Shough,Chris Olave,Juwan Johnson,Kendre Miller,Michael Penix Jr.,Olamide Zaccheaus,2,1,-9.2228,4.6721
Bijan Robinson,Daniel Carlson,Falcons,Juwan Johnson,Nick Folk,Saints,2,1,-10.262,1.6527
Drake London,Bryce Lance,Chris Olave,Juwan Johnson,Kendre Miller,Michael Penix Jr.,2,1,-8.8125,7.0426
Kyle Pitts Sr.,Chris Olave,Daniel Carlson,Drake London,Kendre Miller,Tyler Shough,2,1,-9.6661,2.9991
Chris Olave,Drake London,Juwan Johnson,Olamide Zaccheaus,Saints,Tyler Shough,2,1,-9.4661,3.6631
Michael Penix Jr.,Bijan Robinson,Charlie Smyth,Daniel Carlson,Drake London,Kendre Miller,2,1,-14.3787,0.0269
Chris Olave,Drake London,Falcons,Kyle Pitts Sr.,Saints,Tyler Shough,2,1,-9.8895,2.3987
Chris Olave,Falcons,Juwan Johnson,Kendre Miller,Kyle Pitts Sr.,Michael Penix Jr.,2,1,-10.2478,1.6763
Michael Penix Jr.,Bijan Robinson,Drake London,Falcons,Kyle Pitts Sr.,Saints,2,1,-11.3662,0.5479
Tyler Shough,Chris Olave,Kyle Pitts Sr.,Michael Penix Jr.,Nick Folk,Saints,2,1,-9.6579,3.024
Falcons,Bijan Robinson,Drake London,Juwan Johnson,Michael Penix Jr.,Saints,2,1,-11.1764,0.6623
Drake London,Chris Olave,Daniel Carlson,Nick Folk,Saints,Tyler Shough,2,1,-9.1534,5.0082
Devaughn Vele,Daniel Carlson,Drake London,Michael Penix Jr.,Saints,Tyler Shough,2,1,-10.1537,1.8418
Saints,Bijan Robinson,Chris Olave,Daniel Carlson,Drake London,Kendre Miller,2,1,-10.5414,1.2499
Chris Olave,Juwan Johnson,Kyle Pitts Sr.,Michael Penix Jr.,Nick Folk,Saints,2,1,-10.2595,1.6569
Juwan Johnson,Chris Olave,Drake London,Falcons,Saints,Tyler Shough,2,1,-9.5296,3.4379
Kendre Miller,Chris Olave,Devaughn Vele,Drake London,Saints,Tyler Shough,2,1,-11.1018,0.7136
Drake London,Bryce Lance,Juwan Johnson,Kyle Pitts Sr.,Michael Penix Jr.,Tyler Shough,2,1,-8.434,10.2819
Daniel Carlson,Drake London,Juwan Johnson,Kyle Pitts Sr.,Michael Penix Jr.,Tyler Shough,2,1,-10.7544,1.0101
Juwan Johnson,Bryce Lance,Drake London,Michael Penix Jr.,Nick Folk,Tyler Shough,2,1,-8.6566,8.2302
Juwan Johnson,Devaughn Vele,Drake London,Nick Folk,Saints,Tyler Shough,2,1,-10.0988,1.9458
Kyle Pitts Sr.,Chris Olave,Juwan Johnson,Michael Penix Jr.,Saints,Tyler Shough,2,1,-9.7297,2.8145
Kyle Pitts Sr.,Chris Olave,Daniel Carlson,Kendre Miller,Michael Penix Jr.,Tyler Shough,2,1,-9.715,2.856
Tyler Shough,Bryce Lance,Chris Olave,Drake London,Juwan Johnson,Saints,2,1,-8.6218,8.5219
Austin Hooper,Chris Olave,Drake London,Kendre Miller,Michael Penix Jr.,Tyler Shough,2,1,-11.0108,0.7817
Kendre Miller,Bijan Robinson,Drake London,Juwan Johnson,Michael Penix Jr.,Saints,2,1,-11.1661,0.6692
Drake London,Austin Hooper,Chris Olave,Juwan Johnson,Saints,Tyler Shough,2,1,-9.2733,4.4419
Michael Penix Jr.,Austin Hooper,Drake London,Juwan Johnson,Kyle Pitts Sr.,Tyler Shough,2,1,-10.175,1.8029
Juwan Johnson,Alvin Kamara,Drake London,Kendre Miller,Saints,Tyler Shough,2,1,-10.2791,1.6247
Kendre Miller,Daniel Carlson,Devaughn Vele,Drake London,Michael Penix Jr.,Tyler Shough,2,1,-10.6219,1.1532
Drake London,Devaughn Vele,Kendre Miller,Michael Penix Jr.,Olamide Zaccheaus,Tyler Shough,2,1,-9.9446,2.2701
Juwan Johnson,Austin Hooper,Drake London,Kyle Pitts Sr.,Michael Penix Jr.,Tyler Shough,2,1,-9.5405,3.4004
Drake London,Austin Hooper,Daniel Carlson,Juwan Johnson,Michael Penix Jr.,Tyler Shough,2,1,-8.7934,7.1781
Drake London,Chris Olave,Michael Penix Jr.,Oscar Delp,Saints,Tyler Shough,2,1,-9.0381,5.62
Drake London,Chris Olave,Kevin Austin Jr.,Michael Penix Jr.,Saints,Tyler Shough,2,1,-10.7951,0.9698
Drake London,Bryce Lance,Daniel Carlson,Juwan Johnson,Michael Penix Jr.,Tyler Shough,2,1,-8.0601,14.9438
Drake London,Daniel Carlson,Devaughn Vele,Juwan Johnson,Saints,Tyler Shough,2,1,-9.5023,3.533
Chris Olave,Drake London,Juwan Johnson,Michael Penix Jr.,Olamide Zaccheaus,Saints,2,1,-10.0704,2.0018
Falcons,Bijan Robinson,Drake London,Michael Penix Jr.,Nick Folk,Saints,2,1,-11.717,0.3858
Tyler Shough,Chris Olave,Drake London,Juwan Johnson,Olamide Zaccheaus,Saints,2,1,-9.5058,3.5205
Michael Penix Jr.,Chris Olave,Drake London,Kyle Pitts Sr.,Nick Folk,Saints,2,1,-11.1393,0.6874
Chris Olave,Austin Hooper,Daniel Carlson,Drake London,Saints,Tyler Shough,2,1,-9.6326,3.1013
Michael Penix Jr.,Drake London,Kendre Miller,Kyle Pitts Sr.,Nick Folk,Tyler Shough,2,1,-10.6088,1.1684
Saints,Chris Olave,Devaughn Vele,Drake London,Kendre Miller,Tyler Shough,2,1,-10.5655,1.2201
Saints,Alvin Kamara,Bijan Robinson,Daniel Carlson,Falcons,Nick Folk,2,1,-11.8969,0.3223
Juwan Johnson,Drake London,Michael Penix Jr.,Nick Folk,Saints,Tyler Shough,2,1,-9.615,3.1564
Tyler Shough,Chris Olave,Kendre Miller,Kyle Pitts Sr.,Michael Penix Jr.,Saints,2,1,-9.9883,2.173
Falcons,Bijan Robinson,Daniel Carlson,Nick Folk,Saints,Tyler Shough,2,1,-11.5159,0.4717
Drake London,Chris Olave,Falcons,Kendre Miller,Saints,Tyler Shough,2,1,-10.0273,2.0899
Juwan Johnson,Daniel Carlson,Drake London,Michael Penix Jr.,Saints,Tyler Shough,2,1,-9.3918,3.9459
Falcons,Bijan Robinson,Daniel Carlson,Drake London,Nick Folk,Saints,2,1,-12.0713,0.2707
Saints,Bijan Robinson,Daniel Carlson,Falcons,Nick Folk,Tyler Shough,2,1,-10.959,0.8232
Saints,Bijan Robinson,Charlie Smyth,Chris Olave,Daniel Carlson,Falcons,2,1,-15.1961,0.0119
Mason Tipton,Cal Adomitis,Jack Velling,Nick Muse,Stone Smartt,Zach Wood,2,1,-53.032,0.0
Brian Robinson Jr.,Alvin Kamara,Bijan Robinson,Chris Olave,Jahan Dotson,Tyler Shough,1,1,-9.7191,2.8442
Devaughn Vele,Alvin Kamara,Bijan Robinson,Brian Robinson Jr.,Chris Olave,Jahan Dotson,1,1,-9.7049,2.8851
Brian Robinson Jr.,Alvin Kamara,Bijan Robinson,Chris Olave,Devaughn Vele,Kyle Pitts Sr.,1,1,-10.8568,0.9118
Bijan Robinson,Alvin Kamara,Brian Robinson Jr.,CJ Donaldson,Chris Olave,Devaughn Vele,1,1,-9.8075,2.6037
Bijan Robinson,Alvin Kamara,Brian Robinson Jr.,Chris Olave,Jahan Dotson,Kyle Pitts Sr.,1,1,-8.8749,6.6163
Jahan Dotson,Alvin Kamara,Bijan Robinson,Brian Robinson Jr.,Chris Olave,Tyler Shough,1,1,-10.1268,1.892
Bijan Robinson,Alvin Kamara,Brian Robinson Jr.,Chris Olave,Devaughn Vele,Zachariah Branch,1,1,-10.003,2.1414
Brian Robinson Jr.,Bijan Robinson,Chris Olave,Devaughn Vele,Drake London,Jahan Dotson,1,1,-10.4247,1.4046
Brian Robinson Jr.,Alvin Kamara,Bijan Robinson,Chris Olave,Michael Penix Jr.,Nick Folk,1,1,-10.2224,1.7195
Brian Robinson Jr.,Alvin Kamara,Bijan Robinson,Chris Olave,Juwan Johnson,Nick Folk,1,1,-10.2595,1.657
Brian Robinson Jr.,Alvin Kamara,Bijan Robinson,Chris Olave,Falcons,Tyler Shough,1,1,-9.9384,2.2843
Bijan Robinson,Alvin Kamara,Brian Robinson Jr.,Chris Olave,Devaughn Vele,Olamide Zaccheaus,1,1,-9.1174,5.1914
Alvin Kamara,Bijan Robinson,Brian Robinson Jr.,Drake London,Jahan Dotson,Tyler Shough,1,1,-9.0121,5.768
Alvin Kamara,Bijan Robinson,Brian Robinson Jr.,Chris Olave,Jahan Dotson,Kyle Pitts Sr.,1,1,-9.9878,2.1741
Bijan Robinson,Brian Robinson Jr.,Chris Olave,Devaughn Vele,Jahan Dotson,Nick Folk,1,1,-8.8744,6.6196
Brian Robinson Jr.,Alvin Kamara,Bijan Robinson,Devaughn Vele,Juwan Johnson,Michael Penix Jr.,1,1,-10.5713,1.213
Devaughn Vele,Alvin Kamara,Bijan Robinson,Brian Robinson Jr.,Chris Olave,Daniel Carlson,1,1,-9.3806,3.9901
Brian Robinson Jr.,Alvin Kamara,Bijan Robinson,Chris Olave,Daniel Carlson,Michael Penix Jr.,1,1,-9.9991,2.1496
Brian Robinson Jr.,Alvin Kamara,Bijan Robinson,Devaughn Vele,Kyle Pitts Sr.,Tyler Shough,1,1,-10.6582,1.1121
Alvin Kamara,Bijan Robinson,Brian Robinson Jr.,Devaughn Vele,Nick Folk,Tyler Shough,1,1,-9.4437,3.7461
Chris Olave,Alvin Kamara,Austin Hooper,Bijan Robinson,Brian Robinson Jr.,Devaughn Vele,1,1,-9.3947,3.9345
Chris Olave,Alvin Kamara,Bijan Robinson,Brian Robinson Jr.,Bryce Lance,Devaughn Vele,1,1,-8.6614,8.1911
Alvin Kamara,Bijan Robinson,Brian Robinson Jr.,CJ Donaldson,Chris Olave,Drake London,1,1,-10.3878,1.4574
Drake London,Alvin Kamara,Bijan Robinson,Brian Robinson Jr.,Devaughn Vele,Jahan Dotson,1,1,-9.3732,4.0197
Bijan Robinson,Alvin Kamara,Brian Robinson Jr.,Charlie Woerner,Chris Olave,Drake London,1,1,-10.1414,1.8646
Bijan Robinson,Alvin Kamara,Brian Robinson Jr.,Chris Olave,Drake London,Treyton Welch,1,1,-10.4857,1.3215
Brian Robinson Jr.,Alvin Kamara,Bijan Robinson,Chris Olave,Falcons,Michael Penix Jr.,1,1,-10.5426,1.2483
Alvin Kamara,Bijan Robinson,Brian Robinson Jr.,Drake London,Jahan Dotson,Michael Penix Jr.,1,1,-9.6164,3.1521
Brian Robinson Jr.,Alvin Kamara,Bijan Robinson,Chris Olave,Noah Fant,Tyler Shough,1,1,-12.8859,0.1199
Devaughn Vele,Bijan Robinson,Brian Robinson Jr.,Chris Olave,Jahan Dotson,Juwan Johnson,1,1,-9.4083,3.881
Brian Robinson Jr.,Alvin Kamara,Bijan Robinson,Chris Olave,Kendre Miller,Michael Penix Jr.,1,1,-10.5529,1.2356
Bijan Robinson,Alvin Kamara,Brian Robinson Jr.,Drake London,Jahan Dotson,Kyle Pitts Sr.,1,1,-9.2317,4.6309
Chris Olave,Alvin Kamara,Bijan Robinson,Brian Robinson Jr.,CJ Donaldson,Michael Penix Jr.,1,1,-9.7518,2.7529
Brian Robinson Jr.,Alvin Kamara,Bijan Robinson,Daniel Carlson,Devaughn Vele,Drake London,1,1,-10.8397,0.9275
Tyler Shough,Alvin Kamara,Bijan Robinson,Brian Robinson Jr.,CJ Donaldson,Chris Olave,1,1,-9.1872,4.8416
Bijan Robinson,Alvin Kamara,Brian Robinson Jr.,Chris Blair,Chris Olave,Michael Penix Jr.,1,1,-10.235,1.698
Alvin Kamara,Bijan Robinson,Brian Robinson Jr.,Devaughn Vele,Michael Penix Jr.,Nick Folk,1,1,-10.048,2.0471
Bijan Robinson,Alvin Kamara,Brian Robinson Jr.,Bryce Lance,Devaughn Vele,Tyler Shough,1,1,-8.0348,15.3274
Bijan Robinson,Alvin Kamara,Brian Robinson Jr.,CJ Donaldson,Drake London,Tyler Shough,1,1,-9.0763,5.4095
Tyler Shough,Alvin Kamara,Bijan Robinson,Brian Robinson Jr.,Jahan Dotson,Michael Penix Jr.,1,1,-8.4158,10.4714
Brian Robinson Jr.,Alvin Kamara,Chris Olave,Devaughn Vele,Juwan Johnson,Tyler Shough,1,1,-10.0604,2.0219
Alvin Kamara,Bijan Robinson,Brian Robinson Jr.,Chris Olave,Olamide Zaccheaus,Tyler Shough,1,1,-9.1423,5.0638
Alvin Kamara,Bijan Robinson,Brian Robinson Jr.,Chris Olave,Oscar Delp,Tyler Shough,1,1,-8.7933,7.1785
Devaughn Vele,Alvin Kamara,Bijan Robinson,Brian Robinson Jr.,Drake London,Nick Folk,1,1,-9.9607,2.2339
Chris Olave,Alvin Kamara,Barion Brown,Bijan Robinson,Brian Robinson Jr.,Tyler Shough,1,1,-10.5056,1.2954
Alvin Kamara,Bijan Robinson,Brian Robinson Jr.,Chris Olave,Daniel Carlson,Nick Folk,1,1,-9.5129,3.4958
Brian Robinson Jr.,Bijan Robinson,Chris Olave,Daniel Carlson,Devaughn Vele,Michael Penix Jr.,1,1,-10.1493,1.8499
Chris Olave,Alvin Kamara,Bijan Robinson,Brian Robinson Jr.,Charlie Woerner,Drake London,1,1,-10.5694,1.2153
Bijan Robinson,Brian Robinson Jr.,Chris Olave,Devaughn Vele,Jalen Moreno-Cropper,Tyler Shough,1,1,-13.1181,0.095
Bijan Robinson,Brian Robinson Jr.,Chris Olave,Devaughn Vele,Stone Smartt,Tyler Shough,1,1,-13.9654,0.0407
Bijan Robinson,Brian Robinson Jr.,Chris Olave,Devaughn Vele,Dylan Drummond,Tyler Shough,1,1,-14.3709,0.0271
Bijan Robinson,Brian Robinson Jr.,Cash Jones,Chris Olave,Devaughn Vele,Tyler Shough,1,1,-13.9654,0.0407
Bijan Robinson,Brian Robinson Jr.,Cedric Tillman,Chris Olave,Devaughn Vele,Tyler Shough,1,1,-13.4546,0.0679
Michael Penix Jr.,Alvin Kamara,Bijan Robinson,Brian Robinson Jr.,Jahan Dotson,Tyler Shough,1,1,-9.3418,4.148
Alvin Kamara,Bijan Robinson,Brian Robinson Jr.,Devaughn Vele,Juwan Johnson,Kyle Pitts Sr.,1,1,-10.2357,1.6968
Brian Robinson Jr.,Alvin Kamara,Bijan Robinson,Juwan Johnson,Kyle Pitts Sr.,Tyler Shough,1,1,-10.2115,1.7383
Chris Olave,Alvin Kamara,Bijan Robinson,Brian Robinson Jr.,Bryce Lance,Michael Penix Jr.,1,1,-8.1776,13.2872
Nick Folk,Alvin Kamara,Bijan Robinson,Brian Robinson Jr.,Chris Olave,Juwan Johnson,1,1,-10.572,1.2122
Bijan Robinson,Alvin Kamara,Brian Robinson Jr.,Chris Olave,Daniel Carlson,Falcons,1,1,-8.7202,7.7232
Brian Robinson Jr.,Alvin Kamara,Bijan Robinson,Drake London,Kyle Pitts Sr.,Michael Penix Jr.,1,1,-10.7298,1.0352
Jahan Dotson,Bijan Robinson,Brian Robinson Jr.,Chris Olave,Juwan Johnson,Tyler Shough,1,1,-9.8302,2.5452
Chris Olave,Alvin Kamara,Bijan Robinson,Brian Robinson Jr.,Daniel Carlson,Kyle Pitts Sr.,1,1,-8.9786,5.9644
Bijan Robinson,Alvin Kamara,Austin Hooper,Brian Robinson Jr.,Chris Olave,Kyle Pitts Sr.,1,1,-9.2111,4.7271
Brian Robinson Jr.,Alvin Kamara,Bijan Robinson,Daniel Carlson,Michael Penix Jr.,Tyler Shough,1,1,-9.8005,2.6219
Chris Olave,Alvin Kamara,Bijan Robinson,Brian Robinson Jr.,Bryce Lance,Juwan Johnson,1,1,-8.2147,12.8038
Brian Robinson Jr.,Alvin Kamara,Bijan Robinson,Charlie Smyth,Chris Olave,Juwan Johnson,1,1,-14.298,0.0292
Juwan Johnson,Alvin Kamara,Bijan Robinson,Brian Robinson Jr.,Jahan Dotson,Tyler Shough,1,1,-8.7444,7.5389
Michael Penix Jr.,Alvin Kamara,Bijan Robinson,Brian Robinson Jr.,Drake London,Jahan Dotson,1,1,-9.8972,2.3803
Bijan Robinson,Alvin Kamara,Brian Robinson Jr.,CJ Donaldson,Drake London,Michael Penix Jr.,1,1,-9.6806,2.9561
Brian Robinson Jr.,Bijan Robinson,Drake London,Jahan Dotson,Michael Penix Jr.,Tyler Shough,1,1,-9.7423,2.779
Bijan Robinson,Alvin Kamara,Austin Hooper,Brian Robinson Jr.,Devaughn Vele,Juwan Johnson,1,1,-9.4094,3.877
Tyler Shough,Alvin Kamara,Bijan Robinson,Brian Robinson Jr.,Chris Olave,Oscar Delp,1,1,-8.1481,13.6849
Tyler Shough,Alvin Kamara,Bijan Robinson,Brian Robinson Jr.,Chris Olave,Stone Smartt,1,1,-14.283,0.0296
Brian Robinson Jr.,Bijan Robinson,Chris Olave,Jahan Dotson,Kyle Pitts Sr.,Michael Penix Jr.,1,1,-10.718,1.0475
Bijan Robinson,Brian Robinson Jr.,Bryce Lance,Chris Olave,Jahan Dotson,Tyler Shough,1,1,-7.4903,26.4196
Brian Robinson Jr.,Alvin Kamara,Bijan Robinson,Daniel Carlson,Drake London,Michael Penix Jr.,1,1,-10.3559,1.5045
Devaughn Vele,Alvin Kamara,Bijan Robinson,Brian Robinson Jr.,Falcons,Tyler Shough,1,1,-9.7255,2.8262
Brian Robinson Jr.,Bijan Robinson,Chris Olave,Devaughn Vele,Olamide Zaccheaus,Tyler Shough,1,1,-10.3563,1.504
Michael Penix Jr.,Alvin Kamara,Bijan Robinson,Brian Robinson Jr.,CJ Donaldson,Chris Olave,1,1,-10.7175,1.0481
Alvin Kamara,Bijan Robinson,Brian Robinson Jr.,Drake London,Falcons,Tyler Shough,1,1,-9.2313,4.6326
Bijan Robinson,Alvin Kamara,Brian Robinson Jr.,Drake London,Oscar Delp,Tyler Shough,1,1,-8.0372,15.2901
Bijan Robinson,Alvin Kamara,Brian Robinson Jr.,Charlie Woerner,Drake London,Tyler Shough,1,1,-9.9428,2.2742
Chris Olave,Alvin Kamara,Bijan Robinson,Brian Robinson Jr.,Kendre Miller,Nick Folk,1,1,-9.3817,3.9858
Devaughn Vele,Alvin Kamara,Bijan Robinson,Brian Robinson Jr.,Chris Olave,Saints,1,1,-10.2662,1.6457
Devaughn Vele,Alvin Kamara,Bijan Robinson,Brian Robinson Jr.,Juwan Johnson,Kyle Pitts Sr.,1,1,-10.1973,1.7633
Bijan Robinson,Alvin Kamara,Brian Robinson Jr.,Charlie Smyth,Chris Olave,Kyle Pitts Sr.,1,1,-12.8124,0.129
Chris Olave,Alvin Kamara,Bijan Robinson,Brian Robinson Jr.,Falcons,Kyle Pitts Sr.,1,1,-9.5221,3.4636
Nick Folk,Alvin Kamara,Bijan Robinson,Brian Robinson Jr.,Devaughn Vele,Drake London,1,1,-11.3755,0.5428
Michael Penix Jr.,Alvin Kamara,Bijan Robinson,Brian Robinson Jr.,Devaughn Vele,Nick Folk,1,1,-10.3288,1.5459
Bijan Robinson,Brian Robinson Jr.,Chris Olave,Devaughn Vele,Michael Penix Jr.,Treyton Welch,1,1,-10.6847,1.083
Bijan Robinson,Brian Robinson Jr.,Chris Olave,Devaughn Vele,Kevin Austin Jr.,Michael Penix Jr.,1,1,-10.1919,1.7728
Bijan Robinson,Brian Robinson Jr.,Chris Olave,Devaughn Vele,Michael Penix Jr.,Oscar Delp,1,1,-8.4349,10.2735
Alvin Kamara,Bijan Robinson,Chris Olave,Daniel Carlson,Devaughn Vele,Jahan Dotson,1,1,-9.7129,2.8621
Bijan Robinson,Austin Hooper,Brian Robinson Jr.,Chris Olave,Drake London,Jahan Dotson,1,1,-8.779,7.2823
Alvin Kamara,Bijan Robinson,Brian Robinson Jr.,Juwan Johnson,Michael Penix Jr.,Nick Folk,1,1,-9.6013,3.1999
Bijan Robinson,Alvin Kamara,Brian Robinson Jr.,Daniel Carlson,Kyle Pitts Sr.,Tyler Shough,1,1,-8.352,11.1608
Devaughn Vele,Alvin Kamara,Bijan Robinson,Brian Robinson Jr.,Kendre Miller,Tyler Shough,1,1,-9.7357,2.7974
Chris Olave,Bijan Robinson,Brian Robinson Jr.,Jahan Dotson,Kyle Pitts Sr.,Michael Penix Jr.,1,1,-8.9693,6.0203
Bijan Robinson,Alvin Kamara,Brian Robinson Jr.,Bryce Lance,Juwan Johnson,Tyler Shough,1,1,-7.5881,23.959
Bijan Robinson,Brian Robinson Jr.,Bryce Lance,Chris Olave,Drake London,Jahan Dotson,1,1,-8.0457,15.1607
Devaughn Vele,Bijan Robinson,Brian Robinson Jr.,CJ Donaldson,Chris Olave,Drake London,1,1,-10.4995,1.3034
Chris Olave,Bijan Robinson,Brian Robinson Jr.,Devaughn Vele,Jahan Dotson,Kendre Miller,1,1,-9.6329,3.1005
Drake London,Alvin Kamara,Bijan Robinson,Brian Robinson Jr.,Chris Blair,Chris Olave,1,1,-10.5721,1.2121
Drake London,Alvin Kamara,Bijan Robinson,Brian Robinson Jr.,Chris Olave,Oscar Delp,1,1,-8.6218,8.5216
Juwan Johnson,Alvin Kamara,Bijan Robinson,Brian Robinson Jr.,Chris Olave,Falcons,1,1,-9.1622,4.9642
Chris Olave,Bijan Robinson,Brian Robinson Jr.,Devaughn Vele,Treyton Welch,Tyler Shough,1,1,-10.5084,1.2918
Alvin Kamara,Bijan Robinson,Brian Robinson Jr.,Jahan Dotson,Juwan Johnson,Kyle Pitts Sr.,1,1,-10.4305,1.3964
Brian Robinson Jr.,Alvin Kamara,Bijan Robinson,Chris Olave,Juwan Johnson,Saints,1,1,-10.9218,0.8544
Kendre Miller,Alvin Kamara,Bijan Robinson,Brian Robinson Jr.,Chris Olave,Devaughn Vele,1,1,-10.7345,1.0304
Brian Robinson Jr.,Bijan Robinson,Chris Olave,Michael Penix Jr.,Tyler Shough,Zachariah Branch,1,1,-10.7581,1.0064
Tyler Shough,Alvin Kamara,Bijan Robinson,Brian Robinson Jr.,Devaughn Vele,Zachariah Branch,1,1,-10.2721,1.6361
Alvin Kamara,Brian Robinson Jr.,Chris Olave,Devaughn Vele,Drake London,Nick Folk,1,1,-10.0925,1.9581
Brian Robinson Jr.,Bijan Robinson,Devaughn Vele,Juwan Johnson,Nick Folk,Tyler Shough,1,1,-10.211,1.7392
Brian Robinson Jr.,Alvin Kamara,Chris Olave,Drake London,Nick Folk,Tyler Shough,1,1,-10.0683,2.0061
Bijan Robinson,Alvin Kamara,Brian Robinson Jr.,Falcons,Nick Folk,Tyler Shough,1,1,-8.7449,7.5351
Brian Robinson Jr.,Bijan Robinson,CJ Donaldson,Chris Olave,Drake London,Michael Penix Jr.,1,1,-11.118,0.7022
Juwan Johnson,Alvin Kamara,Bijan Robinson,Brian Robinson Jr.,Devaughn Vele,Nick Folk,1,1,-9.7314,2.8096
Alvin Kamara,Bijan Robinson,Brian Robinson Jr.,Falcons,Michael Penix Jr.,Tyler Shough,1,1,-9.2802,4.4116
Brian Robinson Jr.,Alvin Kamara,Austin Hooper,Bijan Robinson,Devaughn Vele,Juwan Johnson,1,1,-11.5861,0.4397
Brian Robinson Jr.,Bijan Robinson,Devaughn Vele,Drake London,Michael Penix Jr.,Nick Folk,1,1,-10.7293,1.0357
Alvin Kamara,Bijan Robinson,Brian Robinson Jr.,Devaughn Vele,Juwan Johnson,Kendre Miller,1,1,-10.4155,1.4175
Brian Robinson Jr.,Bijan Robinson,Chris Olave,Daniel Carlson,Nick Folk,Tyler Shough,1,1,-9.6388,3.0821
Michael Penix Jr.,Alvin Kamara,Austin Hooper,Bijan Robinson,Brian Robinson Jr.,Chris Olave,1,1,-9.8766,2.4298
Chris Olave,Bijan Robinson,Brian Robinson Jr.,Devaughn Vele,Juwan Johnson,Zachariah Branch,1,1,-10.1344,1.8776
Bijan Robinson,Brian Robinson Jr.,Chris Olave,Jahan Dotson,Juwan Johnson,Kendre Miller,1,1,-8.7582,7.4356
Brian Robinson Jr.,Bijan Robinson,Chris Olave,Daniel Carlson,Juwan Johnson,Michael Penix Jr.,1,1,-9.7026,2.8917
Drake London,Alvin Kamara,Brian Robinson Jr.,Chris Olave,Jahan Dotson,Tyler Shough,1,1,-8.3785,10.8689
Chris Olave,Bijan Robinson,Brian Robinson Jr.,Drake London,Falcons,Jahan Dotson,1,1,-9.09,5.3358
Michael Penix Jr.,Bijan Robinson,Brian Robinson Jr.,Devaughn Vele,Jahan Dotson,Tyler Shough,1,1,-9.492,3.5697
Bijan Robinson,Brian Robinson Jr.,Chris Olave,Juwan Johnson,Khalil Herbert,Tyler Shough,1,1,-11.6216,0.4244
Bijan Robinson,Brian Robinson Jr.,Chris Olave,Juwan Johnson,Kyrese Rowan,Tyler Shough,1,1,-14.6173,0.0212
Juwan Johnson,Alvin Kamara,Bijan Robinson,Brian Robinson Jr.,Devaughn Vele,Kyle Pitts Sr.,1,1,-9.882,2.4167
Bijan Robinson,Brian Robinson Jr.,CJ Donaldson,Devaughn Vele,Michael Penix Jr.,Tyler Shough,1,1,-9.2753,4.4332
Alvin Kamara,Bijan Robinson,Brian Robinson Jr.,Chris Olave,Daniel Carlson,Kendre Miller,1,1,-9.8433,2.512
Bijan Robinson,Brian Robinson Jr.,Jahan Dotson,Juwan Johnson,Nick Folk,Tyler Shough,1,1,-8.2291,12.6207
Brian Robinson Jr.,Bijan Robinson,Charlie Smyth,Chris Olave,Devaughn Vele,Michael Penix Jr.,1,1,-14.4111,0.0261
Alvin Kamara,Bijan Robinson,Brian Robinson Jr.,Drake London,Falcons,Michael Penix Jr.,1,1,-9.8356,2.5316
Bijan Robinson,Alvin Kamara,Brian Robinson Jr.,Drake London,Michael Penix Jr.,Oscar Delp,1,1,-8.6415,8.3555
Alvin Kamara,Brian Robinson Jr.,Chris Olave,Daniel Carlson,Devaughn Vele,Tyler Shough,1,1,-9.3138,4.2658
Devaughn Vele,Alvin Kamara,Bijan Robinson,Chris Olave,Daniel Carlson,Jahan Dotson,1,1,-9.6744,2.9743
Chris Olave,Austin Hooper,Bijan Robinson,Brian Robinson Jr.,Jahan Dotson,Tyler Shough,1,1,-8.6516,8.2717
Brian Robinson Jr.,Bijan Robinson,Chris Olave,Daniel Carlson,Kyle Pitts Sr.,Tyler Shough,1,1,-9.7895,2.6511
Bijan Robinson,Brian Robinson Jr.,Devaughn Vele,Jahan Dotson,Kendre Miller,Tyler Shough,1,1,-9.0063,5.8018
Nick Folk,Alvin Kamara,Bijan Robinson,Brian Robinson Jr.,Michael Penix Jr.,Tyler Shough,1,1,-10.3363,1.5343
Bijan Robinson,Austin Hooper,Brian Robinson Jr.,Chris Olave,Devaughn Vele,Kyle Pitts Sr.,1,1,-9.3613,4.0681
Brian Robinson Jr.,Bijan Robinson,Chris Olave,Kyle Pitts Sr.,Michael Penix Jr.,Nick Folk,1,1,-10.617,1.1588
Devaughn Vele,Alvin Kamara,Bijan Robinson,Brian Robinson Jr.,Tua Tagovailoa,Tyler Shough,1,1,-15.4915,0.0089
Falcons,Alvin Kamara,Bijan Robinson,Brian Robinson Jr.,Chris Olave,Jahan Dotson,1,1,-10.9396,0.8393
Bijan Robinson,Alvin Kamara,Brian Robinson Jr.,Bryce Lance,Nick Folk,Tyler Shough,1,1,-8.1286,13.955
Alvin Kamara,Austin Hooper,Bijan Robinson,Brian Robinson Jr.,Michael Penix Jr.,Tyler Shough,1,1,-9.3972,3.9245
Tyler Shough,Alvin Kamara,Brian Robinson Jr.,Chris Olave,Jahan Dotson,Michael Penix Jr.,1,1,-8.5091,9.5382
Bijan Robinson,Alvin Kamara,Austin Hooper,Brian Robinson Jr.,Juwan Johnson,Michael Penix Jr.,1,1,-8.9256,6.289
Devaughn Vele,Bijan Robinson,Brian Robinson Jr.,Chris Blair,Chris Olave,Tyler Shough,1,1,-10.8553,0.9131
Juwan Johnson,Bijan Robinson,Brian Robinson Jr.,Devaughn Vele,Jahan Dotson,Tyler Shough,1,1,-8.8945,6.4878
Brian Robinson Jr.,Bijan Robinson,Devaughn Vele,Drake London,Juwan Johnson,Kyle Pitts Sr.,1,1,-10.9171,0.8585
Bijan Robinson,Brian Robinson Jr.,Chris Olave,Drake London,Jalen Moreno-Cropper,Juwan Johnson,1,1,-13.2268,0.0852
Bijan Robinson,Brian Robinson Jr.,Chris Olave,Drake London,Juwan Johnson,Zamir White,1,1,-12.8702,0.1218
Bijan Robinson,Alvin Kamara,Brian Robinson Jr.,Daniel Carlson,Devaughn Vele,Kendre Miller,1,1,-9.6199,3.1411
Devaughn Vele,Alvin Kamara,Brian Robinson Jr.,Chris Olave,Kyle Pitts Sr.,Tyler Shough,1,1,-9.6493,3.0501
Brian Robinson Jr.,Alvin Kamara,Chris Olave,Juwan Johnson,Nick Folk,Tyler Shough,1,1,-10.1542,1.8409
Bijan Robinson,Alvin Kamara,Chris Olave,Jahan Dotson,Kevin Austin Jr.,Tyler Shough,1,1,-9.7312,2.8101
Bijan Robinson,Alvin Kamara,Chris Blair,Chris Olave,Jahan Dotson,Tyler Shough,1,1,-9.9245,2.3163
Bijan Robinson,Brian Robinson Jr.,CJ Donaldson,Devaughn Vele,Drake London,Michael Penix Jr.,1,1,-9.8307,2.544
Tyler Shough,Alvin Kamara,Bijan Robinson,Brian Robinson Jr.,Drake London,Zachariah Branch,1,1,-9.7395,2.787
Juwan Johnson,Alvin Kamara,Bijan Robinson,Brian Robinson Jr.,Drake London,Nick Folk,1,1,-9.1987,4.786
Alvin Kamara,Bijan Robinson,Devaughn Vele,Jahan Dotson,Nick Folk,Tyler Shough,1,1,-9.7375,2.7924
Bijan Robinson,Brian Robinson Jr.,CJ Donaldson,Chris Olave,Daniel Carlson,Tyler Shough,1,1,-8.7402,7.5704
Devaughn Vele,Barion Brown,Bijan Robinson,Brian Robinson Jr.,Chris Olave,Tyler Shough,1,1,-11.3022,0.584
Brian Robinson Jr.,Bijan Robinson,Chris Olave,Michael Penix Jr.,Oscar Delp,Tyler Shough,1,1,-9.5236,3.4586
Brian Robinson Jr.,Bijan Robinson,Chris Olave,Michael Penix Jr.,Olamide Zaccheaus,Tyler Shough,1,1,-9.8725,2.4398
Brian Robinson Jr.,Alvin Kamara,Chris Olave,Daniel Carlson,Drake London,Tyler Shough,1,1,-9.845,2.5079
Brian Robinson Jr.,Bijan Robinson,Daniel Carlson,Devaughn Vele,Juwan Johnson,Tyler Shough,1,1,-9.9877,2.1743
Brian Robinson Jr.,Bijan Robinson,Chris Olave,Falcons,Juwan Johnson,Michael Penix Jr.,1,1,-10.2461,1.6793
Drake London,Alvin Kamara,Austin Hooper,Bijan Robinson,Brian Robinson Jr.,Devaughn Vele,1,1,-9.7094,2.8719
Tyler Shough,Bijan Robinson,Brian Robinson Jr.,Charlie Woerner,Chris Olave,Devaughn Vele,1,1,-10.2039,1.7517
Tyler Shough,Alvin Kamara,Brian Robinson Jr.,Chris Olave,Jahan Dotson,Juwan Johnson,1,1,-8.5462,9.1913
Tyler Shough,Bijan Robinson,Brian Robinson Jr.,Chris Olave,Falcons,Jahan Dotson,1,1,-8.5743,8.9364
Brian Robinson Jr.,Alvin Kamara,Chris Olave,Kyle Pitts Sr.,Michael Penix Jr.,Tyler Shough,1,1,-10.2678,1.6432
Bijan Robinson,Alvin Kamara,Barion Brown,Chris Olave,Jahan Dotson,Tyler Shough,1,1,-10.3714,1.4815
Chris Olave,Alvin Kamara,Brian Robinson Jr.,Devaughn Vele,Kyle Pitts Sr.,Michael Penix Jr.,1,1,-9.6071,3.1815
Bijan Robinson,Alvin Kamara,Brian Robinson Jr.,Chris Olave,Daniel Carlson,Saints,1,1,-9.0623,5.4855
Brian Robinson Jr.,Bijan Robinson,Chris Olave,Daniel Carlson,Drake London,Kyle Pitts Sr.,1,1,-10.3449,1.5213
Devaughn Vele,Bijan Robinson,Brian Robinson Jr.,Chris Olave,Daniel Carlson,Nick Folk,1,1,-9.6246,3.1263
Chris Olave,Alvin Kamara,Austin Hooper,Bijan Robinson,Devaughn Vele,Jahan Dotson,1,1,-9.6885,2.9329
Kyle Pitts Sr.,Alvin Kamara,Bijan Robinson,Brian Robinson Jr.,Devaughn Vele,Juwan Johnson,1,1,-10.2028,1.7535
Alvin Kamara,Bijan Robinson,Brian Robinson Jr.,Drake London,Juwan Johnson,Kendre Miller,1,1,-9.8829,2.4146
Tyler Shough,Alvin Kamara,Bijan Robinson,Brian Robinson Jr.,Kyle Pitts Sr.,Nick Folk,1,1,-9.043,5.5926
Jahan Dotson,Alvin Kamara,Bijan Robinson,Chris Olave,Drake London,Nick Folk,1,1,-10.875,0.8954
Jahan Dotson,Bijan Robinson,Brian Robinson Jr.,Drake London,Michael Penix Jr.,Tyler Shough,1,1,-10.15,1.8487
Alvin Kamara,Brian Robinson Jr.,Devaughn Vele,Drake London,Juwan Johnson,Tyler Shough,1,1,-9.3533,4.1004
Bijan Robinson,Brian Robinson Jr.,Drake London,Falcons,Jahan Dotson,Tyler Shough,1,1,-8.4634,9.9846
Bijan Robinson,Brian Robinson Jr.,Devaughn Vele,Drake London,Treyton Welch,Tyler Shough,1,1,-10.4372,1.3871
Juwan Johnson,Alvin Kamara,Bijan Robinson,Brian Robinson Jr.,Chris Olave,Noah Fant,1,1,-12.1098,0.2605
Michael Penix Jr.,Alvin Kamara,Brian Robinson Jr.,Chris Olave,Jahan Dotson,Tyler Shough,1,1,-9.4351,3.7784
Brian Robinson Jr.,Bijan Robinson,Chris Olave,Drake London,Falcons,Nick Folk,1,1,-10.7377,1.0271
Bijan Robinson,Alvin Kamara,Chris Olave,Drake London,Jahan Dotson,Oscar Delp,1,1,-8.5296,9.3447
Brian Robinson Jr.,Alvin Kamara,Chris Olave,Drake London,Juwan Johnson,Nick Folk,1,1,-10.7096,1.0564
Chris Olave,Bijan Robinson,Brian Robinson Jr.,Devaughn Vele,Falcons,Kyle Pitts Sr.,1,1,-9.6723,2.9807
Drake London,Alvin Kamara,Brian Robinson Jr.,Chris Olave,Devaughn Vele,Nick Folk,1,1,-9.3656,4.0507
Bijan Robinson,Alvin Kamara,Brian Robinson Jr.,Daniel Carlson,Kendre Miller,Tyler Shough,1,1,-8.5318,9.324
Bijan Robinson,Brian Robinson Jr.,Drake London,Jahan Dotson,Juwan Johnson,Kyle Pitts Sr.,1,1,-8.9351,6.2295
Brian Robinson Jr.,Bijan Robinson,Devaughn Vele,Falcons,Michael Penix Jr.,Tyler Shough,1,1,-10.4942,1.3103
Bijan Robinson,Brian Robinson Jr.,Chris Blair,Chris Olave,Nick Folk,Tyler Shough,1,1,-9.8746,2.4346
Bijan Robinson,Brian Robinson Jr.,Chris Olave,Kevin Austin Jr.,Nick Folk,Tyler Shough,1,1,-9.6814,2.9537
Michael Penix Jr.,Bijan Robinson,Brian Robinson Jr.,Chris Olave,Jahan Dotson,Kyle Pitts Sr.,1,1,-9.935,2.292
Michael Penix Jr.,Alvin Kamara,Bijan Robinson,Brian Robinson Jr.,Juwan Johnson,Nick Folk,1,1,-9.8821,2.4165
Devaughn Vele,Alvin Kamara,Brian Robinson Jr.,Chris Olave,Daniel Carlson,Tyler Shough,1,1,-9.2754,4.433
Drake London,Alvin Kamara,Brian Robinson Jr.,Chris Olave,Jahan Dotson,Michael Penix Jr.,1,1,-8.9828,5.9395
Chris Olave,Alvin Kamara,Bijan Robinson,Brian Robinson Jr.,Nick Folk,Saints,1,1,-9.7136,2.8601
Juwan Johnson,Alvin Kamara,Bijan Robinson,Brian Robinson Jr.,Daniel Carlson,Tyler Shough,1,1,-8.4201,10.4265
Bijan Robinson,Brian Robinson Jr.,Chris Olave,Juwan Johnson,Michael Penix Jr.,Oscar Delp,1,1,-7.9882,16.0591
Bijan Robinson,Alvin Kamara,Barion Brown,Chris Olave,Drake London,Jahan Dotson,1,1,-10.9268,0.8501
Alvin Kamara,Bijan Robinson,Chris Olave,Daniel Carlson,Jahan Dotson,Juwan Johnson,1,1,-9.2662,4.4739
Devaughn Vele,Bijan Robinson,Brian Robinson Jr.,Chris Olave,Daniel Carlson,Kyle Pitts Sr.,1,1,-9.7752,2.6891
Bijan Robinson,Barion Brown,Brian Robinson Jr.,Chris Olave,Nick Folk,Tyler Shough,1,1,-10.3216,1.5572
Alvin Kamara,Brian Robinson Jr.,Chris Olave,Devaughn Vele,Kendre Miller,Tyler Shough,1,1,-9.8675,2.452
Bijan Robinson,Alvin Kamara,Austin Hooper,Chris Olave,Jahan Dotson,Juwan Johnson,1,1,-8.8137,7.0335
Kyle Pitts Sr.,Alvin Kamara,Bijan Robinson,Brian Robinson Jr.,Juwan Johnson,Tyler Shough,1,1,-9.1148,5.2052
Alvin Kamara,Bijan Robinson,Bryce Lance,Chris Olave,Jahan Dotson,Tyler Shough,1,1,-8.5521,9.1374
Devaughn Vele,Alvin Kamara,Bijan Robinson,Chris Olave,Jahan Dotson,Kendre Miller,1,1,-10.2281,1.7097
Chris Olave,Bijan Robinson,Brian Robinson Jr.,Jahan Dotson,Juwan Johnson,Kendre Miller,1,1,-9.1862,4.8466
Jahan Dotson,Alvin Kamara,Bijan Robinson,Chris Olave,Drake London,Kyle Pitts Sr.,1,1,-11.0256,0.7701
Bijan Robinson,Barion Brown,Brian Robinson Jr.,Chris Olave,Juwan Johnson,Michael Penix Jr.,1,1,-10.3853,1.461
Kyle Pitts Sr.,Alvin Kamara,Bijan Robinson,Chris Olave,Devaughn Vele,Jahan Dotson,1,1,-10.0539,2.0351
Drake London,Bijan Robinson,Brian Robinson Jr.,Charlie Woerner,Chris Olave,Devaughn Vele,1,1,-10.6776,1.0908
Brian Robinson Jr.,Bijan Robinson,Devaughn Vele,Kendre Miller,Michael Penix Jr.,Tyler Shough,1,1,-10.5044,1.297
Tyler Shough,Austin Hooper,Bijan Robinson,Brian Robinson Jr.,Chris Olave,Jahan Dotson,1,1,-8.6913,7.9497
Michael Penix Jr.,Alvin Kamara,Brian Robinson Jr.,Chris Olave,Drake London,Jahan Dotson,1,1,-9.9905,2.1682
Bijan Robinson,Alvin Kamara,Brian Robinson Jr.,Chris Olave,Falcons,Saints,1,1,-9.6058,3.1855
Kendre Miller,Alvin Kamara,Bijan Robinson,Brian Robinson Jr.,Chris Olave,Juwan Johnson,1,1,-10.2878,1.6107
Bijan Robinson,Brian Robinson Jr.,Charlie Woerner,Chris Olave,Drake London,Nick Folk,1,1,-10.3854,1.4609
Devaughn Vele,Alvin Kamara,Bijan Robinson,Jahan Dotson,Nick Folk,Tyler Shough,1,1,-9.6991,2.9019
Jahan Dotson,Alvin Kamara,Bijan Robinson,Chris Olave,Michael Penix Jr.,Nick Folk,1,1,-10.9238,0.8526
Bijan Robinson,Alvin Kamara,Brian Robinson Jr.,Kendre Miller,Kyle Pitts Sr.,Michael Penix Jr.,1,1,-9.51,3.5058
Alvin Kamara,Brian Robinson Jr.,Devaughn Vele,Juwan Johnson,Michael Penix Jr.,Tyler Shough,1,1,-9.4022,3.9048
Bijan Robinson,Alvin Kamara,Chris Olave,Devaughn Vele,Nick Folk,Oscar Delp,1,1,-8.9613,6.0689
Devaughn Vele,Bijan Robinson,Brian Robinson Jr.,Chris Olave,Michael Penix Jr.,Olamide Zaccheaus,1,1,-9.8583,2.4748
Brian Robinson Jr.,Chris Olave,Drake London,Jahan Dotson,Michael Penix Jr.,Tyler Shough,1,1,-9.8357,2.5314
Bijan Robinson,Brian Robinson Jr.,Charlie Smyth,Chris Olave,Daniel Carlson,Devaughn Vele,1,1,-12.5886,0.1613
Chris Olave,Brian Robinson Jr.,Devaughn Vele,Drake London,Jahan Dotson,Michael Penix Jr.,1,1,-9.175,4.9012
Tyler Shough,Alvin Kamara,Bijan Robinson,Brian Robinson Jr.,Drake London,Oscar Delp,1,1,-8.5049,9.5782
Brian Robinson Jr.,Bijan Robinson,Daniel Carlson,Drake London,Juwan Johnson,Tyler Shough,1,1,-9.4551,3.7037
Bijan Robinson,Alvin Kamara,Chris Olave,Jahan Dotson,Michael Penix Jr.,Oscar Delp,1,1,-8.5785,8.8989
Brian Robinson Jr.,Bijan Robinson,Devaughn Vele,Juwan Johnson,Kendre Miller,Tyler Shough,1,1,-10.5415,1.2498
Tyler Shough,Bijan Robinson,Brian Robinson Jr.,Drake London,Jahan Dotson,Nick Folk,1,1,-8.6109,8.6155
Chris Olave,Austin Hooper,Bijan Robinson,Brian Robinson Jr.,Devaughn Vele,Kyle Pitts Sr.,1,1,-9.7893,2.6516
Bijan Robinson,Brian Robinson Jr.,Chris Olave,Falcons,Tyler Shough,Zachariah Branch,1,1,-9.4791,3.6157
Bijan Robinson,Alvin Kamara,Brian Robinson Jr.,Daniel Carlson,Falcons,Michael Penix Jr.,1,1,-9.1259,5.1477
Kyle Pitts Sr.,Alvin Kamara,Bijan Robinson,Brian Robinson Jr.,Drake London,Juwan Johnson,1,1,-9.6702,2.9869
Falcons,Alvin Kamara,Bijan Robinson,Brian Robinson Jr.,Devaughn Vele,Drake London,1,1,-11.1016,0.7138
Alvin Kamara,Brian Robinson Jr.,Chris Olave,Daniel Carlson,Michael Penix Jr.,Tyler Shough,1,1,-8.8301,6.9198
Drake London,Alvin Kamara,Bijan Robinson,Brian Robinson Jr.,Olamide Zaccheaus,Tyler Shough,1,1,-8.7722,7.3319
Devaughn Vele,Bijan Robinson,Brian Robinson Jr.,Chris Olave,Juwan Johnson,Noah Fant,1,1,-12.5751,0.1635
Bijan Robinson,Brian Robinson Jr.,Chris Olave,Juwan Johnson,Kyle Pitts Sr.,Zachariah Branch,1,1,-9.9509,2.2559
Tyler Shough,Alvin Kamara,Austin Hooper,Bijan Robinson,Brian Robinson Jr.,Juwan Johnson,1,1,-8.7891,7.2093
Chris Olave,Bijan Robinson,Brian Robinson Jr.,CJ Donaldson,Drake London,Kyle Pitts Sr.,1,1,-10.0975,1.9483
Brian Robinson Jr.,Bijan Robinson,Devaughn Vele,Drake London,Kendre Miller,Michael Penix Jr.,1,1,-11.0598,0.7443
Bijan Robinson,Alvin Kamara,Austin Hooper,Brian Robinson Jr.,Kyle Pitts Sr.,Michael Penix Jr.,1,1,-9.6168,3.1508
Alvin Kamara,Bijan Robinson,Chris Olave,Devaughn Vele,Juwan Johnson,Oscar Delp,1,1,-9.5336,3.4239
Alvin Kamara,Bijan Robinson,Chris Blair,Chris Olave,Devaughn Vele,Juwan Johnson,1,1,-11.4839,0.487
Drake London,Bijan Robinson,Brian Robinson Jr.,Devaughn Vele,Jahan Dotson,Kyle Pitts Sr.,1,1,-9.7678,2.709
Jahan Dotson,Alvin Kamara,Bijan Robinson,Chris Olave,Daniel Carlson,Drake London,1,1,-10.6517,1.1193
Chris Olave,Alvin Kamara,Bijan Robinson,Chris Blair,Jahan Dotson,Tyler Shough,1,1,-10.3525,1.5098
Chris Olave,Alvin Kamara,Bijan Robinson,Falcons,Jahan Dotson,Juwan Johnson,1,1,-9.1247,5.1535
Juwan Johnson,Alvin Kamara,Bijan Robinson,Brian Robinson Jr.,Chris Olave,Saints,1,1,-9.5043,3.5259
Tyler Shough,Bijan Robinson,Brian Robinson Jr.,CJ Donaldson,Devaughn Vele,Drake London,1,1,-9.6941,2.9162
Bijan Robinson,Alvin Kamara,Chris Olave,Devaughn Vele,Kevin Austin Jr.,Kyle Pitts Sr.,1,1,-10.8689,0.9008
Brian Robinson Jr.,Alvin Kamara,Drake London,Juwan Johnson,Michael Penix Jr.,Tyler Shough,1,1,-9.9334,2.2956
Bijan Robinson,Alvin Kamara,Brian Robinson Jr.,Nick Folk,Saints,Tyler Shough,1,1,-9.087,5.3519
Bijan Robinson,Brian Robinson Jr.,Devaughn Vele,Drake London,Kevin Austin Jr.,Michael Penix Jr.,1,1,-10.5487,1.2408
Bijan Robinson,Brian Robinson Jr.,Devaughn Vele,Drake London,Michael Penix Jr.,Oscar Delp,1,1,-8.7917,7.1906
Noah Fant,Alvin Kamara,Bijan Robinson,Brian Robinson Jr.,Chris Olave,Drake London,1,1,-12.8306,0.1267
Alvin Kamara,Bijan Robinson,Brian Robinson Jr.,Michael Penix Jr.,Saints,Tyler Shough,1,1,-9.6223,3.1334
Bijan Robinson,Brian Robinson Jr.,Chris Olave,Daniel Carlson,Falcons,Juwan Johnson,1,1,-8.4237,10.3893
Bijan Robinson,Austin Hooper,Brian Robinson Jr.,Chris Olave,Falcons,Tyler Shough,1,1,-8.4428,10.1922
Devaughn Vele,Bijan Robinson,Brian Robinson Jr.,Juwan Johnson,Michael Penix Jr.,Nick Folk,1,1,-9.713,2.8617
Brian Robinson Jr.,Austin Hooper,Bijan Robinson,Chris Olave,Drake London,Kyle Pitts Sr.,1,1,-11.0054,0.7859
Devaughn Vele,Alvin Kamara,Brian Robinson Jr.,Chris Olave,Kendre Miller,Tyler Shough,1,1,-9.8291,2.5481
Bijan Robinson,Brian Robinson Jr.,Bryce Lance,Chris Olave,Falcons,Tyler Shough,1,1,-7.7095,21.2187
Bijan Robinson,Barion Brown,Brian Robinson Jr.,Devaughn Vele,Drake London,Michael Penix Jr.,1,1,-11.1888,0.6542
Bijan Robinson,Brian Robinson Jr.,Chris Olave,Drake London,Falcons,Zachariah Branch,1,1,-10.0345,2.0749
Bijan Robinson,Alvin Kamara,Chris Olave,Devaughn Vele,Falcons,Zachariah Branch,1,1,-10.516,1.282
Bijan Robinson,Austin Hooper,Brian Robinson Jr.,Chris Olave,Juwan Johnson,Kyle Pitts Sr.,1,1,-8.9146,6.359
Alvin Kamara,Brian Robinson Jr.,Chris Olave,Daniel Carlson,Drake London,Michael Penix Jr.,1,1,-9.3854,3.9709
Bijan Robinson,Brian Robinson Jr.,Charlie Smyth,Chris Olave,Devaughn Vele,Falcons,1,1,-13.1321,0.0937
Tyler Shough,Brian Robinson Jr.,Chris Olave,Devaughn Vele,Jahan Dotson,Michael Penix Jr.,1,1,-8.6593,8.2084
Drake London,Alvin Kamara,Bijan Robinson,CJ Donaldson,Chris Olave,Jahan Dotson,1,1,-9.9547,2.2474
Brian Robinson Jr.,Bijan Robinson,Drake London,Falcons,Juwan Johnson,Tyler Shough,1,1,-9.9986,2.1508
Bijan Robinson,Brian Robinson Jr.,Devaughn Vele,Drake London,Kendre Miller,Nick Folk,1,1,-9.4606,3.6832
Bijan Robinson,Brian Robinson Jr.,Devaughn Vele,Drake London,Juwan Johnson,Olamide Zaccheaus,1,1,-9.1777,4.8879
Bijan Robinson,Brian Robinson Jr.,Bryce Lance,Chris Olave,Juwan Johnson,Kyle Pitts Sr.,1,1,-8.1813,13.2386
Tyler Shough,Bijan Robinson,Brian Robinson Jr.,Chris Olave,Michael Penix Jr.,Vinny Anthony II,1,1,-15.048,0.0138
Tyler Shough,Bijan Robinson,Brian Robinson Jr.,Chris Olave,Jalen Moreno-Cropper,Michael Penix Jr.,1,1,-13.1021,0.0966
Jahan Dotson,Alvin Kamara,Bijan Robinson,Devaughn Vele,Juwan Johnson,Michael Penix Jr.,1,1,-11.2728,0.6015
Chris Olave,Bijan Robinson,Brian Robinson Jr.,Bryce Lance,Drake London,Nick Folk,1,1,-8.3727,10.9323
Bijan Robinson,Brian Robinson Jr.,CJ Donaldson,Drake London,Nick Folk,Tyler Shough,1,1,-9.3202,4.2384
Brian Robinson Jr.,Bijan Robinson,Devaughn Vele,Falcons,Nick Folk,Tyler Shough,1,1,-11.0717,0.7354
Bijan Robinson,Barion Brown,Brian Robinson Jr.,Chris Olave,Michael Penix Jr.,Nick Folk,1,1,-10.9258,0.8509
Bijan Robinson,Alvin Kamara,Bryce Lance,Chris Olave,Jahan Dotson,Nick Folk,1,1,-8.621,8.5287
Alvin Kamara,Austin Hooper,Bijan Robinson,Chris Olave,Jahan Dotson,Michael Penix Jr.,1,1,-9.8896,2.3985
Brian Robinson Jr.,Bijan Robinson,Drake London,Michael Penix Jr.,Tyler Shough,Zachariah Branch,1,1,-11.1149,0.7044
Chris Olave,Alvin Kamara,Bijan Robinson,Bryce Lance,Devaughn Vele,Nick Folk,1,1,-8.8542,6.7548
Bijan Robinson,Alvin Kamara,CJ Donaldson,Devaughn Vele,Nick Folk,Tyler Shough,1,1,-9.8017,2.6188
Bijan Robinson,Alvin Kamara,Chris Olave,Jahan Dotson,Kendre Miller,Kyle Pitts Sr.,1,1,-9.3981,3.9208
Bijan Robinson,Brian Robinson Jr.,Devaughn Vele,Drake London,Falcons,Kyle Pitts Sr.,1,1,-9.6011,3.2007
Alvin Kamara,Bijan Robinson,Brian Robinson Jr.,Juwan Johnson,Saints,Tyler Shough,1,1,-9.6594,3.0194
Tyler Shough,Bijan Robinson,Brian Robinson Jr.,Jahan Dotson,Michael Penix Jr.,Nick Folk,1,1,-8.6597,8.2045
Chris Olave,Alvin Kamara,Bijan Robinson,Drake London,Jahan Dotson,Oscar Delp,1,1,-8.9576,6.091
Chris Olave,Alvin Kamara,Bijan Robinson,Drake London,Jahan Dotson,Kevin Austin Jr.,1,1,-10.7146,1.0511
Bijan Robinson,Chris Olave,Devaughn Vele,Jahan Dotson,Nick Muse,Tyler Shough,1,1,-11.9238,0.3137
Bijan Robinson,Brian Robinson Jr.,Drake London,Jahan Dotson,Kendre Miller,Michael Penix Jr.,1,1,-9.0779,5.4007
Drake London,Bijan Robinson,Brian Robinson Jr.,Jahan Dotson,Kyle Pitts Sr.,Tyler Shough,1,1,-8.6798,8.0416
Bijan Robinson,Brian Robinson Jr.,Charlie Smyth,Chris Olave,Juwan Johnson,Nick Folk,1,1,-12.3652,0.2017
Chris Olave,Bijan Robinson,Brian Robinson Jr.,Nick Folk,Oscar Delp,Tyler Shough,1,1,-8.3524,11.1567
Chris Olave,Alvin Kamara,Bijan Robinson,Devaughn Vele,Jahan Dotson,Saints,1,1,-9.9136,2.3417
Austin Hooper,Bijan Robinson,Brian Robinson Jr.,Chris Olave,Devaughn Vele,Tyler Shough,1,1,-10.5211,1.2755
Falcons,Bijan Robinson,Brian Robinson Jr.,Chris Olave,Devaughn Vele,Michael Penix Jr.,1,1,-10.4112,1.4237
Devaughn Vele,Bijan Robinson,Brian Robinson Jr.,Daniel Carlson,Drake London,Juwan Johnson,1,1,-9.4409,3.7568
Juwan Johnson,Bijan Robinson,Brian Robinson Jr.,Drake London,Jahan Dotson,Michael Penix Jr.,1,1,-8.9661,6.0393
Bijan Robinson,Austin Hooper,Brian Robinson Jr.,Chris Olave,Daniel Carlson,Michael Penix Jr.,1,1,-8.5036,9.5911
Alvin Kamara,Brian Robinson Jr.,Devaughn Vele,Michael Penix Jr.,Nick Folk,Tyler Shough,1,1,-9.9427,2.2743
Devaughn Vele,Alvin Kamara,Bijan Robinson,Daniel Carlson,Jahan Dotson,Tyler Shough,1,1,-9.4758,3.6278
Chris Olave,Bijan Robinson,Brian Robinson Jr.,Chris Blair,Juwan Johnson,Michael Penix Jr.,1,1,-10.3664,1.4889
Brian Robinson Jr.,Chris Olave,Devaughn Vele,Kyle Pitts Sr.,Michael Penix Jr.,Tyler Shough,1,1,-10.4179,1.4141
Alvin Kamara,Bijan Robinson,Chris Olave,Daniel Carlson,Devaughn Vele,Falcons,1,1,-9.9321,2.2987
Bijan Robinson,Alvin Kamara,Jahan Dotson,Kyle Pitts Sr.,Nick Folk,Tyler Shough,1,1,-8.8691,6.6549
Brian Robinson Jr.,Chris Olave,Devaughn Vele,Drake London,Michael Penix Jr.,Nick Folk,1,1,-10.8227,0.9434
Bijan Robinson,Alvin Kamara,Chris Olave,Daniel Carlson,Falcons,Jahan Dotson,1,1,-9.014,5.7571
Alvin Kamara,Brian Robinson Jr.,Chris Olave,Juwan Johnson,Kyle Pitts Sr.,Michael Penix Jr.,1,1,-9.8453,2.5071
Tyler Shough,Bijan Robinson,Brian Robinson Jr.,Chris Olave,Juwan Johnson,Khalil Herbert,1,1,-12.0893,0.2658
Bijan Robinson,Brian Robinson Jr.,Chris Olave,Kyle Pitts Sr.,Michael Penix Jr.,Oscar Delp,1,1,-8.6793,8.0455
Bijan Robinson,Brian Robinson Jr.,Chris Olave,Kyle Pitts Sr.,Michael Penix Jr.,Olamide Zaccheaus,1,1,-9.0283,5.6754
Bijan Robinson,Brian Robinson Jr.,Chris Olave,Daniel Carlson,Devaughn Vele,Saints,1,1,-9.2125,4.7207
Bijan Robinson,Brian Robinson Jr.,Daniel Carlson,Devaughn Vele,Juwan Johnson,Kyle Pitts Sr.,1,1,-9.1435,5.0578
Bijan Robinson,Alvin Kamara,Austin Hooper,Chris Olave,Devaughn Vele,Falcons,1,1,-9.4797,3.6138
Chris Olave,Barion Brown,Bijan Robinson,Brian Robinson Jr.,Nick Folk,Tyler Shough,1,1,-10.7496,1.015
Devaughn Vele,Austin Hooper,Bijan Robinson,Brian Robinson Jr.,Chris Olave,Kyle Pitts Sr.,1,1,-10.4357,1.3892
Bijan Robinson,Alvin Kamara,CJ Donaldson,Chris Olave,Tyler Shough,Zachariah Branch,1,1,-10.3858,1.4602
Kyle Pitts Sr.,Alvin Kamara,Brian Robinson Jr.,Chris Olave,Devaughn Vele,Drake London,1,1,-10.2102,1.7406
Tyler Shough,Bijan Robinson,Brian Robinson Jr.,Jahan Dotson,Juwan Johnson,Nick Folk,1,1,-8.6968,7.9061
Chris Olave,Alvin Kamara,Brian Robinson Jr.,Devaughn Vele,Juwan Johnson,Kendre Miller,1,1,-9.824,2.5612
Chris Olave,Alvin Kamara,Austin Hooper,Bijan Robinson,Jahan Dotson,Juwan Johnson,1,1,-9.2418,4.5845
Michael Penix Jr.,Alvin Kamara,Bijan Robinson,Brian Robinson Jr.,Bryce Lance,Drake London,1,1,-9.5002,3.5405
Brian Robinson Jr.,Bijan Robinson,Chris Olave,Daniel Carlson,Falcons,Michael Penix Jr.,1,1,-10.5633,1.2227
Bijan Robinson,Alvin Kamara,Bryce Lance,Chris Olave,Devaughn Vele,Falcons,1,1,-8.7464,7.5235
Tyler Shough,Bijan Robinson,Brian Robinson Jr.,Devaughn Vele,Kyle Pitts Sr.,Nick Folk,1,1,-9.1931,4.8129
Drake London,Alvin Kamara,Bijan Robinson,Chris Olave,Jahan Dotson,Zachariah Branch,1,1,-10.1501,1.8483
Tyler Shough,Bijan Robinson,Brian Robinson Jr.,Daniel Carlson,Drake London,Jahan Dotson,1,1,-8.3876,10.7706
Drake London,Bijan Robinson,Brian Robinson Jr.,Chris Olave,Jahan Dotson,Noah Fant,1,1,-11.9956,0.292
Chris Olave,Bijan Robinson,Brian Robinson Jr.,Bryce Lance,Drake London,Kyle Pitts Sr.,1,1,-8.5234,9.4034
Alvin Kamara,Bijan Robinson,Bryce Lance,Chris Olave,Devaughn Vele,Kyle Pitts Sr.,1,1,-9.6897,2.9291
Bijan Robinson,Brian Robinson Jr.,Drake London,Juwan Johnson,Treyton Welch,Tyler Shough,1,1,-9.9905,2.1682
Bijan Robinson,Alvin Kamara,Brian Robinson Jr.,Falcons,Kendre Miller,Michael Penix Jr.,1,1,-9.6796,2.9589
Devaughn Vele,Alvin Kamara,Bijan Robinson,Chris Olave,Juwan Johnson,Oscar Delp,1,1,-9.4952,3.5581
Bijan Robinson,Alvin Kamara,Devaughn Vele,Juwan Johnson,Treyton Welch,Tyler Shough,1,1,-10.472,1.3397
Brian Robinson Jr.,Chris Olave,Devaughn Vele,Drake London,Juwan Johnson,Nick Folk,1,1,-10.8597,0.9091
Bijan Robinson,Charlie Woerner,Chris Olave,Devaughn Vele,Drake London,Jahan Dotson,1,1,-10.5854,1.1961
Michael Penix Jr.,Bijan Robinson,Brian Robinson Jr.,Chris Olave,Kyrese Rowan,Tyler Shough,1,1,-15.974,0.0055
Michael Penix Jr.,Bijan Robinson,Brian Robinson Jr.,Cedric Tillman,Chris Olave,Tyler Shough,1,1,-14.3646,0.0273
Bijan Robinson,Brian Robinson Jr.,Daniel Carlson,Devaughn Vele,Kendre Miller,Tyler Shough,1,1,-8.682,8.0241
Chris Olave,Bijan Robinson,Brian Robinson Jr.,Falcons,Juwan Johnson,Kyle Pitts Sr.,1,1,-9.2256,4.6593
Chris Olave,Bijan Robinson,Brian Robinson Jr.,Drake London,Nick Folk,Olamide Zaccheaus,1,1,-9.2568,4.5162
Bijan Robinson,Alvin Kamara,CJ Donaldson,Drake London,Jahan Dotson,Michael Penix Jr.,1,1,-9.9744,2.2036
Alvin Kamara,Bijan Robinson,Jahan Dotson,Juwan Johnson,Kyle Pitts Sr.,Tyler Shough,1,1,-9.4415,3.7545
Devaughn Vele,Bijan Robinson,Brian Robinson Jr.,Drake London,Falcons,Michael Penix Jr.,1,1,-9.9473,2.264
Drake London,Alvin Kamara,Bijan Robinson,Brian Robinson Jr.,Michael Penix Jr.,Olamide Zaccheaus,1,1,-9.3765,4.0067
Devaughn Vele,Alvin Kamara,Brian Robinson Jr.,Drake London,Juwan Johnson,Michael Penix Jr.,1,1,-9.9192,2.3286
Bijan Robinson,Brian Robinson Jr.,Daniel Carlson,Devaughn Vele,Drake London,Falcons,1,1,-9.2272,4.6519
Bijan Robinson,Alvin Kamara,CJ Donaldson,Chris Olave,Daniel Carlson,Juwan Johnson,1,1,-9.3303,4.1958
Alvin Kamara,Bijan Robinson,Chris Olave,Jahan Dotson,Michael Penix Jr.,Noah Fant,1,1,-12.7202,0.1415
Tyler Shough,Bijan Robinson,Brian Robinson Jr.,Devaughn Vele,Falcons,Juwan Johnson,1,1,-8.8222,6.9742
Tyler Shough,Bijan Robinson,Brian Robinson Jr.,Bryce Lance,Chris Olave,Nick Folk,1,1,-7.857,18.3093
Bijan Robinson,Alvin Kamara,Austin Hooper,CJ Donaldson,Chris Olave,Tyler Shough,1,1,-9.3495,4.1162
Brian Robinson Jr.,Austin Hooper,Bijan Robinson,Drake London,Juwan Johnson,Tyler Shough,1,1,-10.1156,1.9133
Brian Robinson Jr.,Chris Olave,Devaughn Vele,Drake London,Kyle Pitts Sr.,Michael Penix Jr.,1,1,-10.9733,0.8115
Bijan Robinson,Alvin Kamara,Drake London,Jahan Dotson,Kyle Pitts Sr.,Nick Folk,1,1,-9.4245,3.8189
Brian Robinson Jr.,Bijan Robinson,Chris Olave,Juwan Johnson,Michael Penix Jr.,Saints,1,1,-10.5882,1.1927
Tyler Shough,Alvin Kamara,Bijan Robinson,Chris Olave,Jahan Dotson,Oscar Delp,1,1,-8.4419,10.2011
Tyler Shough,Alvin Kamara,Brian Robinson Jr.,Devaughn Vele,Drake London,Nick Folk,1,1,-9.2487,4.5529
Bijan Robinson,Alvin Kamara,Bryce Lance,CJ Donaldson,Chris Olave,Tyler Shough,1,1,-8.6162,8.5694
Juwan Johnson,Alvin Kamara,Bijan Robinson,Chris Olave,Daniel Carlson,Jahan Dotson,1,1,-8.9125,6.3723
Bijan Robinson,Brian Robinson Jr.,Chris Olave,Daniel Carlson,Falcons,Nick Folk,1,1,-8.9642,6.0513
Bijan Robinson,Brian Robinson Jr.,Chris Olave,Noah Fant,Tyler Shough,Zachariah Branch,1,1,-12.4267,0.1897
Bijan Robinson,Brian Robinson Jr.,Charlie Smyth,Chris Olave,Tyler Shough,Zachariah Branch,1,1,-13.1974,0.0878
Bijan Robinson,Brian Robinson Jr.,Chris Olave,Falcons,Juwan Johnson,Zachariah Branch,1,1,-10.1205,1.904
Devaughn Vele,Alvin Kamara,Austin Hooper,Bijan Robinson,Chris Olave,Nick Folk,1,1,-10.2339,1.6998
Drake London,Alvin Kamara,Bijan Robinson,Bryce Lance,Chris Olave,Jahan Dotson,1,1,-8.3805,10.847
Devaughn Vele,Bijan Robinson,CJ Donaldson,Chris Olave,Jahan Dotson,Tyler Shough,1,1,-10.2379,1.6931
Alvin Kamara,Brian Robinson Jr.,Charlie Smyth,Chris Olave,Drake London,Tyler Shough,1,1,-13.0429,0.1024
Juwan Johnson,Alvin Kamara,Bijan Robinson,Brian Robinson Jr.,Tyler Shough,Zach Wilson,1,1,-16.1158,0.0047
Michael Penix Jr.,Bijan Robinson,Brian Robinson Jr.,Chris Olave,Juwan Johnson,Zachariah Branch,1,1,-10.6164,1.1595
Kyle Pitts Sr.,Alvin Kamara,Bijan Robinson,Chris Olave,Jahan Dotson,Juwan Johnson,1,1,-9.6072,3.1812
Bijan Robinson,Brian Robinson Jr.,Chris Olave,Drake London,Falcons,Olamide Zaccheaus,1,1,-9.149,5.0301
Brian Robinson Jr.,Bijan Robinson,Daniel Carlson,Michael Penix Jr.,Nick Folk,Tyler Shough,1,1,-10.0445,2.0543
Alvin Kamara,Bijan Robinson,Brian Robinson Jr.,Drake London,Kyle Pitts Sr.,Oscar Delp,1,1,-10.4826,1.3255
Drake London,Bijan Robinson,Brian Robinson Jr.,CJ Donaldson,Chris Olave,Kyle Pitts Sr.,1,1,-10.0555,2.0318
Devaughn Vele,Alvin Kamara,Bijan Robinson,Chris Olave,Kyle Pitts Sr.,Zachariah Branch,1,1,-11.4209,0.5187
Bijan Robinson,Alvin Kamara,CJ Donaldson,Devaughn Vele,Drake London,Kyle Pitts Sr.,1,1,-10.5077,1.2926
Bijan Robinson,Alvin Kamara,Chris Olave,Devaughn Vele,Falcons,Olamide Zaccheaus,1,1,-9.6305,3.108
Alvin Kamara,Bijan Robinson,Drake London,Falcons,Jahan Dotson,Tyler Shough,1,1,-9.5251,3.4533
Alvin Kamara,Bijan Robinson,Devaughn Vele,Drake London,Jalen Moreno-Cropper,Tyler Shough,1,1,-14.5367,0.023
Michael Penix Jr.,Alvin Kamara,Brian Robinson Jr.,Devaughn Vele,Juwan Johnson,Tyler Shough,1,1,-9.6831,2.9488
Drake London,Bijan Robinson,Brian Robinson Jr.,Chris Olave,Juwan Johnson,Stone Smartt,1,1,-14.4601,0.0248
Bijan Robinson,Brian Robinson Jr.,Devaughn Vele,Kyle Pitts Sr.,Olamide Zaccheaus,Tyler Shough,1,1,-9.3134,4.2673
Bijan Robinson,Alvin Kamara,Charlie Woerner,Drake London,Jahan Dotson,Tyler Shough,1,1,-10.2366,1.6952
Michael Penix Jr.,Brian Robinson Jr.,Chris Olave,Devaughn Vele,Drake London,Jahan Dotson,1,1,-10.1407,1.8659
Tyler Shough,Alvin Kamara,Brian Robinson Jr.,Chris Olave,Drake London,Zachariah Branch,1,1,-9.8328,2.5387
Juwan Johnson,Alvin Kamara,Brian Robinson Jr.,Chris Olave,Kyle Pitts Sr.,Tyler Shough,1,1,-8.8873,6.5346
Jahan Dotson,Bijan Robinson,Chris Olave,Devaughn Vele,Michael Penix Jr.,Nick Folk,1,1,-11.074,0.7338
Brian Robinson Jr.,Bijan Robinson,Drake London,Michael Penix Jr.,Oscar Delp,Tyler Shough,1,1,-9.8804,2.4207
Chris Olave,Austin Hooper,Bijan Robinson,Brian Robinson Jr.,Devaughn Vele,Kendre Miller,1,1,-9.9691,2.2152
Chris Olave,Alvin Kamara,Bijan Robinson,Devaughn Vele,Kevin Austin Jr.,Kyle Pitts Sr.,1,1,-11.2969,0.5872
Brian Robinson Jr.,Bijan Robinson,Chris Olave,Kyle Pitts Sr.,Saints,Tyler Shough,1,1,-10.6751,1.0935
Bijan Robinson,Chris Olave,Devaughn Vele,Falcons,Jahan Dotson,Nick Folk,1,1,-9.3874,3.9631
Alvin Kamara,Bijan Robinson,Chris Olave,Kevin Austin Jr.,Nick Folk,Tyler Shough,1,1,-10.7431,1.0215
Bijan Robinson,Brian Robinson Jr.,CJ Donaldson,Kyle Pitts Sr.,Michael Penix Jr.,Tyler Shough,1,1,-9.5198,3.4718
Tyler Shough,Alvin Kamara,Brian Robinson Jr.,Charlie Smyth,Chris Olave,Devaughn Vele,1,1,-12.9304,0.1146
Juwan Johnson,Alvin Kamara,Brian Robinson Jr.,Devaughn Vele,Michael Penix Jr.,Tyler Shough,1,1,-9.0485,5.5616
Alvin Kamara,Bijan Robinson,Chris Olave,Falcons,Juwan Johnson,Nick Folk,1,1,-9.7086,2.8743
Bijan Robinson,Alvin Kamara,Barion Brown,Chris Olave,Devaughn Vele,Falcons,1,1,-11.6787,0.4008
Chris Olave,Brian Robinson Jr.,Daniel Carlson,Devaughn Vele,Jahan Dotson,Tyler Shough,1,1,-8.9739,5.9928
Bijan Robinson,Brian Robinson Jr.,Chris Blair,Juwan Johnson,Michael Penix Jr.,Tyler Shough,1,1,-9.7398,2.786
Bijan Robinson,Brian Robinson Jr.,Chris Olave,Daniel Carlson,Juwan Johnson,Oscar Delp,1,1,-8.3425,11.268
Alvin Kamara,Bijan Robinson,Chris Olave,Michael Penix Jr.,Nick Folk,Zachariah Branch,1,1,-10.8249,0.9413
Devaughn Vele,Alvin Kamara,Bijan Robinson,Chris Olave,Daniel Carlson,Falcons,1,1,-9.8936,2.3888
Bijan Robinson,Austin Hooper,Brian Robinson Jr.,Chris Olave,Olamide Zaccheaus,Tyler Shough,1,1,-8.7106,7.7978
Brian Robinson Jr.,Alvin Kamara,Devaughn Vele,Drake London,Kendre Miller,Tyler Shough,1,1,-11.2882,0.5923
Michael Penix Jr.,Alvin Kamara,Brian Robinson Jr.,Chris Olave,Daniel Carlson,Tyler Shough,1,1,-9.1109,5.2256
Tyler Shough,Alvin Kamara,Brian Robinson Jr.,Devaughn Vele,Drake London,Kyle Pitts Sr.,1,1,-9.3993,3.9162
Bijan Robinson,Alvin Kamara,Bryce Lance,CJ Donaldson,Chris Olave,Drake London,1,1,-9.1716,4.9175
Chris Olave,Alvin Kamara,Brian Robinson Jr.,Daniel Carlson,Kyle Pitts Sr.,Tyler Shough,1,1,-8.8734,6.6265
Chris Olave,Bijan Robinson,Brian Robinson Jr.,Daniel Carlson,Michael Penix Jr.,Zachariah Branch,1,1,-9.9679,2.2178
Tyler Shough,Alvin Kamara,Bijan Robinson,Brian Robinson Jr.,Juwan Johnson,Saints,1,1,-9.0142,5.756
Chris Olave,Alvin Kamara,Barion Brown,Bijan Robinson,Devaughn Vele,Kyle Pitts Sr.,1,1,-11.9371,0.3095
Bijan Robinson,Brian Robinson Jr.,Bryce Lance,Chris Olave,Noah Fant,Tyler Shough,1,1,-10.6571,1.1133
Drake London,Alvin Kamara,Brian Robinson Jr.,Chris Olave,Tyler Shough,Zachariah Branch,1,1,-9.7511,2.7548
Tyler Shough,Bijan Robinson,Brian Robinson Jr.,Chris Olave,Nick Folk,Olamide Zaccheaus,1,1,-8.7411,7.5637
Tyler Shough,Bijan Robinson,Brian Robinson Jr.,Chris Olave,Daniel Carlson,Zachariah Branch,1,1,-9.4034,3.9004
Juwan Johnson,Bijan Robinson,Brian Robinson Jr.,Chris Olave,Daniel Carlson,Nick Folk,1,1,-8.8626,6.6979
Jahan Dotson,Alvin Kamara,Bijan Robinson,Chris Olave,Kendre Miller,Michael Penix Jr.,1,1,-11.2543,0.6127
Chris Olave,Austin Hooper,Bijan Robinson,Brian Robinson Jr.,Juwan Johnson,Kyle Pitts Sr.,1,1,-9.3426,4.1449
Devaughn Vele,Bijan Robinson,Chris Olave,Jahan Dotson,Tyler Shough,Zachariah Branch,1,1,-10.4334,1.3925
Tyler Shough,Alvin Kamara,Brian Robinson Jr.,Chris Olave,Falcons,Michael Penix Jr.,1,1,-8.7283,7.6606
Alvin Kamara,Bijan Robinson,Brian Robinson Jr.,Jahan Dotson,Kyle Pitts Sr.,Oscar Delp,1,1,-11.2101,0.6404
Falcons,Alvin Kamara,Bijan Robinson,Brian Robinson Jr.,Drake London,Juwan Johnson,1,1,-10.6549,1.1157
Brian Robinson Jr.,Bijan Robinson,Drake London,Juwan Johnson,Noah Fant,Tyler Shough,1,1,-12.9462,0.1128
Bijan Robinson,Alvin Kamara,Jahan Dotson,Kyle Pitts Sr.,Michael Penix Jr.,Nick Folk,1,1,-9.4734,3.6367
Drake London,Bijan Robinson,Brian Robinson Jr.,Devaughn Vele,Oscar Delp,Tyler Shough,1,1,-8.5734,8.9447
Chris Olave,Alvin Kamara,Austin Hooper,Brian Robinson Jr.,Drake London,Michael Penix Jr.,1,1,-9.361,4.069
Drake London,Bijan Robinson,Brian Robinson Jr.,Bryce Lance,Chris Olave,Nick Folk,1,1,-8.3307,11.4013
Jahan Dotson,Alvin Kamara,Chris Olave,Devaughn Vele,Michael Penix Jr.,Tyler Shough,1,1,-10.7248,1.0405
Bijan Robinson,Alvin Kamara,Devaughn Vele,Jahan Dotson,Kendre Miller,Nick Folk,1,1,-10.1369,1.8729
Tyler Shough,Alvin Kamara,Austin Hooper,Brian Robinson Jr.,Chris Olave,Drake London,1,1,-8.7965,7.1561
Michael Penix Jr.,Bijan Robinson,Brian Robinson Jr.,Chris Olave,Jahan Dotson,Olamide Zaccheaus,1,1,-10.3724,1.48
Juwan Johnson,Austin Hooper,Bijan Robinson,Brian Robinson Jr.,Chris Olave,Michael Penix Jr.,1,1,-8.9456,6.1649
Daniel Carlson,Bijan Robinson,Brian Robinson Jr.,Devaughn Vele,Michael Penix Jr.,Tyler Shough,1,1,-10.4075,1.4289
Drake London,Alvin Kamara,Brian Robinson Jr.,Devaughn Vele,Kyle Pitts Sr.,Tyler Shough,1,1,-9.3176,4.2496
Tyler Shough,Bijan Robinson,Brian Robinson Jr.,Daniel Carlson,Devaughn Vele,Kyle Pitts Sr.,1,1,-8.9699,6.0168
Drake London,Alvin Kamara,Bijan Robinson,Chris Blair,Chris Olave,Jahan Dotson,1,1,-10.8659,0.9035
Jahan Dotson,Bijan Robinson,Chris Olave,Daniel Carlson,Devaughn Vele,Drake London,1,1,-10.8019,0.9633
Bijan Robinson,Chris Olave,Devaughn Vele,Jahan Dotson,Juwan Johnson,Olamide Zaccheaus,1,1,-9.1147,5.2057
Juwan Johnson,Alvin Kamara,Bijan Robinson,Chris Olave,Devaughn Vele,Kevin Austin Jr.,1,1,-10.937,0.8415
Juwan Johnson,Alvin Kamara,Bijan Robinson,Chris Blair,Chris Olave,Devaughn Vele,1,1,-11.1302,0.6937
Juwan Johnson,Alvin Kamara,Bijan Robinson,Chris Olave,Devaughn Vele,Oscar Delp,1,1,-9.18,4.8767
Nick Folk,Bijan Robinson,Brian Robinson Jr.,Chris Olave,Kendre Miller,Tyler Shough,1,1,-10.5051,1.2961
Tyler Shough,Bijan Robinson,Brian Robinson Jr.,Bryce Lance,Devaughn Vele,Juwan Johnson,1,1,-8.2059,12.9163
Chris Olave,Bijan Robinson,Devaughn Vele,Falcons,Jahan Dotson,Juwan Johnson,1,1,-9.2749,4.435
Bijan Robinson,Brian Robinson Jr.,Drake London,Nick Folk,Oscar Delp,Tyler Shough,1,1,-8.2812,11.98
Bijan Robinson,Brian Robinson Jr.,Charlie Woerner,Drake London,Nick Folk,Tyler Shough,1,1,-10.1868,1.7819
Brian Robinson Jr.,Austin Hooper,Bijan Robinson,Chris Olave,Drake London,Kendre Miller,1,1,-11.1852,0.6566
Chris Olave,Brian Robinson Jr.,Drake London,Jahan Dotson,Kyle Pitts Sr.,Tyler Shough,1,1,-8.8151,7.0237
Alvin Kamara,Bijan Robinson,Devaughn Vele,Falcons,Nick Folk,Tyler Shough,1,1,-9.9567,2.2427
Jahan Dotson,Bijan Robinson,Chris Olave,Devaughn Vele,Kyle Pitts Sr.,Michael Penix Jr.,1,1,-11.2246,0.6311
Nick Folk,Bijan Robinson,Brian Robinson Jr.,Chris Olave,Daniel Carlson,Michael Penix Jr.,1,1,-10.5557,1.2322
Brian Robinson Jr.,Chris Olave,Devaughn Vele,Falcons,Michael Penix Jr.,Tyler Shough,1,1,-10.5875,1.1935
Chris Olave,Bijan Robinson,Brian Robinson Jr.,Juwan Johnson,Nick Folk,Noah Fant,1,1,-12.0225,0.2842
Chris Olave,Bijan Robinson,Brian Robinson Jr.,Charlie Smyth,Juwan Johnson,Nick Folk,1,1,-12.7932,0.1315
Bijan Robinson,Alvin Kamara,Devaughn Vele,Nick Folk,Oscar Delp,Tyler Shough,1,1,-8.7627,7.4022
Devaughn Vele,Bijan Robinson,Brian Robinson Jr.,Michael Penix Jr.,Olamide Zaccheaus,Tyler Shough,1,1,-9.6597,3.0185
Bijan Robinson,Chris Olave,Devaughn Vele,Falcons,Jahan Dotson,Kyle Pitts Sr.,1,1,-9.5381,3.4088
Bijan Robinson,Alvin Kamara,CJ Donaldson,Daniel Carlson,Devaughn Vele,Drake London,1,1,-10.1338,1.8787
Alvin Kamara,Bijan Robinson,Chris Blair,Chris Olave,Kyle Pitts Sr.,Tyler Shough,1,1,-11.087,0.7243
Bijan Robinson,Brian Robinson Jr.,Kyle Pitts Sr.,Michael Penix Jr.,Tyler Shough,Zachariah Branch,1,1,-9.7152,2.8553
Bijan Robinson,Brian Robinson Jr.,Devaughn Vele,Nick Folk,Saints,Tyler Shough,1,1,-9.2371,4.6057
Bijan Robinson,Brian Robinson Jr.,Chris Olave,Falcons,Michael Penix Jr.,Olamide Zaccheaus,1,1,-9.1979,4.7901
Chris Olave,Alvin Kamara,Brian Robinson Jr.,Chris Blair,Michael Penix Jr.,Tyler Shough,1,1,-10.5577,1.2297
Bijan Robinson,Austin Hooper,Brian Robinson Jr.,Chris Olave,Juwan Johnson,Kendre Miller,1,1,-9.0944,5.3125
Bijan Robinson,Alvin Kamara,Chris Olave,Juwan Johnson,Kyle Pitts Sr.,Oscar Delp,1,1,-8.6652,8.1599
Bijan Robinson,Alvin Kamara,Chris Blair,Chris Olave,Juwan Johnson,Kyle Pitts Sr.,1,1,-10.6155,1.1607
Bijan Robinson,Alvin Kamara,CJ Donaldson,Devaughn Vele,Kyle Pitts Sr.,Michael Penix Jr.,1,1,-10.5566,1.231
Devaughn Vele,Alvin Kamara,Brian Robinson Jr.,Kyle Pitts Sr.,Michael Penix Jr.,Tyler Shough,1,1,-10.0549,2.033
Alvin Kamara,Bijan Robinson,Bryce Lance,Chris Olave,Michael Penix Jr.,Nick Folk,1,1,-9.0553,5.524
Bijan Robinson,Alvin Kamara,Jahan Dotson,Kevin Austin Jr.,Michael Penix Jr.,Tyler Shough,1,1,-10.1369,1.873
Juwan Johnson,Alvin Kamara,Brian Robinson Jr.,Chris Olave,Daniel Carlson,Tyler Shough,1,1,-8.5134,9.4974
Kendre Miller,Alvin Kamara,Bijan Robinson,Brian Robinson Jr.,Drake London,Michael Penix Jr.,1,1,-10.6075,1.1699
Bijan Robinson,Alvin Kamara,Charlie Woerner,Devaughn Vele,Juwan Johnson,Michael Penix Jr.,1,1,-10.732,1.033
Bijan Robinson,Alvin Kamara,Falcons,Jahan Dotson,Juwan Johnson,Michael Penix Jr.,1,1,-9.1024,5.2699
Bijan Robinson,Alvin Kamara,Chris Blair,Devaughn Vele,Juwan Johnson,Michael Penix Jr.,1,1,-10.7767,0.9878
Alvin Kamara,Brian Robinson Jr.,Drake London,Kyle Pitts Sr.,Michael Penix Jr.,Tyler Shough,1,1,-9.5608,3.3324
Chris Olave,Barion Brown,Bijan Robinson,Devaughn Vele,Jahan Dotson,Tyler Shough,1,1,-10.9496,0.831
Chris Olave,Austin Hooper,Bijan Robinson,Brian Robinson Jr.,Drake London,Falcons,1,1,-9.4262,3.8123
Chris Olave,Alvin Kamara,Bijan Robinson,Daniel Carlson,Falcons,Jahan Dotson,1,1,-9.442,3.7525
Chris Olave,Alvin Kamara,Bijan Robinson,Daniel Carlson,Devaughn Vele,Oscar Delp,1,1,-9.166,4.9453
Michael Penix Jr.,Austin Hooper,Bijan Robinson,Brian Robinson Jr.,Devaughn Vele,Tyler Shough,1,1,-9.8282,2.5504
Zachariah Branch,Alvin Kamara,Bijan Robinson,Chris Olave,Devaughn Vele,Michael Penix Jr.,1,1,-12.3594,0.2029
Tyler Shough,Alvin Kamara,Brian Robinson Jr.,Devaughn Vele,Juwan Johnson,Nick Folk,1,1,-9.3346,4.178
Drake London,Bijan Robinson,Brian Robinson Jr.,Daniel Carlson,Devaughn Vele,Nick Folk,1,1,-9.2929,4.3558
Devaughn Vele,Bijan Robinson,Chris Olave,Daniel Carlson,Jahan Dotson,Juwan Johnson,1,1,-9.3779,4.0011
Chris Olave,Brian Robinson Jr.,Jahan Dotson,Michael Penix Jr.,Nick Folk,Tyler Shough,1,1,-8.7134,7.7761
Drake London,Alvin Kamara,Brian Robinson Jr.,Bryce Lance,Chris Olave,Tyler Shough,1,1,-7.9815,16.1666
Alvin Kamara,Bijan Robinson,Chris Olave,Jahan Dotson,Michael Penix Jr.,Saints,1,1,-10.1147,1.915
Tyler Shough,Bijan Robinson,Brian Robinson Jr.,Chris Olave,Kyle Pitts Sr.,Oscar Delp,1,1,-8.5428,9.2228
Tyler Shough,Bijan Robinson,Brian Robinson Jr.,Chris Olave,Kyle Pitts Sr.,Olamide Zaccheaus,1,1,-8.8917,6.5059
Alvin Kamara,Barion Brown,Bijan Robinson,Chris Olave,Drake London,Nick Folk,1,1,-11.9387,0.309
Juwan Johnson,Bijan Robinson,Brian Robinson Jr.,Chris Olave,Daniel Carlson,Kyle Pitts Sr.,1,1,-9.0133,5.7612
Devaughn Vele,Bijan Robinson,Brian Robinson Jr.,Drake London,Jahan Dotson,Travis Etienne Jr.,1,1,-16.6795,0.0027
Michael Penix Jr.,Bijan Robinson,Brian Robinson Jr.,Devaughn Vele,Drake London,Zachariah Branch,1,1,-11.4199,0.5192
Bijan Robinson,Barion Brown,Brian Robinson Jr.,Drake London,Juwan Johnson,Michael Penix Jr.,1,1,-10.7421,1.0226
Tyler Shough,Alvin Kamara,Brian Robinson Jr.,Daniel Carlson,Devaughn Vele,Drake London,1,1,-9.0254,5.6918
Devaughn Vele,Bijan Robinson,Chris Olave,Drake London,Jahan Dotson,Zachariah Branch,1,1,-10.9888,0.7991
Falcons,Bijan Robinson,Brian Robinson Jr.,Devaughn Vele,Drake London,Tyler Shough,1,1,-10.1637,1.8234
Daniel Carlson,Bijan Robinson,Brian Robinson Jr.,Chris Olave,Drake London,Kyle Pitts Sr.,1,1,-10.8017,0.9634
Michael Penix Jr.,Alvin Kamara,Bijan Robinson,Bryce Lance,Chris Olave,Jahan Dotson,1,1,-9.4372,3.7708
Chris Olave,Bijan Robinson,Brian Robinson Jr.,Charlie Smyth,Falcons,Tyler Shough,1,1,-12.4721,0.1813
Tyler Shough,Alvin Kamara,Brian Robinson Jr.,Devaughn Vele,Kyle Pitts Sr.,Michael Penix Jr.,1,1,-9.4482,3.7294
Devaughn Vele,Bijan Robinson,Brian Robinson Jr.,Daniel Carlson,Michael Penix Jr.,Nick Folk,1,1,-10.0303,2.0838
Bijan Robinson,Alvin Kamara,Brian Robinson Jr.,Charlie Woerner,Kendre Miller,Michael Penix Jr.,1,1,-11.504,0.4773
Bijan Robinson,Alvin Kamara,Chris Olave,Daniel Carlson,Jalen Moreno-Cropper,Michael Penix Jr.,1,1,-13.5418,0.0622
Devaughn Vele,Alvin Kamara,Brian Robinson Jr.,Juwan Johnson,Kyle Pitts Sr.,Tyler Shough,1,1,-10.092,1.959
Brian Robinson Jr.,Chris Olave,Devaughn Vele,Kendre Miller,Michael Penix Jr.,Tyler Shough,1,1,-10.5978,1.1814
Alvin Kamara,Bijan Robinson,Bryce Lance,Chris Olave,Juwan Johnson,Nick Folk,1,1,-9.0924,5.3231
Bijan Robinson,Alvin Kamara,Charlie Smyth,Jahan Dotson,Juwan Johnson,Tyler Shough,1,1,-12.2164,0.2341
Alvin Kamara,Brian Robinson Jr.,Chris Olave,Drake London,Saints,Tyler Shough,1,1,-9.6668,2.9971
Tyler Shough,Alvin Kamara,Brian Robinson Jr.,Chris Olave,Daniel Carlson,Nick Folk,1,1,-8.7624,7.404
Chris Olave,Bijan Robinson,Chris Blair,Devaughn Vele,Drake London,Jahan Dotson,1,1,-11.058,0.7456
Chris Olave,Alvin Kamara,Bijan Robinson,Bryce Lance,Juwan Johnson,Nick Folk,1,1,-8.4075,10.5588
Drake London,Alvin Kamara,Bijan Robinson,Brian Robinson Jr.,Juwan Johnson,Saints,1,1,-9.4879,3.5843
Bijan Robinson,Chris Olave,Jahan Dotson,Nick Folk,Tyler Shough,Zachariah Branch,1,1,-9.4527,3.7126
Michael Penix Jr.,Bijan Robinson,Brian Robinson Jr.,Chris Olave,Juwan Johnson,Kevin Austin Jr.,1,1,-11.1389,0.6877
Michael Penix Jr.,Bijan Robinson,Brian Robinson Jr.,Chris Olave,Juwan Johnson,Olamide Zaccheaus,1,1,-9.7309,2.8111
Kyle Pitts Sr.,Bijan Robinson,Brian Robinson Jr.,Devaughn Vele,Juwan Johnson,Michael Penix Jr.,1,1,-9.8692,2.4479
Bijan Robinson,CJ Donaldson,Chris Olave,Drake London,Jahan Dotson,Nick Folk,1,1,-9.8126,2.5904
Bijan Robinson,Brian Robinson Jr.,Drake London,Falcons,Juwan Johnson,Kyle Pitts Sr.,1,1,-9.1544,5.0032
Alvin Kamara,Bijan Robinson,Devaughn Vele,Drake London,Falcons,Nick Folk,1,1,-10.5121,1.287
Devaughn Vele,Brian Robinson Jr.,Chris Olave,Drake London,Juwan Johnson,Nick Folk,1,1,-9.7575,2.7373
Bijan Robinson,Charlie Woerner,Chris Olave,Jahan Dotson,Juwan Johnson,Tyler Shough,1,1,-9.5833,3.2582
Bijan Robinson,Alvin Kamara,Barion Brown,Chris Olave,Tyler Shough,Zachariah Branch,1,1,-11.744,0.3755
Bijan Robinson,Alvin Kamara,Bryce Lance,Chris Olave,Kyle Pitts Sr.,Nick Folk,1,1,-8.6706,8.1157
Bijan Robinson,Alvin Kamara,Daniel Carlson,Devaughn Vele,Drake London,Zachariah Branch,1,1,-10.3293,1.5452
Alvin Kamara,Bijan Robinson,Chris Olave,Drake London,Kyle Pitts Sr.,Treyton Welch,1,1,-11.942,0.308
Alvin Kamara,Bijan Robinson,Chris Olave,Jahan Dotson,Juwan Johnson,Saints,1,1,-10.1518,1.8453
Alvin Kamara,Bijan Robinson,Charlie Woerner,Chris Olave,Drake London,Kyle Pitts Sr.,1,1,-11.5978,0.4346
Bijan Robinson,Alvin Kamara,Jahan Dotson,Juwan Johnson,Kendre Miller,Michael Penix Jr.,1,1,-9.1127,5.2162
Chris Olave,Alvin Kamara,Bijan Robinson,Jahan Dotson,Juwan Johnson,Saints,1,1,-9.4669,3.6603
Juwan Johnson,Alvin Kamara,Bijan Robinson,Jahan Dotson,Nick Folk,Tyler Shough,1,1,-8.9371,6.2171
Jahan Dotson,Bijan Robinson,Chris Olave,Devaughn Vele,Kendre Miller,Tyler Shough,1,1,-10.8002,0.9649
Falcons,Bijan Robinson,Brian Robinson Jr.,Chris Olave,Juwan Johnson,Michael Penix Jr.,1,1,-9.9645,2.2254
Bijan Robinson,Alvin Kamara,Charlie Woerner,Drake London,Jahan Dotson,Michael Penix Jr.,1,1,-10.8409,0.9264
Bijan Robinson,Alvin Kamara,Chris Olave,Jahan Dotson,Kyle Pitts Sr.,Saints,1,1,-9.73,2.8134
Juwan Johnson,Alvin Kamara,Brian Robinson Jr.,Chris Olave,Daniel Carlson,Drake London,1,1,-9.0688,5.45
Charlie Woerner,Bijan Robinson,Brian Robinson Jr.,Chris Olave,Drake London,Tyler Shough,1,1,-13.8386,0.0462
Olamide Zaccheaus,Bijan Robinson,Brian Robinson Jr.,Chris Olave,Drake London,Tyler Shough,1,1,-10.7941,0.9707
Devaughn Vele,Bijan Robinson,Chris Olave,Falcons,Jahan Dotson,Michael Penix Jr.,1,1,-9.8843,2.4112
Drake London,Alvin Kamara,Brian Robinson Jr.,Devaughn Vele,Michael Penix Jr.,Nick Folk,1,1,-9.7712,2.6999
Alvin Kamara,Bijan Robinson,Chris Olave,Daniel Carlson,Oscar Delp,Tyler Shough,1,1,-8.7629,7.4007
Alvin Kamara,Bijan Robinson,Chris Blair,Chris Olave,Daniel Carlson,Tyler Shough,1,1,-10.7131,1.0527
Bijan Robinson,Brian Robinson Jr.,Daniel Carlson,Michael Penix Jr.,Tyler Shough,Zachariah Branch,1,1,-9.3413,4.15
Alvin Kamara,Bijan Robinson,Chris Olave,Daniel Carlson,Falcons,Juwan Johnson,1,1,-9.4854,3.5932
Drake London,Bijan Robinson,Brian Robinson Jr.,Daniel Carlson,Devaughn Vele,Kyle Pitts Sr.,1,1,-9.4436,3.7467
Chris Olave,Bijan Robinson,Brian Robinson Jr.,Bryce Lance,Devaughn Vele,Oscar Delp,1,1,-9.1444,5.0533
Michael Penix Jr.,Alvin Kamara,Bijan Robinson,Daniel Carlson,Devaughn Vele,Jahan Dotson,1,1,-10.3994,1.4406
Chris Olave,Brian Robinson Jr.,Jahan Dotson,Kyle Pitts Sr.,Michael Penix Jr.,Tyler Shough,1,1,-8.864,6.6886
Bijan Robinson,Alvin Kamara,Chris Olave,Daniel Carlson,Juwan Johnson,Oscar Delp,1,1,-8.2913,11.8596
Alvin Kamara,Austin Hooper,Bijan Robinson,Chris Olave,Falcons,Tyler Shough,1,1,-9.5045,3.525
Chris Olave,Alvin Kamara,Bijan Robinson,Daniel Carlson,Khalil Herbert,Tyler Shough,1,1,-12.3157,0.212
Chris Olave,Alvin Kamara,Bijan Robinson,Bryce Lance,CJ Donaldson,Tyler Shough,1,1,-9.0442,5.5856
Chris Olave,Alvin Kamara,Bijan Robinson,Daniel Carlson,Tyler Shough,Vinny Anthony II,1,1,-15.3114,0.0106
Chris Olave,Brian Robinson Jr.,Drake London,Jahan Dotson,Michael Penix Jr.,Nick Folk,1,1,-9.2688,4.4623
Drake London,Bijan Robinson,Brian Robinson Jr.,Bryce Lance,Devaughn Vele,Juwan Johnson,1,1,-8.6796,8.043
Bijan Robinson,Brian Robinson Jr.,Drake London,Falcons,Tyler Shough,Zachariah Branch,1,1,-9.8359,2.5307
Bijan Robinson,Brian Robinson Jr.,Chris Olave,Daniel Carlson,Juwan Johnson,Saints,1,1,-8.7658,7.3791
Juwan Johnson,Alvin Kamara,Brian Robinson Jr.,Chris Olave,Devaughn Vele,Kendre Miller,1,1,-10.1552,1.8391
Chris Olave,Austin Hooper,Bijan Robinson,Devaughn Vele,Jahan Dotson,Juwan Johnson,1,1,-9.3919,3.9453
Alvin Kamara,Bijan Robinson,Daniel Carlson,Devaughn Vele,Juwan Johnson,Nick Folk,1,1,-10.0546,2.0337
Saints,Alvin Kamara,Bijan Robinson,Brian Robinson Jr.,Chris Olave,Juwan Johnson,1,1,-10.0833,1.976
Kyle Pitts Sr.,Bijan Robinson,Brian Robinson Jr.,Chris Olave,Drake London,Falcons,1,1,-9.7916,2.6453
Jahan Dotson,Alvin Kamara,Bijan Robinson,Chris Olave,Saints,Tyler Shough,1,1,-10.9819,0.8045
Alvin Kamara,Austin Hooper,Bijan Robinson,Devaughn Vele,Nick Folk,Tyler Shough,1,1,-10.0737,1.9951
Chris Olave,Alvin Kamara,Bijan Robinson,Michael Penix Jr.,Nick Folk,Oscar Delp,1,1,-8.9055,6.4169
Chris Olave,Bijan Robinson,Daniel Carlson,Devaughn Vele,Jahan Dotson,Kyle Pitts Sr.,1,1,-9.4226,3.8262
Juwan Johnson,Bijan Robinson,Brian Robinson Jr.,CJ Donaldson,Drake London,Tyler Shough,1,1,-9.539,3.4058
Bijan Robinson,Alvin Kamara,Bryce Lance,Chris Olave,Oscar Delp,Tyler Shough,1,1,-7.5772,24.2217
Nick Folk,Alvin Kamara,Bijan Robinson,Jahan Dotson,Michael Penix Jr.,Tyler Shough,1,1,-10.6301,1.1437
Kyle Pitts Sr.,Alvin Kamara,Bijan Robinson,Chris Olave,Devaughn Vele,Falcons,1,1,-10.2731,1.6345
Bijan Robinson,Alvin Kamara,Chris Olave,Drake London,Kevin Austin Jr.,Zachariah Branch,1,1,-11.6592,0.4087
Nick Folk,Austin Hooper,Bijan Robinson,Brian Robinson Jr.,Chris Olave,Drake London,1,1,-11.1673,0.6684
Bijan Robinson,Brian Robinson Jr.,Bryce Lance,Chris Olave,Saints,Tyler Shough,1,1,-8.0517,15.0708
Alvin Kamara,Bijan Robinson,Bryce Lance,Devaughn Vele,Nick Folk,Tyler Shough,1,1,-9.3405,4.1535
Devaughn Vele,Alvin Kamara,Bijan Robinson,Jahan Dotson,Oscar Delp,Tyler Shough,1,1,-9.9381,2.2849
Tyler Shough,Bijan Robinson,Brian Robinson Jr.,Juwan Johnson,Kyle Pitts Sr.,Nick Folk,1,1,-8.7464,7.5232
Chris Olave,Alvin Kamara,Brian Robinson Jr.,Charlie Smyth,Drake London,Juwan Johnson,1,1,-12.9994,0.107
Bijan Robinson,Alvin Kamara,Chris Olave,Devaughn Vele,Saints,Zachariah Branch,1,1,-10.8581,0.9106
Chris Olave,Brian Robinson Jr.,Devaughn Vele,Falcons,Juwan Johnson,Tyler Shough,1,1,-8.8758,6.6101
Alvin Kamara,Austin Hooper,Bijan Robinson,Devaughn Vele,Juwan Johnson,Michael Penix Jr.,1,1,-10.1375,1.8718
Tyler Shough,Austin Hooper,Bijan Robinson,Brian Robinson Jr.,Chris Olave,Falcons,1,1,-8.9105,6.3847
Alvin Kamara,Bijan Robinson,Devaughn Vele,Drake London,Juwan Johnson,Olamide Zaccheaus,1,1,-10.2394,1.6905
Brian Robinson Jr.,Bijan Robinson,Chris Olave,Falcons,Saints,Tyler Shough,1,1,-10.8447,0.9229
Tyler Shough,Alvin Kamara,Brian Robinson Jr.,Drake London,Michael Penix Jr.,Nick Folk,1,1,-8.7649,7.3855
Drake London,Bijan Robinson,Brian Robinson Jr.,Devaughn Vele,Falcons,Nick Folk,1,1,-9.8364,2.5295
Drake London,Alvin Kamara,Brian Robinson Jr.,Devaughn Vele,Juwan Johnson,Nick Folk,1,1,-9.8083,2.6017
Bijan Robinson,Chris Olave,Jahan Dotson,Kyle Pitts Sr.,Tyler Shough,Zachariah Branch,1,1,-9.6034,3.1934
Juwan Johnson,Alvin Kamara,Chris Olave,Devaughn Vele,Drake London,Jahan Dotson,1,1,-9.4921,3.5693
Tyler Shough,Bijan Robinson,Brian Robinson Jr.,Bryce Lance,Chris Olave,Falcons,1,1,-8.1773,13.2922
Michael Penix Jr.,Alvin Kamara,Bijan Robinson,Chris Olave,Jahan Dotson,Olamide Zaccheaus,1,1,-10.3212,1.5577
Tyler Shough,Alvin Kamara,Brian Robinson Jr.,Daniel Carlson,Devaughn Vele,Michael Penix Jr.,1,1,-9.0743,5.4203
Bijan Robinson,Brian Robinson Jr.,Daniel Carlson,Juwan Johnson,Kendre Miller,Tyler Shough,1,1,-8.2353,12.5428
Michael Penix Jr.,Alvin Kamara,Bijan Robinson,CJ Donaldson,Chris Olave,Nick Folk,1,1,-10.9103,0.8643
Bijan Robinson,CJ Donaldson,Devaughn Vele,Drake London,Jahan Dotson,Michael Penix Jr.,1,1,-10.1245,1.8963
Drake London,Bijan Robinson,Brian Robinson Jr.,Chris Blair,Devaughn Vele,Michael Penix Jr.,1,1,-11.1279,0.6953
Tyler Shough,Alvin Kamara,Bijan Robinson,Drake London,Jahan Dotson,Zachariah Branch,1,1,-10.0333,2.0775
Bijan Robinson,Alvin Kamara,Drake London,Nick Folk,Nick Muse,Tyler Shough,1,1,-12.0295,0.2822
Bijan Robinson,Alvin Kamara,Bryce Lance,Devaughn Vele,Kyle Pitts Sr.,Michael Penix Jr.,1,1,-8.9825,5.9413
Bijan Robinson,Alvin Kamara,Austin Hooper,Chris Olave,Daniel Carlson,Nick Folk,1,1,-9.03,5.6658
Juwan Johnson,Alvin Kamara,Bijan Robinson,Drake London,Jahan Dotson,Nick Folk,1,1,-9.4925,3.5676
Tyler Shough,Bijan Robinson,Brian Robinson Jr.,Devaughn Vele,Kendre Miller,Kyle Pitts Sr.,1,1,-9.5236,3.4585
Jahan Dotson,Bijan Robinson,Chris Olave,Devaughn Vele,Drake London,Kendre Miller,1,1,-11.3556,0.5537
Chris Olave,Alvin Kamara,Bijan Robinson,Daniel Carlson,Juwan Johnson,Zachariah Branch,1,1,-9.9538,2.2493
Chris Olave,Alvin Kamara,Bijan Robinson,Juwan Johnson,Nick Folk,Olamide Zaccheaus,1,1,-9.2915,4.3619
Bijan Robinson,Brian Robinson Jr.,Daniel Carlson,Drake London,Olamide Zaccheaus,Tyler Shough,1,1,-8.4069,10.5648
Bijan Robinson,CJ Donaldson,Chris Olave,Daniel Carlson,Devaughn Vele,Juwan Johnson,1,1,-9.4805,3.6108
Bijan Robinson,Brian Robinson Jr.,Daniel Carlson,Drake London,Falcons,Juwan Johnson,1,1,-8.7805,7.2716
Falcons,Alvin Kamara,Bijan Robinson,Chris Olave,Jahan Dotson,Michael Penix Jr.,1,1,-10.5549,1.2332
Drake London,Alvin Kamara,Brian Robinson Jr.,Devaughn Vele,Kyle Pitts Sr.,Michael Penix Jr.,1,1,-9.9219,2.3223
Tyler Shough,Alvin Kamara,Bijan Robinson,Devaughn Vele,Jahan Dotson,Olamide Zaccheaus,1,1,-9.6803,2.9568
Chris Olave,Bijan Robinson,Brian Robinson Jr.,Daniel Carlson,Kendre Miller,Nick Folk,1,1,-9.4024,3.9041
Alvin Kamara,Chris Olave,Daniel Carlson,Devaughn Vele,Drake London,Jahan Dotson,1,1,-10.163,1.8247
Kyle Pitts Sr.,Bijan Robinson,Brian Robinson Jr.,Bryce Lance,Chris Olave,Tyler Shough,1,1,-8.62,8.5374
Bijan Robinson,Alvin Kamara,Charlie Woerner,Chris Olave,Falcons,Michael Penix Jr.,1,1,-10.7033,1.063
Bijan Robinson,Alvin Kamara,Chris Olave,Falcons,Michael Penix Jr.,Oscar Delp,1,1,-8.7977,7.1471
Bijan Robinson,Alvin Kamara,Chris Olave,Falcons,Kevin Austin Jr.,Michael Penix Jr.,1,1,-10.5547,1.2333
Alvin Kamara,Brian Robinson Jr.,Juwan Johnson,Kyle Pitts Sr.,Michael Penix Jr.,Tyler Shough,1,1,-9.6467,3.0579
Bijan Robinson,Alvin Kamara,Chris Olave,Kyle Pitts Sr.,Nick Folk,Olamide Zaccheaus,1,1,-9.5547,3.3527
Bijan Robinson,Alvin Kamara,Chris Olave,Daniel Carlson,Kyle Pitts Sr.,Zachariah Branch,1,1,-10.217,1.7289
Bijan Robinson,Devaughn Vele,Drake London,Jahan Dotson,Kyle Pitts Sr.,Nick Folk,1,1,-9.5746,3.2865
Nick Folk,Bijan Robinson,Brian Robinson Jr.,Drake London,Kyle Pitts Sr.,Tyler Shough,1,1,-10.6821,1.0858
Chris Olave,Bijan Robinson,Devaughn Vele,Jahan Dotson,Michael Penix Jr.,Olamide Zaccheaus,1,1,-9.5056,3.5212
Bijan Robinson,Brian Robinson Jr.,Kyle Pitts Sr.,Michael Penix Jr.,Olamide Zaccheaus,Tyler Shough,1,1,-8.8297,6.9223
Bijan Robinson,Alvin Kamara,Devaughn Vele,Kendre Miller,Tyler Shough,Zachariah Branch,1,1,-10.3276,1.5477
Bijan Robinson,Brian Robinson Jr.,Drake London,Michael Penix Jr.,Nick Folk,Oscar Delp,1,1,-8.8855,6.5467
Bijan Robinson,Brian Robinson Jr.,Falcons,Juwan Johnson,Kyle Pitts Sr.,Michael Penix Jr.,1,1,-9.2032,4.7645
Tyler Shough,Bijan Robinson,Chris Olave,Devaughn Vele,Jahan Dotson,Treyton Welch,1,1,-10.8419,0.9254
Tyler Shough,Bijan Robinson,Charlie Woerner,Chris Olave,Devaughn Vele,Jahan Dotson,1,1,-10.4977,1.3057
Chris Olave,Alvin Kamara,Bijan Robinson,Daniel Carlson,Drake London,Treyton Welch,1,1,-10.8832,0.888
Chris Olave,Alvin Kamara,Bijan Robinson,Daniel Carlson,Drake London,Nick Muse,1,1,-12.4328,0.1885
Chris Olave,Alvin Kamara,Bijan Robinson,Daniel Carlson,Drake London,Khalil Herbert,1,1,-12.8711,0.1216
Alvin Kamara,Austin Hooper,Bijan Robinson,Chris Olave,Drake London,Falcons,1,1,-10.0599,2.0228
Juwan Johnson,Bijan Robinson,Chris Olave,Daniel Carlson,Devaughn Vele,Jahan Dotson,1,1,-9.0626,5.4838
Bijan Robinson,Alvin Kamara,Bryce Lance,Chris Olave,Juwan Johnson,Kendre Miller,1,1,-8.3099,11.6406
Chris Olave,Brian Robinson Jr.,Daniel Carlson,Devaughn Vele,Nick Folk,Tyler Shough,1,1,-8.8729,6.6298
Chris Olave,Alvin Kamara,Devaughn Vele,Jahan Dotson,Kyle Pitts Sr.,Michael Penix Jr.,1,1,-9.9009,2.3716
Alvin Kamara,Bijan Robinson,Chris Olave,Kyle Pitts Sr.,Michael Penix Jr.,Oscar Delp,1,1,-9.7411,2.7826
Alvin Kamara,Bijan Robinson,Daniel Carlson,Devaughn Vele,Juwan Johnson,Kyle Pitts Sr.,1,1,-10.2052,1.7493
CJ Donaldson,Alvin Kamara,Bijan Robinson,Devaughn Vele,Drake London,Tyler Shough,1,1,-12.279,0.2199
Nick Folk,Brian Robinson Jr.,Chris Olave,Devaughn Vele,Michael Penix Jr.,Tyler Shough,1,1,-10.5798,1.2027
Bijan Robinson,Alvin Kamara,Chris Olave,Daniel Carlson,Jahan Dotson,Saints,1,1,-9.3561,4.089
Bijan Robinson,Austin Hooper,Brian Robinson Jr.,Drake London,Juwan Johnson,Kyle Pitts Sr.,1,1,-9.2714,4.4508
Alvin Kamara,Austin Hooper,Bijan Robinson,Devaughn Vele,Kyle Pitts Sr.,Tyler Shough,1,1,-10.2244,1.7161
Chris Olave,Alvin Kamara,Bijan Robinson,Kyle Pitts Sr.,Michael Penix Jr.,Treyton Welch,1,1,-11.306,0.5818
Tyler Shough,Alvin Kamara,Chris Olave,Devaughn Vele,Jahan Dotson,Kyle Pitts Sr.,1,1,-9.3363,4.1709
Chris Olave,Bijan Robinson,Brian Robinson Jr.,Drake London,Kendre Miller,Olamide Zaccheaus,1,1,-9.5872,3.2453
Chris Olave,Alvin Kamara,Barion Brown,Bijan Robinson,Juwan Johnson,Nick Folk,1,1,-11.3397,0.5625
Bijan Robinson,Alvin Kamara,Austin Hooper,Bryce Lance,Chris Olave,Michael Penix Jr.,1,1,-8.3797,10.8567
Bijan Robinson,Alvin Kamara,Austin Hooper,Devaughn Vele,Juwan Johnson,Kyle Pitts Sr.,1,1,-9.7528,2.75
Tyler Shough,Alvin Kamara,Brian Robinson Jr.,Chris Olave,Michael Penix Jr.,Noah Fant,1,1,-11.6759,0.4019
Tyler Shough,Alvin Kamara,Bijan Robinson,Chris Olave,Kyle Pitts Sr.,Treyton Welch,1,1,-10.7414,1.0233
Tyler Shough,Alvin Kamara,Bijan Robinson,Cedric Tillman,Chris Olave,Kyle Pitts Sr.,1,1,-14.1156,0.035
Tyler Shough,Alvin Kamara,Bijan Robinson,Chris Olave,Jalen Moreno-Cropper,Kyle Pitts Sr.,1,1,-13.7791,0.0491
Chris Olave,Alvin Kamara,Bijan Robinson,Devaughn Vele,Kendre Miller,Olamide Zaccheaus,1,1,-10.0687,2.0052
Michael Penix Jr.,Bijan Robinson,Brian Robinson Jr.,Devaughn Vele,Juwan Johnson,Kendre Miller,1,1,-10.3627,1.4944
Olamide Zaccheaus,Bijan Robinson,Brian Robinson Jr.,Chris Olave,Michael Penix Jr.,Tyler Shough,1,1,-10.843,0.9244
Chris Olave,Brian Robinson Jr.,Daniel Carlson,Jahan Dotson,Michael Penix Jr.,Tyler Shough,1,1,-8.4901,9.7213
Tyler Shough,Bijan Robinson,Brian Robinson Jr.,Drake London,Michael Penix Jr.,Treyton Welch,1,1,-10.4212,1.4095
Tyler Shough,Bijan Robinson,Brian Robinson Jr.,Drake London,Jalen Moreno-Cropper,Michael Penix Jr.,1,1,-13.4589,0.0676
Tyler Shough,Bijan Robinson,Brian Robinson Jr.,Charlie Woerner,Drake London,Michael Penix Jr.,1,1,-10.0769,1.9888
Bijan Robinson,Barion Brown,Brian Robinson Jr.,Kyle Pitts Sr.,Michael Penix Jr.,Tyler Shough,1,1,-10.8779,0.8927
Bijan Robinson,Alvin Kamara,Bryce Lance,Chris Olave,Devaughn Vele,Saints,1,1,-9.0885,5.3436
Tyler Shough,Barion Brown,Bijan Robinson,Chris Olave,Devaughn Vele,Jahan Dotson,1,1,-10.9893,0.7987
Kyle Pitts Sr.,Bijan Robinson,Brian Robinson Jr.,Drake London,Nick Folk,Tyler Shough,1,1,-9.2728,4.4443
Michael Penix Jr.,Bijan Robinson,Brian Robinson Jr.,Devaughn Vele,Drake London,Olamide Zaccheaus,1,1,-10.5344,1.2587
Bijan Robinson,Alvin Kamara,Austin Hooper,Barion Brown,Chris Olave,Drake London,1,1,-11.263,0.6074
Bijan Robinson,Alvin Kamara,Chris Olave,Falcons,Nick Folk,Zachariah Branch,1,1,-10.6098,1.1672
Devaughn Vele,Bijan Robinson,Chris Olave,Drake London,Jahan Dotson,Olamide Zaccheaus,1,1,-10.1032,1.9372
Bijan Robinson,Devaughn Vele,Drake London,Jahan Dotson,Kevin Austin Jr.,Tyler Shough,1,1,-10.2382,1.6926
Bijan Robinson,Devaughn Vele,Drake London,Jahan Dotson,Oscar Delp,Tyler Shough,1,1,-8.4812,9.8086
Chris Olave,Brian Robinson Jr.,Bryce Lance,Devaughn Vele,Michael Penix Jr.,Tyler Shough,1,1,-8.2225,12.7039
Bijan Robinson,Alvin Kamara,CJ Donaldson,Drake London,Juwan Johnson,Kyle Pitts Sr.,1,1,-10.061,2.0206
Chris Olave,Alvin Kamara,Bijan Robinson,Falcons,Kevin Austin Jr.,Tyler Shough,1,1,-10.3784,1.4711
Devaughn Vele,Bijan Robinson,Brian Robinson Jr.,Juwan Johnson,Saints,Tyler Shough,1,1,-9.7711,2.7003
Chris Olave,Alvin Kamara,Bijan Robinson,Charlie Woerner,Falcons,Tyler Shough,1,1,-10.527,1.268
Chris Olave,Alvin Kamara,Bijan Robinson,Chris Blair,Falcons,Tyler Shough,1,1,-10.5717,1.2126
Alvin Kamara,Brian Robinson Jr.,Chris Olave,Juwan Johnson,Saints,Tyler Shough,1,1,-9.7527,2.7503
Alvin Kamara,Bijan Robinson,Drake London,Juwan Johnson,Nick Muse,Tyler Shough,1,1,-12.6019,0.1592
Devaughn Vele,Alvin Kamara,Bijan Robinson,Daniel Carlson,Michael Penix Jr.,Nick Folk,1,1,-9.9791,2.1932
Tyler Shough,Alvin Kamara,Bijan Robinson,CJ Donaldson,Chris Olave,Zachariah Branch,1,1,-10.8535,0.9147
Tyler Shough,Alvin Kamara,Brian Robinson Jr.,Devaughn Vele,Drake London,Kendre Miller,1,1,-9.5791,3.2717
Chris Olave,Bijan Robinson,Devaughn Vele,Jahan Dotson,Juwan Johnson,Olamide Zaccheaus,1,1,-9.5427,3.3931
Chris Olave,Bijan Robinson,Devaughn Vele,Jahan Dotson,Kendre Miller,Nick Folk,1,1,-9.8256,2.5569
Bijan Robinson,Brian Robinson Jr.,Chris Olave,Olamide Zaccheaus,Saints,Tyler Shough,1,1,-8.9357,6.2259
Bijan Robinson,Brian Robinson Jr.,Juwan Johnson,Kyle Pitts Sr.,Noah Fant,Tyler Shough,1,1,-11.5465,0.4574
Kyle Pitts Sr.,Bijan Robinson,Brian Robinson Jr.,Chris Olave,Falcons,Michael Penix Jr.,1,1,-9.8405,2.5191
Jahan Dotson,Bijan Robinson,Chris Olave,Daniel Carlson,Juwan Johnson,Tyler Shough,1,1,-9.7998,2.6239
Alvin Kamara,Bijan Robinson,Devaughn Vele,Nick Folk,Noah Fant,Tyler Shough,1,1,-12.9043,0.1177
Chris Olave,Alvin Kamara,Brian Robinson Jr.,Juwan Johnson,Saints,Tyler Shough,1,1,-9.0678,5.4555
Devaughn Vele,Alvin Kamara,Bijan Robinson,Falcons,Kyle Pitts Sr.,Tyler Shough,1,1,-10.0689,2.0047
Drake London,Alvin Kamara,Brian Robinson Jr.,Juwan Johnson,Nick Folk,Tyler Shough,1,1,-8.7203,7.7229
Chris Olave,Alvin Kamara,Brian Robinson Jr.,Daniel Carlson,Kendre Miller,Tyler Shough,1,1,-9.0532,5.5359
Tyler Shough,Brian Robinson Jr.,Chris Olave,Devaughn Vele,Drake London,Zachariah Branch,1,1,-9.9829,2.1847
Devaughn Vele,Alvin Kamara,Bijan Robinson,Drake London,Falcons,Nick Folk,1,1,-10.4737,1.3374
Falcons,Alvin Kamara,Bijan Robinson,Chris Olave,Devaughn Vele,Kyle Pitts Sr.,1,1,-11.0882,0.7234
Bijan Robinson,Austin Hooper,Brian Robinson Jr.,Drake London,Tyler Shough,Zachariah Branch,1,1,-9.9529,2.2513
Bijan Robinson,Brian Robinson Jr.,Daniel Carlson,Kyle Pitts Sr.,Michael Penix Jr.,Nick Folk,1,1,-9.2003,4.7787
Juwan Johnson,Brian Robinson Jr.,Chris Olave,Devaughn Vele,Drake London,Nick Folk,1,1,-9.4422,3.7517
Bijan Robinson,Chris Olave,Devaughn Vele,Jahan Dotson,Kyle Pitts Sr.,Noah Fant,1,1,-12.4856,0.1789
Chris Olave,Alvin Kamara,Bijan Robinson,Falcons,Michael Penix Jr.,Zachariah Branch,1,1,-10.4602,1.3555
Bijan Robinson,Alvin Kamara,Daniel Carlson,Jahan Dotson,Kendre Miller,Tyler Shough,1,1,-8.8256,6.9504
Michael Penix Jr.,Bijan Robinson,Brian Robinson Jr.,Chris Olave,Nick Folk,Noah Fant,1,1,-12.9512,0.1123
Kyle Pitts Sr.,Bijan Robinson,Brian Robinson Jr.,Devaughn Vele,Michael Penix Jr.,Nick Folk,1,1,-10.4097,1.4258
Bijan Robinson,Brian Robinson Jr.,Charlie Smyth,Chris Olave,Kevin Austin Jr.,Michael Penix Jr.,1,1,-14.3242,0.0284
Kyle Pitts Sr.,Austin Hooper,Bijan Robinson,Brian Robinson Jr.,Chris Olave,Drake London,1,1,-9.9086,2.3532
Devaughn Vele,Alvin Kamara,Austin Hooper,Bijan Robinson,Chris Olave,Kendre Miller,1,1,-10.5644,1.2215
Chris Olave,Alvin Kamara,Bijan Robinson,Juwan Johnson,Kyle Pitts Sr.,Oscar Delp,1,1,-9.0932,5.3187
Bijan Robinson,Chris Olave,Jahan Dotson,Kevin Austin Jr.,Nick Folk,Tyler Shough,1,1,-9.9752,2.2017
Bijan Robinson,Alvin Kamara,CJ Donaldson,Daniel Carlson,Juwan Johnson,Tyler Shough,1,1,-9.1317,5.1176
Bijan Robinson,Brian Robinson Jr.,Juwan Johnson,Kendre Miller,Kyle Pitts Sr.,Michael Penix Jr.,1,1,-9.2135,4.716
Drake London,Bijan Robinson,Brian Robinson Jr.,Michael Penix Jr.,Nick Muse,Tyler Shough,1,1,-11.8891,0.3248
Kendre Miller,Bijan Robinson,Brian Robinson Jr.,Chris Olave,Drake London,Nick Folk,1,1,-10.4458,1.3753
Kyle Pitts Sr.,Alvin Kamara,Austin Hooper,Bijan Robinson,Chris Olave,Devaughn Vele,1,1,-10.3901,1.454
Bijan Robinson,Alvin Kamara,Austin Hooper,Bryce Lance,Chris Olave,Juwan Johnson,1,1,-8.4167,10.4618
Bijan Robinson,Austin Hooper,Brian Robinson Jr.,Devaughn Vele,Falcons,Juwan Johnson,1,1,-9.9736,2.2053
Bijan Robinson,CJ Donaldson,Chris Olave,Daniel Carlson,Drake London,Jahan Dotson,1,1,-9.5894,3.2383
Chris Olave,Alvin Kamara,Jahan Dotson,Juwan Johnson,Nick Folk,Tyler Shough,1,1,-8.6993,7.8867
Devaughn Vele,Alvin Kamara,Barion Brown,Bijan Robinson,Juwan Johnson,Tyler Shough,1,1,-11.6938,0.3948
Alvin Kamara,Bijan Robinson,Devaughn Vele,Kendre Miller,Michael Penix Jr.,Nick Folk,1,1,-10.5713,1.2131
Brian Robinson Jr.,Bijan Robinson,Michael Penix Jr.,Nick Folk,Travis Etienne Jr.,Tyler Shough,1,1,-16.6417,0.0028
Bijan Robinson,Alvin Kamara,Bryce Lance,Chris Olave,Daniel Carlson,Kyle Pitts Sr.,1,1,-8.4474,10.1458
Bijan Robinson,Alvin Kamara,Barion Brown,Chris Olave,Falcons,Juwan Johnson,1,1,-11.232,0.6266
Chris Olave,Alvin Kamara,Barion Brown,Bijan Robinson,Falcons,Tyler Shough,1,1,-11.0186,0.7755
Devaughn Vele,Austin Hooper,Brian Robinson Jr.,Chris Olave,Drake London,Tyler Shough,1,1,-9.5534,3.3571
Tyler Shough,Bijan Robinson,Brian Robinson Jr.,Drake London,Juwan Johnson,Oscar Delp,1,1,-8.2084,12.8848
Drake London,Austin Hooper,Bijan Robinson,Brian Robinson Jr.,Chris Olave,Falcons,1,1,-9.3842,3.9758
Chris Olave,Austin Hooper,Bijan Robinson,Brian Robinson Jr.,Drake London,Noah Fant,1,1,-12.3738,0.2
Bijan Robinson,Brian Robinson Jr.,Drake London,Kyle Pitts Sr.,Michael Penix Jr.,Oscar Delp,1,1,-9.0361,5.6312
Bijan Robinson,Alvin Kamara,Devaughn Vele,Drake London,Kendre Miller,Zachariah Branch,1,1,-10.883,0.8882
Bijan Robinson,Alvin Kamara,Austin Hooper,Devaughn Vele,Drake London,Falcons,1,1,-9.8365,2.5294
Chris Olave,Austin Hooper,Brian Robinson Jr.,Devaughn Vele,Juwan Johnson,Tyler Shough,1,1,-8.9928,5.8802
Devaughn Vele,Brian Robinson Jr.,Chris Olave,Juwan Johnson,Kyle Pitts Sr.,Michael Penix Jr.,1,1,-9.957,2.2422
Tyler Shough,Alvin Kamara,Bijan Robinson,Devaughn Vele,Juwan Johnson,Nick Muse,1,1,-12.4893,0.1782
Tyler Shough,Alvin Kamara,Bijan Robinson,Charlie Woerner,Devaughn Vele,Juwan Johnson,1,1,-10.5954,1.1841
Chris Olave,Alvin Kamara,Bijan Robinson,Bryce Lance,Drake London,Zachariah Branch,1,1,-9.7951,2.6362
Drake London,Alvin Kamara,Bijan Robinson,Daniel Carlson,Jahan Dotson,Juwan Johnson,1,1,-8.8961,6.4778
Juwan Johnson,Alvin Kamara,Bijan Robinson,Daniel Carlson,Jahan Dotson,Tyler Shough,1,1,-8.7139,7.7722
Chris Olave,Bijan Robinson,Jahan Dotson,Khalil Herbert,Michael Penix Jr.,Tyler Shough,1,1,-12.3064,0.214
Chris Olave,Bijan Robinson,Jahan Dotson,Michael Penix Jr.,Nick Muse,Tyler Shough,1,1,-11.8681,0.3317
Drake London,Alvin Kamara,Brian Robinson Jr.,Devaughn Vele,Kendre Miller,Tyler Shough,1,1,-9.4974,3.5503
Drake London,Alvin Kamara,Austin Hooper,Bijan Robinson,Jahan Dotson,Tyler Shough,1,1,-8.9152,6.3549
Nick Muse,Alvin Kamara,Bijan Robinson,Chris Olave,Drake London,Tyler Shough,1,1,-16.0901,0.0049
Khalil Herbert,Alvin Kamara,Bijan Robinson,Chris Olave,Drake London,Tyler Shough,1,1,-13.7875,0.0487
Tyler Shough,Alvin Kamara,Brian Robinson Jr.,Drake London,Juwan Johnson,Kyle Pitts Sr.,1,1,-8.9526,6.1216
Daniel Carlson,Alvin Kamara,Brian Robinson Jr.,Chris Olave,Drake London,Juwan Johnson,1,1,-10.9431,0.8363
Bijan Robinson,Brian Robinson Jr.,Devaughn Vele,Kyle Pitts Sr.,Michael Penix Jr.,Saints,1,1,-9.9921,2.1649
Devaughn Vele,Brian Robinson Jr.,CJ Donaldson,Chris Olave,Juwan Johnson,Tyler Shough,1,1,-10.4802,1.3288
Bijan Robinson,Alvin Kamara,Kevin Austin Jr.,Michael Penix Jr.,Nick Folk,Tyler Shough,1,1,-10.0359,2.0721
Chris Olave,Alvin Kamara,Bijan Robinson,CJ Donaldson,Juwan Johnson,Kendre Miller,1,1,-10.3121,1.572
Bijan Robinson,Daniel Carlson,Devaughn Vele,Jahan Dotson,Kyle Pitts Sr.,Tyler Shough,1,1,-8.796,7.1597
Alvin Kamara,Brian Robinson Jr.,Daniel Carlson,Juwan Johnson,Michael Penix Jr.,Tyler Shough,1,1,-9.2728,4.4444
Devaughn Vele,Alvin Kamara,Austin Hooper,Bijan Robinson,Nick Folk,Tyler Shough,1,1,-10.0353,2.0733
Michael Penix Jr.,Bijan Robinson,Brian Robinson Jr.,Daniel Carlson,Nick Folk,Tyler Shough,1,1,-9.2615,4.4949
Bijan Robinson,Brian Robinson Jr.,Daniel Carlson,Michael Penix Jr.,Noah Fant,Tyler Shough,1,1,-11.1356,0.6899
Alvin Kamara,Bijan Robinson,Chris Blair,Chris Olave,Kendre Miller,Tyler Shough,1,1,-11.2668,0.6051
Alvin Kamara,Bijan Robinson,Chris Olave,Kendre Miller,Oscar Delp,Tyler Shough,1,1,-9.3166,4.2539
Tyler Shough,Brian Robinson Jr.,Chris Olave,Devaughn Vele,Kyle Pitts Sr.,Nick Folk,1,1,-9.2865,4.384
Drake London,Bijan Robinson,Brian Robinson Jr.,Devaughn Vele,Kendre Miller,Kyle Pitts Sr.,1,1,-9.9973,2.1536
Bijan Robinson,Brian Robinson Jr.,Charlie Smyth,Drake London,Falcons,Tyler Shough,1,1,-12.4009,0.1947
Kyle Pitts Sr.,Alvin Kamara,Bijan Robinson,Jahan Dotson,Juwan Johnson,Tyler Shough,1,1,-9.4086,3.8801
Chris Olave,Alvin Kamara,Bijan Robinson,Kendre Miller,Nick Muse,Tyler Shough,1,1,-12.4312,0.1889
Drake London,Bijan Robinson,Brian Robinson Jr.,Nick Folk,Tyler Shough,Zachariah Branch,1,1,-9.9017,2.3696
Alvin Kamara,Bijan Robinson,Chris Olave,Daniel Carlson,Michael Penix Jr.,Olamide Zaccheaus,1,1,-9.7161,2.8529
CJ Donaldson,Alvin Kamara,Bijan Robinson,Chris Olave,Kyle Pitts Sr.,Tyler Shough,1,1,-12.1667,0.246
Michael Penix Jr.,Bijan Robinson,Chris Olave,Devaughn Vele,Jahan Dotson,Zachariah Branch,1,1,-11.3569,0.553
Bijan Robinson,Barion Brown,Chris Olave,Jahan Dotson,Juwan Johnson,Michael Penix Jr.,1,1,-10.6791,1.089
Chris Olave,Alvin Kamara,Bijan Robinson,Daniel Carlson,Kevin Austin Jr.,Michael Penix Jr.,1,1,-10.4392,1.3843
Drake London,Bijan Robinson,Brian Robinson Jr.,Bryce Lance,Jahan Dotson,Michael Penix Jr.,1,1,-8.8374,6.8691
Michael Penix Jr.,Alvin Kamara,Brian Robinson Jr.,Charlie Smyth,Chris Olave,Tyler Shough,1,1,-13.3726,0.0737
Tyler Shough,Alvin Kamara,Chris Olave,Daniel Carlson,Devaughn Vele,Jahan Dotson,1,1,-8.9624,6.0619
Devaughn Vele,Alvin Kamara,Bijan Robinson,Drake London,Juwan Johnson,Oscar Delp,1,1,-9.852,2.4904
Devaughn Vele,Alvin Kamara,Bijan Robinson,Chris Blair,Drake London,Juwan Johnson,1,1,-11.8022,0.3542
Bijan Robinson,Alvin Kamara,Austin Hooper,Chris Olave,Michael Penix Jr.,Oscar Delp,1,1,-8.9147,6.3579
Jahan Dotson,Alvin Kamara,Chris Olave,Juwan Johnson,Michael Penix Jr.,Tyler Shough,1,1,-10.2781,1.6264
Alvin Kamara,Chris Olave,Devaughn Vele,Falcons,Juwan Johnson,Tyler Shough,1,1,-9.5096,3.5074
Tyler Shough,Bijan Robinson,Brian Robinson Jr.,Falcons,Michael Penix Jr.,Nick Folk,1,1,-8.879,6.5894
Michael Penix Jr.,Bijan Robinson,Brian Robinson Jr.,Drake London,Treyton Welch,Tyler Shough,1,1,-11.3472,0.5584
Tyler Shough,Alvin Kamara,Bijan Robinson,Chris Olave,Daniel Carlson,Nick Muse,1,1,-11.9171,0.3158
Bijan Robinson,Alvin Kamara,Barion Brown,Michael Penix Jr.,Nick Folk,Tyler Shough,1,1,-10.6761,1.0924
Chris Olave,Alvin Kamara,Austin Hooper,Bijan Robinson,Kyle Pitts Sr.,Nick Folk,1,1,-9.8319,2.5409
Chris Olave,Bijan Robinson,Devaughn Vele,Jahan Dotson,Kendre Miller,Kyle Pitts Sr.,1,1,-9.9763,2.1993
Bijan Robinson,Chris Olave,Devaughn Vele,Falcons,Nick Muse,Tyler Shough,1,1,-12.1431,0.2519
Bijan Robinson,Chris Olave,Devaughn Vele,Falcons,Jalen Moreno-Cropper,Tyler Shough,1,1,-13.6311,0.0569
Kendre Miller,Alvin Kamara,Brian Robinson Jr.,Chris Olave,Drake London,Tyler Shough,1,1,-10.0966,1.9501
Daniel Carlson,Bijan Robinson,Brian Robinson Jr.,Juwan Johnson,Michael Penix Jr.,Tyler Shough,1,1,-9.9608,2.2336
Devaughn Vele,Brian Robinson Jr.,Chris Olave,Kendre Miller,Michael Penix Jr.,Tyler Shough,1,1,-9.4955,3.5571
Bijan Robinson,Brian Robinson Jr.,Drake London,Juwan Johnson,Kyle Pitts Sr.,Olamide Zaccheaus,1,1,-9.4221,3.8278
Drake London,Bijan Robinson,Brian Robinson Jr.,Falcons,Kyle Pitts Sr.,Tyler Shough,1,1,-8.899,6.4586
Alvin Kamara,Bijan Robinson,Devaughn Vele,Kyle Pitts Sr.,Noah Fant,Tyler Shough,1,1,-13.055,0.1012
Zachariah Branch,Alvin Kamara,Bijan Robinson,Devaughn Vele,Drake London,Tyler Shough,1,1,-12.112,0.2599
Michael Penix Jr.,Alvin Kamara,Bijan Robinson,Falcons,Jahan Dotson,Tyler Shough,1,1,-9.8548,2.4834
Drake London,Bijan Robinson,Brian Robinson Jr.,Juwan Johnson,Michael Penix Jr.,Zachariah Branch,1,1,-9.9655,2.2232
Michael Penix Jr.,Alvin Kamara,Bijan Robinson,Devaughn Vele,Treyton Welch,Tyler Shough,1,1,-11.8287,0.345
Tyler Shough,Bijan Robinson,Brian Robinson Jr.,Daniel Carlson,Juwan Johnson,Kyle Pitts Sr.,1,1,-8.5232,9.4051
Chris Olave,Bijan Robinson,CJ Donaldson,Drake London,Jahan Dotson,Nick Folk,1,1,-10.2406,1.6884
Jahan Dotson,Bijan Robinson,Chris Olave,Daniel Carlson,Drake London,Juwan Johnson,1,1,-10.3552,1.5057
Chris Olave,Alvin Kamara,Brian Robinson Jr.,Drake London,Juwan Johnson,Saints,1,1,-9.6232,3.1306
Devaughn Vele,Alvin Kamara,Bijan Robinson,Drake London,Falcons,Kyle Pitts Sr.,1,1,-10.6243,1.1504
Michael Penix Jr.,Alvin Kamara,Brian Robinson Jr.,Devaughn Vele,Juwan Johnson,Nick Folk,1,1,-10.8649,0.9044
Jahan Dotson,Bijan Robinson,Devaughn Vele,Michael Penix Jr.,Nick Folk,Tyler Shough,1,1,-10.8754,0.895
Alvin Kamara,Barion Brown,Bijan Robinson,Chris Olave,Kendre Miller,Tyler Shough,1,1,-11.7138,0.387
Chris Olave,Bijan Robinson,Jahan Dotson,Juwan Johnson,Kevin Austin Jr.,Tyler Shough,1,1,-9.8627,2.4639
Alvin Kamara,Brian Robinson Jr.,Chris Olave,Kendre Miller,Kyle Pitts Sr.,Michael Penix Jr.,1,1,-10.7163,1.0493
Alvin Kamara,CJ Donaldson,Chris Olave,Devaughn Vele,Drake London,Michael Penix Jr.,1,1,-10.9858,0.8014
Daniel Carlson,Bijan Robinson,Chris Olave,Devaughn Vele,Jahan Dotson,Michael Penix Jr.,1,1,-10.8999,0.8733
Chris Olave,Alvin Kamara,Bijan Robinson,Bryce Lance,Falcons,Michael Penix Jr.,1,1,-8.6907,7.9549
Tyler Shough,Bijan Robinson,Brian Robinson Jr.,Chris Olave,Kendre Miller,Oscar Delp,1,1,-8.7226,7.705
Chris Olave,Alvin Kamara,Bijan Robinson,Bryce Lance,Kyle Pitts Sr.,Nick Folk,1,1,-9.0986,5.2899
Bijan Robinson,Devaughn Vele,Falcons,Jahan Dotson,Nick Folk,Tyler Shough,1,1,-9.1888,4.8338
Juwan Johnson,Alvin Kamara,Bijan Robinson,CJ Donaldson,Devaughn Vele,Michael Penix Jr.,1,1,-10.6247,1.15
Tyler Shough,Alvin Kamara,Brian Robinson Jr.,Daniel Carlson,Drake London,Michael Penix Jr.,1,1,-8.5417,9.233
Drake London,Alvin Kamara,Brian Robinson Jr.,Chris Blair,Chris Olave,Michael Penix Jr.,1,1,-11.0711,0.7359
Tyler Shough,Alvin Kamara,Austin Hooper,Bijan Robinson,Devaughn Vele,Nick Folk,1,1,-9.4285,3.8034
Bijan Robinson,Chris Olave,Jahan Dotson,Kyle Pitts Sr.,Olamide Zaccheaus,Tyler Shough,1,1,-8.7178,7.7417
Bijan Robinson,Alvin Kamara,Juwan Johnson,Kevin Austin Jr.,Nick Folk,Tyler Shough,1,1,-10.0729,1.9967
Bijan Robinson,Chris Olave,Falcons,Jahan Dotson,Juwan Johnson,Kyle Pitts Sr.,1,1,-9.0914,5.3285
Bijan Robinson,Chris Olave,Drake London,Jahan Dotson,Nick Folk,Olamide Zaccheaus,1,1,-9.1226,5.1649
Bijan Robinson,Charlie Woerner,Chris Olave,Drake London,Jahan Dotson,Nick Folk,1,1,-10.6792,1.089
Kyle Pitts Sr.,Bijan Robinson,Brian Robinson Jr.,Michael Penix Jr.,Nick Folk,Tyler Shough,1,1,-9.3217,4.2323
Tyler Shough,Alvin Kamara,Bijan Robinson,Jahan Dotson,Juwan Johnson,Kendre Miller,1,1,-8.9761,5.9795
Tyler Shough,Bijan Robinson,Brian Robinson Jr.,Bryce Lance,Drake London,Nick Folk,1,1,-8.2138,12.8149
Nick Folk,Alvin Kamara,Bijan Robinson,Chris Olave,Olamide Zaccheaus,Tyler Shough,1,1,-10.7115,1.0544
Tyler Shough,Alvin Kamara,Barion Brown,Bijan Robinson,Chris Olave,Daniel Carlson,1,1,-10.5148,1.2835
Bijan Robinson,Devaughn Vele,Jahan Dotson,Michael Penix Jr.,Oscar Delp,Tyler Shough,1,1,-8.5301,9.3407
Bijan Robinson,Charlie Woerner,Devaughn Vele,Jahan Dotson,Michael Penix Jr.,Tyler Shough,1,1,-10.4356,1.3893
Bijan Robinson,Bryce Lance,Chris Olave,Jahan Dotson,Michael Penix Jr.,Nick Folk,1,1,-8.2874,11.906
Bijan Robinson,Devaughn Vele,Falcons,Jahan Dotson,Juwan Johnson,Michael Penix Jr.,1,1,-9.2526,4.5352
Alvin Kamara,Bijan Robinson,Juwan Johnson,Kevin Austin Jr.,Michael Penix Jr.,Tyler Shough,1,1,-10.6083,1.169
Alvin Kamara,Bijan Robinson,Chris Blair,Juwan Johnson,Michael Penix Jr.,Tyler Shough,1,1,-10.8015,0.9636
Bijan Robinson,Devaughn Vele,Jahan Dotson,Juwan Johnson,Kyle Pitts Sr.,Nick Folk,1,1,-9.6606,3.0158
Falcons,Bijan Robinson,Brian Robinson Jr.,Chris Olave,Kyle Pitts Sr.,Michael Penix Jr.,1,1,-10.6557,1.1149
Chris Olave,Austin Hooper,Brian Robinson Jr.,Devaughn Vele,Drake London,Juwan Johnson,1,1,-9.5482,3.3743
Bijan Robinson,Alvin Kamara,Bryce Lance,CJ Donaldson,Drake London,Tyler Shough,1,1,-8.973,5.9979
Bijan Robinson,Alvin Kamara,Daniel Carlson,Drake London,Nick Muse,Tyler Shough,1,1,-11.8062,0.3528
Brian Robinson Jr.,Bijan Robinson,Daniel Carlson,Falcons,Jahan Dotson,Michael Penix Jr.,1,1,-11.6476,0.4135
Chris Olave,Brian Robinson Jr.,Daniel Carlson,Devaughn Vele,Drake London,Kyle Pitts Sr.,1,1,-9.5789,3.2724
Kendre Miller,Bijan Robinson,Brian Robinson Jr.,Chris Olave,Daniel Carlson,Tyler Shough,1,1,-9.6671,2.9961
Bijan Robinson,Alvin Kamara,Austin Hooper,Chris Olave,Kendre Miller,Nick Folk,1,1,-9.5837,3.2567
Daniel Carlson,Brian Robinson Jr.,Chris Olave,Devaughn Vele,Drake London,Tyler Shough,1,1,-10.452,1.3668
Drake London,Brian Robinson Jr.,Bryce Lance,Chris Olave,Devaughn Vele,Tyler Shough,1,1,-8.1316,13.9126
Bijan Robinson,Alvin Kamara,Charlie Woerner,Kyle Pitts Sr.,Michael Penix Jr.,Tyler Shough,1,1,-10.3351,1.5362
Drake London,Bijan Robinson,Brian Robinson Jr.,Daniel Carlson,Juwan Johnson,Nick Folk,1,1,-8.8462,6.8088
Chris Olave,Alvin Kamara,Bijan Robinson,Juwan Johnson,Kendre Miller,Zachariah Branch,1,1,-10.5075,1.2929
Bijan Robinson,Brian Robinson Jr.,Drake London,Kendre Miller,Oscar Delp,Tyler Shough,1,1,-8.6117,8.6087
Bijan Robinson,Barion Brown,Chris Olave,Jahan Dotson,Kyle Pitts Sr.,Tyler Shough,1,1,-10.766,0.9984
Bijan Robinson,Alvin Kamara,Drake London,Michael Penix Jr.,Nick Folk,Treyton Welch,1,1,-11.0841,0.7264
Bijan Robinson,Alvin Kamara,Cedric Tillman,Drake London,Michael Penix Jr.,Nick Folk,1,1,-14.4583,0.0249
Bijan Robinson,Alvin Kamara,Chris Olave,Daniel Carlson,Kyle Pitts Sr.,Nick Muse,1,1,-12.7819,0.133
Bijan Robinson,Alvin Kamara,Chris Olave,Daniel Carlson,Kyle Pitts Sr.,Olamide Zaccheaus,1,1,-9.3314,4.1913
Devaughn Vele,Brian Robinson Jr.,Chris Olave,Juwan Johnson,Kendre Miller,Tyler Shough,1,1,-9.5325,3.4278
Alvin Kamara,Bijan Robinson,Bryce Lance,Chris Olave,Olamide Zaccheaus,Tyler Shough,1,1,-9.0391,5.6146
Bijan Robinson,Alvin Kamara,Charlie Woerner,Devaughn Vele,Kendre Miller,Tyler Shough,1,1,-10.9987,0.7912
Michael Penix Jr.,Austin Hooper,Bijan Robinson,Chris Olave,Devaughn Vele,Jahan Dotson,1,1,-10.3206,1.5587
Bijan Robinson,Brian Robinson Jr.,Daniel Carlson,Drake London,Michael Penix Jr.,Noah Fant,1,1,-11.691,0.3959
Chris Olave,Alvin Kamara,Bijan Robinson,Bryce Lance,Oscar Delp,Tyler Shough,1,1,-8.0052,15.7879
Chris Olave,Alvin Kamara,Bijan Robinson,Bryce Lance,Charlie Woerner,Tyler Shough,1,1,-9.9108,2.3482
Alvin Kamara,Austin Hooper,Bijan Robinson,Chris Olave,Kendre Miller,Michael Penix Jr.,1,1,-10.1191,1.9067
Alvin Kamara,Bijan Robinson,Chris Olave,Drake London,Kendre Miller,Oscar Delp,1,1,-9.872,2.4411
Nick Folk,Alvin Kamara,Bijan Robinson,Daniel Carlson,Devaughn Vele,Drake London,1,1,-11.345,0.5596
Bijan Robinson,Chris Olave,Devaughn Vele,Oscar Delp,Tyler Shough,Zachariah Branch,1,1,-9.4969,3.552
Bijan Robinson,Brian Robinson Jr.,Devaughn Vele,Kendre Miller,Saints,Tyler Shough,1,1,-9.5676,3.3096
Bijan Robinson,Austin Hooper,CJ Donaldson,Chris Olave,Devaughn Vele,Michael Penix Jr.,1,1,-10.1039,1.9358
Bijan Robinson,CJ Donaldson,Chris Olave,Devaughn Vele,Drake London,Olamide Zaccheaus,1,1,-10.2058,1.7482
Bijan Robinson,Chris Olave,Devaughn Vele,Falcons,Juwan Johnson,Zachariah Branch,1,1,-10.2195,1.7246
Devaughn Vele,Alvin Kamara,Bijan Robinson,Bryce Lance,Kyle Pitts Sr.,Tyler Shough,1,1,-9.4527,3.7127
Tyler Shough,Bijan Robinson,Brian Robinson Jr.,Juwan Johnson,Michael Penix Jr.,Olamide Zaccheaus,1,1,-8.6062,8.6555
Tyler Shough,Austin Hooper,Brian Robinson Jr.,Chris Olave,Devaughn Vele,Jahan Dotson,1,1,-9.6741,2.9754
Tyler Shough,Alvin Kamara,Brian Robinson Jr.,Daniel Carlson,Drake London,Juwan Johnson,1,1,-8.5787,8.8971
Chris Olave,Bijan Robinson,Daniel Carlson,Jahan Dotson,Juwan Johnson,Nick Folk,1,1,-8.8252,6.9533
Bijan Robinson,Alvin Kamara,Austin Hooper,Devaughn Vele,Falcons,Michael Penix Jr.,1,1,-9.8853,2.4087
Alvin Kamara,Chris Olave,Daniel Carlson,Jahan Dotson,Michael Penix Jr.,Tyler Shough,1,1,-9.1238,5.1582
Chris Olave,Brian Robinson Jr.,Devaughn Vele,Juwan Johnson,Noah Fant,Tyler Shough,1,1,-11.8234,0.3468
Alvin Kamara,Bijan Robinson,Bryce Lance,Chris Olave,Kendre Miller,Michael Penix Jr.,1,1,-9.3858,3.9695
Tyler Shough,Austin Hooper,Bijan Robinson,Brian Robinson Jr.,Charlie Smyth,Chris Olave,1,1,-12.6288,0.155
Drake London,Bijan Robinson,CJ Donaldson,Chris Olave,Jahan Dotson,Juwan Johnson,1,1,-9.6581,3.0232
Falcons,Alvin Kamara,Bijan Robinson,Brian Robinson Jr.,Chris Olave,Saints,1,1,-11.501,0.4788
Drake London,Alvin Kamara,Bijan Robinson,Devaughn Vele,Nick Folk,Zachariah Branch,1,1,-10.9386,0.8402
Chris Olave,Bijan Robinson,Bryce Lance,Devaughn Vele,Jahan Dotson,Kyle Pitts Sr.,1,1,-9.3498,4.115
Bijan Robinson,Bryce Lance,CJ Donaldson,Chris Olave,Devaughn Vele,Michael Penix Jr.,1,1,-9.3707,4.03
Oscar Delp,Alvin Kamara,Bijan Robinson,Chris Olave,Michael Penix Jr.,Tyler Shough,1,1,-10.6175,1.1583
Treyton Welch,Alvin Kamara,Bijan Robinson,Chris Olave,Michael Penix Jr.,Tyler Shough,1,1,-12.4501,0.1853
Charlie Woerner,Alvin Kamara,Bijan Robinson,Chris Olave,Michael Penix Jr.,Tyler Shough,1,1,-13.8364,0.0463
Vinny Anthony II,Alvin Kamara,Bijan Robinson,Chris Olave,Michael Penix Jr.,Tyler Shough,1,1,-16.1389,0.0046
Kyrese Rowan,Alvin Kamara,Bijan Robinson,Chris Olave,Michael Penix Jr.,Tyler Shough,1,1,-16.1389,0.0046
Chris Blair,Alvin Kamara,Bijan Robinson,Chris Olave,Michael Penix Jr.,Tyler Shough,1,1,-13.8364,0.0463
Cal Adomitis,Alvin Kamara,Bijan Robinson,Chris Olave,Michael Penix Jr.,Tyler Shough,1,1,-16.1389,0.0046
Antwane Wells Jr.,Alvin Kamara,Bijan Robinson,Chris Olave,Michael Penix Jr.,Tyler Shough,1,1,-16.1389,0.0046
Dylan Drummond,Alvin Kamara,Bijan Robinson,Chris Olave,Michael Penix Jr.,Tyler Shough,1,1,-16.1389,0.0046
Cash Jones,Alvin Kamara,Bijan Robinson,Chris Olave,Michael Penix Jr.,Tyler Shough,1,1,-16.1389,0.0046
Alvin Kamara,Chris Olave,Devaughn Vele,Drake London,Kevin Austin Jr.,Tyler Shough,1,1,-11.0994,0.7153
Falcons,Alvin Kamara,Bijan Robinson,Devaughn Vele,Juwan Johnson,Tyler Shough,1,1,-10.1985,1.7611
Jahan Dotson,Alvin Kamara,Chris Olave,Drake London,Juwan Johnson,Michael Penix Jr.,1,1,-10.8335,0.9333
Falcons,Bijan Robinson,Chris Olave,Devaughn Vele,Drake London,Jahan Dotson,1,1,-10.6561,1.1144
Bijan Robinson,Devaughn Vele,Jahan Dotson,Kendre Miller,Nick Folk,Tyler Shough,1,1,-9.199,4.7846
Bijan Robinson,Chris Blair,Devaughn Vele,Jahan Dotson,Juwan Johnson,Tyler Shough,1,1,-10.5174,1.2803
Kyle Pitts Sr.,Alvin Kamara,Bijan Robinson,CJ Donaldson,Chris Olave,Michael Penix Jr.,1,1,-10.7472,1.0174
Juwan Johnson,Alvin Kamara,Bijan Robinson,Bryce Lance,Chris Olave,Nick Folk,1,1,-8.7387,7.5817
Kendre Miller,Bijan Robinson,Brian Robinson Jr.,Devaughn Vele,Drake London,Juwan Johnson,1,1,-10.7947,0.9702
Bijan Robinson,Chris Olave,Jahan Dotson,Juwan Johnson,Kyle Pitts Sr.,Zachariah Branch,1,1,-10.2447,1.6816
Chris Olave,Bijan Robinson,Jahan Dotson,Kyle Pitts Sr.,Tyler Shough,Zachariah Branch,1,1,-10.0314,2.0815
Chris Olave,Alvin Kamara,Drake London,Falcons,Jahan Dotson,Tyler Shough,1,1,-8.9336,6.2394
Juwan Johnson,Bijan Robinson,Brian Robinson Jr.,Bryce Lance,Michael Penix Jr.,Tyler Shough,1,1,-8.0137,15.654
Drake London,Bijan Robinson,Brian Robinson Jr.,Devaughn Vele,Juwan Johnson,Saints,1,1,-9.638,3.0846
Juwan Johnson,Bijan Robinson,Brian Robinson Jr.,Devaughn Vele,Saints,Tyler Shough,1,1,-9.4559,3.7009
Juwan Johnson,Alvin Kamara,Brian Robinson Jr.,Drake London,Kyle Pitts Sr.,Tyler Shough,1,1,-9.2441,4.5736
Bijan Robinson,Barion Brown,Brian Robinson Jr.,Daniel Carlson,Drake London,Michael Penix Jr.,1,1,-11.0594,0.7446
Juwan Johnson,Bijan Robinson,Brian Robinson Jr.,Chris Olave,Kyle Pitts Sr.,Spencer Rattler,1,1,-14.9173,0.0157
Devaughn Vele,Alvin Kamara,Bijan Robinson,Nick Folk,Noah Fant,Tyler Shough,1,1,-12.8659,0.1223
Jahan Dotson,Bijan Robinson,Devaughn Vele,Drake London,Michael Penix Jr.,Nick Folk,1,1,-11.4308,0.5136
Drake London,Alvin Kamara,Bijan Robinson,Jahan Dotson,Michael Penix Jr.,Zachariah Branch,1,1,-10.5558,1.232
Chris Olave,Brian Robinson Jr.,Devaughn Vele,Juwan Johnson,Kendre Miller,Michael Penix Jr.,1,1,-9.4904,3.5754
Tyler Shough,Alvin Kamara,Bijan Robinson,Daniel Carlson,Jahan Dotson,Kyle Pitts Sr.,1,1,-9.1135,5.2117
Chris Olave,Bijan Robinson,Drake London,Jahan Dotson,Juwan Johnson,Oscar Delp,1,1,-8.6611,8.1936
Chris Olave,Bijan Robinson,Chris Blair,Drake London,Jahan Dotson,Juwan Johnson,1,1,-10.6113,1.1654
Bijan Robinson,Barion Brown,Chris Olave,Devaughn Vele,Tyler Shough,Zachariah Branch,1,1,-11.8941,0.3231
Bijan Robinson,Devaughn Vele,Drake London,Falcons,Jahan Dotson,Nick Folk,1,1,-9.7442,2.7738
Nick Folk,Bijan Robinson,CJ Donaldson,Chris Olave,Devaughn Vele,Tyler Shough,1,1,-11.5517,0.4551
Alvin Kamara,Bijan Robinson,Drake London,Falcons,Juwan Johnson,Nick Folk,1,1,-10.0654,2.0117
Bijan Robinson,Alvin Kamara,Chris Blair,Juwan Johnson,Kyle Pitts Sr.,Tyler Shough,1,1,-10.4169,1.4156
Bijan Robinson,Alvin Kamara,Chris Olave,Nick Muse,Saints,Tyler Shough,1,1,-12.335,0.2079
Bijan Robinson,Chris Olave,Drake London,Jahan Dotson,Kyle Pitts Sr.,Olamide Zaccheaus,1,1,-9.2732,4.4425
Bijan Robinson,Alvin Kamara,Chris Olave,Daniel Carlson,Falcons,Kendre Miller,1,1,-9.2435,4.5767
Bijan Robinson,Alvin Kamara,Daniel Carlson,Drake London,Juwan Johnson,Zachariah Branch,1,1,-9.8826,2.4153
Bijan Robinson,Alvin Kamara,Drake London,Juwan Johnson,Nick Folk,Olamide Zaccheaus,1,1,-9.2203,4.6838
Bijan Robinson,Bryce Lance,Chris Olave,Daniel Carlson,Drake London,Jahan Dotson,1,1,-8.0153,15.6299
Tyler Shough,Bijan Robinson,Brian Robinson Jr.,Bryce Lance,Drake London,Kyle Pitts Sr.,1,1,-8.3645,11.0227
Chris Olave,Alvin Kamara,Drake London,Jahan Dotson,Juwan Johnson,Kyle Pitts Sr.,1,1,-9.4053,3.8928
Bijan Robinson,Brian Robinson Jr.,Juwan Johnson,Kyle Pitts Sr.,Saints,Tyler Shough,1,1,-8.9411,6.1925
Alvin Kamara,Bijan Robinson,Kyle Pitts Sr.,Michael Penix Jr.,Tyler Shough,Zachariah Branch,1,1,-10.777,0.9875
Chris Olave,Bijan Robinson,CJ Donaldson,Daniel Carlson,Jahan Dotson,Tyler Shough,1,1,-9.462,3.6783
Drake London,Bijan Robinson,Brian Robinson Jr.,Daniel Carlson,Falcons,Tyler Shough,1,1,-8.5251,9.3869
Devaughn Vele,Alvin Kamara,Bijan Robinson,Kendre Miller,Michael Penix Jr.,Nick Folk,1,1,-10.5328,1.2607
Devaughn Vele,Alvin Kamara,Bijan Robinson,Juwan Johnson,Michael Penix Jr.,Olamide Zaccheaus,1,1,-10.2498,1.673
Brian Robinson Jr.,Devaughn Vele,Drake London,Juwan Johnson,Michael Penix Jr.,Nick Folk,1,1,-11.2654,0.6059
Bijan Robinson,Devaughn Vele,Drake London,Jahan Dotson,Michael Penix Jr.,Olamide Zaccheaus,1,1,-9.4344,3.7811
Chris Olave,Brian Robinson Jr.,Falcons,Juwan Johnson,Michael Penix Jr.,Tyler Shough,1,1,-8.3921,10.7225
Bijan Robinson,Alvin Kamara,Charlie Smyth,Daniel Carlson,Devaughn Vele,Juwan Johnson,1,1,-12.9802,0.1091
Alvin Kamara,Bijan Robinson,Chris Blair,Drake London,Juwan Johnson,Michael Penix Jr.,1,1,-11.3569,0.5529
Alvin Kamara,Bijan Robinson,Drake London,Juwan Johnson,Michael Penix Jr.,Oscar Delp,1,1,-9.4067,3.8874
Alvin Kamara,Bijan Robinson,Drake London,Juwan Johnson,Kevin Austin Jr.,Michael Penix Jr.,1,1,-11.1637,0.6708
Michael Penix Jr.,Alvin Kamara,Brian Robinson Jr.,Daniel Carlson,Drake London,Tyler Shough,1,1,-9.4677,3.6574
Alvin Kamara,Bijan Robinson,Chris Olave,Daniel Carlson,Kendre Miller,Kyle Pitts Sr.,1,1,-10.1868,1.7819
Nick Folk,Bijan Robinson,Brian Robinson Jr.,Drake London,Juwan Johnson,Kyle Pitts Sr.,1,1,-11.3234,0.5718
Chris Olave,Alvin Kamara,Bijan Robinson,Daniel Carlson,Kyle Pitts Sr.,Zachariah Branch,1,1,-10.645,1.1269
Bijan Robinson,Alvin Kamara,Austin Hooper,Devaughn Vele,Noah Fant,Tyler Shough,1,1,-12.2286,0.2313
Michael Penix Jr.,Bijan Robinson,Brian Robinson Jr.,Chris Olave,Daniel Carlson,Noah Fant,1,1,-12.7279,0.1404
Michael Penix Jr.,Bijan Robinson,Brian Robinson Jr.,Chris Olave,Nick Folk,Saints,1,1,-10.3457,1.52
Michael Penix Jr.,Bijan Robinson,Brian Robinson Jr.,Juwan Johnson,Kyle Pitts Sr.,Nick Folk,1,1,-10.2767,1.6286
Bijan Robinson,Brian Robinson Jr.,Juwan Johnson,Kyle Pitts Sr.,Michael Penix Jr.,Oscar Delp,1,1,-9.1221,5.1675
Devaughn Vele,Brian Robinson Jr.,Drake London,Michael Penix Jr.,Nick Folk,Tyler Shough,1,1,-9.5218,3.4647
Zachariah Branch,Alvin Kamara,Bijan Robinson,Devaughn Vele,Michael Penix Jr.,Tyler Shough,1,1,-12.1608,0.2475
Drake London,Brian Robinson Jr.,Chris Olave,Jahan Dotson,Kyle Pitts Sr.,Michael Penix Jr.,1,1,-9.3774,4.0029
Drake London,Alvin Kamara,Brian Robinson Jr.,Juwan Johnson,Michael Penix Jr.,Nick Folk,1,1,-9.3245,4.2203
Barion Brown,Alvin Kamara,Bijan Robinson,Chris Olave,Michael Penix Jr.,Tyler Shough,1,1,-13.1432,0.0927
Chris Olave,Barion Brown,Bijan Robinson,Drake London,Jahan Dotson,Juwan Johnson,1,1,-11.0583,0.7454
Drake London,Alvin Kamara,Bijan Robinson,Bryce Lance,CJ Donaldson,Chris Olave,1,1,-9.5576,3.3428
Nick Folk,Alvin Kamara,Bijan Robinson,Devaughn Vele,Juwan Johnson,Kyle Pitts Sr.,1,1,-11.8049,0.3533
Bijan Robinson,Chris Olave,Daniel Carlson,Jahan Dotson,Olamide Zaccheaus,Tyler Shough,1,1,-8.3439,11.2518
Juwan Johnson,Brian Robinson Jr.,Chris Olave,Devaughn Vele,Kyle Pitts Sr.,Michael Penix Jr.,1,1,-9.6418,3.0731
Alvin Kamara,Bijan Robinson,Jahan Dotson,Michael Penix Jr.,Saints,Tyler Shough,1,1,-9.9161,2.3357
Jahan Dotson,Austin Hooper,Bijan Robinson,Chris Olave,Michael Penix Jr.,Tyler Shough,1,1,-10.4232,1.4067
Bijan Robinson,Alvin Kamara,Austin Hooper,Chris Olave,Kendre Miller,Kyle Pitts Sr.,1,1,-9.7344,2.8013
Kendre Miller,Bijan Robinson,Brian Robinson Jr.,Chris Olave,Daniel Carlson,Drake London,1,1,-10.2225,1.7193
Bijan Robinson,Alvin Kamara,Daniel Carlson,Devaughn Vele,Falcons,Kyle Pitts Sr.,1,1,-9.9531,2.251
Bijan Robinson,Chris Blair,Chris Olave,Daniel Carlson,Devaughn Vele,Juwan Johnson,1,1,-10.3917,1.4517
Chris Olave,Bijan Robinson,Bryce Lance,CJ Donaldson,Devaughn Vele,Tyler Shough,1,1,-9.1944,4.8069
Tyler Shough,Bijan Robinson,Brian Robinson Jr.,Drake London,Nick Folk,Noah Fant,1,1,-11.7777,0.363
Bijan Robinson,Chris Olave,Jahan Dotson,Kendre Miller,Tyler Shough,Zachariah Branch,1,1,-9.7832,2.6678
Bijan Robinson,Austin Hooper,Chris Olave,Falcons,Jahan Dotson,Tyler Shough,1,1,-8.7366,7.5975
Bijan Robinson,Alvin Kamara,CJ Donaldson,Juwan Johnson,Kendre Miller,Tyler Shough,1,1,-9.6855,2.9416
Kendre Miller,Alvin Kamara,Bijan Robinson,Chris Olave,Daniel Carlson,Devaughn Vele,1,1,-10.704,1.0623
Nick Folk,Brian Robinson Jr.,Chris Olave,Devaughn Vele,Juwan Johnson,Michael Penix Jr.,1,1,-11.2212,0.6334
Falcons,Alvin Kamara,Bijan Robinson,Chris Olave,Michael Penix Jr.,Nick Folk,1,1,-10.4538,1.3642
Devaughn Vele,Bijan Robinson,Jahan Dotson,Juwan Johnson,Michael Penix Jr.,Nick Folk,1,1,-10.0068,2.1332
Chris Olave,Austin Hooper,Bijan Robinson,Brian Robinson Jr.,Drake London,Saints,1,1,-9.7683,2.7077
Alvin Kamara,Chris Olave,Daniel Carlson,Devaughn Vele,Drake London,Nick Folk,1,1,-10.062,2.0187
Devaughn Vele,Alvin Kamara,Austin Hooper,Bijan Robinson,Drake London,Kyle Pitts Sr.,1,1,-10.7413,1.0234
Alvin Kamara,Bijan Robinson,Bryce Lance,Charlie Smyth,Chris Olave,Drake London,1,1,-13.045,0.1022
Bijan Robinson,Alvin Kamara,Daniel Carlson,Falcons,Nick Folk,Tyler Shough,1,1,-8.7144,7.7682
Kendre Miller,Bijan Robinson,Brian Robinson Jr.,Chris Olave,Kyle Pitts Sr.,Michael Penix Jr.,1,1,-10.6453,1.1265
Chris Olave,Alvin Kamara,Austin Hooper,Bijan Robinson,Bryce Lance,Michael Penix Jr.,1,1,-8.8077,7.0765
Chris Olave,Alvin Kamara,Bijan Robinson,Bryce Lance,Drake London,Olamide Zaccheaus,1,1,-8.9096,6.3909
Chris Olave,Alvin Kamara,Austin Hooper,Bijan Robinson,Devaughn Vele,Saints,1,1,-10.2498,1.673
Drake London,Alvin Kamara,Austin Hooper,Bijan Robinson,Devaughn Vele,Nick Folk,1,1,-9.9022,2.3684
Bijan Robinson,Bryce Lance,Chris Blair,Chris Olave,Devaughn Vele,Tyler Shough,1,1,-9.6776,2.9649
Bijan Robinson,Bryce Lance,Chris Olave,Falcons,Jahan Dotson,Tyler Shough,1,1,-8.0033,15.8171
Bijan Robinson,Brian Robinson Jr.,Bryce Lance,Drake London,Kendre Miller,Michael Penix Jr.,1,1,-8.6809,8.0332
Nick Folk,Bijan Robinson,Devaughn Vele,Jahan Dotson,Michael Penix Jr.,Tyler Shough,1,1,-10.7803,0.9843
Bijan Robinson,Chris Olave,Devaughn Vele,Drake London,Oscar Delp,Zachariah Branch,1,1,-10.0523,2.0383
Devaughn Vele,Bijan Robinson,CJ Donaldson,Chris Olave,Falcons,Tyler Shough,1,1,-10.4571,1.3598
Alvin Kamara,Chris Olave,Drake London,Jahan Dotson,Kendre Miller,Tyler Shough,1,1,-9.6287,3.1135
Alvin Kamara,Barion Brown,Bijan Robinson,Drake London,Juwan Johnson,Michael Penix Jr.,1,1,-11.8039,0.3537
Chris Olave,Alvin Kamara,Barion Brown,Bijan Robinson,Falcons,Michael Penix Jr.,1,1,-11.6229,0.4238
Chris Olave,Alvin Kamara,Bijan Robinson,CJ Donaldson,Kendre Miller,Nick Folk,1,1,-10.8526,0.9156
Drake London,Alvin Kamara,Bijan Robinson,Jahan Dotson,Juwan Johnson,Kendre Miller,1,1,-9.4498,3.7235
Chris Olave,Alvin Kamara,Bijan Robinson,CJ Donaldson,Juwan Johnson,Spencer Rattler,1,1,-15.6623,0.0075
Kyle Pitts Sr.,Alvin Kamara,Bijan Robinson,Chris Olave,Oscar Delp,Tyler Shough,1,1,-9.1039,5.2622
Bryce Lance,Alvin Kamara,Bijan Robinson,Chris Olave,Nick Folk,Tyler Shough,1,1,-10.1654,1.8203
Bijan Robinson,Brian Robinson Jr.,Falcons,Kendre Miller,Nick Folk,Tyler Shough,1,1,-9.3193,4.2425
Juwan Johnson,Alvin Kamara,Austin Hooper,Bijan Robinson,Chris Olave,Kyle Pitts Sr.,1,1,-9.6226,3.1325
Drake London,Brian Robinson Jr.,Chris Olave,Devaughn Vele,Olamide Zaccheaus,Tyler Shough,1,1,-9.0157,5.7474
Drake London,Brian Robinson Jr.,Chris Olave,Devaughn Vele,Oscar Delp,Tyler Shough,1,1,-8.6667,8.1476
Tyler Shough,Alvin Kamara,Bijan Robinson,Charlie Smyth,Jahan Dotson,Michael Penix Jr.,1,1,-12.6471,0.1522
Alvin Kamara,Chris Olave,Daniel Carlson,Drake London,Jahan Dotson,Michael Penix Jr.,1,1,-9.6792,2.96
Jahan Dotson,Bijan Robinson,Chris Olave,Devaughn Vele,Michael Penix Jr.,Olamide Zaccheaus,1,1,-11.662,0.4076
Bijan Robinson,Alvin Kamara,Daniel Carlson,Michael Penix Jr.,Treyton Welch,Tyler Shough,1,1,-10.3055,1.5824
Chris Olave,Brian Robinson Jr.,Devaughn Vele,Drake London,Juwan Johnson,Noah Fant,1,1,-12.3788,0.199
Drake London,Alvin Kamara,Bijan Robinson,Bryce Lance,Devaughn Vele,Nick Folk,1,1,-9.169,4.9306
Juwan Johnson,Bijan Robinson,Chris Olave,Jahan Dotson,Tyler Shough,Zachariah Branch,1,1,-9.6714,2.9833
Brian Robinson Jr.,Chris Olave,Daniel Carlson,Drake London,Michael Penix Jr.,Nick Folk,1,1,-10.6932,1.0738
Juwan Johnson,Bijan Robinson,CJ Donaldson,Chris Olave,Drake London,Jahan Dotson,1,1,-10.0313,2.0815
Bijan Robinson,Barion Brown,Chris Olave,Daniel Carlson,Devaughn Vele,Juwan Johnson,1,1,-10.8386,0.9285
Alvin Kamara,Bijan Robinson,Bryce Lance,Juwan Johnson,Nick Folk,Tyler Shough,1,1,-8.8938,6.4926
Alvin Kamara,Bijan Robinson,Chris Olave,Noah Fant,Olamide Zaccheaus,Tyler Shough,1,1,-12.6029,0.1591
Kevin Austin Jr.,Alvin Kamara,Bijan Robinson,Chris Olave,Drake London,Michael Penix Jr.,1,1,-13.0055,0.1064
Bijan Robinson,Alvin Kamara,Austin Hooper,Kyle Pitts Sr.,Nick Folk,Tyler Shough,1,1,-9.2053,4.7547
Bijan Robinson,Devaughn Vele,Jahan Dotson,Kendre Miller,Kyle Pitts Sr.,Tyler Shough,1,1,-9.3497,4.1154
Bijan Robinson,Alvin Kamara,Chris Blair,Drake London,Falcons,Tyler Shough,1,1,-10.5005,1.302
Bijan Robinson,Alvin Kamara,Charlie Woerner,Drake London,Falcons,Tyler Shough,1,1,-10.4558,1.3615
Bijan Robinson,Devaughn Vele,Drake London,Jahan Dotson,Kendre Miller,Nick Folk,1,1,-9.7544,2.7456
Juwan Johnson,Alvin Kamara,Bijan Robinson,Bryce Lance,Chris Olave,Kyle Pitts Sr.,1,1,-8.8893,6.5214
Tyler Shough,Bijan Robinson,Chris Olave,Jahan Dotson,Michael Penix Jr.,Nick Muse,1,1,-11.9078,0.3187
Tyler Shough,Bijan Robinson,Chris Olave,Jahan Dotson,Jalen Moreno-Cropper,Michael Penix Jr.,1,1,-13.3959,0.072
Michael Penix Jr.,Bijan Robinson,Brian Robinson Jr.,Kendre Miller,Nick Folk,Tyler Shough,1,1,-9.8152,2.5837
Bijan Robinson,Brian Robinson Jr.,Kendre Miller,Michael Penix Jr.,Oscar Delp,Tyler Shough,1,1,-8.6605,8.1981
Bijan Robinson,Brian Robinson Jr.,Kendre Miller,Michael Penix Jr.,Noah Fant,Tyler Shough,1,1,-11.6893,0.3966
Chris Olave,Austin Hooper,Bijan Robinson,Daniel Carlson,Devaughn Vele,Jahan Dotson,1,1,-9.7092,2.8728
Nick Folk,Alvin Kamara,Bijan Robinson,Chris Olave,Daniel Carlson,Kyle Pitts Sr.,1,1,-11.2327,0.6261
Kyle Pitts Sr.,Bijan Robinson,Brian Robinson Jr.,Chris Olave,Michael Penix Jr.,Noah Fant,1,1,-12.7881,0.1322
Juwan Johnson,Bijan Robinson,Brian Robinson Jr.,Bryce Lance,Drake London,Michael Penix Jr.,1,1,-8.5691,8.983
Bijan Robinson,CJ Donaldson,Devaughn Vele,Drake London,Juwan Johnson,Nick Folk,1,1,-10.0605,2.0216
Drake London,Bijan Robinson,Brian Robinson Jr.,Nick Folk,Noah Fant,Tyler Shough,1,1,-11.696,0.394
Chris Olave,Bijan Robinson,Brian Robinson Jr.,Noah Fant,Saints,Tyler Shough,1,1,-12.0435,0.2783
Nick Folk,Bijan Robinson,Brian Robinson Jr.,Daniel Carlson,Drake London,Michael Penix Jr.,1,1,-10.9124,0.8624
Alvin Kamara,Bijan Robinson,Daniel Carlson,Juwan Johnson,Kyle Pitts Sr.,Michael Penix Jr.,1,1,-9.7215,2.8376
Drake London,Alvin Kamara,Bijan Robinson,Bryce Lance,Jahan Dotson,Michael Penix Jr.,1,1,-8.7862,7.2298
Tyler Shough,Brian Robinson Jr.,Bryce Lance,Chris Olave,Devaughn Vele,Juwan Johnson,1,1,-8.2993,11.7653
Devaughn Vele,Alvin Kamara,Bijan Robinson,Chris Olave,Falcons,Saints,1,1,-10.7793,0.9853
Drake London,Bijan Robinson,Brian Robinson Jr.,Falcons,Juwan Johnson,Nick Folk,1,1,-9.3897,3.954
Bijan Robinson,Barion Brown,Chris Olave,Devaughn Vele,Drake London,Zachariah Branch,1,1,-12.4495,0.1854
Nick Folk,Bijan Robinson,CJ Donaldson,Chris Olave,Devaughn Vele,Drake London,1,1,-12.1071,0.2611
Bijan Robinson,Brian Robinson Jr.,Charlie Smyth,Drake London,Falcons,Michael Penix Jr.,1,1,-13.0052,0.1064
Bijan Robinson,Alvin Kamara,Drake London,Juwan Johnson,Kyle Pitts Sr.,Oscar Delp,1,1,-9.022,5.7112
Devaughn Vele,Bijan Robinson,Chris Olave,Kyle Pitts Sr.,Tyler Shough,Zamir White,1,1,-14.1793,0.0329
Devaughn Vele,Bijan Robinson,Chris Olave,Kyle Pitts Sr.,Nick Muse,Tyler Shough,1,1,-13.0479,0.1019
Drake London,Brian Robinson Jr.,Devaughn Vele,Jahan Dotson,Juwan Johnson,Michael Penix Jr.,1,1,-9.5757,3.283
Chris Olave,Alvin Kamara,Bijan Robinson,Kendre Miller,Michael Penix Jr.,Oscar Delp,1,1,-9.236,4.6111
Devaughn Vele,Bijan Robinson,Chris Olave,Drake London,Khalil Herbert,Nick Folk,1,1,-13.8909,0.0439
Chris Olave,Alvin Kamara,Austin Hooper,Bijan Robinson,Daniel Carlson,Kyle Pitts Sr.,1,1,-9.6086,3.1765
Jahan Dotson,Bijan Robinson,Chris Olave,Daniel Carlson,Drake London,Nick Folk,1,1,-10.8957,0.877
Bijan Robinson,CJ Donaldson,Drake London,Jahan Dotson,Juwan Johnson,Michael Penix Jr.,1,1,-9.6778,2.9643
Bijan Robinson,Brian Robinson Jr.,Drake London,Juwan Johnson,Kyle Pitts Sr.,Saints,1,1,-9.4965,3.5536
Chris Olave,Bijan Robinson,Daniel Carlson,Jahan Dotson,Tyler Shough,Zachariah Branch,1,1,-9.6575,3.0252
Chris Olave,Bijan Robinson,Brian Robinson Jr.,Kendre Miller,Michael Penix Jr.,Saints,1,1,-9.7105,2.8691
Alvin Kamara,Bijan Robinson,Bryce Lance,Drake London,Michael Penix Jr.,Nick Folk,1,1,-9.4121,3.8664
Juwan Johnson,Bijan Robinson,Brian Robinson Jr.,Michael Penix Jr.,Noah Fant,Tyler Shough,1,1,-11.5775,0.4435
Alvin Kamara,Bijan Robinson,Devaughn Vele,Drake London,Nick Folk,Saints,1,1,-10.8543,0.9141
Zachariah Branch,Alvin Kamara,Bijan Robinson,Chris Olave,Drake London,Kyle Pitts Sr.,1,1,-12.555,0.1669
Michael Penix Jr.,Alvin Kamara,Bijan Robinson,Chris Blair,Chris Olave,Kyle Pitts Sr.,1,1,-11.9721,0.2989
Brian Robinson Jr.,Chris Olave,Devaughn Vele,Drake London,Michael Penix Jr.,Saints,1,1,-11.485,0.4865
Devaughn Vele,Bijan Robinson,Falcons,Jahan Dotson,Michael Penix Jr.,Tyler Shough,1,1,-9.6857,2.9409
Bijan Robinson,Alvin Kamara,Daniel Carlson,Drake London,Jahan Dotson,Olamide Zaccheaus,1,1,-9.6386,3.0828
Bijan Robinson,Austin Hooper,Chris Olave,Devaughn Vele,Juwan Johnson,Zachariah Branch,1,1,-10.3365,1.5342
Nick Folk,Bijan Robinson,Devaughn Vele,Jahan Dotson,Juwan Johnson,Tyler Shough,1,1,-10.8173,0.9485
Tyler Shough,Austin Hooper,Bijan Robinson,Brian Robinson Jr.,Daniel Carlson,Drake London,1,1,-8.7238,7.6953
Chris Olave,Brian Robinson Jr.,Drake London,Juwan Johnson,Kyle Pitts Sr.,Nick Folk,1,1,-9.3555,4.0917
Drake London,Austin Hooper,Bijan Robinson,Brian Robinson Jr.,Chris Olave,Noah Fant,1,1,-12.3318,0.2086
Devaughn Vele,Austin Hooper,Brian Robinson Jr.,Chris Olave,Drake London,Juwan Johnson,1,1,-10.1947,1.7678
Bijan Robinson,Chris Olave,Devaughn Vele,Falcons,Michael Penix Jr.,Oscar Delp,1,1,-8.9479,6.1506
Bijan Robinson,Chris Olave,Devaughn Vele,Falcons,Kevin Austin Jr.,Michael Penix Jr.,1,1,-10.7049,1.0614
Bijan Robinson,Chris Blair,Chris Olave,Devaughn Vele,Falcons,Michael Penix Jr.,1,1,-10.8981,0.8749
Chris Olave,Alvin Kamara,Falcons,Jahan Dotson,Michael Penix Jr.,Tyler Shough,1,1,-8.9824,5.9417
Bijan Robinson,Bryce Lance,Chris Olave,Daniel Carlson,Devaughn Vele,Nick Folk,1,1,-8.4469,10.1509
Bijan Robinson,Chris Olave,Devaughn Vele,Kyle Pitts Sr.,Nick Folk,Olamide Zaccheaus,1,1,-9.7048,2.8852
Bijan Robinson,Chris Olave,Daniel Carlson,Devaughn Vele,Kyle Pitts Sr.,Zachariah Branch,1,1,-10.3671,1.4878
Daniel Carlson,Alvin Kamara,Bijan Robinson,Bryce Lance,Chris Olave,Tyler Shough,1,1,-9.7484,2.7621
Tyler Shough,Alvin Kamara,Austin Hooper,Bijan Robinson,Daniel Carlson,Devaughn Vele,1,1,-9.2053,4.7548
Drake London,Alvin Kamara,Bijan Robinson,Bryce Lance,Chris Olave,Zachariah Branch,1,1,-9.7531,2.7493
Bijan Robinson,Alvin Kamara,Daniel Carlson,Juwan Johnson,Olamide Zaccheaus,Tyler Shough,1,1,-8.4417,10.2039
Bijan Robinson,Alvin Kamara,Daniel Carlson,Juwan Johnson,Kevin Austin Jr.,Tyler Shough,1,1,-9.8497,2.4961
Bijan Robinson,Austin Hooper,Chris Olave,Daniel Carlson,Jahan Dotson,Michael Penix Jr.,1,1,-8.7974,7.1495
Kyle Pitts Sr.,Alvin Kamara,Bijan Robinson,Chris Olave,Daniel Carlson,Nick Folk,1,1,-9.8234,2.5626
Devaughn Vele,Austin Hooper,Bijan Robinson,Drake London,Jahan Dotson,Tyler Shough,1,1,-9.7538,2.7473
Michael Penix Jr.,Austin Hooper,Brian Robinson Jr.,Chris Olave,Devaughn Vele,Tyler Shough,1,1,-9.9215,2.3231
Jahan Dotson,Austin Hooper,Bijan Robinson,Chris Olave,Drake London,Michael Penix Jr.,1,1,-10.9786,0.8072
Chris Olave,Alvin Kamara,Daniel Carlson,Drake London,Jahan Dotson,Juwan Johnson,1,1,-9.0314,5.6578
Austin Hooper,Alvin Kamara,Bijan Robinson,Chris Olave,Kyle Pitts Sr.,Tyler Shough,1,1,-10.7144,1.0513
Alvin Kamara,Bijan Robinson,Daniel Carlson,Michael Penix Jr.,Tyler Shough,Zachariah Branch,1,1,-10.4031,1.4353
Juwan Johnson,Bijan Robinson,Brian Robinson Jr.,Daniel Carlson,Drake London,Kyle Pitts Sr.,1,1,-9.3701,4.0323
Devaughn Vele,Bijan Robinson,Jahan Dotson,Juwan Johnson,Kyle Pitts Sr.,Michael Penix Jr.,1,1,-10.1575,1.8349
Tyler Shough,Bijan Robinson,Chris Olave,Jahan Dotson,Juwan Johnson,Oscar Delp,1,1,-8.1454,13.7226
Tyler Shough,Alvin Kamara,Bijan Robinson,Devaughn Vele,Kyle Pitts Sr.,Olamide Zaccheaus,1,1,-9.73,2.8136
Alvin Kamara,Chris Olave,Daniel Carlson,Devaughn Vele,Drake London,Kyle Pitts Sr.,1,1,-10.2126,1.7364
Michael Penix Jr.,Alvin Kamara,Austin Hooper,Bijan Robinson,Drake London,Jahan Dotson,1,1,-10.5272,1.2677
Bijan Robinson,Chris Olave,Jahan Dotson,Kyle Pitts Sr.,Michael Penix Jr.,Olamide Zaccheaus,1,1,-9.3221,4.2306
Bijan Robinson,Chris Olave,Devaughn Vele,Jahan Dotson,Travis Etienne Jr.,Zachariah Branch,1,1,-16.9146,0.0021
Chris Olave,Brian Robinson Jr.,Daniel Carlson,Juwan Johnson,Nick Folk,Tyler Shough,1,1,-8.4262,10.3633
Devaughn Vele,Bijan Robinson,CJ Donaldson,Chris Olave,Daniel Carlson,Michael Penix Jr.,1,1,-10.5179,1.2796
Chris Olave,Bijan Robinson,Falcons,Jahan Dotson,Kyle Pitts Sr.,Michael Penix Jr.,1,1,-9.4823,3.6043
Jahan Dotson,Bijan Robinson,Chris Olave,Devaughn Vele,Drake London,Saints,1,1,-11.6875,0.3973
Alvin Kamara,Bryce Lance,Chris Olave,Devaughn Vele,Drake London,Juwan Johnson,1,1,-9.4487,3.7275
Bijan Robinson,Brian Robinson Jr.,Bryce Lance,Falcons,Nick Folk,Tyler Shough,1,1,-8.6928,7.9379
Bijan Robinson,Alvin Kamara,Bryce Lance,Falcons,Juwan Johnson,Tyler Shough,1,1,-8.1011,14.344
Bijan Robinson,Bryce Lance,Chris Olave,Devaughn Vele,Drake London,Kevin Austin Jr.,1,1,-10.0397,2.0641
Bijan Robinson,Alvin Kamara,Drake London,Falcons,Juwan Johnson,Zachariah Branch,1,1,-10.4261,1.4026
Nick Folk,Alvin Kamara,Bijan Robinson,Daniel Carlson,Devaughn Vele,Juwan Johnson,1,1,-11.431,0.5135
Brian Robinson Jr.,Austin Hooper,Chris Olave,Drake London,Juwan Johnson,Michael Penix Jr.,1,1,-10.8132,0.9524
Kyle Pitts Sr.,Alvin Kamara,Bijan Robinson,Chris Olave,Drake London,Oscar Delp,1,1,-9.6593,3.0197
Chris Olave,Bijan Robinson,CJ Donaldson,Devaughn Vele,Olamide Zaccheaus,Tyler Shough,1,1,-10.0784,1.9858
Michael Penix Jr.,Brian Robinson Jr.,CJ Donaldson,Chris Olave,Drake London,Tyler Shough,1,1,-10.2297,1.7069
Chris Olave,Alvin Kamara,Bijan Robinson,Chris Blair,Juwan Johnson,Kendre Miller,1,1,-11.2233,0.632
Alvin Kamara,Bijan Robinson,Daniel Carlson,Drake London,Kyle Pitts Sr.,Nick Folk,1,1,-10.2131,1.7355
Chris Olave,Alvin Kamara,Bijan Robinson,Juwan Johnson,Kendre Miller,Olamide Zaccheaus,1,1,-9.622,3.1344
Devaughn Vele,Bijan Robinson,Bryce Lance,Chris Olave,Jahan Dotson,Kyle Pitts Sr.,1,1,-9.9963,2.1558
Michael Penix Jr.,Alvin Kamara,Bijan Robinson,Chris Olave,Falcons,Zachariah Branch,1,1,-11.426,0.5161
Bijan Robinson,Alvin Kamara,Charlie Woerner,Daniel Carlson,Drake London,Michael Penix Jr.,1,1,-10.5166,1.2812
Nick Folk,Bijan Robinson,Chris Olave,Daniel Carlson,Jahan Dotson,Tyler Shough,1,1,-10.2452,1.6808
Alvin Kamara,Bijan Robinson,Chris Olave,Drake London,Saints,Zachariah Branch,1,1,-11.4384,0.5097
Alvin Kamara,Bijan Robinson,Charlie Smyth,Chris Olave,Drake London,Olamide Zaccheaus,1,1,-13.929,0.0422
Drake London,Bijan Robinson,Brian Robinson Jr.,Juwan Johnson,Kendre Miller,Nick Folk,1,1,-9.3999,3.9138
Juwan Johnson,Bijan Robinson,Brian Robinson Jr.,Kendre Miller,Nick Folk,Tyler Shough,1,1,-9.2178,4.6958
Jahan Dotson,Bijan Robinson,Chris Olave,Michael Penix Jr.,Olamide Zaccheaus,Tyler Shough,1,1,-10.574,1.2098
Drake London,Alvin Kamara,Brian Robinson Jr.,Michael Penix Jr.,Tyler Shough,Zachariah Branch,1,1,-10.1568,1.8362
Bijan Robinson,Alvin Kamara,Bryce Lance,Chris Olave,Juwan Johnson,Saints,1,1,-8.6418,8.3529
Alvin Kamara,Chris Olave,Devaughn Vele,Juwan Johnson,Olamide Zaccheaus,Tyler Shough,1,1,-9.7773,2.6834
Devaughn Vele,Alvin Kamara,Charlie Woerner,Chris Olave,Drake London,Tyler Shough,1,1,-11.2096,0.6407
Tyler Shough,Alvin Kamara,Bijan Robinson,Juwan Johnson,Michael Penix Jr.,Zamir White,1,1,-13.137,0.0932
Tyler Shough,Alvin Kamara,Bijan Robinson,Juwan Johnson,Michael Penix Jr.,Stone Smartt,1,1,-14.3409,0.028
Tyler Shough,Alvin Kamara,Bijan Robinson,Cedric Tillman,Juwan Johnson,Michael Penix Jr.,1,1,-13.8301,0.0466
Drake London,Alvin Kamara,Bijan Robinson,Chris Blair,Chris Olave,Falcons,1,1,-11.0851,0.7257
Bijan Robinson,Charlie Woerner,Chris Olave,Devaughn Vele,Olamide Zaccheaus,Tyler Shough,1,1,-10.517,1.2808
Bijan Robinson,Chris Blair,Chris Olave,Devaughn Vele,Olamide Zaccheaus,Tyler Shough,1,1,-10.5616,1.2248
Michael Penix Jr.,Bijan Robinson,CJ Donaldson,Chris Olave,Jahan Dotson,Juwan Johnson,1,1,-10.7147,1.051
Bijan Robinson,Brian Robinson Jr.,Drake London,Kendre Miller,Michael Penix Jr.,Olamide Zaccheaus,1,1,-9.5649,3.3186
Bijan Robinson,Alvin Kamara,Devaughn Vele,Michael Penix Jr.,Olamide Zaccheaus,Zachariah Branch,1,1,-11.1895,0.6538
Bijan Robinson,Chris Olave,Devaughn Vele,Falcons,Juwan Johnson,Olamide Zaccheaus,1,1,-9.3339,4.1809
Chris Olave,Bijan Robinson,Charlie Woerner,Devaughn Vele,Falcons,Tyler Shough,1,1,-10.6772,1.0912
Chris Olave,Bijan Robinson,Devaughn Vele,Falcons,Treyton Welch,Tyler Shough,1,1,-11.0215,0.7734
Chris Olave,Alvin Kamara,Chris Blair,Devaughn Vele,Juwan Johnson,Tyler Shough,1,1,-10.6937,1.0733
Chris Olave,Alvin Kamara,Devaughn Vele,Juwan Johnson,Nick Muse,Tyler Shough,1,1,-12.5429,0.1689
Chris Olave,Alvin Kamara,Cash Jones,Devaughn Vele,Juwan Johnson,Tyler Shough,1,1,-14.8783,0.0163
Nick Folk,Alvin Kamara,Bijan Robinson,Devaughn Vele,Drake London,Kendre Miller,1,1,-11.8987,0.3216
Falcons,Alvin Kamara,Bijan Robinson,Brian Robinson Jr.,Kyle Pitts Sr.,Nick Folk,1,1,-11.9725,0.2988
Juwan Johnson,Alvin Kamara,Bijan Robinson,Drake London,Treyton Welch,Tyler Shough,1,1,-10.6986,1.0681
Bijan Robinson,Drake London,Jahan Dotson,Juwan Johnson,Oscar Delp,Tyler Shough,1,1,-8.0345,15.3323
Alvin Kamara,Bijan Robinson,CJ Donaldson,Falcons,Michael Penix Jr.,Tyler Shough,1,1,-10.7511,1.0134
Chris Olave,Brian Robinson Jr.,Bryce Lance,Juwan Johnson,Michael Penix Jr.,Tyler Shough,1,1,-7.7758,19.8581
Bijan Robinson,Barion Brown,Bryce Lance,Chris Olave,Devaughn Vele,Drake London,1,1,-10.6799,1.0882
Drake London,Brian Robinson Jr.,Devaughn Vele,Juwan Johnson,Nick Folk,Tyler Shough,1,1,-8.8704,6.6461
Falcons,Alvin Kamara,Bijan Robinson,Devaughn Vele,Nick Folk,Tyler Shough,1,1,-10.739,1.0258
Daniel Carlson,Alvin Kamara,Bijan Robinson,Chris Olave,Falcons,Michael Penix Jr.,1,1,-10.969,0.815
Chris Olave,Bijan Robinson,Jahan Dotson,Juwan Johnson,Kendre Miller,Nick Folk,1,1,-9.3789,3.9968
Bijan Robinson,Chris Olave,Devaughn Vele,Michael Penix Jr.,Olamide Zaccheaus,Zachariah Branch,1,1,-10.4502,1.3692
Devaughn Vele,Brian Robinson Jr.,Daniel Carlson,Drake London,Jahan Dotson,Tyler Shough,1,1,-9.9771,2.1975
Drake London,Bijan Robinson,Brian Robinson Jr.,Bryce Lance,Michael Penix Jr.,Nick Folk,1,1,-8.7364,7.5992
Chris Olave,Alvin Kamara,Devaughn Vele,Juwan Johnson,Michael Penix Jr.,Zachariah Branch,1,1,-10.5823,1.1998
Tyler Shough,Alvin Kamara,Bijan Robinson,Bryce Lance,Chris Olave,Olamide Zaccheaus,1,1,-8.3939,10.7035
Chris Olave,Bijan Robinson,Jahan Dotson,Kyle Pitts Sr.,Olamide Zaccheaus,Tyler Shough,1,1,-9.1458,5.0461
Chris Olave,Bijan Robinson,Jahan Dotson,Kyle Pitts Sr.,Oscar Delp,Tyler Shough,1,1,-8.7968,7.1534
Tyler Shough,Brian Robinson Jr.,Chris Olave,Kyle Pitts Sr.,Michael Penix Jr.,Nick Folk,1,1,-8.8027,7.1115
Falcons,Bijan Robinson,Brian Robinson Jr.,Drake London,Juwan Johnson,Michael Penix Jr.,1,1,-10.3213,1.5576
Bijan Robinson,CJ Donaldson,Chris Olave,Dylan Drummond,Michael Penix Jr.,Tyler Shough,1,1,-15.358,0.0101
Chris Olave,Bijan Robinson,Daniel Carlson,Drake London,Jahan Dotson,Zachariah Branch,1,1,-10.2129,1.736
Drake London,Alvin Kamara,Austin Hooper,Bijan Robinson,Bryce Lance,Chris Olave,1,1,-8.7168,7.7498
Alvin Kamara,Barion Brown,Bijan Robinson,Chris Olave,Drake London,Nick Muse,1,1,-15.9772,0.0054
Chris Olave,Bijan Robinson,Devaughn Vele,Juwan Johnson,Kevin Austin Jr.,Kyle Pitts Sr.,1,1,-11.0003,0.7899
Chris Olave,Bijan Robinson,Devaughn Vele,Juwan Johnson,Kyle Pitts Sr.,Oscar Delp,1,1,-9.2434,4.5772
Austin Hooper,Alvin Kamara,Bijan Robinson,Devaughn Vele,Juwan Johnson,Tyler Shough,1,1,-10.9127,0.8622
Juwan Johnson,Bijan Robinson,CJ Donaldson,Chris Olave,Jahan Dotson,Michael Penix Jr.,1,1,-10.0802,1.9822
Austin Hooper,Bijan Robinson,Chris Olave,Devaughn Vele,Drake London,Jahan Dotson,1,1,-11.3703,0.5456
Alvin Kamara,Bijan Robinson,CJ Donaldson,Chris Olave,Michael Penix Jr.,Saints,1,1,-11.2918,0.5902
Tyler Shough,Brian Robinson Jr.,Charlie Smyth,Chris Olave,Devaughn Vele,Juwan Johnson,1,1,-12.6338,0.1542
Tyler Shough,Brian Robinson Jr.,Chris Olave,Devaughn Vele,Juwan Johnson,Noah Fant,1,1,-11.8631,0.3333
Drake London,Alvin Kamara,Barion Brown,Bijan Robinson,Chris Olave,Falcons,1,1,-11.532,0.4641
Bijan Robinson,Alvin Kamara,Kyle Pitts Sr.,Nick Folk,Noah Fant,Tyler Shough,1,1,-12.0359,0.2804
Michael Penix Jr.,Barion Brown,Bijan Robinson,Brian Robinson Jr.,Drake London,Juwan Johnson,1,1,-12.1359,0.2537
Alvin Kamara,Austin Hooper,Bijan Robinson,Daniel Carlson,Michael Penix Jr.,Tyler Shough,1,1,-9.3667,4.0459
Bijan Robinson,Bryce Lance,Chris Olave,Daniel Carlson,Devaughn Vele,Kyle Pitts Sr.,1,1,-8.5975,8.7312
Bijan Robinson,Alvin Kamara,Chris Olave,Falcons,Nick Folk,Saints,1,1,-9.7986,2.627
Alvin Kamara,Bijan Robinson,Daniel Carlson,Drake London,Olamide Zaccheaus,Tyler Shough,1,1,-9.4686,3.6539
Tyler Shough,Alvin Kamara,Chris Olave,Daniel Carlson,Jahan Dotson,Michael Penix Jr.,1,1,-8.4787,9.8334
Chris Olave,Bijan Robinson,Bryce Lance,Jahan Dotson,Michael Penix Jr.,Nick Folk,1,1,-8.7154,7.7605
Chris Olave,Alvin Kamara,Drake London,Falcons,Jahan Dotson,Michael Penix Jr.,1,1,-9.5378,3.4096
Brian Robinson Jr.,Chris Olave,Drake London,Michael Penix Jr.,Saints,Tyler Shough,1,1,-10.397,1.444
Daniel Carlson,Alvin Kamara,Bijan Robinson,Bryce Lance,Chris Olave,Drake London,1,1,-10.3038,1.585
Kendre Miller,Bijan Robinson,Brian Robinson Jr.,Juwan Johnson,Michael Penix Jr.,Tyler Shough,1,1,-9.7555,2.7425
Tyler Shough,Bijan Robinson,Bryce Lance,Chris Olave,Jahan Dotson,Nick Folk,1,1,-8.1508,13.6483
Chris Olave,Bijan Robinson,Bryce Lance,Devaughn Vele,Drake London,Zachariah Branch,1,1,-9.9453,2.2686
Saints,Alvin Kamara,Bijan Robinson,Brian Robinson Jr.,Chris Olave,Falcons,1,1,-10.9441,0.8356
Kyle Pitts Sr.,Bijan Robinson,Brian Robinson Jr.,Falcons,Jahan Dotson,Tyler Shough,1,1,-10.3205,1.5588
Chris Olave,Brian Robinson Jr.,Falcons,Michael Penix Jr.,Nick Folk,Tyler Shough,1,1,-8.9326,6.2453
Alvin Kamara,Bijan Robinson,Kyle Pitts Sr.,Michael Penix Jr.,Olamide Zaccheaus,Tyler Shough,1,1,-9.8914,2.3941
Bijan Robinson,Alvin Kamara,Austin Hooper,Drake London,Falcons,Juwan Johnson,1,1,-9.3898,3.9538
Jahan Dotson,Bijan Robinson,Chris Olave,Juwan Johnson,Noah Fant,Tyler Shough,1,1,-13.2908,0.0799
Michael Penix Jr.,Barion Brown,Bijan Robinson,Chris Olave,Jahan Dotson,Tyler Shough,1,1,-11.4315,0.5132
Devaughn Vele,Alvin Kamara,Bijan Robinson,Daniel Carlson,Kendre Miller,Michael Penix Jr.,1,1,-10.3095,1.576
Chris Olave,Alvin Kamara,Austin Hooper,Bijan Robinson,Juwan Johnson,Noah Fant,1,1,-12.4085,0.1932
Kendre Miller,Bijan Robinson,Chris Olave,Devaughn Vele,Jahan Dotson,Michael Penix Jr.,1,1,-10.6946,1.0723
Bijan Robinson,Alvin Kamara,Juwan Johnson,Kyle Pitts Sr.,Michael Penix Jr.,Olamide Zaccheaus,1,1,-9.4198,3.8366
Drake London,Alvin Kamara,Brian Robinson Jr.,Juwan Johnson,Kendre Miller,Tyler Shough,1,1,-9.0507,5.5496
Alvin Kamara,Bijan Robinson,Devaughn Vele,Kendre Miller,Oscar Delp,Tyler Shough,1,1,-10.206,1.7479
Daniel Carlson,Alvin Kamara,Bijan Robinson,Brian Robinson Jr.,Saints,Tyler Shough,1,1,-11.4973,0.4805
Bijan Robinson,Alvin Kamara,Austin Hooper,Bryce Lance,Michael Penix Jr.,Tyler Shough,1,1,-8.1811,13.2419
Tyler Shough,Bijan Robinson,Brian Robinson Jr.,Daniel Carlson,Juwan Johnson,Kendre Miller,1,1,-8.703,7.8573
Tyler Shough,Alvin Kamara,Devaughn Vele,Drake London,Jahan Dotson,Nick Folk,1,1,-9.5425,3.3939
Devaughn Vele,Alvin Kamara,Chris Olave,Daniel Carlson,Drake London,Nick Folk,1,1,-10.0235,2.0978
Chris Olave,Alvin Kamara,Bijan Robinson,Daniel Carlson,Kyle Pitts Sr.,Oscar Delp,1,1,-9.4105,3.8728
Bijan Robinson,Alvin Kamara,Austin Hooper,Drake London,Michael Penix Jr.,Zachariah Branch,1,1,-10.506,1.2948
Austin Hooper,Alvin Kamara,Bijan Robinson,Devaughn Vele,Drake London,Michael Penix Jr.,1,1,-11.431,0.5135
Juwan Johnson,Brian Robinson Jr.,Chris Olave,Devaughn Vele,Drake London,Kendre Miller,1,1,-9.7727,2.6959
Drake London,Brian Robinson Jr.,Chris Olave,Juwan Johnson,Tyler Shough,Zachariah Branch,1,1,-9.4545,3.7058
Drake London,Bijan Robinson,Bryce Lance,Devaughn Vele,Jahan Dotson,Tyler Shough,1,1,-8.3321,11.3855
Tyler Shough,Alvin Kamara,Bijan Robinson,Drake London,Kevin Austin Jr.,Nick Folk,1,1,-10.4547,1.363
Devaughn Vele,Alvin Kamara,Chris Olave,Drake London,Juwan Johnson,Zachariah Branch,1,1,-11.1799,0.6601
Bryce Lance,Alvin Kamara,Bijan Robinson,Chris Olave,Drake London,Kyle Pitts Sr.,1,1,-10.8715,0.8985
Chris Olave,Alvin Kamara,Austin Hooper,Devaughn Vele,Nick Folk,Tyler Shough,1,1,-9.4822,3.6048
Chris Olave,Bijan Robinson,Chris Blair,Devaughn Vele,Tyler Shough,Zachariah Branch,1,1,-11.8752,0.3293
Chris Olave,Brian Robinson Jr.,Juwan Johnson,Kyle Pitts Sr.,Michael Penix Jr.,Nick Folk,1,1,-9.4043,3.8965
Tyler Shough,Bijan Robinson,Brian Robinson Jr.,Drake London,Nick Folk,Saints,1,1,-9.1722,4.9146
Tyler Shough,Bijan Robinson,Brian Robinson Jr.,Charlie Smyth,Daniel Carlson,Drake London,1,1,-12.3251,0.21
Chris Olave,Bijan Robinson,CJ Donaldson,Devaughn Vele,Drake London,Olamide Zaccheaus,1,1,-10.6338,1.1395
Kyle Pitts Sr.,Alvin Kamara,Chris Olave,Drake London,Jahan Dotson,Tyler Shough,1,1,-9.416,3.8515
Bijan Robinson,Austin Hooper,Drake London,Jahan Dotson,Nick Folk,Tyler Shough,1,1,-8.7732,7.3248
Chris Olave,Brian Robinson Jr.,Bryce Lance,Drake London,Nick Folk,Tyler Shough,1,1,-8.2675,12.1458
Chris Olave,Bijan Robinson,Falcons,Jahan Dotson,Kendre Miller,Tyler Shough,1,1,-9.0578,5.5101
Tyler Shough,Austin Hooper,Bijan Robinson,CJ Donaldson,Chris Olave,Devaughn Vele,1,1,-9.9674,2.219
Tyler Shough,Brian Robinson Jr.,Chris Olave,Juwan Johnson,Kyle Pitts Sr.,Nick Folk,1,1,-8.8398,6.8528
Alvin Kamara,Bijan Robinson,Bryce Lance,Chris Olave,Drake London,Saints,1,1,-9.6688,2.9911
Bryce Lance,Alvin Kamara,Bijan Robinson,Devaughn Vele,Drake London,Michael Penix Jr.,1,1,-11.0327,0.7647
Bijan Robinson,Jahan Dotson,Juwan Johnson,Kyle Pitts Sr.,Michael Penix Jr.,Nick Folk,1,1,-9.1768,4.8921
Devaughn Vele,Bijan Robinson,Drake London,Jahan Dotson,Olamide Zaccheaus,Tyler Shough,1,1,-9.9046,2.3628
Chris Olave,Bijan Robinson,Daniel Carlson,Devaughn Vele,Michael Penix Jr.,Oscar Delp,1,1,-8.8324,6.9036
Chris Olave,Bijan Robinson,Daniel Carlson,Falcons,Jahan Dotson,Michael Penix Jr.,1,1,-9.1084,5.2385
Chris Olave,Bijan Robinson,Daniel Carlson,Devaughn Vele,Michael Penix Jr.,Nick Muse,1,1,-12.6319,0.1545
Tyler Shough,Bijan Robinson,Brian Robinson Jr.,Devaughn Vele,Olamide Zaccheaus,Zachariah Branch,1,1,-11.1041,0.712
Devaughn Vele,Austin Hooper,Bijan Robinson,Chris Olave,Daniel Carlson,Jahan Dotson,1,1,-10.3556,1.505
Alvin Kamara,Chris Olave,Devaughn Vele,Drake London,Juwan Johnson,Olamide Zaccheaus,1,1,-10.3327,1.5399
Alvin Kamara,Bijan Robinson,Bryce Lance,Devaughn Vele,Kyle Pitts Sr.,Nick Folk,1,1,-10.673,1.0958
Bijan Robinson,Alvin Kamara,Falcons,Kendre Miller,Nick Folk,Tyler Shough,1,1,-9.2681,4.4652
Bijan Robinson,Brian Robinson Jr.,Falcons,Kevin Austin Jr.,Nick Folk,Tyler Shough,1,1,-10.9849,0.8022
Bijan Robinson,Alvin Kamara,Falcons,Juwan Johnson,Noah Fant,Tyler Shough,1,1,-11.6649,0.4064
Michael Penix Jr.,Bijan Robinson,Chris Olave,Jahan Dotson,Juwan Johnson,Zachariah Branch,1,1,-10.9102,0.8644
Bijan Robinson,Chris Olave,Jahan Dotson,Kendre Miller,Michael Penix Jr.,Zachariah Branch,1,1,-10.3875,1.4579
Bijan Robinson,Austin Hooper,Chris Olave,Falcons,Jahan Dotson,Michael Penix Jr.,1,1,-9.3409,4.1518
Bijan Robinson,Alvin Kamara,Barion Brown,Chris Olave,Michael Penix Jr.,Saints,1,1,-11.537,0.4618
Bijan Robinson,Charlie Woerner,Chris Olave,Devaughn Vele,Drake London,Olamide Zaccheaus,1,1,-11.0724,0.735
Tyler Shough,Brian Robinson Jr.,Devaughn Vele,Juwan Johnson,Michael Penix Jr.,Nick Folk,1,1,-9.001,5.8325
Chris Olave,Brian Robinson Jr.,Daniel Carlson,Drake London,Kyle Pitts Sr.,Michael Penix Jr.,1,1,-9.0952,5.3083
Alvin Kamara,Chris Olave,Daniel Carlson,Devaughn Vele,Kyle Pitts Sr.,Michael Penix Jr.,1,1,-10.2615,1.6535
Tyler Shough,Bijan Robinson,Chris Olave,Daniel Carlson,Devaughn Vele,Khalil Herbert,1,1,-12.5055,0.1753
Chris Olave,Bijan Robinson,Devaughn Vele,Drake London,Falcons,Oscar Delp,1,1,-9.327,4.2099
Kendre Miller,Brian Robinson Jr.,Chris Olave,Devaughn Vele,Drake London,Tyler Shough,1,1,-10.2467,1.6782
Bijan Robinson,CJ Donaldson,Chris Olave,Falcons,Kyle Pitts Sr.,Tyler Shough,1,1,-9.6271,3.1184
Juwan Johnson,Bijan Robinson,Brian Robinson Jr.,Drake London,Falcons,Kyle Pitts Sr.,1,1,-9.9136,2.3416
Chris Olave,Alvin Kamara,CJ Donaldson,Drake London,Nick Folk,Tyler Shough,1,1,-9.7904,2.6486
Chris Olave,Brian Robinson Jr.,Bryce Lance,Drake London,Juwan Johnson,Michael Penix Jr.,1,1,-8.3312,11.3955
Jahan Dotson,Bijan Robinson,Devaughn Vele,Juwan Johnson,Kyle Pitts Sr.,Michael Penix Jr.,1,1,-11.6674,0.4054
Michael Penix Jr.,Alvin Kamara,Devaughn Vele,Jahan Dotson,Juwan Johnson,Tyler Shough,1,1,-9.9768,2.1981
Tyler Shough,Alvin Kamara,Barion Brown,Bijan Robinson,Drake London,Nick Folk,1,1,-11.0949,0.7186
Juwan Johnson,Bijan Robinson,Chris Olave,Jahan Dotson,Oscar Delp,Tyler Shough,1,1,-8.4369,10.2526
Alvin Kamara,Bijan Robinson,Juwan Johnson,Kyle Pitts Sr.,Noah Fant,Tyler Shough,1,1,-12.6083,0.1582
Alvin Kamara,Bijan Robinson,Chris Olave,Kevin Austin Jr.,Saints,Tyler Shough,1,1,-11.4055,0.5267
Alvin Kamara,Bijan Robinson,Chris Olave,Oscar Delp,Saints,Tyler Shough,1,1,-9.6485,3.0525
Daniel Carlson,Bijan Robinson,Brian Robinson Jr.,Drake London,Kyle Pitts Sr.,Michael Penix Jr.,1,1,-11.2074,0.6421
Chris Olave,Alvin Kamara,Bryce Lance,Devaughn Vele,Juwan Johnson,Michael Penix Jr.,1,1,-8.8127,7.041
Bijan Robinson,Alvin Kamara,Kendre Miller,Michael Penix Jr.,Oscar Delp,Tyler Shough,1,1,-8.6094,8.6285
Bijan Robinson,Alvin Kamara,Charlie Woerner,Kendre Miller,Michael Penix Jr.,Tyler Shough,1,1,-10.5149,1.2834
Chris Olave,Bijan Robinson,Bryce Lance,Devaughn Vele,Kyle Pitts Sr.,Nick Folk,1,1,-9.2488,4.5524
Michael Penix Jr.,Bijan Robinson,Chris Olave,Drake London,Jahan Dotson,Treyton Welch,1,1,-11.8396,0.3412
Falcons,Brian Robinson Jr.,Chris Olave,Devaughn Vele,Michael Penix Jr.,Tyler Shough,1,1,-10.3059,1.5817
Alvin Kamara,Chris Olave,Juwan Johnson,Michael Penix Jr.,Tyler Shough,Zachariah Branch,1,1,-10.1791,1.7955
Bijan Robinson,Daniel Carlson,Devaughn Vele,Drake London,Jahan Dotson,Kendre Miller,1,1,-9.5312,3.4324
Chris Olave,Alvin Kamara,Bijan Robinson,Nick Muse,Saints,Tyler Shough,1,1,-12.763,0.1355
Alvin Kamara,CJ Donaldson,Chris Olave,Drake London,Juwan Johnson,Michael Penix Jr.,1,1,-10.5391,1.2528
Drake London,Brian Robinson Jr.,Chris Olave,Devaughn Vele,Kevin Austin Jr.,Michael Penix Jr.,1,1,-11.028,0.7683
Drake London,Bijan Robinson,Chris Olave,Falcons,Jahan Dotson,Kyle Pitts Sr.,1,1,-9.3914,3.9472
Drake London,Alvin Kamara,Chris Olave,Jahan Dotson,Juwan Johnson,Kyle Pitts Sr.,1,1,-9.3633,4.0598
Bijan Robinson,Barion Brown,CJ Donaldson,Chris Olave,Juwan Johnson,Tyler Shough,1,1,-11.2519,0.6142
Bijan Robinson,Devaughn Vele,Juwan Johnson,Nick Folk,Oscar Delp,Tyler Shough,1,1,-8.4661,9.9576
Chris Olave,Brian Robinson Jr.,Michael Penix Jr.,Nick Folk,Tyler Shough,Zachariah Branch,1,1,-10.0859,1.9709
Devaughn Vele,Alvin Kamara,Austin Hooper,Bijan Robinson,Daniel Carlson,Michael Penix Jr.,1,1,-10.4163,1.4164
Tyler Shough,Brian Robinson Jr.,Chris Olave,Devaughn Vele,Kendre Miller,Kyle Pitts Sr.,1,1,-9.6169,3.1503
Bijan Robinson,Barion Brown,Brian Robinson Jr.,Falcons,Nick Folk,Tyler Shough,1,1,-11.625,0.4229
Bijan Robinson,Alvin Kamara,Drake London,Falcons,Kevin Austin Jr.,Michael Penix Jr.,1,1,-10.9115,0.8632
Devaughn Vele,Alvin Kamara,Bijan Robinson,Bryce Lance,Kendre Miller,Tyler Shough,1,1,-9.6325,3.1017
Alvin Kamara,Bijan Robinson,Juwan Johnson,Kendre Miller,Kyle Pitts Sr.,Michael Penix Jr.,1,1,-10.2752,1.6311
Juwan Johnson,Alvin Kamara,Devaughn Vele,Jahan Dotson,Michael Penix Jr.,Tyler Shough,1,1,-9.3423,4.1458
Nick Folk,Bijan Robinson,Chris Olave,Devaughn Vele,Falcons,Juwan Johnson,1,1,-11.2352,0.6245
Devaughn Vele,Alvin Kamara,Bijan Robinson,Drake London,Kendre Miller,Zachariah Branch,1,1,-11.9575,0.3033
Devaughn Vele,Alvin Kamara,Chris Olave,Juwan Johnson,Kyle Pitts Sr.,Nick Folk,1,1,-10.4834,1.3245
Bijan Robinson,Brian Robinson Jr.,Drake London,Falcons,Michael Penix Jr.,Saints,1,1,-9.629,3.1125
Bijan Robinson,Devaughn Vele,Juwan Johnson,Michael Penix Jr.,Nick Folk,Zachariah Branch,1,1,-10.3049,1.5833
Alvin Kamara,Bijan Robinson,Bryce Lance,Drake London,Kendre Miller,Tyler Shough,1,1,-9.1383,5.0842
Tyler Shough,Austin Hooper,Bijan Robinson,Devaughn Vele,Jahan Dotson,Michael Penix Jr.,1,1,-9.196,4.7993
Tyler Shough,Alvin Kamara,Bijan Robinson,Chris Olave,Kevin Austin Jr.,Olamide Zaccheaus,1,1,-10.6859,1.0817
Juwan Johnson,Alvin Kamara,Bijan Robinson,Charlie Woerner,Michael Penix Jr.,Tyler Shough,1,1,-10.4032,1.4351
Juwan Johnson,Alvin Kamara,Bijan Robinson,Kevin Austin Jr.,Michael Penix Jr.,Tyler Shough,1,1,-10.2546,1.665
Tyler Shough,Bijan Robinson,Bryce Lance,Chris Olave,Jahan Dotson,Kyle Pitts Sr.,1,1,-8.3015,11.7395
Bijan Robinson,Jahan Dotson,Juwan Johnson,Michael Penix Jr.,Oscar Delp,Tyler Shough,1,1,-8.0834,14.6008
Bijan Robinson,Bryce Lance,CJ Donaldson,Devaughn Vele,Drake London,Tyler Shough,1,1,-9.1232,5.1616
Bijan Robinson,Alvin Kamara,Bryce Lance,Drake London,Juwan Johnson,Kendre Miller,1,1,-8.6667,8.1474
Devaughn Vele,Austin Hooper,Bijan Robinson,Jahan Dotson,Juwan Johnson,Tyler Shough,1,1,-9.8398,2.5211
Jahan Dotson,Bijan Robinson,Chris Olave,Kendre Miller,Kyle Pitts Sr.,Tyler Shough,1,1,-11.0446,0.7556
Alvin Kamara,Bijan Robinson,Drake London,Kyle Pitts Sr.,Michael Penix Jr.,Olamide Zaccheaus,1,1,-10.4468,1.3739
Tyler Shough,Bijan Robinson,Brian Robinson Jr.,Chris Olave,Noah Fant,Saints,1,1,-12.0832,0.2675
Tyler Shough,Bijan Robinson,Brian Robinson Jr.,Juwan Johnson,Kyle Pitts Sr.,Noah Fant,1,1,-12.0142,0.2866
Drake London,Alvin Kamara,Austin Hooper,Bijan Robinson,Chris Olave,Oscar Delp,1,1,-9.2518,4.5385
Daniel Carlson,Alvin Kamara,Bijan Robinson,Chris Olave,Juwan Johnson,Kendre Miller,1,1,-11.0163,0.7774
Devaughn Vele,Alvin Kamara,Austin Hooper,Chris Olave,Drake London,Juwan Johnson,1,1,-10.1435,1.8606
Bijan Robinson,Austin Hooper,Chris Olave,Jahan Dotson,Tua Tagovailoa,Tyler Shough,1,1,-14.5026,0.0238
Juwan Johnson,Alvin Kamara,Bijan Robinson,Chris Olave,Kendre Miller,Zachariah Branch,1,1,-10.8388,0.9284
Bijan Robinson,Austin Hooper,Chris Olave,Devaughn Vele,Juwan Johnson,Olamide Zaccheaus,1,1,-9.4509,3.7193
Drake London,Alvin Kamara,Barion Brown,Bijan Robinson,Nick Folk,Tyler Shough,1,1,-11.0132,0.7798
Chris Olave,Austin Hooper,Bijan Robinson,Charlie Woerner,Devaughn Vele,Tyler Shough,1,1,-10.7942,0.9707
Devaughn Vele,Bijan Robinson,Chris Olave,Kevin Austin Jr.,Kyle Pitts Sr.,Michael Penix Jr.,1,1,-11.6097,0.4294
Bryce Lance,Bijan Robinson,Chris Olave,Drake London,Jahan Dotson,Tyler Shough,1,1,-9.8839,2.4121
Michael Penix Jr.,Alvin Kamara,Austin Hooper,Bijan Robinson,Jahan Dotson,Juwan Johnson,1,1,-10.6132,1.1633
Devaughn Vele,Chris Olave,Jahan Dotson,Michael Penix Jr.,Nick Folk,Tyler Shough,1,1,-9.4588,3.69
Bijan Robinson,Chris Olave,Daniel Carlson,Devaughn Vele,Kyle Pitts Sr.,Olamide Zaccheaus,1,1,-9.4816,3.6069
Daniel Carlson,Brian Robinson Jr.,Chris Olave,Drake London,Juwan Johnson,Tyler Shough,1,1,-10.0053,2.1365
Chris Olave,Bijan Robinson,CJ Donaldson,Juwan Johnson,Tyler Shough,Zachariah Branch,1,1,-10.5173,1.2804
Alvin Kamara,Bijan Robinson,Devaughn Vele,Kyle Pitts Sr.,Michael Penix Jr.,Saints,1,1,-11.0538,0.7487
Chris Olave,Bijan Robinson,Jahan Dotson,Michael Penix Jr.,Nick Folk,Noah Fant,1,1,-12.2792,0.2199
Tyler Shough,Alvin Kamara,Bijan Robinson,Drake London,Kevin Austin Jr.,Kyle Pitts Sr.,1,1,-10.6054,1.1724
Tyler Shough,Alvin Kamara,Chris Olave,Devaughn Vele,Falcons,Nick Folk,1,1,-9.4049,3.8944
Tyler Shough,Alvin Kamara,Bijan Robinson,Chris Blair,Drake London,Kyle Pitts Sr.,1,1,-10.7986,0.9664
Devaughn Vele,Bijan Robinson,Bryce Lance,Chris Olave,Drake London,Falcons,1,1,-9.4384,3.7662
Bijan Robinson,Alvin Kamara,Kendre Miller,Nick Folk,Tyler Shough,Zachariah Branch,1,1,-10.4214,1.4092
Olamide Zaccheaus,Bijan Robinson,Brian Robinson Jr.,Drake London,Michael Penix Jr.,Tyler Shough,1,1,-11.1998,0.647
Bijan Robinson,Bryce Lance,Chris Olave,Devaughn Vele,Kendre Miller,Nick Folk,1,1,-9.0006,5.8348
Bijan Robinson,Chris Olave,Devaughn Vele,Kendre Miller,Kyle Pitts Sr.,Zachariah Branch,1,1,-10.9208,0.8552
Bijan Robinson,Daniel Carlson,Drake London,Jahan Dotson,Juwan Johnson,Kyle Pitts Sr.,1,1,-8.9047,6.4222
Chris Olave,Alvin Kamara,Austin Hooper,Devaughn Vele,Kyle Pitts Sr.,Tyler Shough,1,1,-9.6328,3.1006
Chris Olave,Alvin Kamara,Bryce Lance,Jahan Dotson,Juwan Johnson,Tyler Shough,1,1,-8.4032,10.6038
Tyler Shough,Bijan Robinson,CJ Donaldson,Drake London,Jahan Dotson,Michael Penix Jr.,1,1,-9.5042,3.5263
Chris Olave,Austin Hooper,Bijan Robinson,Devaughn Vele,Michael Penix Jr.,Zachariah Branch,1,1,-10.7274,1.0377
Tyler Shough,Bijan Robinson,Brian Robinson Jr.,Drake London,Kyle Pitts Sr.,Saints,1,1,-9.3229,4.2273
Falcons,Alvin Kamara,Bijan Robinson,Chris Olave,Drake London,Kendre Miller,1,1,-10.7354,1.0294
Michael Penix Jr.,Brian Robinson Jr.,Chris Olave,Devaughn Vele,Juwan Johnson,Kendre Miller,1,1,-10.4561,1.3612
Austin Hooper,Alvin Kamara,Bijan Robinson,Chris Olave,Daniel Carlson,Drake London,1,1,-10.8959,0.8768
Tyler Shough,Brian Robinson Jr.,Chris Olave,Drake London,Michael Penix Jr.,Oscar Delp,1,1,-8.2647,12.1796
Tyler Shough,Brian Robinson Jr.,Daniel Carlson,Devaughn Vele,Drake London,Juwan Johnson,1,1,-8.7289,7.6567
Kyle Pitts Sr.,Bijan Robinson,Brian Robinson Jr.,Kendre Miller,Michael Penix Jr.,Tyler Shough,1,1,-9.6522,3.0413
Drake London,Brian Robinson Jr.,Chris Olave,Devaughn Vele,Juwan Johnson,Noah Fant,1,1,-12.3368,0.2076
Nick Folk,Alvin Kamara,Bijan Robinson,Daniel Carlson,Drake London,Juwan Johnson,1,1,-10.8983,0.8747
Bijan Robinson,Chris Olave,Juwan Johnson,Oscar Delp,Tyler Shough,Zachariah Branch,1,1,-9.0502,5.5522
Bijan Robinson,Chris Blair,Chris Olave,Juwan Johnson,Tyler Shough,Zachariah Branch,1,1,-11.0005,0.7897
Bijan Robinson,Alvin Kamara,Daniel Carlson,Kendre Miller,Michael Penix Jr.,Nick Folk,1,1,-9.3289,4.2019
Juwan Johnson,Brian Robinson Jr.,Chris Olave,Daniel Carlson,Drake London,Michael Penix Jr.,1,1,-8.7352,7.6082
Alvin Kamara,Bijan Robinson,Drake London,Falcons,Noah Fant,Tyler Shough,1,1,-12.6919,0.1455
Chris Olave,Bijan Robinson,CJ Donaldson,Drake London,Nick Muse,Tyler Shough,1,1,-12.9963,0.1073
Nick Folk,Alvin Kamara,Austin Hooper,Bijan Robinson,Drake London,Tyler Shough,1,1,-10.9175,0.8581
Chris Olave,Alvin Kamara,Bijan Robinson,Daniel Carlson,Nick Folk,Saints,1,1,-9.6831,2.9486
Michael Penix Jr.,Bijan Robinson,Bryce Lance,Chris Olave,Jahan Dotson,Juwan Johnson,1,1,-9.1406,5.0725
Michael Penix Jr.,Alvin Kamara,Bijan Robinson,Bryce Lance,Devaughn Vele,Kyle Pitts Sr.,1,1,-10.3762,1.4743
Khalil Herbert,Bijan Robinson,Chris Olave,Devaughn Vele,Michael Penix Jr.,Tyler Shough,1,1,-13.9865,0.0399
Bijan Robinson,Austin Hooper,Barion Brown,Chris Olave,Devaughn Vele,Juwan Johnson,1,1,-11.4991,0.4797
Juwan Johnson,Alvin Kamara,Bijan Robinson,Devaughn Vele,Kendre Miller,Kyle Pitts Sr.,1,1,-10.4053,1.4321
Alvin Kamara,Chris Olave,Drake London,Nick Folk,Tyler Shough,Zachariah Branch,1,1,-10.6708,1.0982
Chris Olave,Alvin Kamara,Austin Hooper,Drake London,Jahan Dotson,Michael Penix Jr.,1,1,-9.6548,3.0332
Tyler Shough,Alvin Kamara,Bijan Robinson,Daniel Carlson,Falcons,Juwan Johnson,1,1,-8.6416,8.3549
Chris Olave,Alvin Kamara,Bijan Robinson,Kendre Miller,Nick Folk,Noah Fant,1,1,-12.8423,0.1252
Kendre Miller,Bijan Robinson,Brian Robinson Jr.,Chris Olave,Noah Fant,Tyler Shough,1,1,-13.1582,0.0913
Kendre Miller,Bijan Robinson,Brian Robinson Jr.,Charlie Smyth,Chris Olave,Tyler Shough,1,1,-13.9289,0.0422
Bijan Robinson,Chris Olave,Daniel Carlson,Juwan Johnson,Michael Penix Jr.,Nick Muse,1,1,-11.7572,0.3706
Bijan Robinson,Alvin Kamara,Daniel Carlson,Falcons,Kyle Pitts Sr.,Michael Penix Jr.,1,1,-9.4693,3.6514
Bijan Robinson,CJ Donaldson,Chris Olave,Devaughn Vele,Juwan Johnson,Saints,1,1,-10.3661,1.4893
Bijan Robinson,Brian Robinson Jr.,Drake London,Falcons,Juwan Johnson,Saints,1,1,-9.6661,2.9993
Devaughn Vele,Brian Robinson Jr.,Chris Olave,Juwan Johnson,Saints,Tyler Shough,1,1,-9.8644,2.4596
Michael Penix Jr.,Alvin Kamara,Bijan Robinson,Bryce Lance,Nick Folk,Tyler Shough,1,1,-9.1375,5.088
Tyler Shough,Alvin Kamara,Bijan Robinson,CJ Donaldson,Drake London,Kendre Miller,1,1,-10.0672,2.0081
Bijan Robinson,Alvin Kamara,Bryce Lance,Michael Penix Jr.,Noah Fant,Tyler Shough,1,1,-11.0116,0.781
Bijan Robinson,Alvin Kamara,Bryce Lance,Michael Penix Jr.,Olamide Zaccheaus,Tyler Shough,1,1,-8.3318,11.3885
Drake London,Bijan Robinson,Brian Robinson Jr.,Charlie Smyth,Juwan Johnson,Nick Folk,1,1,-13.108,0.096
Falcons,Bijan Robinson,Chris Olave,Drake London,Jahan Dotson,Juwan Johnson,1,1,-10.2094,1.742
Bijan Robinson,Chris Blair,Chris Olave,Drake London,Trey Palmer,Tyler Shough,1,1,-19.2161,0.0002
Bijan Robinson,Cash Jones,Chris Olave,Drake London,Trey Sermon,Tyler Shough,1,1,-23.4007,0.0
Bijan Robinson,Charlie Woerner,Chris Olave,Drake London,Nick Muse,Tyler Shough,1,1,-13.4348,0.0692
Juwan Johnson,Brian Robinson Jr.,Devaughn Vele,Drake London,Kyle Pitts Sr.,Tyler Shough,1,1,-9.3943,3.936
Michael Penix Jr.,Alvin Kamara,Bijan Robinson,Chris Olave,Falcons,Olamide Zaccheaus,1,1,-10.5404,1.2511
Michael Penix Jr.,Alvin Kamara,Devaughn Vele,Drake London,Jahan Dotson,Juwan Johnson,1,1,-10.5322,1.2614
Daniel Carlson,Bijan Robinson,Devaughn Vele,Jahan Dotson,Michael Penix Jr.,Tyler Shough,1,1,-10.7013,1.0652
Bijan Robinson,Chris Olave,Drake London,Falcons,Juwan Johnson,Treyton Welch,1,1,-10.7021,1.0643
Bijan Robinson,Chris Olave,Drake London,Falcons,Juwan Johnson,Nick Muse,1,1,-12.2518,0.226
Tyler Shough,Alvin Kamara,Bijan Robinson,Michael Penix Jr.,Nick Folk,Olamide Zaccheaus,1,1,-9.0956,5.3061
Saints,Bijan Robinson,Brian Robinson Jr.,Chris Olave,Juwan Johnson,Michael Penix Jr.,1,1,-9.7497,2.7585
Michael Penix Jr.,Bijan Robinson,Brian Robinson Jr.,Kevin Austin Jr.,Kyle Pitts Sr.,Tyler Shough,1,1,-11.6314,0.4202
Drake London,Bijan Robinson,Devaughn Vele,Jahan Dotson,Michael Penix Jr.,Zachariah Branch,1,1,-10.706,1.0602
Tyler Shough,Brian Robinson Jr.,Chris Olave,Daniel Carlson,Juwan Johnson,Nick Folk,1,1,-8.4659,9.9599
Devaughn Vele,Alvin Kamara,Austin Hooper,Bijan Robinson,Drake London,Zachariah Branch,1,1,-12.0643,0.2726
Alvin Kamara,Bijan Robinson,Chris Blair,Chris Olave,Drake London,Saints,1,1,-12.1541,0.2492
Alvin Kamara,Bijan Robinson,Chris Olave,Drake London,Oscar Delp,Saints,1,1,-10.2039,1.7516
Bijan Robinson,Barion Brown,Chris Olave,Daniel Carlson,Nick Folk,Tyler Shough,1,1,-10.2911,1.6053
Michael Penix Jr.,Alvin Kamara,Bijan Robinson,Drake London,Juwan Johnson,Treyton Welch,1,1,-11.9374,0.3095
Michael Penix Jr.,Alvin Kamara,Bijan Robinson,Cash Jones,Drake London,Juwan Johnson,1,1,-15.8224,0.0064
Michael Penix Jr.,Alvin Kamara,Bijan Robinson,Drake London,Juwan Johnson,Khalil Herbert,1,1,-13.9252,0.0424
Brian Robinson Jr.,Chris Olave,Drake London,Kendre Miller,Kyle Pitts Sr.,Michael Penix Jr.,1,1,-11.3976,0.5309
Bijan Robinson,Alvin Kamara,Charlie Woerner,Drake London,Kendre Miller,Michael Penix Jr.,1,1,-11.0703,0.7365
Juwan Johnson,Alvin Kamara,Bijan Robinson,Daniel Carlson,Michael Penix Jr.,Nick Folk,1,1,-9.2171,4.6987
Alvin Kamara,Bryce Lance,Chris Olave,Juwan Johnson,Michael Penix Jr.,Tyler Shough,1,1,-8.4095,10.5369
Bijan Robinson,Chris Olave,Daniel Carlson,Devaughn Vele,Falcons,Zachariah Branch,1,1,-10.5367,1.2557
Nick Folk,Bijan Robinson,Chris Olave,Jahan Dotson,Kendre Miller,Tyler Shough,1,1,-10.7989,0.9661
Drake London,Alvin Kamara,Bijan Robinson,Kyle Pitts Sr.,Treyton Welch,Tyler Shough,1,1,-11.0165,0.7772
Tyler Shough,Bijan Robinson,Brian Robinson Jr.,Michael Penix Jr.,Nick Folk,Saints,1,1,-9.2211,4.6802
Jahan Dotson,Bijan Robinson,Drake London,Juwan Johnson,Michael Penix Jr.,Nick Folk,1,1,-10.9841,0.8028
Tyler Shough,Alvin Kamara,Bijan Robinson,Drake London,Falcons,Zachariah Branch,1,1,-10.2525,1.6686
Bijan Robinson,Bryce Lance,Chris Olave,Michael Penix Jr.,Nick Muse,Tyler Shough,1,1,-11.0431,0.7568
Chris Olave,Alvin Kamara,Bijan Robinson,Drake London,Oscar Delp,Saints,1,1,-9.519,3.4745
Devaughn Vele,Bijan Robinson,Bryce Lance,Chris Olave,Daniel Carlson,Juwan Johnson,1,1,-8.9808,5.9513
Bijan Robinson,Drake London,Jahan Dotson,Nick Folk,Olamide Zaccheaus,Tyler Shough,1,1,-8.924,6.2996
Bijan Robinson,Barion Brown,Chris Olave,Juwan Johnson,Tyler Shough,Zachariah Branch,1,1,-11.4474,0.5051
Bijan Robinson,Charlie Woerner,Devaughn Vele,Juwan Johnson,Kyle Pitts Sr.,Tyler Shough,1,1,-10.5223,1.2739
Juwan Johnson,Alvin Kamara,Bijan Robinson,Drake London,Falcons,Nick Folk,1,1,-9.7118,2.8653
Bijan Robinson,Barion Brown,CJ Donaldson,Chris Olave,Drake London,Juwan Johnson,1,1,-11.8073,0.3524
Bijan Robinson,Devaughn Vele,Drake London,Juwan Johnson,Nick Folk,Oscar Delp,1,1,-9.0215,5.7141
Nick Folk,Bijan Robinson,CJ Donaldson,Chris Olave,Juwan Johnson,Tyler Shough,1,1,-11.105,0.7114
Chris Olave,Austin Hooper,Bijan Robinson,Daniel Carlson,Devaughn Vele,Nick Folk,1,1,-9.6081,3.1781
Bijan Robinson,CJ Donaldson,Chris Olave,Daniel Carlson,Falcons,Tyler Shough,1,1,-9.2532,4.5323
Kendre Miller,Alvin Kamara,Bijan Robinson,Devaughn Vele,Kyle Pitts Sr.,Tyler Shough,1,1,-10.8793,0.8915
Drake London,Brian Robinson Jr.,Charlie Woerner,Chris Olave,Michael Penix Jr.,Tyler Shough,1,1,-10.0885,1.9658
Drake London,Brian Robinson Jr.,Chris Blair,Chris Olave,Michael Penix Jr.,Tyler Shough,1,1,-10.1332,1.8799
Drake London,Brian Robinson Jr.,Chris Olave,Michael Penix Jr.,Nick Muse,Tyler Shough,1,1,-11.9824,0.2958
Drake London,Brian Robinson Jr.,Chris Olave,Kevin Austin Jr.,Michael Penix Jr.,Tyler Shough,1,1,-9.94,2.2807
Kyle Pitts Sr.,Bijan Robinson,Chris Olave,Daniel Carlson,Drake London,Jahan Dotson,1,1,-9.5419,3.3956
Alvin Kamara,Devaughn Vele,Drake London,Kyle Pitts Sr.,Nick Folk,Tyler Shough,1,1,-10.2373,1.6941
Chris Olave,Brian Robinson Jr.,Drake London,Kendre Miller,Michael Penix Jr.,Nick Folk,1,1,-9.4982,3.5474
Devaughn Vele,Alvin Kamara,Chris Olave,Drake London,Michael Penix Jr.,Oscar Delp,1,1,-9.9083,2.3541
Drake London,Brian Robinson Jr.,Devaughn Vele,Jahan Dotson,Kyle Pitts Sr.,Michael Penix Jr.,1,1,-10.2669,1.6447
Bijan Robinson,Bryce Lance,Jahan Dotson,Michael Penix Jr.,Nick Folk,Tyler Shough,1,1,-8.0888,14.5217
Drake London,Austin Hooper,Bijan Robinson,CJ Donaldson,Chris Olave,Devaughn Vele,1,1,-10.441,1.3818
Nick Folk,Bijan Robinson,Chris Blair,Chris Olave,Devaughn Vele,Drake London,1,1,-13.0183,0.105
Juwan Johnson,Brian Robinson Jr.,Chris Olave,Kyle Pitts Sr.,Nick Folk,Tyler Shough,1,1,-9.1313,5.1199
Michael Penix Jr.,Bijan Robinson,Chris Olave,Devaughn Vele,Nick Folk,Oscar Delp,1,1,-10.0214,2.1024
Alvin Kamara,Bijan Robinson,Daniel Carlson,Kendre Miller,Nick Folk,Tyler Shough,1,1,-9.8375,2.5267
Alvin Kamara,Bijan Robinson,Charlie Smyth,Daniel Carlson,Juwan Johnson,Tyler Shough,1,1,-13.0051,0.1064
Chris Olave,Bijan Robinson,Charlie Woerner,Devaughn Vele,Falcons,Michael Penix Jr.,1,1,-11.2815,0.5963
Chris Olave,Bijan Robinson,Devaughn Vele,Falcons,Kevin Austin Jr.,Michael Penix Jr.,1,1,-11.1329,0.6918
Chris Olave,Alvin Kamara,Devaughn Vele,Juwan Johnson,Michael Penix Jr.,Olamide Zaccheaus,1,1,-9.6967,2.9087
Tyler Shough,Brian Robinson Jr.,Chris Olave,Drake London,Kendre Miller,Nick Folk,1,1,-8.9337,6.2387
Bijan Robinson,Barion Brown,Cedric Tillman,Chris Olave,Drake London,Tyler Shough,1,1,-15.751,0.0068
Bijan Robinson,Barion Brown,Chris Olave,Drake London,Treyton Welch,Tyler Shough,1,1,-12.3768,0.1994
Bijan Robinson,Barion Brown,Chris Olave,Drake London,Tyler Shough,Zamir White,1,1,-15.0578,0.0137
Juwan Johnson,Alvin Kamara,Bijan Robinson,Drake London,Michael Penix Jr.,Oscar Delp,1,1,-9.053,5.5369
Bijan Robinson,Drake London,Jahan Dotson,Juwan Johnson,Michael Penix Jr.,Olamide Zaccheaus,1,1,-8.9877,5.9104
Bijan Robinson,CJ Donaldson,Chris Olave,Falcons,Michael Penix Jr.,Nick Folk,1,1,-10.0807,1.9812
Chris Olave,Alvin Kamara,CJ Donaldson,Michael Penix Jr.,Nick Folk,Tyler Shough,1,1,-9.8393,2.5222
Tyler Shough,Alvin Kamara,Chris Blair,Chris Olave,Devaughn Vele,Juwan Johnson,1,1,-10.7334,1.0315
Juwan Johnson,Brian Robinson Jr.,Devaughn Vele,Michael Penix Jr.,Nick Folk,Tyler Shough,1,1,-9.2925,4.3576
Drake London,Bijan Robinson,Chris Olave,Daniel Carlson,Falcons,Jahan Dotson,1,1,-9.0175,5.7369
Bijan Robinson,CJ Donaldson,Devaughn Vele,Juwan Johnson,Tyler Shough,Zachariah Branch,1,1,-10.9787,0.8071
Bijan Robinson,Austin Hooper,Chris Olave,Devaughn Vele,Kendre Miller,Kyle Pitts Sr.,1,1,-9.8845,2.4107
Kendre Miller,Alvin Kamara,Bijan Robinson,Brian Robinson Jr.,Daniel Carlson,Nick Folk,1,1,-11.5882,0.4388
Kevin Austin Jr.,Bijan Robinson,Chris Olave,Devaughn Vele,Juwan Johnson,Tyler Shough,1,1,-12.6373,0.1537
Chris Olave,Bijan Robinson,CJ Donaldson,Daniel Carlson,Drake London,Nick Folk,1,1,-9.9164,2.3351
Nick Folk,Alvin Kamara,Bijan Robinson,Chris Olave,Daniel Carlson,Kendre Miller,1,1,-11.4125,0.5231
Chris Olave,Bijan Robinson,Bryce Lance,Devaughn Vele,Juwan Johnson,Kendre Miller,1,1,-8.8881,6.5296
Nick Folk,Alvin Kamara,Bijan Robinson,Chris Olave,Juwan Johnson,Saints,1,1,-11.4271,0.5155
Bryce Lance,Alvin Kamara,Bijan Robinson,Drake London,Juwan Johnson,Tyler Shough,1,1,-9.9817,2.1874
Bijan Robinson,Alvin Kamara,Charlie Smyth,Daniel Carlson,Kyle Pitts Sr.,Tyler Shough,1,1,-12.5833,0.1622
Michael Penix Jr.,Bijan Robinson,Daniel Carlson,Devaughn Vele,Jahan Dotson,Juwan Johnson,1,1,-10.1028,1.9379
Bijan Robinson,Devaughn Vele,Jahan Dotson,Juwan Johnson,Michael Penix Jr.,Saints,1,1,-9.5947,3.2211
Bijan Robinson,Alvin Kamara,Daniel Carlson,Falcons,Juwan Johnson,Kyle Pitts Sr.,1,1,-9.5064,3.5186
Chris Olave,Bijan Robinson,Daniel Carlson,Dylan Drummond,Juwan Johnson,Tyler Shough,1,1,-14.3217,0.0285
Jahan Dotson,Bijan Robinson,Devaughn Vele,Drake London,Kendre Miller,Michael Penix Jr.,1,1,-11.7613,0.369
Chris Olave,Bijan Robinson,Jahan Dotson,Kyle Pitts Sr.,Michael Penix Jr.,Olamide Zaccheaus,1,1,-9.7501,2.7576
Devaughn Vele,Chris Olave,Drake London,Jahan Dotson,Michael Penix Jr.,Nick Folk,1,1,-10.0142,2.1175
Tyler Shough,Alvin Kamara,Chris Olave,Devaughn Vele,Falcons,Kyle Pitts Sr.,1,1,-9.5555,3.3498
Devaughn Vele,Alvin Kamara,Chris Olave,Daniel Carlson,Juwan Johnson,Nick Folk,1,1,-10.1095,1.9251
Devaughn Vele,Bijan Robinson,Chris Olave,Daniel Carlson,Falcons,Nick Folk,1,1,-10.1376,1.8717
Bijan Robinson,Bryce Lance,Chris Olave,Devaughn Vele,Kendre Miller,Kyle Pitts Sr.,1,1,-9.1512,5.0188
Kendre Miller,Alvin Kamara,Bijan Robinson,Chris Olave,Daniel Carlson,Juwan Johnson,1,1,-10.2573,1.6606
Jahan Dotson,Bijan Robinson,Chris Olave,Nick Folk,Tua Tagovailoa,Tyler Shough,1,1,-16.6497,0.0028
Devaughn Vele,Bijan Robinson,Chris Olave,Oscar Delp,Tyler Shough,Zachariah Branch,1,1,-10.5714,1.2129
Chris Olave,Austin Hooper,Bijan Robinson,Bryce Lance,Devaughn Vele,Michael Penix Jr.,1,1,-8.9578,6.0899
Bijan Robinson,Austin Hooper,CJ Donaldson,Devaughn Vele,Michael Penix Jr.,Tyler Shough,1,1,-9.9053,2.361
Tyler Shough,Bijan Robinson,Bryce Lance,Chris Olave,Daniel Carlson,Jahan Dotson,1,1,-7.9276,17.0623
Chris Olave,Bijan Robinson,Bryce Lance,Devaughn Vele,Drake London,Oscar Delp,1,1,-8.7107,7.7967
Alvin Kamara,Austin Hooper,Bijan Robinson,Chris Olave,Juwan Johnson,Saints,1,1,-10.488,1.3184
Alvin Kamara,Chris Olave,Daniel Carlson,Drake London,Juwan Johnson,Nick Folk,1,1,-9.6153,3.1555
Chris Olave,Bijan Robinson,Bryce Lance,Devaughn Vele,Drake London,Olamide Zaccheaus,1,1,-9.0597,5.4999
Bijan Robinson,Chris Olave,Daniel Carlson,Kyle Pitts Sr.,Treyton Welch,Tyler Shough,1,1,-10.2944,1.6
Bijan Robinson,Bryce Lance,CJ Donaldson,Chris Olave,Kyle Pitts Sr.,Tyler Shough,1,1,-9.0108,5.7753
Bijan Robinson,Alvin Kamara,Charlie Smyth,Kyle Pitts Sr.,Michael Penix Jr.,Nick Folk,1,1,-13.4109,0.0709
Bijan Robinson,Chris Blair,Chris Olave,Daniel Carlson,Drake London,Nick Folk,1,1,-10.3996,1.4403
Bijan Robinson,Alvin Kamara,Daniel Carlson,Devaughn Vele,Nick Folk,Saints,1,1,-10.1445,1.8587
Jahan Dotson,Bijan Robinson,Chris Olave,Juwan Johnson,Saints,Tyler Shough,1,1,-10.6854,1.0823
Chris Olave,Devaughn Vele,Drake London,Jahan Dotson,Tyler Shough,Zachariah Branch,1,1,-10.237,1.6945
Drake London,Bijan Robinson,Brian Robinson Jr.,Falcons,Kevin Austin Jr.,Tyler Shough,1,1,-10.7444,1.0202
Michael Penix Jr.,Bijan Robinson,Bryce Lance,Devaughn Vele,Jahan Dotson,Tyler Shough,1,1,-9.3887,3.958
Drake London,Austin Hooper,Bijan Robinson,Chris Olave,Jahan Dotson,Kyle Pitts Sr.,1,1,-9.5084,3.5114
Alvin Kamara,Bijan Robinson,Chris Olave,Daniel Carlson,Kyle Pitts Sr.,Saints,1,1,-10.5187,1.2786
Bijan Robinson,Bryce Lance,Chris Olave,Juwan Johnson,Kevin Austin Jr.,Tyler Shough,1,1,-9.0376,5.6227
Bijan Robinson,Bryce Lance,Chris Blair,Chris Olave,Juwan Johnson,Tyler Shough,1,1,-9.2309,4.6346
Michael Penix Jr.,Bijan Robinson,Devaughn Vele,Drake London,Jahan Dotson,Zachariah Branch,1,1,-11.7137,0.387
Alvin Kamara,Daniel Carlson,Devaughn Vele,Juwan Johnson,Michael Penix Jr.,Tyler Shough,1,1,-9.3718,4.0256
Alvin Kamara,Bijan Robinson,Bryce Lance,Kendre Miller,Michael Penix Jr.,Tyler Shough,1,1,-9.1872,4.8416
Drake London,Brian Robinson Jr.,Chris Olave,Nick Folk,Tyler Shough,Zachariah Branch,1,1,-9.995,2.1585
Drake London,Bijan Robinson,CJ Donaldson,Jahan Dotson,Juwan Johnson,Tyler Shough,1,1,-9.4595,3.6874
Saints,Bijan Robinson,Brian Robinson Jr.,Chris Olave,Kyle Pitts Sr.,Tyler Shough,1,1,-9.8366,2.529
Tyler Shough,Bijan Robinson,Devaughn Vele,Jahan Dotson,Kevin Austin Jr.,Michael Penix Jr.,1,1,-10.7548,1.0097
Tyler Shough,Bijan Robinson,Devaughn Vele,Jahan Dotson,Michael Penix Jr.,Olamide Zaccheaus,1,1,-9.3467,4.1276
Michael Penix Jr.,Alvin Kamara,Brian Robinson Jr.,Charlie Smyth,Drake London,Tyler Shough,1,1,-13.7294,0.0516
Bijan Robinson,Daniel Carlson,Falcons,Jahan Dotson,Michael Penix Jr.,Tyler Shough,1,1,-8.4818,9.8025
Tyler Shough,Bijan Robinson,Chris Olave,Dylan Drummond,Juwan Johnson,Nick Folk,1,1,-14.5847,0.0219
Bijan Robinson,Chris Blair,Daniel Carlson,Devaughn Vele,Michael Penix Jr.,Tyler Shough,1,1,-10.156,1.8375
Kyle Pitts Sr.,Alvin Kamara,Bijan Robinson,Devaughn Vele,Kendre Miller,Michael Penix Jr.,1,1,-10.689,1.0783
Alvin Kamara,Devaughn Vele,Drake London,Falcons,Juwan Johnson,Tyler Shough,1,1,-9.8664,2.4549
Chris Olave,Brian Robinson Jr.,Juwan Johnson,Kendre Miller,Kyle Pitts Sr.,Tyler Shough,1,1,-9.1305,5.1238
Tyler Shough,Bijan Robinson,CJ Donaldson,Devaughn Vele,Michael Penix Jr.,Nick Folk,1,1,-9.9358,2.2902
Tyler Shough,Alvin Kamara,Bijan Robinson,Daniel Carlson,Drake London,Oscar Delp,1,1,-8.4745,9.8746
Drake London,Alvin Kamara,Bijan Robinson,Charlie Smyth,Chris Olave,Oscar Delp,1,1,-12.8531,0.1238
Saints,Alvin Kamara,Bijan Robinson,Chris Olave,Devaughn Vele,Nick Folk,1,1,-10.7228,1.0425
Daniel Carlson,Alvin Kamara,Bijan Robinson,Drake London,Juwan Johnson,Nick Folk,1,1,-11.0426,0.7572
Devaughn Vele,Austin Hooper,Bijan Robinson,Chris Olave,Kyle Pitts Sr.,Nick Folk,1,1,-10.6285,1.1456
Bijan Robinson,Austin Hooper,Devaughn Vele,Kyle Pitts Sr.,Nick Folk,Tyler Shough,1,1,-9.3554,4.0918
Devaughn Vele,Brian Robinson Jr.,Drake London,Kendre Miller,Michael Penix Jr.,Tyler Shough,1,1,-9.8523,2.4897
Kendre Miller,Bijan Robinson,Brian Robinson Jr.,Chris Olave,Drake London,Noah Fant,1,1,-13.7136,0.0524
Bryce Lance,Alvin Kamara,Austin Hooper,Bijan Robinson,Chris Olave,Devaughn Vele,1,1,-11.6907,0.396
Chris Olave,Bijan Robinson,Falcons,Jahan Dotson,Olamide Zaccheaus,Tyler Shough,1,1,-9.3154,4.259
Chris Olave,Bijan Robinson,Cedric Tillman,Devaughn Vele,Noah Fant,Tyler Shough,1,1,-17.3432,0.0014
Devaughn Vele,Bijan Robinson,CJ Donaldson,Juwan Johnson,Nick Folk,Tyler Shough,1,1,-10.5796,1.203
Chris Olave,Bijan Robinson,Devaughn Vele,Olamide Zaccheaus,Oscar Delp,Tyler Shough,1,1,-9.0394,5.6128
Falcons,Bijan Robinson,Brian Robinson Jr.,Chris Olave,Saints,Tyler Shough,1,1,-10.5631,1.223
Chris Olave,Bijan Robinson,Chris Blair,Devaughn Vele,Olamide Zaccheaus,Tyler Shough,1,1,-10.9896,0.7984
Chris Olave,Bijan Robinson,Devaughn Vele,Olamide Zaccheaus,Treyton Welch,Tyler Shough,1,1,-11.2892,0.5917
Drake London,Brian Robinson Jr.,Chris Olave,Daniel Carlson,Michael Penix Jr.,Nick Folk,1,1,-8.9025,6.4362
Tyler Shough,Alvin Kamara,Austin Hooper,Bijan Robinson,Drake London,Falcons,1,1,-9.2161,4.7034
Alvin Kamara,Bijan Robinson,Devaughn Vele,Drake London,Falcons,Saints,1,1,-11.1745,0.6636
Bijan Robinson,CJ Donaldson,Chris Olave,Nick Folk,Olamide Zaccheaus,Tyler Shough,1,1,-9.7442,2.7737
Bijan Robinson,CJ Donaldson,Chris Olave,Nick Folk,Noah Fant,Tyler Shough,1,1,-12.424,0.1902
Kyle Pitts Sr.,Brian Robinson Jr.,Chris Olave,Jahan Dotson,Juwan Johnson,Michael Penix Jr.,1,1,-10.1574,1.835
Bijan Robinson,Alvin Kamara,Bryce Lance,Chris Blair,Drake London,Michael Penix Jr.,1,1,-10.4885,1.3177
Bijan Robinson,Alvin Kamara,Bryce Lance,Drake London,Michael Penix Jr.,Noah Fant,1,1,-11.567,0.4482
Tua Tagovailoa,Bijan Robinson,Brian Robinson Jr.,Chris Olave,Kendre Miller,Tyler Shough,1,1,-14.7956,0.0178
Chris Olave,Brian Robinson Jr.,Drake London,Kyle Pitts Sr.,Noah Fant,Tyler Shough,1,1,-11.9819,0.296
Drake London,Brian Robinson Jr.,Chris Olave,Falcons,Kyle Pitts Sr.,Tyler Shough,1,1,-8.9924,5.883
Tyler Shough,Alvin Kamara,Bijan Robinson,Khalil Herbert,Kyle Pitts Sr.,Michael Penix Jr.,1,1,-13.135,0.0934
Chris Olave,Austin Hooper,Brian Robinson Jr.,Drake London,Michael Penix Jr.,Nick Folk,1,1,-9.605,3.1881
Tyler Shough,Bijan Robinson,Brian Robinson Jr.,Drake London,Kendre Miller,Noah Fant,1,1,-12.1081,0.2609
Bijan Robinson,Bryce Lance,Devaughn Vele,Kyle Pitts Sr.,Nick Folk,Tyler Shough,1,1,-8.6222,8.5186
Bijan Robinson,Alvin Kamara,Falcons,Nick Folk,Tua Tagovailoa,Tyler Shough,1,1,-15.0239,0.0141
Michael Penix Jr.,Bijan Robinson,Brian Robinson Jr.,Drake London,Kyle Pitts Sr.,Noah Fant,1,1,-13.4586,0.0676
Bijan Robinson,Chris Olave,Devaughn Vele,Falcons,Kyle Pitts Sr.,Oscar Delp,1,1,-9.6761,2.9693
Chris Olave,Alvin Kamara,Devaughn Vele,Kyle Pitts Sr.,Olamide Zaccheaus,Tyler Shough,1,1,-9.7836,2.6667
Alvin Kamara,Chris Olave,Drake London,Jahan Dotson,Saints,Tyler Shough,1,1,-9.9606,2.2341
Jahan Dotson,Bijan Robinson,Drake London,Juwan Johnson,Kyle Pitts Sr.,Michael Penix Jr.,1,1,-11.1347,0.6905
Michael Penix Jr.,Brian Robinson Jr.,Chris Olave,Devaughn Vele,Saints,Tyler Shough,1,1,-10.1466,1.8548
Tyler Shough,Alvin Kamara,Bijan Robinson,Bryce Lance,Drake London,Falcons,1,1,-8.4829,9.7919
Tyler Shough,Alvin Kamara,Bijan Robinson,Devaughn Vele,Kendre Miller,Olamide Zaccheaus,1,1,-9.9098,2.3505
Drake London,Alvin Kamara,Chris Olave,Devaughn Vele,Falcons,Nick Folk,1,1,-9.8786,2.4251
Drake London,Alvin Kamara,Bijan Robinson,Jahan Dotson,Juwan Johnson,Saints,1,1,-9.7817,2.6718
Kyle Pitts Sr.,Barion Brown,Bijan Robinson,Chris Olave,Devaughn Vele,Tyler Shough,1,1,-11.6512,0.412
Bijan Robinson,Barion Brown,Bryce Lance,Chris Olave,Juwan Johnson,Tyler Shough,1,1,-9.6778,2.9643
Juwan Johnson,Alvin Kamara,Bijan Robinson,Jahan Dotson,Saints,Tyler Shough,1,1,-9.5995,3.2057
Michael Penix Jr.,Bijan Robinson,Chris Olave,Jahan Dotson,Kendre Miller,Nick Folk,1,1,-10.3076,1.579
Kyle Pitts Sr.,Alvin Kamara,Chris Olave,Drake London,Jahan Dotson,Michael Penix Jr.,1,1,-10.0203,2.1047
Bijan Robinson,Bryce Lance,Chris Olave,Drake London,Khalil Herbert,Michael Penix Jr.,1,1,-12.0367,0.2802
Drake London,Brian Robinson Jr.,Devaughn Vele,Falcons,Michael Penix Jr.,Tyler Shough,1,1,-9.1536,5.0071
Juwan Johnson,Alvin Kamara,Bijan Robinson,Drake London,Falcons,Kyle Pitts Sr.,1,1,-9.8624,2.4646
Bijan Robinson,Devaughn Vele,Drake London,Juwan Johnson,Kevin Austin Jr.,Kyle Pitts Sr.,1,1,-10.9291,0.8481
Chris Olave,Brian Robinson Jr.,Bryce Lance,Drake London,Michael Penix Jr.,Nick Folk,1,1,-8.8717,6.6373
Chris Olave,Bijan Robinson,Devaughn Vele,Kendre Miller,Khalil Herbert,Michael Penix Jr.,1,1,-13.6238,0.0573
Falcons,Bijan Robinson,Chris Olave,Devaughn Vele,Juwan Johnson,Nick Folk,1,1,-10.641,1.1313
Chris Olave,Austin Hooper,Bijan Robinson,Daniel Carlson,Devaughn Vele,Kyle Pitts Sr.,1,1,-9.7588,2.7337
Devaughn Vele,Austin Hooper,Bijan Robinson,Bryce Lance,Chris Olave,Drake London,1,1,-9.5554,3.3503
Bijan Robinson,Chris Blair,Chris Olave,Falcons,Nick Folk,Tyler Shough,1,1,-10.3877,1.4576
Michael Penix Jr.,Alvin Kamara,Bijan Robinson,Drake London,Jahan Dotson,Saints,1,1,-10.7523,1.0122
Nick Folk,Alvin Kamara,Austin Hooper,Bijan Robinson,Michael Penix Jr.,Tyler Shough,1,1,-10.9664,0.8172
Chris Olave,Bijan Robinson,CJ Donaldson,Kevin Austin Jr.,Michael Penix Jr.,Tyler Shough,1,1,-11.0027,0.788
Bijan Robinson,CJ Donaldson,Chris Olave,Daniel Carlson,Drake London,Falcons,1,1,-9.8086,2.6008
Tyler Shough,Bijan Robinson,Chris Olave,Falcons,Jahan Dotson,Kendre Miller,1,1,-9.0976,5.2956
Bijan Robinson,Bryce Lance,Jahan Dotson,Kyle Pitts Sr.,Michael Penix Jr.,Tyler Shough,1,1,-8.2394,12.4908
Bijan Robinson,Alvin Kamara,Michael Penix Jr.,Noah Fant,Olamide Zaccheaus,Tyler Shough,1,1,-11.8957,0.3226
Bijan Robinson,Alvin Kamara,Michael Penix Jr.,Saints,Tyler Shough,Zachariah Branch,1,1,-10.1758,1.8016
Chris Olave,Austin Hooper,Bijan Robinson,Bryce Lance,Devaughn Vele,Juwan Johnson,1,1,-8.9949,5.8684
Chris Olave,Bijan Robinson,CJ Donaldson,Juwan Johnson,Kyle Pitts Sr.,Nick Folk,1,1,-10.3762,1.4744
Michael Penix Jr.,Bijan Robinson,Chris Olave,Devaughn Vele,Kyle Pitts Sr.,Stone Smartt,1,1,-16.3069,0.0039
Michael Penix Jr.,Alvin Kamara,Bijan Robinson,Falcons,Juwan Johnson,Nick Folk,1,1,-10.3951,1.4467
Devaughn Vele,Bijan Robinson,CJ Donaldson,Kyle Pitts Sr.,Michael Penix Jr.,Tyler Shough,1,1,-10.6932,1.0738
Chris Olave,Barion Brown,Bijan Robinson,Chris Blair,Devaughn Vele,Tyler Shough,1,1,-13.0378,0.103
Nick Folk,Chris Olave,Devaughn Vele,Drake London,Jahan Dotson,Tyler Shough,1,1,-10.8247,0.9415
Devaughn Vele,Bijan Robinson,CJ Donaldson,Drake London,Michael Penix Jr.,Nick Folk,1,1,-11.098,0.7164
Drake London,Alvin Kamara,Chris Olave,Devaughn Vele,Michael Penix Jr.,Treyton Welch,1,1,-11.4697,0.494
Alvin Kamara,Bijan Robinson,Drake London,Juwan Johnson,Nick Folk,Saints,1,1,-10.4076,1.4289
Juwan Johnson,Alvin Kamara,Chris Olave,Devaughn Vele,Falcons,Michael Penix Jr.,1,1,-9.7602,2.7299
Bijan Robinson,Chris Olave,Falcons,Michael Penix Jr.,Nick Folk,Zachariah Branch,1,1,-10.2762,1.6294
Bijan Robinson,CJ Donaldson,Chris Olave,Falcons,Kyle Pitts Sr.,Michael Penix Jr.,1,1,-10.2314,1.7041
Alvin Kamara,Chris Blair,Chris Olave,Juwan Johnson,Michael Penix Jr.,Tyler Shough,1,1,-10.8949,0.8777
Devaughn Vele,Bijan Robinson,Juwan Johnson,Khalil Herbert,Michael Penix Jr.,Tyler Shough,1,1,-13.2007,0.0875
Chris Olave,Alvin Kamara,Michael Penix Jr.,Nick Folk,Tyler Shough,Zachariah Branch,1,1,-10.0348,2.0744
Devaughn Vele,Beaux Collins,Bijan Robinson,Juwan Johnson,Michael Penix Jr.,Tyler Shough,1,1,-18.499,0.0004
Juwan Johnson,Alvin Kamara,Chris Olave,Devaughn Vele,Kyle Pitts Sr.,Nick Folk,1,1,-10.1681,1.8154
Bijan Robinson,Alvin Kamara,Daniel Carlson,Juwan Johnson,Kendre Miller,Kyle Pitts Sr.,1,1,-9.5166,3.4828
Daniel Carlson,Bijan Robinson,Bryce Lance,Chris Olave,Devaughn Vele,Tyler Shough,1,1,-9.8986,2.377
Drake London,Alvin Kamara,Bijan Robinson,Daniel Carlson,Treyton Welch,Tyler Shough,1,1,-10.6426,1.1296
Nick Folk,Alvin Kamara,Bijan Robinson,Devaughn Vele,Saints,Tyler Shough,1,1,-11.6752,0.4022
Nick Folk,Alvin Kamara,Bijan Robinson,Drake London,Michael Penix Jr.,Zachariah Branch,1,1,-12.5581,0.1664
Michael Penix Jr.,Austin Hooper,Bijan Robinson,Brian Robinson Jr.,Falcons,Tyler Shough,1,1,-10.2422,1.6858
Tyler Shough,Bijan Robinson,Devaughn Vele,Jahan Dotson,Kendre Miller,Nick Folk,1,1,-9.6668,2.9972
Bijan Robinson,Chris Olave,Michael Penix Jr.,Olamide Zaccheaus,Treyton Welch,Tyler Shough,1,1,-10.3775,1.4725
Bijan Robinson,Charlie Woerner,Chris Olave,Michael Penix Jr.,Oscar Delp,Tyler Shough,1,1,-9.6842,2.9453
Tyler Shough,Bijan Robinson,Charlie Smyth,Devaughn Vele,Jahan Dotson,Juwan Johnson,1,1,-12.8343,0.1262
Bijan Robinson,Chris Olave,Jack Velling,Kevin Austin Jr.,Michael Penix Jr.,Tyler Shough,1,1,-16.7691,0.0025
Bijan Robinson,Chris Olave,Michael Penix Jr.,Nick Muse,Olamide Zaccheaus,Tyler Shough,1,1,-11.9271,0.3127
Bijan Robinson,Daniel Carlson,Devaughn Vele,Juwan Johnson,Oscar Delp,Tyler Shough,1,1,-8.2428,12.4484
Juwan Johnson,Bijan Robinson,Chris Olave,Jahan Dotson,Michael Penix Jr.,Olamide Zaccheaus,1,1,-9.3901,3.9523
Bijan Robinson,Chris Olave,Daniel Carlson,Juwan Johnson,Kyle Pitts Sr.,Zachariah Branch,1,1,-9.9204,2.3257
Bijan Robinson,Alvin Kamara,Austin Hooper,Charlie Smyth,Drake London,Juwan Johnson,1,1,-13.108,0.096
Devaughn Vele,Austin Hooper,Bijan Robinson,Chris Olave,Olamide Zaccheaus,Tyler Shough,1,1,-9.884,2.4119
Tyler Shough,Alvin Kamara,CJ Donaldson,Chris Olave,Drake London,Nick Folk,1,1,-9.8301,2.5455
Oscar Delp,Bijan Robinson,Chris Olave,Devaughn Vele,Drake London,Juwan Johnson,1,1,-11.3601,0.5512
Chris Blair,Bijan Robinson,Chris Olave,Devaughn Vele,Drake London,Juwan Johnson,1,1,-14.5789,0.022
Kendre Miller,Alvin Kamara,Bijan Robinson,Chris Olave,Falcons,Michael Penix Jr.,1,1,-10.7637,1.0007
Chris Olave,Brian Robinson Jr.,Daniel Carlson,Kendre Miller,Michael Penix Jr.,Tyler Shough,1,1,-8.7196,7.7281
Kendre Miller,Alvin Kamara,Bijan Robinson,Chris Olave,Kyle Pitts Sr.,Nick Folk,1,1,-11.1717,0.6655
Juwan Johnson,Alvin Kamara,Austin Hooper,Chris Olave,Devaughn Vele,Drake London,1,1,-9.8283,2.5502
Alvin Kamara,Daniel Carlson,Devaughn Vele,Drake London,Nick Folk,Tyler Shough,1,1,-9.8634,2.4622
Drake London,Alvin Kamara,Bijan Robinson,Chris Blair,Michael Penix Jr.,Nick Folk,1,1,-11.1705,0.6662
Michael Penix Jr.,Austin Hooper,Brian Robinson Jr.,Chris Olave,Juwan Johnson,Tyler Shough,1,1,-9.4748,3.6314
Drake London,Alvin Kamara,Bijan Robinson,Charlie Woerner,Michael Penix Jr.,Nick Folk,1,1,-11.1259,0.6967
Drake London,Alvin Kamara,Bijan Robinson,Kevin Austin Jr.,Michael Penix Jr.,Nick Folk,1,1,-10.9773,0.8083
Bijan Robinson,Jahan Dotson,Kevin Austin Jr.,Michael Penix Jr.,Nick Folk,Tyler Shough,1,1,-10.3809,1.4675
Kyle Pitts Sr.,Bijan Robinson,Chris Olave,Jahan Dotson,Kendre Miller,Tyler Shough,1,1,-9.5403,3.4013
Chris Olave,Austin Hooper,Brian Robinson Jr.,Juwan Johnson,Kyle Pitts Sr.,Tyler Shough,1,1,-9.2373,4.605
Devaughn Vele,Bijan Robinson,Bryce Lance,Chris Olave,Olamide Zaccheaus,Tyler Shough,1,1,-9.1508,5.0212
Devaughn Vele,Alvin Kamara,Austin Hooper,Chris Olave,Kyle Pitts Sr.,Tyler Shough,1,1,-10.2793,1.6244
Devaughn Vele,Alvin Kamara,Bijan Robinson,Kyle Pitts Sr.,Michael Penix Jr.,Saints,1,1,-11.0154,0.7781
Tyler Shough,Alvin Kamara,Bijan Robinson,Chris Olave,Kevin Austin Jr.,Saints,1,1,-10.7603,1.0042
Tyler Shough,Alvin Kamara,Bijan Robinson,Juwan Johnson,Kyle Pitts Sr.,Olamide Zaccheaus,1,1,-9.2833,4.398
Tyler Shough,Alvin Kamara,Bijan Robinson,Kendre Miller,Kyle Pitts Sr.,Nick Folk,1,1,-9.5662,3.3141
Bijan Robinson,Austin Hooper,Devaughn Vele,Michael Penix Jr.,Tyler Shough,Zachariah Branch,1,1,-10.1008,1.9418
Drake London,Brian Robinson Jr.,Bryce Lance,Chris Olave,Devaughn Vele,Kyle Pitts Sr.,1,1,-9.4641,3.6704
Bijan Robinson,Devaughn Vele,Drake London,Olamide Zaccheaus,Tyler Shough,Zachariah Branch,1,1,-10.2027,1.7537
Bijan Robinson,Bryce Lance,Chris Olave,Kyle Pitts Sr.,Tyler Shough,Zachariah Branch,1,1,-9.2063,4.7499
Juwan Johnson,Alvin Kamara,Bijan Robinson,Chris Olave,Daniel Carlson,Saints,1,1,-9.4738,3.635
Bijan Robinson,Devaughn Vele,Drake London,Falcons,Juwan Johnson,Zachariah Branch,1,1,-10.5762,1.2071
Chris Olave,Alvin Kamara,Devaughn Vele,Falcons,Kendre Miller,Tyler Shough,1,1,-9.6956,2.9119
Nick Folk,Bijan Robinson,Chris Olave,Devaughn Vele,Michael Penix Jr.,Olamide Zaccheaus,1,1,-11.4659,0.4959
Devaughn Vele,Bijan Robinson,Charlie Woerner,Chris Olave,Drake London,Kendre Miller,1,1,-11.8893,0.3247
Devaughn Vele,Bijan Robinson,Chris Olave,Drake London,Kendre Miller,Oscar Delp,1,1,-9.9837,2.1831
Bryce Lance,Bijan Robinson,Chris Olave,Devaughn Vele,Kyle Pitts Sr.,Tyler Shough,1,1,-10.4662,1.3475
Bijan Robinson,Austin Hooper,Chris Olave,Jahan Dotson,Saints,Tyler Shough,1,1,-9.0787,5.3962
Alvin Kamara,Barion Brown,Chris Olave,Juwan Johnson,Michael Penix Jr.,Tyler Shough,1,1,-11.3418,0.5614
Kyle Pitts Sr.,Bijan Robinson,Chris Olave,Devaughn Vele,Drake London,Oscar Delp,1,1,-9.8094,2.5987
Juwan Johnson,Bijan Robinson,Devaughn Vele,Drake London,Jahan Dotson,Kendre Miller,1,1,-9.9731,2.2062
Chris Olave,Bijan Robinson,Bryce Lance,Cedric Tillman,Drake London,Tyler Shough,1,1,-13.2467,0.0836
Drake London,Bijan Robinson,Jahan Dotson,Juwan Johnson,Tyler Shough,Zachariah Branch,1,1,-9.655,3.0327
Chris Olave,Bijan Robinson,Jahan Dotson,Kendre Miller,Oscar Delp,Tyler Shough,1,1,-8.9767,5.9762
Tyler Shough,Brian Robinson Jr.,Chris Olave,Juwan Johnson,Michael Penix Jr.,Olamide Zaccheaus,1,1,-8.6996,7.8842
Tyler Shough,Brian Robinson Jr.,Chris Olave,Kendre Miller,Michael Penix Jr.,Nick Folk,1,1,-8.9825,5.9411
Alvin Kamara,Bijan Robinson,Bryce Lance,Drake London,Kendre Miller,Michael Penix Jr.,1,1,-9.7426,2.7783
Bijan Robinson,Bryce Lance,Devaughn Vele,Michael Penix Jr.,Tyler Shough,Zachariah Branch,1,1,-9.3675,4.0427
Bijan Robinson,Barion Brown,Chris Olave,Kevin Austin Jr.,Michael Penix Jr.,Tyler Shough,1,1,-11.9328,0.3109
Bijan Robinson,Barion Brown,Chris Blair,Chris Olave,Michael Penix Jr.,Tyler Shough,1,1,-12.1261,0.2562
Bijan Robinson,Barion Brown,Chris Olave,Michael Penix Jr.,Tyler Shough,Zamir White,1,1,-15.1067,0.013
Chris Olave,Bijan Robinson,Chris Blair,Devaughn Vele,Juwan Johnson,Kendre Miller,1,1,-11.3734,0.5439
Michael Penix Jr.,Bijan Robinson,Chris Olave,Devaughn Vele,Falcons,Zachariah Branch,1,1,-11.5761,0.4441
Bijan Robinson,Charlie Woerner,Daniel Carlson,Devaughn Vele,Drake London,Michael Penix Jr.,1,1,-10.6668,1.1026
Bijan Robinson,Barion Brown,Chris Olave,Falcons,Juwan Johnson,Michael Penix Jr.,1,1,-10.8984,0.8747
Devaughn Vele,Chris Olave,Daniel Carlson,Jahan Dotson,Michael Penix Jr.,Tyler Shough,1,1,-9.2356,4.613
Kevin Austin Jr.,Alvin Kamara,Bijan Robinson,Drake London,Michael Penix Jr.,Tyler Shough,1,1,-12.8069,0.1297
Chris Olave,Bijan Robinson,CJ Donaldson,Juwan Johnson,Olamide Zaccheaus,Tyler Shough,1,1,-9.6317,3.104
Chris Olave,Bijan Robinson,CJ Donaldson,Kendre Miller,Nick Folk,Tyler Shough,1,1,-9.9147,2.339
Chris Olave,Bijan Robinson,CJ Donaldson,Chris Blair,Juwan Johnson,Tyler Shough,1,1,-11.233,0.6259
Alvin Kamara,Bryce Lance,Chris Olave,Drake London,Kyle Pitts Sr.,Tyler Shough,1,1,-9.0518,5.5434
Tyler Shough,Alvin Kamara,Brian Robinson Jr.,Drake London,Michael Penix Jr.,Saints,1,1,-9.4273,3.8082
Chris Olave,Bijan Robinson,Jahan Dotson,Michael Penix Jr.,Nick Folk,Saints,1,1,-9.6738,2.9762
Tyler Shough,Alvin Kamara,Chris Olave,Daniel Carlson,Devaughn Vele,Falcons,1,1,-9.1816,4.8686
Saints,Alvin Kamara,Bijan Robinson,Chris Olave,Devaughn Vele,Kyle Pitts Sr.,1,1,-10.8735,0.8967
Juwan Johnson,Brian Robinson Jr.,Chris Olave,Drake London,Noah Fant,Tyler Shough,1,1,-11.622,0.4242
Drake London,Brian Robinson Jr.,Devaughn Vele,Michael Penix Jr.,Tyler Shough,Zachariah Branch,1,1,-10.3069,1.5802
Falcons,Alvin Kamara,Chris Olave,Devaughn Vele,Juwan Johnson,Tyler Shough,1,1,-10.2918,1.6042
Tyler Shough,Bijan Robinson,Falcons,Jahan Dotson,Juwan Johnson,Michael Penix Jr.,1,1,-8.6323,8.4332
Saints,Bijan Robinson,Brian Robinson Jr.,Devaughn Vele,Drake London,Michael Penix Jr.,1,1,-10.5532,1.2352
Brian Robinson Jr.,Drake London,Juwan Johnson,Kendre Miller,Michael Penix Jr.,Tyler Shough,1,1,-10.5078,1.2925
Bijan Robinson,Barion Brown,Jahan Dotson,Michael Penix Jr.,Nick Folk,Tyler Shough,1,1,-11.021,0.7737
Tyler Shough,Bijan Robinson,Chris Olave,Daniel Carlson,Jahan Dotson,Noah Fant,1,1,-11.4914,0.4834
Drake London,Bijan Robinson,Charlie Woerner,Chris Olave,Devaughn Vele,Falcons,1,1,-11.1906,0.653
Drake London,Alvin Kamara,Chris Olave,Devaughn Vele,Juwan Johnson,Oscar Delp,1,1,-9.2569,4.5157
Juwan Johnson,Alvin Kamara,Chris Olave,Devaughn Vele,Olamide Zaccheaus,Tyler Shough,1,1,-9.4237,3.822
Bijan Robinson,CJ Donaldson,Chris Olave,Kyle Pitts Sr.,Noah Fant,Tyler Shough,1,1,-12.5747,0.1636
Bijan Robinson,Chris Olave,Kevin Austin Jr.,Nick Folk,Tyler Shough,Zachariah Branch,1,1,-11.3477,0.5581
Kyle Pitts Sr.,Alvin Kamara,Bijan Robinson,Chris Olave,Juwan Johnson,Saints,1,1,-10.1685,1.8147
Bijan Robinson,Drake London,Jahan Dotson,Juwan Johnson,Kendre Miller,Kyle Pitts Sr.,1,1,-9.4584,3.6916
Bijan Robinson,CJ Donaldson,Chris Olave,Drake London,Nick Folk,Oscar Delp,1,1,-9.9507,2.2564
Devaughn Vele,Alvin Kamara,Bijan Robinson,Falcons,Saints,Tyler Shough,1,1,-10.5807,1.2018
Michael Penix Jr.,Bijan Robinson,Devaughn Vele,Jahan Dotson,Olamide Zaccheaus,Tyler Shough,1,1,-10.2728,1.6351
Drake London,Brian Robinson Jr.,Chris Olave,Devaughn Vele,Juwan Johnson,Saints,1,1,-9.7314,2.8097
Bijan Robinson,Barion Brown,Devaughn Vele,Drake London,Tyler Shough,Zachariah Branch,1,1,-12.2509,0.2262
Bijan Robinson,Chris Blair,Chris Olave,Kendre Miller,Nick Folk,Tyler Shough,1,1,-10.3979,1.4427
Bijan Robinson,Chris Olave,Juwan Johnson,Kevin Austin Jr.,Olamide Zaccheaus,Tyler Shough,1,1,-9.9217,2.3228
Bijan Robinson,Chris Olave,Juwan Johnson,Olamide Zaccheaus,Oscar Delp,Tyler Shough,1,1,-8.1647,13.4604
Juwan Johnson,Brian Robinson Jr.,Chris Olave,Devaughn Vele,Saints,Tyler Shough,1,1,-9.5492,3.3711
Michael Penix Jr.,Alvin Kamara,Charlie Woerner,Chris Olave,Devaughn Vele,Drake London,1,1,-12.1331,0.2544
Devaughn Vele,Alvin Kamara,CJ Donaldson,Drake London,Michael Penix Jr.,Tyler Shough,1,1,-10.7487,1.0158
Bijan Robinson,Bryce Lance,Devaughn Vele,Drake London,Kyle Pitts Sr.,Nick Folk,1,1,-9.1776,4.8883
Chris Olave,Bijan Robinson,Bryce Lance,Devaughn Vele,Michael Penix Jr.,Olamide Zaccheaus,1,1,-9.1086,5.2375
Tyler Shough,Bijan Robinson,CJ Donaldson,Chris Olave,Juwan Johnson,Zachariah Branch,1,1,-10.557,1.2305
Tyler Shough,Brian Robinson Jr.,Devaughn Vele,Drake London,Juwan Johnson,Kendre Miller,1,1,-9.2826,4.4011
Chris Olave,Alvin Kamara,Devaughn Vele,Drake London,Kyle Pitts Sr.,Olamide Zaccheaus,1,1,-10.339,1.5302
Daniel Carlson,Bijan Robinson,Chris Olave,Devaughn Vele,Kyle Pitts Sr.,Nick Folk,1,1,-11.5271,0.4664
Nick Folk,Alvin Kamara,Bijan Robinson,Drake London,Juwan Johnson,Kendre Miller,1,1,-11.452,0.5028
Devaughn Vele,Austin Hooper,Bijan Robinson,Bryce Lance,Chris Olave,Jahan Dotson,1,1,-10.2828,1.6187
Drake London,Alvin Kamara,Austin Hooper,Bijan Robinson,Bryce Lance,Devaughn Vele,1,1,-9.6062,3.1843
Kendre Miller,Alvin Kamara,Bijan Robinson,Chris Olave,Olamide Zaccheaus,Tyler Shough,1,1,-10.4272,1.401
Chris Olave,Devaughn Vele,Jahan Dotson,Michael Penix Jr.,Tyler Shough,Zachariah Branch,1,1,-10.2859,1.6137
Devaughn Vele,Bijan Robinson,Drake London,Nick Folk,Treyton Welch,Tyler Shough,1,1,-11.7045,0.3906
Alvin Kamara,Chris Olave,Drake London,Nick Folk,Olamide Zaccheaus,Tyler Shough,1,1,-9.7852,2.6624
Tyler Shough,Bijan Robinson,Bryce Lance,Chris Olave,Devaughn Vele,Treyton Welch,1,1,-10.4449,1.3765
Tyler Shough,Alvin Kamara,Bryce Lance,Chris Olave,Jahan Dotson,Juwan Johnson,1,1,-8.4429,10.191
Devaughn Vele,Bijan Robinson,Drake London,Falcons,Juwan Johnson,Nick Folk,1,1,-10.1771,1.7991
Drake London,Alvin Kamara,Bijan Robinson,Juwan Johnson,Kevin Austin Jr.,Nick Folk,1,1,-11.0143,0.7789
Drake London,Alvin Kamara,Bijan Robinson,Daniel Carlson,Juwan Johnson,Zachariah Branch,1,1,-10.2686,1.6419
Kyle Pitts Sr.,Alvin Kamara,Chris Olave,Daniel Carlson,Devaughn Vele,Tyler Shough,1,1,-9.6244,3.127
Juwan Johnson,Alvin Kamara,Bijan Robinson,Nick Folk,Noah Fant,Tyler Shough,1,1,-12.1039,0.262
Bijan Robinson,Chris Olave,Falcons,Kevin Austin Jr.,Kyle Pitts Sr.,Tyler Shough,1,1,-10.3451,1.521
Juwan Johnson,Alvin Kamara,Bijan Robinson,Nick Folk,Olamide Zaccheaus,Tyler Shough,1,1,-9.4241,3.8202
Bijan Robinson,Chris Olave,Falcons,Kyle Pitts Sr.,Oscar Delp,Tyler Shough,1,1,-8.5881,8.8143
Juwan Johnson,Alvin Kamara,Bijan Robinson,Charlie Smyth,Nick Folk,Tyler Shough,1,1,-12.8746,0.1212
Bijan Robinson,Charlie Woerner,Chris Olave,Falcons,Kyle Pitts Sr.,Tyler Shough,1,1,-10.4936,1.311
Bijan Robinson,Chris Olave,Daniel Carlson,Drake London,Falcons,Zachariah Branch,1,1,-10.0041,2.1391
Bijan Robinson,Chris Blair,Chris Olave,Drake London,Falcons,Nick Folk,1,1,-10.9431,0.8364
Chris Olave,Brian Robinson Jr.,Falcons,Kyle Pitts Sr.,Nick Folk,Tyler Shough,1,1,-9.6608,3.0151
Chris Olave,Alvin Kamara,Drake London,Nick Folk,Oscar Delp,Tyler Shough,1,1,-8.7514,7.4863
Michael Penix Jr.,Alvin Kamara,Bijan Robinson,Chris Blair,Kyle Pitts Sr.,Tyler Shough,1,1,-11.7735,0.3646
Chris Olave,Bijan Robinson,CJ Donaldson,Drake London,Michael Penix Jr.,Oscar Delp,1,1,-9.8011,2.6204
Juwan Johnson,Alvin Kamara,CJ Donaldson,Chris Olave,Michael Penix Jr.,Tyler Shough,1,1,-9.63,3.1094
Tyler Shough,Alvin Kamara,Bijan Robinson,Falcons,Juwan Johnson,Kendre Miller,1,1,-9.1953,4.8024
Drake London,Chris Olave,Devaughn Vele,Jahan Dotson,Juwan Johnson,Nick Folk,1,1,-9.3628,4.0619
Austin Hooper,Alvin Kamara,Chris Olave,Devaughn Vele,Drake London,Tyler Shough,1,1,-10.9201,0.8559
Bijan Robinson,Alvin Kamara,Drake London,Khalil Herbert,Michael Penix Jr.,Zamir White,1,1,-18.2419,0.0006
Bijan Robinson,Alvin Kamara,Chris Olave,Kyle Pitts Sr.,Noah Fant,Saints,1,1,-12.8968,0.1186
Chris Olave,Brian Robinson Jr.,Daniel Carlson,Drake London,Noah Fant,Tyler Shough,1,1,-11.608,0.4302
Tyler Shough,Alvin Kamara,Bijan Robinson,Daniel Carlson,Michael Penix Jr.,Oscar Delp,1,1,-8.5233,9.4035
Devaughn Vele,Bijan Robinson,CJ Donaldson,Drake London,Kyle Pitts Sr.,Michael Penix Jr.,1,1,-11.2486,0.6162
Chris Olave,Brian Robinson Jr.,Juwan Johnson,Kendre Miller,Michael Penix Jr.,Nick Folk,1,1,-9.5842,3.2553
Drake London,Bijan Robinson,Devaughn Vele,Jahan Dotson,Michael Penix Jr.,Olamide Zaccheaus,1,1,-9.8204,2.5703
Falcons,Alvin Kamara,Chris Olave,Devaughn Vele,Drake London,Michael Penix Jr.,1,1,-10.8102,0.9553
Tyler Shough,Bijan Robinson,CJ Donaldson,Chris Olave,Drake London,Nick Muse,1,1,-13.036,0.1031
Tyler Shough,Bijan Robinson,CJ Donaldson,Chris Olave,Drake London,Treyton Welch,1,1,-11.4864,0.4858
Bijan Robinson,Devaughn Vele,Falcons,Michael Penix Jr.,Oscar Delp,Tyler Shough,1,1,-8.7493,7.5019
Tyler Shough,Bijan Robinson,CJ Donaldson,Chris Olave,Drake London,Jalen Moreno-Cropper,1,1,-14.5241,0.0233
Chris Olave,Alvin Kamara,Bijan Robinson,Falcons,Kyle Pitts Sr.,Saints,1,1,-10.3773,1.4728
Drake London,Alvin Kamara,Bijan Robinson,Falcons,Kyle Pitts Sr.,Nick Folk,1,1,-10.0297,2.0849
Juwan Johnson,Bijan Robinson,Chris Olave,Nick Folk,Treyton Welch,Tyler Shough,1,1,-10.5857,1.1957
Michael Penix Jr.,Bijan Robinson,Brian Robinson Jr.,Charlie Woerner,Daniel Carlson,Drake London,1,1,-11.9615,0.3021
Bijan Robinson,Brian Robinson Jr.,Charlie Smyth,Drake London,Michael Penix Jr.,Saints,1,1,-13.3473,0.0756
Bijan Robinson,Chris Olave,Devaughn Vele,Falcons,Nick Folk,Saints,1,1,-9.9488,2.2607
Tyler Shough,Alvin Kamara,Bijan Robinson,Kendre Miller,Michael Penix Jr.,Zachariah Branch,1,1,-10.3116,1.5728
Jahan Dotson,Bijan Robinson,Daniel Carlson,Drake London,Juwan Johnson,Michael Penix Jr.,1,1,-10.7608,1.0036
Chris Olave,Alvin Kamara,CJ Donaldson,Drake London,Kyle Pitts Sr.,Michael Penix Jr.,1,1,-10.5453,1.245
Chris Olave,Alvin Kamara,Drake London,Michael Penix Jr.,Nick Folk,Zachariah Branch,1,1,-10.5902,1.1904
Tyler Shough,Bijan Robinson,Devaughn Vele,Jahan Dotson,Kendre Miller,Kyle Pitts Sr.,1,1,-9.8174,2.578
Bijan Robinson,Jahan Dotson,Juwan Johnson,Kendre Miller,Michael Penix Jr.,Nick Folk,1,1,-9.3566,4.087
Bijan Robinson,Chris Olave,Drake London,Kevin Austin Jr.,Michael Penix Jr.,Oscar Delp,1,1,-10.091,1.9609
Bijan Robinson,Chris Blair,Chris Olave,Drake London,Kevin Austin Jr.,Michael Penix Jr.,1,1,-12.0413,0.2789
Bijan Robinson,Chris Olave,Drake London,Khalil Herbert,Michael Penix Jr.,Olamide Zaccheaus,1,1,-12.9207,0.1158
Chris Olave,Brian Robinson Jr.,Charlie Smyth,Kyle Pitts Sr.,Michael Penix Jr.,Tyler Shough,1,1,-12.8015,0.1304
Bijan Robinson,Bryce Lance,Chris Olave,Daniel Carlson,Juwan Johnson,Kyle Pitts Sr.,1,1,-8.1508,13.6482
Bijan Robinson,Daniel Carlson,Devaughn Vele,Drake London,Juwan Johnson,Oscar Delp,1,1,-8.7982,7.1434
Chris Olave,Alvin Kamara,Drake London,Juwan Johnson,Michael Penix Jr.,Treyton Welch,1,1,-11.065,0.7404
Tyler Shough,Bijan Robinson,CJ Donaldson,Devaughn Vele,Juwan Johnson,Kyle Pitts Sr.,1,1,-10.1235,1.8982
Tyler Shough,Bijan Robinson,Brian Robinson Jr.,Drake London,Falcons,Saints,1,1,-9.4924,3.5679
Chris Olave,Bijan Robinson,Drake London,Kyle Pitts Sr.,Nick Folk,Treyton Welch,1,1,-11.5011,0.4787
Chris Olave,Bijan Robinson,Drake London,Kevin Austin Jr.,Kyle Pitts Sr.,Nick Folk,1,1,-11.0082,0.7837
Chris Olave,Bijan Robinson,Charlie Woerner,Drake London,Kyle Pitts Sr.,Nick Folk,1,1,-11.1568,0.6755
Devaughn Vele,Austin Hooper,Bijan Robinson,Chris Olave,Drake London,Oscar Delp,1,1,-10.0905,1.962
Kendre Miller,Alvin Kamara,Barion Brown,Bijan Robinson,Chris Olave,Tyler Shough,1,1,-12.4754,0.1807
Bryce Lance,Alvin Kamara,Chris Olave,Devaughn Vele,Drake London,Tyler Shough,1,1,-10.5217,1.2747
Bijan Robinson,Alvin Kamara,Barion Brown,Drake London,Saints,Tyler Shough,1,1,-11.2895,0.5915
Juwan Johnson,Bijan Robinson,CJ Donaldson,Chris Olave,Kyle Pitts Sr.,Michael Penix Jr.,1,1,-10.1299,1.8862
Alvin Kamara,Chris Olave,Jahan Dotson,Michael Penix Jr.,Saints,Tyler Shough,1,1,-10.0095,2.1276
Kyle Pitts Sr.,Bijan Robinson,Bryce Lance,Chris Olave,Devaughn Vele,Juwan Johnson,1,1,-9.3603,4.0721
Devaughn Vele,Barion Brown,Bijan Robinson,Drake London,Nick Folk,Tyler Shough,1,1,-11.8518,0.3371
Alvin Kamara,Chris Olave,Drake London,Falcons,Kyle Pitts Sr.,Michael Penix Jr.,1,1,-10.2724,1.6357
Tyler Shough,Brian Robinson Jr.,Chris Olave,Drake London,Nick Folk,Olamide Zaccheaus,1,1,-9.1912,4.8222
Tyler Shough,Alvin Kamara,Bijan Robinson,Devaughn Vele,Falcons,Saints,1,1,-9.9739,2.2046
Bijan Robinson,Jahan Dotson,Kyle Pitts Sr.,Michael Penix Jr.,Noah Fant,Tyler Shough,1,1,-11.8033,0.3539
Tyler Shough,Brian Robinson Jr.,Chris Olave,Falcons,Juwan Johnson,Kyle Pitts Sr.,1,1,-9.16,4.975
Chris Olave,Austin Hooper,Bijan Robinson,Devaughn Vele,Kendre Miller,Nick Folk,1,1,-10.1619,1.8268
Bijan Robinson,CJ Donaldson,Chris Olave,Falcons,Kendre Miller,Tyler Shough,1,1,-9.8069,2.6052
Bijan Robinson,Chris Olave,Devaughn Vele,Michael Penix Jr.,Oscar Delp,Saints,1,1,-9.29,4.3685
Juwan Johnson,Alvin Kamara,Bijan Robinson,Falcons,Kyle Pitts Sr.,Michael Penix Jr.,1,1,-9.9113,2.347
Bijan Robinson,Bryce Lance,Daniel Carlson,Devaughn Vele,Juwan Johnson,Michael Penix Jr.,1,1,-8.312,11.6161
Devaughn Vele,Bijan Robinson,CJ Donaldson,Daniel Carlson,Michael Penix Jr.,Tyler Shough,1,1,-10.3193,1.5607
Chris Olave,Alvin Kamara,Jahan Dotson,Michael Penix Jr.,Saints,Tyler Shough,1,1,-9.3246,4.2202
Bijan Robinson,Barion Brown,Chris Olave,Drake London,Falcons,Nick Folk,1,1,-11.39,0.535
Bijan Robinson,Chris Olave,Jahan Dotson,Kyle Pitts Sr.,Nick Folk,Saints,1,1,-9.974,2.2044
Kyrese Rowan,Bijan Robinson,Chris Olave,Drake London,Juwan Johnson,Tyler Shough,1,1,-15.7935,0.0065
Alvin Kamara,Bryce Lance,Devaughn Vele,Drake London,Juwan Johnson,Tyler Shough,1,1,-9.2501,4.5464
Chris Olave,Alvin Kamara,Daniel Carlson,Devaughn Vele,Kendre Miller,Michael Penix Jr.,1,1,-9.7564,2.7401
Bijan Robinson,Bryce Lance,Devaughn Vele,Drake London,Oscar Delp,Tyler Shough,1,1,-8.0841,14.5895
Bijan Robinson,Austin Hooper,Chris Olave,Devaughn Vele,Kyle Pitts Sr.,Noah Fant,1,1,-12.8219,0.1278
Daniel Carlson,Bijan Robinson,Chris Olave,Devaughn Vele,Olamide Zaccheaus,Tyler Shough,1,1,-10.7826,0.982
Michael Penix Jr.,Bijan Robinson,CJ Donaldson,Chris Olave,Tyler Shough,Zachariah Branch,1,1,-11.446,0.5058
Zachariah Branch,Bijan Robinson,Chris Olave,Devaughn Vele,Kyle Pitts Sr.,Michael Penix Jr.,1,1,-12.754,0.1367
Alvin Kamara,Devaughn Vele,Drake London,Kyle Pitts Sr.,Michael Penix Jr.,Nick Folk,1,1,-10.8416,0.9258
Nick Folk,Alvin Kamara,Bijan Robinson,Falcons,Juwan Johnson,Michael Penix Jr.,1,1,-11.4907,0.4837
Kyle Pitts Sr.,Alvin Kamara,Austin Hooper,Bijan Robinson,Michael Penix Jr.,Tyler Shough,1,1,-9.7077,2.8768
Tyler Shough,Bijan Robinson,Devaughn Vele,Drake London,Nick Folk,Treyton Welch,1,1,-11.0977,0.7166
Tyler Shough,Brian Robinson Jr.,Chris Olave,Devaughn Vele,Nick Folk,Saints,1,1,-9.7982,2.6281
Tyler Shough,Bijan Robinson,Devaughn Vele,Drake London,Jalen Moreno-Cropper,Nick Folk,1,1,-14.1354,0.0344
Bijan Robinson,Juwan Johnson,Michael Penix Jr.,Nick Folk,Nick Muse,Tyler Shough,1,1,-11.7818,0.3615
Drake London,Bijan Robinson,Chris Olave,Devaughn Vele,Olamide Zaccheaus,Zachariah Branch,1,1,-10.7873,0.9774
Michael Penix Jr.,Alvin Kamara,Chris Olave,Daniel Carlson,Devaughn Vele,Kyle Pitts Sr.,1,1,-10.5423,1.2487
Austin Hooper,Alvin Kamara,Bijan Robinson,Drake London,Juwan Johnson,Michael Penix Jr.,1,1,-10.9843,0.8026
Bijan Robinson,Chris Olave,Daniel Carlson,Juwan Johnson,Nick Folk,Olamide Zaccheaus,1,1,-8.8842,6.5549
Bryce Lance,Bijan Robinson,Chris Olave,Devaughn Vele,Drake London,Kyle Pitts Sr.,1,1,-11.0216,0.7732
Chris Olave,Bijan Robinson,Charlie Woerner,Daniel Carlson,Nick Folk,Tyler Shough,1,1,-10.2275,1.7107
Chris Olave,Bijan Robinson,Daniel Carlson,Nick Folk,Oscar Delp,Tyler Shough,1,1,-8.3219,11.5019
Chris Olave,Bijan Robinson,Chris Blair,Daniel Carlson,Nick Folk,Tyler Shough,1,1,-10.2722,1.636
Tyler Shough,Brian Robinson Jr.,Chris Olave,Kendre Miller,Kyle Pitts Sr.,Michael Penix Jr.,1,1,-9.1332,5.1102
Bijan Robinson,Austin Hooper,Chris Olave,Daniel Carlson,Tyler Shough,Zachariah Branch,1,1,-9.5657,3.316
Bijan Robinson,Barion Brown,Chris Olave,Drake London,Kevin Austin Jr.,Michael Penix Jr.,1,1,-12.4882,0.1784
Bijan Robinson,Bryce Lance,Devaughn Vele,Drake London,Michael Penix Jr.,Zachariah Branch,1,1,-9.9229,2.3199
Bijan Robinson,Barion Brown,Chris Blair,Chris Olave,Drake London,Michael Penix Jr.,1,1,-12.6815,0.147
Nick Folk,Bijan Robinson,Chris Olave,Michael Penix Jr.,Nick Muse,Tyler Shough,1,1,-13.8284,0.0467
Nick Folk,Bijan Robinson,Chris Olave,Michael Penix Jr.,Treyton Welch,Tyler Shough,1,1,-12.2787,0.22
Bijan Robinson,Alvin Kamara,Daniel Carlson,Drake London,Nick Folk,Saints,1,1,-9.6119,3.1662
Drake London,Bijan Robinson,CJ Donaldson,Chris Olave,Kevin Austin Jr.,Tyler Shough,1,1,-10.9118,0.863
Chris Olave,Bijan Robinson,Juwan Johnson,Treyton Welch,Tyler Shough,Zachariah Branch,1,1,-11.7281,0.3815
Chris Olave,Alvin Kamara,Austin Hooper,Juwan Johnson,Nick Folk,Tyler Shough,1,1,-9.0355,5.6348
Chris Olave,Bijan Robinson,Jahan Dotson,Kyle Pitts Sr.,Michael Penix Jr.,Saints,1,1,-9.8244,2.56
Kyle Pitts Sr.,Alvin Kamara,Bijan Robinson,Bryce Lance,Michael Penix Jr.,Tyler Shough,1,1,-8.9745,5.9892
Drake London,Bijan Robinson,CJ Donaldson,Chris Olave,Falcons,Juwan Johnson,1,1,-9.8773,2.4281
Bijan Robinson,Devaughn Vele,Falcons,Nick Folk,Tyler Shough,Zachariah Branch,1,1,-10.5614,1.2252
Bijan Robinson,Chris Olave,Daniel Carlson,Falcons,Kyle Pitts Sr.,Nick Folk,1,1,-9.3076,4.2923
Drake London,Alvin Kamara,Bijan Robinson,Falcons,Olamide Zaccheaus,Tyler Shough,1,1,-9.2852,4.3895
Drake London,Alvin Kamara,Brian Robinson Jr.,Nick Folk,Oscar Delp,Tyler Shough,1,1,-9.4998,3.5418
Devaughn Vele,Bijan Robinson,Bryce Lance,Juwan Johnson,Nick Folk,Tyler Shough,1,1,-9.0055,5.8064
Tyler Shough,Bijan Robinson,Drake London,Jahan Dotson,Kevin Austin Jr.,Michael Penix Jr.,1,1,-10.2221,1.72
Tyler Shough,Bijan Robinson,Drake London,Jahan Dotson,Jalen Moreno-Cropper,Michael Penix Jr.,1,1,-13.7527,0.0504
Drake London,Alvin Kamara,Barion Brown,Bijan Robinson,Kyle Pitts Sr.,Michael Penix Jr.,1,1,-11.7681,0.3665
Tyler Shough,Alvin Kamara,Bijan Robinson,Daniel Carlson,Kendre Miller,Nick Folk,1,1,-9.1923,4.8168
Devaughn Vele,Bijan Robinson,CJ Donaldson,Chris Olave,Drake London,Saints,1,1,-11.3546,0.5542
Bijan Robinson,Bryce Lance,Charlie Woerner,Chris Olave,Nick Folk,Tyler Shough,1,1,-9.7267,2.8227
Bijan Robinson,Bryce Lance,Chris Olave,Daniel Carlson,Tyler Shough,Zachariah Branch,1,1,-8.8324,6.9035
Bijan Robinson,Devaughn Vele,Falcons,Juwan Johnson,Olamide Zaccheaus,Tyler Shough,1,1,-9.1353,5.0995
Bijan Robinson,Austin Hooper,Chris Olave,Michael Penix Jr.,Nick Folk,Zachariah Branch,1,1,-10.3932,1.4495
Alvin Kamara,Daniel Carlson,Devaughn Vele,Michael Penix Jr.,Nick Folk,Tyler Shough,1,1,-9.9123,2.3447
Chris Olave,Alvin Kamara,Juwan Johnson,Kyle Pitts Sr.,Tyler Shough,Zachariah Branch,1,1,-10.2225,1.7194
Michael Penix Jr.,Brian Robinson Jr.,Charlie Smyth,Chris Olave,Juwan Johnson,Tyler Shough,1,1,-13.0761,0.0991
Michael Penix Jr.,Brian Robinson Jr.,Chris Olave,Juwan Johnson,Noah Fant,Tyler Shough,1,1,-12.3054,0.2142
Tyler Shough,Chris Olave,Daniel Carlson,Devaughn Vele,Jahan Dotson,Juwan Johnson,1,1,-8.6659,8.1546
Kyle Pitts Sr.,Brian Robinson Jr.,Devaughn Vele,Juwan Johnson,Michael Penix Jr.,Tyler Shough,1,1,-9.7639,2.7196
Devaughn Vele,Alvin Kamara,Bijan Robinson,Drake London,Falcons,Saints,1,1,-11.1361,0.6896
Alvin Kamara,Chris Olave,Drake London,Juwan Johnson,Kendre Miller,Nick Folk,1,1,-10.169,1.8138
Bijan Robinson,Chris Olave,Kendre Miller,Kevin Austin Jr.,Kyle Pitts Sr.,Tyler Shough,1,1,-10.3553,1.5055
Juwan Johnson,Alvin Kamara,Austin Hooper,Bijan Robinson,Daniel Carlson,Tyler Shough,1,1,-9.0501,5.553
Bijan Robinson,Austin Hooper,Chris Olave,Juwan Johnson,Michael Penix Jr.,Oscar Delp,1,1,-8.6182,8.5528
Bijan Robinson,Daniel Carlson,Devaughn Vele,Falcons,Michael Penix Jr.,Nick Folk,1,1,-9.4688,3.6532
Chris Olave,Austin Hooper,Bijan Robinson,Michael Penix Jr.,Nick Muse,Tyler Shough,1,1,-12.2043,0.237
Chris Olave,Austin Hooper,Bijan Robinson,Michael Penix Jr.,Treyton Welch,Tyler Shough,1,1,-10.6547,1.116
Bijan Robinson,Chris Olave,Drake London,Kendre Miller,Kevin Austin Jr.,Nick Folk,1,1,-10.76,1.0044
Juwan Johnson,Bijan Robinson,Chris Olave,Jahan Dotson,Kendre Miller,Kyle Pitts Sr.,1,1,-9.8608,2.4685
Juwan Johnson,Brian Robinson Jr.,Chris Olave,Devaughn Vele,Drake London,Saints,1,1,-10.1046,1.9345
Drake London,Alvin Kamara,Chris Olave,Juwan Johnson,Khalil Herbert,Tyler Shough,1,1,-12.4066,0.1936
Drake London,Alvin Kamara,Chris Olave,Juwan Johnson,Nick Muse,Tyler Shough,1,1,-11.9683,0.3
Chris Olave,Bijan Robinson,Drake London,Khalil Herbert,Olamide Zaccheaus,Tyler Shough,1,1,-12.7445,0.1381
Chris Olave,Bijan Robinson,Cal Adomitis,Drake London,Olamide Zaccheaus,Tyler Shough,1,1,-15.7402,0.0069
Chris Olave,Antwane Wells Jr.,Bijan Robinson,Drake London,Olamide Zaccheaus,Tyler Shough,1,1,-18.0428,0.0007
Chris Olave,Bijan Robinson,Drake London,Jalen Moreno-Cropper,Olamide Zaccheaus,Tyler Shough,1,1,-13.7943,0.0483
Chris Olave,Bijan Robinson,Drake London,Nick Muse,Oscar Delp,Tyler Shough,1,1,-11.9572,0.3034
Chris Olave,Bijan Robinson,Charlie Woerner,Chris Blair,Drake London,Tyler Shough,1,1,-12.0136,0.2867
Drake London,Alvin Kamara,Bijan Robinson,Falcons,Michael Penix Jr.,Zachariah Branch,1,1,-10.775,0.9895
Jahan Dotson,Chris Olave,Devaughn Vele,Drake London,Kyle Pitts Sr.,Michael Penix Jr.,1,1,-11.6748,0.4024
Tyler Shough,Bijan Robinson,Bryce Lance,CJ Donaldson,Chris Olave,Juwan Johnson,1,1,-8.7874,7.2213
Alvin Kamara,Bijan Robinson,Chris Olave,Kendre Miller,Kyle Pitts Sr.,Saints,1,1,-11.0724,0.7349
Chris Olave,Austin Hooper,Bijan Robinson,Juwan Johnson,Kyle Pitts Sr.,Nick Folk,1,1,-9.5353,3.4181
Alvin Kamara,Austin Hooper,Chris Olave,Kyle Pitts Sr.,Michael Penix Jr.,Tyler Shough,1,1,-9.834,2.5357
Devaughn Vele,Bijan Robinson,Charlie Woerner,Drake London,Kyle Pitts Sr.,Tyler Shough,1,1,-11.5109,0.4741
Alvin Kamara,Chris Olave,Drake London,Kyle Pitts Sr.,Olamide Zaccheaus,Tyler Shough,1,1,-9.9359,2.29
Alvin Kamara,Bryce Lance,Chris Olave,Daniel Carlson,Drake London,Tyler Shough,1,1,-8.6779,8.0568
Tyler Shough,Bijan Robinson,CJ Donaldson,Daniel Carlson,Devaughn Vele,Michael Penix Jr.,1,1,-9.7125,2.863
Drake London,Alvin Kamara,Bijan Robinson,Bryce Lance,Daniel Carlson,Juwan Johnson,1,1,-8.499,9.6352
Bijan Robinson,Chris Olave,Jahan Dotson,Noah Fant,Saints,Tyler Shough,1,1,-11.9093,0.3183
Michael Penix Jr.,Brian Robinson Jr.,Chris Olave,Drake London,Falcons,Nick Folk,1,1,-10.4537,1.3644
Kyle Pitts Sr.,Bijan Robinson,Chris Olave,Falcons,Jahan Dotson,Michael Penix Jr.,1,1,-10.1343,1.8778
Chris Olave,Bijan Robinson,Bryce Lance,Michael Penix Jr.,Treyton Welch,Tyler Shough,1,1,-9.9214,2.3233
Bijan Robinson,Austin Hooper,Daniel Carlson,Devaughn Vele,Drake London,Nick Folk,1,1,-9.5369,3.4127
Bijan Robinson,Chris Olave,Falcons,Jahan Dotson,Juwan Johnson,Saints,1,1,-9.6031,3.1943
Chris Olave,Bijan Robinson,Falcons,Jahan Dotson,Saints,Tyler Shough,1,1,-9.3897,3.9539
Chris Olave,Alvin Kamara,Chris Blair,Drake London,Kyle Pitts Sr.,Tyler Shough,1,1,-10.8523,0.9159
Daniel Carlson,Alvin Kamara,Austin Hooper,Bijan Robinson,Drake London,Tyler Shough,1,1,-10.8385,0.9286
Drake London,Bijan Robinson,Falcons,Jahan Dotson,Nick Folk,Tyler Shough,1,1,-9.0422,5.5972
Chris Olave,Bijan Robinson,Charlie Woerner,Drake London,Michael Penix Jr.,Zachariah Branch,1,1,-11.9022,0.3205
Tyler Shough,Chris Olave,Devaughn Vele,Drake London,Jahan Dotson,Zachariah Branch,1,1,-10.2767,1.6286
Tyler Shough,Alvin Kamara,CJ Donaldson,Devaughn Vele,Drake London,Juwan Johnson,1,1,-10.179,1.7957
Bijan Robinson,CJ Donaldson,Falcons,Juwan Johnson,Michael Penix Jr.,Tyler Shough,1,1,-9.3416,4.1487
Chris Olave,Alvin Kamara,Drake London,Falcons,Juwan Johnson,Kyle Pitts Sr.,1,1,-9.6245,3.1265
Bijan Robinson,Austin Hooper,Bryce Lance,Devaughn Vele,Juwan Johnson,Tyler Shough,1,1,-8.3683,10.9811
Juwan Johnson,Chris Olave,Devaughn Vele,Jahan Dotson,Kyle Pitts Sr.,Tyler Shough,1,1,-9.3313,4.1919
Falcons,Brian Robinson Jr.,Chris Olave,Juwan Johnson,Michael Penix Jr.,Tyler Shough,1,1,-9.8592,2.4724
Alvin Kamara,Devaughn Vele,Drake London,Michael Penix Jr.,Olamide Zaccheaus,Tyler Shough,1,1,-10.0971,1.949
Bijan Robinson,Daniel Carlson,Drake London,Jahan Dotson,Juwan Johnson,Kendre Miller,1,1,-9.0845,5.3653
Juwan Johnson,Chris Olave,Devaughn Vele,Drake London,Jahan Dotson,Nick Folk,1,1,-9.736,2.7966
Chris Olave,Alvin Kamara,Austin Hooper,Devaughn Vele,Kendre Miller,Tyler Shough,1,1,-9.8126,2.5904
Alvin Kamara,Chris Olave,Devaughn Vele,Kyle Pitts Sr.,Saints,Tyler Shough,1,1,-10.5429,1.248
Noah Fant,Alvin Kamara,Bijan Robinson,Chris Olave,Daniel Carlson,Michael Penix Jr.,1,1,-12.849,0.1244
Devaughn Vele,Alvin Kamara,Chris Olave,Kendre Miller,Kyle Pitts Sr.,Michael Penix Jr.,1,1,-10.7768,0.9877
Drake London,Brian Robinson Jr.,Chris Blair,Chris Olave,Juwan Johnson,Michael Penix Jr.,1,1,-10.7745,0.9899
Devaughn Vele,Bijan Robinson,Bryce Lance,Drake London,Michael Penix Jr.,Nick Folk,1,1,-9.5238,3.4577
Tyler Shough,Bijan Robinson,Chris Olave,Drake London,Treyton Welch,Zachariah Branch,1,1,-11.6819,0.3995
Tyler Shough,Bijan Robinson,Chris Olave,Drake London,Jalen Moreno-Cropper,Zachariah Branch,1,1,-14.7196,0.0192
Juwan Johnson,Bijan Robinson,Chris Olave,Kyle Pitts Sr.,Tyler Shough,Zamir White,1,1,-13.4174,0.0704
Juwan Johnson,Bijan Robinson,Chris Olave,Khalil Herbert,Kyle Pitts Sr.,Tyler Shough,1,1,-12.7243,0.1409
Michael Penix Jr.,Bijan Robinson,Brian Robinson Jr.,Drake London,Kyle Pitts Sr.,Saints,1,1,-10.8532,0.9151
Kyle Pitts Sr.,Austin Hooper,Bijan Robinson,Chris Olave,Drake London,Jahan Dotson,1,1,-10.2024,1.7542
Bijan Robinson,Devaughn Vele,Jahan Dotson,Juwan Johnson,Nick Folk,Saints,1,1,-10.1723,1.8079
Juwan Johnson,Bijan Robinson,Charlie Woerner,Chris Olave,Drake London,Nick Folk,1,1,-10.7969,0.9681
Chris Olave,Alvin Kamara,Bryce Lance,Drake London,Michael Penix Jr.,Nick Folk,1,1,-8.8206,6.9858
Chris Olave,Alvin Kamara,Jahan Dotson,Juwan Johnson,Michael Penix Jr.,Oscar Delp,1,1,-9.5426,3.3935
Tyler Shough,Brian Robinson Jr.,Chris Olave,Juwan Johnson,Kendre Miller,Kyle Pitts Sr.,1,1,-9.1702,4.9244
Kendre Miller,Alvin Kamara,Bijan Robinson,Juwan Johnson,Nick Folk,Tyler Shough,1,1,-10.2819,1.6201
Drake London,Bijan Robinson,Jahan Dotson,Michael Penix Jr.,Treyton Welch,Tyler Shough,1,1,-10.6333,1.1402
Devaughn Vele,Brian Robinson Jr.,CJ Donaldson,Chris Olave,Oscar Delp,Tyler Shough,1,1,-11.2597,0.6094
Devaughn Vele,Bijan Robinson,Daniel Carlson,Falcons,Juwan Johnson,Tyler Shough,1,1,-9.3985,3.9194
Chris Olave,Barion Brown,Bijan Robinson,Drake London,Treyton Welch,Tyler Shough,1,1,-12.8048,0.13
Juwan Johnson,Bijan Robinson,Devaughn Vele,Michael Penix Jr.,Stone Smartt,Tyler Shough,1,1,-14.7826,0.018
Tyler Shough,Alvin Kamara,Austin Hooper,Chris Olave,Daniel Carlson,Devaughn Vele,1,1,-9.2986,4.331
Juwan Johnson,Bijan Robinson,Falcons,Jahan Dotson,Michael Penix Jr.,Tyler Shough,1,1,-8.9238,6.3008
Chris Olave,Bijan Robinson,Jahan Dotson,Juwan Johnson,Kyle Pitts Sr.,Saints,1,1,-9.8615,2.4669
Bijan Robinson,Chris Olave,Daniel Carlson,Falcons,Oscar Delp,Tyler Shough,1,1,-8.2142,12.8107
Bijan Robinson,Chris Olave,Daniel Carlson,Falcons,Olamide Zaccheaus,Tyler Shough,1,1,-8.5631,9.0369
Bijan Robinson,Chris Olave,Daniel Carlson,Falcons,Kevin Austin Jr.,Tyler Shough,1,1,-9.9711,2.2107
Bijan Robinson,CJ Donaldson,Daniel Carlson,Drake London,Kyle Pitts Sr.,Tyler Shough,1,1,-9.4404,3.7585
Alvin Kamara,Bijan Robinson,Falcons,Michael Penix Jr.,Saints,Tyler Shough,1,1,-10.1353,1.8759
Bijan Robinson,Austin Hooper,Bryce Lance,Chris Olave,Drake London,Kyle Pitts Sr.,1,1,-8.7254,7.6833
Falcons,Austin Hooper,Bijan Robinson,Chris Olave,Devaughn Vele,Tyler Shough,1,1,-10.4369,1.3875
Michael Penix Jr.,Alvin Kamara,Bijan Robinson,Daniel Carlson,Olamide Zaccheaus,Tyler Shough,1,1,-9.7983,2.6277
Tyler Shough,Bijan Robinson,Drake London,Jahan Dotson,Kendre Miller,Nick Folk,1,1,-9.1341,5.1055
Tyler Shough,Brian Robinson Jr.,Chris Olave,Drake London,Kyle Pitts Sr.,Noah Fant,1,1,-12.0217,0.2844
Drake London,Alvin Kamara,Barion Brown,Bijan Robinson,Chris Olave,Saints,1,1,-11.8741,0.3297
Alvin Kamara,Bijan Robinson,Brian Robinson Jr.,Falcons,Kendre Miller,Saints,1,1,-12.0324,0.2814
Kyle Pitts Sr.,Bijan Robinson,CJ Donaldson,Devaughn Vele,Drake London,Tyler Shough,1,1,-10.6499,1.1214
Bijan Robinson,Daniel Carlson,Drake London,Juwan Johnson,Nick Muse,Tyler Shough,1,1,-11.5097,0.4746
Bijan Robinson,Alvin Kamara,Falcons,Juwan Johnson,Michael Penix Jr.,Saints,1,1,-9.6638,3.0062
Bijan Robinson,Bryce Lance,Daniel Carlson,Drake London,Jahan Dotson,Michael Penix Jr.,1,1,-8.4209,10.4177
Bijan Robinson,Drake London,Jahan Dotson,Kyle Pitts Sr.,Michael Penix Jr.,Oscar Delp,1,1,-9.3299,4.1976
Alvin Kamara,Chris Olave,Michael Penix Jr.,Nick Folk,Noah Fant,Tyler Shough,1,1,-12.5139,0.1739
Devaughn Vele,Bijan Robinson,Daniel Carlson,Michael Penix Jr.,Tyler Shough,Zachariah Branch,1,1,-10.5148,1.2836
Devaughn Vele,Bijan Robinson,Chris Blair,Michael Penix Jr.,Nick Folk,Tyler Shough,1,1,-11.4538,0.5019
Bijan Robinson,Barion Brown,Chris Olave,Drake London,Falcons,Kyle Pitts Sr.,1,1,-11.5406,0.4602
Saints,Alvin Kamara,Brian Robinson Jr.,Chris Olave,Juwan Johnson,Tyler Shough,1,1,-9.9781,2.1954
Michael Penix Jr.,Alvin Kamara,Bijan Robinson,Kendre Miller,Tyler Shough,Zachariah Branch,1,1,-11.2376,0.623
Nick Folk,Bijan Robinson,Chris Olave,Juwan Johnson,Michael Penix Jr.,Zachariah Branch,1,1,-11.9047,0.3197
Devaughn Vele,Bijan Robinson,Falcons,Juwan Johnson,Michael Penix Jr.,Nick Folk,1,1,-10.226,1.7133
Alvin Kamara,Bijan Robinson,Daniel Carlson,Drake London,Juwan Johnson,Saints,1,1,-10.1843,1.7863
Juwan Johnson,Brian Robinson Jr.,Devaughn Vele,Drake London,Kendre Miller,Tyler Shough,1,1,-9.5741,3.2882
Bijan Robinson,Daniel Carlson,Devaughn Vele,Nick Folk,Noah Fant,Tyler Shough,1,1,-11.8121,0.3507
Bijan Robinson,Daniel Carlson,Devaughn Vele,Nick Folk,Olamide Zaccheaus,Tyler Shough,1,1,-9.1323,5.1147
Chris Olave,Alvin Kamara,Michael Penix Jr.,Nick Folk,Olamide Zaccheaus,Tyler Shough,1,1,-9.1492,5.029
Saints,Bijan Robinson,Brian Robinson Jr.,Drake London,Juwan Johnson,Tyler Shough,1,1,-9.5023,3.5331
Bijan Robinson,Juwan Johnson,Kyle Pitts Sr.,Michael Penix Jr.,Stone Smartt,Tyler Shough,1,1,-14.2678,0.0301
Michael Penix Jr.,Bijan Robinson,CJ Donaldson,Chris Olave,Drake London,Zachariah Branch,1,1,-12.0014,0.2903
Devaughn Vele,Alvin Kamara,Kyle Pitts Sr.,Michael Penix Jr.,Nick Folk,Tyler Shough,1,1,-10.2477,1.6765
Bijan Robinson,Alvin Kamara,Austin Hooper,Drake London,Juwan Johnson,Saints,1,1,-9.7319,2.8082
Chris Olave,Bijan Robinson,Bryce Lance,Nick Folk,Tyler Shough,Zachariah Branch,1,1,-9.4837,3.5994
Drake London,Chris Olave,Devaughn Vele,Jahan Dotson,Tyler Shough,Zachariah Branch,1,1,-10.195,1.7672
Drake London,Alvin Kamara,Bijan Robinson,Kendre Miller,Oscar Delp,Tyler Shough,1,1,-8.9465,6.1593
Drake London,Alvin Kamara,Bijan Robinson,Kendre Miller,Treyton Welch,Tyler Shough,1,1,-11.1963,0.6493
Drake London,Alvin Kamara,Bijan Robinson,Kendre Miller,Kevin Austin Jr.,Tyler Shough,1,1,-10.7035,1.0629
Chris Olave,Alvin Kamara,Drake London,Falcons,Tyler Shough,Zachariah Branch,1,1,-10.3061,1.5814
Tyler Shough,Bijan Robinson,CJ Donaldson,Chris Olave,Kevin Austin Jr.,Michael Penix Jr.,1,1,-11.0424,0.7573
Alvin Kamara,Bijan Robinson,Juwan Johnson,Kyle Pitts Sr.,Michael Penix Jr.,Saints,1,1,-10.6071,1.1704
Chris Olave,Bijan Robinson,Daniel Carlson,Falcons,Juwan Johnson,Kyle Pitts Sr.,1,1,-9.1951,4.8035
Bijan Robinson,Austin Hooper,Chris Olave,Kyle Pitts Sr.,Olamide Zaccheaus,Tyler Shough,1,1,-9.054,5.5312
Juwan Johnson,Brian Robinson Jr.,Chris Olave,Devaughn Vele,Kendre Miller,Kyle Pitts Sr.,1,1,-10.5498,1.2394
Bijan Robinson,Alvin Kamara,Daniel Carlson,Drake London,Kyle Pitts Sr.,Saints,1,1,-9.7626,2.7234
Juwan Johnson,Austin Hooper,Bijan Robinson,Chris Olave,Jahan Dotson,Kyle Pitts Sr.,1,1,-9.9676,2.2185
Drake London,Bijan Robinson,Chris Olave,Nick Muse,Tyler Shough,Zachariah Branch,1,1,-13.1498,0.0921
Drake London,Bijan Robinson,Chris Olave,Khalil Herbert,Tyler Shough,Zachariah Branch,1,1,-13.588,0.0594
Falcons,Bijan Robinson,CJ Donaldson,Chris Olave,Drake London,Tyler Shough,1,1,-10.7452,1.0194
Alvin Kamara,Bijan Robinson,Bryce Lance,Drake London,Saints,Tyler Shough,1,1,-9.4702,3.6482
Chris Olave,Bijan Robinson,Bryce Lance,Juwan Johnson,Oscar Delp,Tyler Shough,1,1,-7.7086,21.2381
Drake London,Alvin Kamara,Bijan Robinson,Chris Blair,Daniel Carlson,Michael Penix Jr.,1,1,-10.9473,0.8329
Chris Olave,Austin Hooper,Bijan Robinson,Juwan Johnson,Michael Penix Jr.,Zachariah Branch,1,1,-10.2807,1.6221
Nick Folk,Bijan Robinson,Chris Olave,Drake London,Michael Penix Jr.,Treyton Welch,1,1,-12.8341,0.1262
Michael Penix Jr.,Alvin Kamara,Brian Robinson Jr.,Kendre Miller,Kyle Pitts Sr.,Tyler Shough,1,1,-10.7985,0.9665
Michael Penix Jr.,Bijan Robinson,Daniel Carlson,Jahan Dotson,Nick Folk,Tyler Shough,1,1,-9.5553,3.3506
Drake London,Alvin Kamara,Bijan Robinson,Daniel Carlson,Khalil Herbert,Michael Penix Jr.,1,1,-13.2348,0.0846
Tyler Shough,Barion Brown,Bijan Robinson,Chris Olave,Devaughn Vele,Olamide Zaccheaus,1,1,-11.4763,0.4907
Chris Olave,Devaughn Vele,Drake London,Jahan Dotson,Juwan Johnson,Kendre Miller,1,1,-9.7353,2.7987
Devaughn Vele,Alvin Kamara,Bijan Robinson,Drake London,Kendre Miller,Saints,1,1,-11.1463,0.6826
Chris Olave,Austin Hooper,Bijan Robinson,Drake London,Falcons,Nick Folk,1,1,-9.619,3.1438
Bijan Robinson,Daniel Carlson,Devaughn Vele,Juwan Johnson,Michael Penix Jr.,Olamide Zaccheaus,1,1,-9.1961,4.7987
Olamide Zaccheaus,Alvin Kamara,Bijan Robinson,Juwan Johnson,Michael Penix Jr.,Tyler Shough,1,1,-11.2346,0.6249
Alvin Kamara,Devaughn Vele,Drake London,Juwan Johnson,Noah Fant,Tyler Shough,1,1,-12.8139,0.1288
Bijan Robinson,Austin Hooper,Devaughn Vele,Michael Penix Jr.,Olamide Zaccheaus,Tyler Shough,1,1,-9.2152,4.7076
Bijan Robinson,CJ Donaldson,Daniel Carlson,Michael Penix Jr.,Nick Folk,Tyler Shough,1,1,-9.3387,4.1611
Devaughn Vele,Bijan Robinson,Drake London,Juwan Johnson,Kyle Pitts Sr.,Zachariah Branch,1,1,-11.4811,0.4884
Daniel Carlson,Alvin Kamara,Bijan Robinson,Chris Olave,Juwan Johnson,Saints,1,1,-11.3482,0.5578
Alvin Kamara,Chris Olave,Drake London,Juwan Johnson,Kyle Pitts Sr.,Zachariah Branch,1,1,-11.4628,0.4974
Bijan Robinson,Bryce Lance,Chris Olave,Kyle Pitts Sr.,Oscar Delp,Tyler Shough,1,1,-7.9718,16.324
Bijan Robinson,Bryce Lance,Chris Olave,Kyle Pitts Sr.,Olamide Zaccheaus,Tyler Shough,1,1,-8.3208,11.5152
Bijan Robinson,Devaughn Vele,Drake London,Noah Fant,Oscar Delp,Tyler Shough,1,1,-11.648,0.4133
Bijan Robinson,Austin Hooper,Devaughn Vele,Falcons,Juwan Johnson,Michael Penix Jr.,1,1,-9.5888,3.2402
Bijan Robinson,Devaughn Vele,Juwan Johnson,Kendre Miller,Michael Penix Jr.,Zachariah Branch,1,1,-10.6354,1.1378
Austin Hooper,Bijan Robinson,Chris Olave,Devaughn Vele,Kyle Pitts Sr.,Michael Penix Jr.,1,1,-11.4688,0.4944
Kendre Miller,Bijan Robinson,CJ Donaldson,Chris Olave,Devaughn Vele,Drake London,1,1,-11.8228,0.347
Bijan Robinson,Chris Olave,Drake London,Kevin Austin Jr.,Kyle Pitts Sr.,Zachariah Branch,1,1,-12.0538,0.2755
CJ Donaldson,Bijan Robinson,Chris Olave,Drake London,Juwan Johnson,Kyle Pitts Sr.,1,1,-12.4255,0.1899
Bijan Robinson,Brian Robinson Jr.,Drake London,Kendre Miller,Kyle Pitts Sr.,Saints,1,1,-10.3675,1.4873
Tyler Shough,Alvin Kamara,Chris Olave,Juwan Johnson,Kevin Austin Jr.,Michael Penix Jr.,1,1,-10.0564,2.03
Tyler Shough,Alvin Kamara,Chris Olave,Juwan Johnson,Michael Penix Jr.,Oscar Delp,1,1,-8.2994,11.7635
Tyler Shough,Bijan Robinson,Chris Olave,Falcons,Michael Penix Jr.,Nick Muse,1,1,-12.127,0.256
Tyler Shough,Bijan Robinson,Chris Olave,Falcons,Jalen Moreno-Cropper,Michael Penix Jr.,1,1,-13.6151,0.0578
Tyler Shough,Bijan Robinson,Chris Olave,Falcons,Khalil Herbert,Michael Penix Jr.,1,1,-12.5653,0.1652
Tyler Shough,Bijan Robinson,Chris Olave,Falcons,Michael Penix Jr.,Stone Smartt,1,1,-14.4624,0.0248
Chris Olave,Austin Hooper,Devaughn Vele,Drake London,Jahan Dotson,Michael Penix Jr.,1,1,-9.805,2.6103
Tyler Shough,Bijan Robinson,Chris Olave,Kyle Pitts Sr.,Nick Folk,Oscar Delp,1,1,-8.7355,7.6057
Chris Olave,Bijan Robinson,Bryce Lance,Drake London,Falcons,Nick Folk,1,1,-8.8857,6.545
Chris Olave,Bijan Robinson,Drake London,Falcons,Kyle Pitts Sr.,Zachariah Branch,1,1,-10.806,0.9593
Chris Olave,Bijan Robinson,Devaughn Vele,Juwan Johnson,Noah Fant,Olamide Zaccheaus,1,1,-12.7095,0.143
Bijan Robinson,CJ Donaldson,Drake London,Falcons,Nick Folk,Tyler Shough,1,1,-9.8333,2.5375
Juwan Johnson,Bijan Robinson,CJ Donaldson,Devaughn Vele,Kyle Pitts Sr.,Tyler Shough,1,1,-10.415,1.4182
Michael Penix Jr.,Alvin Kamara,Bijan Robinson,Bryce Lance,Chris Olave,Saints,1,1,-9.9985,2.151
Michael Penix Jr.,Brian Robinson Jr.,Charlie Woerner,Chris Olave,Drake London,Juwan Johnson,1,1,-11.7376,0.3779
Kyle Pitts Sr.,Brian Robinson Jr.,Devaughn Vele,Drake London,Juwan Johnson,Michael Penix Jr.,1,1,-10.3193,1.5606
Treyton Welch,Bijan Robinson,Chris Olave,Juwan Johnson,Michael Penix Jr.,Tyler Shough,1,1,-12.1535,0.2493
Charlie Woerner,Bijan Robinson,Chris Olave,Juwan Johnson,Michael Penix Jr.,Tyler Shough,1,1,-13.5398,0.0623
Juwan Johnson,Alvin Kamara,Bijan Robinson,Chris Olave,Kendre Miller,Saints,1,1,-10.0275,2.0894
Drake London,Bijan Robinson,Jahan Dotson,Juwan Johnson,Olamide Zaccheaus,Tyler Shough,1,1,-8.7694,7.3522
Alvin Kamara,Devaughn Vele,Drake London,Falcons,Kyle Pitts Sr.,Tyler Shough,1,1,-10.5575,1.2299
Drake London,Brian Robinson Jr.,Chris Olave,Kyle Pitts Sr.,Noah Fant,Tyler Shough,1,1,-11.9399,0.3087
Chris Olave,Austin Hooper,Bijan Robinson,Drake London,Michael Penix Jr.,Treyton Welch,1,1,-11.2101,0.6404
Chris Olave,Austin Hooper,Bijan Robinson,Drake London,Michael Penix Jr.,Nick Muse,1,1,-12.7597,0.136
Daniel Carlson,Alvin Kamara,Bijan Robinson,Drake London,Falcons,Michael Penix Jr.,1,1,-11.3258,0.5704
Chris Olave,Brian Robinson Jr.,Drake London,Falcons,Kendre Miller,Michael Penix Jr.,1,1,-9.8185,2.5753
Bijan Robinson,Bryce Lance,Devaughn Vele,Michael Penix Jr.,Oscar Delp,Tyler Shough,1,1,-8.133,13.8935
Bijan Robinson,Bryce Lance,Falcons,Jahan Dotson,Michael Penix Jr.,Tyler Shough,1,1,-8.409,10.5425
Kyle Pitts Sr.,Alvin Kamara,Chris Olave,Juwan Johnson,Nick Folk,Tyler Shough,1,1,-9.4009,3.91
Juwan Johnson,Alvin Kamara,Chris Olave,Drake London,Kevin Austin Jr.,Tyler Shough,1,1,-10.2991,1.5926
Michael Penix Jr.,Alvin Kamara,Chris Olave,Devaughn Vele,Kendre Miller,Nick Folk,1,1,-10.9454,0.8345
Devaughn Vele,Chris Olave,Jahan Dotson,Michael Penix Jr.,Tyler Shough,Zachariah Branch,1,1,-10.9324,0.8454
Chris Olave,Barion Brown,Bijan Robinson,Daniel Carlson,Kyle Pitts Sr.,Tyler Shough,1,1,-10.8697,0.9
Tyler Shough,Bijan Robinson,Devaughn Vele,Michael Penix Jr.,Nick Folk,Oscar Delp,1,1,-8.8968,6.4733
Tyler Shough,Bijan Robinson,Charlie Woerner,Devaughn Vele,Michael Penix Jr.,Nick Folk,1,1,-10.8023,0.9628
Tyler Shough,Bijan Robinson,Falcons,Jahan Dotson,Michael Penix Jr.,Nick Folk,1,1,-9.1728,4.9119
Michael Penix Jr.,Bijan Robinson,Chris Blair,Drake London,Jahan Dotson,Tyler Shough,1,1,-11.3414,0.5616
Tyler Shough,Austin Hooper,Bijan Robinson,Chris Olave,Drake London,Dylan Drummond,1,1,-14.936,0.0154
Tyler Shough,Austin Hooper,Bijan Robinson,Cal Adomitis,Chris Olave,Drake London,1,1,-15.6291,0.0077
Bijan Robinson,Austin Hooper,Barion Brown,Chris Olave,Kyle Pitts Sr.,Tyler Shough,1,1,-11.1022,0.7133
Drake London,Brian Robinson Jr.,Charlie Smyth,Devaughn Vele,Michael Penix Jr.,Tyler Shough,1,1,-12.8719,0.1216
Drake London,Bijan Robinson,Falcons,Jahan Dotson,Kyle Pitts Sr.,Tyler Shough,1,1,-9.1928,4.8144
Drake London,Alvin Kamara,Barion Brown,Bijan Robinson,Daniel Carlson,Michael Penix Jr.,1,1,-11.3942,0.5327
Bijan Robinson,CJ Donaldson,Drake London,Kevin Austin Jr.,Michael Penix Jr.,Tyler Shough,1,1,-10.9315,0.8461
Bijan Robinson,CJ Donaldson,Drake London,Michael Penix Jr.,Nick Muse,Tyler Shough,1,1,-12.974,0.1098
Tyler Shough,Alvin Kamara,Devaughn Vele,Drake London,Juwan Johnson,Zachariah Branch,1,1,-10.3745,1.4769
Bijan Robinson,Chris Blair,Chris Olave,Kevin Austin Jr.,Nick Folk,Tyler Shough,1,1,-12.0635,0.2728
Bijan Robinson,Chris Olave,Nick Folk,Noah Fant,Olamide Zaccheaus,Tyler Shough,1,1,-11.734,0.3793
Devaughn Vele,CJ Donaldson,Chris Olave,Juwan Johnson,Michael Penix Jr.,Tyler Shough,1,1,-10.0954,1.9524
Bijan Robinson,CJ Donaldson,Chris Olave,Drake London,Nick Folk,Saints,1,1,-10.374,1.4776
Juwan Johnson,Bijan Robinson,Devaughn Vele,Drake London,Falcons,Nick Folk,1,1,-9.8619,2.4658
Bijan Robinson,Chris Olave,Falcons,Juwan Johnson,Nick Folk,Noah Fant,1,1,-12.1075,0.261
Chris Olave,Alvin Kamara,Juwan Johnson,Nick Folk,Noah Fant,Tyler Shough,1,1,-11.8661,0.3323
Chris Olave,Bijan Robinson,Falcons,Nick Folk,Oscar Delp,Tyler Shough,1,1,-8.8654,6.6794
Chris Olave,Bijan Robinson,Falcons,Nick Folk,Olamide Zaccheaus,Tyler Shough,1,1,-9.2144,4.7117
Chris Olave,Bijan Robinson,Daniel Carlson,Falcons,Tyler Shough,Zachariah Branch,1,1,-9.8767,2.4297
Chris Olave,Bijan Robinson,Falcons,Kevin Austin Jr.,Nick Folk,Tyler Shough,1,1,-10.6224,1.1526
Tyler Shough,Alvin Kamara,Devaughn Vele,Kyle Pitts Sr.,Michael Penix Jr.,Nick Folk,1,1,-9.641,3.0755
Michael Penix Jr.,Bijan Robinson,Devaughn Vele,Jahan Dotson,Saints,Tyler Shough,1,1,-10.3471,1.5179
Tyler Shough,Bijan Robinson,Bryce Lance,Chris Olave,Drake London,Jalen Moreno-Cropper,1,1,-12.95,0.1124
Alvin Kamara,Chris Olave,Devaughn Vele,Drake London,Kyle Pitts Sr.,Saints,1,1,-11.0983,0.7162
Bijan Robinson,Chris Olave,Dylan Drummond,Juwan Johnson,Saints,Tyler Shough,1,1,-14.7793,0.018
Bijan Robinson,Chris Olave,Jalen Moreno-Cropper,Juwan Johnson,Saints,Tyler Shough,1,1,-13.5266,0.0632
Bijan Robinson,Chris Blair,Chris Olave,Daniel Carlson,Kendre Miller,Tyler Shough,1,1,-10.1746,1.8036
Bijan Robinson,Chris Olave,Juwan Johnson,Khalil Herbert,Saints,Tyler Shough,1,1,-12.4767,0.1804
Juwan Johnson,Bijan Robinson,Chris Olave,Drake London,Kyle Pitts Sr.,Nick Muse,1,1,-12.8414,0.1253
Juwan Johnson,Bijan Robinson,Chris Olave,Drake London,Kyle Pitts Sr.,Zamir White,1,1,-13.9728,0.0404
Bijan Robinson,Chris Olave,Daniel Carlson,Falcons,Juwan Johnson,Kendre Miller,1,1,-8.9469,6.1566
Tyler Shough,Alvin Kamara,Daniel Carlson,Drake London,Jahan Dotson,Michael Penix Jr.,1,1,-8.8354,6.8825
Michael Penix Jr.,Alvin Kamara,Chris Olave,Falcons,Nick Folk,Tyler Shough,1,1,-9.8471,2.5025
Bijan Robinson,CJ Donaldson,Devaughn Vele,Michael Penix Jr.,Saints,Tyler Shough,1,1,-10.1305,1.8851
Drake London,Austin Hooper,Bijan Robinson,Chris Olave,Jahan Dotson,Kendre Miller,1,1,-9.6882,2.9335
Alvin Kamara,Bijan Robinson,Chris Olave,Daniel Carlson,Kendre Miller,Saints,1,1,-10.6985,1.0682
Michael Penix Jr.,Bijan Robinson,CJ Donaldson,Chris Olave,Kyle Pitts Sr.,Nick Folk,1,1,-11.3049,0.5825
Bijan Robinson,Chris Olave,Michael Penix Jr.,Nick Folk,Noah Fant,Zachariah Branch,1,1,-13.2238,0.0855
Chris Olave,Devaughn Vele,Jahan Dotson,Michael Penix Jr.,Olamide Zaccheaus,Tyler Shough,1,1,-9.4004,3.9121
Zachariah Branch,Bijan Robinson,Chris Olave,Juwan Johnson,Kyle Pitts Sr.,Tyler Shough,1,1,-11.7031,0.3912
Alvin Kamara,Drake London,Juwan Johnson,Kyle Pitts Sr.,Nick Folk,Tyler Shough,1,1,-9.7906,2.6481
Michael Penix Jr.,Alvin Kamara,Austin Hooper,Bijan Robinson,Kendre Miller,Tyler Shough,1,1,-10.2013,1.7562
Nick Folk,Austin Hooper,Bijan Robinson,Chris Olave,Juwan Johnson,Michael Penix Jr.,1,1,-10.8684,0.9012
Tyler Shough,Bijan Robinson,Bryce Lance,Drake London,Jahan Dotson,Nick Folk,1,1,-8.5076,9.5526
Chris Olave,Alvin Kamara,Bijan Robinson,Daniel Carlson,Kendre Miller,Saints,1,1,-10.0136,2.1188
Nick Folk,Bijan Robinson,Chris Blair,Chris Olave,Drake London,Juwan Johnson,1,1,-12.5716,0.1641
Bijan Robinson,Chris Blair,Drake London,Kyle Pitts Sr.,Nick Folk,Tyler Shough,1,1,-10.5749,1.2087
Juwan Johnson,Bijan Robinson,Devaughn Vele,Drake London,Kyrese Rowan,Michael Penix Jr.,1,1,-16.4366,0.0034
Juwan Johnson,Bijan Robinson,Devaughn Vele,Drake London,Khalil Herbert,Michael Penix Jr.,1,1,-13.4409,0.0688
Juwan Johnson,Bijan Robinson,Devaughn Vele,Drake London,Michael Penix Jr.,Treyton Welch,1,1,-11.453,0.5023
Chris Olave,Bijan Robinson,Charlie Woerner,Chris Blair,Michael Penix Jr.,Tyler Shough,1,1,-12.0625,0.2731
Chris Olave,Bijan Robinson,Chris Blair,Michael Penix Jr.,Oscar Delp,Tyler Shough,1,1,-10.1569,1.8359
Chris Olave,Bijan Robinson,Cedric Tillman,Khalil Herbert,Michael Penix Jr.,Tyler Shough,1,1,-18.0684,0.0007
Bijan Robinson,Austin Hooper,Chris Olave,Daniel Carlson,Kyle Pitts Sr.,Nick Folk,1,1,-9.4246,3.8184
Bijan Robinson,Daniel Carlson,Devaughn Vele,Juwan Johnson,Kendre Miller,Nick Folk,1,1,-9.5161,3.4845
Alvin Kamara,Chris Olave,Drake London,Kendre Miller,Tyler Shough,Zachariah Branch,1,1,-11.0012,0.7891
Drake London,Alvin Kamara,Austin Hooper,Bijan Robinson,Olamide Zaccheaus,Tyler Shough,1,1,-9.4022,3.9049
Chris Olave,Alvin Kamara,Charlie Woerner,Daniel Carlson,Drake London,Tyler Shough,1,1,-10.4337,1.392
Chris Olave,Alvin Kamara,Chris Blair,Daniel Carlson,Drake London,Tyler Shough,1,1,-10.4783,1.3312
Devaughn Vele,Brian Robinson Jr.,Chris Olave,Kendre Miller,Oscar Delp,Tyler Shough,1,1,-10.3121,1.572
Alvin Kamara,Bijan Robinson,Drake London,Falcons,Michael Penix Jr.,Saints,1,1,-10.6907,1.0765
Michael Penix Jr.,Brian Robinson Jr.,Daniel Carlson,Drake London,Juwan Johnson,Tyler Shough,1,1,-9.1711,4.92
Kendre Miller,Brian Robinson Jr.,Chris Olave,Juwan Johnson,Michael Penix Jr.,Tyler Shough,1,1,-9.8489,2.4982
Noah Fant,Bijan Robinson,Chris Olave,Drake London,Jahan Dotson,Juwan Johnson,1,1,-12.8279,0.127
Drake London,Bijan Robinson,CJ Donaldson,Chris Olave,Daniel Carlson,Kyle Pitts Sr.,1,1,-10.025,2.0947
Chris Olave,Bijan Robinson,Juwan Johnson,Kyle Pitts Sr.,Nick Folk,Olamide Zaccheaus,1,1,-9.6861,2.9397
CJ Donaldson,Bijan Robinson,Chris Olave,Drake London,Kendre Miller,Tyler Shough,1,1,-11.964,0.3013
Bijan Robinson,Austin Hooper,Devaughn Vele,Kendre Miller,Nick Folk,Tyler Shough,1,1,-9.5353,3.4184
Devaughn Vele,Bijan Robinson,Kyle Pitts Sr.,Michael Penix Jr.,Treyton Welch,Tyler Shough,1,1,-11.904,0.32
Drake London,Austin Hooper,Chris Olave,Devaughn Vele,Jahan Dotson,Tyler Shough,1,1,-9.1587,4.9815
Chris Olave,Alvin Kamara,Austin Hooper,Drake London,Falcons,Tyler Shough,1,1,-9.2698,4.4578
Chris Olave,Austin Hooper,Bijan Robinson,Kyle Pitts Sr.,Tyler Shough,Zachariah Branch,1,1,-10.3676,1.4871
Devaughn Vele,Bijan Robinson,Falcons,Juwan Johnson,Kyle Pitts Sr.,Michael Penix Jr.,1,1,-10.3767,1.4737
Tyler Shough,Bijan Robinson,Chris Blair,Chris Olave,Falcons,Juwan Johnson,1,1,-10.3149,1.5676
Tyler Shough,Bijan Robinson,Chris Olave,Falcons,Juwan Johnson,Kevin Austin Jr.,1,1,-10.1216,1.9019
Drake London,Bijan Robinson,Chris Olave,Daniel Carlson,Juwan Johnson,Nick Muse,1,1,-12.0943,0.2645
Saints,Bijan Robinson,Brian Robinson Jr.,Chris Olave,Drake London,Falcons,1,1,-10.5616,1.2249
Drake London,Bijan Robinson,Chris Olave,Daniel Carlson,Juwan Johnson,Treyton Welch,1,1,-10.5447,1.2458
Saints,Alvin Kamara,Brian Robinson Jr.,Chris Olave,Drake London,Juwan Johnson,1,1,-10.5335,1.2598
Juwan Johnson,Bijan Robinson,Chris Olave,Daniel Carlson,Treyton Welch,Tyler Shough,1,1,-10.3625,1.4947
Juwan Johnson,Bijan Robinson,Charlie Woerner,Chris Olave,Daniel Carlson,Tyler Shough,1,1,-10.0182,2.109
Juwan Johnson,Bijan Robinson,Chris Olave,Daniel Carlson,Nick Muse,Tyler Shough,1,1,-11.9121,0.3174
Juwan Johnson,Bijan Robinson,Chris Olave,Daniel Carlson,Kevin Austin Jr.,Tyler Shough,1,1,-9.8696,2.4469
Michael Penix Jr.,Alvin Kamara,Austin Hooper,Bijan Robinson,Drake London,Falcons,1,1,-10.7464,1.0182
Kyle Pitts Sr.,Alvin Kamara,Chris Olave,Daniel Carlson,Devaughn Vele,Michael Penix Jr.,1,1,-10.2286,1.7088
Bijan Robinson,Bryce Lance,Chris Olave,Daniel Carlson,Falcons,Michael Penix Jr.,1,1,-8.2834,11.9542
Chris Olave,Alvin Kamara,Kyle Pitts Sr.,Michael Penix Jr.,Oscar Delp,Tyler Shough,1,1,-8.9509,6.1322
Chris Olave,Alvin Kamara,Bryce Lance,Daniel Carlson,Michael Penix Jr.,Tyler Shough,1,1,-8.0419,15.2189
Bijan Robinson,Bryce Lance,Chris Olave,Daniel Carlson,Kyle Pitts Sr.,Nick Folk,1,1,-8.6913,7.9494
Chris Olave,Brian Robinson Jr.,Drake London,Kendre Miller,Noah Fant,Tyler Shough,1,1,-12.1618,0.2473
Chris Olave,Brian Robinson Jr.,Drake London,Kendre Miller,Olamide Zaccheaus,Tyler Shough,1,1,-9.482,3.6055
Devaughn Vele,Bijan Robinson,Bryce Lance,Drake London,Falcons,Tyler Shough,1,1,-9.2398,4.5936
Bijan Robinson,Barion Brown,Chris Olave,Daniel Carlson,Kendre Miller,Tyler Shough,1,1,-10.6216,1.1536
Chris Olave,Brian Robinson Jr.,Kyle Pitts Sr.,Michael Penix Jr.,Saints,Tyler Shough,1,1,-9.4254,3.8155
Chris Olave,Alvin Kamara,Charlie Woerner,Devaughn Vele,Kendre Miller,Tyler Shough,1,1,-11.52,0.4697
Chris Olave,Bijan Robinson,Bryce Lance,Kyle Pitts Sr.,Tyler Shough,Zachariah Branch,1,1,-9.6343,3.096
Nick Folk,Alvin Kamara,Bijan Robinson,Daniel Carlson,Falcons,Tyler Shough,1,1,-11.2037,0.6445
Tyler Shough,Bijan Robinson,Chris Olave,Michael Penix Jr.,Oscar Delp,Zachariah Branch,1,1,-9.4809,3.6094
Falcons,Bijan Robinson,Chris Olave,Juwan Johnson,Michael Penix Jr.,Nick Folk,1,1,-10.1573,1.8352
Michael Penix Jr.,Austin Hooper,Bijan Robinson,Jahan Dotson,Juwan Johnson,Tyler Shough,1,1,-9.6753,2.9718
Chris Olave,Brian Robinson Jr.,Daniel Carlson,Drake London,Michael Penix Jr.,Tua Tagovailoa,1,1,-15.0307,0.014
Tyler Shough,Alvin Kamara,Chris Olave,Drake London,Nick Folk,Oscar Delp,1,1,-8.7911,7.1949
Tyler Shough,Bijan Robinson,Daniel Carlson,Devaughn Vele,Juwan Johnson,Zachariah Branch,1,1,-9.9451,2.2691
Tyler Shough,Bijan Robinson,Devaughn Vele,Juwan Johnson,Nick Folk,Olamide Zaccheaus,1,1,-9.2828,4.4002
Devaughn Vele,Austin Hooper,Bijan Robinson,Drake London,Juwan Johnson,Kyle Pitts Sr.,1,1,-10.4448,1.3766
Chris Olave,Austin Hooper,Bijan Robinson,Devaughn Vele,Jack Strand,Nick Folk,1,1,-15.6945,0.0072
Kyle Pitts Sr.,Bijan Robinson,Chris Olave,Drake London,Jahan Dotson,Oscar Delp,1,1,-10.0043,2.1387
Bijan Robinson,Austin Hooper,Bryce Lance,Chris Olave,Daniel Carlson,Drake London,1,1,-8.3515,11.167
Bijan Robinson,Bryce Lance,Chris Olave,Juwan Johnson,Kendre Miller,Kyle Pitts Sr.,1,1,-8.7045,7.8451
Devaughn Vele,Barion Brown,Bijan Robinson,Daniel Carlson,Drake London,Tyler Shough,1,1,-11.6285,0.4214
Chris Blair,Bijan Robinson,Chris Olave,Drake London,Nick Folk,Tyler Shough,1,1,-14.0314,0.0381
Tyler Shough,Austin Hooper,Brian Robinson Jr.,Chris Olave,Daniel Carlson,Michael Penix Jr.,1,1,-8.866,6.6751
Chris Olave,Austin Hooper,Bijan Robinson,Bryce Lance,Juwan Johnson,Michael Penix Jr.,1,1,-8.5111,9.5194
Falcons,Alvin Kamara,Bijan Robinson,Daniel Carlson,Drake London,Michael Penix Jr.,1,1,-10.5874,1.1937
Tyler Shough,Brian Robinson Jr.,Chris Olave,Drake London,Nick Folk,Saints,1,1,-9.2656,4.4767
Tua Tagovailoa,Alvin Kamara,Bijan Robinson,Chris Olave,Kyle Pitts Sr.,Nick Folk,1,1,-15.7464,0.0069
Chris Olave,Alvin Kamara,Austin Hooper,Drake London,Juwan Johnson,Kyle Pitts Sr.,1,1,-9.7415,2.7813
Bijan Robinson,Barion Brown,Drake London,Kyle Pitts Sr.,Nick Folk,Tyler Shough,1,1,-11.0218,0.7731
Michael Penix Jr.,Bijan Robinson,Daniel Carlson,Drake London,Jahan Dotson,Nick Folk,1,1,-10.1107,1.9227
Bijan Robinson,Alvin Kamara,Daniel Carlson,Juwan Johnson,Nick Folk,Saints,1,1,-9.6978,2.9054
Falcons,Bijan Robinson,Brian Robinson Jr.,Devaughn Vele,Saints,Tyler Shough,1,1,-11.4525,0.5025
Alvin Kamara,Devaughn Vele,Drake London,Kendre Miller,Kyle Pitts Sr.,Tyler Shough,1,1,-10.5678,1.2173
Tyler Shough,Alvin Kamara,Chris Olave,Kyle Pitts Sr.,Michael Penix Jr.,Zachariah Branch,1,1,-10.2251,1.7148
Alvin Kamara,Austin Hooper,Devaughn Vele,Drake London,Juwan Johnson,Michael Penix Jr.,1,1,-10.5876,1.1934
Tyler Shough,Alvin Kamara,Austin Hooper,Bijan Robinson,Jahan Dotson,Olamide Zaccheaus,1,1,-10.2114,1.7385
Tyler Shough,Bijan Robinson,Devaughn Vele,Falcons,Kyle Pitts Sr.,Nick Folk,1,1,-9.7062,2.8814
Tyler Shough,Alvin Kamara,Devaughn Vele,Juwan Johnson,Kyle Pitts Sr.,Nick Folk,1,1,-9.678,2.9636
Tyler Shough,Alvin Kamara,Chris Olave,Daniel Carlson,Devaughn Vele,Olamide Zaccheaus,1,1,-9.4494,3.7248
Bijan Robinson,Daniel Carlson,Michael Penix Jr.,Nick Folk,Tyler Shough,Zachariah Branch,1,1,-9.5341,3.4223
Jahan Dotson,Bijan Robinson,Chris Olave,Drake London,Kyle Pitts Sr.,Saints,1,1,-11.9319,0.3111
Bijan Robinson,CJ Donaldson,Daniel Carlson,Drake London,Michael Penix Jr.,Nick Folk,1,1,-9.894,2.3878
Bijan Robinson,Austin Hooper,Charlie Woerner,Devaughn Vele,Drake London,Michael Penix Jr.,1,1,-11.3273,0.5696
Bryce Lance,Alvin Kamara,Chris Olave,Devaughn Vele,Drake London,Michael Penix Jr.,1,1,-11.126,0.6966
Nick Folk,Alvin Kamara,Bijan Robinson,Michael Penix Jr.,Saints,Tyler Shough,1,1,-11.1915,0.6524
Daniel Carlson,Bijan Robinson,Devaughn Vele,Juwan Johnson,Kyle Pitts Sr.,Tyler Shough,1,1,-10.788,0.9767
Michael Penix Jr.,Bijan Robinson,CJ Donaldson,Chris Blair,Chris Olave,Tyler Shough,1,1,-12.1617,0.2473
Tyler Shough,Bijan Robinson,Daniel Carlson,Devaughn Vele,Drake London,Nick Muse,1,1,-12.4241,0.1902
Tyler Shough,Barion Brown,Bijan Robinson,Chris Olave,Falcons,Juwan Johnson,1,1,-10.7618,1.0027
Bijan Robinson,Charlie Woerner,Daniel Carlson,Juwan Johnson,Michael Penix Jr.,Tyler Shough,1,1,-9.6647,3.0035
Tyler Shough,Alvin Kamara,Chris Olave,Devaughn Vele,Kendre Miller,Zachariah Branch,1,1,-10.8887,0.8832
Chris Olave,Bijan Robinson,Bryce Lance,Devaughn Vele,Juwan Johnson,Saints,1,1,-9.22,4.6854
Chris Olave,Bijan Robinson,Bryce Lance,Drake London,Falcons,Kyle Pitts Sr.,1,1,-9.0364,5.6297
Drake London,Bijan Robinson,Bryce Lance,Devaughn Vele,Juwan Johnson,Nick Folk,1,1,-8.8724,6.6328
Bryce Lance,Alvin Kamara,Bijan Robinson,Daniel Carlson,Drake London,Tyler Shough,1,1,-10.299,1.5928
Bijan Robinson,Drake London,Falcons,Nick Folk,Tyler Shough,Zachariah Branch,1,1,-10.0287,2.087
Drake London,Brian Robinson Jr.,Jahan Dotson,Kendre Miller,Michael Penix Jr.,Tyler Shough,1,1,-9.3586,4.0788
Devaughn Vele,CJ Donaldson,Chris Olave,Drake London,Nick Folk,Tyler Shough,1,1,-10.587,1.1941
Chris Olave,Bijan Robinson,CJ Donaldson,Charlie Smyth,Kyle Pitts Sr.,Tyler Shough,1,1,-13.7734,0.0493
Tyler Shough,Bijan Robinson,CJ Donaldson,Juwan Johnson,Michael Penix Jr.,Nick Folk,1,1,-9.4891,3.5799
Drake London,Brian Robinson Jr.,Devaughn Vele,Juwan Johnson,Kendre Miller,Michael Penix Jr.,1,1,-9.8051,2.6099
Tyler Shough,Austin Hooper,Bijan Robinson,Chris Olave,Jahan Dotson,Noah Fant,1,1,-12.1519,0.2497
Saints,Alvin Kamara,Bijan Robinson,Chris Olave,Juwan Johnson,Nick Folk,1,1,-10.2761,1.6296
Bijan Robinson,Drake London,Falcons,Juwan Johnson,Kevin Austin Jr.,Tyler Shough,1,1,-10.0107,2.1249
Saints,Bijan Robinson,Brian Robinson Jr.,Juwan Johnson,Michael Penix Jr.,Tyler Shough,1,1,-9.5511,3.3646
Chris Olave,Bijan Robinson,Kendre Miller,Nick Folk,Oscar Delp,Tyler Shough,1,1,-8.8756,6.6114
Chris Olave,Bijan Robinson,Juwan Johnson,Noah Fant,Oscar Delp,Tyler Shough,1,1,-11.2725,0.6017
Tyler Shough,Barion Brown,Bijan Robinson,Chris Olave,Michael Penix Jr.,Zachariah Branch,1,1,-11.8781,0.3284
Tyler Shough,Bijan Robinson,Charlie Woerner,Devaughn Vele,Kyle Pitts Sr.,Michael Penix Jr.,1,1,-10.953,0.8282
Nick Folk,Bijan Robinson,Chris Olave,Daniel Carlson,Juwan Johnson,Kyle Pitts Sr.,1,1,-10.9361,0.8422
Austin Hooper,Bijan Robinson,Chris Olave,Devaughn Vele,Kendre Miller,Tyler Shough,1,1,-11.0444,0.7558
Bijan Robinson,Austin Hooper,Chris Olave,Kendre Miller,Tyler Shough,Zachariah Branch,1,1,-10.1194,1.9061
Bijan Robinson,Alvin Kamara,Kendre Miller,Kyle Pitts Sr.,Saints,Tyler Shough,1,1,-9.7609,2.7279
Bijan Robinson,Austin Hooper,Barion Brown,Chris Olave,Drake London,Kyle Pitts Sr.,1,1,-11.6576,0.4093
Devaughn Vele,Bijan Robinson,Chris Blair,Chris Olave,Saints,Tyler Shough,1,1,-11.7104,0.3883
Devaughn Vele,Bijan Robinson,Chris Olave,Oscar Delp,Saints,Tyler Shough,1,1,-9.7602,2.7299
Zachariah Branch,Alvin Kamara,Chris Olave,Drake London,Juwan Johnson,Tyler Shough,1,1,-11.7586,0.37
Devaughn Vele,Bijan Robinson,Juwan Johnson,Kyle Pitts Sr.,Oscar Delp,Tyler Shough,1,1,-9.6912,2.9248
Devaughn Vele,Bijan Robinson,Juwan Johnson,Kyle Pitts Sr.,Olamide Zaccheaus,Tyler Shough,1,1,-10.0402,2.0632
Michael Penix Jr.,Alvin Kamara,Charlie Woerner,Chris Olave,Juwan Johnson,Tyler Shough,1,1,-11.131,0.6931
Drake London,Bijan Robinson,Bryce Lance,Jahan Dotson,Juwan Johnson,Michael Penix Jr.,1,1,-8.4897,9.7256
Devaughn Vele,Chris Olave,Drake London,Jahan Dotson,Kendre Miller,Michael Penix Jr.,1,1,-10.3447,1.5216
Bijan Robinson,Charlie Woerner,Drake London,Michael Penix Jr.,Tyler Shough,Zachariah Branch,1,1,-11.2756,0.5998
Bijan Robinson,Drake London,Kevin Austin Jr.,Michael Penix Jr.,Tyler Shough,Zachariah Branch,1,1,-11.127,0.6959
Bijan Robinson,Chris Blair,Drake London,Michael Penix Jr.,Tyler Shough,Zachariah Branch,1,1,-11.3202,0.5736
Devaughn Vele,Bijan Robinson,Chris Olave,Falcons,Juwan Johnson,Saints,1,1,-10.4827,1.3254
Bijan Robinson,Chris Blair,Chris Olave,Kyle Pitts Sr.,Noah Fant,Tyler Shough,1,1,-13.4859,0.0658
Bijan Robinson,Bryce Lance,Juwan Johnson,Kyle Pitts Sr.,Nick Folk,Tyler Shough,1,1,-8.1755,13.3158
Bijan Robinson,Chris Olave,Kevin Austin Jr.,Kyle Pitts Sr.,Olamide Zaccheaus,Tyler Shough,1,1,-10.6128,1.1637
Bijan Robinson,Bryce Lance,Chris Olave,Daniel Carlson,Oscar Delp,Tyler Shough,1,1,-7.5979,23.7254
Bijan Robinson,Daniel Carlson,Devaughn Vele,Falcons,Kendre Miller,Tyler Shough,1,1,-9.195,4.8039
Bijan Robinson,Bryce Lance,Chris Olave,Daniel Carlson,Noah Fant,Tyler Shough,1,1,-10.6267,1.1477
Bijan Robinson,Bryce Lance,Charlie Smyth,Chris Olave,Daniel Carlson,Tyler Shough,1,1,-11.3974,0.531
Kyle Pitts Sr.,Bijan Robinson,Brian Robinson Jr.,Drake London,Michael Penix Jr.,Saints,1,1,-10.5394,1.2523
Bijan Robinson,Austin Hooper,Chris Olave,Daniel Carlson,Michael Penix Jr.,Zachariah Branch,1,1,-10.17,1.8121
Jahan Dotson,Chris Olave,Juwan Johnson,Michael Penix Jr.,Nick Folk,Tyler Shough,1,1,-10.522,1.2743
Chris Olave,Bijan Robinson,Falcons,Kevin Austin Jr.,Kyle Pitts Sr.,Tyler Shough,1,1,-10.7731,0.9914
Chris Olave,Bijan Robinson,Chris Blair,Falcons,Kyle Pitts Sr.,Tyler Shough,1,1,-10.9663,0.8172
Chris Olave,Bijan Robinson,Bryce Lance,Daniel Carlson,Falcons,Tyler Shough,1,1,-8.1071,14.2586
Drake London,Bijan Robinson,CJ Donaldson,Chris Olave,Michael Penix Jr.,Oscar Delp,1,1,-9.7591,2.7328
Tyler Shough,Bijan Robinson,Chris Olave,Daniel Carlson,Kevin Austin Jr.,Nick Folk,1,1,-10.1186,1.9075
Tyler Shough,Chris Olave,Devaughn Vele,Jahan Dotson,Juwan Johnson,Zachariah Branch,1,1,-10.3627,1.4945
Tyler Shough,Bijan Robinson,Chris Olave,Daniel Carlson,Nick Folk,Oscar Delp,1,1,-8.3616,11.0541
Bijan Robinson,Austin Hooper,Barion Brown,Devaughn Vele,Drake London,Michael Penix Jr.,1,1,-11.8188,0.3484
Drake London,Brian Robinson Jr.,Falcons,Juwan Johnson,Michael Penix Jr.,Tyler Shough,1,1,-8.7069,7.8268
Bijan Robinson,Chris Olave,Daniel Carlson,Drake London,Kendre Miller,Treyton Welch,1,1,-11.0296,0.7671
Drake London,Brian Robinson Jr.,Chris Olave,Daniel Carlson,Olamide Zaccheaus,Tyler Shough,1,1,-8.8862,6.5417
Devaughn Vele,Alvin Kamara,Chris Olave,Kyle Pitts Sr.,Saints,Tyler Shough,1,1,-10.5044,1.297
Chris Olave,Brian Robinson Jr.,Juwan Johnson,Kyle Pitts Sr.,Saints,Tyler Shough,1,1,-9.4624,3.6767
Drake London,Alvin Kamara,Bijan Robinson,Falcons,Michael Penix Jr.,Olamide Zaccheaus,1,1,-9.8895,2.3987
Chris Olave,Bijan Robinson,Charlie Woerner,Juwan Johnson,Kendre Miller,Michael Penix Jr.,1,1,-10.845,0.9226
Devaughn Vele,Bijan Robinson,Chris Olave,Michael Penix Jr.,Saints,Zachariah Branch,1,1,-11.599,0.4341
Devaughn Vele,Alvin Kamara,Drake London,Falcons,Juwan Johnson,Michael Penix Jr.,1,1,-10.4322,1.3941
Tyler Shough,Barion Brown,Bijan Robinson,Daniel Carlson,Devaughn Vele,Drake London,1,1,-11.0218,0.7731
Bijan Robinson,Chris Blair,Devaughn Vele,Michael Penix Jr.,Noah Fant,Tyler Shough,1,1,-13.6471,0.056
Tyler Shough,Bijan Robinson,Chris Olave,Juwan Johnson,Olamide Zaccheaus,Zachariah Branch,1,1,-9.8669,2.4535
Bijan Robinson,Falcons,Jahan Dotson,Kevin Austin Jr.,Michael Penix Jr.,Tyler Shough,1,1,-10.7011,1.0654
Bijan Robinson,Charlie Smyth,Devaughn Vele,Michael Penix Jr.,Oscar Delp,Tyler Shough,1,1,-12.4676,0.1821
Juwan Johnson,Alvin Kamara,Austin Hooper,Bijan Robinson,Kendre Miller,Tyler Shough,1,1,-9.6038,3.1919
Kendre Miller,Alvin Kamara,Chris Olave,Devaughn Vele,Nick Folk,Tyler Shough,1,1,-10.822,0.9441
Kendre Miller,Alvin Kamara,Bijan Robinson,Drake London,Juwan Johnson,Kyle Pitts Sr.,1,1,-10.988,0.7997
Tyler Shough,Alvin Kamara,Chris Olave,Daniel Carlson,Falcons,Michael Penix Jr.,1,1,-8.6979,7.8976
Drake London,Alvin Kamara,CJ Donaldson,Chris Olave,Kyle Pitts Sr.,Michael Penix Jr.,1,1,-10.5033,1.2984
Tyler Shough,Alvin Kamara,Chris Olave,Daniel Carlson,Kyle Pitts Sr.,Nick Folk,1,1,-9.1059,5.2518
Tyler Shough,Bijan Robinson,Chris Olave,Juwan Johnson,Kendre Miller,Khalil Herbert,1,1,-12.6126,0.1575
Tyler Shough,Alvin Kamara,Bijan Robinson,Drake London,Kevin Austin Jr.,Tua Tagovailoa,1,1,-16.5409,0.0031
Tyler Shough,Alvin Kamara,Bijan Robinson,Drake London,Noah Fant,Olamide Zaccheaus,1,1,-12.3145,0.2122
Drake London,Alvin Kamara,Bijan Robinson,Daniel Carlson,Kendre Miller,Kyle Pitts Sr.,1,1,-9.8167,2.5799
Chris Olave,Bijan Robinson,Devaughn Vele,Falcons,Nick Folk,Saints,1,1,-10.3768,1.4736
Juwan Johnson,Austin Hooper,Bijan Robinson,Chris Olave,Tyler Shough,Zachariah Branch,1,1,-10.0076,2.1314
Bijan Robinson,Austin Hooper,Devaughn Vele,Kyle Pitts Sr.,Tyler Shough,Zachariah Branch,1,1,-10.829,0.9375
Bijan Robinson,Chris Olave,Kendre Miller,Kevin Austin Jr.,Kyle Pitts Sr.,Michael Penix Jr.,1,1,-10.9596,0.8227
Bijan Robinson,Chris Olave,Kendre Miller,Kyle Pitts Sr.,Michael Penix Jr.,Oscar Delp,1,1,-9.2026,4.7677
Juwan Johnson,Alvin Kamara,Bijan Robinson,Drake London,Nick Folk,Saints,1,1,-10.0539,2.0351
Bijan Robinson,Daniel Carlson,Devaughn Vele,Juwan Johnson,Kendre Miller,Kyle Pitts Sr.,1,1,-9.6668,2.9972
Drake London,Bijan Robinson,Bryce Lance,CJ Donaldson,Devaughn Vele,Tyler Shough,1,1,-9.5092,3.5087
Michael Penix Jr.,Chris Olave,Jahan Dotson,Juwan Johnson,Nick Folk,Tyler Shough,1,1,-9.3314,4.1915
Drake London,Alvin Kamara,Charlie Woerner,Chris Olave,Juwan Johnson,Michael Penix Jr.,1,1,-10.6787,1.0895
Chris Olave,Alvin Kamara,Austin Hooper,Daniel Carlson,Drake London,Michael Penix Jr.,1,1,-9.3306,4.1949
Tyler Shough,Alvin Kamara,Bryce Lance,Chris Olave,Juwan Johnson,Nick Folk,1,1,-8.3419,11.2742
Drake London,Bijan Robinson,Chris Blair,Chris Olave,Kyle Pitts Sr.,Nick Folk,1,1,-11.1595,0.6737
Bijan Robinson,Austin Hooper,Devaughn Vele,Kendre Miller,Kyle Pitts Sr.,Tyler Shough,1,1,-9.6859,2.9403
Bijan Robinson,CJ Donaldson,Chris Olave,Daniel Carlson,Saints,Tyler Shough,1,1,-9.5953,3.2191
Kendre Miller,Brian Robinson Jr.,Chris Olave,Drake London,Juwan Johnson,Michael Penix Jr.,1,1,-10.4043,1.4336
Bryce Lance,Bijan Robinson,Chris Olave,Devaughn Vele,Drake London,Falcons,1,1,-11.1912,0.6526
Kyle Pitts Sr.,Alvin Kamara,Chris Olave,Devaughn Vele,Drake London,Kendre Miller,1,1,-10.7335,1.0315
Chris Olave,Jahan Dotson,Juwan Johnson,Kyle Pitts Sr.,Nick Folk,Tyler Shough,1,1,-9.0939,5.3152
Daniel Carlson,Bijan Robinson,Bryce Lance,Chris Olave,Juwan Johnson,Tyler Shough,1,1,-9.4519,3.7156
Devaughn Vele,Bijan Robinson,CJ Donaldson,Juwan Johnson,Kendre Miller,Tyler Shough,1,1,-10.9101,0.8645
Tyler Shough,Austin Hooper,Bijan Robinson,Cedric Tillman,Chris Olave,Michael Penix Jr.,1,1,-14.0686,0.0367
Falcons,Alvin Kamara,Bijan Robinson,Chris Olave,Michael Penix Jr.,Saints,1,1,-11.1162,0.7034
Devaughn Vele,Bijan Robinson,Drake London,Kyle Pitts Sr.,Michael Penix Jr.,Oscar Delp,1,1,-10.2096,1.7417
Drake London,Brian Robinson Jr.,Chris Olave,Daniel Carlson,Kendre Miller,Michael Penix Jr.,1,1,-9.233,4.625
Devaughn Vele,Bijan Robinson,Chris Blair,Drake London,Kyle Pitts Sr.,Michael Penix Jr.,1,1,-12.1598,0.2477
Tyler Shough,CJ Donaldson,Chris Olave,Devaughn Vele,Drake London,Nick Folk,1,1,-9.9803,2.1906
Tyler Shough,Bijan Robinson,Chris Olave,Drake London,Oscar Delp,Treyton Welch,1,1,-10.4473,1.3731
Tyler Shough,Bijan Robinson,Chris Olave,Drake London,Kevin Austin Jr.,Treyton Welch,1,1,-12.2043,0.237
Tyler Shough,Bijan Robinson,Chris Olave,Drake London,Kevin Austin Jr.,Oscar Delp,1,1,-9.9545,2.2478
Tyler Shough,Bijan Robinson,Chris Olave,Drake London,Olamide Zaccheaus,Treyton Welch,1,1,-10.7963,0.9686
Tyler Shough,Alvin Kamara,Bijan Robinson,Charlie Smyth,Devaughn Vele,Saints,1,1,-13.6922,0.0535
Tyler Shough,Bijan Robinson,Chris Olave,Drake London,Jalen Moreno-Cropper,Olamide Zaccheaus,1,1,-13.834,0.0464
Michael Penix Jr.,Alvin Kamara,Bijan Robinson,Bryce Lance,Drake London,Kendre Miller,1,1,-10.0234,2.0981
Michael Penix Jr.,Bijan Robinson,Jahan Dotson,Juwan Johnson,Kyle Pitts Sr.,Nick Folk,1,1,-10.5705,1.214
Saints,Brian Robinson Jr.,Chris Olave,Devaughn Vele,Drake London,Tyler Shough,1,1,-10.0423,2.0588
Drake London,Alvin Kamara,Daniel Carlson,Devaughn Vele,Kyle Pitts Sr.,Tyler Shough,1,1,-9.2871,4.3811
Tyler Shough,Alvin Kamara,Devaughn Vele,Juwan Johnson,Michael Penix Jr.,Zachariah Branch,1,1,-10.4234,1.4064
Tyler Shough,Bryce Lance,Chris Olave,Devaughn Vele,Jahan Dotson,Michael Penix Jr.,1,1,-8.556,9.1012
Drake London,Bijan Robinson,Devaughn Vele,Michael Penix Jr.,Nick Folk,Treyton Welch,1,1,-11.6203,0.4249
Drake London,Bijan Robinson,Charlie Woerner,Devaughn Vele,Michael Penix Jr.,Nick Folk,1,1,-11.276,0.5995
Drake London,Alvin Kamara,Austin Hooper,Bijan Robinson,Bryce Lance,Michael Penix Jr.,1,1,-9.1224,5.1654
Drake London,Bijan Robinson,Chris Blair,Devaughn Vele,Michael Penix Jr.,Nick Folk,1,1,-11.3207,0.5734
Drake London,Austin Hooper,Brian Robinson Jr.,Chris Olave,Juwan Johnson,Kyle Pitts Sr.,1,1,-9.7507,2.7559
Devaughn Vele,Bijan Robinson,Bryce Lance,Chris Olave,Kendre Miller,Kyle Pitts Sr.,1,1,-10.2257,1.7138
Chris Olave,Alvin Kamara,Daniel Carlson,Devaughn Vele,Drake London,Saints,1,1,-10.0394,2.0647
Bijan Robinson,Bryce Lance,Devaughn Vele,Kendre Miller,Kyle Pitts Sr.,Tyler Shough,1,1,-8.9526,6.1214
Kendre Miller,Bijan Robinson,Chris Olave,Daniel Carlson,Drake London,Jahan Dotson,1,1,-10.5163,1.2816
Chris Olave,Austin Hooper,Drake London,Jahan Dotson,Juwan Johnson,Tyler Shough,1,1,-8.754,7.4666
Daniel Carlson,Alvin Kamara,Devaughn Vele,Drake London,Juwan Johnson,Tyler Shough,1,1,-10.8435,0.924
Drake London,Alvin Kamara,Bryce Lance,Devaughn Vele,Juwan Johnson,Tyler Shough,1,1,-8.5232,9.405
Tyler Shough,Bijan Robinson,Bryce Lance,Chris Olave,Michael Penix Jr.,Oscar Delp,1,1,-7.7113,21.1818
Tyler Shough,Bijan Robinson,Bryce Lance,Chris Blair,Chris Olave,Michael Penix Jr.,1,1,-9.6615,3.0129
Tyler Shough,Bijan Robinson,Bryce Lance,Chris Olave,Jalen Moreno-Cropper,Michael Penix Jr.,1,1,-12.9988,0.1071
Tyler Shough,Bijan Robinson,Chris Olave,Devaughn Vele,Saints,Treyton Welch,1,1,-11.4033,0.5279
Bijan Robinson,Barion Brown,Falcons,Jahan Dotson,Michael Penix Jr.,Tyler Shough,1,1,-11.3413,0.5617
Drake London,Bijan Robinson,Chris Olave,Daniel Carlson,Jahan Dotson,Saints,1,1,-9.3596,4.0747
Chris Olave,Austin Hooper,Bijan Robinson,Bryce Lance,Daniel Carlson,Devaughn Vele,1,1,-9.3121,4.273
Bijan Robinson,Daniel Carlson,Drake London,Nick Folk,Nick Muse,Tyler Shough,1,1,-12.0502,0.2764
Noah Fant,Brian Robinson Jr.,Chris Olave,Drake London,Michael Penix Jr.,Tyler Shough,1,1,-12.3917,0.1965
Kyle Pitts Sr.,Alvin Kamara,Bijan Robinson,Drake London,Juwan Johnson,Noah Fant,1,1,-13.1308,0.0938
Bijan Robinson,Austin Hooper,Brian Robinson Jr.,Daniel Carlson,Kendre Miller,Nick Folk,1,1,-10.3949,1.4471
Charlie Woerner,Bijan Robinson,Chris Olave,Drake London,Kyle Pitts Sr.,Tyler Shough,1,1,-14.1821,0.0328
Kevin Austin Jr.,Bijan Robinson,Chris Olave,Drake London,Kyle Pitts Sr.,Tyler Shough,1,1,-12.7958,0.1312
Chris Olave,Alvin Kamara,Devaughn Vele,Kyle Pitts Sr.,Michael Penix Jr.,Saints,1,1,-10.4622,1.3528
Tyler Shough,Austin Hooper,Bijan Robinson,Devaughn Vele,Drake London,Zachariah Branch,1,1,-10.5196,1.2774
Tyler Shough,Bijan Robinson,Daniel Carlson,Drake London,Jahan Dotson,Kendre Miller,1,1,-8.9109,6.3826
Juwan Johnson,Chris Olave,Jahan Dotson,Michael Penix Jr.,Nick Folk,Tyler Shough,1,1,-8.6969,7.9055
Bijan Robinson,Austin Hooper,Juwan Johnson,Michael Penix Jr.,Tyler Shough,Zachariah Branch,1,1,-9.6541,3.0354
Juwan Johnson,Austin Hooper,Brian Robinson Jr.,Devaughn Vele,Michael Penix Jr.,Tyler Shough,1,1,-9.7297,2.8143
Drake London,Bijan Robinson,Chris Olave,Jahan Dotson,Kendre Miller,Olamide Zaccheaus,1,1,-9.839,2.5229
Bijan Robinson,Drake London,Juwan Johnson,Nick Muse,Tyler Shough,Zachariah Branch,1,1,-13.2065,0.087
Bijan Robinson,Chris Olave,Falcons,Kendre Miller,Olamide Zaccheaus,Tyler Shough,1,1,-9.1168,5.1944
Kyle Pitts Sr.,Bijan Robinson,Devaughn Vele,Falcons,Juwan Johnson,Tyler Shough,1,1,-9.778,2.6818
Bijan Robinson,Barion Brown,Chris Olave,Kendre Miller,Kyle Pitts Sr.,Michael Penix Jr.,1,1,-11.5997,0.4337
Alvin Kamara,Chris Olave,Daniel Carlson,Michael Penix Jr.,Noah Fant,Tyler Shough,1,1,-12.2906,0.2174
Alvin Kamara,Chris Olave,Michael Penix Jr.,Nick Folk,Saints,Tyler Shough,1,1,-9.9085,2.3537
Devaughn Vele,Bijan Robinson,Daniel Carlson,Michael Penix Jr.,Oscar Delp,Tyler Shough,1,1,-9.2802,4.4114
Devaughn Vele,Bijan Robinson,Daniel Carlson,Kevin Austin Jr.,Michael Penix Jr.,Tyler Shough,1,1,-11.0372,0.7612
Kyle Pitts Sr.,Bijan Robinson,Chris Olave,Drake London,Nick Folk,Zachariah Branch,1,1,-11.1378,0.6884
Juwan Johnson,Bijan Robinson,Bryce Lance,Chris Olave,Drake London,Falcons,1,1,-8.6764,8.0687
Tyler Shough,Alvin Kamara,Devaughn Vele,Drake London,Michael Penix Jr.,Oscar Delp,1,1,-9.1029,5.2672
Tyler Shough,Alvin Kamara,Devaughn Vele,Drake London,Michael Penix Jr.,Treyton Welch,1,1,-11.3528,0.5552
Michael Penix Jr.,Alvin Kamara,Bijan Robinson,Kendre Miller,Olamide Zaccheaus,Tyler Shough,1,1,-10.3521,1.5104
Drake London,Bijan Robinson,CJ Donaldson,Chris Blair,Chris Olave,Juwan Johnson,1,1,-11.7464,0.3746
Devaughn Vele,Bijan Robinson,Chris Olave,Daniel Carlson,Nick Folk,Saints,1,1,-10.4797,1.3294
Nick Folk,Bijan Robinson,Chris Olave,Daniel Carlson,Drake London,Falcons,1,1,-11.0198,0.7746
Drake London,Barion Brown,Bijan Robinson,Chris Olave,Kyle Pitts Sr.,Nick Folk,1,1,-11.6064,0.4309
Bijan Robinson,Drake London,Juwan Johnson,Kendre Miller,Khalil Herbert,Tyler Shough,1,1,-12.5017,0.176
Bijan Robinson,CJ Donaldson,Daniel Carlson,Drake London,Kyle Pitts Sr.,Michael Penix Jr.,1,1,-10.0447,2.0539
Bijan Robinson,Chris Olave,Daniel Carlson,Falcons,Michael Penix Jr.,Olamide Zaccheaus,1,1,-9.1674,4.9384
Bijan Robinson,Bryce Lance,Drake London,Jahan Dotson,Kendre Miller,Michael Penix Jr.,1,1,-8.9747,5.9882
Chris Blair,Bijan Robinson,Devaughn Vele,Drake London,Michael Penix Jr.,Tyler Shough,1,1,-14.3433,0.0279
Chris Olave,Alvin Kamara,Daniel Carlson,Michael Penix Jr.,Olamide Zaccheaus,Tyler Shough,1,1,-8.9259,6.287
Bijan Robinson,Charlie Smyth,Chris Olave,Daniel Carlson,Kyle Pitts Sr.,Nick Folk,1,1,-13.0259,0.1042
Drake London,Alvin Kamara,Bijan Robinson,Noah Fant,Olamide Zaccheaus,Tyler Shough,1,1,-12.2328,0.2303
Drake London,Alvin Kamara,Bijan Robinson,Olamide Zaccheaus,Oscar Delp,Tyler Shough,1,1,-9.204,4.7608
Michael Penix Jr.,Bijan Robinson,Chris Olave,Oscar Delp,Tyler Shough,Zachariah Branch,1,1,-10.4069,1.4298
Chris Olave,Drake London,Jahan Dotson,Kyle Pitts Sr.,Michael Penix Jr.,Nick Folk,1,1,-9.6122,3.1652
Kyle Pitts Sr.,Bijan Robinson,Devaughn Vele,Michael Penix Jr.,Tyler Shough,Zachariah Branch,1,1,-10.8942,0.8783
Tyler Shough,Barion Brown,Bijan Robinson,Chris Olave,Drake London,Oscar Delp,1,1,-10.5947,1.185
Tyler Shough,Barion Brown,Bijan Robinson,Chris Olave,Drake London,Kevin Austin Jr.,1,1,-12.3517,0.2045
Devaughn Vele,Bijan Robinson,Chris Olave,Juwan Johnson,Saints,Zachariah Branch,1,1,-11.636,0.4183
Chris Olave,Alvin Kamara,Daniel Carlson,Juwan Johnson,Kyle Pitts Sr.,Nick Folk,1,1,-9.7075,2.8776
Alvin Kamara,Bijan Robinson,Drake London,Juwan Johnson,Kendre Miller,Saints,1,1,-10.738,1.0268
Bijan Robinson,Devaughn Vele,Kendre Miller,Nick Folk,Olamide Zaccheaus,Tyler Shough,1,1,-9.686,2.9399
Bijan Robinson,Chris Blair,Devaughn Vele,Jack Strand,Juwan Johnson,Tyler Shough,1,1,-16.2794,0.004
Juwan Johnson,Bijan Robinson,Bryce Lance,Devaughn Vele,Kyle Pitts Sr.,Tyler Shough,1,1,-8.8409,6.8451
Bijan Robinson,Devaughn Vele,Juwan Johnson,Saints,Tyler Shough,Zachariah Branch,1,1,-10.363,1.494
Bijan Robinson,Charlie Smyth,Devaughn Vele,Juwan Johnson,Olamide Zaccheaus,Tyler Shough,1,1,-12.8536,0.1238
Michael Penix Jr.,Bijan Robinson,CJ Donaldson,Chris Olave,Drake London,Oscar Delp,1,1,-10.7668,0.9976
Kyle Pitts Sr.,Bijan Robinson,CJ Donaldson,Devaughn Vele,Drake London,Michael Penix Jr.,1,1,-11.2542,0.6128
Bijan Robinson,Charlie Woerner,Daniel Carlson,Drake London,Juwan Johnson,Michael Penix Jr.,1,1,-10.2201,1.7235
Bijan Robinson,Chris Olave,Falcons,Kendre Miller,Michael Penix Jr.,Zachariah Branch,1,1,-10.6067,1.1709
Juwan Johnson,Barion Brown,Bijan Robinson,Chris Olave,Daniel Carlson,Drake London,1,1,-11.0652,0.7402
Chris Olave,Bijan Robinson,Bryce Lance,Daniel Carlson,Tyler Shough,Zachariah Branch,1,1,-9.2604,4.4998
Daniel Carlson,Bijan Robinson,Chris Olave,Falcons,Nick Folk,Tyler Shough,1,1,-10.6087,1.1686
Devaughn Vele,Chris Olave,Drake London,Nick Folk,Tyler Shough,Zachariah Branch,1,1,-10.7825,0.9821
Nick Folk,Bijan Robinson,Chris Olave,Falcons,Kyle Pitts Sr.,Michael Penix Jr.,1,1,-11.4426,0.5076
Devaughn Vele,Alvin Kamara,Daniel Carlson,Drake London,Michael Penix Jr.,Nick Folk,1,1,-10.4292,1.3982
Drake London,Bijan Robinson,Brian Robinson Jr.,Falcons,Juwan Johnson,Saints,1,1,-10.0521,2.0388
Devaughn Vele,Austin Hooper,Bijan Robinson,Daniel Carlson,Drake London,Juwan Johnson,1,1,-10.0709,2.0008
Falcons,Alvin Kamara,Bijan Robinson,Brian Robinson Jr.,Nick Folk,Saints,1,1,-12.4842,0.1791
Saints,Alvin Kamara,Bijan Robinson,Chris Olave,Juwan Johnson,Kyle Pitts Sr.,1,1,-10.4268,1.4017
Juwan Johnson,Austin Hooper,Bijan Robinson,Drake London,Jahan Dotson,Michael Penix Jr.,1,1,-9.5962,3.2164
Chris Olave,Brian Robinson Jr.,Kendre Miller,Michael Penix Jr.,Noah Fant,Tyler Shough,1,1,-12.2106,0.2355
Bijan Robinson,Chris Olave,Juwan Johnson,Kendre Miller,Kyle Pitts Sr.,Olamide Zaccheaus,1,1,-9.5886,3.2409
Drake London,Bijan Robinson,Chris Olave,Oscar Delp,Treyton Welch,Tyler Shough,1,1,-10.3656,1.4901
Drake London,Bijan Robinson,Charlie Woerner,Chris Blair,Chris Olave,Tyler Shough,1,1,-11.9716,0.299
Chris Olave,CJ Donaldson,Devaughn Vele,Juwan Johnson,Kyle Pitts Sr.,Tyler Shough,1,1,-10.1771,1.7991
Chris Olave,Bijan Robinson,Kendre Miller,Kyle Pitts Sr.,Treyton Welch,Tyler Shough,1,1,-11.2761,0.5995
Devaughn Vele,Chris Olave,Drake London,Juwan Johnson,Treyton Welch,Tyler Shough,1,1,-11.2573,0.6109
Chris Olave,Bijan Robinson,Kendre Miller,Kevin Austin Jr.,Kyle Pitts Sr.,Tyler Shough,1,1,-10.7833,0.9813
Chris Olave,Brian Robinson Jr.,Drake London,Falcons,Saints,Tyler Shough,1,1,-9.5461,3.3816
Chris Olave,Austin Hooper,Bijan Robinson,Juwan Johnson,Michael Penix Jr.,Olamide Zaccheaus,1,1,-9.3951,3.9325
Zachariah Branch,Bijan Robinson,Chris Olave,Daniel Carlson,Drake London,Michael Penix Jr.,1,1,-11.8475,0.3386
Michael Penix Jr.,Alvin Kamara,Devaughn Vele,Falcons,Juwan Johnson,Tyler Shough,1,1,-10.1961,1.7654
Tyler Shough,Alvin Kamara,Barion Brown,Chris Olave,Drake London,Kyle Pitts Sr.,1,1,-11.3389,0.563
Chris Olave,Bijan Robinson,Drake London,Kendre Miller,Nick Folk,Oscar Delp,1,1,-9.431,3.7939
Drake London,Bijan Robinson,Chris Olave,Falcons,Juwan Johnson,Stone Smartt,1,1,-14.9731,0.0149
Juwan Johnson,Bijan Robinson,Chris Olave,Falcons,Oscar Delp,Tyler Shough,1,1,-8.6561,8.2343
Juwan Johnson,Bijan Robinson,Chris Olave,Falcons,Olamide Zaccheaus,Tyler Shough,1,1,-9.0051,5.8086
Bijan Robinson,Austin Hooper,Bryce Lance,Chris Olave,Kendre Miller,Tyler Shough,1,1,-8.3498,11.1857
Juwan Johnson,Alvin Kamara,Chris Olave,Kendre Miller,Nick Folk,Tyler Shough,1,1,-9.2599,4.5019
Michael Penix Jr.,Chris Olave,Devaughn Vele,Drake London,Falcons,Jahan Dotson,1,1,-10.6537,1.1171
Alvin Kamara,Bryce Lance,Drake London,Juwan Johnson,Michael Penix Jr.,Tyler Shough,1,1,-8.7663,7.375
Bijan Robinson,Alvin Kamara,Drake London,Kendre Miller,Kyle Pitts Sr.,Saints,1,1,-10.3163,1.5654
Bijan Robinson,Daniel Carlson,Devaughn Vele,Drake London,Falcons,Zachariah Branch,1,1,-10.8935,0.8789
Drake London,Alvin Kamara,Bijan Robinson,Kendre Miller,Michael Penix Jr.,Oscar Delp,1,1,-9.5508,3.3659
Saints,Alvin Kamara,Bijan Robinson,Devaughn Vele,Juwan Johnson,Michael Penix Jr.,1,1,-10.588,1.193
Drake London,Alvin Kamara,Bijan Robinson,Chris Blair,Kendre Miller,Michael Penix Jr.,1,1,-11.501,0.4788
Jahan Dotson,Austin Hooper,Bijan Robinson,Chris Olave,Michael Penix Jr.,Zachariah Branch,1,1,-13.0786,0.0988
Michael Penix Jr.,Bijan Robinson,Jahan Dotson,Juwan Johnson,Olamide Zaccheaus,Tyler Shough,1,1,-9.8261,2.5558
Bijan Robinson,Bryce Lance,Drake London,Michael Penix Jr.,Treyton Welch,Tyler Shough,1,1,-9.8502,2.4948
Kyle Pitts Sr.,Alvin Kamara,Drake London,Jahan Dotson,Michael Penix Jr.,Tyler Shough,1,1,-9.8217,2.5671
Tyler Shough,Alvin Kamara,Daniel Carlson,Devaughn Vele,Juwan Johnson,Nick Folk,1,1,-9.3041,4.3073
Tyler Shough,Alvin Kamara,Bijan Robinson,Bryce Lance,Juwan Johnson,Olamide Zaccheaus,1,1,-8.8366,6.8746
Bijan Robinson,Charlie Woerner,Devaughn Vele,Drake London,Saints,Tyler Shough,1,1,-10.9481,0.8322
Michael Penix Jr.,Brian Robinson Jr.,Chris Olave,Daniel Carlson,Drake London,Zachariah Branch,1,1,-11.3838,0.5383
Michael Penix Jr.,Bijan Robinson,Chris Olave,Drake London,Falcons,Jack Velling,1,1,-17.0424,0.0019
Michael Penix Jr.,Bijan Robinson,Chris Olave,Drake London,Falcons,Khalil Herbert,1,1,-14.0467,0.0375
Michael Penix Jr.,Bijan Robinson,Chris Olave,Drake London,Falcons,Nick Muse,1,1,-13.6084,0.0582
Michael Penix Jr.,Alvin Kamara,Chris Olave,Drake London,Juwan Johnson,Oscar Delp,1,1,-9.7808,2.674
Daniel Carlson,Bijan Robinson,Chris Blair,Chris Olave,Michael Penix Jr.,Tyler Shough,1,1,-11.9002,0.3212
Daniel Carlson,Bijan Robinson,Chris Olave,Khalil Herbert,Michael Penix Jr.,Tyler Shough,1,1,-14.1876,0.0326
Daniel Carlson,Bijan Robinson,Chris Olave,Kevin Austin Jr.,Michael Penix Jr.,Tyler Shough,1,1,-11.7069,0.3897
Daniel Carlson,Bijan Robinson,Chris Olave,Michael Penix Jr.,Oscar Delp,Tyler Shough,1,1,-9.9499,2.2581
Jahan Dotson,Chris Olave,Juwan Johnson,Kyle Pitts Sr.,Michael Penix Jr.,Tyler Shough,1,1,-10.6727,1.0961
Bijan Robinson,Chris Olave,Drake London,Kyle Pitts Sr.,Olamide Zaccheaus,Oscar Delp,1,1,-9.4112,3.8698
Bijan Robinson,Chris Olave,Drake London,Kevin Austin Jr.,Kyle Pitts Sr.,Oscar Delp,1,1,-10.8193,0.9466
Chris Olave,Bijan Robinson,Jahan Dotson,Noah Fant,Saints,Tyler Shough,1,1,-12.3373,0.2074
Drake London,Alvin Kamara,Chris Olave,Kyle Pitts Sr.,Oscar Delp,Tyler Shough,1,1,-8.86,6.7156
Drake London,Alvin Kamara,Chris Olave,Kevin Austin Jr.,Kyle Pitts Sr.,Tyler Shough,1,1,-10.617,1.1589
Chris Olave,Bijan Robinson,Charlie Smyth,Jahan Dotson,Saints,Tyler Shough,1,1,-13.108,0.096
Chris Olave,Austin Hooper,Bijan Robinson,Falcons,Kyle Pitts Sr.,Michael Penix Jr.,1,1,-9.8185,2.5751
Drake London,Bijan Robinson,Charlie Woerner,Chris Olave,Michael Penix Jr.,Zachariah Branch,1,1,-11.8602,0.3343
Drake London,Bijan Robinson,Chris Olave,Michael Penix Jr.,Treyton Welch,Zachariah Branch,1,1,-12.2044,0.2369
Chris Olave,Bijan Robinson,Bryce Lance,Juwan Johnson,Michael Penix Jr.,Olamide Zaccheaus,1,1,-8.6619,8.187
Tyler Shough,Bijan Robinson,Chris Olave,Daniel Carlson,Kevin Austin Jr.,Kyle Pitts Sr.,1,1,-10.2693,1.6408
Tyler Shough,Bijan Robinson,CJ Donaldson,Devaughn Vele,Drake London,Noah Fant,1,1,-13.1547,0.0916
Tyler Shough,Bryce Lance,Chris Olave,Devaughn Vele,Jahan Dotson,Juwan Johnson,1,1,-8.5931,8.7702
Chris Olave,Bijan Robinson,Drake London,Falcons,Kyle Pitts Sr.,Olamide Zaccheaus,1,1,-9.9204,2.3257
Chris Olave,Bijan Robinson,Bryce Lance,Daniel Carlson,Drake London,Falcons,1,1,-8.6625,8.1822
Drake London,Alvin Kamara,Chris Olave,Falcons,Juwan Johnson,Kyle Pitts Sr.,1,1,-9.5825,3.2606
Chris Olave,Bijan Robinson,Devaughn Vele,Juwan Johnson,Olamide Zaccheaus,Saints,1,1,-10.104,1.9356
Chris Olave,Bijan Robinson,Falcons,Jahan Dotson,Juwan Johnson,Saints,1,1,-10.0311,2.0821
Drake London,Austin Hooper,Bijan Robinson,Devaughn Vele,Tyler Shough,Zachariah Branch,1,1,-10.4379,1.3861
Chris Olave,Devaughn Vele,Drake London,Kevin Austin Jr.,Nick Folk,Tyler Shough,1,1,-10.6585,1.1118
Drake London,Brian Robinson Jr.,Chris Olave,Kyle Pitts Sr.,Saints,Tyler Shough,1,1,-9.3345,4.1785
Alvin Kamara,Charlie Smyth,Devaughn Vele,Drake London,Juwan Johnson,Michael Penix Jr.,1,1,-14.1889,0.0326
Michael Penix Jr.,Alvin Kamara,Chris Olave,Jahan Dotson,Saints,Tyler Shough,1,1,-10.2903,1.6066
Juwan Johnson,Brian Robinson Jr.,Drake London,Falcons,Michael Penix Jr.,Tyler Shough,1,1,-9.0801,5.3888
Juwan Johnson,CJ Donaldson,Chris Olave,Devaughn Vele,Michael Penix Jr.,Tyler Shough,1,1,-9.7801,2.6759
Tyler Shough,Bijan Robinson,Bryce Lance,Charlie Woerner,Chris Olave,Juwan Johnson,1,1,-9.6539,3.0359
Tyler Shough,Austin Hooper,Bijan Robinson,Chris Olave,Falcons,Kyle Pitts Sr.,1,1,-9.254,4.5289
Devaughn Vele,Alvin Kamara,Chris Olave,Drake London,Kyle Pitts Sr.,Saints,1,1,-11.0598,0.7443
Kyle Pitts Sr.,Alvin Kamara,Chris Olave,Daniel Carlson,Juwan Johnson,Tyler Shough,1,1,-9.1776,4.888
Bijan Robinson,Austin Hooper,Daniel Carlson,Juwan Johnson,Nick Folk,Tyler Shough,1,1,-8.5348,9.2961
Barion Brown,Bijan Robinson,Chris Olave,Drake London,Kyle Pitts Sr.,Tyler Shough,1,1,-13.4889,0.0656
Bijan Robinson,Bryce Lance,Chris Olave,Kyle Pitts Sr.,Michael Penix Jr.,Olamide Zaccheaus,1,1,-8.925,6.2927
Drake London,Alvin Kamara,Charlie Woerner,Devaughn Vele,Michael Penix Jr.,Tyler Shough,1,1,-10.9268,0.8501
Drake London,Alvin Kamara,Devaughn Vele,Kevin Austin Jr.,Michael Penix Jr.,Tyler Shough,1,1,-10.7782,0.9863
Chris Olave,Austin Hooper,Bijan Robinson,CJ Donaldson,Falcons,Tyler Shough,1,1,-10.3417,1.5261
Tyler Shough,Bijan Robinson,Daniel Carlson,Devaughn Vele,Michael Penix Jr.,Stone Smartt,1,1,-14.8083,0.0175
Kendre Miller,Brian Robinson Jr.,Devaughn Vele,Drake London,Michael Penix Jr.,Tyler Shough,1,1,-10.6524,1.1186
Drake London,Bijan Robinson,Devaughn Vele,Falcons,Kyle Pitts Sr.,Nick Folk,1,1,-10.1798,1.7943
Chris Olave,Alvin Kamara,Daniel Carlson,Devaughn Vele,Kendre Miller,Kyle Pitts Sr.,1,1,-10.4846,1.3229
Bijan Robinson,CJ Donaldson,Drake London,Falcons,Michael Penix Jr.,Nick Folk,1,1,-10.4375,1.3867
Drake London,Brian Robinson Jr.,Devaughn Vele,Michael Penix Jr.,Saints,Tyler Shough,1,1,-9.4957,3.5563
Drake London,Barion Brown,Bijan Robinson,Chris Olave,Oscar Delp,Tyler Shough,1,1,-10.5129,1.2859
Devaughn Vele,Bijan Robinson,Daniel Carlson,Kendre Miller,Nick Folk,Tyler Shough,1,1,-9.9492,2.2596
Alvin Kamara,Chris Olave,Juwan Johnson,Nick Folk,Saints,Tyler Shough,1,1,-9.9455,2.2681
Falcons,Alvin Kamara,Chris Olave,Drake London,Juwan Johnson,Michael Penix Jr.,1,1,-10.3635,1.4933
Tyler Shough,Bijan Robinson,Bryce Lance,Chris Olave,Falcons,Kyle Pitts Sr.,1,1,-8.5207,9.4285
Bijan Robinson,Chris Blair,Falcons,Juwan Johnson,Michael Penix Jr.,Tyler Shough,1,1,-10.2528,1.668
Juwan Johnson,Bijan Robinson,Jahan Dotson,Michael Penix Jr.,Olamide Zaccheaus,Tyler Shough,1,1,-9.1915,4.8205
Bryce Lance,Alvin Kamara,Bijan Robinson,Drake London,Falcons,Tyler Shough,1,1,-10.8424,0.925
Bijan Robinson,Juwan Johnson,Kyle Pitts Sr.,Nick Folk,Olamide Zaccheaus,Tyler Shough,1,1,-9.0595,5.5009
Bijan Robinson,Bryce Lance,Daniel Carlson,Juwan Johnson,Nick Folk,Tyler Shough,1,1,-7.8016,19.3532
Juwan Johnson,Alvin Kamara,Chris Olave,Drake London,Michael Penix Jr.,Olamide Zaccheaus,1,1,-9.4953,3.5577
Chris Olave,Drake London,Jahan Dotson,Michael Penix Jr.,Oscar Delp,Tyler Shough,1,1,-8.5188,9.4468
Juwan Johnson,Bijan Robinson,Daniel Carlson,Devaughn Vele,Drake London,Falcons,1,1,-9.6386,3.0826
Bijan Robinson,Chris Olave,Falcons,Juwan Johnson,Nick Folk,Saints,1,1,-9.5021,3.5338
Chris Olave,Bijan Robinson,Daniel Carlson,Falcons,Kevin Austin Jr.,Tyler Shough,1,1,-10.3991,1.4409
Chris Olave,Bijan Robinson,CJ Donaldson,Juwan Johnson,Michael Penix Jr.,Saints,1,1,-10.3104,1.5747
Alvin Kamara,Bijan Robinson,Daniel Carlson,Kendre Miller,Kyle Pitts Sr.,Nick Folk,1,1,-11.17,0.6666
Kyle Pitts Sr.,Alvin Kamara,Chris Olave,Drake London,Tyler Shough,Zachariah Branch,1,1,-10.7885,0.9762
Juwan Johnson,Alvin Kamara,Austin Hooper,Devaughn Vele,Drake London,Tyler Shough,1,1,-9.6297,3.1104
Michael Penix Jr.,Bijan Robinson,Chris Olave,Jahan Dotson,Kyle Pitts Sr.,Saints,1,1,-10.7902,0.9746
Kendre Miller,Bijan Robinson,Devaughn Vele,Jahan Dotson,Juwan Johnson,Michael Penix Jr.,1,1,-11.1374,0.6887
Daniel Carlson,Barion Brown,Bijan Robinson,Chris Olave,Michael Penix Jr.,Tyler Shough,1,1,-12.3471,0.2054
Devaughn Vele,Drake London,Jahan Dotson,Kyle Pitts Sr.,Michael Penix Jr.,Tyler Shough,1,1,-9.9663,2.2215
Bijan Robinson,Chris Olave,Falcons,Juwan Johnson,Kendre Miller,Zachariah Branch,1,1,-10.6437,1.1283
Drake London,Alvin Kamara,CJ Donaldson,Chris Olave,Kendre Miller,Tyler Shough,1,1,-10.0789,1.9849
Tyler Shough,Alvin Kamara,Bryce Lance,Devaughn Vele,Juwan Johnson,Michael Penix Jr.,1,1,-8.6538,8.2536
Michael Penix Jr.,Alvin Kamara,Chris Olave,Daniel Carlson,Falcons,Tyler Shough,1,1,-9.6239,3.1285
Tyler Shough,Chris Olave,Drake London,Falcons,Jahan Dotson,Juwan Johnson,1,1,-8.6767,8.0666
Bijan Robinson,Austin Hooper,Drake London,Juwan Johnson,Oscar Delp,Tyler Shough,1,1,-8.3707,10.9544
Bijan Robinson,Juwan Johnson,Kyle Pitts Sr.,Michael Penix Jr.,Nick Folk,Zachariah Branch,1,1,-10.5494,1.24
Olamide Zaccheaus,Bijan Robinson,Chris Olave,Jahan Dotson,Kyle Pitts Sr.,Tyler Shough,1,1,-11.865,0.3327
Bijan Robinson,Bryce Lance,Chris Olave,Cooper Rush,Falcons,Tyler Shough,1,1,-15.3748,0.0099
Michael Penix Jr.,Barion Brown,Bijan Robinson,Devaughn Vele,Drake London,Nick Folk,1,1,-12.7753,0.1339
Michael Penix Jr.,Bijan Robinson,Chris Olave,Daniel Carlson,Juwan Johnson,Oscar Delp,1,1,-9.3514,4.1083
Bijan Robinson,Chris Olave,Juwan Johnson,Kevin Austin Jr.,Michael Penix Jr.,Saints,1,1,-10.6003,1.1784
Bijan Robinson,Chris Olave,Juwan Johnson,Michael Penix Jr.,Oscar Delp,Saints,1,1,-8.8433,6.8287
Alvin Kamara,Austin Hooper,Chris Olave,Kendre Miller,Michael Penix Jr.,Tyler Shough,1,1,-10.0138,2.1184
Bijan Robinson,Daniel Carlson,Drake London,Falcons,Juwan Johnson,Kyle Pitts Sr.,1,1,-9.1239,5.158
Devaughn Vele,Bijan Robinson,Drake London,Kendre Miller,Kevin Austin Jr.,Tyler Shough,1,1,-11.5421,0.4595
Tyler Shough,Chris Olave,Drake London,Jahan Dotson,Michael Penix Jr.,Zachariah Branch,1,1,-9.793,2.6418
Michael Penix Jr.,Alvin Kamara,Daniel Carlson,Devaughn Vele,Nick Folk,Tyler Shough,1,1,-10.1931,1.7706
Tyler Shough,Alvin Kamara,Chris Olave,Daniel Carlson,Juwan Johnson,Zachariah Branch,1,1,-9.8883,2.4017
Bijan Robinson,Austin Hooper,Drake London,Juwan Johnson,Michael Penix Jr.,Zachariah Branch,1,1,-10.2095,1.7418
Juwan Johnson,Chris Olave,Drake London,Jahan Dotson,Michael Penix Jr.,Nick Folk,1,1,-9.2523,4.5366
Bijan Robinson,Chris Olave,Drake London,Falcons,Kendre Miller,Olamide Zaccheaus,1,1,-9.6722,2.9808
Daniel Carlson,Bijan Robinson,Chris Olave,Juwan Johnson,Olamide Zaccheaus,Tyler Shough,1,1,-10.3359,1.535
Chris Olave,Alvin Kamara,Charlie Woerner,Drake London,Kendre Miller,Tyler Shough,1,1,-10.9874,0.8001
Michael Penix Jr.,Bijan Robinson,Devaughn Vele,Falcons,Tyler Shough,Zachariah Branch,1,1,-11.3775,0.5417
Devaughn Vele,Bijan Robinson,Daniel Carlson,Drake London,Michael Penix Jr.,Olamide Zaccheaus,1,1,-10.1846,1.7857
Tyler Shough,Bijan Robinson,Charlie Woerner,Drake London,Juwan Johnson,Nick Folk,1,1,-10.3068,1.5804
Drake London,Alvin Kamara,Austin Hooper,Chris Olave,Juwan Johnson,Nick Folk,1,1,-9.5489,3.3722
Drake London,Bijan Robinson,CJ Donaldson,Chris Olave,Kendre Miller,Kyle Pitts Sr.,1,1,-10.5787,1.2041
Devaughn Vele,Bijan Robinson,Chris Olave,Kyle Pitts Sr.,Oscar Delp,Zachariah Branch,1,1,-11.9039,0.32
Bijan Robinson,Devaughn Vele,Kyle Pitts Sr.,Tyler Shough,Zach Wilson,Zachariah Branch,1,1,-17.8643,0.0008
Bijan Robinson,Drake London,Kevin Austin Jr.,Kyle Pitts Sr.,Michael Penix Jr.,Nick Folk,1,1,-10.9859,0.8013
Drake London,Austin Hooper,Brian Robinson Jr.,Juwan Johnson,Michael Penix Jr.,Tyler Shough,1,1,-8.8239,6.9626
Oscar Delp,Alvin Kamara,Bijan Robinson,Daniel Carlson,Drake London,Tyler Shough,1,1,-11.3286,0.5688
Tyler Shough,Chris Olave,Devaughn Vele,Jahan Dotson,Michael Penix Jr.,Noah Fant,1,1,-12.1199,0.2578
Tyler Shough,Chris Olave,Devaughn Vele,Jahan Dotson,Michael Penix Jr.,Olamide Zaccheaus,1,1,-9.4401,3.7598
Michael Penix Jr.,Bijan Robinson,Bryce Lance,Chris Olave,Oscar Delp,Tyler Shough,1,1,-8.6373,8.3907
Drake London,Alvin Kamara,Chris Olave,Daniel Carlson,Kyle Pitts Sr.,Nick Folk,1,1,-9.5795,3.2703
Bijan Robinson,Bryce Lance,Daniel Carlson,Devaughn Vele,Kendre Miller,Tyler Shough,1,1,-8.5787,8.8968
Bijan Robinson,Bryce Lance,Drake London,Falcons,Kyle Pitts Sr.,Tyler Shough,1,1,-8.4098,10.5345
Bijan Robinson,Bryce Lance,Devaughn Vele,Juwan Johnson,Saints,Tyler Shough,1,1,-8.5934,8.7675
Michael Penix Jr.,Austin Hooper,Bijan Robinson,Devaughn Vele,Juwan Johnson,Nick Folk,1,1,-10.6623,1.1075
Kyle Pitts Sr.,Alvin Kamara,Chris Olave,Devaughn Vele,Kendre Miller,Michael Penix Jr.,1,1,-10.7823,0.9822
Bijan Robinson,Devaughn Vele,Falcons,Juwan Johnson,Kendre Miller,Kyle Pitts Sr.,1,1,-10.2102,1.7405
Bijan Robinson,Devaughn Vele,Drake London,Juwan Johnson,Saints,Zachariah Branch,1,1,-10.9184,0.8573
Drake London,Bijan Robinson,Devaughn Vele,Falcons,Kevin Austin Jr.,Tyler Shough,1,1,-10.8434,0.9241
Daniel Carlson,Alvin Kamara,Chris Olave,Juwan Johnson,Kyle Pitts Sr.,Tyler Shough,1,1,-10.7312,1.0338
Chris Olave,Bijan Robinson,Bryce Lance,Charlie Smyth,Kyle Pitts Sr.,Tyler Shough,1,1,-12.1993,0.2382
Tyler Shough,Bijan Robinson,Chris Olave,Michael Penix Jr.,Olamide Zaccheaus,Oscar Delp,1,1,-8.5953,8.7504
Tyler Shough,Bijan Robinson,Cedric Tillman,Chris Olave,Kevin Austin Jr.,Michael Penix Jr.,1,1,-15.6274,0.0077
Drake London,Austin Hooper,Chris Olave,Devaughn Vele,Jahan Dotson,Michael Penix Jr.,1,1,-9.763,2.7223
Drake London,Bijan Robinson,CJ Donaldson,Devaughn Vele,Kendre Miller,Michael Penix Jr.,1,1,-10.74,1.0248
Falcons,Bijan Robinson,Chris Olave,Daniel Carlson,Juwan Johnson,Michael Penix Jr.,1,1,-9.934,2.2942
Chris Olave,Alvin Kamara,Drake London,Kendre Miller,Michael Penix Jr.,Zachariah Branch,1,1,-10.9206,0.8554
Devaughn Vele,Alvin Kamara,Daniel Carlson,Drake London,Kyle Pitts Sr.,Michael Penix Jr.,1,1,-10.5799,1.2027
Tyler Shough,Alvin Kamara,Chris Olave,Daniel Carlson,Drake London,Oscar Delp,1,1,-8.5678,8.9947
Tyler Shough,Bijan Robinson,Daniel Carlson,Devaughn Vele,Juwan Johnson,Kevin Austin Jr.,1,1,-10.4675,1.3457
Drake London,Alvin Kamara,Chris Olave,Juwan Johnson,Kyle Pitts Sr.,Zachariah Branch,1,1,-10.7358,1.029
Drake London,Bijan Robinson,Chris Olave,Falcons,Kyle Pitts Sr.,Zachariah Branch,1,1,-10.764,1.0005
Kyle Pitts Sr.,Alvin Kamara,Bijan Robinson,Juwan Johnson,Saints,Tyler Shough,1,1,-9.9699,2.2133
Daniel Carlson,Brian Robinson Jr.,Drake London,Juwan Johnson,Michael Penix Jr.,Tyler Shough,1,1,-10.4109,1.424
Falcons,Bijan Robinson,Chris Olave,Drake London,Kevin Austin Jr.,Tyler Shough,1,1,-11.4631,0.4972
Drake London,Austin Hooper,Bijan Robinson,Chris Olave,Michael Penix Jr.,Nick Muse,1,1,-12.7177,0.1418
Zachariah Branch,Austin Hooper,Bijan Robinson,Chris Olave,Devaughn Vele,Michael Penix Jr.,1,1,-13.0406,0.1027
Drake London,Austin Hooper,Bijan Robinson,Chris Olave,Michael Penix Jr.,Treyton Welch,1,1,-11.1681,0.6679
Drake London,Austin Hooper,Bijan Robinson,Cedric Tillman,Chris Olave,Michael Penix Jr.,1,1,-14.5423,0.0229
Michael Penix Jr.,Alvin Kamara,Bryce Lance,Chris Olave,Kyle Pitts Sr.,Tyler Shough,1,1,-9.3815,3.9865
Drake London,Alvin Kamara,Bijan Robinson,Bryce Lance,Michael Penix Jr.,Olamide Zaccheaus,1,1,-9.2732,4.4425
Chris Olave,Alvin Kamara,Daniel Carlson,Devaughn Vele,Michael Penix Jr.,Saints,1,1,-10.0883,1.9662
Tyler Shough,Austin Hooper,Bijan Robinson,Chris Olave,Kyle Pitts Sr.,Zachariah Branch,1,1,-10.4073,1.4292
Tyler Shough,Bijan Robinson,Devaughn Vele,Juwan Johnson,Kendre Miller,Zachariah Branch,1,1,-10.4988,1.3043
Tyler Shough,Alvin Kamara,Chris Olave,Drake London,Kendre Miller,Zachariah Branch,1,1,-10.356,1.5044
Chris Olave,Devaughn Vele,Drake London,Juwan Johnson,Nick Folk,Zachariah Branch,1,1,-10.7774,0.9872
Tua Tagovailoa,Alvin Kamara,Bijan Robinson,Chris Olave,Daniel Carlson,Kyle Pitts Sr.,1,1,-15.5232,0.0086
Bijan Robinson,CJ Donaldson,Daniel Carlson,Drake London,Kendre Miller,Tyler Shough,1,1,-9.6202,3.1399
Michael Penix Jr.,Alvin Kamara,Bryce Lance,Chris Olave,Drake London,Nick Folk,1,1,-9.7863,2.6595
Michael Penix Jr.,Alvin Kamara,Devaughn Vele,Drake London,Falcons,Juwan Johnson,1,1,-10.7515,1.0131
Juwan Johnson,Austin Hooper,Bijan Robinson,Chris Olave,Falcons,Michael Penix Jr.,1,1,-9.4586,3.6908
Daniel Carlson,Bijan Robinson,Devaughn Vele,Falcons,Michael Penix Jr.,Tyler Shough,1,1,-10.9205,0.8555
Juwan Johnson,Bijan Robinson,Chris Olave,Drake London,Falcons,Olamide Zaccheaus,1,1,-9.5605,3.3333
Devaughn Vele,Barion Brown,Bijan Robinson,Drake London,Kendre Miller,Tyler Shough,1,1,-12.1823,0.2422
Tyler Shough,Alvin Kamara,Bryce Lance,Chris Olave,Daniel Carlson,Michael Penix Jr.,1,1,-8.0816,14.6264
Michael Penix Jr.,Austin Hooper,Barion Brown,Bijan Robinson,Chris Olave,Tyler Shough,1,1,-11.7677,0.3667
Michael Penix Jr.,Bijan Robinson,Jahan Dotson,Kendre Miller,Kyle Pitts Sr.,Tyler Shough,1,1,-10.2597,1.6566
Drake London,Bryce Lance,Chris Olave,Devaughn Vele,Jahan Dotson,Michael Penix Jr.,1,1,-9.0297,5.6674
Tyler Shough,Bijan Robinson,Daniel Carlson,Devaughn Vele,Falcons,Kyle Pitts Sr.,1,1,-9.4829,3.6022
Tyler Shough,Alvin Kamara,Daniel Carlson,Devaughn Vele,Juwan Johnson,Kyle Pitts Sr.,1,1,-9.4548,3.7049
Tyler Shough,Brian Robinson Jr.,Charlie Smyth,Chris Olave,Drake London,Kendre Miller,1,1,-12.9722,0.1099
Bijan Robinson,Daniel Carlson,Michael Penix Jr.,Nick Folk,Olamide Zaccheaus,Tyler Shough,1,1,-8.6486,8.2968
Drake London,Barion Brown,Bijan Robinson,Chris Olave,Daniel Carlson,Nick Folk,1,1,-11.2325,0.6262
Austin Hooper,Bijan Robinson,Chris Olave,Drake London,Tyler Shough,Zachariah Branch,1,1,-11.6548,0.4105
Kyle Pitts Sr.,Barion Brown,Bijan Robinson,Devaughn Vele,Drake London,Tyler Shough,1,1,-12.008,0.2884
Michael Penix Jr.,Bijan Robinson,Drake London,Jahan Dotson,Kendre Miller,Nick Folk,1,1,-10.6644,1.1052
Bijan Robinson,Daniel Carlson,Falcons,Juwan Johnson,Michael Penix Jr.,Nick Folk,1,1,-9.0221,5.7106
Oscar Delp,Bijan Robinson,Chris Olave,Kyle Pitts Sr.,Michael Penix Jr.,Tyler Shough,1,1,-11.0121,0.7806
Nick Folk,Bijan Robinson,Chris Olave,Falcons,Kendre Miller,Tyler Shough,1,1,-11.0181,0.7759
Devaughn Vele,Chris Olave,Drake London,Jahan Dotson,Saints,Tyler Shough,1,1,-10.0723,1.998
Tyler Shough,Brian Robinson Jr.,Chris Olave,Kyle Pitts Sr.,Michael Penix Jr.,Saints,1,1,-9.4651,3.6669
Falcons,Bijan Robinson,Chris Olave,Drake London,Michael Penix Jr.,Zachariah Branch,1,1,-11.5449,0.4582
Drake London,Bijan Robinson,Bryce Lance,Chris Olave,Kevin Austin Jr.,Michael Penix Jr.,1,1,-9.942,2.2761
Daniel Carlson,Bijan Robinson,Chris Olave,Drake London,Michael Penix Jr.,Oscar Delp,1,1,-10.5053,1.2958
Drake London,Bijan Robinson,Bryce Lance,Chris Olave,Michael Penix Jr.,Treyton Welch,1,1,-10.4348,1.3904
Bijan Robinson,Kendre Miller,Michael Penix Jr.,Nick Folk,Tyler Shough,Zachariah Branch,1,1,-10.0878,1.9672
Tyler Shough,Alvin Kamara,Chris Blair,Chris Olave,Devaughn Vele,Kendre Miller,1,1,-11.6044,0.4317
Kyle Pitts Sr.,Alvin Kamara,Chris Olave,Falcons,Michael Penix Jr.,Tyler Shough,1,1,-9.6841,2.9457
Drake London,Bijan Robinson,Bryce Lance,Daniel Carlson,Devaughn Vele,Juwan Johnson,1,1,-8.6492,8.2919
Drake London,Bijan Robinson,Devaughn Vele,Juwan Johnson,Kyle Pitts Sr.,Olamide Zaccheaus,1,1,-9.9071,2.3568
Bijan Robinson,Drake London,Falcons,Nick Folk,Oscar Delp,Tyler Shough,1,1,-8.7942,7.1723
Bijan Robinson,Daniel Carlson,Drake London,Falcons,Tyler Shough,Zachariah Branch,1,1,-9.8055,2.609
Bijan Robinson,Drake London,Falcons,Nick Folk,Olamide Zaccheaus,Tyler Shough,1,1,-9.1432,5.0595
Juwan Johnson,Bijan Robinson,Devaughn Vele,Kyle Pitts Sr.,Olamide Zaccheaus,Tyler Shough,1,1,-9.7249,2.8278
Bijan Robinson,Chris Olave,Juwan Johnson,Kevin Austin Jr.,Nick Folk,Noah Fant,1,1,-13.7833,0.0489
Chris Olave,Devaughn Vele,Drake London,Khalil Herbert,Kyle Pitts Sr.,Tyler Shough,1,1,-13.2899,0.08
Chris Olave,Bijan Robinson,CJ Donaldson,Kyle Pitts Sr.,Saints,Tyler Shough,1,1,-10.3972,1.4437
Drake London,Devaughn Vele,Jahan Dotson,Juwan Johnson,Nick Folk,Tyler Shough,1,1,-9.1642,4.9542
Chris Olave,Bijan Robinson,Charlie Smyth,Daniel Carlson,Tyler Shough,Zachariah Branch,1,1,-13.595,0.059
Bijan Robinson,Charlie Woerner,Juwan Johnson,Kendre Miller,Michael Penix Jr.,Tyler Shough,1,1,-10.2184,1.7264
Chris Olave,Alvin Kamara,Austin Hooper,Drake London,Jahan Dotson,Kendre Miller,1,1,-10.5629,1.2233
Austin Hooper,Bijan Robinson,Charlie Smyth,Chris Olave,Devaughn Vele,Tyler Shough,1,1,-14.7524,0.0185
Michael Penix Jr.,Bijan Robinson,Charlie Woerner,Devaughn Vele,Drake London,Kyle Pitts Sr.,1,1,-12.4344,0.1883
Michael Penix Jr.,Bijan Robinson,Devaughn Vele,Drake London,Kyle Pitts Sr.,Oscar Delp,1,1,-10.5288,1.2657
Kyle Pitts Sr.,Bijan Robinson,Chris Olave,Daniel Carlson,Drake London,Falcons,1,1,-9.7612,2.7272
Chris Olave,Bijan Robinson,Daniel Carlson,Kendre Miller,Kevin Austin Jr.,Tyler Shough,1,1,-10.4094,1.4263
Chris Olave,Bijan Robinson,Juwan Johnson,Khalil Herbert,Saints,Tyler Shough,1,1,-12.9048,0.1176
Nick Folk,Alvin Kamara,Chris Olave,Drake London,Noah Fant,Tyler Shough,1,1,-13.8414,0.0461
Devaughn Vele,Bijan Robinson,Kyle Pitts Sr.,Nick Folk,Noah Fant,Tyler Shough,1,1,-13.2605,0.0824
Drake London,Bijan Robinson,Juwan Johnson,Nick Folk,Treyton Welch,Tyler Shough,1,1,-10.5693,1.2155
Chris Olave,Bijan Robinson,Charlie Woerner,Daniel Carlson,Kendre Miller,Tyler Shough,1,1,-10.558,1.2293
Tyler Shough,Barion Brown,Bijan Robinson,Chris Olave,Michael Penix Jr.,Olamide Zaccheaus,1,1,-10.9925,0.7961
Tyler Shough,Bijan Robinson,Bryce Lance,Devaughn Vele,Michael Penix Jr.,Zachariah Branch,1,1,-9.8352,2.5325
Drake London,Alvin Kamara,Bryce Lance,Chris Olave,Kyle Pitts Sr.,Michael Penix Jr.,1,1,-8.9292,6.2666
Drake London,Bijan Robinson,Bryce Lance,Jahan Dotson,Michael Penix Jr.,Nick Folk,1,1,-9.0302,5.6647
Tyler Shough,Alvin Kamara,Barion Brown,Chris Olave,Daniel Carlson,Drake London,1,1,-10.965,0.8183
Tyler Shough,Bijan Robinson,CJ Donaldson,Drake London,Falcons,Juwan Johnson,1,1,-9.7605,2.7291
Bijan Robinson,Bryce Lance,Falcons,Michael Penix Jr.,Nick Folk,Tyler Shough,1,1,-8.308,11.663
CJ Donaldson,Bijan Robinson,Drake London,Michael Penix Jr.,Nick Folk,Tyler Shough,1,1,-12.0392,0.2795
Kyle Pitts Sr.,Alvin Kamara,Austin Hooper,Chris Olave,Drake London,Tyler Shough,1,1,-9.7522,2.7517
Juwan Johnson,Bijan Robinson,CJ Donaldson,Daniel Carlson,Drake London,Tyler Shough,1,1,-9.5085,3.5112
Devaughn Vele,Chris Olave,Michael Penix Jr.,Nick Folk,Tyler Shough,Zachariah Branch,1,1,-10.8314,0.9353
Juwan Johnson,Austin Hooper,Bijan Robinson,Bryce Lance,Chris Olave,Drake London,1,1,-8.7934,7.1778
Alvin Kamara,Chris Olave,Juwan Johnson,Kyle Pitts Sr.,Saints,Tyler Shough,1,1,-10.0962,1.9509
Chris Olave,Alvin Kamara,Kyle Pitts Sr.,Nick Folk,Noah Fant,Tyler Shough,1,1,-12.5572,0.1665
Tyler Shough,Chris Olave,Jahan Dotson,Kyle Pitts Sr.,Michael Penix Jr.,Nick Folk,1,1,-9.0965,5.3011
Bijan Robinson,Chris Blair,Drake London,Michael Penix Jr.,Oscar Delp,Tyler Shough,1,1,-10.0857,1.9714
Bijan Robinson,Drake London,Michael Penix Jr.,Nick Muse,Oscar Delp,Tyler Shough,1,1,-11.9349,0.3102
Bijan Robinson,Charlie Woerner,Chris Blair,Drake London,Michael Penix Jr.,Tyler Shough,1,1,-11.9913,0.2932
Bijan Robinson,Charlie Woerner,Drake London,Michael Penix Jr.,Treyton Welch,Tyler Shough,1,1,-12.2909,0.2173
Bijan Robinson,Charlie Woerner,Drake London,Kevin Austin Jr.,Michael Penix Jr.,Tyler Shough,1,1,-11.798,0.3557
Bijan Robinson,Charlie Woerner,Drake London,Michael Penix Jr.,Oscar Delp,Tyler Shough,1,1,-10.041,2.0614
Tyler Shough,Bijan Robinson,Bryce Lance,Chris Olave,Jahan Dotson,Saints,1,1,-8.8132,7.0375
Devaughn Vele,Bijan Robinson,Daniel Carlson,Drake London,Kendre Miller,Nick Folk,1,1,-10.5046,1.2967
Alvin Kamara,Chris Olave,Drake London,Juwan Johnson,Nick Folk,Saints,1,1,-10.5009,1.3015
Chris Olave,Barion Brown,Bijan Robinson,Drake London,Kendre Miller,Kyle Pitts Sr.,1,1,-11.9789,0.2969
Bijan Robinson,Chris Olave,Kevin Austin Jr.,Kyle Pitts Sr.,Saints,Tyler Shough,1,1,-10.6872,1.0803
Bijan Robinson,Chris Blair,Chris Olave,Kyle Pitts Sr.,Saints,Tyler Shough,1,1,-10.8804,0.8905
Bijan Robinson,Charlie Woerner,Drake London,Falcons,Juwan Johnson,Michael Penix Jr.,1,1,-10.7636,1.0009
Bijan Robinson,Chris Blair,Drake London,Falcons,Juwan Johnson,Michael Penix Jr.,1,1,-10.8082,0.9572
Drake London,Brian Robinson Jr.,Falcons,Michael Penix Jr.,Nick Folk,Tyler Shough,1,1,-9.2474,4.5587
Kyle Pitts Sr.,Bijan Robinson,Daniel Carlson,Devaughn Vele,Drake London,Nick Folk,1,1,-10.3304,1.5435
Bijan Robinson,Drake London,Juwan Johnson,Kyle Pitts Sr.,Nick Folk,Olamide Zaccheaus,1,1,-9.6149,3.1566
Bijan Robinson,Chris Olave,Daniel Carlson,Drake London,Olamide Zaccheaus,Oscar Delp,1,1,-9.0373,5.6243
Bijan Robinson,Bryce Lance,Daniel Carlson,Drake London,Juwan Johnson,Nick Folk,1,1,-8.357,11.1057
Chris Olave,Austin Hooper,Bijan Robinson,Daniel Carlson,Falcons,Michael Penix Jr.,1,1,-9.4446,3.7427
Chris Olave,Bijan Robinson,Kendre Miller,Michael Penix Jr.,Nick Folk,Olamide Zaccheaus,1,1,-9.8289,2.5486
Tyler Shough,Bijan Robinson,Charlie Smyth,Chris Olave,Nick Folk,Zachariah Branch,1,1,-13.8579,0.0453
Drake London,Alvin Kamara,Chris Olave,Daniel Carlson,Falcons,Juwan Johnson,1,1,-9.2086,4.739
Chris Olave,Alvin Kamara,Daniel Carlson,Drake London,Juwan Johnson,Olamide Zaccheaus,1,1,-9.5184,3.4765
Bijan Robinson,Bryce Lance,Charlie Smyth,Chris Olave,Kendre Miller,Tyler Shough,1,1,-11.9511,0.3052
Kyle Pitts Sr.,Alvin Kamara,Bryce Lance,Chris Olave,Drake London,Tyler Shough,1,1,-9.0189,5.7287
Michael Penix Jr.,Alvin Kamara,Bijan Robinson,Juwan Johnson,Kyle Pitts Sr.,Saints,1,1,-10.8879,0.8838
Juwan Johnson,Bijan Robinson,CJ Donaldson,Drake London,Michael Penix Jr.,Nick Folk,1,1,-10.336,1.5348
Austin Hooper,Bijan Robinson,Chris Olave,Devaughn Vele,Kendre Miller,Michael Penix Jr.,1,1,-11.6487,0.413
Bijan Robinson,Alvin Kamara,Kendre Miller,Kyle Pitts Sr.,Michael Penix Jr.,Saints,1,1,-10.3652,1.4907
Alvin Kamara,Devaughn Vele,Juwan Johnson,Michael Penix Jr.,Saints,Tyler Shough,1,1,-10.2574,1.6604
Alvin Kamara,Drake London,Falcons,Kyle Pitts Sr.,Michael Penix Jr.,Tyler Shough,1,1,-10.0738,1.995
Alvin Kamara,Daniel Carlson,Devaughn Vele,Kendre Miller,Michael Penix Jr.,Tyler Shough,1,1,-10.2427,1.6849
Drake London,Alvin Kamara,Chris Olave,Kendre Miller,Tyler Shough,Zachariah Branch,1,1,-10.2743,1.6325
Austin Hooper,Bijan Robinson,CJ Donaldson,Chris Olave,Michael Penix Jr.,Tyler Shough,1,1,-11.5083,0.4753
Bijan Robinson,Falcons,Jahan Dotson,Michael Penix Jr.,Saints,Tyler Shough,1,1,-9.3674,4.0431
Tyler Shough,Bijan Robinson,Chris Olave,Daniel Carlson,Kendre Miller,Zachariah Branch,1,1,-9.9266,2.3113
Tyler Shough,Bijan Robinson,Chris Blair,Chris Olave,Juwan Johnson,Kevin Austin Jr.,1,1,-11.9907,0.2934
Drake London,Bijan Robinson,CJ Donaldson,Devaughn Vele,Juwan Johnson,Kendre Miller,1,1,-10.777,0.9875
Michael Penix Jr.,Alvin Kamara,Chris Olave,Daniel Carlson,Drake London,Falcons,1,1,-10.1793,1.7953
Michael Penix Jr.,Bijan Robinson,Chris Olave,Kyle Pitts Sr.,Nick Folk,Oscar Delp,1,1,-10.2658,1.6464
Bijan Robinson,Chris Olave,Kyle Pitts Sr.,Michael Penix Jr.,Saints,Zachariah Branch,1,1,-10.769,0.9955
Bijan Robinson,Charlie Smyth,Daniel Carlson,Devaughn Vele,Juwan Johnson,Kyle Pitts Sr.,1,1,-13.3748,0.0735
Chris Olave,Austin Hooper,Brian Robinson Jr.,Drake London,Saints,Tyler Shough,1,1,-9.6631,3.0083
Chris Olave,Alvin Kamara,Kendre Miller,Kyle Pitts Sr.,Michael Penix Jr.,Nick Folk,1,1,-10.2241,1.7165
Chris Olave,Bijan Robinson,Daniel Carlson,Devaughn Vele,Falcons,Saints,1,1,-10.1535,1.8422
Chris Olave,Austin Hooper,Bijan Robinson,Juwan Johnson,Kendre Miller,Kyle Pitts Sr.,1,1,-9.8658,2.4562
Kyle Pitts Sr.,Bijan Robinson,CJ Donaldson,Drake London,Juwan Johnson,Tyler Shough,1,1,-10.2032,1.7529
Kyle Pitts Sr.,Barion Brown,Bijan Robinson,Chris Olave,Juwan Johnson,Michael Penix Jr.,1,1,-11.8088,0.3519
Tyler Shough,Alvin Kamara,Chris Olave,Falcons,Kendre Miller,Michael Penix Jr.,1,1,-9.2516,4.5396
Drake London,Brian Robinson Jr.,Chris Olave,Michael Penix Jr.,Nick Folk,Saints,1,1,-9.7881,2.6547
Chris Olave,CJ Donaldson,Daniel Carlson,Devaughn Vele,Drake London,Michael Penix Jr.,1,1,-10.3216,1.5572
Tyler Shough,Bijan Robinson,Drake London,Kyle Pitts Sr.,Nick Folk,Zachariah Branch,1,1,-10.3269,1.549
Drake London,Bijan Robinson,Chris Olave,Daniel Carlson,Kevin Austin Jr.,Kyle Pitts Sr.,1,1,-10.743,1.0217
Bryce Lance,Bijan Robinson,Devaughn Vele,Drake London,Kyle Pitts Sr.,Tyler Shough,1,1,-10.823,0.9431
Juwan Johnson,Chris Olave,Drake London,Jahan Dotson,Kyle Pitts Sr.,Michael Penix Jr.,1,1,-9.4029,3.9021
Drake London,Bijan Robinson,Devaughn Vele,Kendre Miller,Kevin Austin Jr.,Tyler Shough,1,1,-10.8536,0.9147
Oscar Delp,Bijan Robinson,Chris Olave,Juwan Johnson,Kyle Pitts Sr.,Tyler Shough,1,1,-11.0491,0.7522
Falcons,Bijan Robinson,Bryce Lance,Chris Olave,Juwan Johnson,Tyler Shough,1,1,-9.257,4.5152
Tyler Shough,Brian Robinson Jr.,Drake London,Juwan Johnson,Michael Penix Jr.,Noah Fant,1,1,-11.7362,0.3784
Tyler Shough,Alvin Kamara,Bijan Robinson,Bryce Lance,Michael Penix Jr.,Saints,1,1,-8.8739,6.623
Tyler Shough,Bijan Robinson,Drake London,Juwan Johnson,Kyle Pitts Sr.,Treyton Welch,1,1,-10.8017,0.9634
Devaughn Vele,Bijan Robinson,Bryce Lance,Chris Olave,Kyle Pitts Sr.,Olamide Zaccheaus,1,1,-10.4833,1.3247
Juwan Johnson,Bijan Robinson,Bryce Lance,Chris Olave,Oscar Delp,Tyler Shough,1,1,-8.0399,15.25
Juwan Johnson,Bijan Robinson,Bryce Lance,Charlie Smyth,Chris Olave,Tyler Shough,1,1,-11.8393,0.3413
Juwan Johnson,Bijan Robinson,Bryce Lance,Chris Olave,Olamide Zaccheaus,Tyler Shough,1,1,-8.3888,10.7576
Juwan Johnson,Bijan Robinson,Devaughn Vele,Falcons,Kendre Miller,Tyler Shough,1,1,-9.637,3.0878
Juwan Johnson,Alvin Kamara,Bijan Robinson,Kyle Pitts Sr.,Michael Penix Jr.,Saints,1,1,-10.2534,1.667
Devaughn Vele,Barion Brown,Chris Olave,Juwan Johnson,Michael Penix Jr.,Tyler Shough,1,1,-11.4535,0.502
Nick Folk,Bijan Robinson,Charlie Smyth,Chris Olave,Daniel Carlson,Tyler Shough,1,1,-14.1827,0.0328
Falcons,Alvin Kamara,Austin Hooper,Bijan Robinson,Drake London,Michael Penix Jr.,1,1,-11.2479,0.6167
Devaughn Vele,Bijan Robinson,Bryce Lance,Drake London,Kendre Miller,Michael Penix Jr.,1,1,-9.8543,2.4847
Drake London,Bijan Robinson,Daniel Carlson,Devaughn Vele,Michael Penix Jr.,Oscar Delp,1,1,-9.1472,5.0392
Drake London,Bijan Robinson,Daniel Carlson,Falcons,Jahan Dotson,Michael Penix Jr.,1,1,-9.4232,3.8238
Nick Folk,Alvin Kamara,Devaughn Vele,Drake London,Kyle Pitts Sr.,Michael Penix Jr.,1,1,-12.2179,0.2337
Tyler Shough,Alvin Kamara,Daniel Carlson,Devaughn Vele,Drake London,Falcons,1,1,-9.5384,3.4076
Saints,Bijan Robinson,Chris Olave,Drake London,Jahan Dotson,Juwan Johnson,1,1,-9.9946,2.1593
Kyle Pitts Sr.,Austin Hooper,Bijan Robinson,Chris Olave,Daniel Carlson,Tyler Shough,1,1,-9.3228,4.2277
Bijan Robinson,Daniel Carlson,Falcons,Kyle Pitts Sr.,Nick Folk,Tyler Shough,1,1,-9.109,5.2353
Michael Penix Jr.,Bijan Robinson,Chris Olave,Jahan Dotson,Kendre Miller,Noah Fant,1,1,-13.5754,0.0601
Juwan Johnson,Bijan Robinson,Charlie Woerner,Chris Olave,Drake London,Kendre Miller,1,1,-11.1273,0.6957
Juwan Johnson,Bijan Robinson,Chris Olave,Drake London,Kendre Miller,Kevin Austin Jr.,1,1,-10.9787,0.8071
Bijan Robinson,Bryce Lance,Devaughn Vele,Drake London,Juwan Johnson,Saints,1,1,-9.1488,5.0312
Juwan Johnson,Bijan Robinson,Chris Blair,Chris Olave,Drake London,Kendre Miller,1,1,-11.172,0.6653
Falcons,Alvin Kamara,Devaughn Vele,Drake London,Juwan Johnson,Tyler Shough,1,1,-10.6486,1.1228
Chris Olave,Jahan Dotson,Juwan Johnson,Kyle Pitts Sr.,Michael Penix Jr.,Nick Folk,1,1,-9.6981,2.9046
Austin Hooper,Bijan Robinson,Devaughn Vele,Michael Penix Jr.,Nick Folk,Tyler Shough,1,1,-11.1196,0.7011
Kyle Pitts Sr.,Alvin Kamara,Chris Olave,Michael Penix Jr.,Tyler Shough,Zachariah Branch,1,1,-10.8374,0.9296
Juwan Johnson,Alvin Kamara,Devaughn Vele,Drake London,Noah Fant,Tyler Shough,1,1,-12.4603,0.1834
Bijan Robinson,Chris Olave,Falcons,Saints,Tyler Shough,Zachariah Branch,1,1,-10.3343,1.5375
Kyle Pitts Sr.,Alvin Kamara,CJ Donaldson,Chris Olave,Drake London,Michael Penix Jr.,1,1,-11.1973,0.6486
Bijan Robinson,Alvin Kamara,Daniel Carlson,Falcons,Michael Penix Jr.,Saints,1,1,-9.981,2.1889
Alvin Kamara,Drake London,Juwan Johnson,Kendre Miller,Nick Folk,Tyler Shough,1,1,-9.9704,2.2123
Chris Olave,Alvin Kamara,CJ Donaldson,Drake London,Saints,Tyler Shough,1,1,-10.4528,1.3657
Tyler Shough,Bijan Robinson,Bryce Lance,Devaughn Vele,Juwan Johnson,Kendre Miller,1,1,-8.7292,7.6541
Bijan Robinson,Austin Hooper,Daniel Carlson,Drake London,Falcons,Tyler Shough,1,1,-8.7691,7.3544
Bijan Robinson,Drake London,Kendre Miller,Nick Folk,Oscar Delp,Tyler Shough,1,1,-8.8044,7.0993
Bijan Robinson,Drake London,Juwan Johnson,Nick Muse,Olamide Zaccheaus,Tyler Shough,1,1,-12.3209,0.2109
Bijan Robinson,Charlie Woerner,Chris Blair,Drake London,Juwan Johnson,Tyler Shough,1,1,-12.0283,0.2825
Bijan Robinson,Drake London,Juwan Johnson,Olamide Zaccheaus,Oscar Delp,Tyler Shough,1,1,-8.5215,9.4211
Bijan Robinson,Falcons,Juwan Johnson,Kendre Miller,Kyle Pitts Sr.,Tyler Shough,1,1,-9.1222,5.1666
Michael Penix Jr.,Bijan Robinson,Bryce Lance,Drake London,Jahan Dotson,Nick Folk,1,1,-10.0379,2.0679
Bijan Robinson,Bryce Lance,Devaughn Vele,Kendre Miller,Kyle Pitts Sr.,Michael Penix Jr.,1,1,-9.5569,3.3451
Drake London,Alvin Kamara,Bryce Lance,Jahan Dotson,Michael Penix Jr.,Tyler Shough,1,1,-8.681,8.0323
Alvin Kamara,Daniel Carlson,Juwan Johnson,Kyle Pitts Sr.,Michael Penix Jr.,Tyler Shough,1,1,-9.6162,3.1526
Chris Olave,Barion Brown,Devaughn Vele,Michael Penix Jr.,Nick Folk,Tyler Shough,1,1,-11.3476,0.5582
Chris Olave,Brian Robinson Jr.,Falcons,Juwan Johnson,Saints,Tyler Shough,1,1,-9.632,3.1032
Chris Olave,Austin Hooper,Bijan Robinson,Daniel Carlson,Olamide Zaccheaus,Tyler Shough,1,1,-9.1081,5.2399
Chris Olave,Austin Hooper,Bijan Robinson,Daniel Carlson,Noah Fant,Tyler Shough,1,1,-11.7879,0.3593
Chris Olave,Austin Hooper,Bijan Robinson,Charlie Smyth,Daniel Carlson,Tyler Shough,1,1,-12.5586,0.1663
Daniel Carlson,Bijan Robinson,Devaughn Vele,Drake London,Falcons,Michael Penix Jr.,1,1,-11.4759,0.4909
Daniel Carlson,Alvin Kamara,Devaughn Vele,Drake London,Juwan Johnson,Michael Penix Jr.,1,1,-11.4478,0.5049
Chris Olave,Bijan Robinson,Bryce Lance,Devaughn Vele,Kyle Pitts Sr.,Saints,1,1,-9.9111,2.3474
Juwan Johnson,Bijan Robinson,CJ Donaldson,Chris Olave,Saints,Tyler Shough,1,1,-10.0373,2.0691
Bijan Robinson,Daniel Carlson,Falcons,Juwan Johnson,Kyle Pitts Sr.,Michael Penix Jr.,1,1,-9.1728,4.9119
Nick Folk,Alvin Kamara,Daniel Carlson,Devaughn Vele,Michael Penix Jr.,Tyler Shough,1,1,-11.2886,0.592
Chris Olave,Austin Hooper,Bijan Robinson,Kendre Miller,Tyler Shough,Zachariah Branch,1,1,-10.5474,1.2424
Devaughn Vele,Alvin Kamara,Daniel Carlson,Drake London,Kendre Miller,Tyler Shough,1,1,-10.1554,1.8386
Drake London,Alvin Kamara,Bijan Robinson,Olamide Zaccheaus,Saints,Tyler Shough,1,1,-9.6273,3.1177
Drake London,Alvin Kamara,Bijan Robinson,Oscar Delp,Saints,Tyler Shough,1,1,-9.2784,4.4197
Nick Folk,Bijan Robinson,Bryce Lance,Drake London,Juwan Johnson,Tyler Shough,1,1,-9.8877,2.4031
Tyler Shough,Devaughn Vele,Jahan Dotson,Juwan Johnson,Michael Penix Jr.,Nick Folk,1,1,-9.2948,4.3477
Tyler Shough,Austin Hooper,Bijan Robinson,Bryce Lance,Devaughn Vele,Michael Penix Jr.,1,1,-8.7989,7.1387
Bijan Robinson,Bryce Lance,Juwan Johnson,Michael Penix Jr.,Olamide Zaccheaus,Tyler Shough,1,1,-8.0353,15.3199
Bijan Robinson,Charlie Smyth,Daniel Carlson,Devaughn Vele,Kendre Miller,Tyler Shough,1,1,-12.9133,0.1166
Bijan Robinson,Drake London,Juwan Johnson,Michael Penix Jr.,Olamide Zaccheaus,Zachariah Branch,1,1,-10.3603,1.498
Kyle Pitts Sr.,Bijan Robinson,Devaughn Vele,Falcons,Juwan Johnson,Michael Penix Jr.,1,1,-10.3822,1.4655
Devaughn Vele,Austin Hooper,Chris Olave,Michael Penix Jr.,Nick Folk,Tyler Shough,1,1,-9.795,2.6364
Chris Olave,Alvin Kamara,Kendre Miller,Michael Penix Jr.,Olamide Zaccheaus,Tyler Shough,1,1,-9.4797,3.6138
Chris Olave,Bijan Robinson,Bryce Lance,Daniel Carlson,Olamide Zaccheaus,Tyler Shough,1,1,-8.3749,10.9089
Devaughn Vele,Chris Olave,Daniel Carlson,Drake London,Tyler Shough,Zachariah Branch,1,1,-10.5592,1.2278
Chris Olave,Bijan Robinson,Drake London,Nick Folk,Saints,Zachariah Branch,1,1,-10.9975,0.7921
Drake London,Alvin Kamara,Chris Olave,Juwan Johnson,Nick Folk,Noah Fant,1,1,-12.3794,0.1989
Chris Olave,Devaughn Vele,Drake London,Jahan Dotson,Juwan Johnson,Saints,1,1,-10.0672,2.0083
Kendre Miller,Bijan Robinson,Chris Olave,Drake London,Nick Muse,Tyler Shough,1,1,-13.4952,0.0652
Kendre Miller,Bijan Robinson,Chris Olave,Drake London,Tyler Shough,Vinny Anthony II,1,1,-16.9292,0.0021
Kendre Miller,Bijan Robinson,Chris Olave,Drake London,Tyler Shough,Zamir White,1,1,-14.6266,0.021
Kendre Miller,Bijan Robinson,Cedric Tillman,Chris Olave,Drake London,Tyler Shough,1,1,-15.3198,0.0105
Devaughn Vele,Alvin Kamara,Kendre Miller,Kyle Pitts Sr.,Michael Penix Jr.,Tyler Shough,1,1,-10.5782,1.2047
Drake London,Brian Robinson Jr.,Kendre Miller,Michael Penix Jr.,Nick Folk,Tyler Shough,1,1,-9.2576,4.5123
Bijan Robinson,Austin Hooper,Daniel Carlson,Drake London,Juwan Johnson,Kyle Pitts Sr.,1,1,-9.2409,4.5885
Drake London,CJ Donaldson,Chris Olave,Daniel Carlson,Devaughn Vele,Tyler Shough,1,1,-9.6753,2.9717
Drake London,Alvin Kamara,Bijan Robinson,Michael Penix Jr.,Saints,Zachariah Branch,1,1,-11.1172,0.7028
Devaughn Vele,Alvin Kamara,Drake London,Kendre Miller,Michael Penix Jr.,Nick Folk,1,1,-10.9829,0.8037
Drake London,Alvin Kamara,Bijan Robinson,Michael Penix Jr.,Noah Fant,Olamide Zaccheaus,1,1,-12.8371,0.1259
Drake London,Bijan Robinson,Bryce Lance,Jahan Dotson,Kyle Pitts Sr.,Michael Penix Jr.,1,1,-9.1808,4.8725
Kyle Pitts Sr.,Chris Olave,Jahan Dotson,Juwan Johnson,Michael Penix Jr.,Tyler Shough,1,1,-9.1683,4.9339
Tyler Shough,Austin Hooper,Bijan Robinson,Chris Olave,Nick Folk,Noah Fant,1,1,-12.0509,0.2762
Tyler Shough,Bijan Robinson,Drake London,Falcons,Juwan Johnson,Zachariah Branch,1,1,-9.9559,2.2446
Devaughn Vele,Bijan Robinson,Chris Olave,Falcons,Kyle Pitts Sr.,Saints,1,1,-11.1739,0.664
Chris Olave,Bijan Robinson,Daniel Carlson,Drake London,Kendre Miller,Oscar Delp,1,1,-9.2078,4.7429
Chris Olave,Bijan Robinson,Daniel Carlson,Drake London,Kendre Miller,Olamide Zaccheaus,1,1,-9.5568,3.3457
Chris Olave,Bijan Robinson,Drake London,Juwan Johnson,Saints,Zamir White,1,1,-14.1533,0.0337
Drake London,Alvin Kamara,Chris Olave,Daniel Carlson,Juwan Johnson,Kendre Miller,1,1,-9.2188,4.6908
Michael Penix Jr.,Alvin Kamara,Chris Olave,Daniel Carlson,Drake London,Zachariah Branch,1,1,-11.3326,0.5666
Olamide Zaccheaus,Bijan Robinson,Brian Robinson Jr.,Michael Penix Jr.,Tyler Shough,Zachariah Branch,1,1,-13.2998,0.0792
Tyler Shough,Alvin Kamara,Bijan Robinson,Bryce Lance,Juwan Johnson,Saints,1,1,-8.9109,6.3821
Bijan Robinson,Jahan Dotson,Kendre Miller,Michael Penix Jr.,Saints,Tyler Shough,1,1,-9.3776,4.002
Devaughn Vele,Bijan Robinson,Daniel Carlson,Drake London,Kendre Miller,Kyle Pitts Sr.,1,1,-10.6553,1.1153
Oscar Delp,Bijan Robinson,Chris Olave,Daniel Carlson,Michael Penix Jr.,Tyler Shough,1,1,-10.6382,1.1346
Falcons,Bijan Robinson,Chris Olave,Michael Penix Jr.,Oscar Delp,Tyler Shough,1,1,-9.755,2.744
Drake London,Bijan Robinson,Jahan Dotson,Nick Folk,Saints,Tyler Shough,1,1,-9.3843,3.9755
Tyler Shough,Bijan Robinson,Bryce Lance,CJ Donaldson,Drake London,Michael Penix Jr.,1,1,-9.1071,5.2451
Drake London,Bijan Robinson,Chris Olave,Khalil Herbert,Michael Penix Jr.,Zamir White,1,1,-17.8886,0.0008
Devaughn Vele,Chris Blair,Chris Olave,Drake London,Juwan Johnson,Michael Penix Jr.,1,1,-11.562,0.4504
Tyler Shough,Bijan Robinson,Charlie Smyth,Chris Olave,Kyle Pitts Sr.,Zachariah Branch,1,1,-14.0086,0.039
Bijan Robinson,CJ Donaldson,Juwan Johnson,Michael Penix Jr.,Saints,Tyler Shough,1,1,-9.6838,2.9467
Juwan Johnson,Bijan Robinson,Bryce Lance,Michael Penix Jr.,Nick Folk,Tyler Shough,1,1,-8.2065,12.9093
Chris Olave,Alvin Kamara,Daniel Carlson,Drake London,Kendre Miller,Kyle Pitts Sr.,1,1,-9.952,2.2534
Chris Olave,Bijan Robinson,Bryce Lance,Drake London,Falcons,Zachariah Branch,1,1,-10.3593,1.4995
Chris Olave,Bijan Robinson,Daniel Carlson,Devaughn Vele,Kendre Miller,Saints,1,1,-10.1637,1.8234
Saints,Alvin Kamara,Bijan Robinson,Bryce Lance,Chris Olave,Drake London,1,1,-9.8942,2.3876
Kyle Pitts Sr.,Alvin Kamara,Bijan Robinson,Falcons,Kendre Miller,Tyler Shough,1,1,-10.4988,1.3043
Juwan Johnson,Bijan Robinson,Charlie Smyth,Daniel Carlson,Devaughn Vele,Tyler Shough,1,1,-12.8015,0.1304
Michael Penix Jr.,Austin Hooper,Bijan Robinson,Bryce Lance,Chris Olave,Juwan Johnson,1,1,-9.4768,3.6241
Michael Penix Jr.,Alvin Kamara,Devaughn Vele,Juwan Johnson,Kyle Pitts Sr.,Nick Folk,1,1,-11.2083,0.6415
Bijan Robinson,Austin Hooper,Chris Olave,Devaughn Vele,Kendre Miller,Saints,1,1,-10.3962,1.4452
Daniel Carlson,Bijan Robinson,Devaughn Vele,Juwan Johnson,Kendre Miller,Tyler Shough,1,1,-10.9678,0.816
Olamide Zaccheaus,Bijan Robinson,Chris Olave,Drake London,Falcons,Tyler Shough,1,1,-11.3071,0.5812
Drake London,Brian Robinson Jr.,Bryce Lance,Chris Olave,Travis Etienne Jr.,Tyler Shough,1,1,-14.5993,0.0216
Chris Olave,Daniel Carlson,Devaughn Vele,Drake London,Oscar Delp,Tyler Shough,1,1,-8.6782,8.0542
Alvin Kamara,Daniel Carlson,Devaughn Vele,Drake London,Kendre Miller,Michael Penix Jr.,1,1,-10.7981,0.9669
Alvin Kamara,Devaughn Vele,Drake London,Juwan Johnson,Michael Penix Jr.,Saints,1,1,-10.8128,0.9528
Juwan Johnson,Bijan Robinson,Devaughn Vele,Kendre Miller,Tyler Shough,Zachariah Branch,1,1,-10.7903,0.9745
Juwan Johnson,Brian Robinson Jr.,Daniel Carlson,Drake London,Kyle Pitts Sr.,Tyler Shough,1,1,-9.2648,4.4799
Bijan Robinson,Barion Brown,Devaughn Vele,Juwan Johnson,Saints,Tyler Shough,1,1,-11.5256,0.4671
Bijan Robinson,Alvin Kamara,Daniel Carlson,Noah Fant,Saints,Tyler Shough,1,1,-12.3243,0.2102
Bijan Robinson,Drake London,Falcons,Jahan Dotson,Michael Penix Jr.,Saints,1,1,-9.9228,2.3201
Bijan Robinson,Bryce Lance,Chris Olave,Kyle Pitts Sr.,Michael Penix Jr.,Saints,1,1,-8.9994,5.8418
Chris Olave,Bijan Robinson,CJ Donaldson,Kendre Miller,Olamide Zaccheaus,Tyler Shough,1,1,-10.5027,1.2992
Tyler Shough,Bijan Robinson,Devaughn Vele,Michael Penix Jr.,Noah Fant,Zachariah Branch,1,1,-13.3991,0.0717
Tyler Shough,Barion Brown,Bijan Robinson,Juwan Johnson,Michael Penix Jr.,Nick Folk,1,1,-10.8472,0.9205
Falcons,Bijan Robinson,Devaughn Vele,Juwan Johnson,Michael Penix Jr.,Nick Folk,1,1,-11.0467,0.7541
Drake London,Alvin Kamara,Charlie Woerner,Chris Olave,Kyle Pitts Sr.,Michael Penix Jr.,1,1,-11.3699,0.5458
Michael Penix Jr.,Bijan Robinson,Bryce Lance,Devaughn Vele,Kendre Miller,Tyler Shough,1,1,-9.6182,3.1465
Drake London,Alvin Kamara,Bryce Lance,Chris Olave,Daniel Carlson,Michael Penix Jr.,1,1,-8.5553,9.1079
Bijan Robinson,Falcons,Michael Penix Jr.,Nick Folk,Noah Fant,Tyler Shough,1,1,-11.8719,0.3304
Michael Penix Jr.,Austin Hooper,Bijan Robinson,Chris Olave,Jahan Dotson,Noah Fant,1,1,-13.6822,0.0541
Kendre Miller,Brian Robinson Jr.,Chris Olave,Drake London,Kyle Pitts Sr.,Michael Penix Jr.,1,1,-11.0954,0.7182
Kendre Miller,Bijan Robinson,Drake London,Jahan Dotson,Juwan Johnson,Michael Penix Jr.,1,1,-10.6047,1.1732
Chris Olave,Chris Blair,Devaughn Vele,Kyle Pitts Sr.,Michael Penix Jr.,Tyler Shough,1,1,-11.0513,0.7506
Chris Olave,Devaughn Vele,Kevin Austin Jr.,Kyle Pitts Sr.,Michael Penix Jr.,Tyler Shough,1,1,-10.858,0.9107
Chris Olave,Falcons,Jahan Dotson,Kyle Pitts Sr.,Michael Penix Jr.,Tyler Shough,1,1,-9.377,4.0044
Saints,Alvin Kamara,Chris Olave,Devaughn Vele,Jahan Dotson,Tyler Shough,1,1,-10.7186,1.0469
Michael Penix Jr.,Bijan Robinson,CJ Donaldson,Drake London,Tyler Shough,Zachariah Branch,1,1,-11.8028,0.3541
Drake London,Brian Robinson Jr.,Chris Olave,Kyle Pitts Sr.,Michael Penix Jr.,Saints,1,1,-9.9388,2.2834
Michael Penix Jr.,Alvin Kamara,Barion Brown,Chris Olave,Kyle Pitts Sr.,Tyler Shough,1,1,-12.3138,0.2124
Tyler Shough,Bijan Robinson,Bryce Lance,Drake London,Kyle Pitts Sr.,Nick Folk,1,1,-8.5573,9.09
Bijan Robinson,Chris Olave,Daniel Carlson,Oscar Delp,Saints,Tyler Shough,1,1,-8.5563,9.0989
Michael Penix Jr.,Alvin Kamara,Daniel Carlson,Devaughn Vele,Drake London,Kyle Pitts Sr.,1,1,-10.8991,0.874
Bijan Robinson,Chris Olave,Daniel Carlson,Falcons,Juwan Johnson,Saints,1,1,-9.2788,4.4178
Falcons,Bijan Robinson,Devaughn Vele,Drake London,Kendre Miller,Tyler Shough,1,1,-10.687,1.0805
Chris Olave,Alvin Kamara,CJ Donaldson,Kendre Miller,Kyle Pitts Sr.,Tyler Shough,1,1,-10.898,0.875
Saints,Bijan Robinson,Devaughn Vele,Drake London,Jahan Dotson,Tyler Shough,1,1,-10.2427,1.6849
Bryce Lance,Bijan Robinson,Chris Olave,Michael Penix Jr.,Tyler Shough,Zachariah Branch,1,1,-11.3054,0.5822
Tyler Shough,Austin Hooper,Bijan Robinson,Bryce Lance,Devaughn Vele,Juwan Johnson,1,1,-8.836,6.879
Tyler Shough,Charlie Woerner,Chris Olave,Devaughn Vele,Drake London,Nick Folk,1,1,-10.8468,0.9209
Tyler Shough,Chris Olave,Devaughn Vele,Drake London,Nick Folk,Treyton Welch,1,1,-11.1911,0.6527
Tyler Shough,Chris Olave,Devaughn Vele,Drake London,Kevin Austin Jr.,Nick Folk,1,1,-10.6982,1.0685
Tyler Shough,Chris Blair,Chris Olave,Devaughn Vele,Drake London,Nick Folk,1,1,-10.8915,0.8807
Tyler Shough,Chris Olave,Devaughn Vele,Drake London,Khalil Herbert,Nick Folk,1,1,-13.1789,0.0894
Saints,Alvin Kamara,Bijan Robinson,Chris Olave,Falcons,Juwan Johnson,1,1,-10.5964,1.183
Bijan Robinson,Chris Olave,Kendre Miller,Noah Fant,Olamide Zaccheaus,Tyler Shough,1,1,-12.0644,0.2725
Bijan Robinson,Chris Olave,Kendre Miller,Saints,Tyler Shough,Zachariah Branch,1,1,-10.3445,1.5218
Michael Penix Jr.,Alvin Kamara,Bijan Robinson,Daniel Carlson,Juwan Johnson,Saints,1,1,-10.514,1.2846
Bijan Robinson,Alvin Kamara,Daniel Carlson,Kendre Miller,Michael Penix Jr.,Saints,1,1,-9.9913,2.1666
Juwan Johnson,Alvin Kamara,Devaughn Vele,Kyle Pitts Sr.,Michael Penix Jr.,Nick Folk,1,1,-10.5738,1.21
Juwan Johnson,Austin Hooper,Bijan Robinson,Chris Olave,Devaughn Vele,Saints,1,1,-10.2845,1.616
Juwan Johnson,Bijan Robinson,Bryce Lance,Chris Olave,Drake London,Noah Fant,1,1,-11.624,0.4233
Bijan Robinson,Barion Brown,Chris Olave,Drake London,Kyle Pitts Sr.,Saints,1,1,-11.8828,0.3268
Bijan Robinson,Chris Olave,Falcons,Juwan Johnson,Kendre Miller,Olamide Zaccheaus,1,1,-9.7582,2.7354
Chris Olave,Bijan Robinson,Falcons,Kendre Miller,Olamide Zaccheaus,Tyler Shough,1,1,-9.5448,3.3858
Drake London,Barion Brown,Bijan Robinson,Chris Olave,Michael Penix Jr.,Oscar Delp,1,1,-11.1172,0.7027
Devaughn Vele,Bijan Robinson,Juwan Johnson,Michael Penix Jr.,Nick Folk,Saints,1,1,-10.5681,1.2169
Kendre Miller,Alvin Kamara,Chris Olave,Michael Penix Jr.,Nick Folk,Tyler Shough,1,1,-10.3382,1.5315
Kyle Pitts Sr.,Bijan Robinson,Daniel Carlson,Devaughn Vele,Michael Penix Jr.,Nick Folk,1,1,-10.3793,1.4699
Bijan Robinson,Juwan Johnson,Kyle Pitts Sr.,Michael Penix Jr.,Nick Folk,Noah Fant,1,1,-12.3436,0.2061
Noah Fant,Bijan Robinson,Drake London,Jahan Dotson,Michael Penix Jr.,Tyler Shough,1,1,-12.5922,0.1608
Chris Olave,Barion Brown,Daniel Carlson,Devaughn Vele,Drake London,Tyler Shough,1,1,-11.0754,0.7327
Devaughn Vele,Chris Olave,Daniel Carlson,Kyle Pitts Sr.,Nick Folk,Tyler Shough,1,1,-9.8628,2.4637
Devaughn Vele,Alvin Kamara,Austin Hooper,Daniel Carlson,Drake London,Tyler Shough,1,1,-10.2622,1.6525
Nick Folk,Chris Olave,Daniel Carlson,Devaughn Vele,Juwan Johnson,Tyler Shough,1,1,-10.5864,1.1948
Olamide Zaccheaus,Bijan Robinson,Devaughn Vele,Drake London,Juwan Johnson,Michael Penix Jr.,1,1,-11.9401,0.3086
Bijan Robinson,Austin Hooper,Bryce Lance,Michael Penix Jr.,Nick Folk,Tyler Shough,1,1,-8.425,10.3752
Devaughn Vele,Alvin Kamara,Drake London,Juwan Johnson,Kendre Miller,Nick Folk,1,1,-11.02,0.7745
CJ Donaldson,Bijan Robinson,Chris Olave,Drake London,Saints,Tyler Shough,1,1,-12.2959,0.2162
Bijan Robinson,Bryce Lance,Drake London,Nick Folk,Olamide Zaccheaus,Tyler Shough,1,1,-8.5269,9.3701
Bijan Robinson,Bryce Lance,Chris Olave,Falcons,Saints,Tyler Shough,1,1,-8.5647,9.0227
Juwan Johnson,Chris Olave,Devaughn Vele,Kyle Pitts Sr.,Michael Penix Jr.,Nick Folk,1,1,-9.8345,2.5342
Daniel Carlson,Bijan Robinson,Chris Olave,Nick Folk,Noah Fant,Tyler Shough,1,1,-13.5562,0.0613
Chris Olave,Alvin Kamara,Drake London,Noah Fant,Olamide Zaccheaus,Tyler Shough,1,1,-12.3681,0.2012
Noah Fant,Austin Hooper,Bijan Robinson,Chris Olave,Devaughn Vele,Drake London,1,1,-13.6108,0.0581
Chris Olave,Bryce Lance,Devaughn Vele,Drake London,Juwan Johnson,Kyle Pitts Sr.,1,1,-9.1584,4.983
Michael Penix Jr.,Bijan Robinson,Charlie Woerner,Chris Olave,Juwan Johnson,Kendre Miller,1,1,-11.8107,0.3512
Michael Penix Jr.,Bijan Robinson,Chris Blair,Chris Olave,Juwan Johnson,Kendre Miller,1,1,-11.8554,0.3359
Michael Penix Jr.,Bijan Robinson,Chris Olave,Juwan Johnson,Kendre Miller,Kevin Austin Jr.,1,1,-11.6621,0.4075
Michael Penix Jr.,Bijan Robinson,Bryce Lance,Drake London,Jahan Dotson,Kyle Pitts Sr.,1,1,-10.1886,1.7787
Bijan Robinson,Austin Hooper,Charlie Woerner,Drake London,Juwan Johnson,Michael Penix Jr.,1,1,-10.8806,0.8904
Falcons,Bijan Robinson,Chris Olave,Juwan Johnson,Noah Fant,Tyler Shough,1,1,-12.8208,0.1279
Falcons,Bijan Robinson,Chris Olave,Kendre Miller,Nick Folk,Tyler Shough,1,1,-10.424,1.4056
Chris Olave,Brian Robinson Jr.,Drake London,Noah Fant,Saints,Tyler Shough,1,1,-12.4937,0.1774
Alvin Kamara,Daniel Carlson,Drake London,Juwan Johnson,Kyle Pitts Sr.,Michael Penix Jr.,1,1,-10.1716,1.8091
Michael Penix Jr.,Bijan Robinson,Devaughn Vele,Falcons,Olamide Zaccheaus,Tyler Shough,1,1,-10.492,1.3132
Tyler Shough,Bijan Robinson,Bryce Lance,CJ Donaldson,Drake London,Juwan Johnson,1,1,-9.1442,5.0543
Tyler Shough,Bijan Robinson,Chris Blair,Daniel Carlson,Drake London,Juwan Johnson,1,1,-10.1282,1.8894
Drake London,Bijan Robinson,Chris Olave,Kendre Miller,Nick Folk,Olamide Zaccheaus,1,1,-9.738,2.7911
Drake London,Austin Hooper,Bijan Robinson,Chris Olave,Daniel Carlson,Falcons,1,1,-9.3537,4.0988
Drake London,Bijan Robinson,Chris Olave,Daniel Carlson,Kendre Miller,Zachariah Branch,1,1,-10.4003,1.4393
Juwan Johnson,Alvin Kamara,Austin Hooper,Chris Olave,Daniel Carlson,Tyler Shough,1,1,-9.1434,5.0581
Bijan Robinson,Charlie Woerner,Daniel Carlson,Drake London,Kyle Pitts Sr.,Michael Penix Jr.,1,1,-10.9112,0.8635
Chris Olave,Austin Hooper,Daniel Carlson,Devaughn Vele,Juwan Johnson,Tyler Shough,1,1,-8.9624,6.0622
Falcons,Alvin Kamara,Bijan Robinson,Drake London,Saints,Tyler Shough,1,1,-10.8687,0.901
Drake London,Alvin Kamara,CJ Donaldson,Jahan Dotson,Juwan Johnson,Michael Penix Jr.,1,1,-10.8964,0.8764
Michael Penix Jr.,Alvin Kamara,Chris Olave,Juwan Johnson,Kendre Miller,Kyle Pitts Sr.,1,1,-10.6494,1.122
Michael Penix Jr.,Bijan Robinson,Chris Olave,Drake London,Nick Muse,Treyton Welch,1,1,-15.7771,0.0067
Daniel Carlson,Bijan Robinson,Drake London,Kyle Pitts Sr.,Nick Folk,Tyler Shough,1,1,-10.7959,0.969
Drake London,Alvin Kamara,Daniel Carlson,Devaughn Vele,Kendre Miller,Tyler Shough,1,1,-9.4669,3.6601
Zachariah Branch,Chris Olave,Devaughn Vele,Drake London,Juwan Johnson,Tyler Shough,1,1,-11.9087,0.3184
Tyler Shough,Bijan Robinson,Chris Blair,Juwan Johnson,Kyle Pitts Sr.,Michael Penix Jr.,1,1,-10.551,1.238
Daniel Carlson,Bijan Robinson,Chris Olave,Juwan Johnson,Michael Penix Jr.,Olamide Zaccheaus,1,1,-10.9402,0.8388
Chris Olave,Alvin Kamara,Drake London,Kendre Miller,Michael Penix Jr.,Olamide Zaccheaus,1,1,-10.0351,2.0738
Austin Hooper,Bijan Robinson,Chris Olave,Juwan Johnson,Kendre Miller,Tyler Shough,1,1,-10.5977,1.1815
Bijan Robinson,CJ Donaldson,Drake London,Nick Folk,Saints,Tyler Shough,1,1,-10.1754,1.8023
Michael Penix Jr.,Alvin Kamara,Devaughn Vele,Drake London,Falcons,Nick Folk,1,1,-11.292,0.5901
Bijan Robinson,Austin Hooper,Bryce Lance,Chris Olave,Drake London,Noah Fant,1,1,-11.8425,0.3402
Oscar Delp,Bijan Robinson,Chris Olave,Drake London,Tyler Shough,Zachariah Branch,1,1,-12.2861,0.2183
Chris Olave,Devaughn Vele,Juwan Johnson,Kyle Pitts Sr.,Olamide Zaccheaus,Tyler Shough,1,1,-9.4871,3.5872
Tyler Shough,Alvin Kamara,Austin Hooper,Chris Olave,Kendre Miller,Michael Penix Jr.,1,1,-9.3686,4.0384
Tyler Shough,Austin Hooper,Bijan Robinson,Bryce Lance,Chris Olave,Daniel Carlson,1,1,-8.2638,12.1904
Tyler Shough,Alvin Kamara,Chris Olave,Drake London,Kendre Miller,Oscar Delp,1,1,-9.1215,5.1702
Juwan Johnson,Bijan Robinson,Chris Blair,Drake London,Kyle Pitts Sr.,Tyler Shough,1,1,-10.7936,0.9713
Michael Penix Jr.,Bijan Robinson,Devaughn Vele,Juwan Johnson,Kyle Pitts Sr.,Olamide Zaccheaus,1,1,-10.9637,0.8193
Bijan Robinson,Devaughn Vele,Kendre Miller,Kyle Pitts Sr.,Michael Penix Jr.,Noah Fant,1,1,-13.1208,0.0948
Chris Olave,Austin Hooper,Devaughn Vele,Drake London,Tyler Shough,Zachariah Branch,1,1,-10.5733,1.2107
Oscar Delp,Bijan Robinson,Chris Olave,Drake London,Kendre Miller,Tyler Shough,1,1,-11.143,0.6848
Drake London,Bijan Robinson,Charlie Woerner,Devaughn Vele,Falcons,Michael Penix Jr.,1,1,-11.5963,0.4353
Drake London,Alvin Kamara,Devaughn Vele,Kendre Miller,Michael Penix Jr.,Nick Folk,1,1,-10.2945,1.5999
Tyler Shough,Brian Robinson Jr.,Chris Olave,Drake London,Kendre Miller,Saints,1,1,-9.596,3.2169
Kyle Pitts Sr.,Bijan Robinson,Chris Olave,Kendre Miller,Tyler Shough,Zachariah Branch,1,1,-10.9128,0.8621
Nick Folk,Austin Hooper,Bijan Robinson,Juwan Johnson,Michael Penix Jr.,Tyler Shough,1,1,-10.6698,1.0992
Saints,Alvin Kamara,Bijan Robinson,Michael Penix Jr.,Nick Folk,Tyler Shough,1,1,-10.0405,2.0626
Juwan Johnson,Alvin Kamara,Chris Olave,Devaughn Vele,Nick Folk,Saints,1,1,-10.6799,1.0883
Drake London,Bijan Robinson,Jahan Dotson,Kyle Pitts Sr.,Saints,Tyler Shough,1,1,-9.5349,3.4195
Chris Olave,Devaughn Vele,Jahan Dotson,Nick Folk,Saints,Tyler Shough,1,1,-10.0523,2.0384
Drake London,Brian Robinson Jr.,Devaughn Vele,Juwan Johnson,Michael Penix Jr.,Saints,1,1,-10.137,1.8727
Chris Olave,Devaughn Vele,Juwan Johnson,Kyle Pitts Sr.,Michael Penix Jr.,Zachariah Branch,1,1,-10.9769,0.8086
Tyler Shough,Chris Olave,Daniel Carlson,Devaughn Vele,Kyle Pitts Sr.,Nick Folk,1,1,-9.256,4.5196
Bryce Lance,Bijan Robinson,Chris Olave,Juwan Johnson,Kendre Miller,Tyler Shough,1,1,-10.1993,1.7596
Kyle Pitts Sr.,Bijan Robinson,Chris Olave,Daniel Carlson,Michael Penix Jr.,Zachariah Branch,1,1,-10.9634,0.8196
Austin Hooper,Alvin Kamara,Bijan Robinson,Drake London,Kendre Miller,Michael Penix Jr.,1,1,-11.8553,0.3359
Kyle Pitts Sr.,Bijan Robinson,Chris Olave,Michael Penix Jr.,Nick Folk,Olamide Zaccheaus,1,1,-10.3011,1.5894
Juwan Johnson,Bijan Robinson,Bryce Lance,Drake London,Michael Penix Jr.,Nick Folk,1,1,-8.7619,7.4079
Drake London,Chris Olave,Jahan Dotson,Michael Penix Jr.,Oscar Delp,Tyler Shough,1,1,-8.4768,9.8521
Juwan Johnson,Bijan Robinson,Daniel Carlson,Devaughn Vele,Drake London,Treyton Welch,1,1,-11.8073,0.3524
Drake London,Chris Olave,Falcons,Jahan Dotson,Juwan Johnson,Michael Penix Jr.,1,1,-9.1993,4.7835
Juwan Johnson,Chris Blair,Chris Olave,Devaughn Vele,Michael Penix Jr.,Tyler Shough,1,1,-10.6913,1.0758
Austin Hooper,Bijan Robinson,Bryce Lance,Chris Olave,Michael Penix Jr.,Tyler Shough,1,1,-9.9341,2.294
Tyler Shough,Bryce Lance,Chris Olave,Devaughn Vele,Juwan Johnson,Nick Folk,1,1,-8.4921,9.7023
Juwan Johnson,Chris Olave,Devaughn Vele,Kevin Austin Jr.,Michael Penix Jr.,Tyler Shough,1,1,-10.4981,1.3052
Chris Olave,Bijan Robinson,CJ Donaldson,Daniel Carlson,Drake London,Saints,1,1,-10.5787,1.2041
Chris Olave,Bijan Robinson,Daniel Carlson,Falcons,Juwan Johnson,Oscar Delp,1,1,-9.2835,4.3971
Chris Olave,Bijan Robinson,Falcons,Juwan Johnson,Nick Folk,Saints,1,1,-9.9301,2.3034
Juwan Johnson,Bijan Robinson,Bryce Lance,Devaughn Vele,Kendre Miller,Tyler Shough,1,1,-9.0207,5.7186
Alvin Kamara,Daniel Carlson,Drake London,Michael Penix Jr.,Tyler Shough,Zachariah Branch,1,1,-10.8532,0.9151
Devaughn Vele,Alvin Kamara,Juwan Johnson,Michael Penix Jr.,Saints,Tyler Shough,1,1,-10.2189,1.7255
Chris Olave,Bijan Robinson,Charlie Smyth,Kendre Miller,Tyler Shough,Zachariah Branch,1,1,-14.1487,0.0339
Devaughn Vele,Bijan Robinson,Kyle Pitts Sr.,Nick Folk,Saints,Tyler Shough,1,1,-10.655,1.1156
Tyler Shough,Bijan Robinson,CJ Donaldson,Juwan Johnson,Kendre Miller,Michael Penix Jr.,1,1,-9.8196,2.5725
Falcons,Bijan Robinson,Chris Olave,Devaughn Vele,Michael Penix Jr.,Saints,1,1,-11.2664,0.6054
Michael Penix Jr.,Alvin Kamara,Juwan Johnson,Kyle Pitts Sr.,Nick Folk,Tyler Shough,1,1,-10.1203,1.9043
Michael Penix Jr.,Bijan Robinson,Falcons,Kyle Pitts Sr.,Nick Folk,Tyler Shough,1,1,-10.1484,1.8515
Falcons,Alvin Kamara,Chris Olave,Drake London,Kyle Pitts Sr.,Michael Penix Jr.,1,1,-11.0546,0.7481
Bryce Lance,Austin Hooper,Bijan Robinson,Chris Olave,Michael Penix Jr.,Tyler Shough,1,1,-10.269,1.6411
Tyler Shough,Chris Olave,Drake London,Jahan Dotson,Juwan Johnson,Noah Fant,1,1,-11.6243,0.4232
Saints,Alvin Kamara,Bijan Robinson,Chris Olave,Juwan Johnson,Kendre Miller,1,1,-10.6066,1.171
Bijan Robinson,Austin Hooper,Juwan Johnson,Kendre Miller,Kyle Pitts Sr.,Tyler Shough,1,1,-9.2392,4.5962
Bijan Robinson,Daniel Carlson,Devaughn Vele,Falcons,Saints,Tyler Shough,1,1,-9.5269,3.4471
Juwan Johnson,Barion Brown,Bijan Robinson,Chris Olave,Michael Penix Jr.,Zachariah Branch,1,1,-12.8109,0.1292
Devaughn Vele,Chris Olave,Daniel Carlson,Michael Penix Jr.,Tyler Shough,Zachariah Branch,1,1,-10.6081,1.1692
Tyler Shough,Alvin Kamara,Daniel Carlson,Juwan Johnson,Michael Penix Jr.,Nick Folk,1,1,-8.8204,6.9871
Tyler Shough,Bijan Robinson,Daniel Carlson,Falcons,Michael Penix Jr.,Nick Folk,1,1,-8.8485,6.7933
Michael Penix Jr.,Antwane Wells Jr.,Bijan Robinson,Daniel Carlson,Drake London,Tyler Shough,1,1,-18.6029,0.0004
Drake London,Austin Hooper,Bijan Robinson,Bryce Lance,Devaughn Vele,Michael Penix Jr.,1,1,-9.2726,4.4453
Drake London,Devaughn Vele,Jahan Dotson,Juwan Johnson,Michael Penix Jr.,Nick Folk,1,1,-9.7685,2.7073
Alvin Kamara,Chris Olave,Daniel Carlson,Drake London,Juwan Johnson,Saints,1,1,-10.2776,1.6271
Kendre Miller,Alvin Kamara,Chris Olave,Daniel Carlson,Drake London,Tyler Shough,1,1,-10.0661,2.0104
Kendre Miller,Bijan Robinson,Daniel Carlson,Devaughn Vele,Juwan Johnson,Tyler Shough,1,1,-10.2088,1.743
Juwan Johnson,Bijan Robinson,CJ Donaldson,Drake London,Kendre Miller,Tyler Shough,1,1,-10.0622,2.0183
Bijan Robinson,Austin Hooper,Chris Olave,Daniel Carlson,Michael Penix Jr.,Saints,1,1,-9.3587,4.0783
Falcons,Bijan Robinson,Juwan Johnson,Michael Penix Jr.,Nick Folk,Tyler Shough,1,1,-9.9587,2.2384
Chris Olave,Daniel Carlson,Devaughn Vele,Falcons,Nick Folk,Tyler Shough,1,1,-9.3859,3.9692
Tyler Shough,Bijan Robinson,CJ Donaldson,Drake London,Michael Penix Jr.,Olamide Zaccheaus,1,1,-9.9912,2.1668
Tyler Shough,Bryce Lance,Chris Olave,Jahan Dotson,Juwan Johnson,Michael Penix Jr.,1,1,-8.1093,14.2265
Chris Olave,Bijan Robinson,Charlie Woerner,Juwan Johnson,Michael Penix Jr.,Saints,1,1,-11.1769,0.662
Drake London,Barion Brown,Bijan Robinson,Devaughn Vele,Falcons,Michael Penix Jr.,1,1,-12.0878,0.2662
Chris Olave,Bijan Robinson,Juwan Johnson,Kevin Austin Jr.,Michael Penix Jr.,Saints,1,1,-11.0283,0.7681
Chris Olave,Bijan Robinson,Juwan Johnson,Michael Penix Jr.,Oscar Delp,Saints,1,1,-9.2713,4.451
Drake London,Bijan Robinson,Chris Blair,Juwan Johnson,Michael Penix Jr.,Nick Folk,1,1,-10.874,0.8962
Tyler Shough,Chris Olave,Devaughn Vele,Jahan Dotson,Juwan Johnson,Saints,1,1,-9.5515,3.3634
Tyler Shough,Chris Blair,Chris Olave,Devaughn Vele,Drake London,Kyle Pitts Sr.,1,1,-11.0421,0.7575
Juwan Johnson,Bijan Robinson,Michael Penix Jr.,Nick Folk,Olamide Zaccheaus,Tyler Shough,1,1,-9.0905,5.3329
Bryce Lance,Bijan Robinson,Chris Olave,Devaughn Vele,Saints,Tyler Shough,1,1,-10.9779,0.8078
Juwan Johnson,Alvin Kamara,Daniel Carlson,Drake London,Nick Folk,Tyler Shough,1,1,-9.063,5.4818
Zachariah Branch,Bijan Robinson,Drake London,Kyle Pitts Sr.,Michael Penix Jr.,Tyler Shough,1,1,-12.0228,0.2841
Bijan Robinson,Chris Olave,Drake London,Kendre Miller,Olamide Zaccheaus,Oscar Delp,1,1,-9.5911,3.2329
Bijan Robinson,Drake London,Juwan Johnson,Kendre Miller,Kyle Pitts Sr.,Zachariah Branch,1,1,-10.8309,0.9357
Devaughn Vele,Austin Hooper,Chris Olave,Juwan Johnson,Kyle Pitts Sr.,Tyler Shough,1,1,-9.9827,2.1852
Michael Penix Jr.,Bijan Robinson,Devaughn Vele,Olamide Zaccheaus,Tyler Shough,Zachariah Branch,1,1,-11.6453,0.4144
Tyler Shough,Bijan Robinson,Chris Olave,Daniel Carlson,Kendre Miller,Olamide Zaccheaus,1,1,-9.0411,5.6034
Tyler Shough,Alvin Kamara,Bijan Robinson,Falcons,Kyle Pitts Sr.,Saints,1,1,-10.2184,1.7265
Drake London,Alvin Kamara,Bijan Robinson,Daniel Carlson,Kyle Pitts Sr.,Saints,1,1,-10.1486,1.8513
Juwan Johnson,Bijan Robinson,Drake London,Falcons,Tyler Shough,Zachariah Branch,1,1,-10.2474,1.677
Michael Penix Jr.,Alvin Kamara,Austin Hooper,Bijan Robinson,Drake London,Saints,1,1,-11.0886,0.7232
Michael Penix Jr.,Bijan Robinson,Chris Olave,Daniel Carlson,Kyle Pitts Sr.,Olamide Zaccheaus,1,1,-10.3915,1.4519
Bijan Robinson,Chris Olave,Kyle Pitts Sr.,Michael Penix Jr.,Oscar Delp,Saints,1,1,-9.5345,3.4211
Kendre Miller,Alvin Kamara,Chris Olave,Drake London,Michael Penix Jr.,Nick Folk,1,1,-10.8936,0.8788
Alvin Kamara,Bryce Lance,Drake London,Juwan Johnson,Kyle Pitts Sr.,Tyler Shough,1,1,-9.4946,3.5604
Chris Olave,Devaughn Vele,Falcons,Juwan Johnson,Kendre Miller,Tyler Shough,1,1,-9.3991,3.9171
Drake London,Alvin Kamara,Charlie Woerner,Chris Olave,Daniel Carlson,Michael Penix Jr.,1,1,-10.9959,0.7933
Tyler Shough,Austin Hooper,Bijan Robinson,Chris Olave,Falcons,Kendre Miller,1,1,-9.4338,3.7836
Tyler Shough,Alvin Kamara,Austin Hooper,Chris Olave,Juwan Johnson,Kendre Miller,1,1,-9.4056,3.8915
Daniel Carlson,Chris Olave,Devaughn Vele,Drake London,Jahan Dotson,Nick Folk,1,1,-11.9276,0.3125
Juwan Johnson,Alvin Kamara,Bijan Robinson,Bryce Lance,Saints,Tyler Shough,1,1,-9.2025,4.7683
Michael Penix Jr.,Bijan Robinson,Chris Olave,Kendre Miller,Kyle Pitts Sr.,Zachariah Branch,1,1,-11.8308,0.3443
Michael Penix Jr.,Austin Hooper,Bijan Robinson,Chris Olave,Falcons,Kyle Pitts Sr.,1,1,-10.7843,0.9804
Michael Penix Jr.,Chris Olave,Daniel Carlson,Devaughn Vele,Juwan Johnson,Nick Folk,1,1,-10.0951,1.9529
Kyle Pitts Sr.,Alvin Kamara,Bryce Lance,Chris Olave,Drake London,Michael Penix Jr.,1,1,-9.6232,3.1306
Jahan Dotson,Chris Olave,Drake London,Kevin Austin Jr.,Michael Penix Jr.,Tyler Shough,1,1,-12.4321,0.1887
Noah Fant,Bijan Robinson,Chris Olave,Kyle Pitts Sr.,Nick Folk,Tyler Shough,1,1,-12.8626,0.1227
Daniel Carlson,Bijan Robinson,Charlie Smyth,Chris Olave,Kyle Pitts Sr.,Tyler Shough,1,1,-14.4776,0.0244
Tyler Shough,Bijan Robinson,Charlie Woerner,Drake London,Falcons,Michael Penix Jr.,1,1,-10.5899,1.1907
Tyler Shough,Bijan Robinson,Drake London,Falcons,Jalen Moreno-Cropper,Michael Penix Jr.,1,1,-13.9719,0.0405
Michael Penix Jr.,Brian Robinson Jr.,Drake London,Kendre Miller,Kyle Pitts Sr.,Tyler Shough,1,1,-10.416,1.4168
Michael Penix Jr.,Alvin Kamara,Devaughn Vele,Kyle Pitts Sr.,Tyler Shough,Zachariah Branch,1,1,-12.0406,0.2791
Falcons,Alvin Kamara,Bijan Robinson,Daniel Carlson,Kyle Pitts Sr.,Michael Penix Jr.,1,1,-11.3645,0.5488
Tyler Shough,Bijan Robinson,Drake London,Kyle Pitts Sr.,Nick Folk,Olamide Zaccheaus,1,1,-9.4413,3.7552
Tyler Shough,Bijan Robinson,Bryce Lance,Daniel Carlson,Drake London,Nick Folk,1,1,-8.1834,13.2115
Devaughn Vele,Austin Hooper,Bijan Robinson,Bryce Lance,Chris Olave,Kendre Miller,1,1,-10.5123,1.2868
Chris Olave,Daniel Carlson,Devaughn Vele,Juwan Johnson,Kyle Pitts Sr.,Nick Folk,1,1,-9.8576,2.4764
Drake London,Bijan Robinson,Bryce Lance,Chris Olave,Nick Folk,Noah Fant,1,1,-11.7913,0.3581
Daniel Carlson,Bijan Robinson,Chris Olave,Drake London,Nick Folk,Noah Fant,1,1,-14.1116,0.0352
Kevin Austin Jr.,Bijan Robinson,Drake London,Juwan Johnson,Michael Penix Jr.,Tyler Shough,1,1,-12.5103,0.1745
Saints,Alvin Kamara,Bijan Robinson,Juwan Johnson,Nick Folk,Tyler Shough,1,1,-10.0775,1.9876
Tyler Shough,Brian Robinson Jr.,Drake London,Juwan Johnson,Michael Penix Jr.,Saints,1,1,-9.1307,5.1229
Michael Penix Jr.,Alvin Kamara,Devaughn Vele,Kendre Miller,Kyle Pitts Sr.,Tyler Shough,1,1,-10.8975,0.8754
Tyler Shough,Austin Hooper,Bijan Robinson,Devaughn Vele,Juwan Johnson,Oscar Delp,1,1,-9.371,4.0285
Falcons,Bijan Robinson,Chris Olave,Drake London,Juwan Johnson,Noah Fant,1,1,-13.3762,0.0734
Bijan Robinson,Austin Hooper,Daniel Carlson,Falcons,Juwan Johnson,Tyler Shough,1,1,-8.8551,6.7488
Michael Penix Jr.,Alvin Kamara,Devaughn Vele,Drake London,Kendre Miller,Nick Folk,1,1,-11.3022,0.584
Kyle Pitts Sr.,Bijan Robinson,CJ Donaldson,Drake London,Juwan Johnson,Michael Penix Jr.,1,1,-10.8075,0.9579
Juwan Johnson,Austin Hooper,Bijan Robinson,Chris Olave,Michael Penix Jr.,Oscar Delp,1,1,-9.3774,4.003
Daniel Carlson,Bijan Robinson,Devaughn Vele,Michael Penix Jr.,Oscar Delp,Tyler Shough,1,1,-10.8393,0.9278
Tyler Shough,Alvin Kamara,Daniel Carlson,Devaughn Vele,Kendre Miller,Michael Penix Jr.,1,1,-9.5975,3.212
Drake London,Barion Brown,Bijan Robinson,Juwan Johnson,Michael Penix Jr.,Nick Folk,1,1,-11.3209,0.5732
Tyler Shough,CJ Donaldson,Chris Olave,Devaughn Vele,Drake London,Kendre Miller,1,1,-10.3107,1.5741
Tyler Shough,Barion Brown,Chris Olave,Devaughn Vele,Drake London,Kyle Pitts Sr.,1,1,-11.489,0.4845
Chris Olave,Alvin Kamara,Drake London,Falcons,Jahan Dotson,Saints,1,1,-10.7778,0.9868
Chris Olave,Austin Hooper,Daniel Carlson,Devaughn Vele,Drake London,Juwan Johnson,1,1,-9.5178,3.4787
Drake London,Alvin Kamara,Chris Olave,Devaughn Vele,Falcons,Saints,1,1,-10.5409,1.2505
Drake London,Brian Robinson Jr.,Bryce Lance,Kyle Pitts Sr.,Michael Penix Jr.,Tyler Shough,1,1,-8.7818,7.262
Devaughn Vele,Bijan Robinson,Falcons,Juwan Johnson,Saints,Tyler Shough,1,1,-10.2841,1.6166
Chris Olave,Bryce Lance,Devaughn Vele,Kyle Pitts Sr.,Nick Folk,Tyler Shough,1,1,-9.1435,5.0577
Alvin Kamara,Chris Olave,Falcons,Juwan Johnson,Saints,Tyler Shough,1,1,-10.2657,1.6466
Drake London,Alvin Kamara,Jahan Dotson,Juwan Johnson,Kendre Miller,Michael Penix Jr.,1,1,-9.9488,2.2606
Drake London,Chris Olave,Daniel Carlson,Jahan Dotson,Michael Penix Jr.,Nick Folk,1,1,-9.1963,4.7977
Drake London,Bijan Robinson,Charlie Woerner,Devaughn Vele,Kendre Miller,Michael Penix Jr.,1,1,-11.6065,0.4308
Drake London,Bijan Robinson,Falcons,Jahan Dotson,Kendre Miller,Michael Penix Jr.,1,1,-9.9769,2.1979
Bijan Robinson,Chris Olave,Falcons,Olamide Zaccheaus,Saints,Tyler Shough,1,1,-9.4487,3.7273
Nick Folk,Alvin Kamara,Daniel Carlson,Drake London,Michael Penix Jr.,Tyler Shough,1,1,-10.756,1.0085
Austin Hooper,Bijan Robinson,Chris Olave,Drake London,Juwan Johnson,Kendre Miller,1,1,-11.1531,0.678
Juwan Johnson,Bijan Robinson,Devaughn Vele,Kendre Miller,Kyle Pitts Sr.,Nick Folk,1,1,-10.6492,1.1221
Devaughn Vele,Chris Olave,Juwan Johnson,Nick Folk,Noah Fant,Tyler Shough,1,1,-12.6627,0.1498
Drake London,Charlie Woerner,Chris Olave,Devaughn Vele,Kyle Pitts Sr.,Tyler Shough,1,1,-10.9157,0.8596
Chris Olave,Alvin Kamara,Falcons,Juwan Johnson,Saints,Tyler Shough,1,1,-9.5808,3.2661
Alvin Kamara,Bijan Robinson,Kyle Pitts Sr.,Olamide Zaccheaus,Saints,Tyler Shough,1,1,-11.1313,0.6929
Falcons,Chris Olave,Devaughn Vele,Drake London,Nick Folk,Tyler Shough,1,1,-10.4498,1.3697
Olamide Zaccheaus,Bijan Robinson,Bryce Lance,Chris Olave,Drake London,Tyler Shough,1,1,-10.6909,1.0763
Tyler Shough,Drake London,Jahan Dotson,Juwan Johnson,Michael Penix Jr.,Nick Folk,1,1,-8.7622,7.4059
Kyle Pitts Sr.,Bijan Robinson,Drake London,Khalil Herbert,Michael Penix Jr.,Tyler Shough,1,1,-13.3648,0.0742
Bijan Robinson,Austin Hooper,Daniel Carlson,Kendre Miller,Michael Penix Jr.,Tyler Shough,1,1,-8.8283,6.9322
Bijan Robinson,Daniel Carlson,Drake London,Kendre Miller,Olamide Zaccheaus,Tyler Shough,1,1,-8.9302,6.2606
Kendre Miller,Bijan Robinson,Chris Olave,Juwan Johnson,Oscar Delp,Tyler Shough,1,1,-9.7817,2.6718
Michael Penix Jr.,Bijan Robinson,Bryce Lance,Daniel Carlson,Drake London,Jahan Dotson,1,1,-9.8147,2.5851
Bryce Lance,Bijan Robinson,Chris Olave,Daniel Carlson,Drake London,Nick Folk,1,1,-10.7415,1.0232
Alvin Kamara,Daniel Carlson,Devaughn Vele,Juwan Johnson,Olamide Zaccheaus,Tyler Shough,1,1,-10.5373,1.255
Juwan Johnson,Chris Olave,Jahan Dotson,Kendre Miller,Michael Penix Jr.,Tyler Shough,1,1,-9.0273,5.6808
Tyler Shough,Bijan Robinson,CJ Donaldson,Charlie Smyth,Drake London,Juwan Johnson,1,1,-13.4787,0.0663
Bijan Robinson,Bryce Lance,Michael Penix Jr.,Nick Folk,Olamide Zaccheaus,Tyler Shough,1,1,-8.5758,8.9231
Kyle Pitts Sr.,Chris Olave,Daniel Carlson,Devaughn Vele,Juwan Johnson,Tyler Shough,1,1,-9.3278,4.2065
Kyle Pitts Sr.,Bijan Robinson,Bryce Lance,Chris Olave,Kendre Miller,Tyler Shough,1,1,-9.1432,5.0592
Michael Penix Jr.,Austin Hooper,Bijan Robinson,Bryce Lance,Devaughn Vele,Drake London,1,1,-10.2803,1.6227
Kyle Pitts Sr.,Bijan Robinson,Devaughn Vele,Falcons,Michael Penix Jr.,Nick Folk,1,1,-10.9227,0.8536
Kendre Miller,Bijan Robinson,Chris Olave,Daniel Carlson,Michael Penix Jr.,Nick Folk,1,1,-10.4642,1.3502
Saints,Alvin Kamara,Bijan Robinson,Kyle Pitts Sr.,Michael Penix Jr.,Tyler Shough,1,1,-10.1911,1.7741
Drake London,Austin Hooper,Bijan Robinson,Juwan Johnson,Tyler Shough,Zachariah Branch,1,1,-9.9912,2.1667
Chris Olave,Austin Hooper,Bijan Robinson,Kendre Miller,Olamide Zaccheaus,Tyler Shough,1,1,-9.6618,3.012
Chris Olave,Chris Blair,Drake London,Juwan Johnson,Nick Folk,Tyler Shough,1,1,-10.4051,1.4324
Zachariah Branch,Bijan Robinson,Chris Olave,Juwan Johnson,Kendre Miller,Michael Penix Jr.,1,1,-12.4872,0.1786
Michael Penix Jr.,Bijan Robinson,Juwan Johnson,Kyle Pitts Sr.,Oscar Delp,Tyler Shough,1,1,-9.5267,3.4477
Michael Penix Jr.,Bijan Robinson,Chris Blair,Juwan Johnson,Kyle Pitts Sr.,Tyler Shough,1,1,-11.477,0.4904
Michael Penix Jr.,Bijan Robinson,Charlie Woerner,Juwan Johnson,Kyle Pitts Sr.,Tyler Shough,1,1,-11.4323,0.5128
Bijan Robinson,Kendre Miller,Kyle Pitts Sr.,Michael Penix Jr.,Olamide Zaccheaus,Tyler Shough,1,1,-9.3529,4.1021
Bijan Robinson,Bryce Lance,Daniel Carlson,Kendre Miller,Michael Penix Jr.,Tyler Shough,1,1,-8.095,14.432
Bijan Robinson,Kendre Miller,Kyle Pitts Sr.,Michael Penix Jr.,Oscar Delp,Tyler Shough,1,1,-9.004,5.8151
Spencer Rattler,Bijan Robinson,Charlie Woerner,Chris Olave,Devaughn Vele,Drake London,1,1,-19.5667,0.0002
Michael Penix Jr.,Bijan Robinson,Chris Olave,Daniel Carlson,Falcons,Kendre Miller,1,1,-10.3036,1.5854
Devaughn Vele,Austin Hooper,Chris Olave,Daniel Carlson,Michael Penix Jr.,Tyler Shough,1,1,-9.5718,3.2958
Drake London,Alvin Kamara,Charlie Woerner,Juwan Johnson,Michael Penix Jr.,Tyler Shough,1,1,-10.4801,1.3289
Chris Olave,Bijan Robinson,Kyle Pitts Sr.,Oscar Delp,Saints,Tyler Shough,1,1,-9.3582,4.0806
Chris Olave,Bijan Robinson,Chris Blair,Kyle Pitts Sr.,Saints,Tyler Shough,1,1,-11.3084,0.5804
Chris Olave,Bijan Robinson,Kevin Austin Jr.,Kyle Pitts Sr.,Saints,Tyler Shough,1,1,-11.1152,0.7042
Devaughn Vele,Chris Olave,Daniel Carlson,Drake London,Oscar Delp,Tyler Shough,1,1,-9.3247,4.2196
Devaughn Vele,Chris Olave,Daniel Carlson,Drake London,Olamide Zaccheaus,Tyler Shough,1,1,-9.6737,2.9765
Drake London,Bijan Robinson,Kyle Pitts Sr.,Nick Folk,Olamide Zaccheaus,Tyler Shough,1,1,-9.3596,4.0749
Drake London,Bijan Robinson,Bryce Lance,Daniel Carlson,Nick Folk,Tyler Shough,1,1,-8.1016,14.3363
Drake London,Alvin Kamara,Chris Olave,Juwan Johnson,Nick Folk,Saints,1,1,-9.774,2.6924
Chris Olave,Bijan Robinson,Daniel Carlson,Drake London,Saints,Zachariah Branch,1,1,-10.7742,0.9903
Juwan Johnson,Alvin Kamara,Chris Olave,Nick Folk,Saints,Tyler Shough,1,1,-9.5918,3.2304
Austin Hooper,Bijan Robinson,Bryce Lance,Chris Olave,Drake London,Michael Penix Jr.,1,1,-10.4895,1.3164
Juwan Johnson,Chris Olave,Devaughn Vele,Drake London,Michael Penix Jr.,Oscar Delp,1,1,-9.2965,4.3403
Drake London,Brian Robinson Jr.,Juwan Johnson,Michael Penix Jr.,Saints,Tyler Shough,1,1,-9.049,5.5591
Bijan Robinson,Austin Hooper,Chris Olave,Drake London,Khalil Herbert,Tua Tagovailoa,1,1,-19.4337,0.0002
Chris Olave,Charlie Woerner,Daniel Carlson,Devaughn Vele,Juwan Johnson,Tyler Shough,1,1,-10.6698,1.0993
Tyler Shough,Bijan Robinson,Drake London,Falcons,Juwan Johnson,Olamide Zaccheaus,1,1,-9.0704,5.4415
Kendre Miller,Bijan Robinson,Devaughn Vele,Falcons,Michael Penix Jr.,Tyler Shough,1,1,-10.7153,1.0504
Drake London,Bijan Robinson,Chris Olave,Falcons,Kendre Miller,Zachariah Branch,1,1,-10.9438,0.8358
Nick Folk,Bijan Robinson,Devaughn Vele,Drake London,Juwan Johnson,Saints,1,1,-11.9341,0.3105
Kendre Miller,Bijan Robinson,Devaughn Vele,Kyle Pitts Sr.,Nick Folk,Tyler Shough,1,1,-11.1232,0.6985
Michael Penix Jr.,Alvin Kamara,Drake London,Juwan Johnson,Kyle Pitts Sr.,Nick Folk,1,1,-10.6757,1.0928
Kyle Pitts Sr.,Alvin Kamara,Daniel Carlson,Devaughn Vele,Drake London,Michael Penix Jr.,1,1,-10.5854,1.196
Bijan Robinson,Bryce Lance,Daniel Carlson,Drake London,Falcons,Michael Penix Jr.,1,1,-8.6402,8.3669
Devaughn Vele,Bryce Lance,Chris Olave,Daniel Carlson,Michael Penix Jr.,Tyler Shough,1,1,-8.8385,6.8615
Charlie Smyth,Bijan Robinson,Brian Robinson Jr.,Michael Penix Jr.,Travis Etienne Jr.,Tyler Shough,1,1,-23.5472,0.0
Drake London,CJ Donaldson,Chris Olave,Devaughn Vele,Kendre Miller,Tyler Shough,1,1,-10.229,1.7082
Tyler Shough,Bijan Robinson,Daniel Carlson,Falcons,Kyle Pitts Sr.,Michael Penix Jr.,1,1,-8.9991,5.8433
Michael Penix Jr.,Austin Hooper,Bijan Robinson,Devaughn Vele,Noah Fant,Tyler Shough,1,1,-13.2888,0.0801
Michael Penix Jr.,Austin Hooper,Bijan Robinson,Devaughn Vele,Olamide Zaccheaus,Tyler Shough,1,1,-10.609,1.1682
Tyler Shough,Alvin Kamara,Devaughn Vele,Juwan Johnson,Nick Folk,Travis Etienne Jr.,1,1,-15.9013,0.0059
Chris Olave,CJ Donaldson,Devaughn Vele,Drake London,Juwan Johnson,Kendre Miller,1,1,-10.9123,0.8625
Juwan Johnson,Austin Hooper,Bijan Robinson,Drake London,Falcons,Tyler Shough,1,1,-9.2111,4.7272
Bryce Lance,Chris Olave,Devaughn Vele,Drake London,Juwan Johnson,Tyler Shough,1,1,-10.2252,1.7147
Michael Penix Jr.,Barion Brown,Bijan Robinson,Drake London,Jahan Dotson,Kyle Pitts Sr.,1,1,-13.1208,0.0948
Kendre Miller,Bijan Robinson,Chris Olave,Drake London,Kevin Austin Jr.,Michael Penix Jr.,1,1,-12.057,0.2746
Juwan Johnson,Bijan Robinson,Daniel Carlson,Devaughn Vele,Falcons,Nick Folk,1,1,-10.2651,1.6476
Chris Olave,Daniel Carlson,Devaughn Vele,Falcons,Kyle Pitts Sr.,Tyler Shough,1,1,-9.5365,3.4141
Tyler Shough,Bijan Robinson,Drake London,Michael Penix Jr.,Oscar Delp,Zachariah Branch,1,1,-9.8377,2.5263
Drake London,Bijan Robinson,Charlie Woerner,Juwan Johnson,Kyle Pitts Sr.,Michael Penix Jr.,1,1,-10.98,0.8061
Drake London,Bijan Robinson,Chris Blair,Juwan Johnson,Kyle Pitts Sr.,Michael Penix Jr.,1,1,-11.0246,0.7709
Tyler Shough,Bijan Robinson,Bryce Lance,Chris Olave,Daniel Carlson,Olamide Zaccheaus,1,1,-8.4146,10.4842
Tyler Shough,Bijan Robinson,Bryce Lance,Chris Olave,Daniel Carlson,Noah Fant,1,1,-11.0944,0.719
Michael Penix Jr.,Austin Hooper,Bijan Robinson,Chris Olave,Kendre Miller,Kyle Pitts Sr.,1,1,-10.7945,0.9704
Michael Penix Jr.,Alvin Kamara,Daniel Carlson,Devaughn Vele,Juwan Johnson,Kyle Pitts Sr.,1,1,-10.9851,0.802
Chris Olave,Jahan Dotson,Juwan Johnson,Michael Penix Jr.,Saints,Tyler Shough,1,1,-9.028,5.677
Juwan Johnson,Bijan Robinson,Chris Olave,Kyle Pitts Sr.,Nick Folk,Saints,1,1,-10.0917,1.9596
Chris Olave,Barion Brown,Drake London,Juwan Johnson,Nick Folk,Tyler Shough,1,1,-10.852,0.9162
Drake London,Alvin Kamara,Austin Hooper,Chris Olave,Kendre Miller,Michael Penix Jr.,1,1,-9.8423,2.5147
Nick Folk,Chris Olave,Devaughn Vele,Drake London,Falcons,Michael Penix Jr.,1,1,-11.6482,0.4132
Tyler Shough,Austin Hooper,Bijan Robinson,Daniel Carlson,Drake London,Kyle Pitts Sr.,1,1,-9.0673,5.4585
Drake London,Bijan Robinson,Devaughn Vele,Juwan Johnson,Kendre Miller,Olamide Zaccheaus,1,1,-10.0869,1.969
Drake London,Austin Hooper,Bijan Robinson,Bryce Lance,Chris Olave,Daniel Carlson,1,1,-8.7375,7.591
Kendre Miller,Bijan Robinson,Devaughn Vele,Juwan Johnson,Kyle Pitts Sr.,Michael Penix Jr.,1,1,-11.187,0.6554
Chris Olave,CJ Donaldson,Daniel Carlson,Juwan Johnson,Michael Penix Jr.,Tyler Shough,1,1,-9.3195,4.2417
Nick Folk,Alvin Kamara,Daniel Carlson,Drake London,Juwan Johnson,Tyler Shough,1,1,-10.7931,0.9718
Drake London,Bijan Robinson,CJ Donaldson,Charlie Smyth,Juwan Johnson,Tyler Shough,1,1,-13.397,0.0719
Drake London,Bijan Robinson,Daniel Carlson,Jahan Dotson,Michael Penix Jr.,Oscar Delp,1,1,-9.342,4.1472
Falcons,Bijan Robinson,Daniel Carlson,Devaughn Vele,Juwan Johnson,Michael Penix Jr.,1,1,-10.8235,0.9427
Michael Penix Jr.,Alvin Kamara,Daniel Carlson,Juwan Johnson,Nick Folk,Tyler Shough,1,1,-9.7464,2.7678
Bijan Robinson,Charlie Smyth,Daniel Carlson,Falcons,Michael Penix Jr.,Tyler Shough,1,1,-12.4193,0.1911
Bryce Lance,Bijan Robinson,Drake London,Juwan Johnson,Nick Folk,Tyler Shough,1,1,-10.2257,1.7139
Kendre Miller,Bijan Robinson,Bryce Lance,Devaughn Vele,Drake London,Tyler Shough,1,1,-10.0501,2.0428
Michael Penix Jr.,Bijan Robinson,Bryce Lance,Chris Olave,Kendre Miller,Kyle Pitts Sr.,1,1,-10.0612,2.0202
Michael Penix Jr.,Bijan Robinson,Devaughn Vele,Drake London,Kendre Miller,Kevin Austin Jr.,1,1,-12.4656,0.1825
Michael Penix Jr.,Bijan Robinson,Devaughn Vele,Drake London,Kendre Miller,Oscar Delp,1,1,-10.7086,1.0574
Bijan Robinson,Austin Hooper,Bryce Lance,Drake London,Kyle Pitts Sr.,Michael Penix Jr.,1,1,-9.1311,5.1211
Chris Olave,Alvin Kamara,Daniel Carlson,Nick Folk,Saints,Tyler Shough,1,1,-9.5779,3.2759
Michael Penix Jr.,Bijan Robinson,CJ Donaldson,Drake London,Olamide Zaccheaus,Tyler Shough,1,1,-10.9172,0.8583
Michael Penix Jr.,Bijan Robinson,Falcons,Juwan Johnson,Tyler Shough,Zachariah Branch,1,1,-10.9308,0.8467
Olamide Zaccheaus,Alvin Kamara,Chris Olave,Drake London,Juwan Johnson,Michael Penix Jr.,1,1,-11.8833,0.3267
Tyler Shough,Bijan Robinson,Bryce Lance,Daniel Carlson,Drake London,Kyle Pitts Sr.,1,1,-8.334,11.3638
Saints,Alvin Kamara,Bijan Robinson,Chris Olave,Falcons,Nick Folk,1,1,-11.1369,0.6891
Drake London,Bijan Robinson,Bryce Lance,Chris Olave,Kyle Pitts Sr.,Noah Fant,1,1,-11.942,0.308
Drake London,Bijan Robinson,Bryce Lance,Charlie Smyth,Chris Olave,Kyle Pitts Sr.,1,1,-12.7127,0.1425
Falcons,Bijan Robinson,Chris Olave,Drake London,Kyle Pitts Sr.,Zachariah Branch,1,1,-12.2731,0.2212
Drake London,Chris Olave,Daniel Carlson,Devaughn Vele,Kyle Pitts Sr.,Nick Folk,1,1,-9.7297,2.8144
Nick Folk,Bijan Robinson,Falcons,Kyle Pitts Sr.,Michael Penix Jr.,Tyler Shough,1,1,-11.244,0.6191
Juwan Johnson,Alvin Kamara,Devaughn Vele,Drake London,Kendre Miller,Nick Folk,1,1,-10.7048,1.0615
Drake London,Devaughn Vele,Falcons,Jahan Dotson,Juwan Johnson,Tyler Shough,1,1,-9.4844,3.5967
Tyler Shough,Chris Olave,Daniel Carlson,Devaughn Vele,Drake London,Kevin Austin Jr.,1,1,-10.4749,1.3357
Tyler Shough,Charlie Woerner,Chris Olave,Daniel Carlson,Devaughn Vele,Drake London,1,1,-10.6235,1.1513
Bijan Robinson,Chris Olave,Kendre Miller,Olamide Zaccheaus,Saints,Tyler Shough,1,1,-9.459,3.6894
Kyle Pitts Sr.,Bijan Robinson,Devaughn Vele,Juwan Johnson,Saints,Tyler Shough,1,1,-10.1201,1.9048
Bijan Robinson,Austin Hooper,Daniel Carlson,Drake London,Noah Fant,Tyler Shough,1,1,-11.7167,0.3859
Bijan Robinson,Chris Blair,Chris Olave,Kendre Miller,Saints,Tyler Shough,1,1,-11.0603,0.7439
Juwan Johnson,Bryce Lance,Chris Olave,Devaughn Vele,Nick Folk,Tyler Shough,1,1,-8.7836,7.2489
Michael Penix Jr.,Alvin Kamara,Devaughn Vele,Drake London,Kendre Miller,Kyle Pitts Sr.,1,1,-11.4529,0.5024
Kyle Pitts Sr.,Alvin Kamara,Chris Olave,Juwan Johnson,Kendre Miller,Michael Penix Jr.,1,1,-10.3356,1.5354
Kyle Pitts Sr.,Bijan Robinson,Drake London,Juwan Johnson,Michael Penix Jr.,Zachariah Branch,1,1,-11.0029,0.7878
Kyle Pitts Sr.,Bijan Robinson,Chris Olave,Falcons,Kendre Miller,Michael Penix Jr.,1,1,-10.3638,1.4928
Chris Olave,CJ Donaldson,Drake London,Michael Penix Jr.,Tyler Shough,Zachariah Branch,1,1,-10.9304,0.8471
Drake London,Bijan Robinson,Falcons,Juwan Johnson,Oscar Delp,Tyler Shough,1,1,-8.6397,8.3707
Saints,Alvin Kamara,Austin Hooper,Brian Robinson Jr.,Chris Olave,Tyler Shough,1,1,-10.9558,0.8258
Chris Olave,Brian Robinson Jr.,Juwan Johnson,Saints,Travis Etienne Jr.,Tyler Shough,1,1,-15.6857,0.0073
Tyler Shough,Barion Brown,Bijan Robinson,Drake London,Michael Penix Jr.,Zachariah Branch,1,1,-12.2349,0.2298
Tyler Shough,Alvin Kamara,Drake London,Jahan Dotson,Michael Penix Jr.,Saints,1,1,-9.7211,2.8388
Devaughn Vele,Bijan Robinson,CJ Donaldson,Kendre Miller,Kyle Pitts Sr.,Michael Penix Jr.,1,1,-12.2055,0.2367
Drake London,Bijan Robinson,Bryce Lance,Devaughn Vele,Michael Penix Jr.,Noah Fant,1,1,-12.1032,0.2622
Devaughn Vele,Bijan Robinson,Daniel Carlson,Juwan Johnson,Michael Penix Jr.,Saints,1,1,-10.3449,1.5213
Drake London,Bijan Robinson,Bryce Lance,Devaughn Vele,Michael Penix Jr.,Olamide Zaccheaus,1,1,-9.4234,3.8231
Drake London,Bijan Robinson,CJ Donaldson,Juwan Johnson,Kendre Miller,Michael Penix Jr.,1,1,-10.2933,1.6019
Chris Olave,Austin Hooper,Bijan Robinson,Juwan Johnson,Nick Folk,Saints,1,1,-10.0471,2.0491
Michael Penix Jr.,Bijan Robinson,Daniel Carlson,Juwan Johnson,Kyle Pitts Sr.,Nick Folk,1,1,-10.2463,1.679
Michael Penix Jr.,Alvin Kamara,Bijan Robinson,Juwan Johnson,Kendre Miller,Saints,1,1,-11.0677,0.7384
Michael Penix Jr.,Bryce Lance,Chris Olave,Devaughn Vele,Drake London,Nick Folk,1,1,-9.9364,2.2888
Bijan Robinson,Daniel Carlson,Juwan Johnson,Kyle Pitts Sr.,Michael Penix Jr.,Noah Fant,1,1,-12.1203,0.2577
Bijan Robinson,Daniel Carlson,Kendre Miller,Kyle Pitts Sr.,Michael Penix Jr.,Nick Folk,1,1,-9.7235,2.8318
Olamide Zaccheaus,Bijan Robinson,Bryce Lance,Chris Olave,Jahan Dotson,Tyler Shough,1,1,-11.4183,0.52
Saints,Alvin Kamara,Bijan Robinson,Daniel Carlson,Jahan Dotson,Tyler Shough,1,1,-10.4958,1.3082
Devaughn Vele,Bijan Robinson,Drake London,Oscar Delp,Saints,Tyler Shough,1,1,-10.117,1.9107
Chris Olave,Bijan Robinson,Daniel Carlson,Falcons,Michael Penix Jr.,Saints,1,1,-9.6697,2.9883
Michael Penix Jr.,Bijan Robinson,Drake London,Falcons,Kevin Austin Jr.,Tyler Shough,1,1,-11.3674,0.5472
Chris Olave,Alvin Kamara,Daniel Carlson,Juwan Johnson,Michael Penix Jr.,Saints,1,1,-9.6416,3.0735
Bijan Robinson,Bryce Lance,Daniel Carlson,Drake London,Oscar Delp,Tyler Shough,1,1,-7.9547,16.6057
Bijan Robinson,Bryce Lance,Drake London,Nick Folk,Saints,Tyler Shough,1,1,-8.6013,8.6987
Bijan Robinson,Austin Hooper,Charlie Smyth,Drake London,Michael Penix Jr.,Nick Folk,1,1,-13.315,0.078
Drake London,Bijan Robinson,Michael Penix Jr.,Treyton Welch,Tyler Shough,Zachariah Branch,1,1,-12.0058,0.289
Jahan Dotson,Drake London,Juwan Johnson,Michael Penix Jr.,Nick Folk,Tyler Shough,1,1,-10.8788,0.8919
Nick Folk,Chris Olave,Devaughn Vele,Juwan Johnson,Kendre Miller,Tyler Shough,1,1,-11.1401,0.6868
Noah Fant,Bijan Robinson,Chris Olave,Daniel Carlson,Nick Folk,Tyler Shough,1,1,-12.4887,0.1783
Chris Olave,Barion Brown,Devaughn Vele,Drake London,Kendre Miller,Tyler Shough,1,1,-11.6291,0.4212
CJ Donaldson,Chris Olave,Drake London,Juwan Johnson,Michael Penix Jr.,Tyler Shough,1,1,-11.592,0.4371
Michael Penix Jr.,Alvin Kamara,Devaughn Vele,Falcons,Juwan Johnson,Nick Folk,1,1,-11.3779,0.5415
Kendre Miller,Austin Hooper,Bijan Robinson,Chris Olave,Juwan Johnson,Michael Penix Jr.,1,1,-10.5842,1.1975
Devaughn Vele,Alvin Kamara,Drake London,Kyle Pitts Sr.,Saints,Tyler Shough,1,1,-10.8612,0.9078
Drake London,Austin Hooper,Bijan Robinson,Daniel Carlson,Kyle Pitts Sr.,Tyler Shough,1,1,-8.9856,5.9232
Michael Penix Jr.,Alvin Kamara,Drake London,Falcons,Kyle Pitts Sr.,Tyler Shough,1,1,-10.3546,1.5066
Michael Penix Jr.,Bijan Robinson,Bryce Lance,Kyle Pitts Sr.,Nick Folk,Tyler Shough,1,1,-9.5322,3.429
Tyler Shough,Austin Hooper,Chris Olave,Drake London,Jahan Dotson,Kyle Pitts Sr.,1,1,-9.4849,3.5951
Drake London,Bijan Robinson,Chris Olave,Juwan Johnson,Oscar Delp,Saints,1,1,-9.1804,4.8745
Drake London,Bijan Robinson,Chris Olave,Juwan Johnson,Kevin Austin Jr.,Saints,1,1,-10.9374,0.8412
Juwan Johnson,Bijan Robinson,Chris Olave,Oscar Delp,Saints,Tyler Shough,1,1,-8.9982,5.8485
Michael Penix Jr.,Devaughn Vele,Drake London,Jahan Dotson,Juwan Johnson,Kyle Pitts Sr.,1,1,-10.9269,0.8501
Bijan Robinson,Charlie Smyth,Drake London,Kyle Pitts Sr.,Michael Penix Jr.,Zachariah Branch,1,1,-14.5019,0.0238
Drake London,Alvin Kamara,Bryce Lance,Michael Penix Jr.,Nick Folk,Tyler Shough,1,1,-8.5799,8.8861
Chris Olave,Alvin Kamara,Bryce Lance,Michael Penix Jr.,Saints,Tyler Shough,1,1,-8.9275,6.2772
Bijan Robinson,Charlie Smyth,Devaughn Vele,Drake London,Nick Folk,Saints,1,1,-14.0238,0.0384
Bijan Robinson,Devaughn Vele,Falcons,Juwan Johnson,Kyle Pitts Sr.,Saints,1,1,-10.5421,1.2489
Chris Olave,Charlie Woerner,Drake London,Juwan Johnson,Kyle Pitts Sr.,Tyler Shough,1,1,-10.511,1.2884
Drake London,Austin Hooper,Bijan Robinson,Bryce Lance,Juwan Johnson,Tyler Shough,1,1,-8.2216,12.7155
Tyler Shough,Bijan Robinson,Bryce Lance,Daniel Carlson,Michael Penix Jr.,Nick Folk,1,1,-8.2322,12.5812
Tyler Shough,Bijan Robinson,Drake London,Juwan Johnson,Kendre Miller,Treyton Welch,1,1,-10.9815,0.8049
Tyler Shough,Bijan Robinson,Drake London,Juwan Johnson,Kendre Miller,Kevin Austin Jr.,1,1,-10.4886,1.3176
Tyler Shough,Barion Brown,Chris Olave,Daniel Carlson,Devaughn Vele,Drake London,1,1,-11.1151,0.7042
Drake London,Austin Hooper,Bijan Robinson,Chris Olave,Falcons,Kendre Miller,1,1,-9.9075,2.356
Bijan Robinson,Barion Brown,Chris Olave,Kendre Miller,Saints,Tyler Shough,1,1,-11.5072,0.4758
Austin Hooper,Bijan Robinson,Chris Olave,Juwan Johnson,Noah Fant,Tyler Shough,1,1,-13.535,0.0626
Kyle Pitts Sr.,Austin Hooper,Chris Olave,Devaughn Vele,Drake London,Tyler Shough,1,1,-9.9024,2.3681
Austin Hooper,Bijan Robinson,Chris Olave,Juwan Johnson,Tua Tagovailoa,Tyler Shough,1,1,-16.3534,0.0037
Juwan Johnson,Austin Hooper,Bijan Robinson,Drake London,Tyler Shough,Zachariah Branch,1,1,-10.3644,1.4918
Bijan Robinson,Jahan Dotson,Juwan Johnson,Kendre Miller,Michael Penix Jr.,Saints,1,1,-10.019,2.1074
Kendre Miller,Bijan Robinson,Chris Olave,Drake London,Falcons,Kyle Pitts Sr.,1,1,-11.1094,0.7082
Falcons,Bijan Robinson,Chris Olave,Kendre Miller,Michael Penix Jr.,Nick Folk,1,1,-11.0283,0.7681
Tyler Shough,Alvin Kamara,Chris Olave,Drake London,Saints,Zachariah Branch,1,1,-10.6879,1.0795
Juwan Johnson,Alvin Kamara,Drake London,Kevin Austin Jr.,Michael Penix Jr.,Tyler Shough,1,1,-10.7047,1.0615
Drake London,Alvin Kamara,Chris Olave,Daniel Carlson,Kendre Miller,Kyle Pitts Sr.,1,1,-9.91,2.35
Juwan Johnson,Alvin Kamara,Chris Olave,Kyle Pitts Sr.,Saints,Tyler Shough,1,1,-9.7425,2.7786
Michael Penix Jr.,Bijan Robinson,Charlie Smyth,Devaughn Vele,Kyle Pitts Sr.,Nick Folk,1,1,-14.9547,0.0151
Michael Penix Jr.,Alvin Kamara,Daniel Carlson,Devaughn Vele,Drake London,Falcons,1,1,-11.0687,0.7377
Olamide Zaccheaus,Austin Hooper,Bijan Robinson,Chris Olave,Michael Penix Jr.,Tyler Shough,1,1,-11.473,0.4923
Drake London,Chris Olave,Daniel Carlson,Devaughn Vele,Kevin Austin Jr.,Tyler Shough,1,1,-10.3932,1.4495
Noah Fant,Bijan Robinson,Chris Olave,Drake London,Oscar Delp,Tyler Shough,1,1,-12.3246,0.2101
Devaughn Vele,Bryce Lance,Chris Olave,Drake London,Kendre Miller,Tyler Shough,1,1,-9.3433,4.1416
Tyler Shough,Austin Hooper,Bijan Robinson,Drake London,Kevin Austin Jr.,Michael Penix Jr.,1,1,-10.5583,1.2289
Michael Penix Jr.,Barion Brown,Bijan Robinson,Drake London,Falcons,Tyler Shough,1,1,-12.0075,0.2885
Drake London,Alvin Kamara,Bryce Lance,Chris Olave,Juwan Johnson,Kendre Miller,1,1,-9.1461,5.0449
Juwan Johnson,Chris Olave,Daniel Carlson,Devaughn Vele,Falcons,Tyler Shough,1,1,-9.1766,4.8932
Michael Penix Jr.,Bijan Robinson,Daniel Carlson,Devaughn Vele,Kendre Miller,Kyle Pitts Sr.,1,1,-11.0234,0.7718
Juwan Johnson,Austin Hooper,Bijan Robinson,Daniel Carlson,Drake London,Michael Penix Jr.,1,1,-9.2719,4.4484
Bijan Robinson,Devaughn Vele,Kendre Miller,Kyle Pitts Sr.,Michael Penix Jr.,Saints,1,1,-10.5153,1.2829
Kendre Miller,Alvin Kamara,Devaughn Vele,Drake London,Juwan Johnson,Michael Penix Jr.,1,1,-11.2425,0.62
Kyle Pitts Sr.,Bijan Robinson,Daniel Carlson,Drake London,Juwan Johnson,Nick Folk,1,1,-9.8837,2.4127
Drake London,Austin Hooper,Chris Olave,Devaughn Vele,Falcons,Tyler Shough,1,1,-9.3779,4.0009
Nick Folk,Bijan Robinson,Chris Olave,Falcons,Saints,Tyler Shough,1,1,-11.35,0.5568
Chris Olave,Austin Hooper,Devaughn Vele,Drake London,Olamide Zaccheaus,Tyler Shough,1,1,-9.6877,2.9351
Noah Fant,Alvin Kamara,Bijan Robinson,Drake London,Kendre Miller,Michael Penix Jr.,1,1,-13.7595,0.05
Daniel Carlson,Bijan Robinson,Drake London,Kyle Pitts Sr.,Michael Penix Jr.,Nick Folk,1,1,-11.4002,0.5296
Tyler Shough,Austin Hooper,Bijan Robinson,Bryce Lance,Chris Olave,Kendre Miller,1,1,-8.8175,7.0071
Juwan Johnson,Alvin Kamara,Devaughn Vele,Michael Penix Jr.,Saints,Tyler Shough,1,1,-9.9037,2.3649
Bijan Robinson,Kevin Austin Jr.,Michael Penix Jr.,Nick Folk,Olamide Zaccheaus,Tyler Shough,1,1,-10.8679,0.9017
Drake London,Bijan Robinson,Devaughn Vele,Kyle Pitts Sr.,Nick Folk,Saints,1,1,-10.522,1.2744
Michael Penix Jr.,Austin Hooper,Bijan Robinson,Devaughn Vele,Drake London,Olamide Zaccheaus,1,1,-11.1644,0.6704
Michael Penix Jr.,Alvin Kamara,Bryce Lance,Chris Olave,Drake London,Kendre Miller,1,1,-10.1167,1.9111
Tyler Shough,Bijan Robinson,Bryce Lance,Drake London,Michael Penix Jr.,Treyton Welch,1,1,-10.3179,1.5628
Tyler Shough,Bijan Robinson,Bryce Lance,Drake London,Michael Penix Jr.,Oscar Delp,1,1,-8.0681,14.8255
Tyler Shough,Chris Olave,Devaughn Vele,Falcons,Michael Penix Jr.,Zachariah Branch,1,1,-10.5448,1.2456
Drake London,Chris Olave,Daniel Carlson,Devaughn Vele,Michael Penix Jr.,Zachariah Branch,1,1,-10.475,1.3356
Drake London,Chris Olave,Devaughn Vele,Michael Penix Jr.,Nick Folk,Oscar Delp,1,1,-9.4638,3.6717
Tyler Shough,Bijan Robinson,Bryce Lance,Chris Olave,Kyle Pitts Sr.,Saints,1,1,-8.8628,6.6967
Kyle Pitts Sr.,Bijan Robinson,Chris Olave,Michael Penix Jr.,Nick Folk,Saints,1,1,-10.3754,1.4755
Juwan Johnson,Bijan Robinson,Charlie Woerner,Drake London,Kyle Pitts Sr.,Michael Penix Jr.,1,1,-11.3532,0.555
Juwan Johnson,Bijan Robinson,Drake London,Kyle Pitts Sr.,Michael Penix Jr.,Olamide Zaccheaus,1,1,-9.7966,2.6323
Bijan Robinson,Charlie Smyth,Chris Olave,Daniel Carlson,Juwan Johnson,Saints,1,1,-12.9971,0.1072
Chris Olave,Bryce Lance,Devaughn Vele,Drake London,Noah Fant,Tyler Shough,1,1,-11.6342,0.419
Alvin Kamara,Austin Hooper,Chris Olave,Juwan Johnson,Saints,Tyler Shough,1,1,-10.3827,1.4648
Michael Penix Jr.,Austin Hooper,Bijan Robinson,Falcons,Juwan Johnson,Tyler Shough,1,1,-9.8945,2.3868
Juwan Johnson,Drake London,Jahan Dotson,Michael Penix Jr.,Nick Folk,Tyler Shough,1,1,-9.0537,5.5332
Tyler Shough,Chris Olave,Devaughn Vele,Juwan Johnson,Kyle Pitts Sr.,Olamide Zaccheaus,1,1,-9.5268,3.4476
Tyler Shough,Chris Olave,Devaughn Vele,Kendre Miller,Kyle Pitts Sr.,Nick Folk,1,1,-9.8097,2.5979
Drake London,Bijan Robinson,Daniel Carlson,Falcons,Juwan Johnson,Nick Folk,1,1,-9.3592,4.0764
Bijan Robinson,Austin Hooper,Charlie Smyth,Chris Olave,Saints,Tyler Shough,1,1,-13.0162,0.1052
Michael Penix Jr.,Bijan Robinson,CJ Donaldson,Drake London,Juwan Johnson,Kendre Miller,1,1,-11.301,0.5848
Chris Olave,Daniel Carlson,Juwan Johnson,Michael Penix Jr.,Tyler Shough,Zachariah Branch,1,1,-9.5149,3.4886
Kendre Miller,Alvin Kamara,Bijan Robinson,Chris Olave,Daniel Carlson,Saints,1,1,-11.4601,0.4987
Chris Olave,Bijan Robinson,Charlie Smyth,Kendre Miller,Olamide Zaccheaus,Tyler Shough,1,1,-13.2631,0.0822
Chris Olave,Alvin Kamara,Austin Hooper,Juwan Johnson,Saints,Tyler Shough,1,1,-9.6978,2.9055
Devaughn Vele,Bijan Robinson,Daniel Carlson,Kyle Pitts Sr.,Saints,Tyler Shough,1,1,-10.4318,1.3947
Alvin Kamara,Chris Olave,Daniel Carlson,Kyle Pitts Sr.,Saints,Tyler Shough,1,1,-10.4134,1.4205
Michael Penix Jr.,Alvin Kamara,Chris Olave,Daniel Carlson,Saints,Tyler Shough,1,1,-9.966,2.222
Tyler Shough,Chris Olave,Daniel Carlson,Drake London,Jahan Dotson,Kendre Miller,1,1,-9.0042,5.8138
Tyler Shough,Alvin Kamara,Devaughn Vele,Drake London,Kyle Pitts Sr.,Saints,1,1,-10.2545,1.6653
Drake London,Bijan Robinson,Bryce Lance,Devaughn Vele,Falcons,Kyle Pitts Sr.,1,1,-9.8838,2.4124
Michael Penix Jr.,Chris Olave,Daniel Carlson,Drake London,Jahan Dotson,Kyle Pitts Sr.,1,1,-10.3547,1.5065
Bijan Robinson,Charlie Smyth,Daniel Carlson,Drake London,Falcons,Michael Penix Jr.,1,1,-12.9747,0.1097
Bijan Robinson,Daniel Carlson,Drake London,Falcons,Michael Penix Jr.,Noah Fant,1,1,-12.204,0.237
Devaughn Vele,Juwan Johnson,Kyle Pitts Sr.,Michael Penix Jr.,Nick Folk,Tyler Shough,1,1,-9.9512,2.2552
Chris Olave,Austin Hooper,CJ Donaldson,Drake London,Michael Penix Jr.,Tyler Shough,1,1,-9.894,2.3879
Drake London,Bijan Robinson,Chris Blair,Juwan Johnson,Kendre Miller,Tyler Shough,1,1,-10.6002,1.1785
Noah Fant,Barion Brown,Bijan Robinson,Chris Olave,Drake London,Tyler Shough,1,1,-14.7217,0.0191
Tyler Shough,Alvin Kamara,CJ Donaldson,Devaughn Vele,Juwan Johnson,Zachariah Branch,1,1,-12.279,0.2199
Tyler Shough,CJ Donaldson,Chris Olave,Daniel Carlson,Drake London,Juwan Johnson,1,1,-9.3103,4.2808
Bijan Robinson,Bryce Lance,Chris Olave,Noah Fant,Saints,Tyler Shough,1,1,-11.5123,0.4734
Bijan Robinson,Drake London,Falcons,Kendre Miller,Michael Penix Jr.,Zachariah Branch,1,1,-10.9635,0.8195
Falcons,Bijan Robinson,Daniel Carlson,Juwan Johnson,Michael Penix Jr.,Tyler Shough,1,1,-9.7354,2.7983
Oscar Delp,Chris Olave,Devaughn Vele,Drake London,Michael Penix Jr.,Tyler Shough,1,1,-11.2178,0.6355
Bijan Robinson,Daniel Carlson,Drake London,Juwan Johnson,Kyle Pitts Sr.,Saints,1,1,-9.466,3.6635
Daniel Carlson,Alvin Kamara,Drake London,Juwan Johnson,Nick Folk,Tyler Shough,1,1,-10.9373,0.8412
Tyler Shough,Bijan Robinson,Falcons,Kendre Miller,Michael Penix Jr.,Nick Folk,1,1,-9.4022,3.9048
Michael Penix Jr.,CJ Donaldson,Devaughn Vele,Drake London,Juwan Johnson,Tyler Shough,1,1,-10.7714,0.993
Chris Olave,Bryce Lance,Devaughn Vele,Drake London,Kendre Miller,Michael Penix Jr.,1,1,-9.3012,4.3201
Drake London,Bijan Robinson,Daniel Carlson,Juwan Johnson,Michael Penix Jr.,Oscar Delp,1,1,-8.7005,7.8771
Drake London,Bijan Robinson,Chris Blair,Daniel Carlson,Juwan Johnson,Michael Penix Jr.,1,1,-10.6507,1.1204
Kyle Pitts Sr.,Chris Olave,Devaughn Vele,Michael Penix Jr.,Tyler Shough,Zachariah Branch,1,1,-10.9876,0.8
Tyler Shough,Bijan Robinson,Chris Olave,Daniel Carlson,Saints,Zachariah Branch,1,1,-10.2585,1.6585
Juwan Johnson,Bijan Robinson,Daniel Carlson,Michael Penix Jr.,Oscar Delp,Tyler Shough,1,1,-8.5183,9.451
Bijan Robinson,Barion Brown,Michael Penix Jr.,Nick Folk,Olamide Zaccheaus,Tyler Shough,1,1,-11.508,0.4754
Tyler Shough,Bijan Robinson,Bryce Lance,Daniel Carlson,Juwan Johnson,Nick Folk,1,1,-8.2693,12.1236
Michael Penix Jr.,Austin Hooper,Bijan Robinson,Chris Olave,Daniel Carlson,Kendre Miller,1,1,-10.4206,1.4104
Drake London,Austin Hooper,Bijan Robinson,Kevin Austin Jr.,Michael Penix Jr.,Tyler Shough,1,1,-10.4766,1.3335
Kyle Pitts Sr.,Bijan Robinson,Devaughn Vele,Drake London,Juwan Johnson,Saints,1,1,-10.6755,1.093
Drake London,Alvin Kamara,Juwan Johnson,Kendre Miller,Kyle Pitts Sr.,Tyler Shough,1,1,-9.3941,3.9365
Chris Olave,CJ Donaldson,Devaughn Vele,Drake London,Saints,Tyler Shough,1,1,-10.6029,1.1753
Tyler Shough,Chris Olave,Juwan Johnson,Michael Penix Jr.,Nick Folk,Zachariah Branch,1,1,-9.7779,2.6819
Tyler Shough,CJ Donaldson,Chris Olave,Juwan Johnson,Kyle Pitts Sr.,Michael Penix Jr.,1,1,-9.7331,2.8048
Tyler Shough,Barion Brown,Bijan Robinson,Devaughn Vele,Drake London,Saints,1,1,-11.9074,0.3189
Juwan Johnson,Bijan Robinson,Kendre Miller,Michael Penix Jr.,Tyler Shough,Zachariah Branch,1,1,-10.3066,1.5807
Drake London,Austin Hooper,Bijan Robinson,Charlie Smyth,Chris Olave,Daniel Carlson,1,1,-13.072,0.0995
Devaughn Vele,Alvin Kamara,Drake London,Juwan Johnson,Kyle Pitts Sr.,Tua Tagovailoa,1,1,-16.9264,0.0021
Juwan Johnson,Bijan Robinson,Drake London,Falcons,Olamide Zaccheaus,Tyler Shough,1,1,-9.3619,4.0655
Drake London,Bryce Lance,Devaughn Vele,Jahan Dotson,Michael Penix Jr.,Tyler Shough,1,1,-8.8311,6.9125
Chris Olave,Barion Brown,Bijan Robinson,Daniel Carlson,Saints,Tyler Shough,1,1,-11.3815,0.5395
Tyler Shough,Austin Hooper,Bijan Robinson,Drake London,Juwan Johnson,Olamide Zaccheaus,1,1,-9.1874,4.8407
Tyler Shough,Barion Brown,Chris Olave,Devaughn Vele,Juwan Johnson,Kyle Pitts Sr.,1,1,-11.575,0.4446
Devaughn Vele,Austin Hooper,Bijan Robinson,Bryce Lance,Chris Olave,Olamide Zaccheaus,1,1,-10.7698,0.9946
Michael Penix Jr.,Bijan Robinson,Bryce Lance,Chris Olave,Juwan Johnson,Saints,1,1,-9.702,2.8935
Michael Penix Jr.,Bijan Robinson,Chris Olave,Kendre Miller,Kyle Pitts Sr.,Olamide Zaccheaus,1,1,-10.9453,0.8346
Chris Olave,Devaughn Vele,Michael Penix Jr.,Noah Fant,Tyler Shough,Zachariah Branch,1,1,-13.4527,0.068
Olamide Zaccheaus,Bijan Robinson,Drake London,Michael Penix Jr.,Nick Folk,Tyler Shough,1,1,-11.3926,0.5336
Drake London,Bijan Robinson,Bryce Lance,Kevin Austin Jr.,Michael Penix Jr.,Tyler Shough,1,1,-9.7434,2.7762
Drake London,Bijan Robinson,Bryce Lance,Chris Blair,Michael Penix Jr.,Tyler Shough,1,1,-9.9366,2.2883
Daniel Carlson,Bijan Robinson,Chris Olave,Kyle Pitts Sr.,Saints,Tyler Shough,1,1,-11.1014,0.7139
Drake London,Bijan Robinson,Chris Blair,Devaughn Vele,Saints,Tyler Shough,1,1,-11.3788,0.541
Drake London,Alvin Kamara,Charlie Woerner,Chris Olave,Kendre Miller,Michael Penix Jr.,1,1,-11.5497,0.456
Drake London,Bijan Robinson,Bryce Lance,Chris Olave,Nick Folk,Saints,1,1,-9.1859,4.8481
Chris Olave,Bryce Lance,Drake London,Kyle Pitts Sr.,Nick Folk,Tyler Shough,1,1,-8.6109,8.6154
Tyler Shough,Austin Hooper,Bijan Robinson,Bryce Lance,Juwan Johnson,Michael Penix Jr.,1,1,-8.3522,11.1588
Drake London,Brian Robinson Jr.,Juwan Johnson,Kendre Miller,Kyle Pitts Sr.,Michael Penix Jr.,1,1,-10.0496,2.0438
Bryce Lance,Bijan Robinson,Juwan Johnson,Michael Penix Jr.,Nick Folk,Tyler Shough,1,1,-10.2745,1.6321
Tyler Shough,Bijan Robinson,Bryce Lance,Drake London,Juwan Johnson,Kevin Austin Jr.,1,1,-9.8621,2.4653
Tyler Shough,Bijan Robinson,Drake London,Kendre Miller,Kyle Pitts Sr.,Zachariah Branch,1,1,-10.6573,1.1131
Kyle Pitts Sr.,Bijan Robinson,Juwan Johnson,Michael Penix Jr.,Olamide Zaccheaus,Tyler Shough,1,1,-9.562,3.3283
Austin Hooper,Bijan Robinson,Daniel Carlson,Drake London,Michael Penix Jr.,Tyler Shough,1,1,-10.3637,1.4929
Juwan Johnson,Austin Hooper,Bijan Robinson,Chris Olave,Michael Penix Jr.,Saints,1,1,-9.8007,2.6214
Daniel Carlson,Bijan Robinson,Devaughn Vele,Michael Penix Jr.,Saints,Tyler Shough,1,1,-11.2627,0.6076
Kyle Pitts Sr.,Bijan Robinson,Chris Olave,Daniel Carlson,Kendre Miller,Nick Folk,1,1,-10.3978,1.4428
Drake London,Barion Brown,Bijan Robinson,Daniel Carlson,Juwan Johnson,Michael Penix Jr.,1,1,-11.0977,0.7166
Tyler Shough,Chris Olave,Devaughn Vele,Falcons,Juwan Johnson,Kendre Miller,1,1,-9.4388,3.7646
Tyler Shough,Alvin Kamara,Devaughn Vele,Drake London,Falcons,Olamide Zaccheaus,1,1,-10.3497,1.514
Chris Olave,Daniel Carlson,Drake London,Jahan Dotson,Juwan Johnson,Kendre Miller,1,1,-9.6058,3.1855
Michael Penix Jr.,Chris Olave,Devaughn Vele,Drake London,Nick Folk,Olamide Zaccheaus,1,1,-10.8205,0.9455
Alvin Kamara,Drake London,Juwan Johnson,Nick Folk,Saints,Tyler Shough,1,1,-10.3023,1.5875
Chris Olave,Bryce Lance,Daniel Carlson,Devaughn Vele,Kyle Pitts Sr.,Tyler Shough,1,1,-8.9203,6.3228
Michael Penix Jr.,Austin Hooper,Bijan Robinson,Daniel Carlson,Nick Folk,Tyler Shough,1,1,-9.8915,2.3939
Tyler Shough,Bijan Robinson,Bryce Lance,Devaughn Vele,Juwan Johnson,Saints,1,1,-9.0611,5.4923
Kyle Pitts Sr.,Alvin Kamara,Chris Olave,Michael Penix Jr.,Saints,Tyler Shough,1,1,-10.0262,2.0922
Tyler Shough,Bijan Robinson,Devaughn Vele,Kendre Miller,Kyle Pitts Sr.,Noah Fant,1,1,-12.9842,0.1086
Bijan Robinson,Austin Hooper,Michael Penix Jr.,Nick Folk,Saints,Tyler Shough,1,1,-9.3834,3.979
Chris Olave,Austin Hooper,Devaughn Vele,Drake London,Juwan Johnson,Kendre Miller,1,1,-10.0715,1.9996
Nick Folk,Chris Olave,Drake London,Falcons,Juwan Johnson,Tyler Shough,1,1,-10.5973,1.182
Devaughn Vele,Chris Olave,Juwan Johnson,Nick Folk,Saints,Tyler Shough,1,1,-10.0572,2.0284
Tyler Shough,Chris Olave,Devaughn Vele,Kendre Miller,Michael Penix Jr.,Zachariah Branch,1,1,-10.5551,1.2329
Nick Folk,Bijan Robinson,Chris Olave,Daniel Carlson,Michael Penix Jr.,Saints,1,1,-11.4108,0.5239
Drake London,Chris Olave,Jahan Dotson,Juwan Johnson,Michael Penix Jr.,Noah Fant,1,1,-12.1468,0.251
Drake London,Chris Olave,Jahan Dotson,Kendre Miller,Michael Penix Jr.,Nick Folk,1,1,-9.75,2.7578
Drake London,Charlie Smyth,Chris Olave,Jahan Dotson,Juwan Johnson,Michael Penix Jr.,1,1,-12.9176,0.1161
Drake London,Alvin Kamara,Bryce Lance,Daniel Carlson,Devaughn Vele,Michael Penix Jr.,1,1,-9.4447,3.7423
Tyler Shough,Austin Hooper,Barion Brown,Bijan Robinson,Drake London,Juwan Johnson,1,1,-11.2356,0.6243
Barion Brown,Chris Olave,Devaughn Vele,Drake London,Michael Penix Jr.,Tyler Shough,1,1,-13.7435,0.0508
Juwan Johnson,Chris Olave,Devaughn Vele,Kendre Miller,Michael Penix Jr.,Nick Folk,1,1,-10.0144,2.1172
Drake London,Barion Brown,Bijan Robinson,Bryce Lance,Michael Penix Jr.,Tyler Shough,1,1,-10.3835,1.4636
Drake London,Austin Hooper,Bijan Robinson,Nick Folk,Tyler Shough,Zachariah Branch,1,1,-10.5317,1.262
Olamide Zaccheaus,Chris Olave,Devaughn Vele,Drake London,Juwan Johnson,Tyler Shough,1,1,-11.4292,0.5144
Chris Olave,Falcons,Juwan Johnson,Kyle Pitts Sr.,Nick Folk,Tyler Shough,1,1,-9.3131,4.2689
Michael Penix Jr.,Bijan Robinson,Charlie Woerner,Kyle Pitts Sr.,Nick Folk,Tyler Shough,1,1,-11.9728,0.2987
Bijan Robinson,Kyle Pitts Sr.,Michael Penix Jr.,Noah Fant,Olamide Zaccheaus,Tyler Shough,1,1,-12.2903,0.2174
Tyler Shough,Chris Olave,Jahan Dotson,Juwan Johnson,Kendre Miller,Kyle Pitts Sr.,1,1,-9.464,3.6708
Bijan Robinson,Bryce Lance,Michael Penix Jr.,Nick Folk,Saints,Tyler Shough,1,1,-8.6501,8.2838
Nick Folk,Bijan Robinson,Chris Olave,Drake London,Falcons,Saints,1,1,-11.9054,0.3195
Kyle Pitts Sr.,Austin Hooper,Bijan Robinson,Chris Olave,Kendre Miller,Michael Penix Jr.,1,1,-10.4808,1.328
Juwan Johnson,Alvin Kamara,Devaughn Vele,Drake London,Michael Penix Jr.,Saints,1,1,-10.4591,1.3571
Devaughn Vele,Drake London,Falcons,Michael Penix Jr.,Nick Folk,Tyler Shough,1,1,-10.0348,2.0743
Drake London,Alvin Kamara,Michael Penix Jr.,Nick Folk,Tyler Shough,Zamir White,1,1,-14.0459,0.0376
Bijan Robinson,Charlie Smyth,Chris Olave,Daniel Carlson,Jack Strand,Kyle Pitts Sr.,1,1,-18.8889,0.0003
Drake London,Austin Hooper,Bijan Robinson,Kendre Miller,Nick Folk,Tyler Shough,1,1,-9.3886,3.9583
Chris Olave,Daniel Carlson,Drake London,Juwan Johnson,Kevin Austin Jr.,Tyler Shough,1,1,-9.9885,2.1725
Tyler Shough,Bijan Robinson,Daniel Carlson,Michael Penix Jr.,Nick Folk,Noah Fant,1,1,-11.7961,0.3564
Drake London,Bryce Lance,Chris Olave,Daniel Carlson,Devaughn Vele,Michael Penix Jr.,1,1,-8.7054,7.8381
Chris Olave,Drake London,Jahan Dotson,Kyle Pitts Sr.,Michael Penix Jr.,Spencer Rattler,1,1,-15.2929,0.0108
Drake London,Chris Olave,Falcons,Jahan Dotson,Kyle Pitts Sr.,Michael Penix Jr.,1,1,-9.8904,2.3965
Michael Penix Jr.,Bijan Robinson,Chris Olave,Falcons,Kendre Miller,Zachariah Branch,1,1,-12.0004,0.2906
Bijan Robinson,Daniel Carlson,Drake London,Kendre Miller,Michael Penix Jr.,Olamide Zaccheaus,1,1,-9.5344,3.4212
Drake London,Bijan Robinson,Daniel Carlson,Kyle Pitts Sr.,Olamide Zaccheaus,Tyler Shough,1,1,-9.1363,5.0942
Michael Penix Jr.,Bijan Robinson,Bryce Lance,Juwan Johnson,Kendre Miller,Tyler Shough,1,1,-9.1715,4.9184
Michael Penix Jr.,Austin Hooper,Bijan Robinson,Charlie Woerner,Drake London,Tyler Shough,1,1,-11.6329,0.4196
Michael Penix Jr.,Austin Hooper,Bijan Robinson,Drake London,Oscar Delp,Tyler Shough,1,1,-9.7274,2.8209
Tyler Shough,Bijan Robinson,Drake London,Falcons,Nick Folk,Noah Fant,1,1,-12.2907,0.2174
Tyler Shough,Chris Olave,Drake London,Jahan Dotson,Kyle Pitts Sr.,Olamide Zaccheaus,1,1,-9.6357,3.0919
Tyler Shough,Alvin Kamara,Chris Olave,Falcons,Juwan Johnson,Saints,1,1,-9.6205,3.139
Kyle Pitts Sr.,Chris Olave,Daniel Carlson,Devaughn Vele,Juwan Johnson,Michael Penix Jr.,1,1,-9.9321,2.2987
Bijan Robinson,Austin Hooper,Drake London,Falcons,Kendre Miller,Michael Penix Jr.,1,1,-9.9271,2.3101
Devaughn Vele,Austin Hooper,Chris Olave,Kendre Miller,Michael Penix Jr.,Tyler Shough,1,1,-10.1255,1.8945
Chris Olave,Bryce Lance,Daniel Carlson,Juwan Johnson,Michael Penix Jr.,Tyler Shough,1,1,-7.7453,20.4726
Chris Olave,Juwan Johnson,Kyle Pitts Sr.,Michael Penix Jr.,Oscar Delp,Tyler Shough,1,1,-8.6543,8.2491
Drake London,Chris Olave,Khalil Herbert,Michael Penix Jr.,Nick Folk,Tyler Shough,1,1,-12.6135,0.1574
Drake London,Chris Olave,Dylan Drummond,Michael Penix Jr.,Nick Folk,Tyler Shough,1,1,-14.9161,0.0157
Saints,Bijan Robinson,Chris Olave,Falcons,Jahan Dotson,Tyler Shough,1,1,-10.3,1.5911
Saints,Bijan Robinson,Chris Olave,Devaughn Vele,Olamide Zaccheaus,Tyler Shough,1,1,-10.373,1.4792
Devaughn Vele,Chris Olave,Drake London,Kendre Miller,Olamide Zaccheaus,Tyler Shough,1,1,-10.2274,1.7109
Devaughn Vele,Chris Blair,Chris Olave,Drake London,Kendre Miller,Tyler Shough,1,1,-11.8287,0.345
Drake London,Alvin Kamara,Austin Hooper,Chris Olave,Saints,Tyler Shough,1,1,-9.5699,3.302
Chris Olave,Drake London,Juwan Johnson,Michael Penix Jr.,Nick Folk,Olamide Zaccheaus,1,1,-9.408,3.8821
Tyler Shough,Bijan Robinson,Daniel Carlson,Drake London,Falcons,Kendre Miller,1,1,-9.1301,5.1262
Alvin Kamara,Chris Olave,Daniel Carlson,Drake London,Kyle Pitts Sr.,Saints,1,1,-10.9688,0.8152
Travis Etienne Jr.,Alvin Kamara,Bijan Robinson,Juwan Johnson,Kyle Pitts Sr.,Nick Folk,1,1,-16.1891,0.0044
Juwan Johnson,Bijan Robinson,Drake London,Noah Fant,Tyler Shough,Zachariah Branch,1,1,-13.195,0.088
Chris Olave,Bryce Lance,Drake London,Falcons,Juwan Johnson,Tyler Shough,1,1,-8.24,12.4844
Chris Olave,Chris Blair,Devaughn Vele,Juwan Johnson,Kendre Miller,Tyler Shough,1,1,-11.2682,0.6043
Michael Penix Jr.,Alvin Kamara,Austin Hooper,Drake London,Kyle Pitts Sr.,Tyler Shough,1,1,-10.4716,1.3402
Devaughn Vele,Drake London,Juwan Johnson,Kyle Pitts Sr.,Michael Penix Jr.,Nick Folk,1,1,-10.5066,1.2942
Michael Penix Jr.,Bijan Robinson,Bryce Lance,Drake London,Oscar Delp,Tyler Shough,1,1,-8.9941,5.8728
Michael Penix Jr.,Austin Hooper,Bijan Robinson,Devaughn Vele,Saints,Tyler Shough,1,1,-10.6833,1.0845
Drake London,Bijan Robinson,Kevin Austin Jr.,Kyle Pitts Sr.,Michael Penix Jr.,Nick Folk,1,1,-11.3719,0.5447
Drake London,Bijan Robinson,Kyle Pitts Sr.,Michael Penix Jr.,Nick Folk,Treyton Welch,1,1,-11.8647,0.3328
Tyler Shough,Charlie Woerner,Chris Olave,Drake London,Juwan Johnson,Nick Folk,1,1,-10.4001,1.4396
Tyler Shough,Chris Olave,Drake London,Juwan Johnson,Nick Folk,Oscar Delp,1,1,-8.4945,9.6787
Tyler Shough,Alvin Kamara,Devaughn Vele,Juwan Johnson,Nick Folk,Saints,1,1,-10.1897,1.7766
Falcons,Alvin Kamara,Bijan Robinson,Chris Olave,Kendre Miller,Saints,1,1,-12.0242,0.2837
Juwan Johnson,Bijan Robinson,Drake London,Kendre Miller,Kevin Austin Jr.,Tyler Shough,1,1,-10.7801,0.9844
Noah Fant,Bijan Robinson,Chris Olave,Michael Penix Jr.,Olamide Zaccheaus,Tyler Shough,1,1,-12.7224,0.1411
Saints,Alvin Kamara,Chris Olave,Devaughn Vele,Kyle Pitts Sr.,Tyler Shough,1,1,-10.7682,0.9962
Drake London,Alvin Kamara,Bryce Lance,Chris Olave,Saints,Tyler Shough,1,1,-8.8366,6.8744
Tyler Shough,Bijan Robinson,Drake London,Michael Penix Jr.,Noah Fant,Oscar Delp,1,1,-11.6319,0.42
Tyler Shough,Bijan Robinson,Drake London,Khalil Herbert,Michael Penix Jr.,Zamir White,1,1,-17.7718,0.0009
Juwan Johnson,Bijan Robinson,Daniel Carlson,Drake London,Michael Penix Jr.,Olamide Zaccheaus,1,1,-9.4227,3.8258
Falcons,Austin Hooper,Bijan Robinson,Drake London,Michael Penix Jr.,Tyler Shough,1,1,-10.31,1.5753
Chris Olave,Devaughn Vele,Drake London,Noah Fant,Olamide Zaccheaus,Tyler Shough,1,1,-12.5183,0.1731
Michael Penix Jr.,Bijan Robinson,Bryce Lance,Devaughn Vele,Saints,Tyler Shough,1,1,-9.9501,2.2578
Michael Penix Jr.,Alvin Kamara,Bryce Lance,Drake London,Kyle Pitts Sr.,Tyler Shough,1,1,-9.7383,2.7902
Michael Penix Jr.,Alvin Kamara,Devaughn Vele,Juwan Johnson,Kendre Miller,Kyle Pitts Sr.,1,1,-11.5388,0.461
Juwan Johnson,Bijan Robinson,Drake London,Kendre Miller,Michael Penix Jr.,Zachariah Branch,1,1,-10.8619,0.9071
Bryce Lance,Chris Olave,Devaughn Vele,Drake London,Juwan Johnson,Michael Penix Jr.,1,1,-10.8295,0.937
Tyler Shough,Bijan Robinson,Devaughn Vele,Michael Penix Jr.,Olamide Zaccheaus,Saints,1,1,-9.9081,2.3546
Drake London,Alvin Kamara,Bryce Lance,Charlie Smyth,Chris Olave,Michael Penix Jr.,1,1,-12.8171,0.1284
Tyler Shough,Austin Hooper,Bijan Robinson,Drake London,Kendre Miller,Kyle Pitts Sr.,1,1,-9.621,3.1376
Noah Fant,Austin Hooper,Bijan Robinson,Chris Olave,Drake London,Juwan Johnson,1,1,-13.1641,0.0907
Charlie Smyth,Austin Hooper,Bijan Robinson,Chris Olave,Drake London,Juwan Johnson,1,1,-17.4126,0.0013
Bijan Robinson,Daniel Carlson,Kyle Pitts Sr.,Nick Folk,Saints,Tyler Shough,1,1,-9.4511,3.7184
Alvin Kamara,Chris Olave,Kendre Miller,Nick Folk,Saints,Tyler Shough,1,1,-10.8165,0.9493
Drake London,Chris Olave,Devaughn Vele,Falcons,Michael Penix Jr.,Zachariah Branch,1,1,-11.0185,0.7756
Drake London,Bijan Robinson,Bryce Lance,Chris Olave,Kyle Pitts Sr.,Saints,1,1,-9.3365,4.1701
Michael Penix Jr.,Austin Hooper,Chris Olave,Daniel Carlson,Devaughn Vele,Drake London,1,1,-10.4464,1.3744
Chris Olave,Daniel Carlson,Falcons,Michael Penix Jr.,Nick Folk,Tyler Shough,1,1,-8.9021,6.4386
Chris Olave,Alvin Kamara,Kendre Miller,Nick Folk,Saints,Tyler Shough,1,1,-10.1316,1.883
Chris Olave,Bijan Robinson,Falcons,Noah Fant,Saints,Tyler Shough,1,1,-12.5565,0.1666
Tyler Shough,Alvin Kamara,Devaughn Vele,Kyle Pitts Sr.,Michael Penix Jr.,Saints,1,1,-10.3033,1.5858
Chris Olave,Devaughn Vele,Drake London,Kendre Miller,Michael Penix Jr.,Olamide Zaccheaus,1,1,-10.1852,1.7846
Drake London,Bijan Robinson,CJ Donaldson,Juwan Johnson,Michael Penix Jr.,Oscar Delp,1,1,-10.2018,1.7552
Tyler Shough,Bijan Robinson,Bryce Lance,Drake London,Kendre Miller,Kyle Pitts Sr.,1,1,-8.8877,6.532
Juwan Johnson,Chris Olave,Devaughn Vele,Kyle Pitts Sr.,Olamide Zaccheaus,Tyler Shough,1,1,-9.8183,2.5758
Bijan Robinson,Austin Hooper,Daniel Carlson,Drake London,Saints,Tyler Shough,1,1,-9.1113,5.2235
Chris Olave,Falcons,Juwan Johnson,Michael Penix Jr.,Tyler Shough,Zachariah Branch,1,1,-10.0584,2.0259
Bijan Robinson,Drake London,Juwan Johnson,Kendre Miller,Nick Folk,Saints,1,1,-9.8691,2.4482
Tyler Shough,Alvin Kamara,Bryce Lance,Devaughn Vele,Kendre Miller,Michael Penix Jr.,1,1,-9.5248,3.4545
Daniel Carlson,Bijan Robinson,Devaughn Vele,Drake London,Michael Penix Jr.,Saints,1,1,-11.818,0.3487
Falcons,Bijan Robinson,Devaughn Vele,Drake London,Michael Penix Jr.,Tua Tagovailoa,1,1,-17.047,0.0019
Juwan Johnson,Chris Olave,Drake London,Jahan Dotson,Saints,Tyler Shough,1,1,-9.3103,4.2806
Drake London,Chris Blair,Chris Olave,Juwan Johnson,Nick Folk,Tyler Shough,1,1,-10.363,1.4939
Alvin Kamara,Drake London,Juwan Johnson,Kyle Pitts Sr.,Saints,Tyler Shough,1,1,-10.453,1.3654
Drake London,Chris Olave,Juwan Johnson,Kevin Austin Jr.,Nick Folk,Tyler Shough,1,1,-10.1698,1.8124
Devaughn Vele,Bijan Robinson,Juwan Johnson,Kendre Miller,Michael Penix Jr.,Saints,1,1,-10.8986,0.8744
Drake London,Bryce Lance,Chris Olave,Jahan Dotson,Michael Penix Jr.,Nick Folk,1,1,-9.1235,5.1599
Tyler Shough,Devaughn Vele,Drake London,Jahan Dotson,Nick Folk,Zachariah Branch,1,1,-11.26,0.6092
Zachariah Branch,Bijan Robinson,Chris Olave,Drake London,Juwan Johnson,Saints,1,1,-12.7702,0.1346
Kendre Miller,Bijan Robinson,Chris Olave,Kyle Pitts Sr.,Noah Fant,Tyler Shough,1,1,-13.5016,0.0648
Michael Penix Jr.,Barion Brown,Bijan Robinson,Devaughn Vele,Drake London,Noah Fant,1,1,-16.0432,0.0051
Michael Penix Jr.,Austin Hooper,Bijan Robinson,Daniel Carlson,Drake London,Nick Folk,1,1,-10.4469,1.3737
Bijan Robinson,Juwan Johnson,Kendre Miller,Kyle Pitts Sr.,Michael Penix Jr.,Olamide Zaccheaus,1,1,-9.9943,2.1601
Kyle Pitts Sr.,Alvin Kamara,Chris Olave,Drake London,Michael Penix Jr.,Saints,1,1,-10.5816,1.2006
Devaughn Vele,Drake London,Juwan Johnson,Michael Penix Jr.,Oscar Delp,Tyler Shough,1,1,-9.4131,3.8625
Drake London,Bijan Robinson,Michael Penix Jr.,Olamide Zaccheaus,Oscar Delp,Tyler Shough,1,1,-8.8704,6.646
Drake London,Bijan Robinson,Kevin Austin Jr.,Michael Penix Jr.,Oscar Delp,Tyler Shough,1,1,-10.2784,1.6258
Drake London,Bijan Robinson,Michael Penix Jr.,Nick Muse,Noah Fant,Tyler Shough,1,1,-15.3497,0.0102
Drake London,Bijan Robinson,Kevin Austin Jr.,Khalil Herbert,Michael Penix Jr.,Tyler Shough,1,1,-14.5162,0.0235
Bijan Robinson,Drake London,Falcons,Juwan Johnson,Kyle Pitts Sr.,Saints,1,1,-10.0095,2.1275
Devaughn Vele,Chris Olave,Daniel Carlson,Kendre Miller,Kyle Pitts Sr.,Tyler Shough,1,1,-10.1932,1.7704
Tyler Shough,Bryce Lance,Chris Olave,Devaughn Vele,Kendre Miller,Michael Penix Jr.,1,1,-8.7855,7.2352
Chris Olave,Daniel Carlson,Juwan Johnson,Kyle Pitts Sr.,Michael Penix Jr.,Nick Folk,1,1,-9.3739,4.0171
Chris Olave,Bijan Robinson,Falcons,Kendre Miller,Michael Penix Jr.,Saints,1,1,-10.2235,1.7177
Juwan Johnson,Bijan Robinson,Charlie Smyth,Falcons,Michael Penix Jr.,Tyler Shough,1,1,-12.8613,0.1228
Austin Hooper,Bijan Robinson,Devaughn Vele,Drake London,Kendre Miller,Michael Penix Jr.,1,1,-12.0055,0.2891
Juwan Johnson,Chris Olave,Drake London,Jahan Dotson,Michael Penix Jr.,Noah Fant,1,1,-12.5201,0.1728
Chris Olave,Drake London,Falcons,Michael Penix Jr.,Treyton Welch,Tyler Shough,1,1,-10.9878,0.7998
Daniel Carlson,Chris Olave,Juwan Johnson,Michael Penix Jr.,Nick Folk,Tyler Shough,1,1,-10.2469,1.6778
Chris Olave,Charlie Woerner,Drake London,Falcons,Michael Penix Jr.,Tyler Shough,1,1,-10.6436,1.1285
Olamide Zaccheaus,Bijan Robinson,Chris Olave,Juwan Johnson,Noah Fant,Tyler Shough,1,1,-14.3406,0.028
Chris Olave,Drake London,Kyle Pitts Sr.,Nick Folk,Oscar Delp,Tyler Shough,1,1,-9.146,5.0454
Tyler Shough,Austin Hooper,Bijan Robinson,Juwan Johnson,Michael Penix Jr.,Olamide Zaccheaus,1,1,-9.2363,4.6098
Drake London,CJ Donaldson,Chris Olave,Juwan Johnson,Kyle Pitts Sr.,Michael Penix Jr.,1,1,-10.2068,1.7466
Michael Penix Jr.,Bijan Robinson,Bryce Lance,Daniel Carlson,Kyle Pitts Sr.,Tyler Shough,1,1,-9.3089,4.2868
Juwan Johnson,Bijan Robinson,Daniel Carlson,Kendre Miller,Kyle Pitts Sr.,Tyler Shough,1,1,-9.3379,4.1641
Michael Penix Jr.,Bijan Robinson,Chris Olave,Falcons,Kyle Pitts Sr.,Saints,1,1,-11.0094,0.7827
Michael Penix Jr.,Bijan Robinson,Daniel Carlson,Drake London,Kyle Pitts Sr.,Zachariah Branch,1,1,-11.6339,0.4192
Bijan Robinson,Bryce Lance,Charlie Smyth,Daniel Carlson,Drake London,Michael Penix Jr.,1,1,-12.3584,0.2031
Drake London,Alvin Kamara,Bryce Lance,Daniel Carlson,Michael Penix Jr.,Tyler Shough,1,1,-8.3567,11.1089
Drake London,Alvin Kamara,Kyle Pitts Sr.,Michael Penix Jr.,Olamide Zaccheaus,Tyler Shough,1,1,-9.6146,3.1575
Daniel Carlson,Bijan Robinson,Chris Olave,Michael Penix Jr.,Nick Folk,Saints,1,1,-11.5551,0.4536
Drake London,Alvin Kamara,Falcons,Juwan Johnson,Kyle Pitts Sr.,Michael Penix Jr.,1,1,-9.9882,2.1733
Saints,Bijan Robinson,Chris Olave,Devaughn Vele,Juwan Johnson,Kendre Miller,1,1,-10.7567,1.0077
Chris Olave,Bryce Lance,Devaughn Vele,Drake London,Jahan Dotson,Olamide Zaccheaus,1,1,-10.2373,1.6941
Bijan Robinson,Bryce Lance,Devaughn Vele,Kendre Miller,Saints,Tyler Shough,1,1,-9.4644,3.6696
Austin Hooper,Bijan Robinson,Chris Olave,Juwan Johnson,Saints,Tyler Shough,1,1,-10.9296,0.8478
Juwan Johnson,Austin Hooper,Bijan Robinson,Drake London,Noah Fant,Tyler Shough,1,1,-12.1587,0.248
Chris Olave,Devaughn Vele,Kyle Pitts Sr.,Nick Folk,Saints,Tyler Shough,1,1,-10.1019,1.9397
Tyler Shough,Daniel Carlson,Devaughn Vele,Juwan Johnson,Michael Penix Jr.,Nick Folk,1,1,-8.9705,6.0129
Drake London,Austin Hooper,Bijan Robinson,Daniel Carlson,Kyle Pitts Sr.,Michael Penix Jr.,1,1,-9.5898,3.2369
Tyler Shough,Bijan Robinson,Devaughn Vele,Juwan Johnson,Noah Fant,Saints,1,1,-12.6249,0.1556
Tyler Shough,Bijan Robinson,Devaughn Vele,Kendre Miller,Nick Folk,Saints,1,1,-10.2281,1.7097
Alvin Kamara,Bijan Robinson,Daniel Carlson,Falcons,Nick Folk,Saints,1,1,-11.6715,0.4037
Bijan Robinson,Daniel Carlson,Falcons,Juwan Johnson,Saints,Tyler Shough,1,1,-9.0802,5.3883
Drake London,Bijan Robinson,Bryce Lance,Kendre Miller,Kyle Pitts Sr.,Tyler Shough,1,1,-8.806,7.0882
Chris Olave,Bryce Lance,Daniel Carlson,Drake London,Juwan Johnson,Michael Penix Jr.,1,1,-8.3007,11.7481
Drake London,Austin Hooper,Bijan Robinson,Bryce Lance,Juwan Johnson,Michael Penix Jr.,1,1,-8.8259,6.9486
Drake London,Austin Hooper,Bijan Robinson,Daniel Carlson,Devaughn Vele,Kendre Miller,1,1,-10.2534,1.667
Juwan Johnson,Daniel Carlson,Devaughn Vele,Drake London,Nick Folk,Tyler Shough,1,1,-9.2132,4.7175
Juwan Johnson,Bijan Robinson,Bryce Lance,Drake London,Noah Fant,Tyler Shough,1,1,-11.4254,0.5163
Devaughn Vele,Barion Brown,Drake London,Juwan Johnson,Michael Penix Jr.,Tyler Shough,1,1,-11.8103,0.3514
Drake London,Barion Brown,Bijan Robinson,Michael Penix Jr.,Olamide Zaccheaus,Tyler Shough,1,1,-11.2676,0.6046
Drake London,Barion Brown,Bijan Robinson,Kevin Austin Jr.,Michael Penix Jr.,Tyler Shough,1,1,-12.6756,0.1479
Tyler Shough,Chris Blair,Chris Olave,Drake London,Juwan Johnson,Kyle Pitts Sr.,1,1,-10.5954,1.1841
Drake London,Bijan Robinson,Daniel Carlson,Devaughn Vele,Kyle Pitts Sr.,Saints,1,1,-10.2987,1.5932
Michael Penix Jr.,Bijan Robinson,CJ Donaldson,Drake London,Nick Folk,Zachariah Branch,1,1,-12.9846,0.1086
Drake London,Jahan Dotson,Kyle Pitts Sr.,Michael Penix Jr.,Nick Folk,Tyler Shough,1,1,-9.3716,4.0262
Tyler Shough,Devaughn Vele,Drake London,Michael Penix Jr.,Nick Folk,Zachariah Branch,1,1,-10.5814,1.2008
Tyler Shough,CJ Donaldson,Devaughn Vele,Drake London,Kyle Pitts Sr.,Michael Penix Jr.,1,1,-10.5366,1.2559
Drake London,Chris Olave,Daniel Carlson,Falcons,Jahan Dotson,Michael Penix Jr.,1,1,-9.5165,3.483
Tyler Shough,Alvin Kamara,Austin Hooper,Devaughn Vele,Drake London,Olamide Zaccheaus,1,1,-10.4667,1.3468
Bijan Robinson,Austin Hooper,Falcons,Michael Penix Jr.,Olamide Zaccheaus,Tyler Shough,1,1,-9.6293,3.1116
Kyle Pitts Sr.,Bijan Robinson,Chris Olave,Daniel Carlson,Michael Penix Jr.,Saints,1,1,-10.1522,1.8446
Bijan Robinson,Falcons,Juwan Johnson,Kendre Miller,Michael Penix Jr.,Zachariah Branch,1,1,-11.0494,0.752
Chris Olave,Bijan Robinson,Olamide Zaccheaus,Saints,Tyler Shough,Zachariah Branch,1,1,-11.0301,0.7667
Tyler Shough,Devaughn Vele,Drake London,Juwan Johnson,Kevin Austin Jr.,Michael Penix Jr.,1,1,-10.5634,1.2227
Tyler Shough,Chris Olave,Daniel Carlson,Devaughn Vele,Kendre Miller,Kyle Pitts Sr.,1,1,-9.5865,3.2478
Juwan Johnson,Daniel Carlson,Drake London,Jahan Dotson,Michael Penix Jr.,Tyler Shough,1,1,-8.8304,6.9173
Tyler Shough,Chris Olave,Drake London,Jahan Dotson,Nick Folk,Saints,1,1,-9.5593,3.3371
Kendre Miller,Bijan Robinson,Drake London,Juwan Johnson,Tyler Shough,Zachariah Branch,1,1,-11.373,0.5441
Kyle Pitts Sr.,Bijan Robinson,Chris Olave,Kendre Miller,Michael Penix Jr.,Noah Fant,1,1,-13.3113,0.0783
Alvin Kamara,Daniel Carlson,Drake London,Michael Penix Jr.,Saints,Tyler Shough,1,1,-10.042,2.0595
Bijan Robinson,Charlie Smyth,Chris Olave,Juwan Johnson,Kendre Miller,Saints,1,1,-13.5508,0.0616
Chris Olave,Bijan Robinson,Kendre Miller,Oscar Delp,Saints,Tyler Shough,1,1,-9.538,3.409
Saints,Bijan Robinson,Devaughn Vele,Juwan Johnson,Nick Folk,Tyler Shough,1,1,-10.2277,1.7105
Bijan Robinson,Bryce Lance,Falcons,Michael Penix Jr.,Olamide Zaccheaus,Tyler Shough,1,1,-8.896,6.478
Chris Olave,Bijan Robinson,Falcons,Juwan Johnson,Kendre Miller,Saints,1,1,-10.2605,1.6552
Kyle Pitts Sr.,Devaughn Vele,Drake London,Juwan Johnson,Nick Folk,Tyler Shough,1,1,-9.9079,2.3551
Juwan Johnson,Bijan Robinson,CJ Donaldson,Drake London,Saints,Tyler Shough,1,1,-10.3941,1.4482
Michael Penix Jr.,Devaughn Vele,Drake London,Falcons,Jahan Dotson,Juwan Johnson,1,1,-11.0964,0.7175
Devaughn Vele,Daniel Carlson,Juwan Johnson,Kyle Pitts Sr.,Michael Penix Jr.,Tyler Shough,1,1,-9.7279,2.8194
Devaughn Vele,Bijan Robinson,Kendre Miller,Kyle Pitts Sr.,Saints,Tyler Shough,1,1,-10.9855,0.8017
Chris Olave,Austin Hooper,Juwan Johnson,Kyle Pitts Sr.,Nick Folk,Tyler Shough,1,1,-9.4301,3.7975
Chris Olave,Drake London,Falcons,Juwan Johnson,Olamide Zaccheaus,Tyler Shough,1,1,-9.124,5.1574
Chris Olave,Bijan Robinson,Michael Penix Jr.,Noah Fant,Oscar Delp,Zachariah Branch,1,1,-13.8908,0.0439
Michael Penix Jr.,Bijan Robinson,Charlie Woerner,Drake London,Noah Fant,Tyler Shough,1,1,-14.4635,0.0247
Drake London,Bijan Robinson,Daniel Carlson,Michael Penix Jr.,Nick Folk,Olamide Zaccheaus,1,1,-9.59,3.2364
Drake London,Bijan Robinson,Daniel Carlson,Kevin Austin Jr.,Michael Penix Jr.,Nick Folk,1,1,-10.998,0.7917
Drake London,Bijan Robinson,Charlie Woerner,Daniel Carlson,Michael Penix Jr.,Nick Folk,1,1,-11.1466,0.6824
Michael Penix Jr.,Bijan Robinson,Falcons,Kendre Miller,Kyle Pitts Sr.,Tyler Shough,1,1,-10.4789,1.3305
Michael Penix Jr.,Bijan Robinson,Charlie Smyth,Drake London,Treyton Welch,Tyler Shough,1,1,-15.5785,0.0081
Michael Penix Jr.,Alvin Kamara,Bijan Robinson,Kyle Pitts Sr.,Noah Fant,Olamide Zaccheaus,1,1,-14.6219,0.0211
Bijan Robinson,Charlie Woerner,Chris Olave,Drake London,Olamide Zaccheaus,Saints,1,1,-11.8285,0.345
Drake London,Bijan Robinson,Charlie Woerner,Juwan Johnson,Michael Penix Jr.,Zachariah Branch,1,1,-12.3029,0.2147
Tyler Shough,Bijan Robinson,Chris Olave,Daniel Carlson,Kevin Austin Jr.,Saints,1,1,-10.781,0.9836
Kyle Pitts Sr.,Chris Olave,Devaughn Vele,Michael Penix Jr.,Olamide Zaccheaus,Tyler Shough,1,1,-10.102,1.9395
Kendre Miller,Brian Robinson Jr.,Chris Olave,Drake London,Saints,Tyler Shough,1,1,-11.0029,0.7879
Michael Penix Jr.,Alvin Kamara,Bijan Robinson,Kendre Miller,Kyle Pitts Sr.,Saints,1,1,-11.7589,0.3699
Nick Folk,Daniel Carlson,Devaughn Vele,Drake London,Michael Penix Jr.,Tyler Shough,1,1,-10.9062,0.8679
Chris Olave,Drake London,Kevin Austin Jr.,Michael Penix Jr.,Tyler Shough,Zachariah Branch,1,1,-11.6483,0.4132
Bijan Robinson,Daniel Carlson,Falcons,Jahan Dotson,Kyle Pitts Sr.,Zachariah Branch,1,1,-11.8654,0.3325
Drake London,Alvin Kamara,Daniel Carlson,Kyle Pitts Sr.,Michael Penix Jr.,Nick Folk,1,1,-9.9852,2.1798
Drake London,Bijan Robinson,Charlie Woerner,Juwan Johnson,Kendre Miller,Michael Penix Jr.,1,1,-11.1598,0.6734
Tyler Shough,Bijan Robinson,Juwan Johnson,Kendre Miller,Kyle Pitts Sr.,Zachariah Branch,1,1,-10.7433,1.0214
Tyler Shough,Chris Olave,Daniel Carlson,Drake London,Falcons,Nick Folk,1,1,-8.893,6.4979
Drake London,Austin Hooper,Bijan Robinson,Chris Olave,Daniel Carlson,Saints,1,1,-9.6959,2.9112
Michael Penix Jr.,Alvin Kamara,Daniel Carlson,Devaughn Vele,Juwan Johnson,Kendre Miller,1,1,-11.1649,0.67
Daniel Carlson,Bijan Robinson,Falcons,Kyle Pitts Sr.,Michael Penix Jr.,Tyler Shough,1,1,-11.165,0.6699
Drake London,Chris Olave,Juwan Johnson,Kyle Pitts Sr.,Oscar Delp,Tyler Shough,1,1,-8.5634,9.0339
Daniel Carlson,Bijan Robinson,Drake London,Falcons,Michael Penix Jr.,Nick Folk,1,1,-11.5697,0.447
Drake London,Bijan Robinson,Bryce Lance,Falcons,Michael Penix Jr.,Nick Folk,1,1,-9.2494,4.5496
Juwan Johnson,Austin Hooper,Chris Olave,Michael Penix Jr.,Nick Folk,Tyler Shough,1,1,-9.0331,5.6482
Nick Folk,Chris Olave,Devaughn Vele,Drake London,Juwan Johnson,Noah Fant,1,1,-14.6329,0.0209
Michael Penix Jr.,Austin Hooper,Bijan Robinson,Daniel Carlson,Drake London,Kyle Pitts Sr.,1,1,-10.5976,1.1816
Bijan Robinson,Austin Hooper,Drake London,Kyle Pitts Sr.,Michael Penix Jr.,Saints,1,1,-10.0894,1.964
Chris Olave,Devaughn Vele,Michael Penix Jr.,Saints,Tyler Shough,Zachariah Branch,1,1,-10.8473,0.9205
Chris Olave,Barion Brown,Daniel Carlson,Juwan Johnson,Michael Penix Jr.,Tyler Shough,1,1,-10.6776,1.0907
Falcons,Bijan Robinson,Drake London,Michael Penix Jr.,Olamide Zaccheaus,Tyler Shough,1,1,-10.4608,1.3548
Drake London,CJ Donaldson,Devaughn Vele,Kyle Pitts Sr.,Michael Penix Jr.,Tyler Shough,1,1,-10.4549,1.3628
Chris Olave,Barion Brown,Bijan Robinson,Kendre Miller,Saints,Tyler Shough,1,1,-11.9352,0.3101
Saints,Alvin Kamara,Bijan Robinson,Daniel Carlson,Nick Folk,Tyler Shough,1,1,-10.3948,1.4472
Michael Penix Jr.,Chris Olave,Drake London,Khalil Herbert,Kyle Pitts Sr.,Tyler Shough,1,1,-13.7718,0.0494
Falcons,Bijan Robinson,Chris Olave,Drake London,Nick Folk,Saints,1,1,-11.3113,0.5788
Michael Penix Jr.,Austin Hooper,Bijan Robinson,Bryce Lance,Drake London,Juwan Johnson,1,1,-9.8336,2.5366
Drake London,Devaughn Vele,Juwan Johnson,Michael Penix Jr.,Nick Muse,Tyler Shough,1,1,-12.5241,0.1721
Drake London,Devaughn Vele,Juwan Johnson,Michael Penix Jr.,Treyton Welch,Tyler Shough,1,1,-10.9745,0.8105
Tyler Shough,Austin Hooper,Bijan Robinson,Kendre Miller,Kyle Pitts Sr.,Michael Penix Jr.,1,1,-9.6699,2.9879
Tyler Shough,Charlie Woerner,Chris Olave,Daniel Carlson,Drake London,Michael Penix Jr.,1,1,-10.1398,1.8676
Tyler Shough,Chris Olave,Daniel Carlson,Drake London,Michael Penix Jr.,Treyton Welch,1,1,-10.484,1.3236
Tyler Shough,Chris Olave,Daniel Carlson,Drake London,Jalen Moreno-Cropper,Michael Penix Jr.,1,1,-13.5217,0.0635
Michael Penix Jr.,Austin Hooper,Chris Olave,Devaughn Vele,Kendre Miller,Tyler Shough,1,1,-10.4448,1.3767
Tyler Shough,Bijan Robinson,Bryce Lance,Daniel Carlson,Drake London,Kendre Miller,1,1,-8.5138,9.4936
Juwan Johnson,Chris Olave,Devaughn Vele,Nick Folk,Saints,Tyler Shough,1,1,-9.742,2.78
Juwan Johnson,Bijan Robinson,Daniel Carlson,Drake London,Kendre Miller,Kyle Pitts Sr.,1,1,-9.8933,2.3895
Nick Folk,Bijan Robinson,Chris Olave,Daniel Carlson,Falcons,Kendre Miller,1,1,-11.9767,0.2975
Kyle Pitts Sr.,Austin Hooper,Bijan Robinson,Chris Olave,Saints,Tyler Shough,1,1,-10.2084,1.7438
Noah Fant,Bijan Robinson,Devaughn Vele,Kendre Miller,Michael Penix Jr.,Tyler Shough,1,1,-13.3543,0.075
Alvin Kamara,Daniel Carlson,Drake London,Juwan Johnson,Saints,Tyler Shough,1,1,-10.079,1.9845
Kendre Miller,Bijan Robinson,Falcons,Juwan Johnson,Michael Penix Jr.,Tyler Shough,1,1,-10.2686,1.6419
Kyle Pitts Sr.,Chris Olave,Drake London,Juwan Johnson,Tyler Shough,Zachariah Branch,1,1,-10.492,1.3132
Bijan Robinson,Daniel Carlson,Drake London,Olamide Zaccheaus,Saints,Tyler Shough,1,1,-9.262,4.4924
Michael Penix Jr.,Chris Olave,Devaughn Vele,Drake London,Kendre Miller,Zachariah Branch,1,1,-12.0365,0.2803
Kyle Pitts Sr.,Bijan Robinson,Daniel Carlson,Drake London,Falcons,Michael Penix Jr.,1,1,-10.1668,1.8177
Bijan Robinson,Juwan Johnson,Kendre Miller,Michael Penix Jr.,Nick Folk,Saints,1,1,-9.918,2.3314
Nick Folk,Chris Olave,Juwan Johnson,Kendre Miller,Michael Penix Jr.,Tyler Shough,1,1,-10.6564,1.1141
Drake London,Bryce Lance,Chris Olave,Devaughn Vele,Treyton Welch,Tyler Shough,1,1,-10.8133,0.9523
Juwan Johnson,Chris Olave,Jahan Dotson,Michael Penix Jr.,Saints,Tyler Shough,1,1,-9.3592,4.0764
Chris Olave,Austin Hooper,Bijan Robinson,Noah Fant,Saints,Tyler Shough,1,1,-12.6735,0.1482
Chris Olave,Daniel Carlson,Falcons,Juwan Johnson,Kyle Pitts Sr.,Tyler Shough,1,1,-9.0898,5.3367
Bryce Lance,Bijan Robinson,Drake London,Kendre Miller,Michael Penix Jr.,Tyler Shough,1,1,-10.5191,1.2781
Michael Penix Jr.,Bijan Robinson,CJ Donaldson,Drake London,Kyle Pitts Sr.,Zachariah Branch,1,1,-13.1352,0.0934
Bijan Robinson,Falcons,Juwan Johnson,Kyle Pitts Sr.,Michael Penix Jr.,Saints,1,1,-10.0584,2.026
Drake London,Austin Hooper,CJ Donaldson,Chris Olave,Michael Penix Jr.,Tyler Shough,1,1,-9.852,2.4903
Nick Folk,Chris Olave,Drake London,Michael Penix Jr.,Olamide Zaccheaus,Tyler Shough,1,1,-10.828,0.9384
Chris Olave,Austin Hooper,Juwan Johnson,Michael Penix Jr.,Tyler Shough,Zachariah Branch,1,1,-10.1754,1.8022
Chris Olave,Drake London,Kendre Miller,Nick Folk,Tyler Shough,Zachariah Branch,1,1,-10.5603,1.2265
Saints,Bijan Robinson,Chris Olave,Drake London,Kevin Austin Jr.,Tyler Shough,1,1,-11.2483,0.6164
Chris Olave,Drake London,Juwan Johnson,Noah Fant,Tyler Shough,Zachariah Branch,1,1,-12.9571,0.1116
Tyler Shough,Bryce Lance,Devaughn Vele,Drake London,Michael Penix Jr.,Nick Folk,1,1,-8.8118,7.0472
Michael Penix Jr.,Alvin Kamara,Drake London,Falcons,Kendre Miller,Tyler Shough,1,1,-10.5344,1.2586
Nick Folk,Chris Olave,Drake London,Falcons,Juwan Johnson,Michael Penix Jr.,1,1,-11.2015,0.6459
Kendre Miller,Bijan Robinson,Daniel Carlson,Drake London,Kyle Pitts Sr.,Tyler Shough,1,1,-10.3674,1.4875
Juwan Johnson,Devaughn Vele,Drake London,Kyle Pitts Sr.,Michael Penix Jr.,Nick Folk,1,1,-10.1913,1.7738
Kyle Pitts Sr.,Bijan Robinson,Bryce Lance,Chris Olave,Michael Penix Jr.,Olamide Zaccheaus,1,1,-10.0051,2.1369
Oscar Delp,Chris Olave,Drake London,Jahan Dotson,Michael Penix Jr.,Tyler Shough,1,1,-11.4126,0.523
Chris Olave,Bryce Lance,Daniel Carlson,Michael Penix Jr.,Nick Folk,Tyler Shough,1,1,-8.2859,11.9243
Chris Olave,Drake London,Juwan Johnson,Kendre Miller,Oscar Delp,Tyler Shough,1,1,-8.7853,7.2367
Chris Olave,Charlie Woerner,Drake London,Juwan Johnson,Kendre Miller,Tyler Shough,1,1,-10.6908,1.0764
Chris Olave,Daniel Carlson,Devaughn Vele,Nick Folk,Saints,Tyler Shough,1,1,-9.728,2.8191
Drake London,Bijan Robinson,Kyle Pitts Sr.,Noah Fant,Tyler Shough,Zachariah Branch,1,1,-13.513,0.064
Tyler Shough,Bijan Robinson,Kendre Miller,Michael Penix Jr.,Nick Folk,Noah Fant,1,1,-12.3498,0.2049
Tyler Shough,Bijan Robinson,Cedric Tillman,Juwan Johnson,Michael Penix Jr.,Stone Smartt,1,1,-20.448,0.0001
Saints,Alvin Kamara,Bijan Robinson,Drake London,Kendre Miller,Michael Penix Jr.,1,1,-10.9263,0.8505
Daniel Carlson,Chris Olave,Devaughn Vele,Drake London,Kendre Miller,Michael Penix Jr.,1,1,-11.5795,0.4426
Devaughn Vele,Alvin Kamara,Daniel Carlson,Drake London,Michael Penix Jr.,Saints,1,1,-11.0916,0.721
Michael Penix Jr.,Barion Brown,Chris Olave,Daniel Carlson,Devaughn Vele,Drake London,1,1,-12.6454,0.1524
Drake London,Cedric Tillman,Chris Olave,Daniel Carlson,Michael Penix Jr.,Tyler Shough,1,1,-13.7765,0.0492
Chris Olave,Devaughn Vele,Juwan Johnson,Kevin Austin Jr.,Olamide Zaccheaus,Tyler Shough,1,1,-11.3324,0.5667
Drake London,Austin Hooper,Bijan Robinson,Juwan Johnson,Michael Penix Jr.,Olamide Zaccheaus,1,1,-9.7099,2.8705
Chris Olave,Daniel Carlson,Drake London,Juwan Johnson,Michael Penix Jr.,Olamide Zaccheaus,1,1,-9.1848,4.8532
Drake London,Austin Hooper,Bijan Robinson,Kendre Miller,Michael Penix Jr.,Nick Folk,1,1,-9.9929,2.1631
Juwan Johnson,Austin Hooper,Bijan Robinson,Charlie Smyth,Michael Penix Jr.,Tyler Shough,1,1,-12.9783,0.1093
Kendre Miller,Bijan Robinson,Drake London,Kyle Pitts Sr.,Michael Penix Jr.,Nick Folk,1,1,-11.1949,0.6502
Chris Olave,Austin Hooper,Drake London,Kevin Austin Jr.,Michael Penix Jr.,Tyler Shough,1,1,-10.612,1.1647
Chris Olave,Bryce Lance,Juwan Johnson,Kendre Miller,Michael Penix Jr.,Tyler Shough,1,1,-8.2991,11.7678
Bijan Robinson,Austin Hooper,Bryce Lance,Drake London,Juwan Johnson,Kendre Miller,1,1,-9.3479,4.1227
Devaughn Vele,Daniel Carlson,Drake London,Juwan Johnson,Kyle Pitts Sr.,Michael Penix Jr.,1,1,-10.2833,1.6179
Falcons,Bijan Robinson,Daniel Carlson,Drake London,Michael Penix Jr.,Nick Folk,1,1,-10.8313,0.9353
Chris Olave,Austin Hooper,Drake London,Falcons,Juwan Johnson,Michael Penix Jr.,1,1,-9.5775,3.277
Michael Penix Jr.,Chris Olave,Devaughn Vele,Falcons,Noah Fant,Tyler Shough,1,1,-13.2651,0.082
Kyle Pitts Sr.,CJ Donaldson,Chris Olave,Juwan Johnson,Michael Penix Jr.,Tyler Shough,1,1,-10.3454,1.5205
Tyler Shough,Austin Hooper,Bijan Robinson,Chris Olave,Kendre Miller,Saints,1,1,-9.7759,2.6873
Bijan Robinson,Barion Brown,Falcons,Kyle Pitts Sr.,Michael Penix Jr.,Nick Folk,1,1,-12.5728,0.1639
Saints,Alvin Kamara,Devaughn Vele,Drake London,Michael Penix Jr.,Tyler Shough,1,1,-10.3968,1.4443
Tyler Shough,Bijan Robinson,Drake London,Michael Penix Jr.,Oscar Delp,Saints,1,1,-9.0265,5.6857
Tyler Shough,Bijan Robinson,Drake London,Jalen Moreno-Cropper,Michael Penix Jr.,Saints,1,1,-14.314,0.0287
Tyler Shough,Bijan Robinson,Drake London,Dylan Drummond,Michael Penix Jr.,Saints,1,1,-15.5668,0.0082
Daniel Carlson,Bijan Robinson,Drake London,Juwan Johnson,Michael Penix Jr.,Noah Fant,1,1,-13.9768,0.0403
Michael Penix Jr.,Devaughn Vele,Drake London,Juwan Johnson,Treyton Welch,Tyler Shough,1,1,-11.9822,0.2959
Drake London,Bijan Robinson,Bryce Lance,Charlie Smyth,Juwan Johnson,Michael Penix Jr.,1,1,-12.4272,0.1896
Drake London,Bijan Robinson,Bryce Lance,Juwan Johnson,Michael Penix Jr.,Noah Fant,1,1,-11.6565,0.4098
Tyler Shough,Austin Hooper,Chris Olave,Drake London,Falcons,Juwan Johnson,1,1,-9.0129,5.7633
Bijan Robinson,Barion Brown,Kyle Pitts Sr.,Michael Penix Jr.,Saints,Tyler Shough,1,1,-11.733,0.3796
Juwan Johnson,Austin Hooper,Chris Olave,Daniel Carlson,Drake London,Tyler Shough,1,1,-8.761,7.4148
Chris Olave,Bryce Lance,Drake London,Michael Penix Jr.,Oscar Delp,Tyler Shough,1,1,-8.1217,14.0513
Drake London,Bryce Lance,Chris Olave,Kyle Pitts Sr.,Nick Folk,Tyler Shough,1,1,-8.5689,8.985
Daniel Carlson,Chris Olave,Drake London,Kyle Pitts Sr.,Nick Folk,Tyler Shough,1,1,-10.8892,0.8827
Tyler Shough,Bryce Lance,Chris Olave,Daniel Carlson,Juwan Johnson,Michael Penix Jr.,1,1,-7.7851,19.6756
Falcons,Bijan Robinson,Drake London,Juwan Johnson,Kendre Miller,Michael Penix Jr.,1,1,-10.8446,0.923
Tyler Shough,Chris Olave,Daniel Carlson,Drake London,Falcons,Kyle Pitts Sr.,1,1,-9.0436,5.5892
Michael Penix Jr.,Bijan Robinson,Devaughn Vele,Drake London,Olamide Zaccheaus,Saints,1,1,-11.3895,0.5352
Tua Tagovailoa,Bijan Robinson,Daniel Carlson,Jahan Dotson,Michael Penix Jr.,Tyler Shough,1,1,-14.9413,0.0153
Drake London,Bijan Robinson,Bryce Lance,Falcons,Kyle Pitts Sr.,Michael Penix Jr.,1,1,-9.4001,3.9133
Kyle Pitts Sr.,Chris Olave,Falcons,Juwan Johnson,Michael Penix Jr.,Tyler Shough,1,1,-9.3875,3.9626
Bijan Robinson,Falcons,Kevin Austin Jr.,Michael Penix Jr.,Olamide Zaccheaus,Tyler Shough,1,1,-11.1881,0.6546
Kendre Miller,Bijan Robinson,Daniel Carlson,Michael Penix Jr.,Nick Folk,Tyler Shough,1,1,-10.2656,1.6468
Juwan Johnson,Chris Blair,Chris Olave,Drake London,Kyle Pitts Sr.,Tyler Shough,1,1,-10.8869,0.8847
Kyle Pitts Sr.,Austin Hooper,Bijan Robinson,Chris Olave,Juwan Johnson,Oscar Delp,1,1,-10.4264,1.4022
Chris Olave,Barion Brown,Devaughn Vele,Juwan Johnson,Tua Tagovailoa,Tyler Shough,1,1,-17.4708,0.0012
Tyler Shough,Daniel Carlson,Devaughn Vele,Drake London,Kyle Pitts Sr.,Nick Folk,1,1,-9.6128,3.1634
Falcons,Bijan Robinson,Chris Olave,Drake London,Kyle Pitts Sr.,Saints,1,1,-11.4619,0.4978
Juwan Johnson,Barion Brown,Bijan Robinson,Drake London,Treyton Welch,Tyler Shough,1,1,-13.5788,0.0599
Kyle Pitts Sr.,Bijan Robinson,Chris Olave,Falcons,Michael Penix Jr.,Saints,1,1,-10.6957,1.0712
Devaughn Vele,Juwan Johnson,Kendre Miller,Michael Penix Jr.,Nick Folk,Tyler Shough,1,1,-10.131,1.8841
Saints,Alvin Kamara,Chris Olave,Michael Penix Jr.,Nick Folk,Tyler Shough,1,1,-10.1338,1.8788
Bijan Robinson,Chris Olave,Daniel Carlson,Falcons,Kendre Miller,Saints,1,1,-10.1498,1.849
Drake London,Bijan Robinson,Falcons,Nick Folk,Saints,Tyler Shough,1,1,-9.6035,3.1929
Tyler Shough,Bryce Lance,Chris Olave,Drake London,Michael Penix Jr.,Zachariah Branch,1,1,-9.3959,3.9294
Drake London,Bijan Robinson,CJ Donaldson,Juwan Johnson,Michael Penix Jr.,Saints,1,1,-10.6251,1.1495
Kyle Pitts Sr.,Devaughn Vele,Juwan Johnson,Michael Penix Jr.,Nick Folk,Tyler Shough,1,1,-9.9567,2.2427
Tyler Shough,Devaughn Vele,Drake London,Juwan Johnson,Kyle Pitts Sr.,Zachariah Branch,1,1,-10.7691,0.9953
Juwan Johnson,Devaughn Vele,Drake London,Kevin Austin Jr.,Michael Penix Jr.,Tyler Shough,1,1,-10.8549,0.9135
Juwan Johnson,Bryce Lance,Chris Olave,Kyle Pitts Sr.,Michael Penix Jr.,Tyler Shough,1,1,-8.4505,10.1144
Noah Fant,Bijan Robinson,Chris Olave,Drake London,Kendre Miller,Kyle Pitts Sr.,1,1,-13.7485,0.0506
Juwan Johnson,Chris Olave,Drake London,Kyle Pitts Sr.,Michael Penix Jr.,Zachariah Branch,1,1,-10.7755,0.989
Saints,Bijan Robinson,Chris Olave,Daniel Carlson,Drake London,Nick Folk,1,1,-10.2109,1.7394
Chris Olave,Barion Brown,Bryce Lance,Drake London,Michael Penix Jr.,Tyler Shough,1,1,-10.5189,1.2783
Drake London,Devaughn Vele,Jahan Dotson,Michael Penix Jr.,Saints,Tyler Shough,1,1,-9.7895,2.651
Kyle Pitts Sr.,Bryce Lance,Chris Olave,Drake London,Juwan Johnson,Tyler Shough,1,1,-8.7224,7.7064
Kyle Pitts Sr.,Bijan Robinson,Devaughn Vele,Kendre Miller,Michael Penix Jr.,Zachariah Branch,1,1,-12.4065,0.1936
Kendre Miller,Bijan Robinson,Drake London,Juwan Johnson,Kyle Pitts Sr.,Nick Folk,1,1,-11.2319,0.6266
Alvin Kamara,Daniel Carlson,Devaughn Vele,Kyle Pitts Sr.,Saints,Tyler Shough,1,1,-11.3028,0.5837
Drake London,Austin Hooper,Chris Olave,Falcons,Juwan Johnson,Tyler Shough,1,1,-8.9312,6.254
Tyler Shough,Austin Hooper,Devaughn Vele,Drake London,Kyle Pitts Sr.,Michael Penix Jr.,1,1,-9.6957,2.9116
Michael Penix Jr.,Charlie Woerner,Chris Olave,Daniel Carlson,Drake London,Tyler Shough,1,1,-11.0658,0.7398
Drake London,Austin Hooper,Bryce Lance,Chris Olave,Devaughn Vele,Michael Penix Jr.,1,1,-9.3659,4.0491
Michael Penix Jr.,Chris Blair,Chris Olave,Daniel Carlson,Drake London,Tyler Shough,1,1,-11.1105,0.7075
Tyler Shough,Alvin Kamara,Chris Olave,Juwan Johnson,Saints,Tua Tagovailoa,1,1,-15.3865,0.0098
Juwan Johnson,Bijan Robinson,Falcons,Michael Penix Jr.,Saints,Tyler Shough,1,1,-9.4851,3.5942
Bijan Robinson,Barion Brown,Falcons,Michael Penix Jr.,Olamide Zaccheaus,Tyler Shough,1,1,-11.8283,0.3451
Devaughn Vele,Chris Olave,Daniel Carlson,Drake London,Juwan Johnson,Saints,1,1,-10.3893,1.4551
Juwan Johnson,Bijan Robinson,Kyle Pitts Sr.,Nick Folk,Saints,Tyler Shough,1,1,-9.8931,2.3901
Michael Penix Jr.,Austin Hooper,Bijan Robinson,Chris Blair,Drake London,Juwan Johnson,1,1,-12.319,0.2113
Michael Penix Jr.,Austin Hooper,Bijan Robinson,Drake London,Juwan Johnson,Noah Fant,1,1,-13.3975,0.0719
Bijan Robinson,Austin Hooper,Drake London,Kendre Miller,Michael Penix Jr.,Olamide Zaccheaus,1,1,-10.1949,1.7674
Chris Olave,Austin Hooper,Daniel Carlson,Kyle Pitts Sr.,Michael Penix Jr.,Tyler Shough,1,1,-9.1698,4.9266
Drake London,Alvin Kamara,Austin Hooper,Kendre Miller,Michael Penix Jr.,Tyler Shough,1,1,-9.6437,3.0672
Kyle Pitts Sr.,Bijan Robinson,Bryce Lance,Chris Olave,Drake London,Saints,1,1,-10.0305,2.0832
Noah Fant,Bijan Robinson,Chris Olave,Daniel Carlson,Kendre Miller,Tyler Shough,1,1,-12.8192,0.1281
Drake London,Alvin Kamara,Falcons,Kyle Pitts Sr.,Michael Penix Jr.,Nick Folk,1,1,-10.5287,1.2658
Chris Olave,Juwan Johnson,Kendre Miller,Kyle Pitts Sr.,Michael Penix Jr.,Nick Folk,1,1,-9.9276,2.3091
Kendre Miller,Alvin Kamara,Drake London,Kyle Pitts Sr.,Michael Penix Jr.,Tyler Shough,1,1,-10.8457,0.922
Kendre Miller,Alvin Kamara,Devaughn Vele,Drake London,Tyler Shough,Zachariah Branch,1,1,-12.6523,0.1514
Drake London,Bryce Lance,Chris Olave,Falcons,Juwan Johnson,Tyler Shough,1,1,-8.198,13.02
Tyler Shough,Bryce Lance,Devaughn Vele,Drake London,Kyle Pitts Sr.,Michael Penix Jr.,1,1,-8.9625,6.0616
Tyler Shough,Austin Hooper,Chris Olave,Daniel Carlson,Drake London,Nick Folk,1,1,-9.01,5.7805
Tyler Shough,Bijan Robinson,Daniel Carlson,Devaughn Vele,Saints,Zachariah Branch,1,1,-11.1479,0.6815
Alvin Kamara,Devaughn Vele,Drake London,Juwan Johnson,Kendre Miller,Saints,1,1,-11.7208,0.3843
Drake London,Alvin Kamara,Devaughn Vele,Kendre Miller,Saints,Tyler Shough,1,1,-10.3526,1.5096
Noah Fant,Bijan Robinson,Drake London,Kyle Pitts Sr.,Nick Folk,Tyler Shough,1,1,-13.2194,0.0859
Chris Olave,Barion Brown,Juwan Johnson,Kyle Pitts Sr.,Nick Folk,Tyler Shough,1,1,-11.6291,0.4212
Michael Penix Jr.,Austin Hooper,Devaughn Vele,Drake London,Nick Folk,Tyler Shough,1,1,-10.4711,1.3409
Tyler Shough,Bijan Robinson,Daniel Carlson,Devaughn Vele,Kendre Miller,Saints,1,1,-10.0048,2.1374
Drake London,Bijan Robinson,Bryce Lance,Chris Olave,Falcons,Saints,1,1,-9.5061,3.5196
Austin Hooper,Chris Olave,Devaughn Vele,Drake London,Kyle Pitts Sr.,Michael Penix Jr.,1,1,-11.919,0.3152
Spencer Rattler,Alvin Kamara,Devaughn Vele,Michael Penix Jr.,Nick Folk,Tyler Shough,1,1,-18.1049,0.0006
Falcons,Chris Olave,Daniel Carlson,Drake London,Michael Penix Jr.,Tyler Shough,1,1,-9.7428,2.7776
Drake London,Chris Olave,Devaughn Vele,Saints,Tyler Shough,Zachariah Branch,1,1,-10.7564,1.0081
Tyler Shough,Charlie Woerner,Chris Olave,Drake London,Falcons,Michael Penix Jr.,1,1,-10.6833,1.0846
Saints,Bijan Robinson,Bryce Lance,Chris Olave,Drake London,Michael Penix Jr.,1,1,-9.5606,3.333
Tyler Shough,Austin Hooper,Bijan Robinson,Bryce Lance,Chris Olave,Saints,1,1,-9.1494,5.0281
Tyler Shough,Bryce Lance,Chris Olave,Daniel Carlson,Drake London,Nick Folk,1,1,-8.2767,12.0341
Juwan Johnson,Bijan Robinson,Bryce Lance,Drake London,Saints,Tyler Shough,1,1,-8.82,6.9899
Bijan Robinson,Falcons,Juwan Johnson,Kendre Miller,Saints,Tyler Shough,1,1,-9.6339,3.0973
Michael Penix Jr.,Bijan Robinson,Bryce Lance,Drake London,Falcons,Kyle Pitts Sr.,1,1,-10.4078,1.4285
Juwan Johnson,Austin Hooper,Bijan Robinson,Charlie Smyth,Drake London,Michael Penix Jr.,1,1,-13.5337,0.0627
Saints,Alvin Kamara,Chris Olave,Juwan Johnson,Nick Folk,Tyler Shough,1,1,-10.1709,1.8105
Michael Penix Jr.,Devaughn Vele,Drake London,Kyle Pitts Sr.,Tyler Shough,Zachariah Branch,1,1,-11.6581,0.4092
Drake London,Alvin Kamara,Devaughn Vele,Kendre Miller,Michael Penix Jr.,Spencer Rattler,1,1,-15.9752,0.0055
Drake London,Alvin Kamara,Charlie Smyth,Devaughn Vele,Kendre Miller,Michael Penix Jr.,1,1,-14.333,0.0282
Tyler Shough,Austin Hooper,Chris Olave,Devaughn Vele,Juwan Johnson,Olamide Zaccheaus,1,1,-9.8133,2.5885
Austin Hooper,Chris Olave,Drake London,Michael Penix Jr.,Nick Folk,Tyler Shough,1,1,-10.6803,1.0878
Juwan Johnson,Devaughn Vele,Drake London,Kendre Miller,Nick Folk,Tyler Shough,1,1,-9.7669,2.7117
Chris Olave,Devaughn Vele,Jahan Dotson,Saints,Travis Etienne Jr.,Tyler Shough,1,1,-16.4262,0.0035
Daniel Carlson,Bijan Robinson,Drake London,Kendre Miller,Kyle Pitts Sr.,Michael Penix Jr.,1,1,-11.7306,0.3805
Drake London,Bijan Robinson,Devaughn Vele,Kendre Miller,Kyle Pitts Sr.,Saints,1,1,-10.8524,0.9158
Bijan Robinson,Charlie Smyth,Drake London,Falcons,Saints,Tyler Shough,1,1,-13.256,0.0828
Michael Penix Jr.,Bryce Lance,Chris Olave,Drake London,Juwan Johnson,Kyle Pitts Sr.,1,1,-9.6404,3.0773
Juwan Johnson,Daniel Carlson,Devaughn Vele,Drake London,Michael Penix Jr.,Nick Folk,1,1,-9.8174,2.578
Chris Olave,Daniel Carlson,Michael Penix Jr.,Nick Folk,Olamide Zaccheaus,Tyler Shough,1,1,-9.1699,4.926
Drake London,Devaughn Vele,Jahan Dotson,Juwan Johnson,Saints,Tyler Shough,1,1,-9.8266,2.5546
Drake London,Chris Blair,Chris Olave,Devaughn Vele,Kendre Miller,Michael Penix Jr.,1,1,-11.7445,0.3753
Chris Olave,Austin Hooper,Devaughn Vele,Drake London,Michael Penix Jr.,Saints,1,1,-10.3663,1.489
Michael Penix Jr.,Alvin Kamara,Austin Hooper,Bryce Lance,Devaughn Vele,Drake London,1,1,-11.1129,0.7057
Kyle Pitts Sr.,Bijan Robinson,Chris Olave,Kendre Miller,Michael Penix Jr.,Saints,1,1,-10.7059,1.0603
Chris Olave,Drake London,Falcons,Nick Folk,Olamide Zaccheaus,Tyler Shough,1,1,-9.6645,3.0039
Devaughn Vele,Daniel Carlson,Drake London,Juwan Johnson,Kendre Miller,Tyler Shough,1,1,-9.8589,2.4734
Drake London,Bijan Robinson,Daniel Carlson,Kendre Miller,Kevin Austin Jr.,Tyler Shough,1,1,-10.7242,1.0411
Saints,Bijan Robinson,Daniel Carlson,Devaughn Vele,Juwan Johnson,Tyler Shough,1,1,-10.0044,2.1383
Drake London,CJ Donaldson,Chris Olave,Falcons,Juwan Johnson,Michael Penix Jr.,1,1,-10.3764,1.4741
Michael Penix Jr.,Alvin Kamara,Charlie Smyth,Chris Olave,Saints,Tyler Shough,1,1,-14.2278,0.0313
Kyle Pitts Sr.,Chris Blair,Chris Olave,Drake London,Michael Penix Jr.,Tyler Shough,1,1,-11.1707,0.6662
Kyle Pitts Sr.,Charlie Woerner,Chris Olave,Drake London,Michael Penix Jr.,Tyler Shough,1,1,-11.126,0.6966
Michael Penix Jr.,Bijan Robinson,Charlie Smyth,Drake London,Falcons,Nick Folk,1,1,-14.5917,0.0218
Juwan Johnson,Austin Hooper,Chris Olave,Drake London,Kyle Pitts Sr.,Michael Penix Jr.,1,1,-9.7391,2.7879
Kendre Miller,Bijan Robinson,Daniel Carlson,Drake London,Michael Penix Jr.,Nick Folk,1,1,-10.821,0.945
Chris Olave,Austin Hooper,Daniel Carlson,Juwan Johnson,Kyle Pitts Sr.,Tyler Shough,1,1,-9.2068,4.7474
Chris Olave,Alvin Kamara,Charlie Smyth,Kyle Pitts Sr.,Saints,Tyler Shough,1,1,-13.9903,0.0397
Chris Olave,Bryce Lance,Devaughn Vele,Drake London,Michael Penix Jr.,Saints,1,1,-9.6331,3.0999
Tyler Shough,Bryce Lance,Chris Olave,Devaughn Vele,Falcons,Kyle Pitts Sr.,1,1,-9.5035,3.5289
Kendre Miller,Bijan Robinson,Bryce Lance,Juwan Johnson,Michael Penix Jr.,Tyler Shough,1,1,-9.6523,3.0408
Bijan Robinson,Drake London,Falcons,Kendre Miller,Michael Penix Jr.,Saints,1,1,-10.1523,1.8444
Chris Olave,Bryce Lance,Falcons,Michael Penix Jr.,Nick Folk,Tyler Shough,1,1,-8.8293,6.9246
Bijan Robinson,Daniel Carlson,Drake London,Kendre Miller,Kevin Austin Jr.,Kyle Pitts Sr.,1,1,-11.6707,0.404
Nick Folk,Chris Olave,Drake London,Kendre Miller,Kyle Pitts Sr.,Tyler Shough,1,1,-11.2987,0.5861
Drake London,Bijan Robinson,Falcons,Kyle Pitts Sr.,Saints,Tyler Shough,1,1,-9.7542,2.7463
Drake London,Alvin Kamara,Juwan Johnson,Kyle Pitts Sr.,Saints,Tyler Shough,1,1,-9.726,2.8247
Drake London,Bijan Robinson,Juwan Johnson,Michael Penix Jr.,Noah Fant,Olamide Zaccheaus,1,1,-12.5405,0.1693
Michael Penix Jr.,Chris Olave,Juwan Johnson,Kyle Pitts Sr.,Olamide Zaccheaus,Tyler Shough,1,1,-9.969,2.2153
Drake London,Austin Hooper,Bijan Robinson,Daniel Carlson,Falcons,Michael Penix Jr.,1,1,-9.7594,2.732
Drake London,Bijan Robinson,Charlie Smyth,Juwan Johnson,Michael Penix Jr.,Olamide Zaccheaus,1,1,-13.3112,0.0783
Drake London,Bijan Robinson,Juwan Johnson,Michael Penix Jr.,Saints,Zachariah Branch,1,1,-10.8206,0.9454
Drake London,Bijan Robinson,Kendre Miller,Michael Penix Jr.,Nick Folk,Olamide Zaccheaus,1,1,-10.1437,1.8603
Tyler Shough,Bijan Robinson,Daniel Carlson,Juwan Johnson,Kyle Pitts Sr.,Saints,1,1,-9.3783,3.9993
Juwan Johnson,Bijan Robinson,Michael Penix Jr.,Saints,Tyler Shough,Zachariah Branch,1,1,-10.6384,1.1343
Juwan Johnson,Bryce Lance,Chris Olave,Drake London,Kyle Pitts Sr.,Michael Penix Jr.,1,1,-9.0059,5.8041
Chris Olave,Drake London,Michael Penix Jr.,Olamide Zaccheaus,Oscar Delp,Tyler Shough,1,1,-9.0058,5.8047
Chris Olave,Charlie Woerner,Drake London,Michael Penix Jr.,Noah Fant,Tyler Shough,1,1,-13.5911,0.0592
Chris Olave,Alvin Kamara,Kyle Pitts Sr.,Michael Penix Jr.,Saints,Zachariah Branch,1,1,-12.0296,0.2822
Chris Olave,Austin Hooper,Juwan Johnson,Kyle Pitts Sr.,Michael Penix Jr.,Nick Folk,1,1,-10.0344,2.0752
Saints,Bijan Robinson,Chris Olave,Daniel Carlson,Drake London,Kyle Pitts Sr.,1,1,-10.3615,1.4961
Devaughn Vele,Drake London,Kyle Pitts Sr.,Michael Penix Jr.,Oscar Delp,Tyler Shough,1,1,-10.1043,1.9351
Tyler Shough,Austin Hooper,Chris Olave,Falcons,Juwan Johnson,Michael Penix Jr.,1,1,-9.0618,5.4883
Michael Penix Jr.,Daniel Carlson,Devaughn Vele,Drake London,Falcons,Tyler Shough,1,1,-10.1308,1.8844
Drake London,Bijan Robinson,Bryce Lance,Daniel Carlson,Falcons,Michael Penix Jr.,1,1,-9.0261,5.6876
Drake London,Bijan Robinson,Charlie Smyth,Falcons,Kyle Pitts Sr.,Michael Penix Jr.,1,1,-13.7346,0.0513
Drake London,Alvin Kamara,Charlie Smyth,Juwan Johnson,Kyle Pitts Sr.,Michael Penix Jr.,1,1,-13.7065,0.0528
Tyler Shough,Chris Olave,Drake London,Falcons,Kendre Miller,Nick Folk,1,1,-9.4467,3.7351
Juwan Johnson,Chris Olave,Daniel Carlson,Drake London,Olamide Zaccheaus,Tyler Shough,1,1,-8.9117,6.377
Michael Penix Jr.,Chris Olave,Devaughn Vele,Juwan Johnson,Nick Folk,Saints,1,1,-10.9808,0.8055
Michael Penix Jr.,Chris Olave,Drake London,Falcons,Kyle Pitts Sr.,Nick Folk,1,1,-10.7972,0.9678
Chris Olave,Austin Hooper,Drake London,Kendre Miller,Kyle Pitts Sr.,Tyler Shough,1,1,-9.6746,2.9737
Tyler Shough,Alvin Kamara,Chris Olave,Kendre Miller,Kyle Pitts Sr.,Saints,1,1,-10.3219,1.5566
Tyler Shough,Chris Olave,Devaughn Vele,Falcons,Nick Folk,Oscar Delp,1,1,-9.8879,2.4026
Kyle Pitts Sr.,Bijan Robinson,Michael Penix Jr.,Nick Folk,Saints,Tyler Shough,1,1,-10.1768,1.7997
Bijan Robinson,Daniel Carlson,Juwan Johnson,Olamide Zaccheaus,Saints,Tyler Shough,1,1,-9.348,4.1225
Juwan Johnson,Bijan Robinson,Drake London,Falcons,Michael Penix Jr.,Saints,1,1,-10.0405,2.0625
Olamide Zaccheaus,Bijan Robinson,Drake London,Kendre Miller,Michael Penix Jr.,Tyler Shough,1,1,-11.723,0.3834
Drake London,Charlie Woerner,Chris Olave,Juwan Johnson,Kyle Pitts Sr.,Michael Penix Jr.,1,1,-11.0733,0.7343
Drake London,Bryce Lance,Chris Olave,Daniel Carlson,Juwan Johnson,Michael Penix Jr.,1,1,-8.2587,12.2521
Drake London,Chris Olave,Daniel Carlson,Devaughn Vele,Juwan Johnson,Saints,1,1,-9.7009,2.8966
Daniel Carlson,Austin Hooper,Chris Olave,Drake London,Michael Penix Jr.,Tyler Shough,1,1,-10.5982,1.1808
Drake London,Alvin Kamara,Jahan Dotson,Kendre Miller,Michael Penix Jr.,Zachariah Branch,1,1,-11.9629,0.3017
Drake London,Barion Brown,Bijan Robinson,Juwan Johnson,Michael Penix Jr.,Noah Fant,1,1,-14.5887,0.0218
Drake London,Barion Brown,Chris Olave,Falcons,Michael Penix Jr.,Tyler Shough,1,1,-11.0931,0.7198
Kendre Miller,Bijan Robinson,Chris Olave,Daniel Carlson,Saints,Tyler Shough,1,1,-10.5223,1.274
Daniel Carlson,Chris Olave,Devaughn Vele,Drake London,Saints,Tyler Shough,1,1,-11.3071,0.5812
Tyler Shough,Austin Hooper,Daniel Carlson,Devaughn Vele,Drake London,Michael Penix Jr.,1,1,-9.3218,4.2318
Saints,Bijan Robinson,Chris Olave,Falcons,Kyle Pitts Sr.,Tyler Shough,1,1,-10.3496,1.5141
Saints,Alvin Kamara,Chris Olave,Juwan Johnson,Kyle Pitts Sr.,Tyler Shough,1,1,-10.3215,1.5573
Michael Penix Jr.,Chris Olave,Falcons,Juwan Johnson,Kendre Miller,Tyler Shough,1,1,-9.8811,2.4191
Michael Penix Jr.,Bryce Lance,Devaughn Vele,Drake London,Kyle Pitts Sr.,Tyler Shough,1,1,-9.8885,2.4012
Chris Olave,Daniel Carlson,Juwan Johnson,Kendre Miller,Michael Penix Jr.,Nick Folk,1,1,-9.5537,3.356
Michael Penix Jr.,Bijan Robinson,Daniel Carlson,Kyle Pitts Sr.,Saints,Tyler Shough,1,1,-10.2673,1.644
Kyle Pitts Sr.,Bryce Lance,Chris Olave,Juwan Johnson,Michael Penix Jr.,Tyler Shough,1,1,-8.7713,7.3387
Drake London,Bijan Robinson,Charlie Smyth,Juwan Johnson,Kendre Miller,Nick Folk,1,1,-13.6312,0.0569
Kyle Pitts Sr.,Chris Olave,Devaughn Vele,Juwan Johnson,Saints,Tyler Shough,1,1,-10.2134,1.735
Chris Olave,Austin Hooper,Charlie Smyth,Juwan Johnson,Michael Penix Jr.,Tyler Shough,1,1,-12.7404,0.1386
Chris Olave,Drake London,Juwan Johnson,Saints,Tyler Shough,Zachariah Branch,1,1,-10.3517,1.511
Chris Olave,Drake London,Kendre Miller,Nick Folk,Olamide Zaccheaus,Tyler Shough,1,1,-9.6747,2.9733
Drake London,Chris Olave,Falcons,Kendre Miller,Nick Folk,Tyler Shough,1,1,-9.365,4.0531
Drake London,Chris Olave,Falcons,Juwan Johnson,Olamide Zaccheaus,Tyler Shough,1,1,-9.082,5.3786
Daniel Carlson,Alvin Kamara,Chris Olave,Nick Folk,Saints,Tyler Shough,1,1,-11.7834,0.361
Tyler Shough,Devaughn Vele,Drake London,Kyle Pitts Sr.,Michael Penix Jr.,Olamide Zaccheaus,1,1,-9.8465,2.5041
Tyler Shough,Bryce Lance,Daniel Carlson,Devaughn Vele,Drake London,Michael Penix Jr.,1,1,-8.5886,8.8099
Michael Penix Jr.,Bijan Robinson,Kendre Miller,Kyle Pitts Sr.,Olamide Zaccheaus,Tyler Shough,1,1,-10.7467,1.0179
Bryce Lance,Bijan Robinson,Devaughn Vele,Michael Penix Jr.,Saints,Tyler Shough,1,1,-11.3836,0.5384
Drake London,Alvin Kamara,Kendre Miller,Michael Penix Jr.,Oscar Delp,Tyler Shough,1,1,-9.4455,3.7395
Devaughn Vele,Austin Hooper,Chris Olave,Michael Penix Jr.,Saints,Tyler Shough,1,1,-10.4574,1.3594
Drake London,Bijan Robinson,Bryce Lance,Nick Folk,Saints,Tyler Shough,1,1,-8.9873,5.9132
Drake London,Chris Olave,Daniel Carlson,Falcons,Michael Penix Jr.,Nick Folk,1,1,-9.4155,3.8533
Chris Olave,Daniel Carlson,Drake London,Michael Penix Jr.,Nick Folk,Noah Fant,1,1,-12.4051,0.1939
Michael Penix Jr.,Devaughn Vele,Juwan Johnson,Kendre Miller,Nick Folk,Tyler Shough,1,1,-10.4503,1.3691
Drake London,Bijan Robinson,Chris Olave,Falcons,Noah Fant,Saints,1,1,-13.0699,0.0997
Tyler Shough,Austin Hooper,Bijan Robinson,Chris Olave,Noah Fant,Saints,1,1,-12.7132,0.1424
Tyler Shough,Chris Olave,Daniel Carlson,Drake London,Nick Folk,Treyton Welch,1,1,-11.0616,0.7429
Michael Penix Jr.,Bijan Robinson,Drake London,Falcons,Kyle Pitts Sr.,Oscar Delp,1,1,-10.9429,0.8366
Michael Penix Jr.,Austin Hooper,Chris Olave,Daniel Carlson,Drake London,Juwan Johnson,1,1,-9.9997,2.1484
Kyle Pitts Sr.,Alvin Kamara,Devaughn Vele,Drake London,Michael Penix Jr.,Saints,1,1,-11.471,0.4933
Drake London,Chris Olave,Kendre Miller,Michael Penix Jr.,Treyton Welch,Tyler Shough,1,1,-10.9561,0.8256
Tyler Shough,Austin Hooper,Chris Olave,Juwan Johnson,Michael Penix Jr.,Zachariah Branch,1,1,-10.2151,1.732
Michael Penix Jr.,Devaughn Vele,Drake London,Nick Folk,Olamide Zaccheaus,Tyler Shough,1,1,-10.6219,1.1532
Juwan Johnson,Alvin Kamara,Bijan Robinson,Bryce Lance,Kendre Miller,Olamide Zaccheaus,1,1,-10.6404,1.132
Daniel Carlson,Austin Hooper,Chris Olave,Drake London,Juwan Johnson,Tyler Shough,1,1,-10.6353,1.1379
Tyler Shough,Chris Olave,Kyle Pitts Sr.,Michael Penix Jr.,Nick Folk,Noah Fant,1,1,-12.2633,0.2234
Drake London,Bijan Robinson,Kendre Miller,Kyle Pitts Sr.,Michael Penix Jr.,Olamide Zaccheaus,1,1,-10.2943,1.6002
Drake London,Bijan Robinson,Chris Blair,Kendre Miller,Kyle Pitts Sr.,Michael Penix Jr.,1,1,-11.8956,0.3227
Drake London,Bijan Robinson,Bryce Lance,Juwan Johnson,Michael Penix Jr.,Saints,1,1,-9.051,5.5479
Kyle Pitts Sr.,Chris Olave,Falcons,Michael Penix Jr.,Nick Folk,Tyler Shough,1,1,-9.928,2.308
Saints,Bijan Robinson,Juwan Johnson,Michael Penix Jr.,Nick Folk,Tyler Shough,1,1,-9.7439,2.7746
Tyler Shough,Austin Hooper,Chris Olave,Drake London,Michael Penix Jr.,Olamide Zaccheaus,1,1,-9.2437,4.5758
Kyle Pitts Sr.,Bijan Robinson,Drake London,Kendre Miller,Noah Fant,Tyler Shough,1,1,-13.0639,0.1003
Michael Penix Jr.,Drake London,Jahan Dotson,Juwan Johnson,Kyle Pitts Sr.,Nick Folk,1,1,-11.0207,0.774
Michael Penix Jr.,Chris Olave,Devaughn Vele,Juwan Johnson,Kyle Pitts Sr.,Saints,1,1,-11.1314,0.6928
Drake London,Devaughn Vele,Kevin Austin Jr.,Kyle Pitts Sr.,Michael Penix Jr.,Tyler Shough,1,1,-11.1728,0.6647
Michael Penix Jr.,CJ Donaldson,Chris Olave,Daniel Carlson,Kyle Pitts Sr.,Tyler Shough,1,1,-10.9764,0.809
Daniel Carlson,Chris Olave,Drake London,Kyle Pitts Sr.,Michael Penix Jr.,Nick Folk,1,1,-11.4935,0.4824
Drake London,Chris Olave,Devaughn Vele,Kyle Pitts Sr.,Nick Folk,Saints,1,1,-10.6153,1.1608
Juwan Johnson,Bryce Lance,Chris Olave,Drake London,Kendre Miller,Tyler Shough,1,1,-8.5814,8.8731
Kendre Miller,Alvin Kamara,Drake London,Jahan Dotson,Kyle Pitts Sr.,Michael Penix Jr.,1,1,-12.1285,0.2556
Drake London,Bijan Robinson,Daniel Carlson,Falcons,Saints,Tyler Shough,1,1,-9.3803,3.9915
Tyler Shough,Austin Hooper,Chris Olave,Devaughn Vele,Michael Penix Jr.,Saints,1,1,-9.8506,2.4938
Tyler Shough,Bryce Lance,Chris Blair,Chris Olave,Drake London,Michael Penix Jr.,1,1,-10.1117,1.9208
Tyler Shough,Chris Olave,Devaughn Vele,Drake London,Kevin Austin Jr.,Saints,1,1,-11.3606,0.5509
Tyler Shough,Chris Olave,Devaughn Vele,Drake London,Saints,Treyton Welch,1,1,-11.8534,0.3366
Bijan Robinson,Austin Hooper,Drake London,Falcons,Juwan Johnson,Saints,1,1,-10.2961,1.5974
Drake London,Barion Brown,Bijan Robinson,Kendre Miller,Kyle Pitts Sr.,Michael Penix Jr.,1,1,-12.3425,0.2064
Austin Hooper,Devaughn Vele,Drake London,Juwan Johnson,Michael Penix Jr.,Tyler Shough,1,1,-11.0292,0.7674
Kyle Pitts Sr.,Bryce Lance,Chris Olave,Drake London,Nick Folk,Tyler Shough,1,1,-9.2629,4.4886
Devaughn Vele,Daniel Carlson,Drake London,Michael Penix Jr.,Noah Fant,Tyler Shough,1,1,-12.7591,0.1361
Saints,Austin Hooper,Bijan Robinson,Chris Olave,Juwan Johnson,Michael Penix Jr.,1,1,-10.3797,1.4692
Drake London,CJ Donaldson,Devaughn Vele,Michael Penix Jr.,Tyler Shough,Zachariah Branch,1,1,-11.7778,0.363
Kendre Miller,Bijan Robinson,Chris Olave,Daniel Carlson,Drake London,Saints,1,1,-11.0777,0.7311
Drake London,Chris Olave,Juwan Johnson,Kendre Miller,Treyton Welch,Tyler Shough,1,1,-10.9931,0.7956
Drake London,Chris Blair,Chris Olave,Juwan Johnson,Kendre Miller,Tyler Shough,1,1,-10.6935,1.0735
Michael Penix Jr.,Chris Olave,Drake London,Olamide Zaccheaus,Tyler Shough,Zachariah Branch,1,1,-11.206,0.643
Saints,Bijan Robinson,Chris Olave,Daniel Carlson,Kyle Pitts Sr.,Michael Penix Jr.,1,1,-10.4104,1.4248
Juwan Johnson,Bryce Lance,Devaughn Vele,Drake London,Kyle Pitts Sr.,Tyler Shough,1,1,-9.291,4.3641
Juwan Johnson,Bijan Robinson,Daniel Carlson,Kyle Pitts Sr.,Saints,Tyler Shough,1,1,-9.6698,2.988
Bijan Robinson,Austin Hooper,Drake London,Kendre Miller,Michael Penix Jr.,Saints,1,1,-10.2693,1.6408
Drake London,Barion Brown,Devaughn Vele,Kyle Pitts Sr.,Michael Penix Jr.,Tyler Shough,1,1,-11.813,0.3504
Chris Olave,Austin Hooper,Devaughn Vele,Nick Folk,Saints,Tyler Shough,1,1,-10.3885,1.4564
Drake London,Chris Olave,Daniel Carlson,Juwan Johnson,Michael Penix Jr.,Olamide Zaccheaus,1,1,-9.1428,5.0614
Drake London,Chris Olave,Daniel Carlson,Juwan Johnson,Michael Penix Jr.,Oscar Delp,1,1,-8.7938,7.1751
Drake London,Alvin Kamara,CJ Donaldson,Jahan Dotson,Michael Penix Jr.,Oscar Delp,1,1,-11.676,0.4019
Devaughn Vele,Bijan Robinson,Bryce Lance,Daniel Carlson,Kendre Miller,Kyle Pitts Sr.,1,1,-10.9857,0.8015
Chris Olave,Austin Hooper,Kendre Miller,Kyle Pitts Sr.,Michael Penix Jr.,Tyler Shough,1,1,-9.7235,2.8319
Kyle Pitts Sr.,Chris Olave,Devaughn Vele,Drake London,Juwan Johnson,Saints,1,1,-10.7688,0.9956
Chris Olave,Chris Blair,Drake London,Kendre Miller,Kyle Pitts Sr.,Tyler Shough,1,1,-11.4267,0.5157
Chris Olave,Austin Hooper,Drake London,Kendre Miller,Michael Penix Jr.,Nick Folk,1,1,-10.1282,1.8893
Drake London,Austin Hooper,Chris Olave,Falcons,Juwan Johnson,Michael Penix Jr.,1,1,-9.5355,3.4176
Tyler Shough,CJ Donaldson,Devaughn Vele,Drake London,Juwan Johnson,Kendre Miller,1,1,-10.7535,1.011
Tyler Shough,Bijan Robinson,Daniel Carlson,Devaughn Vele,Kevin Austin Jr.,Saints,1,1,-11.6704,0.4041
Drake London,Alvin Kamara,Devaughn Vele,Falcons,Juwan Johnson,Saints,1,1,-10.9837,0.8031
Michael Penix Jr.,Alvin Kamara,Jahan Dotson,Kyle Pitts Sr.,Nick Folk,Zachariah Branch,1,1,-13.4172,0.0705
Bijan Robinson,Bryce Lance,Drake London,Kendre Miller,Michael Penix Jr.,Saints,1,1,-9.536,3.4159
Michael Penix Jr.,Devaughn Vele,Juwan Johnson,Kendre Miller,Kyle Pitts Sr.,Tyler Shough,1,1,-10.6009,1.1777
Juwan Johnson,Bijan Robinson,Jahan Dotson,Noah Fant,Saints,Tyler Shough,1,1,-13.1113,0.0957
Drake London,Bryce Lance,Chris Olave,Michael Penix Jr.,Oscar Delp,Tyler Shough,1,1,-8.0797,14.6541
Chris Olave,Bryce Lance,Devaughn Vele,Kendre Miller,Tyler Shough,Zachariah Branch,1,1,-10.7969,0.9681
Drake London,Chris Olave,Devaughn Vele,Kevin Austin Jr.,Saints,Tyler Shough,1,1,-11.2788,0.5979
Drake London,Chris Olave,Devaughn Vele,Oscar Delp,Saints,Tyler Shough,1,1,-9.5219,3.4645
Tua Tagovailoa,Bijan Robinson,Bryce Lance,Drake London,Juwan Johnson,Tyler Shough,1,1,-14.1781,0.0329
Drake London,Devaughn Vele,Juwan Johnson,Kyle Pitts Sr.,Noah Fant,Tyler Shough,1,1,-12.4816,0.1796
Chris Olave,Devaughn Vele,Drake London,Kendre Miller,Nick Folk,Saints,1,1,-10.8371,0.9299
Daniel Carlson,Chris Olave,Drake London,Juwan Johnson,Kyle Pitts Sr.,Nick Folk,1,1,-11.5305,0.4648
Michael Penix Jr.,Bijan Robinson,Devaughn Vele,Kendre Miller,Kyle Pitts Sr.,Saints,1,1,-11.909,0.3183
Saints,Bijan Robinson,Chris Olave,Daniel Carlson,Falcons,Tyler Shough,1,1,-9.9757,2.2006
Michael Penix Jr.,Devaughn Vele,Drake London,Kyle Pitts Sr.,Olamide Zaccheaus,Tyler Shough,1,1,-10.7725,0.9919
Kyle Pitts Sr.,Chris Olave,Juwan Johnson,Michael Penix Jr.,Olamide Zaccheaus,Tyler Shough,1,1,-9.6553,3.0317
Tyler Shough,Bryce Lance,Charlie Smyth,Chris Olave,Drake London,Juwan Johnson,1,1,-11.9979,0.2913
Austin Hooper,Chris Olave,Daniel Carlson,Drake London,Michael Penix Jr.,Tyler Shough,1,1,-10.457,1.3599
Michael Penix Jr.,Bryce Lance,Chris Olave,Drake London,Kyle Pitts Sr.,Nick Folk,1,1,-10.1809,1.7924
Michael Penix Jr.,Chris Olave,Devaughn Vele,Drake London,Falcons,Saints,1,1,-11.2151,0.6372
Juwan Johnson,Alvin Kamara,Daniel Carlson,Devaughn Vele,Kendre Miller,Kyle Pitts Sr.,1,1,-11.2586,0.6101
Michael Penix Jr.,Bijan Robinson,Kendre Miller,Nick Folk,Saints,Tyler Shough,1,1,-10.6704,1.0986
Bijan Robinson,Kendre Miller,Michael Penix Jr.,Noah Fant,Saints,Tyler Shough,1,1,-12.5444,0.1686
Tyler Shough,Chris Olave,Daniel Carlson,Devaughn Vele,Kyle Pitts Sr.,Saints,1,1,-9.9184,2.3305
Bijan Robinson,Kendre Miller,Michael Penix Jr.,Oscar Delp,Saints,Tyler Shough,1,1,-9.5157,3.486
Kyle Pitts Sr.,Alvin Kamara,Drake London,Michael Penix Jr.,Saints,Tyler Shough,1,1,-10.383,1.4644
Drake London,Austin Hooper,Barion Brown,Chris Olave,Michael Penix Jr.,Tyler Shough,1,1,-11.2101,0.6404
Chris Olave,Daniel Carlson,Michael Penix Jr.,Nick Folk,Saints,Tyler Shough,1,1,-9.2443,4.5731
Juwan Johnson,Devaughn Vele,Kendre Miller,Kyle Pitts Sr.,Michael Penix Jr.,Tyler Shough,1,1,-9.9664,2.2212
Chris Olave,Kendre Miller,Michael Penix Jr.,Nick Folk,Olamide Zaccheaus,Tyler Shough,1,1,-9.7236,2.8315
Chris Olave,Juwan Johnson,Michael Penix Jr.,Saints,Tyler Shough,Zachariah Branch,1,1,-10.4006,1.4389
Drake London,CJ Donaldson,Juwan Johnson,Kyle Pitts Sr.,Michael Penix Jr.,Tyler Shough,1,1,-10.0082,2.1303
Drake London,Juwan Johnson,Michael Penix Jr.,Nick Folk,Tyler Shough,Zachariah Branch,1,1,-10.053,2.0369
Saints,Bijan Robinson,Juwan Johnson,Kyle Pitts Sr.,Michael Penix Jr.,Tyler Shough,1,1,-9.8946,2.3866
Bijan Robinson,CJ Donaldson,Daniel Carlson,Jahan Dotson,Kyle Pitts Sr.,Saints,1,1,-12.0121,0.2872
Saints,Bijan Robinson,Drake London,Juwan Johnson,Michael Penix Jr.,Nick Folk,1,1,-10.2993,1.5922
Bryce Lance,Chris Olave,Daniel Carlson,Drake London,Michael Penix Jr.,Tyler Shough,1,1,-10.0587,2.0254
Drake London,Alvin Kamara,Falcons,Michael Penix Jr.,Saints,Tyler Shough,1,1,-9.8586,2.4741
Tyler Shough,Bijan Robinson,Daniel Carlson,Falcons,Michael Penix Jr.,Saints,1,1,-9.5109,3.5029
Michael Penix Jr.,Charlie Smyth,Chris Olave,Kyle Pitts Sr.,Nick Folk,Tyler Shough,1,1,-13.96,0.0409
Chris Olave,Austin Hooper,Juwan Johnson,Kendre Miller,Kyle Pitts Sr.,Tyler Shough,1,1,-9.7606,2.7289
Juwan Johnson,Alvin Kamara,Daniel Carlson,Drake London,Saints,Tyler Shough,1,1,-9.7254,2.8266
Michael Penix Jr.,Chris Olave,Daniel Carlson,Drake London,Kendre Miller,Nick Folk,1,1,-10.4335,1.3923
Chris Olave,Charlie Woerner,Drake London,Michael Penix Jr.,Saints,Tyler Shough,1,1,-10.9857,0.8015
Michael Penix Jr.,Austin Hooper,Chris Olave,Drake London,Oscar Delp,Tyler Shough,1,1,-9.8207,2.5695
Juwan Johnson,Drake London,Falcons,Michael Penix Jr.,Nick Folk,Tyler Shough,1,1,-9.2729,4.444
Chris Olave,Drake London,Juwan Johnson,Kyle Pitts Sr.,Nick Folk,Saints,1,1,-10.2106,1.7399
Chris Olave,Austin Hooper,Bryce Lance,Daniel Carlson,Drake London,Tyler Shough,1,1,-8.6742,8.0867
Tyler Shough,Chris Blair,Chris Olave,Juwan Johnson,Kendre Miller,Michael Penix Jr.,1,1,-10.8241,0.9421
Kendre Miller,Devaughn Vele,Drake London,Michael Penix Jr.,Nick Folk,Tyler Shough,1,1,-10.8452,0.9224
Tyler Shough,Chris Olave,Daniel Carlson,Drake London,Falcons,Kendre Miller,1,1,-9.2234,4.6693
Saints,Bijan Robinson,Chris Olave,Drake London,Kendre Miller,Kyle Pitts Sr.,1,1,-10.9153,0.86
Nick Folk,Alvin Kamara,Bijan Robinson,Daniel Carlson,Falcons,Saints,1,1,-13.0479,0.1019
Bijan Robinson,Daniel Carlson,Nick Folk,Saints,Travis Etienne Jr.,Tyler Shough,1,1,-15.6744,0.0074
Michael Penix Jr.,Chris Olave,Daniel Carlson,Drake London,Falcons,Kyle Pitts Sr.,1,1,-10.5739,1.2099
Tyler Shough,Alvin Kamara,Drake London,Kendre Miller,Michael Penix Jr.,Saints,1,1,-9.9505,2.2567
Tyler Shough,Daniel Carlson,Drake London,Kyle Pitts Sr.,Michael Penix Jr.,Nick Folk,1,1,-9.129,5.1314
Michael Penix Jr.,Devaughn Vele,Drake London,Falcons,Kendre Miller,Tyler Shough,1,1,-10.6846,1.0832
Michael Penix Jr.,Bryce Lance,Chris Olave,Drake London,Falcons,Juwan Johnson,1,1,-9.81,2.5973
Nick Folk,Alvin Kamara,Juwan Johnson,Michael Penix Jr.,Saints,Tyler Shough,1,1,-11.7276,0.3817
Tyler Shough,Cedric Tillman,Chris Olave,Drake London,Michael Penix Jr.,Zamir White,1,1,-19.2514,0.0002
Kyle Pitts Sr.,Bijan Robinson,Kendre Miller,Michael Penix Jr.,Noah Fant,Tyler Shough,1,1,-13.1127,0.0955
Falcons,Bijan Robinson,Chris Olave,Drake London,Kendre Miller,Saints,1,1,-11.6417,0.4159
Drake London,Chris Olave,Devaughn Vele,Jack Strand,Kendre Miller,Nick Folk,1,1,-15.9958,0.0053
Kyle Pitts Sr.,Bijan Robinson,Bryce Lance,CJ Donaldson,Chris Olave,Kendre Miller,1,1,-11.6032,0.4323
Drake London,Alvin Kamara,Jahan Dotson,Kendre Miller,Michael Penix Jr.,Oscar Delp,1,1,-10.7283,1.0367
Nick Folk,Chris Olave,Juwan Johnson,Michael Penix Jr.,Saints,Tyler Shough,1,1,-10.9883,0.7994
Drake London,CJ Donaldson,Chris Olave,Juwan Johnson,Saints,Tyler Shough,1,1,-10.1142,1.916
Drake London,Alvin Kamara,Falcons,Nick Folk,Tua Tagovailoa,Tyler Shough,1,1,-15.86,0.0061
Saints,Alvin Kamara,Drake London,Juwan Johnson,Michael Penix Jr.,Tyler Shough,1,1,-9.9501,2.2577
Saints,Bijan Robinson,Chris Olave,Juwan Johnson,Michael Penix Jr.,Noah Fant,1,1,-13.2103,0.0866
Tyler Shough,Austin Hooper,Barion Brown,Bijan Robinson,Charlie Woerner,Devaughn Vele,1,1,-14.4534,0.025
Drake London,Bijan Robinson,Juwan Johnson,Kendre Miller,Nick Folk,Saints,1,1,-10.2551,1.6642
Kyle Pitts Sr.,Chris Olave,Drake London,Kendre Miller,Michael Penix Jr.,Nick Folk,1,1,-10.4937,1.311
Bryce Lance,Alvin Kamara,Daniel Carlson,Devaughn Vele,Juwan Johnson,Michael Penix Jr.,1,1,-11.9719,0.2989
Chris Olave,Austin Hooper,Juwan Johnson,Michael Penix Jr.,Saints,Tyler Shough,1,1,-9.3642,4.056
Chris Olave,Drake London,Juwan Johnson,Saints,Treyton Welch,Tyler Shough,1,1,-11.367,0.5474
Drake London,Chris Olave,Daniel Carlson,Falcons,Kendre Miller,Tyler Shough,1,1,-9.1417,5.0669
Chris Olave,Drake London,Juwan Johnson,Kevin Austin Jr.,Saints,Tyler Shough,1,1,-10.8742,0.8961
Tyler Shough,Bijan Robinson,Daniel Carlson,Khalil Herbert,Michael Penix Jr.,Zamir White,1,1,-18.1749,0.0006
Michael Penix Jr.,Bijan Robinson,Kendre Miller,Kyle Pitts Sr.,Saints,Tyler Shough,1,1,-10.821,0.945
Kyle Pitts Sr.,Chris Olave,Falcons,Jahan Dotson,Michael Penix Jr.,Nick Folk,1,1,-11.2109,0.6399
Devaughn Vele,Drake London,Juwan Johnson,Kyle Pitts Sr.,Saints,Tyler Shough,1,1,-10.5647,1.2211
Tyler Shough,Bijan Robinson,Daniel Carlson,Kendre Miller,Michael Penix Jr.,Saints,1,1,-9.5211,3.4672
Tyler Shough,Bryce Lance,Devaughn Vele,Drake London,Kendre Miller,Michael Penix Jr.,1,1,-9.1423,5.064
Kendre Miller,Chris Olave,Drake London,Michael Penix Jr.,Tyler Shough,Zachariah Branch,1,1,-11.4293,0.5143
Juwan Johnson,Devaughn Vele,Drake London,Kendre Miller,Kyle Pitts Sr.,Michael Penix Jr.,1,1,-10.5218,1.2746
Chris Olave,Kendre Miller,Kyle Pitts Sr.,Michael Penix Jr.,Olamide Zaccheaus,Tyler Shough,1,1,-9.8743,2.4355
Chris Olave,Kendre Miller,Kyle Pitts Sr.,Michael Penix Jr.,Noah Fant,Tyler Shough,1,1,-12.5541,0.167
Chris Olave,Bryce Lance,Juwan Johnson,Michael Penix Jr.,Saints,Tyler Shough,1,1,-8.631,8.4441
Drake London,Chris Olave,Michael Penix Jr.,Olamide Zaccheaus,Oscar Delp,Tyler Shough,1,1,-8.9638,6.0537
Daniel Carlson,Drake London,Juwan Johnson,Michael Penix Jr.,Nick Folk,Tyler Shough,1,1,-10.6037,1.1743
Drake London,Charlie Smyth,Charlie Woerner,Chris Olave,Michael Penix Jr.,Tyler Shough,1,1,-14.3198,0.0286
Drake London,Bryce Lance,Juwan Johnson,Michael Penix Jr.,Nick Folk,Tyler Shough,1,1,-8.2834,11.9537
Drake London,Juwan Johnson,Kyle Pitts Sr.,Michael Penix Jr.,Tyler Shough,Zachariah Branch,1,1,-10.2036,1.7521
Chris Olave,Daniel Carlson,Drake London,Kendre Miller,Michael Penix Jr.,Zachariah Branch,1,1,-10.9413,0.8379
Chris Olave,Drake London,Kendre Miller,Michael Penix Jr.,Nick Folk,Noah Fant,1,1,-12.9588,0.1114
Drake London,Chris Olave,Falcons,Kendre Miller,Michael Penix Jr.,Nick Folk,1,1,-9.9692,2.2149
Bijan Robinson,Daniel Carlson,Jahan Dotson,Kendre Miller,Kyle Pitts Sr.,Saints,1,1,-11.0644,0.7408
Tyler Shough,Chris Olave,Falcons,Juwan Johnson,Kendre Miller,Kyle Pitts Sr.,1,1,-9.6833,2.9481
Tyler Shough,Chris Olave,Daniel Carlson,Drake London,Kendre Miller,Zachariah Branch,1,1,-10.3767,1.4736
Michael Penix Jr.,Chris Olave,Drake London,Kyle Pitts Sr.,Nick Folk,Noah Fant,1,1,-13.7447,0.0508
Drake London,Jahan Dotson,Juwan Johnson,Michael Penix Jr.,Saints,Tyler Shough,1,1,-9.3428,4.1439
Tyler Shough,Chris Olave,Devaughn Vele,Juwan Johnson,Olamide Zaccheaus,Saints,1,1,-10.0385,2.0667
Drake London,Austin Hooper,Devaughn Vele,Kendre Miller,Michael Penix Jr.,Tyler Shough,1,1,-9.7938,2.6395
Saints,Alvin Kamara,Chris Olave,Falcons,Juwan Johnson,Tyler Shough,1,1,-10.4911,1.3144
Drake London,Bryce Lance,Devaughn Vele,Michael Penix Jr.,Tyler Shough,Zachariah Branch,1,1,-10.2037,1.752
Saints,Bijan Robinson,Drake London,Falcons,Juwan Johnson,Tyler Shough,1,1,-10.0153,2.1152
Kendre Miller,Bijan Robinson,Juwan Johnson,Michael Penix Jr.,Saints,Tyler Shough,1,1,-10.6107,1.1662
Kyle Pitts Sr.,Bijan Robinson,Daniel Carlson,Drake London,Michael Penix Jr.,Saints,1,1,-10.509,1.2911
Drake London,Bryce Lance,Devaughn Vele,Kendre Miller,Michael Penix Jr.,Tyler Shough,1,1,-9.0606,5.4952
Daniel Carlson,Alvin Kamara,Bijan Robinson,Falcons,Nick Folk,Saints,1,1,-13.1921,0.0882
Kyle Pitts Sr.,Bijan Robinson,Charlie Smyth,Drake London,Kendre Miller,Michael Penix Jr.,1,1,-14.4389,0.0254
Saints,Alvin Kamara,Chris Olave,Kendre Miller,Michael Penix Jr.,Tyler Shough,1,1,-10.4643,1.3501
Nick Folk,Chris Olave,Daniel Carlson,Devaughn Vele,Saints,Tyler Shough,1,1,-11.7893,0.3589
Kyle Pitts Sr.,Devaughn Vele,Juwan Johnson,Kendre Miller,Michael Penix Jr.,Tyler Shough,1,1,-10.2872,1.6116
Chris Olave,Daniel Carlson,Drake London,Juwan Johnson,Nick Folk,Saints,1,1,-9.8367,2.5288
Saints,Bijan Robinson,Chris Olave,Falcons,Juwan Johnson,Kyle Pitts Sr.,1,1,-10.991,0.7973
Juwan Johnson,Chris Olave,Devaughn Vele,Drake London,Kendre Miller,Saints,1,1,-10.6278,1.1464
Bijan Robinson,Bryce Lance,Daniel Carlson,Drake London,Falcons,Oscar Delp,1,1,-9.4568,3.6976
Chris Olave,Chris Blair,Juwan Johnson,Kendre Miller,Kyle Pitts Sr.,Tyler Shough,1,1,-11.5126,0.4732
Drake London,Chris Olave,Juwan Johnson,Noah Fant,Olamide Zaccheaus,Tyler Shough,1,1,-12.0296,0.2822
Tyler Shough,Alvin Kamara,Daniel Carlson,Falcons,Kendre Miller,Michael Penix Jr.,1,1,-10.0116,2.1231
Drake London,Bijan Robinson,Daniel Carlson,Falcons,Michael Penix Jr.,Saints,1,1,-9.9845,2.1812
Daniel Carlson,Bijan Robinson,Chris Olave,Falcons,Nick Folk,Saints,1,1,-12.4529,0.1848
Daniel Carlson,Brian Robinson Jr.,Juwan Johnson,Michael Penix Jr.,Saints,Tyler Shough,1,1,-11.6997,0.3925
Tyler Shough,Bijan Robinson,Daniel Carlson,Drake London,Oscar Delp,Saints,1,1,-9.3808,3.9894
Kyle Pitts Sr.,Charlie Smyth,Devaughn Vele,Drake London,Michael Penix Jr.,Tyler Shough,1,1,-13.9093,0.0431
Kyle Pitts Sr.,Chris Olave,Devaughn Vele,Drake London,Nick Folk,Saints,1,1,-11.3093,0.5799
Travis Etienne Jr.,Bijan Robinson,Chris Olave,Kendre Miller,Kevin Austin Jr.,Tyler Shough,1,1,-16.9844,0.002
Tyler Shough,Chris Olave,Falcons,Juwan Johnson,Michael Penix Jr.,Saints,1,1,-9.2869,4.382
Tyler Shough,Drake London,Juwan Johnson,Michael Penix Jr.,Nick Folk,Olamide Zaccheaus,1,1,-9.2492,4.5507
Chris Olave,Bryce Lance,Kyle Pitts Sr.,Michael Penix Jr.,Olamide Zaccheaus,Tyler Shough,1,1,-9.2478,4.5569
Drake London,Bryce Lance,Chris Olave,Falcons,Michael Penix Jr.,Nick Folk,1,1,-9.3427,4.1441
Chris Olave,Daniel Carlson,Drake London,Kyle Pitts Sr.,Michael Penix Jr.,Saints,1,1,-9.9503,2.2572
Saints,Chris Olave,Devaughn Vele,Kyle Pitts Sr.,Michael Penix Jr.,Tyler Shough,1,1,-10.4346,1.3907
Chris Olave,Bryce Lance,Drake London,Juwan Johnson,Michael Penix Jr.,Saints,1,1,-9.1864,4.8456
Michael Penix Jr.,Austin Hooper,Devaughn Vele,Drake London,Kendre Miller,Tyler Shough,1,1,-10.8016,0.9636
Kyle Pitts Sr.,Chris Olave,Michael Penix Jr.,Nick Folk,Olamide Zaccheaus,Tyler Shough,1,1,-10.1958,1.7658
Chris Olave,Daniel Carlson,Devaughn Vele,Drake London,Kendre Miller,Saints,1,1,-10.6139,1.1625
Chris Olave,Daniel Carlson,Falcons,Juwan Johnson,Travis Etienne Jr.,Tyler Shough,1,1,-15.3131,0.0106
Tua Tagovailoa,Bijan Robinson,Devaughn Vele,Drake London,Nick Folk,Spencer Rattler,1,1,-21.7834,0.0
Drake London,Chris Olave,Devaughn Vele,Kevin Austin Jr.,Michael Penix Jr.,Saints,1,1,-11.8831,0.3267
Drake London,Bryce Lance,Daniel Carlson,Devaughn Vele,Juwan Johnson,Michael Penix Jr.,1,1,-9.1482,5.0342
Devaughn Vele,Daniel Carlson,Drake London,Juwan Johnson,Saints,Tyler Shough,1,1,-10.1907,1.7748
Tyler Shough,Bryce Lance,Chris Olave,Kendre Miller,Kyle Pitts Sr.,Michael Penix Jr.,1,1,-9.0299,5.6661
Drake London,Brian Robinson Jr.,Daniel Carlson,Juwan Johnson,Nick Folk,Saints,1,1,-10.5852,1.1964
Drake London,Juwan Johnson,Michael Penix Jr.,Nick Folk,Olamide Zaccheaus,Tyler Shough,1,1,-9.1674,4.9382
Drake London,Daniel Carlson,Juwan Johnson,Michael Penix Jr.,Tyler Shough,Zachariah Branch,1,1,-9.8297,2.5464
Chris Olave,Daniel Carlson,Juwan Johnson,Kendre Miller,Kyle Pitts Sr.,Nick Folk,1,1,-10.2819,1.6202
Chris Olave,Alvin Kamara,Bryce Lance,Olamide Zaccheaus,Saints,Tyler Shough,1,1,-10.0931,1.9569
Falcons,Bijan Robinson,Chris Olave,Daniel Carlson,Nick Folk,Saints,1,1,-11.7145,0.3867
Chris Olave,Falcons,Kyle Pitts Sr.,Michael Penix Jr.,Saints,Tyler Shough,1,1,-9.9384,2.2843
Drake London,Falcons,Kyle Pitts Sr.,Michael Penix Jr.,Nick Folk,Tyler Shough,1,1,-9.5908,3.2336
Tyler Shough,Bijan Robinson,Falcons,Kendre Miller,Michael Penix Jr.,Saints,1,1,-10.0646,2.0135
Tyler Shough,Bijan Robinson,Charlie Smyth,Juwan Johnson,Kyle Pitts Sr.,Saints,1,1,-13.6401,0.0564
Kendre Miller,Chris Olave,Daniel Carlson,Drake London,Kyle Pitts Sr.,Tyler Shough,1,1,-10.4607,1.3549
Juwan Johnson,Daniel Carlson,Drake London,Falcons,Michael Penix Jr.,Tyler Shough,1,1,-9.0496,5.5556
Daniel Carlson,Chris Olave,Drake London,Juwan Johnson,Saints,Tyler Shough,1,1,-10.8604,0.9085
Noah Fant,Chris Olave,Daniel Carlson,Drake London,Juwan Johnson,Tyler Shough,1,1,-12.3983,0.1952
Drake London,Bryce Lance,Chris Olave,Juwan Johnson,Saints,Tyler Shough,1,1,-8.5401,9.2475
Saints,Chris Olave,Devaughn Vele,Juwan Johnson,Kyle Pitts Sr.,Tyler Shough,1,1,-10.4717,1.3401
Tyler Shough,Austin Hooper,Daniel Carlson,Drake London,Juwan Johnson,Michael Penix Jr.,1,1,-8.8751,6.6149
Kyle Pitts Sr.,Chris Olave,Juwan Johnson,Nick Folk,Travis Etienne Jr.,Tyler Shough,1,1,-16.0188,0.0052
Drake London,Barion Brown,Juwan Johnson,Michael Penix Jr.,Nick Folk,Tyler Shough,1,1,-11.2156,0.6369
Tyler Shough,Chris Olave,Falcons,Kyle Pitts Sr.,Michael Penix Jr.,Olamide Zaccheaus,1,1,-9.9038,2.3648
Michael Penix Jr.,Bryce Lance,Drake London,Juwan Johnson,Kyle Pitts Sr.,Tyler Shough,1,1,-9.4418,3.7534
Drake London,Devaughn Vele,Kendre Miller,Kevin Austin Jr.,Michael Penix Jr.,Tyler Shough,1,1,-11.3526,0.5553
Tyler Shough,Drake London,Juwan Johnson,Kyle Pitts Sr.,Michael Penix Jr.,Olamide Zaccheaus,1,1,-9.3998,3.9143
Tyler Shough,Chris Olave,Drake London,Michael Penix Jr.,Oscar Delp,Saints,1,1,-9.1198,5.179
Kyle Pitts Sr.,Drake London,Falcons,Juwan Johnson,Michael Penix Jr.,Tyler Shough,1,1,-9.7443,2.7735
Chris Olave,Juwan Johnson,Kendre Miller,Nick Folk,Saints,Tyler Shough,1,1,-9.835,2.533
Kendre Miller,Bijan Robinson,Charlie Smyth,Juwan Johnson,Kyle Pitts Sr.,Tyler Shough,1,1,-14.7151,0.0192
Michael Penix Jr.,Chris Olave,Falcons,Juwan Johnson,Saints,Tyler Shough,1,1,-10.213,1.7358
Juwan Johnson,Bryce Lance,Drake London,Kyle Pitts Sr.,Michael Penix Jr.,Tyler Shough,1,1,-8.8073,7.0792
Drake London,Bijan Robinson,Charlie Smyth,Juwan Johnson,Nick Folk,Saints,1,1,-13.9631,0.0408
Michael Penix Jr.,Drake London,Falcons,Kyle Pitts Sr.,Nick Folk,Tyler Shough,1,1,-10.5986,1.1804
Michael Penix Jr.,Bijan Robinson,Daniel Carlson,Drake London,Kendre Miller,Saints,1,1,-11.0025,0.7882
Drake London,Chris Olave,Falcons,Michael Penix Jr.,Nick Folk,Olamide Zaccheaus,1,1,-10.2268,1.712
Kendre Miller,Chris Olave,Drake London,Michael Penix Jr.,Olamide Zaccheaus,Tyler Shough,1,1,-10.5437,1.2469
Barion Brown,Bijan Robinson,Bryce Lance,Chris Olave,Oscar Delp,Tyler Shough,1,1,-13.9077,0.0431
Juwan Johnson,Drake London,Michael Penix Jr.,Nick Folk,Olamide Zaccheaus,Tyler Shough,1,1,-9.5407,3.4
Michael Penix Jr.,Chris Olave,Daniel Carlson,Drake London,Kyle Pitts Sr.,Noah Fant,1,1,-13.5215,0.0635
Tyler Shough,Chris Olave,Daniel Carlson,Kyle Pitts Sr.,Michael Penix Jr.,Saints,1,1,-9.4346,3.7804
Tyler Shough,Bryce Lance,Daniel Carlson,Devaughn Vele,Juwan Johnson,Nick Folk,1,1,-9.2521,4.5375
Daniel Carlson,Bijan Robinson,Bryce Lance,Chris Olave,Kendre Miller,Zachariah Branch,1,1,-12.9783,0.1093
Juwan Johnson,Austin Hooper,Chris Olave,Drake London,Saints,Tyler Shough,1,1,-9.6466,3.0583
Drake London,Barion Brown,Chris Olave,Falcons,Michael Penix Jr.,Nick Folk,1,1,-12.275,0.2208
Juwan Johnson,Bryce Lance,Chris Olave,Drake London,Saints,Tyler Shough,1,1,-8.9133,6.367
Kendre Miller,Bijan Robinson,Chris Olave,Daniel Carlson,Nick Folk,Saints,1,1,-11.7041,0.3908
Falcons,Chris Olave,Daniel Carlson,Drake London,Kyle Pitts Sr.,Michael Penix Jr.,1,1,-11.0753,0.7328
Drake London,Alvin Kamara,Juwan Johnson,Saints,Tua Tagovailoa,Tyler Shough,1,1,-15.6616,0.0075
Drake London,Bryce Lance,Chris Olave,Kendre Miller,Kyle Pitts Sr.,Michael Penix Jr.,1,1,-9.5036,3.5283
Saints,Bijan Robinson,Drake London,Falcons,Juwan Johnson,Michael Penix Jr.,1,1,-10.6195,1.1559
Drake London,Chris Olave,Juwan Johnson,Olamide Zaccheaus,Saints,Tyler Shough,1,1,-9.4241,3.8202
Drake London,Chris Olave,Daniel Carlson,Michael Penix Jr.,Nick Folk,Saints,1,1,-9.7576,2.7368
Michael Penix Jr.,Drake London,Juwan Johnson,Kyle Pitts Sr.,Olamide Zaccheaus,Tyler Shough,1,1,-10.3258,1.5506
Michael Penix Jr.,Chris Blair,Chris Olave,Drake London,Saints,Tyler Shough,1,1,-11.9961,0.2918
Chris Olave,Bryce Lance,Daniel Carlson,Drake London,Saints,Tyler Shough,1,1,-8.8993,6.4566
Drake London,Chris Olave,Falcons,Kyle Pitts Sr.,Saints,Tyler Shough,1,1,-9.8475,2.5016
Tyler Shough,Daniel Carlson,Drake London,Juwan Johnson,Michael Penix Jr.,Oscar Delp,1,1,-8.6769,8.0648
Tyler Shough,Bijan Robinson,Drake London,Kendre Miller,Noah Fant,Saints,1,1,-12.9633,0.1109
Tyler Shough,Chris Olave,Daniel Carlson,Juwan Johnson,Kyle Pitts Sr.,Saints,1,1,-9.4717,3.6429
Saints,Bijan Robinson,Daniel Carlson,Juwan Johnson,Nick Folk,Tyler Shough,1,1,-10.0982,1.9468
Juwan Johnson,Chris Olave,Kendre Miller,Michael Penix Jr.,Saints,Tyler Shough,1,1,-9.5887,3.2406
Chris Olave,Bryce Lance,Kyle Pitts Sr.,Michael Penix Jr.,Saints,Tyler Shough,1,1,-9.3221,4.2304
Travis Etienne Jr.,Bijan Robinson,Bryce Lance,Daniel Carlson,Drake London,Tyler Shough,1,1,-14.4954,0.024
Oscar Delp,Chris Olave,Drake London,Michael Penix Jr.,Tyler Shough,Zachariah Branch,1,1,-12.7851,0.1326
Kyle Pitts Sr.,Chris Olave,Michael Penix Jr.,Nick Folk,Saints,Tyler Shough,1,1,-10.2702,1.6393
Juwan Johnson,Daniel Carlson,Devaughn Vele,Drake London,Saints,Tyler Shough,1,1,-9.8755,2.4325
Chris Olave,CJ Donaldson,Drake London,Saints,Tyler Shough,Zachariah Branch,1,1,-12.1703,0.2452
Kyle Pitts Sr.,Austin Hooper,Chris Olave,Falcons,Michael Penix Jr.,Tyler Shough,1,1,-10.3653,1.4906
Drake London,Devaughn Vele,Juwan Johnson,Kyle Pitts Sr.,Michael Penix Jr.,Saints,1,1,-10.4805,1.3284
Kendre Miller,Bijan Robinson,Daniel Carlson,Drake London,Saints,Tyler Shough,1,1,-10.8791,0.8917
Drake London,CJ Donaldson,Daniel Carlson,Kyle Pitts Sr.,Michael Penix Jr.,Tyler Shough,1,1,-10.3254,1.5512
Kendre Miller,Drake London,Juwan Johnson,Michael Penix Jr.,Nick Folk,Tyler Shough,1,1,-10.3985,1.4419
Drake London,Daniel Carlson,Kendre Miller,Michael Penix Jr.,Nick Folk,Tyler Shough,1,1,-9.2271,4.652
Drake London,Juwan Johnson,Kendre Miller,Michael Penix Jr.,Tyler Shough,Zachariah Branch,1,1,-10.3835,1.4637
Chris Olave,Drake London,Falcons,Kendre Miller,Saints,Tyler Shough,1,1,-10.0693,2.0039
Drake London,Bijan Robinson,Charlie Smyth,Daniel Carlson,Michael Penix Jr.,Saints,1,1,-13.7028,0.053
Michael Penix Jr.,Chris Olave,Daniel Carlson,Kyle Pitts Sr.,Saints,Tyler Shough,1,1,-10.3606,1.4975
Drake London,Alvin Kamara,Kendre Miller,Kyle Pitts Sr.,Saints,Tyler Shough,1,1,-10.597,1.1822
Michael Penix Jr.,Charlie Smyth,Chris Olave,Kendre Miller,Kyle Pitts Sr.,Tyler Shough,1,1,-14.2905,0.0294
Drake London,Austin Hooper,Chris Olave,Daniel Carlson,Kendre Miller,Michael Penix Jr.,1,1,-9.863,2.4632
Falcons,Alvin Kamara,Drake London,Juwan Johnson,Michael Penix Jr.,Olamide Zaccheaus,1,1,-11.9347,0.3103
Michael Penix Jr.,Devaughn Vele,Drake London,Falcons,Saints,Tyler Shough,1,1,-11.0165,0.7772
Michael Penix Jr.,Devaughn Vele,Juwan Johnson,Kendre Miller,Kyle Pitts Sr.,Nick Folk,1,1,-11.7828,0.3612
Noah Fant,Chris Olave,Drake London,Juwan Johnson,Kendre Miller,Tyler Shough,1,1,-12.9521,0.1122
Tyler Shough,Austin Hooper,Drake London,Juwan Johnson,Kendre Miller,Michael Penix Jr.,1,1,-9.4288,3.8023
Drake London,Chris Olave,Kyle Pitts Sr.,Michael Penix Jr.,Spencer Rattler,Zachariah Branch,1,1,-16.6235,0.0029
Tyler Shough,Daniel Carlson,Drake London,Kendre Miller,Kyle Pitts Sr.,Michael Penix Jr.,1,1,-9.4595,3.6874
Drake London,Bryce Lance,Chris Olave,Daniel Carlson,Kendre Miller,Michael Penix Jr.,1,1,-9.1297,5.128
Saints,Bijan Robinson,Chris Olave,Daniel Carlson,Falcons,Nick Folk,1,1,-11.1576,0.6749
Tyler Shough,Bryce Lance,Drake London,Juwan Johnson,Kendre Miller,Michael Penix Jr.,1,1,-8.6956,7.9158
Olamide Zaccheaus,Chris Olave,Daniel Carlson,Devaughn Vele,Michael Penix Jr.,Nick Folk,1,1,-12.9771,0.1094
Michael Penix Jr.,Daniel Carlson,Drake London,Juwan Johnson,Noah Fant,Tyler Shough,1,1,-12.6317,0.1545
Chris Olave,Daniel Carlson,Drake London,Olamide Zaccheaus,Saints,Tyler Shough,1,1,-9.7834,2.6673
Chris Olave,Daniel Carlson,Drake London,Oscar Delp,Saints,Tyler Shough,1,1,-9.4344,3.7811
Michael Penix Jr.,Drake London,Juwan Johnson,Kendre Miller,Tyler Shough,Zachariah Branch,1,1,-11.3912,0.5343
Chris Olave,Kyle Pitts Sr.,Michael Penix Jr.,Noah Fant,Saints,Tyler Shough,1,1,-12.886,0.1198
Drake London,Kyle Pitts Sr.,Michael Penix Jr.,Nick Folk,Noah Fant,Tyler Shough,1,1,-12.5384,0.1697
Chris Olave,Devaughn Vele,Olamide Zaccheaus,Saints,Tyler Shough,Zachariah Branch,1,1,-12.0128,0.287
Juwan Johnson,Chris Olave,Daniel Carlson,Falcons,Kyle Pitts Sr.,Nick Folk,1,1,-10.6029,1.1753
Devaughn Vele,Barion Brown,Daniel Carlson,Juwan Johnson,Kyle Pitts Sr.,Tyler Shough,1,1,-12.9417,0.1134
Drake London,Charlie Smyth,Devaughn Vele,Juwan Johnson,Noah Fant,Tyler Shough,1,1,-16.3695,0.0037
Michael Penix Jr.,Alvin Kamara,Charlie Smyth,Drake London,Kendre Miller,Kyle Pitts Sr.,1,1,-15.5852,0.0081
Saints,Chris Olave,Devaughn Vele,Kendre Miller,Michael Penix Jr.,Tyler Shough,1,1,-10.6144,1.1619
Drake London,Devaughn Vele,Juwan Johnson,Kendre Miller,Saints,Tyler Shough,1,1,-10.056,2.0308
Michael Penix Jr.,Chris Olave,Daniel Carlson,Drake London,Kyle Pitts Sr.,Saints,1,1,-10.916,0.8593
Michael Penix Jr.,Chris Olave,Drake London,Kendre Miller,Kyle Pitts Sr.,Noah Fant,1,1,-14.0752,0.0365
Kyle Pitts Sr.,Drake London,Kendre Miller,Michael Penix Jr.,Nick Folk,Tyler Shough,1,1,-10.2951,1.599
Kyle Pitts Sr.,Drake London,Juwan Johnson,Michael Penix Jr.,Olamide Zaccheaus,Tyler Shough,1,1,-10.0121,2.1219
Kendre Miller,Alvin Kamara,Drake London,Juwan Johnson,Saints,Tyler Shough,1,1,-11.3944,0.5326
Saints,Bijan Robinson,Drake London,Falcons,Michael Penix Jr.,Nick Folk,1,1,-11.1601,0.6733
Saints,Chris Olave,Daniel Carlson,Devaughn Vele,Nick Folk,Tyler Shough,1,1,-10.6383,1.1345
Devaughn Vele,Charlie Smyth,Drake London,Michael Penix Jr.,Saints,Tyler Shough,1,1,-14.4155,0.026
Juwan Johnson,Daniel Carlson,Devaughn Vele,Falcons,Jahan Dotson,Kyle Pitts Sr.,1,1,-11.5933,0.4365
Michael Penix Jr.,Austin Hooper,Drake London,Juwan Johnson,Kendre Miller,Tyler Shough,1,1,-10.3549,1.5062
Michael Penix Jr.,Chris Olave,Drake London,Falcons,Nick Folk,Saints,1,1,-11.3089,0.5802
Chris Olave,Bryce Lance,Drake London,Kendre Miller,Saints,Tyler Shough,1,1,-9.4531,3.7113
Tyler Shough,Charlie Smyth,Chris Olave,Drake London,Kyle Pitts Sr.,Saints,1,1,-13.6475,0.056
Saints,Chris Olave,Devaughn Vele,Drake London,Kendre Miller,Michael Penix Jr.,1,1,-11.1698,0.6667
Kendre Miller,Chris Olave,Daniel Carlson,Kyle Pitts Sr.,Nick Folk,Tyler Shough,1,1,-11.0871,0.7242
Bryce Lance,Chris Olave,Drake London,Michael Penix Jr.,Saints,Tyler Shough,1,1,-10.9443,0.8354
Drake London,Juwan Johnson,Kendre Miller,Michael Penix Jr.,Olamide Zaccheaus,Tyler Shough,1,1,-9.4979,3.5485
Michael Penix Jr.,Austin Hooper,Bryce Lance,Drake London,Juwan Johnson,Tyler Shough,1,1,-9.7284,2.8181
Bijan Robinson,Daniel Carlson,Falcons,Kendre Miller,Nick Folk,Saints,1,1,-11.133,0.6917
Tyler Shough,Devaughn Vele,Drake London,Kendre Miller,Nick Folk,Saints,1,1,-10.6782,1.09
Kyle Pitts Sr.,Chris Olave,Drake London,Kendre Miller,Saints,Tyler Shough,1,1,-10.5518,1.237
Chris Olave,Charlie Smyth,Drake London,Kendre Miller,Saints,Tyler Shough,1,1,-13.7876,0.0486
Daniel Carlson,Bijan Robinson,Drake London,Falcons,Nick Folk,Saints,1,1,-12.8097,0.1294
Drake London,Kyle Pitts Sr.,Michael Penix Jr.,Nick Folk,Saints,Tyler Shough,1,1,-9.933,2.2967
Kyle Pitts Sr.,Drake London,Juwan Johnson,Michael Penix Jr.,Saints,Tyler Shough,1,1,-10.0865,1.9699
Devaughn Vele,Daniel Carlson,Juwan Johnson,Kendre Miller,Kyle Pitts Sr.,Nick Folk,1,1,-11.8178,0.3488
Drake London,Alvin Kamara,Daniel Carlson,Kendre Miller,Michael Penix Jr.,Saints,1,1,-10.8274,0.939
Kyle Pitts Sr.,Austin Hooper,Bijan Robinson,Daniel Carlson,Saints,Tyler Shough,1,1,-10.9684,0.8155
Kendre Miller,Bijan Robinson,Daniel Carlson,Nick Folk,Saints,Tyler Shough,1,1,-11.5055,0.4766
Tyler Shough,Drake London,Falcons,Kyle Pitts Sr.,Michael Penix Jr.,Oscar Delp,1,1,-9.9116,2.3463
Daniel Carlson,Bijan Robinson,Falcons,Michael Penix Jr.,Nick Folk,Saints,1,1,-12.8585,0.1232
Michael Penix Jr.,Charlie Smyth,Drake London,Juwan Johnson,Kyle Pitts Sr.,Nick Folk,1,1,-14.9582,0.0151
Michael Penix Jr.,Daniel Carlson,Drake London,Juwan Johnson,Kendre Miller,Kyle Pitts Sr.,1,1,-11.0269,0.7692
Falcons,Chris Olave,Daniel Carlson,Drake London,Saints,Tyler Shough,1,1,-10.9828,0.8039
Saints,Chris Olave,Devaughn Vele,Kendre Miller,Kyle Pitts Sr.,Tyler Shough,1,1,-11.3426,0.5609
Tyler Shough,Devaughn Vele,Kyle Pitts Sr.,Michael Penix Jr.,Saints,Zachariah Branch,1,1,-12.0209,0.2847
Kyle Pitts Sr.,Bijan Robinson,Bryce Lance,Drake London,Kendre Miller,Oscar Delp,1,1,-10.9209,0.8551
Saints,Daniel Carlson,Devaughn Vele,Drake London,Juwan Johnson,Tyler Shough,1,1,-10.4545,1.3633
Drake London,Daniel Carlson,Kyle Pitts Sr.,Michael Penix Jr.,Saints,Tyler Shough,1,1,-9.7097,2.8712
Juwan Johnson,Chris Olave,Kyle Pitts Sr.,Saints,Travis Etienne Jr.,Tyler Shough,1,1,-16.3603,0.0037
Juwan Johnson,Barion Brown,Chris Olave,Jahan Dotson,Kyle Pitts Sr.,Olamide Zaccheaus,1,1,-13.8312,0.0466
Juwan Johnson,Bryce Lance,Chris Blair,Chris Olave,Kendre Miller,Tyler Shough,1,1,-11.3972,0.5311
Saints,Chris Olave,Daniel Carlson,Juwan Johnson,Nick Folk,Tyler Shough,1,1,-10.1916,1.7734
Drake London,Daniel Carlson,Falcons,Michael Penix Jr.,Travis Etienne Jr.,Tyler Shough,1,1,-15.5908,0.008
Tyler Shough,Bryce Lance,Devaughn Vele,Drake London,Kendre Miller,Olamide Zaccheaus,1,1,-10.3079,1.5787
Falcons,Austin Hooper,Bijan Robinson,Daniel Carlson,Kendre Miller,Michael Penix Jr.,1,1,-12.2255,0.232
Drake London,Charlie Woerner,Chris Olave,Kevin Austin Jr.,Michael Penix Jr.,Zachariah Branch,1,1,-14.9328,0.0155
Tyler Shough,Charlie Woerner,Drake London,Juwan Johnson,Michael Penix Jr.,Saints,1,1,-11.4681,0.4948
Kyle Pitts Sr.,Daniel Carlson,Devaughn Vele,Falcons,Juwan Johnson,Nick Folk,1,1,-11.8131,0.3504
Drake London,Kendre Miller,Michael Penix Jr.,Nick Folk,Saints,Tyler Shough,1,1,-10.1128,1.9187
Juwan Johnson,Daniel Carlson,Drake London,Kyle Pitts Sr.,Saints,Tyler Shough,1,1,-10.12,1.905
Drake London,Austin Hooper,Juwan Johnson,Kendre Miller,Kyle Pitts Sr.,Michael Penix Jr.,1,1,-10.6796,1.0885
Juwan Johnson,Devaughn Vele,Falcons,Kendre Miller,Kyle Pitts Sr.,Nick Folk,1,1,-12.046,0.2776
Tyler Shough,Alvin Kamara,Cooper Rush,Juwan Johnson,Travis Etienne Jr.,Tua Tagovailoa,1,1,-29.5538,0.0
Michael Penix Jr.,Bryce Lance,CJ Donaldson,Devaughn Vele,Olamide Zaccheaus,Tyler Shough,1,1,-12.2304,0.2309
Drake London,Kendre Miller,Kyle Pitts Sr.,Michael Penix Jr.,Saints,Tyler Shough,1,1,-10.2634,1.6504
Michael Penix Jr.,Chris Olave,Falcons,Juwan Johnson,Kendre Miller,Saints,1,1,-11.7253,0.3826
Michael Penix Jr.,Bryce Lance,Devaughn Vele,Kendre Miller,Olamide Zaccheaus,Tyler Shough,1,1,-11.2828,0.5955
Drake London,Daniel Carlson,Kendre Miller,Michael Penix Jr.,Saints,Tyler Shough,1,1,-9.8895,2.3987
Kendre Miller,Chris Olave,Daniel Carlson,Drake London,Juwan Johnson,Saints,1,1,-11.6137,0.4277
Brian Robinson Jr.,Bryce Lance,Daniel Carlson,Falcons,Nick Folk,Saints,1,1,-13.567,0.0607
Saints,Charlie Smyth,Chris Olave,Juwan Johnson,Nick Folk,Tyler Shough,1,1,-14.4533,0.025
Tua Tagovailoa,Alvin Kamara,Devaughn Vele,Drake London,Jack Strand,Zach Wilson,1,1,-30.2709,0.0
Tyler Shough,Daniel Carlson,Drake London,Juwan Johnson,Saints,Travis Etienne Jr.,1,1,-16.0517,0.0051
Saints,Chris Olave,Daniel Carlson,Falcons,Nick Folk,Tyler Shough,1,1,-11.0523,0.7499
Tyler Shough,Daniel Carlson,Falcons,Michael Penix Jr.,Nick Folk,Saints,1,1,-10.5874,1.1936
Michael Penix Jr.,Alvin Kamara,Chris Blair,Kendre Miller,Kyle Pitts Sr.,Moliki Matavao,1,1,-24.1375,0.0
Drake London,Austin Hooper,Juwan Johnson,Kyle Pitts Sr.,Nick Folk,Saints,1,1,-11.5891,0.4384
Nick Folk,Daniel Carlson,Falcons,Michael Penix Jr.,Saints,Tyler Shough,1,1,-12.609,0.1581
Juwan Johnson,Daniel Carlson,Devaughn Vele,Kendre Miller,Kyle Pitts Sr.,Saints,1,1,-12.1649,0.2465
Kendre Miller,Chris Olave,Falcons,Kyle Pitts Sr.,Michael Penix Jr.,Saints,1,1,-12.8973,0.1185
Nick Folk,Brian Robinson Jr.,Charlie Smyth,Daniel Carlson,Kendre Miller,Saints,1,1,-18.2244,0.0006
Kendre Miller,Austin Hooper,Brian Robinson Jr.,Bryce Lance,Olamide Zaccheaus,Zachariah Branch,1,1,-15.3348,0.0104
Travis Etienne Jr.,Cooper Rush,Devaughn Vele,Drake London,Jack Strand,Spencer Rattler,1,1,-36.1956,0.0
Mason Tipton,Cal Adomitis,Jack Velling,Moliki Matavao,Nick Muse,Stone Smartt,1,1,-53.032,0.0
